solid OpenSCAD_Model
  facet normal -0.554383 -0.829697 0.0652847
    outer loop
      vertex 3.00257 0.808293 0.478315
      vertex 2.35056 1.24395 0.478315
      vertex 3 0.803848 0.4
    endloop
  endfacet
  facet normal 0.849594 -0.418995 0.320365
    outer loop
      vertex 45.7731 3.72138 0.629609
      vertex 45.4286 3.02284 0.629609
      vertex 45.4504 3.01022 0.555291
    endloop
  endfacet
  facet normal -0.194675 -0.978696 0.0652409
    outer loop
      vertex 4.44841 0.209404 0.478315
      vertex 4.44709 0.204446 0.4
      vertex 5.21751 0.0564203 0.478315
    endloop
  endfacet
  facet normal -0.554384 -0.829697 0.065276
    outer loop
      vertex 2.35056 1.24395 0.478315
      vertex 2.34743 1.23988 0.4
      vertex 3 0.803848 0.4
    endloop
  endfacet
  facet normal 0.980788 -0.195075 0
    outer loop
      vertex 46.0676 4.44709 0.4
      vertex 46.2207 5.21684 0
      vertex 46.2207 5.21684 0.4
    endloop
  endfacet
  facet normal 0.980788 -0.195075 0
    outer loop
      vertex 46.2207 5.21684 0
      vertex 46.0676 4.44709 0.4
      vertex 46.0676 4.44709 0
    endloop
  endfacet
  facet normal -0.241899 -0.712612 0.658536
    outer loop
      vertex 3.77115 0.619082 0.824264
      vertex 3.75135 0.571273 0.765256
      vertex 4.49257 0.374193 0.824264
    endloop
  endfacet
  facet normal 0.0654272 0.00428757 0.997848
    outer loop
      vertex 45.7503 112.196 0.994866
      vertex 45.6258 112.901 1
      vertex 45.672 112.196 1
    endloop
  endfacet
  facet normal 0.788352 0.52642 0.318407
    outer loop
      vertex 45.0159 115.836 0.555291
      vertex 44.9959 115.821 0.629609
      vertex 45.4286 115.173 0.629609
    endloop
  endfacet
  facet normal -0.0544167 -0.830236 0.554749
    outer loop
      vertex 5.23303 0.174258 0.765256
      vertex 5.22734 0.131028 0.7
      vertex 6 0.123988 0.765256
    endloop
  endfacet
  facet normal -0.191357 -0.962014 0.194708
    outer loop
      vertex 4.45238 0.224194 0.555291
      vertex 4.44841 0.209404 0.478315
      vertex 5.21751 0.0564203 0.478315
    endloop
  endfacet
  facet normal -0.555573 0 0.831468
    outer loop
      vertex 0.234744 112.196 0.876012
      vertex 0.3 6 0.919615
      vertex 0.3 112.196 0.919615
    endloop
  endfacet
  facet normal -0.555573 0 0.831468
    outer loop
      vertex 0.3 6 0.919615
      vertex 0.234744 112.196 0.876012
      vertex 0.234744 6 0.876012
    endloop
  endfacet
  facet normal 0.0210687 -0.0620693 -0.997849
    outer loop
      vertex 42.3685 0.938697 -0.194866
      vertex 41.6899 0.708354 -0.194866
      vertex 42.3385 1.01105 -0.2
    endloop
  endfacet
  facet normal -0.0643314 0.0127932 -0.997847
    outer loop
      vertex 0.646198 112.901 -0.2
      vertex 0.568553 112.911 -0.194866
      vertex 0.708354 113.614 -0.194866
    endloop
  endfacet
  facet normal -0.146767 0.128792 -0.980751
    outer loop
      vertex 1.65376 115.531 -0.194866
      vertex 1.59269 115.578 -0.179555
      vertex 2.07182 116.124 -0.179555
    endloop
  endfacet
  facet normal 0.0365003 0.0545462 -0.997844
    outer loop
      vertex 43.5593 116.48 -0.2
      vertex 42.972 116.873 -0.2
      vertex 43.607 116.542 -0.194866
    endloop
  endfacet
  facet normal -0.711771 0.624276 0.321966
    outer loop
      vertex 1.77182 116.424 0.555291
      vertex 1.2561 115.836 0.555291
      vertex 1.78965 116.406 0.629609
    endloop
  endfacet
  facet normal -0.00428754 -0.0654148 0.997849
    outer loop
      vertex 6 0.6 1
      vertex 5.29516 0.646198 1
      vertex 6 0.521685 0.994866
    endloop
  endfacet
  facet normal 0.321433 -0.946932 0
    outer loop
      vertex 41.8249 0.204446 0
      vertex 42.5681 0.456723 0.4
      vertex 41.8249 0.204446 0.4
    endloop
  endfacet
  facet normal 0.321433 -0.946932 0
    outer loop
      vertex 42.5681 0.456723 0.4
      vertex 41.8249 0.204446 0
      vertex 42.5681 0.456723 0
    endloop
  endfacet
  facet normal 0.0545247 -0.0364296 0.997848
    outer loop
      vertex 44.9485 3.3 1
      vertex 44.5561 2.71269 1
      vertex 44.6182 2.66501 0.994866
    endloop
  endfacet
  facet normal 0.590641 0.672802 0.445512
    outer loop
      vertex 43.8968 116.92 0.629609
      vertex 43.8756 116.892 0.7
      vertex 44.4823 116.406 0.629609
    endloop
  endfacet
  facet normal 0.38448 -0.02522 -0.922789
    outer loop
      vertex 46.272 6 0
      vertex 45.8534 5.26519 -0.154327
      vertex 45.9016 6 -0.154327
    endloop
  endfacet
  facet normal 0.162491 -0.10857 0.980719
    outer loop
      vertex 45.083 3.22235 0.979555
      vertex 44.6182 2.66501 0.994866
      vertex 44.6793 2.61815 0.979555
    endloop
  endfacet
  facet normal -0.191359 -0.962017 0.194693
    outer loop
      vertex 5.21951 0.0716009 0.555291
      vertex 4.45238 0.224194 0.555291
      vertex 5.21751 0.0564203 0.478315
    endloop
  endfacet
  facet normal -0.162541 -0.108605 0.980707
    outer loop
      vertex 1.65376 2.66501 0.994866
      vertex 1.18898 3.22235 0.979555
      vertex 1.59269 2.61815 0.979555
    endloop
  endfacet
  facet normal -0.384488 -0.0252001 -0.922786
    outer loop
      vertex 0.418552 5.26519 -0.154327
      vertex 0 6 0
      vertex 0.370391 6 -0.154327
    endloop
  endfacet
  facet normal -0.377881 0.0751904 -0.922796
    outer loop
      vertex 0.418552 112.931 -0.154327
      vertex 0.204446 113.749 0
      vertex 0.562215 113.653 -0.154327
    endloop
  endfacet
  facet normal -0.213996 0.320292 -0.922832
    outer loop
      vertex 2.57291 116.662 -0.154327
      vertex 2.34743 116.956 0
      vertex 3 117.392 0
    endloop
  endfacet
  facet normal -0.305226 0.103656 0.946622
    outer loop
      vertex 0.798919 114.35 0.954328
      vertex 0.562215 113.653 0.954328
      vertex 0.634001 113.634 0.979555
    endloop
  endfacet
  facet normal -0.142034 0.287745 -0.947116
    outer loop
      vertex 3.87408 117.328 -0.179555
      vertex 3.1852 117.071 -0.154327
      vertex 3.84564 117.397 -0.154327
    endloop
  endfacet
  facet normal 0.064846 0.995831 0.0641582
    outer loop
      vertex 41.0552 118.145 0.4
      vertex 40.272 118.196 0.4
      vertex 41.0545 118.14 0.478315
    endloop
  endfacet
  facet normal 0.320359 -0.214047 -0.922797
    outer loop
      vertex 45.4682 3 0
      vertex 44.7383 2.57291 -0.154327
      vertex 45.1474 3.1852 -0.154327
    endloop
  endfacet
  facet normal 0.995706 0.0652359 0.065675
    outer loop
      vertex 46.2207 112.979 0.4
      vertex 46.2156 112.978 0.478315
      vertex 46.272 112.196 0.4
    endloop
  endfacet
  facet normal -0.0654154 0 -0.997858
    outer loop
      vertex 0.521685 6 -0.194866
      vertex 0.6 112.196 -0.2
      vertex 0.6 6 -0.2
    endloop
  endfacet
  facet normal -0.0654154 0 -0.997858
    outer loop
      vertex 0.6 112.196 -0.2
      vertex 0.521685 6 -0.194866
      vertex 0.521685 112.196 -0.194866
    endloop
  endfacet
  facet normal -0.288414 -0.849641 0.441507
    outer loop
      vertex 3.73466 0.530989 0.7
      vertex 3.72138 0.498919 0.629609
      vertex 4.46789 0.282091 0.7
    endloop
  endfacet
  facet normal -0.054506 -0.0364199 -0.997849
    outer loop
      vertex 1.65376 2.66501 -0.194866
      vertex 1.32346 3.3 -0.2
      vertex 1.71589 2.71269 -0.2
    endloop
  endfacet
  facet normal -0.26779 -0.178932 -0.946716
    outer loop
      vertex 1.53373 2.57291 -0.154327
      vertex 1.12461 3.1852 -0.154327
      vertex 1.59269 2.61815 -0.179555
    endloop
  endfacet
  facet normal -0.418084 -0.625697 0.658566
    outer loop
      vertex 3.08787 0.956039 0.824264
      vertex 2.42291 1.33825 0.765256
      vertex 3.06199 0.911224 0.765256
    endloop
  endfacet
  facet normal 0.0381432 -0.191752 0.980702
    outer loop
      vertex 41.6899 0.708354 0.994866
      vertex 40.9871 0.568553 0.994866
      vertex 40.9971 0.492235 0.979555
    endloop
  endfacet
  facet normal 0.555551 -0.831482 0
    outer loop
      vertex 43.272 0.803848 0
      vertex 43.9246 1.23988 0.4
      vertex 43.272 0.803848 0.4
    endloop
  endfacet
  facet normal 0.555551 -0.831482 0
    outer loop
      vertex 43.9246 1.23988 0.4
      vertex 43.272 0.803848 0
      vertex 43.9246 1.23988 0
    endloop
  endfacet
  facet normal 0.0652609 -0.99573 0.0652845
    outer loop
      vertex 41.0545 0.0564203 0.478315
      vertex 40.272 0 0.4
      vertex 41.0552 0.0513315 0.4
    endloop
  endfacet
  facet normal 0.397488 -0.196024 0.896425
    outer loop
      vertex 45.4731 3.84564 0.954328
      vertex 45.1474 3.1852 0.954328
      vertex 45.5381 3.8187 0.919615
    endloop
  endfacet
  facet normal 0.332404 0.673901 0.659822
    outer loop
      vertex 43.21 117.285 0.765256
      vertex 42.5207 117.625 0.765256
      vertex 43.1841 117.24 0.824264
    endloop
  endfacet
  facet normal 0.0654639 0.00429407 0.997846
    outer loop
      vertex 45.7034 112.911 0.994866
      vertex 45.6258 112.901 1
      vertex 45.7503 112.196 0.994866
    endloop
  endfacet
  facet normal 0.946897 0.321537 0
    outer loop
      vertex 46.0676 113.749 0.4
      vertex 45.8153 114.492 0
      vertex 45.8153 114.492 0.4
    endloop
  endfacet
  facet normal 0.946897 0.321537 0
    outer loop
      vertex 45.8153 114.492 0
      vertex 46.0676 113.749 0.4
      vertex 46.0676 113.749 0
    endloop
  endfacet
  facet normal 0.321443 0.0210797 -0.946694
    outer loop
      vertex 45.9016 112.196 -0.154327
      vertex 45.8273 112.196 -0.179555
      vertex 45.8534 112.931 -0.154327
    endloop
  endfacet
  facet normal 0.946922 -0.321463 0
    outer loop
      vertex 45.8153 3.7039 0.4
      vertex 46.0676 4.44709 0
      vertex 46.0676 4.44709 0.4
    endloop
  endfacet
  facet normal 0.946922 -0.321463 0
    outer loop
      vertex 46.0676 4.44709 0
      vertex 45.8153 3.7039 0.4
      vertex 45.8153 3.7039 0
    endloop
  endfacet
  facet normal -0.0652643 -0.995732 0.0652596
    outer loop
      vertex 5.21751 0.0564203 0.478315
      vertex 5.21684 0.0513315 0.4
      vertex 6 0 0.4
    endloop
  endfacet
  facet normal -0.24616 -0.368404 0.896484
    outer loop
      vertex 2.57291 1.53373 0.954328
      vertex 2.53006 1.47789 0.919615
      vertex 3.1852 1.12461 0.954328
    endloop
  endfacet
  facet normal -0.195075 0.0127871 -0.980705
    outer loop
      vertex 0.521685 112.196 -0.194866
      vertex 0.492235 112.921 -0.179555
      vertex 0.568553 112.911 -0.194866
    endloop
  endfacet
  facet normal -0.0748023 0.377799 -0.922861
    outer loop
      vertex 4.54295 117.634 -0.154327
      vertex 4.44709 117.992 0
      vertex 5.26519 117.777 -0.154327
    endloop
  endfacet
  facet normal 0.345685 0.170332 -0.922762
    outer loop
      vertex 45.4731 114.35 -0.154327
      vertex 45.1474 115.011 -0.154327
      vertex 45.4682 115.196 0
    endloop
  endfacet
  facet normal -0.241629 0.711494 0.659842
    outer loop
      vertex 4.49257 117.822 0.824264
      vertex 3.75135 117.625 0.765256
      vertex 3.77115 117.577 0.824264
    endloop
  endfacet
  facet normal -0.624828 0.711854 0.320709
    outer loop
      vertex 2.35988 116.94 0.555291
      vertex 1.78965 116.406 0.629609
      vertex 2.37524 116.92 0.629609
    endloop
  endfacet
  facet normal 0.0367229 0.0549736 0.997812
    outer loop
      vertex 43.0112 116.94 0.994866
      vertex 42.972 116.873 1
      vertex 43.607 116.542 0.994866
    endloop
  endfacet
  facet normal -0.0491013 0.746556 0.663509
    outer loop
      vertex 6 118.02 0.824264
      vertex 5.23303 118.022 0.765256
      vertex 5.23978 117.97 0.824264
    endloop
  endfacet
  facet normal -0.0212151 0.0623201 0.997831
    outer loop
      vertex 4.58211 117.488 0.994866
      vertex 3.90354 117.257 0.994866
      vertex 3.93351 117.185 1
    endloop
  endfacet
  facet normal 0.377892 -0.0751348 -0.922796
    outer loop
      vertex 46.0676 4.44709 0
      vertex 45.7098 4.54295 -0.154327
      vertex 45.8534 5.26519 -0.154327
    endloop
  endfacet
  facet normal 0.0381432 -0.191752 -0.980702
    outer loop
      vertex 40.9971 0.492235 -0.179555
      vertex 40.9871 0.568553 -0.194866
      vertex 41.6899 0.708354 -0.194866
    endloop
  endfacet
  facet normal 0.527033 -0.17893 0.830795
    outer loop
      vertex 45.7778 4.52473 0.919615
      vertex 45.5381 3.8187 0.919615
      vertex 45.8408 4.50784 0.876012
    endloop
  endfacet
  facet normal 0.978789 0.0642096 0.194547
    outer loop
      vertex 46.2669 112.196 0.478315
      vertex 46.2156 112.978 0.478315
      vertex 46.2516 112.196 0.555291
    endloop
  endfacet
  facet normal -0.128959 0.147085 -0.980681
    outer loop
      vertex 2.66501 116.542 -0.194866
      vertex 2.07182 116.124 -0.179555
      vertex 2.61815 116.603 -0.179555
    endloop
  endfacet
  facet normal -0.36841 -0.246163 0.896481
    outer loop
      vertex 1.12461 3.1852 0.954328
      vertex 1.06366 3.15 0.919615
      vertex 1.47789 2.53006 0.919615
    endloop
  endfacet
  facet normal -0.320753 -0.944914 0.0652273
    outer loop
      vertex 4.44841 0.209404 0.478315
      vertex 3.7039 0.456723 0.4
      vertex 4.44709 0.204446 0.4
    endloop
  endfacet
  facet normal 0 -0.442289 0.896873
    outer loop
      vertex 6 0.370391 0.954328
      vertex 40.272 0.3 0.919615
      vertex 40.272 0.370391 0.954328
    endloop
  endfacet
  facet normal 0 -0.442289 0.896873
    outer loop
      vertex 40.272 0.3 0.919615
      vertex 6 0.370391 0.954328
      vertex 6 0.3 0.919615
    endloop
  endfacet
  facet normal -0.315287 -0.928805 0.194719
    outer loop
      vertex 4.45238 0.224194 0.555291
      vertex 3.70586 0.461466 0.478315
      vertex 4.44841 0.209404 0.478315
    endloop
  endfacet
  facet normal -0.418904 -0.849456 0.320849
    outer loop
      vertex 3.72138 0.498919 0.629609
      vertex 3.01022 0.821553 0.555291
      vertex 3.71172 0.475612 0.555291
    endloop
  endfacet
  facet normal -0.544942 -0.815567 0.194648
    outer loop
      vertex 3.01022 0.821553 0.555291
      vertex 2.35056 1.24395 0.478315
      vertex 3.00257 0.808293 0.478315
    endloop
  endfacet
  facet normal -0.0289764 -0.442103 0.896496
    outer loop
      vertex 6 0.370391 0.954328
      vertex 5.26519 0.418552 0.954328
      vertex 6 0.3 0.919615
    endloop
  endfacet
  facet normal 0 -0.555573 0.831468
    outer loop
      vertex 6 0.3 0.919615
      vertex 40.272 0.234744 0.876012
      vertex 40.272 0.3 0.919615
    endloop
  endfacet
  facet normal 0 -0.555573 0.831468
    outer loop
      vertex 40.272 0.234744 0.876012
      vertex 6 0.3 0.919615
      vertex 6 0.234744 0.876012
    endloop
  endfacet
  facet normal 0 -0.0654154 0.997858
    outer loop
      vertex 6 0.6 1
      vertex 40.272 0.521685 0.994866
      vertex 40.272 0.6 1
    endloop
  endfacet
  facet normal 0 -0.0654154 0.997858
    outer loop
      vertex 40.272 0.521685 0.994866
      vertex 6 0.6 1
      vertex 6 0.521685 0.994866
    endloop
  endfacet
  facet normal -0.384488 0.0251936 -0.922786
    outer loop
      vertex 0.370391 112.196 -0.154327
      vertex 0 112.196 0
      vertex 0.418552 112.931 -0.154327
    endloop
  endfacet
  facet normal -0.292094 -0.333073 0.896517
    outer loop
      vertex 2.01927 2.01927 0.954328
      vertex 1.96949 1.96949 0.919615
      vertex 2.53006 1.47789 0.919615
    endloop
  endfacet
  facet normal -0.320377 -0.214068 -0.922786
    outer loop
      vertex 1.23988 2.34743 0
      vertex 0.803848 3 0
      vertex 1.53373 2.57291 -0.154327
    endloop
  endfacet
  facet normal -0.657941 -0.750234 0.0652852
    outer loop
      vertex 2.35056 1.24395 0.478315
      vertex 1.75736 1.75736 0.4
      vertex 2.34743 1.23988 0.4
    endloop
  endfacet
  facet normal 0.368593 -0.246268 0.896377
    outer loop
      vertex 45.1474 3.1852 0.954328
      vertex 44.7941 2.53006 0.919615
      vertex 45.2083 3.15 0.919615
    endloop
  endfacet
  facet normal 0.0429338 0.04901 0.997875
    outer loop
      vertex 44.1458 116.07 0.994866
      vertex 43.607 116.542 0.994866
      vertex 44.0904 116.014 1
    endloop
  endfacet
  facet normal 0.441657 0.89515 0.0603832
    outer loop
      vertex 43.272 117.392 0.4
      vertex 42.5661 117.735 0.478315
      vertex 43.2694 117.388 0.478315
    endloop
  endfacet
  facet normal 0.544673 0.816131 0.193035
    outer loop
      vertex 43.9214 116.952 0.478315
      vertex 43.2618 117.374 0.555291
      vertex 43.9121 116.94 0.555291
    endloop
  endfacet
  facet normal 0.14685 0.73797 0.658662
    outer loop
      vertex 41.7928 117.872 0.765256
      vertex 41.039 118.022 0.765256
      vertex 41.7794 117.822 0.824264
    endloop
  endfacet
  facet normal 0.751787 0.659406 0
    outer loop
      vertex 45.0321 115.849 0.4
      vertex 44.5146 116.439 0
      vertex 44.5146 116.439 0.4
    endloop
  endfacet
  facet normal 0.751787 0.659406 0
    outer loop
      vertex 44.5146 116.439 0
      vertex 45.0321 115.849 0.4
      vertex 45.0321 115.849 0
    endloop
  endfacet
  facet normal -0.0256619 0.384829 -0.922631
    outer loop
      vertex 6 117.826 -0.154327
      vertex 5.26519 117.777 -0.154327
      vertex 6 118.196 0
    endloop
  endfacet
  facet normal 0.195026 0 0.980798
    outer loop
      vertex 45.7503 112.196 0.994866
      vertex 45.8273 6 0.979555
      vertex 45.8273 112.196 0.979555
    endloop
  endfacet
  facet normal 0.195026 0 0.980798
    outer loop
      vertex 45.8273 6 0.979555
      vertex 45.7503 112.196 0.994866
      vertex 45.7503 6 0.994866
    endloop
  endfacet
  facet normal 0.19501 0.0127765 0.980718
    outer loop
      vertex 45.7798 112.921 0.979555
      vertex 45.7503 112.196 0.994866
      vertex 45.8273 112.196 0.979555
    endloop
  endfacet
  facet normal 0.896286 0.303984 0.3229
    outer loop
      vertex 46.0478 113.744 0.555291
      vertex 45.7731 114.475 0.629609
      vertex 46.0234 113.737 0.629609
    endloop
  endfacet
  facet normal 0.647767 0.12886 0.750862
    outer loop
      vertex 45.8978 113.703 0.824264
      vertex 45.8408 113.688 0.876012
      vertex 46.0464 112.956 0.824264
    endloop
  endfacet
  facet normal 0.978648 0.194586 0.0662158
    outer loop
      vertex 46.2207 112.979 0.4
      vertex 46.0676 113.749 0.4
      vertex 46.2156 112.978 0.478315
    endloop
  endfacet
  facet normal 0.384602 0 -0.923083
    outer loop
      vertex 45.9016 6 -0.154327
      vertex 46.272 112.196 0
      vertex 46.272 6 0
    endloop
  endfacet
  facet normal 0.384602 0 -0.923083
    outer loop
      vertex 46.272 112.196 0
      vertex 45.9016 6 -0.154327
      vertex 45.9016 112.196 -0.154327
    endloop
  endfacet
  facet normal 0.170428 -0.345575 -0.922785
    outer loop
      vertex 43.272 0.803848 0
      vertex 42.4264 0.798919 -0.154327
      vertex 43.0868 1.12461 -0.154327
    endloop
  endfacet
  facet normal 0.320771 -0.944895 0.0654176
    outer loop
      vertex 42.5661 0.461466 0.478315
      vertex 41.8236 0.209404 0.478315
      vertex 42.5681 0.456723 0.4
    endloop
  endfacet
  facet normal -0.659348 -0.751838 0
    outer loop
      vertex 1.75736 1.75736 0
      vertex 2.34743 1.23988 0.4
      vertex 1.75736 1.75736 0.4
    endloop
  endfacet
  facet normal -0.659348 -0.751838 -0
    outer loop
      vertex 2.34743 1.23988 0.4
      vertex 1.75736 1.75736 0
      vertex 2.34743 1.23988 0
    endloop
  endfacet
  facet normal -0.555569 -0.83147 0
    outer loop
      vertex 2.34743 1.23988 0
      vertex 3 0.803848 0.4
      vertex 2.34743 1.23988 0.4
    endloop
  endfacet
  facet normal -0.555569 -0.83147 -0
    outer loop
      vertex 3 0.803848 0.4
      vertex 2.34743 1.23988 0
      vertex 3 0.803848 0
    endloop
  endfacet
  facet normal -0.0643392 0.0127938 -0.997846
    outer loop
      vertex 0.784001 113.594 -0.2
      vertex 0.646198 112.901 -0.2
      vertex 0.708354 113.614 -0.194866
    endloop
  endfacet
  facet normal -0.321373 0.021058 -0.946718
    outer loop
      vertex 0.444709 112.196 -0.179555
      vertex 0.370391 112.196 -0.154327
      vertex 0.418552 112.931 -0.154327
    endloop
  endfacet
  facet normal -0.384509 0.0252074 -0.922777
    outer loop
      vertex 0.418552 112.931 -0.154327
      vertex 0 112.196 0
      vertex 0.0513315 112.979 0
    endloop
  endfacet
  facet normal -0.461872 0.308636 0.831515
    outer loop
      vertex 1.42612 115.706 0.876012
      vertex 1.00714 115.079 0.876012
      vertex 1.47789 115.666 0.919615
    endloop
  endfacet
  facet normal -0.21146 0.241184 -0.947161
    outer loop
      vertex 2.07182 116.124 -0.179555
      vertex 2.01927 116.177 -0.154327
      vertex 2.61815 116.603 -0.179555
    endloop
  endfacet
  facet normal -0.593452 0.292381 0.749885
    outer loop
      vertex 0.956039 115.108 0.824264
      vertex 0.673597 114.402 0.876012
      vertex 1.00714 115.079 0.876012
    endloop
  endfacet
  facet normal 0.0546428 0.827891 0.55822
    outer loop
      vertex 40.272 118.116 0.7
      vertex 40.272 118.072 0.765256
      vertex 41.0447 118.065 0.7
    endloop
  endfacet
  facet normal -0.0654268 0.00428871 0.997848
    outer loop
      vertex 0.568553 112.911 0.994866
      vertex 0.521685 112.196 0.994866
      vertex 0.646198 112.901 1
    endloop
  endfacet
  facet normal -0.0654148 0.00428657 0.997849
    outer loop
      vertex 0.646198 112.901 1
      vertex 0.521685 112.196 0.994866
      vertex 0.6 112.196 1
    endloop
  endfacet
  facet normal 0.315292 0.926733 0.204345
    outer loop
      vertex 42.5661 117.735 0.478315
      vertex 41.8196 117.972 0.555291
      vertex 42.5603 117.72 0.555291
    endloop
  endfacet
  facet normal 0.0649798 0.997887 -0
    outer loop
      vertex 41.0552 118.145 0
      vertex 40.272 118.196 0.4
      vertex 41.0552 118.145 0.4
    endloop
  endfacet
  facet normal 0.0649798 0.997887 0
    outer loop
      vertex 40.272 118.196 0.4
      vertex 41.0552 118.145 0
      vertex 40.272 118.196 0
    endloop
  endfacet
  facet normal -0.497638 0.744273 0.445437
    outer loop
      vertex 3.02284 117.353 0.629609
      vertex 2.37524 116.92 0.629609
      vertex 2.39637 116.892 0.7
    endloop
  endfacet
  facet normal -0.0643392 0.0127938 0.997846
    outer loop
      vertex 0.708354 113.614 0.994866
      vertex 0.646198 112.901 1
      vertex 0.784001 113.594 1
    endloop
  endfacet
  facet normal 0.242257 -0.212446 -0.946667
    outer loop
      vertex 44.2527 2.01927 -0.154327
      vertex 44.2002 2.07182 -0.179555
      vertex 44.6793 2.61815 -0.179555
    endloop
  endfacet
  facet normal 0.0654639 0.00429407 -0.997846
    outer loop
      vertex 45.7503 112.196 -0.194866
      vertex 45.6258 112.901 -0.2
      vertex 45.7034 112.911 -0.194866
    endloop
  endfacet
  facet normal 0.0431757 -0.658726 0.751143
    outer loop
      vertex 40.272 0.234744 0.876012
      vertex 40.272 0.175736 0.824264
      vertex 41.0245 0.284066 0.876012
    endloop
  endfacet
  facet normal -0.928934 -0.184778 0.320841
    outer loop
      vertex 0.0966129 5.22281 0.629609
      vertex 0.0716009 5.21951 0.555291
      vertex 0.224194 4.45238 0.555291
    endloop
  endfacet
  facet normal -0.304971 -0.103523 -0.946718
    outer loop
      vertex 0.798919 3.84564 -0.154327
      vertex 0.634001 4.56219 -0.179555
      vertex 0.86758 3.87408 -0.179555
    endloop
  endfacet
  facet normal 0.321514 0 -0.946905
    outer loop
      vertex 45.8273 6 -0.179555
      vertex 45.9016 112.196 -0.154327
      vertex 45.9016 6 -0.154327
    endloop
  endfacet
  facet normal 0.321514 0 -0.946905
    outer loop
      vertex 45.9016 112.196 -0.154327
      vertex 45.8273 6 -0.179555
      vertex 45.8273 112.196 -0.179555
    endloop
  endfacet
  facet normal 0.315824 -0.0627939 -0.946738
    outer loop
      vertex 45.7098 4.54295 -0.154327
      vertex 45.638 4.56219 -0.179555
      vertex 45.8534 5.26519 -0.154327
    endloop
  endfacet
  facet normal 0.978714 -0.0642034 0.194929
    outer loop
      vertex 46.2516 6 0.555291
      vertex 46.2004 5.21951 0.555291
      vertex 46.2156 5.21751 0.478315
    endloop
  endfacet
  facet normal 0.185145 -0.0628532 -0.980699
    outer loop
      vertex 45.4044 3.87408 -0.179555
      vertex 45.3333 3.90354 -0.194866
      vertex 45.638 4.56219 -0.179555
    endloop
  endfacet
  facet normal 0.830255 -0.0543718 0.554725
    outer loop
      vertex 46.148 6 0.765256
      vertex 46.141 5.22734 0.7
      vertex 46.1916 6 0.7
    endloop
  endfacet
  facet normal -0.129348 0.147643 -0.980546
    outer loop
      vertex 2.12625 116.07 -0.194866
      vertex 2.07182 116.124 -0.179555
      vertex 2.66501 116.542 -0.194866
    endloop
  endfacet
  facet normal 0.194964 0.98081 -0
    outer loop
      vertex 41.8249 117.992 0
      vertex 41.0552 118.145 0.4
      vertex 41.8249 117.992 0.4
    endloop
  endfacet
  facet normal 0.194964 0.98081 0
    outer loop
      vertex 41.0552 118.145 0.4
      vertex 41.8249 117.992 0
      vertex 41.0552 118.145 0
    endloop
  endfacet
  facet normal -0.320755 -0.944912 0.0652544
    outer loop
      vertex 3.70586 0.461466 0.478315
      vertex 3.7039 0.456723 0.4
      vertex 4.44841 0.209404 0.478315
    endloop
  endfacet
  facet normal -0.433825 -0.879711 0.194692
    outer loop
      vertex 3.71172 0.475612 0.555291
      vertex 3.01022 0.821553 0.555291
      vertex 3.70586 0.461466 0.478315
    endloop
  endfacet
  facet normal 0.0210639 -0.32137 -0.946719
    outer loop
      vertex 41.0068 0.418552 -0.154327
      vertex 40.272 0.444709 -0.179555
      vertex 40.9971 0.492235 -0.179555
    endloop
  endfacet
  facet normal 0.0289768 -0.442103 0.896496
    outer loop
      vertex 41.0068 0.418552 0.954328
      vertex 40.272 0.3 0.919615
      vertex 41.016 0.348764 0.919615
    endloop
  endfacet
  facet normal -0.0586841 -0.895332 0.441516
    outer loop
      vertex 5.22734 0.131028 0.7
      vertex 5.22281 0.0966129 0.629609
      vertex 6 0.0456724 0.629609
    endloop
  endfacet
  facet normal 0.0210632 -0.321359 0.946723
    outer loop
      vertex 40.9971 0.492235 0.979555
      vertex 40.272 0.444709 0.979555
      vertex 41.0068 0.418552 0.954328
    endloop
  endfacet
  facet normal 0 -0.195084 0.980786
    outer loop
      vertex 6 0.521685 0.994866
      vertex 40.272 0.444709 0.979555
      vertex 40.272 0.521685 0.994866
    endloop
  endfacet
  facet normal 0 -0.195084 0.980786
    outer loop
      vertex 40.272 0.444709 0.979555
      vertex 6 0.521685 0.994866
      vertex 6 0.444709 0.979555
    endloop
  endfacet
  facet normal -0.18511 -0.0628356 0.980707
    outer loop
      vertex 0.938697 3.90354 0.994866
      vertex 0.634001 4.56219 0.979555
      vertex 0.86758 3.87408 0.979555
    endloop
  endfacet
  facet normal -0.242133 -0.21235 0.94672
    outer loop
      vertex 1.59269 2.61815 0.979555
      vertex 1.53373 2.57291 0.954328
      vertex 2.01927 2.01927 0.954328
    endloop
  endfacet
  facet normal -0.142439 -0.288839 0.946722
    outer loop
      vertex 3.87408 0.86758 0.979555
      vertex 3.1852 1.12461 0.954328
      vertex 3.84564 0.798919 0.954328
    endloop
  endfacet
  facet normal -0.00428756 -0.0654149 0.997849
    outer loop
      vertex 5.29516 0.646198 1
      vertex 5.28494 0.568553 0.994866
      vertex 6 0.521685 0.994866
    endloop
  endfacet
  facet normal -0.997858 0.065417 0
    outer loop
      vertex 0 112.196 0
      vertex 0.0513315 112.979 0.4
      vertex 0.0513315 112.979 0
    endloop
  endfacet
  facet normal -0.997858 0.065417 0
    outer loop
      vertex 0.0513315 112.979 0.4
      vertex 0 112.196 0
      vertex 0 112.196 0.4
    endloop
  endfacet
  facet normal -0.849641 -0.288414 0.441507
    outer loop
      vertex 0.530989 3.73466 0.7
      vertex 0.282091 4.46789 0.7
      vertex 0.498919 3.72138 0.629609
    endloop
  endfacet
  facet normal -0.146974 -0.128896 -0.980706
    outer loop
      vertex 2.07182 2.07182 -0.179555
      vertex 1.65376 2.66501 -0.194866
      vertex 2.12625 2.12625 -0.194866
    endloop
  endfacet
  facet normal -0.946931 -0.321437 0
    outer loop
      vertex 0.456723 3.7039 0
      vertex 0.204446 4.44709 0.4
      vertex 0.204446 4.44709 0
    endloop
  endfacet
  facet normal -0.946931 -0.321437 0
    outer loop
      vertex 0.204446 4.44709 0.4
      vertex 0.456723 3.7039 0
      vertex 0.456723 3.7039 0.4
    endloop
  endfacet
  facet normal 0.396801 -0.804701 0.441594
    outer loop
      vertex 43.2492 0.843401 0.629609
      vertex 42.5373 0.530989 0.7
      vertex 42.5506 0.498919 0.629609
    endloop
  endfacet
  facet normal 0.29207 -0.592275 0.750936
    outer loop
      vertex 43.1841 0.956039 0.824264
      vertex 42.4783 0.673597 0.876012
      vertex 42.5008 0.619082 0.824264
    endloop
  endfacet
  facet normal -0.161983 0.108203 0.980843
    outer loop
      vertex 1.65376 115.531 0.994866
      vertex 1.18898 114.974 0.979555
      vertex 1.25564 114.935 0.994866
    endloop
  endfacet
  facet normal 0.0296132 0.444078 0.895499
    outer loop
      vertex 40.272 117.896 0.919615
      vertex 40.272 117.826 0.954328
      vertex 41.0068 117.777 0.954328
    endloop
  endfacet
  facet normal 0.103259 0.303644 0.947174
    outer loop
      vertex 42.4264 117.397 0.954328
      vertex 41.7098 117.562 0.979555
      vertex 42.3979 117.328 0.979555
    endloop
  endfacet
  facet normal 0.499229 0.745716 0.441222
    outer loop
      vertex 43.2492 117.353 0.629609
      vertex 43.2318 117.323 0.7
      vertex 43.8756 116.892 0.7
    endloop
  endfacet
  facet normal 0.554347 0.829741 0.0650306
    outer loop
      vertex 43.9246 116.956 0.4
      vertex 43.272 117.392 0.4
      vertex 43.9214 116.952 0.478315
    endloop
  endfacet
  facet normal 0.242561 0.212613 0.946552
    outer loop
      vertex 44.7383 115.623 0.954328
      vertex 44.2527 116.177 0.954328
      vertex 44.6793 115.578 0.979555
    endloop
  endfacet
  facet normal 0.648312 0.129048 0.750359
    outer loop
      vertex 46.0464 112.956 0.824264
      vertex 45.8408 113.688 0.876012
      vertex 45.9879 112.949 0.876012
    endloop
  endfacet
  facet normal 0.786851 0.52598 0.322817
    outer loop
      vertex 45.4504 115.186 0.555291
      vertex 45.0159 115.836 0.555291
      vertex 45.4286 115.173 0.629609
    endloop
  endfacet
  facet normal 0.321617 0.0210715 -0.946635
    outer loop
      vertex 45.8273 112.196 -0.179555
      vertex 45.7798 112.921 -0.179555
      vertex 45.8534 112.931 -0.154327
    endloop
  endfacet
  facet normal 0.789014 0.26781 0.552933
    outer loop
      vertex 45.741 114.461 0.7
      vertex 45.7007 114.445 0.765256
      vertex 45.9478 113.717 0.765256
    endloop
  endfacet
  facet normal 0.0587616 0.0289544 0.997852
    outer loop
      vertex 45.3333 114.292 0.994866
      vertex 44.9485 114.896 1
      vertex 45.2609 114.262 1
    endloop
  endfacet
  facet normal 0.944874 -0.320768 0.0657318
    outer loop
      vertex 46.0626 4.44841 0.478315
      vertex 45.8153 3.7039 0.4
      vertex 46.0676 4.44709 0.4
    endloop
  endfacet
  facet normal 0.0654278 0 0.997857
    outer loop
      vertex 45.672 112.196 1
      vertex 45.7503 6 0.994866
      vertex 45.7503 112.196 0.994866
    endloop
  endfacet
  facet normal 0.0654278 0 0.997857
    outer loop
      vertex 45.7503 6 0.994866
      vertex 45.672 112.196 1
      vertex 45.672 6 1
    endloop
  endfacet
  facet normal 0.829704 0.0544121 0.555545
    outer loop
      vertex 46.141 112.969 0.7
      vertex 46.0977 112.963 0.765256
      vertex 46.148 112.196 0.765256
    endloop
  endfacet
  facet normal 0.946649 -0 0.322267
    outer loop
      vertex 46.2263 6 0.629609
      vertex 46.2516 112.196 0.555291
      vertex 46.2263 112.196 0.629609
    endloop
  endfacet
  facet normal 0.946649 0 0.322267
    outer loop
      vertex 46.2516 112.196 0.555291
      vertex 46.2263 6 0.629609
      vertex 46.2516 6 0.555291
    endloop
  endfacet
  facet normal 0.442106 0.0289984 0.896494
    outer loop
      vertex 45.9232 112.94 0.919615
      vertex 45.8534 112.931 0.954328
      vertex 45.972 112.196 0.919615
    endloop
  endfacet
  facet normal 0.674736 -0.59167 0.4412
    outer loop
      vertex 44.9683 2.39637 0.7
      vertex 44.4578 1.8142 0.7
      vertex 44.4823 1.78965 0.629609
    endloop
  endfacet
  facet normal 0.879772 -0.433929 0.194185
    outer loop
      vertex 45.7964 3.71172 0.555291
      vertex 45.4504 3.01022 0.555291
      vertex 45.8105 3.70586 0.478315
    endloop
  endfacet
  facet normal 0.554349 -0.829682 0.0657693
    outer loop
      vertex 43.9214 1.24395 0.478315
      vertex 43.272 0.803848 0.4
      vertex 43.9246 1.23988 0.4
    endloop
  endfacet
  facet normal 0.657932 -0.750265 0.0650197
    outer loop
      vertex 44.511 1.76099 0.478315
      vertex 43.9214 1.24395 0.478315
      vertex 44.5146 1.75736 0.4
    endloop
  endfacet
  facet normal -0.195069 0.0127873 -0.980706
    outer loop
      vertex 0.521685 112.196 -0.194866
      vertex 0.444709 112.196 -0.179555
      vertex 0.492235 112.921 -0.179555
    endloop
  endfacet
  facet normal -0.321294 0.0210618 -0.946745
    outer loop
      vertex 0.444709 112.196 -0.179555
      vertex 0.418552 112.931 -0.154327
      vertex 0.492235 112.921 -0.179555
    endloop
  endfacet
  facet normal -0.364815 0.123893 -0.922801
    outer loop
      vertex 0.562215 113.653 -0.154327
      vertex 0.204446 113.749 0
      vertex 0.798919 114.35 -0.154327
    endloop
  endfacet
  facet normal -0.364784 0.123858 -0.922817
    outer loop
      vertex 0.798919 114.35 -0.154327
      vertex 0.204446 113.749 0
      vertex 0.456723 114.492 0
    endloop
  endfacet
  facet normal -0.659023 0.0432076 0.750881
    outer loop
      vertex 0.225564 112.956 0.824264
      vertex 0.175736 112.196 0.824264
      vertex 0.284066 112.949 0.876012
    endloop
  endfacet
  facet normal -0.377973 0.0751598 -0.922761
    outer loop
      vertex 0.418552 112.931 -0.154327
      vertex 0.0513315 112.979 0
      vertex 0.204446 113.749 0
    endloop
  endfacet
  facet normal -0.433042 0.877973 0.204054
    outer loop
      vertex 3.70586 117.735 0.478315
      vertex 3.01022 117.374 0.555291
      vertex 3.71172 117.72 0.555291
    endloop
  endfacet
  facet normal -0.191699 0.0381156 0.980713
    outer loop
      vertex 0.634001 113.634 0.979555
      vertex 0.492235 112.921 0.979555
      vertex 0.708354 113.614 0.994866
    endloop
  endfacet
  facet normal -0.0860518 0.174712 -0.980852
    outer loop
      vertex 3.26084 116.94 -0.194866
      vertex 3.22235 117.007 -0.179555
      vertex 3.87408 117.328 -0.179555
    endloop
  endfacet
  facet normal -0.129348 0.147643 0.980546
    outer loop
      vertex 2.66501 116.542 0.994866
      vertex 2.07182 116.124 0.979555
      vertex 2.12625 116.07 0.994866
    endloop
  endfacet
  facet normal -0.24267 0.212682 -0.946508
    outer loop
      vertex 1.59269 115.578 -0.179555
      vertex 1.53373 115.623 -0.154327
      vertex 2.01927 116.177 -0.154327
    endloop
  endfacet
  facet normal -0.320234 0.213832 -0.92289
    outer loop
      vertex 1.53373 115.623 -0.154327
      vertex 0.803848 115.196 0
      vertex 1.23988 115.849 0
    endloop
  endfacet
  facet normal 0.074988 0.377244 -0.923073
    outer loop
      vertex 41.8249 117.992 0
      vertex 41.0068 117.777 -0.154327
      vertex 41.0552 118.145 0
    endloop
  endfacet
  facet normal 0 1 -0
    outer loop
      vertex 40.272 118.196 0
      vertex 6 118.196 0.4
      vertex 40.272 118.196 0.4
    endloop
  endfacet
  facet normal 0 1 0
    outer loop
      vertex 6 118.196 0.4
      vertex 40.272 118.196 0
      vertex 6 118.196 0
    endloop
  endfacet
  facet normal -0.170438 0.345739 -0.922721
    outer loop
      vertex 3.84564 117.397 -0.154327
      vertex 3 117.392 0
      vertex 3.7039 117.739 0
    endloop
  endfacet
  facet normal 0.0627626 0.942042 0.329572
    outer loop
      vertex 40.272 118.176 0.555291
      vertex 40.272 118.15 0.629609
      vertex 41.0525 118.124 0.555291
    endloop
  endfacet
  facet normal 0.065069 0.97666 0.204696
    outer loop
      vertex 41.0545 118.14 0.478315
      vertex 40.272 118.176 0.555291
      vertex 41.0525 118.124 0.555291
    endloop
  endfacet
  facet normal -0 0.318808 0.947819
    outer loop
      vertex 6 117.826 0.954328
      vertex 40.272 117.751 0.979555
      vertex 40.272 117.826 0.954328
    endloop
  endfacet
  facet normal 0 0.318808 0.947819
    outer loop
      vertex 40.272 117.751 0.979555
      vertex 6 117.826 0.954328
      vertex 6 117.751 0.979555
    endloop
  endfacet
  facet normal -0.659002 0.752141 0
    outer loop
      vertex 2.34743 116.956 0
      vertex 1.75736 116.439 0.4
      vertex 2.34743 116.956 0.4
    endloop
  endfacet
  facet normal -0.659002 0.752141 0
    outer loop
      vertex 1.75736 116.439 0.4
      vertex 2.34743 116.956 0
      vertex 1.75736 116.439 0
    endloop
  endfacet
  facet normal -0.315858 -0.0628283 0.946724
    outer loop
      vertex 0.634001 4.56219 0.979555
      vertex 0.418552 5.26519 0.954328
      vertex 0.562215 4.54295 0.954328
    endloop
  endfacet
  facet normal -0.0643314 0.0127932 0.997847
    outer loop
      vertex 0.708354 113.614 0.994866
      vertex 0.568553 112.911 0.994866
      vertex 0.646198 112.901 1
    endloop
  endfacet
  facet normal -0.254055 -0.289693 -0.922786
    outer loop
      vertex 2.34743 1.23988 0
      vertex 1.75736 1.75736 0
      vertex 2.57291 1.53373 -0.154327
    endloop
  endfacet
  facet normal 0.32075 -0.944921 0.0651458
    outer loop
      vertex 42.5681 0.456723 0.4
      vertex 41.8236 0.209404 0.478315
      vertex 41.8249 0.204446 0.4
    endloop
  endfacet
  facet normal 0 -0.0654154 -0.997858
    outer loop
      vertex 6 0.521685 -0.194866
      vertex 40.272 0.6 -0.2
      vertex 40.272 0.521685 -0.194866
    endloop
  endfacet
  facet normal -0 -0.0654154 -0.997858
    outer loop
      vertex 40.272 0.6 -0.2
      vertex 6 0.521685 -0.194866
      vertex 6 0.6 -0.2
    endloop
  endfacet
  facet normal -0.321444 0 -0.946928
    outer loop
      vertex 0.370391 6 -0.154327
      vertex 0.444709 112.196 -0.179555
      vertex 0.444709 6 -0.179555
    endloop
  endfacet
  facet normal -0.321444 0 -0.946928
    outer loop
      vertex 0.444709 112.196 -0.179555
      vertex 0.370391 6 -0.154327
      vertex 0.370391 112.196 -0.154327
    endloop
  endfacet
  facet normal -0.195084 0 -0.980786
    outer loop
      vertex 0.444709 6 -0.179555
      vertex 0.521685 112.196 -0.194866
      vertex 0.521685 6 -0.194866
    endloop
  endfacet
  facet normal -0.195084 0 -0.980786
    outer loop
      vertex 0.521685 112.196 -0.194866
      vertex 0.444709 6 -0.179555
      vertex 0.444709 112.196 -0.179555
    endloop
  endfacet
  facet normal 0.162491 -0.10857 -0.980719
    outer loop
      vertex 44.6793 2.61815 -0.179555
      vertex 44.6182 2.66501 -0.194866
      vertex 45.083 3.22235 -0.179555
    endloop
  endfacet
  facet normal 1 -0 0
    outer loop
      vertex 46.272 6 0.4
      vertex 46.272 112.196 0
      vertex 46.272 112.196 0.4
    endloop
  endfacet
  facet normal 1 0 0
    outer loop
      vertex 46.272 112.196 0
      vertex 46.272 6 0.4
      vertex 46.272 6 0
    endloop
  endfacet
  facet normal 0.829823 -0.0544221 0.555367
    outer loop
      vertex 46.148 6 0.765256
      vertex 46.0977 5.23303 0.765256
      vertex 46.141 5.22734 0.7
    endloop
  endfacet
  facet normal -0.268024 0.179145 -0.94661
    outer loop
      vertex 1.18898 114.974 -0.179555
      vertex 1.12461 115.011 -0.154327
      vertex 1.59269 115.578 -0.179555
    endloop
  endfacet
  facet normal -0.289451 0.253873 -0.922912
    outer loop
      vertex 1.53373 115.623 -0.154327
      vertex 1.23988 115.849 0
      vertex 1.75736 116.439 0
    endloop
  endfacet
  facet normal -0.320417 0.214197 -0.922742
    outer loop
      vertex 1.12461 115.011 -0.154327
      vertex 0.803848 115.196 0
      vertex 1.53373 115.623 -0.154327
    endloop
  endfacet
  facet normal 0.555523 0.831501 -0
    outer loop
      vertex 43.9246 116.956 0
      vertex 43.272 117.392 0.4
      vertex 43.9246 116.956 0.4
    endloop
  endfacet
  facet normal 0.555523 0.831501 0
    outer loop
      vertex 43.272 117.392 0.4
      vertex 43.9246 116.956 0
      vertex 43.272 117.392 0
    endloop
  endfacet
  facet normal 0.0748049 0.377791 -0.922864
    outer loop
      vertex 41.729 117.634 -0.154327
      vertex 41.0068 117.777 -0.154327
      vertex 41.8249 117.992 0
    endloop
  endfacet
  facet normal 0.00428658 0.0656778 -0.997832
    outer loop
      vertex 40.9768 117.55 -0.2
      vertex 40.272 117.596 -0.2
      vertex 40.272 117.674 -0.194866
    endloop
  endfacet
  facet normal 0.712472 0.625514 0.317987
    outer loop
      vertex 45.0159 115.836 0.555291
      vertex 44.4823 116.406 0.629609
      vertex 44.9959 115.821 0.629609
    endloop
  endfacet
  facet normal 0.123916 0.364637 -0.922868
    outer loop
      vertex 42.4264 117.397 -0.154327
      vertex 41.729 117.634 -0.154327
      vertex 41.8249 117.992 0
    endloop
  endfacet
  facet normal -0.17042 -0.34558 -0.922785
    outer loop
      vertex 3.84564 0.798919 -0.154327
      vertex 3 0.803848 0
      vertex 3.1852 1.12461 -0.154327
    endloop
  endfacet
  facet normal -0.442289 -0.896873 0
    outer loop
      vertex 3 0.803848 0
      vertex 3.7039 0.456723 0.4
      vertex 3 0.803848 0.4
    endloop
  endfacet
  facet normal -0.442289 -0.896873 -0
    outer loop
      vertex 3.7039 0.456723 0.4
      vertex 3 0.803848 0
      vertex 3.7039 0.456723 0
    endloop
  endfacet
  facet normal -0.441346 -0.894962 0.0652473
    outer loop
      vertex 3.70586 0.461466 0.478315
      vertex 3 0.803848 0.4
      vertex 3.7039 0.456723 0.4
    endloop
  endfacet
  facet normal -0.288414 -0.849644 0.441501
    outer loop
      vertex 4.46789 0.282091 0.7
      vertex 3.72138 0.498919 0.629609
      vertex 4.45891 0.248562 0.629609
    endloop
  endfacet
  facet normal -0.367984 -0.746206 0.554766
    outer loop
      vertex 3.75135 0.571273 0.765256
      vertex 3.06199 0.911224 0.765256
      vertex 3.73466 0.530989 0.7
    endloop
  endfacet
  facet normal -0.175046 -0.880018 0.441506
    outer loop
      vertex 4.46789 0.282091 0.7
      vertex 4.45891 0.248562 0.629609
      vertex 5.22281 0.0966129 0.629609
    endloop
  endfacet
  facet normal -0.175044 -0.880013 0.441515
    outer loop
      vertex 5.22734 0.131028 0.7
      vertex 4.46789 0.282091 0.7
      vertex 5.22281 0.0966129 0.629609
    endloop
  endfacet
  facet normal 0 -0.321444 -0.946928
    outer loop
      vertex 6 0.370391 -0.154327
      vertex 40.272 0.444709 -0.179555
      vertex 40.272 0.370391 -0.154327
    endloop
  endfacet
  facet normal -0 -0.321444 -0.946928
    outer loop
      vertex 40.272 0.444709 -0.179555
      vertex 6 0.370391 -0.154327
      vertex 6 0.444709 -0.179555
    endloop
  endfacet
  facet normal -0.0654037 -0.997859 0
    outer loop
      vertex 5.21684 0.0513315 0
      vertex 6 0 0.4
      vertex 5.21684 0.0513315 0.4
    endloop
  endfacet
  facet normal -0.0654037 -0.997859 -0
    outer loop
      vertex 6 0 0.4
      vertex 5.21684 0.0513315 0
      vertex 6 0 0
    endloop
  endfacet
  facet normal 0 -1 0
    outer loop
      vertex 6 0 0
      vertex 40.272 0 0.4
      vertex 6 0 0.4
    endloop
  endfacet
  facet normal 0 -1 -0
    outer loop
      vertex 40.272 0 0.4
      vertex 6 0 0
      vertex 40.272 0 0
    endloop
  endfacet
  facet normal 0.0252005 -0.384488 -0.922786
    outer loop
      vertex 41.0068 0.418552 -0.154327
      vertex 40.272 0 0
      vertex 40.272 0.370391 -0.154327
    endloop
  endfacet
  facet normal 0.0364119 -0.0544916 0.99785
    outer loop
      vertex 43.607 1.65376 0.994866
      vertex 42.972 1.32346 1
      vertex 43.0112 1.25564 0.994866
    endloop
  endfacet
  facet normal 0.212256 -0.625268 0.750991
    outer loop
      vertex 42.4783 0.673597 0.876012
      vertex 41.7794 0.374193 0.824264
      vertex 42.5008 0.619082 0.824264
    endloop
  endfacet
  facet normal -0.0586829 -0.895328 0.441524
    outer loop
      vertex 6 0.0803852 0.7
      vertex 5.22734 0.131028 0.7
      vertex 6 0.0456724 0.629609
    endloop
  endfacet
  facet normal 0 -0.896874 0.442287
    outer loop
      vertex 6 0.0456724 0.629609
      vertex 40.272 0.0803852 0.7
      vertex 6 0.0803852 0.7
    endloop
  endfacet
  facet normal 0 -0.896874 0.442287
    outer loop
      vertex 40.272 0.0803852 0.7
      vertex 6 0.0456724 0.629609
      vertex 40.272 0.0456724 0.629609
    endloop
  endfacet
  facet normal -0.0127855 -0.195067 0.980707
    outer loop
      vertex 5.28494 0.568553 0.994866
      vertex 5.27489 0.492235 0.979555
      vertex 6 0.521685 0.994866
    endloop
  endfacet
  facet normal -0.178925 -0.26778 0.94672
    outer loop
      vertex 2.61815 1.59269 0.979555
      vertex 2.57291 1.53373 0.954328
      vertex 3.1852 1.12461 0.954328
    endloop
  endfacet
  facet normal -0.544941 -0.815554 0.194708
    outer loop
      vertex 2.35988 1.2561 0.555291
      vertex 2.35056 1.24395 0.478315
      vertex 3.01022 0.821553 0.555291
    endloop
  endfacet
  facet normal -0.195955 -0.397359 0.896497
    outer loop
      vertex 3.84564 0.798919 0.954328
      vertex 3.1852 1.12461 0.954328
      vertex 3.8187 0.733887 0.919615
    endloop
  endfacet
  facet normal -0.0628356 -0.18511 0.980707
    outer loop
      vertex 3.90354 0.938697 0.994866
      vertex 3.87408 0.86758 0.979555
      vertex 4.56219 0.634001 0.979555
    endloop
  endfacet
  facet normal 0.366759 -0.548939 0.751101
    outer loop
      vertex 43.7817 1.42612 0.876012
      vertex 43.1546 1.00714 0.876012
      vertex 43.8176 1.3793 0.824264
    endloop
  endfacet
  facet normal -0.750825 0.0492265 0.658664
    outer loop
      vertex 0.225564 112.956 0.824264
      vertex 0.174258 112.963 0.765256
      vertex 0.175736 112.196 0.824264
    endloop
  endfacet
  facet normal -0.751844 0 0.659341
    outer loop
      vertex 0.123988 6 0.765256
      vertex 0.175736 112.196 0.824264
      vertex 0.123988 112.196 0.765256
    endloop
  endfacet
  facet normal -0.751844 0 0.659341
    outer loop
      vertex 0.175736 112.196 0.824264
      vertex 0.123988 6 0.765256
      vertex 0.175736 6 0.824264
    endloop
  endfacet
  facet normal -0.195069 -0.0127854 -0.980706
    outer loop
      vertex 0.492235 5.27489 -0.179555
      vertex 0.444709 6 -0.179555
      vertex 0.521685 6 -0.194866
    endloop
  endfacet
  facet normal -0.254054 -0.289687 -0.922788
    outer loop
      vertex 2.57291 1.53373 -0.154327
      vertex 1.75736 1.75736 0
      vertex 2.01927 2.01927 -0.154327
    endloop
  endfacet
  facet normal -0.52686 -0.178843 0.830923
    outer loop
      vertex 0.494224 4.52473 0.919615
      vertex 0.43119 4.50784 0.876012
      vertex 0.733887 3.8187 0.919615
    endloop
  endfacet
  facet normal -0.321362 -0.0210627 0.946722
    outer loop
      vertex 0.444709 6 0.979555
      vertex 0.370391 6 0.954328
      vertex 0.418552 5.26519 0.954328
    endloop
  endfacet
  facet normal 0.195105 -0.980782 0
    outer loop
      vertex 41.0552 0.0513315 0
      vertex 41.8249 0.204446 0.4
      vertex 41.0552 0.0513315 0.4
    endloop
  endfacet
  facet normal 0.195105 -0.980782 0
    outer loop
      vertex 41.8249 0.204446 0.4
      vertex 41.0552 0.0513315 0
      vertex 41.8249 0.204446 0
    endloop
  endfacet
  facet normal 0.0544143 -0.830232 0.554755
    outer loop
      vertex 41.039 0.174258 0.765256
      vertex 40.272 0.123988 0.765256
      vertex 41.0447 0.131028 0.7
    endloop
  endfacet
  facet normal 0.496745 0.565677 0.65822
    outer loop
      vertex 43.8491 116.858 0.765256
      vertex 43.8176 116.817 0.824264
      vertex 44.3904 116.314 0.824264
    endloop
  endfacet
  facet normal 0.162638 0.817311 0.552768
    outer loop
      vertex 41.0447 118.065 0.7
      vertex 41.039 118.022 0.765256
      vertex 41.7928 117.872 0.765256
    endloop
  endfacet
  facet normal 0.33227 0.67371 0.660084
    outer loop
      vertex 42.5207 117.625 0.765256
      vertex 42.5008 117.577 0.824264
      vertex 43.1841 117.24 0.824264
    endloop
  endfacet
  facet normal 0.307738 0.460789 0.832448
    outer loop
      vertex 43.1546 117.189 0.876012
      vertex 43.122 117.132 0.919615
      vertex 43.7419 116.718 0.919615
    endloop
  endfacet
  facet normal 0.418059 0.6261 0.658198
    outer loop
      vertex 43.8491 116.858 0.765256
      vertex 43.1841 117.24 0.824264
      vertex 43.8176 116.817 0.824264
    endloop
  endfacet
  facet normal 0.0542115 0.831605 0.552716
    outer loop
      vertex 41.0447 118.065 0.7
      vertex 40.272 118.072 0.765256
      vertex 41.039 118.022 0.765256
    endloop
  endfacet
  facet normal 0.267918 0.789545 0.552122
    outer loop
      vertex 42.5373 117.665 0.7
      vertex 41.7928 117.872 0.765256
      vertex 42.5207 117.625 0.765256
    endloop
  endfacet
  facet normal 0.245122 0.496706 0.832585
    outer loop
      vertex 43.1546 117.189 0.876012
      vertex 42.4533 117.462 0.919615
      vertex 43.122 117.132 0.919615
    endloop
  endfacet
  facet normal 0.321564 0.94461 0.0656462
    outer loop
      vertex 41.8249 117.992 0.4
      vertex 41.8236 117.987 0.478315
      vertex 42.5681 117.739 0.4
    endloop
  endfacet
  facet normal 0.170471 0.345334 -0.922867
    outer loop
      vertex 43.0868 117.071 -0.154327
      vertex 42.4264 117.397 -0.154327
      vertex 43.272 117.392 0
    endloop
  endfacet
  facet normal 0.894717 0.441377 0.0683184
    outer loop
      vertex 45.4682 115.196 0.4
      vertex 45.4637 115.193 0.478315
      vertex 45.8105 114.49 0.478315
    endloop
  endfacet
  facet normal 0.747688 0.368852 0.552186
    outer loop
      vertex 45.741 114.461 0.7
      vertex 45.3608 115.134 0.765256
      vertex 45.7007 114.445 0.765256
    endloop
  endfacet
  facet normal 0.944772 0.320993 0.0661034
    outer loop
      vertex 45.8153 114.492 0.4
      vertex 45.8105 114.49 0.478315
      vertex 46.0626 113.748 0.478315
    endloop
  endfacet
  facet normal 0.0620288 0.0210697 0.997852
    outer loop
      vertex 45.3333 114.292 0.994866
      vertex 45.2609 114.262 1
      vertex 45.5636 113.614 0.994866
    endloop
  endfacet
  facet normal 0.18474 0.0627257 0.980784
    outer loop
      vertex 45.4044 114.322 0.979555
      vertex 45.3333 114.292 0.994866
      vertex 45.638 113.634 0.979555
    endloop
  endfacet
  facet normal 0.291297 0.332589 0.896956
    outer loop
      vertex 44.3025 116.227 0.919615
      vertex 43.7419 116.718 0.919615
      vertex 44.2527 116.177 0.954328
    endloop
  endfacet
  facet normal 0.368141 0.246089 0.896612
    outer loop
      vertex 44.7941 115.666 0.919615
      vertex 44.7383 115.623 0.954328
      vertex 45.1474 115.011 0.954328
    endloop
  endfacet
  facet normal 0.49898 -0.246038 0.830954
    outer loop
      vertex 45.5381 3.8187 0.919615
      vertex 45.2649 3.11737 0.876012
      vertex 45.5984 3.79373 0.876012
    endloop
  endfacet
  facet normal 0.0587638 -0.0289779 0.997851
    outer loop
      vertex 45.2609 3.93351 1
      vertex 44.9485 3.3 1
      vertex 45.3333 3.90354 0.994866
    endloop
  endfacet
  facet normal 0.19501 -0.0127746 0.980718
    outer loop
      vertex 45.8273 6 0.979555
      vertex 45.7503 6 0.994866
      vertex 45.7798 5.27489 0.979555
    endloop
  endfacet
  facet normal 0.962011 0.19115 0.194929
    outer loop
      vertex 46.2156 112.978 0.478315
      vertex 46.0478 113.744 0.555291
      vertex 46.2004 112.976 0.555291
    endloop
  endfacet
  facet normal 0.978753 0.194479 0.0649715
    outer loop
      vertex 46.0676 113.749 0.4
      vertex 46.0626 113.748 0.478315
      vertex 46.2156 112.978 0.478315
    endloop
  endfacet
  facet normal 0.895395 -0.0586377 0.441395
    outer loop
      vertex 46.1916 6 0.7
      vertex 46.141 5.22734 0.7
      vertex 46.2263 6 0.629609
    endloop
  endfacet
  facet normal 0.896938 -0 0.442155
    outer loop
      vertex 46.1916 6 0.7
      vertex 46.2263 112.196 0.629609
      vertex 46.1916 112.196 0.7
    endloop
  endfacet
  facet normal 0.896938 0 0.442155
    outer loop
      vertex 46.2263 112.196 0.629609
      vertex 46.1916 6 0.7
      vertex 46.2263 6 0.629609
    endloop
  endfacet
  facet normal 0.305188 0.103641 -0.946635
    outer loop
      vertex 45.638 113.634 -0.179555
      vertex 45.4731 114.35 -0.154327
      vertex 45.7098 113.653 -0.154327
    endloop
  endfacet
  facet normal 0.38448 0.0252135 -0.922789
    outer loop
      vertex 45.9016 112.196 -0.154327
      vertex 45.8534 112.931 -0.154327
      vertex 46.272 112.196 0
    endloop
  endfacet
  facet normal 0.19501 0.0127765 -0.980718
    outer loop
      vertex 45.8273 112.196 -0.179555
      vertex 45.7503 112.196 -0.194866
      vertex 45.7798 112.921 -0.179555
    endloop
  endfacet
  facet normal 0.67501 -0.332822 0.658476
    outer loop
      vertex 45.6529 3.77115 0.824264
      vertex 45.316 3.08787 0.824264
      vertex 45.7007 3.75135 0.765256
    endloop
  endfacet
  facet normal 0.896885 -0.442263 0
    outer loop
      vertex 45.4682 3 0.4
      vertex 45.8153 3.7039 0
      vertex 45.8153 3.7039 0.4
    endloop
  endfacet
  facet normal 0.896885 -0.442263 0
    outer loop
      vertex 45.8153 3.7039 0
      vertex 45.4682 3 0.4
      vertex 45.4682 3 0
    endloop
  endfacet
  facet normal 0.65796 -0.750167 0.0658705
    outer loop
      vertex 44.5146 1.75736 0.4
      vertex 43.9214 1.24395 0.478315
      vertex 43.9246 1.23988 0.4
    endloop
  endfacet
  facet normal 0.0364152 -0.0544979 0.99785
    outer loop
      vertex 43.5593 1.71589 1
      vertex 42.972 1.32346 1
      vertex 43.607 1.65376 0.994866
    endloop
  endfacet
  facet normal 0.646731 -0.737491 0.194543
    outer loop
      vertex 44.511 1.76099 0.478315
      vertex 43.9121 1.2561 0.555291
      vertex 43.9214 1.24395 0.478315
    endloop
  endfacet
  facet normal 0.526276 -0.787634 0.320415
    outer loop
      vertex 43.8968 1.27611 0.629609
      vertex 43.2492 0.843401 0.629609
      vertex 43.9121 1.2561 0.555291
    endloop
  endfacet
  facet normal -0.0654268 0.00428871 -0.997848
    outer loop
      vertex 0.646198 112.901 -0.2
      vertex 0.521685 112.196 -0.194866
      vertex 0.568553 112.911 -0.194866
    endloop
  endfacet
  facet normal -0.185042 0.0628661 -0.980718
    outer loop
      vertex 0.708354 113.614 -0.194866
      vertex 0.634001 113.634 -0.179555
      vertex 0.938697 114.292 -0.194866
    endloop
  endfacet
  facet normal -0.191753 0.0381327 -0.980702
    outer loop
      vertex 0.568553 112.911 -0.194866
      vertex 0.492235 112.921 -0.179555
      vertex 0.708354 113.614 -0.194866
    endloop
  endfacet
  facet normal -0.0588548 0.0290103 -0.997845
    outer loop
      vertex 1.32346 114.896 -0.2
      vertex 0.938697 114.292 -0.194866
      vertex 1.25564 114.935 -0.194866
    endloop
  endfacet
  facet normal -0.191699 0.0381156 -0.980713
    outer loop
      vertex 0.708354 113.614 -0.194866
      vertex 0.492235 112.921 -0.179555
      vertex 0.634001 113.634 -0.179555
    endloop
  endfacet
  facet normal -0.78911 0.267804 0.552798
    outer loop
      vertex 0.530989 114.461 0.7
      vertex 0.324208 113.717 0.765256
      vertex 0.571273 114.445 0.765256
    endloop
  endfacet
  facet normal -0.174853 0.086193 -0.980814
    outer loop
      vertex 1.25564 114.935 -0.194866
      vertex 0.86758 114.322 -0.179555
      vertex 1.18898 114.974 -0.179555
    endloop
  endfacet
  facet normal -0.81578 0.545377 0.192529
    outer loop
      vertex 1.24395 115.845 0.478315
      vertex 0.821553 115.186 0.555291
      vertex 1.2561 115.836 0.555291
    endloop
  endfacet
  facet normal -0.751799 0.659392 0
    outer loop
      vertex 1.23988 115.849 0
      vertex 1.75736 116.439 0.4
      vertex 1.75736 116.439 0
    endloop
  endfacet
  facet normal -0.751799 0.659392 0
    outer loop
      vertex 1.75736 116.439 0.4
      vertex 1.23988 115.849 0
      vertex 1.23988 115.849 0.4
    endloop
  endfacet
  facet normal -0.0490434 0.0429917 -0.997871
    outer loop
      vertex 2.18162 116.014 -0.2
      vertex 1.65376 115.531 -0.194866
      vertex 2.12625 116.07 -0.194866
    endloop
  endfacet
  facet normal -0.213927 0.320258 -0.92286
    outer loop
      vertex 3.1852 117.071 -0.154327
      vertex 2.57291 116.662 -0.154327
      vertex 3 117.392 0
    endloop
  endfacet
  facet normal -0.44216 0.896936 0
    outer loop
      vertex 3.7039 117.739 0
      vertex 3 117.392 0.4
      vertex 3.7039 117.739 0.4
    endloop
  endfacet
  facet normal -0.44216 0.896936 0
    outer loop
      vertex 3 117.392 0.4
      vertex 3.7039 117.739 0
      vertex 3 117.392 0
    endloop
  endfacet
  facet normal -0.170463 0.345338 -0.922867
    outer loop
      vertex 3.1852 117.071 -0.154327
      vertex 3 117.392 0
      vertex 3.84564 117.397 -0.154327
    endloop
  endfacet
  facet normal -0.267886 0.789376 0.552379
    outer loop
      vertex 4.47918 117.872 0.765256
      vertex 3.73466 117.665 0.7
      vertex 3.75135 117.625 0.765256
    endloop
  endfacet
  facet normal -0.0654154 0 0.997858
    outer loop
      vertex 0.521685 112.196 0.994866
      vertex 0.6 6 1
      vertex 0.6 112.196 1
    endloop
  endfacet
  facet normal -0.0654154 0 0.997858
    outer loop
      vertex 0.6 6 1
      vertex 0.521685 112.196 0.994866
      vertex 0.521685 6 0.994866
    endloop
  endfacet
  facet normal -0.321282 0.021061 0.946749
    outer loop
      vertex 0.492235 112.921 0.979555
      vertex 0.418552 112.931 0.954328
      vertex 0.444709 112.196 0.979555
    endloop
  endfacet
  facet normal 0.367018 0.745303 0.556616
    outer loop
      vertex 43.2318 117.323 0.7
      vertex 42.5373 117.665 0.7
      vertex 43.21 117.285 0.765256
    endloop
  endfacet
  facet normal 0.0593278 0.898875 0.434171
    outer loop
      vertex 40.272 118.15 0.629609
      vertex 40.272 118.116 0.7
      vertex 41.0447 118.065 0.7
    endloop
  endfacet
  facet normal 0.194562 0.978785 0.0642293
    outer loop
      vertex 41.0552 118.145 0.4
      vertex 41.0545 118.14 0.478315
      vertex 41.8249 117.992 0.4
    endloop
  endfacet
  facet normal 0.194689 0.978661 0.0657141
    outer loop
      vertex 41.8249 117.992 0.4
      vertex 41.0545 118.14 0.478315
      vertex 41.8236 117.987 0.478315
    endloop
  endfacet
  facet normal -0.212132 0.242155 0.946763
    outer loop
      vertex 2.57291 116.662 0.954328
      vertex 2.01927 116.177 0.954328
      vertex 2.61815 116.603 0.979555
    endloop
  endfacet
  facet normal -0.124219 0.364896 -0.922724
    outer loop
      vertex 3.84564 117.397 -0.154327
      vertex 3.7039 117.739 0
      vertex 4.44709 117.992 0
    endloop
  endfacet
  facet normal 0 0.997968 0.063715
    outer loop
      vertex 40.272 118.196 0.4
      vertex 6 118.191 0.478315
      vertex 40.272 118.191 0.478315
    endloop
  endfacet
  facet normal 0 0.997968 0.063715
    outer loop
      vertex 6 118.191 0.478315
      vertex 40.272 118.196 0.4
      vertex 6 118.196 0.4
    endloop
  endfacet
  facet normal -0.0649832 0.997886 0
    outer loop
      vertex 6 118.196 0
      vertex 5.21684 118.145 0.4
      vertex 6 118.196 0.4
    endloop
  endfacet
  facet normal -0.0649832 0.997886 0
    outer loop
      vertex 5.21684 118.145 0.4
      vertex 6 118.196 0
      vertex 5.21684 118.145 0
    endloop
  endfacet
  facet normal -0.0623965 0.315142 -0.946991
    outer loop
      vertex 4.56219 117.562 -0.179555
      vertex 4.54295 117.634 -0.154327
      vertex 5.26519 117.777 -0.154327
    endloop
  endfacet
  facet normal -0.315291 0.926681 0.204581
    outer loop
      vertex 4.45238 117.972 0.555291
      vertex 3.70586 117.735 0.478315
      vertex 3.71172 117.72 0.555291
    endloop
  endfacet
  facet normal -0.103286 0.303726 -0.947144
    outer loop
      vertex 3.87408 117.328 -0.179555
      vertex 3.84564 117.397 -0.154327
      vertex 4.56219 117.562 -0.179555
    endloop
  endfacet
  facet normal -0.103386 0.304186 -0.946986
    outer loop
      vertex 4.56219 117.562 -0.179555
      vertex 3.84564 117.397 -0.154327
      vertex 4.54295 117.634 -0.154327
    endloop
  endfacet
  facet normal -0.498272 0.437574 0.748501
    outer loop
      vertex 1.88162 116.314 0.824264
      vertex 1.3793 115.742 0.824264
      vertex 1.92335 116.273 0.876012
    endloop
  endfacet
  facet normal -0.675851 0.592879 0.437858
    outer loop
      vertex 1.78965 116.406 0.629609
      vertex 1.30365 115.8 0.7
      vertex 1.8142 116.382 0.7
    endloop
  endfacet
  facet normal -0.212356 -0.24214 -0.946717
    outer loop
      vertex 2.61815 1.59269 -0.179555
      vertex 2.01927 2.01927 -0.154327
      vertex 2.07182 2.07182 -0.179555
    endloop
  endfacet
  facet normal -0.108605 -0.162541 -0.980707
    outer loop
      vertex 3.22235 1.18898 -0.179555
      vertex 2.61815 1.59269 -0.179555
      vertex 2.66501 1.65376 -0.194866
    endloop
  endfacet
  facet normal 0.170427 -0.345592 -0.922779
    outer loop
      vertex 42.5681 0.456723 0
      vertex 42.4264 0.798919 -0.154327
      vertex 43.272 0.803848 0
    endloop
  endfacet
  facet normal -0.0127855 -0.195067 -0.980707
    outer loop
      vertex 6 0.521685 -0.194866
      vertex 5.27489 0.492235 -0.179555
      vertex 5.28494 0.568553 -0.194866
    endloop
  endfacet
  facet normal 0 0 -1
    outer loop
      vertex 40.272 0.6 -0.2
      vertex 45.672 6 -0.2
      vertex 45.6258 5.29516 -0.2
    endloop
  endfacet
  facet normal 0 0 -1
    outer loop
      vertex 45.672 6 -0.2
      vertex 0.6 6 -0.2
      vertex 45.672 112.196 -0.2
    endloop
  endfacet
  facet normal 0 0 -1
    outer loop
      vertex 40.272 0.6 -0.2
      vertex 45.6258 5.29516 -0.2
      vertex 45.488 4.60238 -0.2
    endloop
  endfacet
  facet normal 0 0 -1
    outer loop
      vertex 0.6 112.196 -0.2
      vertex 45.672 112.196 -0.2
      vertex 0.6 6 -0.2
    endloop
  endfacet
  facet normal 0 0 -1
    outer loop
      vertex 40.272 0.6 -0.2
      vertex 45.488 4.60238 -0.2
      vertex 45.2609 3.93351 -0.2
    endloop
  endfacet
  facet normal 0 -0 -1
    outer loop
      vertex 40.272 117.596 -0.2
      vertex 45.672 112.196 -0.2
      vertex 0.6 112.196 -0.2
    endloop
  endfacet
  facet normal 0 0 -1
    outer loop
      vertex 40.272 0.6 -0.2
      vertex 45.2609 3.93351 -0.2
      vertex 44.9485 3.3 -0.2
    endloop
  endfacet
  facet normal 0 0 -1
    outer loop
      vertex 45.672 112.196 -0.2
      vertex 40.272 117.596 -0.2
      vertex 45.6258 112.901 -0.2
    endloop
  endfacet
  facet normal 0 0 -1
    outer loop
      vertex 40.272 0.6 -0.2
      vertex 44.9485 3.3 -0.2
      vertex 44.5561 2.71269 -0.2
    endloop
  endfacet
  facet normal 0 0 -1
    outer loop
      vertex 45.6258 112.901 -0.2
      vertex 40.272 117.596 -0.2
      vertex 45.488 113.594 -0.2
    endloop
  endfacet
  facet normal 0 0 -1
    outer loop
      vertex 40.272 0.6 -0.2
      vertex 44.5561 2.71269 -0.2
      vertex 44.0904 2.18162 -0.2
    endloop
  endfacet
  facet normal 0 0 -1
    outer loop
      vertex 45.488 113.594 -0.2
      vertex 40.272 117.596 -0.2
      vertex 45.2609 114.262 -0.2
    endloop
  endfacet
  facet normal 0 0 -1
    outer loop
      vertex 40.272 0.6 -0.2
      vertex 44.0904 2.18162 -0.2
      vertex 43.5593 1.71589 -0.2
    endloop
  endfacet
  facet normal 0 0 -1
    outer loop
      vertex 45.2609 114.262 -0.2
      vertex 40.272 117.596 -0.2
      vertex 44.9485 114.896 -0.2
    endloop
  endfacet
  facet normal 0 0 -1
    outer loop
      vertex 40.272 0.6 -0.2
      vertex 43.5593 1.71589 -0.2
      vertex 42.972 1.32346 -0.2
    endloop
  endfacet
  facet normal 0 0 -1
    outer loop
      vertex 44.9485 114.896 -0.2
      vertex 40.272 117.596 -0.2
      vertex 44.5561 115.483 -0.2
    endloop
  endfacet
  facet normal 0 0 -1
    outer loop
      vertex 40.272 0.6 -0.2
      vertex 42.972 1.32346 -0.2
      vertex 42.3385 1.01105 -0.2
    endloop
  endfacet
  facet normal -0 0 -1
    outer loop
      vertex 45.672 6 -0.2
      vertex 40.272 0.6 -0.2
      vertex 0.6 6 -0.2
    endloop
  endfacet
  facet normal 0 0 -1
    outer loop
      vertex 40.272 0.6 -0.2
      vertex 42.3385 1.01105 -0.2
      vertex 41.6696 0.784001 -0.2
    endloop
  endfacet
  facet normal 0 0 -1
    outer loop
      vertex 44.5561 115.483 -0.2
      vertex 40.272 117.596 -0.2
      vertex 44.0904 116.014 -0.2
    endloop
  endfacet
  facet normal 0 0 -1
    outer loop
      vertex 40.272 0.6 -0.2
      vertex 41.6696 0.784001 -0.2
      vertex 40.9768 0.646198 -0.2
    endloop
  endfacet
  facet normal 0 0 -1
    outer loop
      vertex 42.972 116.873 -0.2
      vertex 40.272 117.596 -0.2
      vertex 42.3385 117.185 -0.2
    endloop
  endfacet
  facet normal 0 0 -1
    outer loop
      vertex 42.3385 117.185 -0.2
      vertex 40.272 117.596 -0.2
      vertex 41.6696 117.412 -0.2
    endloop
  endfacet
  facet normal 0 0 -1
    outer loop
      vertex 41.6696 117.412 -0.2
      vertex 40.272 117.596 -0.2
      vertex 40.9768 117.55 -0.2
    endloop
  endfacet
  facet normal 0 0 -1
    outer loop
      vertex 0.6 6 -0.2
      vertex 40.272 0.6 -0.2
      vertex 6 0.6 -0.2
    endloop
  endfacet
  facet normal 0 0 -1
    outer loop
      vertex 44.0904 116.014 -0.2
      vertex 40.272 117.596 -0.2
      vertex 43.5593 116.48 -0.2
    endloop
  endfacet
  facet normal 0 0 -1
    outer loop
      vertex 0.6 6 -0.2
      vertex 6 0.6 -0.2
      vertex 5.29516 0.646198 -0.2
    endloop
  endfacet
  facet normal 0 0 -1
    outer loop
      vertex 43.5593 116.48 -0.2
      vertex 40.272 117.596 -0.2
      vertex 42.972 116.873 -0.2
    endloop
  endfacet
  facet normal 0 0 -1
    outer loop
      vertex 0.6 6 -0.2
      vertex 5.29516 0.646198 -0.2
      vertex 4.60238 0.784001 -0.2
    endloop
  endfacet
  facet normal -0 0 -1
    outer loop
      vertex 40.272 117.596 -0.2
      vertex 0.6 112.196 -0.2
      vertex 6 117.596 -0.2
    endloop
  endfacet
  facet normal 0 0 -1
    outer loop
      vertex 0.6 6 -0.2
      vertex 4.60238 0.784001 -0.2
      vertex 3.93351 1.01105 -0.2
    endloop
  endfacet
  facet normal 0 0 -1
    outer loop
      vertex 6 117.596 -0.2
      vertex 0.6 112.196 -0.2
      vertex 5.29516 117.55 -0.2
    endloop
  endfacet
  facet normal 0 0 -1
    outer loop
      vertex 0.6 6 -0.2
      vertex 3.93351 1.01105 -0.2
      vertex 3.3 1.32346 -0.2
    endloop
  endfacet
  facet normal 0 0 -1
    outer loop
      vertex 5.29516 117.55 -0.2
      vertex 0.6 112.196 -0.2
      vertex 4.60238 117.412 -0.2
    endloop
  endfacet
  facet normal 0 0 -1
    outer loop
      vertex 0.6 6 -0.2
      vertex 3.3 1.32346 -0.2
      vertex 2.71269 1.71589 -0.2
    endloop
  endfacet
  facet normal 0 0 -1
    outer loop
      vertex 4.60238 117.412 -0.2
      vertex 0.6 112.196 -0.2
      vertex 3.93351 117.185 -0.2
    endloop
  endfacet
  facet normal 0 0 -1
    outer loop
      vertex 0.6 6 -0.2
      vertex 2.71269 1.71589 -0.2
      vertex 2.18162 2.18162 -0.2
    endloop
  endfacet
  facet normal 0 0 -1
    outer loop
      vertex 3.93351 117.185 -0.2
      vertex 0.6 112.196 -0.2
      vertex 3.3 116.873 -0.2
    endloop
  endfacet
  facet normal 0 0 -1
    outer loop
      vertex 0.6 6 -0.2
      vertex 2.18162 2.18162 -0.2
      vertex 1.71589 2.71269 -0.2
    endloop
  endfacet
  facet normal 0 0 -1
    outer loop
      vertex 3.3 116.873 -0.2
      vertex 0.6 112.196 -0.2
      vertex 2.71269 116.48 -0.2
    endloop
  endfacet
  facet normal 0 0 -1
    outer loop
      vertex 0.6 6 -0.2
      vertex 1.71589 2.71269 -0.2
      vertex 1.32346 3.3 -0.2
    endloop
  endfacet
  facet normal 0 0 -1
    outer loop
      vertex 2.71269 116.48 -0.2
      vertex 0.6 112.196 -0.2
      vertex 2.18162 116.014 -0.2
    endloop
  endfacet
  facet normal 0 0 -1
    outer loop
      vertex 0.6 6 -0.2
      vertex 1.32346 3.3 -0.2
      vertex 1.01105 3.93351 -0.2
    endloop
  endfacet
  facet normal 0 0 -1
    outer loop
      vertex 2.18162 116.014 -0.2
      vertex 0.6 112.196 -0.2
      vertex 1.71589 115.483 -0.2
    endloop
  endfacet
  facet normal 0 0 -1
    outer loop
      vertex 0.6 6 -0.2
      vertex 1.01105 3.93351 -0.2
      vertex 0.784001 4.60238 -0.2
    endloop
  endfacet
  facet normal 0 0 -1
    outer loop
      vertex 1.71589 115.483 -0.2
      vertex 0.6 112.196 -0.2
      vertex 1.32346 114.896 -0.2
    endloop
  endfacet
  facet normal 0 0 -1
    outer loop
      vertex 0.6 6 -0.2
      vertex 0.784001 4.60238 -0.2
      vertex 0.646198 5.29516 -0.2
    endloop
  endfacet
  facet normal 0 0 -1
    outer loop
      vertex 1.32346 114.896 -0.2
      vertex 0.6 112.196 -0.2
      vertex 1.01105 114.262 -0.2
    endloop
  endfacet
  facet normal 0 0 -1
    outer loop
      vertex 1.01105 114.262 -0.2
      vertex 0.6 112.196 -0.2
      vertex 0.784001 113.594 -0.2
    endloop
  endfacet
  facet normal 0 0 -1
    outer loop
      vertex 0.784001 113.594 -0.2
      vertex 0.6 112.196 -0.2
      vertex 0.646198 112.901 -0.2
    endloop
  endfacet
  facet normal -0.18511 -0.0628356 -0.980707
    outer loop
      vertex 0.86758 3.87408 -0.179555
      vertex 0.634001 4.56219 -0.179555
      vertex 0.938697 3.90354 -0.194866
    endloop
  endfacet
  facet normal 0.214056 -0.320373 -0.92279
    outer loop
      vertex 43.9246 1.23988 0
      vertex 43.272 0.803848 0
      vertex 43.6991 1.53373 -0.154327
    endloop
  endfacet
  facet normal 0.0210638 -0.321373 -0.946718
    outer loop
      vertex 41.0068 0.418552 -0.154327
      vertex 40.272 0.370391 -0.154327
      vertex 40.272 0.444709 -0.179555
    endloop
  endfacet
  facet normal 0.147029 -0.128919 -0.980695
    outer loop
      vertex 44.2002 2.07182 -0.179555
      vertex 44.1458 2.12625 -0.194866
      vertex 44.6182 2.66501 -0.194866
    endloop
  endfacet
  facet normal 0.364842 -0.123845 -0.922796
    outer loop
      vertex 46.0676 4.44709 0
      vertex 45.4731 3.84564 -0.154327
      vertex 45.7098 4.54295 -0.154327
    endloop
  endfacet
  facet normal 0.0654272 -0.00428855 -0.997848
    outer loop
      vertex 45.7503 6 -0.194866
      vertex 45.6258 5.29516 -0.2
      vertex 45.672 6 -0.2
    endloop
  endfacet
  facet normal 0.997862 -0.0653638 0
    outer loop
      vertex 46.2207 5.21684 0.4
      vertex 46.272 6 0
      vertex 46.272 6 0.4
    endloop
  endfacet
  facet normal 0.997862 -0.0653638 0
    outer loop
      vertex 46.272 6 0
      vertex 46.2207 5.21684 0.4
      vertex 46.2207 5.21684 0
    endloop
  endfacet
  facet normal 0.658741 -0.043239 0.751126
    outer loop
      vertex 46.0963 6 0.824264
      vertex 45.9879 5.24748 0.876012
      vertex 46.0464 5.23978 0.824264
    endloop
  endfacet
  facet normal 0.997861 0.0653771 0
    outer loop
      vertex 46.272 112.196 0.4
      vertex 46.2207 112.979 0
      vertex 46.2207 112.979 0.4
    endloop
  endfacet
  facet normal 0.997861 0.0653771 0
    outer loop
      vertex 46.2207 112.979 0
      vertex 46.272 112.196 0.4
      vertex 46.272 112.196 0
    endloop
  endfacet
  facet normal 0.38444 0.0251875 -0.922806
    outer loop
      vertex 46.272 112.196 0
      vertex 45.8534 112.931 -0.154327
      vertex 46.2207 112.979 0
    endloop
  endfacet
  facet normal 0.751234 -0.049268 0.658195
    outer loop
      vertex 46.148 6 0.765256
      vertex 46.0963 6 0.824264
      vertex 46.0977 5.23303 0.765256
    endloop
  endfacet
  facet normal 0.304821 -0.103481 0.946771
    outer loop
      vertex 45.638 4.56219 0.979555
      vertex 45.4044 3.87408 0.979555
      vertex 45.4731 3.84564 0.954328
    endloop
  endfacet
  facet normal 0.625098 -0.212185 0.751153
    outer loop
      vertex 45.8408 4.50784 0.876012
      vertex 45.5984 3.79373 0.876012
      vertex 45.8978 4.49257 0.824264
    endloop
  endfacet
  facet normal 0.82964 -0.554432 0.0655928
    outer loop
      vertex 45.4682 3 0.4
      vertex 45.028 2.35056 0.478315
      vertex 45.0321 2.34743 0.4
    endloop
  endfacet
  facet normal 0.995725 -0.0652238 0.0654012
    outer loop
      vertex 46.272 6 0.4
      vertex 46.2156 5.21751 0.478315
      vertex 46.2207 5.21684 0.4
    endloop
  endfacet
  facet normal 0.980813 -0 0.19495
    outer loop
      vertex 46.2516 6 0.555291
      vertex 46.2669 112.196 0.478315
      vertex 46.2516 112.196 0.555291
    endloop
  endfacet
  facet normal 0.980813 0 0.19495
    outer loop
      vertex 46.2669 112.196 0.478315
      vertex 46.2516 6 0.555291
      vertex 46.2669 6 0.478315
    endloop
  endfacet
  facet normal -0.289734 0.253931 -0.922807
    outer loop
      vertex 2.01927 116.177 -0.154327
      vertex 1.53373 115.623 -0.154327
      vertex 1.75736 116.439 0
    endloop
  endfacet
  facet normal -0.147528 0.129324 -0.980567
    outer loop
      vertex 2.12625 116.07 -0.194866
      vertex 1.65376 115.531 -0.194866
      vertex 2.07182 116.124 -0.179555
    endloop
  endfacet
  facet normal -0.02908 0.0590464 -0.997832
    outer loop
      vertex 3.93351 117.185 -0.2
      vertex 3.3 116.873 -0.2
      vertex 3.90354 117.257 -0.194866
    endloop
  endfacet
  facet normal 0.0210056 0.324067 -0.945801
    outer loop
      vertex 40.9971 117.704 -0.179555
      vertex 40.272 117.751 -0.179555
      vertex 41.0068 117.777 -0.154327
    endloop
  endfacet
  facet normal 0.0126403 0.19501 -0.98072
    outer loop
      vertex 40.9971 117.704 -0.179555
      vertex 40.272 117.674 -0.194866
      vertex 40.272 117.751 -0.179555
    endloop
  endfacet
  facet normal 0.44216 0.896936 -0
    outer loop
      vertex 43.272 117.392 0
      vertex 42.5681 117.739 0.4
      vertex 43.272 117.392 0.4
    endloop
  endfacet
  facet normal 0.44216 0.896936 0
    outer loop
      vertex 42.5681 117.739 0.4
      vertex 43.272 117.392 0
      vertex 42.5681 117.739 0
    endloop
  endfacet
  facet normal -0.21407 -0.320377 -0.922785
    outer loop
      vertex 3 0.803848 0
      vertex 2.57291 1.53373 -0.154327
      vertex 3.1852 1.12461 -0.154327
    endloop
  endfacet
  facet normal -0.0628379 -0.185115 -0.980706
    outer loop
      vertex 4.56219 0.634001 -0.179555
      vertex 3.90354 0.938697 -0.194866
      vertex 4.58211 0.708354 -0.194866
    endloop
  endfacet
  facet normal -0.291978 -0.592071 0.751133
    outer loop
      vertex 3.79373 0.673597 0.876012
      vertex 3.08787 0.956039 0.824264
      vertex 3.77115 0.619082 0.824264
    endloop
  endfacet
  facet normal -0.267441 -0.787855 0.554761
    outer loop
      vertex 4.47918 0.324208 0.765256
      vertex 3.73466 0.530989 0.7
      vertex 4.46789 0.282091 0.7
    endloop
  endfacet
  facet normal -0.304444 -0.89687 0.320841
    outer loop
      vertex 3.72138 0.498919 0.629609
      vertex 3.71172 0.475612 0.555291
      vertex 4.45238 0.224194 0.555291
    endloop
  endfacet
  facet normal -0.315286 -0.928811 0.194691
    outer loop
      vertex 3.71172 0.475612 0.555291
      vertex 3.70586 0.461466 0.478315
      vertex 4.45238 0.224194 0.555291
    endloop
  endfacet
  facet normal -0.162317 -0.816027 0.554756
    outer loop
      vertex 4.47918 0.324208 0.765256
      vertex 4.46789 0.282091 0.7
      vertex 5.22734 0.131028 0.7
    endloop
  endfacet
  facet normal -0.108547 -0.545701 0.83092
    outer loop
      vertex 5.256 0.348764 0.919615
      vertex 4.50784 0.43119 0.876012
      vertex 5.24748 0.284066 0.876012
    endloop
  endfacet
  facet normal -0.184778 -0.928934 0.320841
    outer loop
      vertex 5.22281 0.0966129 0.629609
      vertex 4.45238 0.224194 0.555291
      vertex 5.21951 0.0716009 0.555291
    endloop
  endfacet
  facet normal -0.0619466 -0.945109 0.320831
    outer loop
      vertex 5.22281 0.0966129 0.629609
      vertex 5.21951 0.0716009 0.555291
      vertex 6 0.0456724 0.629609
    endloop
  endfacet
  facet normal -0.321437 -0.946931 0
    outer loop
      vertex 3.7039 0.456723 0
      vertex 4.44709 0.204446 0.4
      vertex 3.7039 0.456723 0.4
    endloop
  endfacet
  facet normal -0.321437 -0.946931 -0
    outer loop
      vertex 4.44709 0.204446 0.4
      vertex 3.7039 0.456723 0
      vertex 4.44709 0.204446 0
    endloop
  endfacet
  facet normal -0.123855 -0.364866 -0.922785
    outer loop
      vertex 4.44709 0.204446 0
      vertex 3.84564 0.798919 -0.154327
      vertex 4.54295 0.562215 -0.154327
    endloop
  endfacet
  facet normal -0.0641511 -0.978766 0.194686
    outer loop
      vertex 6 0.0204449 0.555291
      vertex 5.21751 0.0564203 0.478315
      vertex 6 0.00513363 0.478315
    endloop
  endfacet
  facet normal 0.184785 -0.928933 0.320841
    outer loop
      vertex 41.8196 0.224194 0.555291
      vertex 41.0492 0.0966129 0.629609
      vertex 41.0525 0.0716009 0.555291
    endloop
  endfacet
  facet normal 0.0641503 -0.978766 0.194686
    outer loop
      vertex 40.272 0.0204449 0.555291
      vertex 40.272 0.00513363 0.478315
      vertex 41.0545 0.0564203 0.478315
    endloop
  endfacet
  facet normal 0.0127878 -0.0642903 0.997849
    outer loop
      vertex 41.6696 0.784001 1
      vertex 40.9768 0.646198 1
      vertex 41.6899 0.708354 0.994866
    endloop
  endfacet
  facet normal 0.44134 -0.894948 0.0654717
    outer loop
      vertex 43.272 0.803848 0.4
      vertex 42.5661 0.461466 0.478315
      vertex 42.5681 0.456723 0.4
    endloop
  endfacet
  facet normal 0.435308 -0.496385 0.751072
    outer loop
      vertex 44.3487 1.92335 0.876012
      vertex 43.8176 1.3793 0.824264
      vertex 44.3904 1.88162 0.824264
    endloop
  endfacet
  facet normal -0.0363895 -0.555205 0.830917
    outer loop
      vertex 6 0.3 0.919615
      vertex 5.24748 0.284066 0.876012
      vertex 6 0.234744 0.876012
    endloop
  endfacet
  facet normal 0.0641508 -0.978765 0.194691
    outer loop
      vertex 41.0525 0.0716009 0.555291
      vertex 40.272 0.0204449 0.555291
      vertex 41.0545 0.0564203 0.478315
    endloop
  endfacet
  facet normal -0.0544166 -0.830237 0.554748
    outer loop
      vertex 6 0.123988 0.765256
      vertex 5.22734 0.131028 0.7
      vertex 6 0.0803852 0.7
    endloop
  endfacet
  facet normal -0.146814 -0.738086 0.658539
    outer loop
      vertex 4.49257 0.374193 0.824264
      vertex 4.47918 0.324208 0.765256
      vertex 5.23303 0.174258 0.765256
    endloop
  endfacet
  facet normal -0.0492188 -0.750933 0.658542
    outer loop
      vertex 6 0.175736 0.824264
      vertex 5.23303 0.174258 0.765256
      vertex 6 0.123988 0.765256
    endloop
  endfacet
  facet normal -0.0210629 -0.321359 0.946723
    outer loop
      vertex 5.27489 0.492235 0.979555
      vertex 5.26519 0.418552 0.954328
      vertex 6 0.444709 0.979555
    endloop
  endfacet
  facet normal -0.0127854 -0.195069 0.980706
    outer loop
      vertex 6 0.521685 0.994866
      vertex 5.27489 0.492235 0.979555
      vertex 6 0.444709 0.979555
    endloop
  endfacet
  facet normal -0.526198 -0.787504 0.320864
    outer loop
      vertex 3.02284 0.843401 0.629609
      vertex 2.35988 1.2561 0.555291
      vertex 3.01022 0.821553 0.555291
    endloop
  endfacet
  facet normal -0.624491 -0.712107 0.320803
    outer loop
      vertex 2.37524 1.27611 0.629609
      vertex 1.78965 1.78965 0.629609
      vertex 2.35988 1.2561 0.555291
    endloop
  endfacet
  facet normal -0.0492927 -0.0432295 0.997848
    outer loop
      vertex 2.18162 2.18162 1
      vertex 1.65376 2.66501 0.994866
      vertex 2.12625 2.12625 0.994866
    endloop
  endfacet
  facet normal -0.0432295 -0.0492927 0.997848
    outer loop
      vertex 2.18162 2.18162 1
      vertex 2.12625 2.12625 0.994866
      vertex 2.66501 1.65376 0.994866
    endloop
  endfacet
  facet normal -0.978654 0.194605 0.0660765
    outer loop
      vertex 0.204446 113.749 0.4
      vertex 0.0513315 112.979 0.4
      vertex 0.0564203 112.978 0.478315
    endloop
  endfacet
  facet normal -0.289693 -0.254055 -0.922786
    outer loop
      vertex 1.75736 1.75736 0
      vertex 1.23988 2.34743 0
      vertex 1.53373 2.57291 -0.154327
    endloop
  endfacet
  facet normal -1 0 0
    outer loop
      vertex 0 6 0
      vertex 0 112.196 0.4
      vertex 0 112.196 0
    endloop
  endfacet
  facet normal -1 -0 0
    outer loop
      vertex 0 112.196 0.4
      vertex 0 6 0
      vertex 0 6 0.4
    endloop
  endfacet
  facet normal -0.38461 0 -0.923079
    outer loop
      vertex 0 6 0
      vertex 0.370391 112.196 -0.154327
      vertex 0.370391 6 -0.154327
    endloop
  endfacet
  facet normal -0.38461 0 -0.923079
    outer loop
      vertex 0.370391 112.196 -0.154327
      vertex 0 6 0
      vertex 0 112.196 0
    endloop
  endfacet
  facet normal -0.816027 -0.162317 0.554756
    outer loop
      vertex 0.324208 4.47918 0.765256
      vertex 0.131028 5.22734 0.7
      vertex 0.282091 4.46789 0.7
    endloop
  endfacet
  facet normal -0.879716 -0.433831 0.194656
    outer loop
      vertex 0.821553 3.01022 0.555291
      vertex 0.461466 3.70586 0.478315
      vertex 0.808293 3.00257 0.478315
    endloop
  endfacet
  facet normal 0.0127872 -0.064283 -0.99785
    outer loop
      vertex 40.9871 0.568553 -0.194866
      vertex 40.9768 0.646198 -0.2
      vertex 41.6899 0.708354 -0.194866
    endloop
  endfacet
  facet normal 0.0654004 -0.997859 0
    outer loop
      vertex 40.272 0 0
      vertex 41.0552 0.0513315 0.4
      vertex 40.272 0 0.4
    endloop
  endfacet
  facet normal 0.0654004 -0.997859 0
    outer loop
      vertex 41.0552 0.0513315 0.4
      vertex 40.272 0 0
      vertex 41.0552 0.0513315 0
    endloop
  endfacet
  facet normal 0 -0.38461 -0.923079
    outer loop
      vertex 6 0 0
      vertex 40.272 0.370391 -0.154327
      vertex 40.272 0 0
    endloop
  endfacet
  facet normal -0 -0.38461 -0.923079
    outer loop
      vertex 40.272 0.370391 -0.154327
      vertex 6 0 0
      vertex 6 0.370391 -0.154327
    endloop
  endfacet
  facet normal 0.750208 -0.657943 0.0655713
    outer loop
      vertex 45.028 2.35056 0.478315
      vertex 44.5146 1.75736 0.4
      vertex 45.0321 2.34743 0.4
    endloop
  endfacet
  facet normal 0.33283 -0.674861 0.658625
    outer loop
      vertex 43.1841 0.956039 0.824264
      vertex 42.5207 0.571273 0.765256
      vertex 43.21 0.911224 0.765256
    endloop
  endfacet
  facet normal 0.175608 0.882548 0.4362
    outer loop
      vertex 41.8131 117.947 0.629609
      vertex 41.0492 118.099 0.629609
      vertex 41.8041 117.914 0.7
    endloop
  endfacet
  facet normal -0.288627 0.84992 0.440829
    outer loop
      vertex 4.46789 117.914 0.7
      vertex 3.72138 117.697 0.629609
      vertex 3.73466 117.665 0.7
    endloop
  endfacet
  facet normal 0.103386 0.304226 0.946973
    outer loop
      vertex 41.729 117.634 0.954328
      vertex 41.7098 117.562 0.979555
      vertex 42.4264 117.397 0.954328
    endloop
  endfacet
  facet normal -0.0126401 0.19501 0.98072
    outer loop
      vertex 6 117.751 0.979555
      vertex 5.27489 117.704 0.979555
      vertex 6 117.674 0.994866
    endloop
  endfacet
  facet normal -0.49675 0.565673 0.65822
    outer loop
      vertex 2.42291 116.858 0.765256
      vertex 1.88162 116.314 0.824264
      vertex 2.45441 116.817 0.824264
    endloop
  endfacet
  facet normal -0.0634433 0.318423 0.945823
    outer loop
      vertex 5.26519 117.777 0.954328
      vertex 4.56219 117.562 0.979555
      vertex 5.27489 117.704 0.979555
    endloop
  endfacet
  facet normal 0.657748 0.750113 0.0685481
    outer loop
      vertex 44.5146 116.439 0.4
      vertex 43.9214 116.952 0.478315
      vertex 44.511 116.435 0.478315
    endloop
  endfacet
  facet normal 0.366873 0.418878 0.830629
    outer loop
      vertex 44.3487 116.273 0.876012
      vertex 43.7419 116.718 0.919615
      vertex 44.3025 116.227 0.919615
    endloop
  endfacet
  facet normal 0.0128191 0.0648149 0.997815
    outer loop
      vertex 40.9871 117.627 0.994866
      vertex 40.9768 117.55 1
      vertex 41.6899 117.488 0.994866
    endloop
  endfacet
  facet normal 0.146729 0.128751 0.980762
    outer loop
      vertex 44.6793 115.578 0.979555
      vertex 44.2002 116.124 0.979555
      vertex 44.6182 115.531 0.994866
    endloop
  endfacet
  facet normal 0.145368 0.733914 0.663504
    outer loop
      vertex 41.039 118.022 0.765256
      vertex 41.0322 117.97 0.824264
      vertex 41.7794 117.822 0.824264
    endloop
  endfacet
  facet normal 0.108251 0.545959 0.830789
    outer loop
      vertex 41.7642 117.765 0.876012
      vertex 41.016 117.847 0.919615
      vertex 41.7473 117.702 0.919615
    endloop
  endfacet
  facet normal 0.527285 0.790077 0.312648
    outer loop
      vertex 43.2618 117.374 0.555291
      vertex 43.2492 117.353 0.629609
      vertex 43.9121 116.94 0.555291
    endloop
  endfacet
  facet normal 0.462219 0.690433 0.556467
    outer loop
      vertex 43.2318 117.323 0.7
      vertex 43.21 117.285 0.765256
      vertex 43.8756 116.892 0.7
    endloop
  endfacet
  facet normal 0.498389 0.437659 0.748374
    outer loop
      vertex 44.3904 116.314 0.824264
      vertex 44.3487 116.273 0.876012
      vertex 44.8927 115.742 0.824264
    endloop
  endfacet
  facet normal 0.624469 0.547751 0.556783
    outer loop
      vertex 44.9683 115.8 0.7
      vertex 44.4578 116.382 0.7
      vertex 44.9338 115.773 0.765256
    endloop
  endfacet
  facet normal 0.659046 0.752103 -0
    outer loop
      vertex 44.5146 116.439 0
      vertex 43.9246 116.956 0.4
      vertex 44.5146 116.439 0.4
    endloop
  endfacet
  facet normal 0.659046 0.752103 0
    outer loop
      vertex 43.9246 116.956 0.4
      vertex 44.5146 116.439 0
      vertex 43.9246 116.956 0
    endloop
  endfacet
  facet normal 0.14284 0.289997 -0.946308
    outer loop
      vertex 43.0496 117.007 -0.179555
      vertex 42.3979 117.328 -0.179555
      vertex 43.0868 117.071 -0.154327
    endloop
  endfacet
  facet normal 0.434613 0.495826 0.751844
    outer loop
      vertex 43.8176 116.817 0.824264
      vertex 43.7817 116.77 0.876012
      vertex 44.3487 116.273 0.876012
    endloop
  endfacet
  facet normal 0.81589 0.545391 0.192018
    outer loop
      vertex 45.028 115.845 0.478315
      vertex 45.0159 115.836 0.555291
      vertex 45.4504 115.186 0.555291
    endloop
  endfacet
  facet normal 0.750358 0.657517 0.0680758
    outer loop
      vertex 44.5146 116.439 0.4
      vertex 44.511 116.435 0.478315
      vertex 45.028 115.845 0.478315
    endloop
  endfacet
  facet normal 0.74979 0.657654 0.0728437
    outer loop
      vertex 45.0321 115.849 0.4
      vertex 44.5146 116.439 0.4
      vertex 45.028 115.845 0.478315
    endloop
  endfacet
  facet normal 0.805389 0.3969 0.440248
    outer loop
      vertex 45.4286 115.173 0.629609
      vertex 45.3985 115.156 0.7
      vertex 45.741 114.461 0.7
    endloop
  endfacet
  facet normal 0.894948 0.441245 0.0661206
    outer loop
      vertex 45.8153 114.492 0.4
      vertex 45.4682 115.196 0.4
      vertex 45.8105 114.49 0.478315
    endloop
  endfacet
  facet normal 0.880573 0.175302 0.440296
    outer loop
      vertex 46.1754 112.973 0.629609
      vertex 45.9899 113.728 0.7
      vertex 46.141 112.969 0.7
    endloop
  endfacet
  facet normal 0.848879 0.418967 0.322292
    outer loop
      vertex 45.4504 115.186 0.555291
      vertex 45.4286 115.173 0.629609
      vertex 45.7731 114.475 0.629609
    endloop
  endfacet
  facet normal 0.345496 0.170343 -0.92283
    outer loop
      vertex 45.4731 114.35 -0.154327
      vertex 45.4682 115.196 0
      vertex 45.8153 114.492 0
    endloop
  endfacet
  facet normal 0.36479 0.123882 -0.922812
    outer loop
      vertex 45.7098 113.653 -0.154327
      vertex 45.4731 114.35 -0.154327
      vertex 46.0676 113.749 0
    endloop
  endfacet
  facet normal 0.0643676 0.0128003 0.997844
    outer loop
      vertex 45.7034 112.911 0.994866
      vertex 45.5636 113.614 0.994866
      vertex 45.6258 112.901 1
    endloop
  endfacet
  facet normal 0.830256 0.054348 0.554726
    outer loop
      vertex 46.1916 112.196 0.7
      vertex 46.141 112.969 0.7
      vertex 46.148 112.196 0.765256
    endloop
  endfacet
  facet normal 0.315949 0.0628354 0.946693
    outer loop
      vertex 45.8534 112.931 0.954328
      vertex 45.638 113.634 0.979555
      vertex 45.7798 112.921 0.979555
    endloop
  endfacet
  facet normal 0.0209747 0.0618061 0.997868
    outer loop
      vertex 41.6899 117.488 0.994866
      vertex 41.6696 117.412 1
      vertex 42.3385 117.185 1
    endloop
  endfacet
  facet normal 0.369072 0.246564 0.896098
    outer loop
      vertex 45.2083 115.046 0.919615
      vertex 44.7941 115.666 0.919615
      vertex 45.1474 115.011 0.954328
    endloop
  endfacet
  facet normal 0.0490338 0.0429751 0.997872
    outer loop
      vertex 44.1458 116.07 0.994866
      vertex 44.0904 116.014 1
      vertex 44.6182 115.531 0.994866
    endloop
  endfacet
  facet normal 0.178745 0.267593 0.946807
    outer loop
      vertex 43.6991 116.662 0.954328
      vertex 43.0868 117.071 0.954328
      vertex 43.6538 116.603 0.979555
    endloop
  endfacet
  facet normal 0.0432821 0.0493286 0.997844
    outer loop
      vertex 43.607 116.542 0.994866
      vertex 43.5593 116.48 1
      vertex 44.0904 116.014 1
    endloop
  endfacet
  facet normal 0.292041 -0.333031 0.89655
    outer loop
      vertex 44.2527 2.01927 0.954328
      vertex 43.7419 1.47789 0.919615
      vertex 44.3025 1.96949 0.919615
    endloop
  endfacet
  facet normal 0.625774 -0.41811 0.658476
    outer loop
      vertex 45.316 3.08787 0.824264
      vertex 44.9338 2.42291 0.765256
      vertex 45.3608 3.06199 0.765256
    endloop
  endfacet
  facet normal 0.496388 -0.435296 0.751077
    outer loop
      vertex 44.8459 2.49033 0.876012
      vertex 44.3487 1.92335 0.876012
      vertex 44.8927 2.45441 0.824264
    endloop
  endfacet
  facet normal 0.462487 -0.309042 0.831023
    outer loop
      vertex 45.2649 3.11737 0.876012
      vertex 44.7941 2.53006 0.919615
      vertex 44.8459 2.49033 0.876012
    endloop
  endfacet
  facet normal 0.162637 -0.108692 0.980681
    outer loop
      vertex 45.0164 3.26084 0.994866
      vertex 44.6182 2.66501 0.994866
      vertex 45.083 3.22235 0.979555
    endloop
  endfacet
  facet normal 0.175449 -0.0865226 0.980679
    outer loop
      vertex 45.4044 3.87408 0.979555
      vertex 45.0164 3.26084 0.994866
      vertex 45.083 3.22235 0.979555
    endloop
  endfacet
  facet normal 0.928676 0.315524 0.19495
    outer loop
      vertex 46.0626 113.748 0.478315
      vertex 45.8105 114.49 0.478315
      vertex 46.0478 113.744 0.555291
    endloop
  endfacet
  facet normal 0.962016 0.191154 0.194898
    outer loop
      vertex 46.0626 113.748 0.478315
      vertex 46.0478 113.744 0.555291
      vertex 46.2156 112.978 0.478315
    endloop
  endfacet
  facet normal 0.929238 0.184638 0.320042
    outer loop
      vertex 46.2004 112.976 0.555291
      vertex 46.0478 113.744 0.555291
      vertex 46.1754 112.973 0.629609
    endloop
  endfacet
  facet normal 0.831485 -0 0.555547
    outer loop
      vertex 46.148 6 0.765256
      vertex 46.1916 112.196 0.7
      vertex 46.148 112.196 0.765256
    endloop
  endfacet
  facet normal 0.831485 0 0.555547
    outer loop
      vertex 46.1916 112.196 0.7
      vertex 46.148 6 0.765256
      vertex 46.1916 6 0.7
    endloop
  endfacet
  facet normal 0.945233 0.0619207 0.320469
    outer loop
      vertex 46.2004 112.976 0.555291
      vertex 46.1754 112.973 0.629609
      vertex 46.2263 112.196 0.629609
    endloop
  endfacet
  facet normal 0.895585 0.0586683 0.441005
    outer loop
      vertex 46.1754 112.973 0.629609
      vertex 46.141 112.969 0.7
      vertex 46.2263 112.196 0.629609
    endloop
  endfacet
  facet normal 0.0545246 0.036429 -0.997848
    outer loop
      vertex 44.9485 114.896 -0.2
      vertex 44.6182 115.531 -0.194866
      vertex 45.0164 114.935 -0.194866
    endloop
  endfacet
  facet normal 0.364777 0.123867 -0.922819
    outer loop
      vertex 46.0676 113.749 0
      vertex 45.4731 114.35 -0.154327
      vertex 45.8153 114.492 0
    endloop
  endfacet
  facet normal 0.141996 0.28765 -0.947151
    outer loop
      vertex 43.0868 117.071 -0.154327
      vertex 42.3979 117.328 -0.179555
      vertex 42.4264 117.397 -0.154327
    endloop
  endfacet
  facet normal 0.268076 0.179199 -0.946585
    outer loop
      vertex 45.1474 115.011 -0.154327
      vertex 44.6793 115.578 -0.179555
      vertex 44.7383 115.623 -0.154327
    endloop
  endfacet
  facet normal 0.377862 0.0751538 -0.922807
    outer loop
      vertex 45.8534 112.931 -0.154327
      vertex 45.7098 113.653 -0.154327
      vertex 46.0676 113.749 0
    endloop
  endfacet
  facet normal 0.0621718 0.0211365 -0.997842
    outer loop
      vertex 45.488 113.594 -0.2
      vertex 45.2609 114.262 -0.2
      vertex 45.5636 113.614 -0.194866
    endloop
  endfacet
  facet normal 0.194866 -0.012781 -0.980747
    outer loop
      vertex 45.7798 5.27489 -0.179555
      vertex 45.7034 5.28494 -0.194866
      vertex 45.7503 6 -0.194866
    endloop
  endfacet
  facet normal 0.195026 0 -0.980798
    outer loop
      vertex 45.7503 6 -0.194866
      vertex 45.8273 112.196 -0.179555
      vertex 45.8273 6 -0.179555
    endloop
  endfacet
  facet normal 0.195026 0 -0.980798
    outer loop
      vertex 45.8273 112.196 -0.179555
      vertex 45.7503 6 -0.194866
      vertex 45.7503 112.196 -0.194866
    endloop
  endfacet
  facet normal 0.191586 0.0381022 -0.980736
    outer loop
      vertex 45.7798 112.921 -0.179555
      vertex 45.5636 113.614 -0.194866
      vertex 45.638 113.634 -0.179555
    endloop
  endfacet
  facet normal 0.194874 0.0127826 -0.980745
    outer loop
      vertex 45.7503 112.196 -0.194866
      vertex 45.7034 112.911 -0.194866
      vertex 45.7798 112.921 -0.179555
    endloop
  endfacet
  facet normal 0.712093 -0.624551 0.320716
    outer loop
      vertex 44.9959 2.37524 0.629609
      vertex 44.4823 1.78965 0.629609
      vertex 45.0159 2.35988 0.555291
    endloop
  endfacet
  facet normal 0.82964 -0.5544 0.0658646
    outer loop
      vertex 45.4637 3.00257 0.478315
      vertex 45.028 2.35056 0.478315
      vertex 45.4682 3 0.4
    endloop
  endfacet
  facet normal 0.320391 -0.214111 -0.922771
    outer loop
      vertex 45.0321 2.34743 0
      vertex 44.7383 2.57291 -0.154327
      vertex 45.4682 3 0
    endloop
  endfacet
  facet normal 0.83143 -0.555629 0
    outer loop
      vertex 45.0321 2.34743 0.4
      vertex 45.4682 3 0
      vertex 45.4682 3 0.4
    endloop
  endfacet
  facet normal 0.83143 -0.555629 0
    outer loop
      vertex 45.4682 3 0
      vertex 45.0321 2.34743 0.4
      vertex 45.0321 2.34743 0
    endloop
  endfacet
  facet normal 0.332714 -0.674696 0.658852
    outer loop
      vertex 43.1841 0.956039 0.824264
      vertex 42.5008 0.619082 0.824264
      vertex 42.5207 0.571273 0.765256
    endloop
  endfacet
  facet normal 0.366663 -0.418112 0.831108
    outer loop
      vertex 44.3487 1.92335 0.876012
      vertex 43.7419 1.47789 0.919615
      vertex 43.7817 1.42612 0.876012
    endloop
  endfacet
  facet normal 0.659392 -0.751799 0
    outer loop
      vertex 43.9246 1.23988 0
      vertex 44.5146 1.75736 0.4
      vertex 43.9246 1.23988 0.4
    endloop
  endfacet
  facet normal 0.659392 -0.751799 0
    outer loop
      vertex 44.5146 1.75736 0.4
      vertex 43.9246 1.23988 0
      vertex 44.5146 1.75736 0
    endloop
  endfacet
  facet normal 0.751826 -0.659362 0
    outer loop
      vertex 44.5146 1.75736 0.4
      vertex 45.0321 2.34743 0
      vertex 45.0321 2.34743 0.4
    endloop
  endfacet
  facet normal 0.751826 -0.659362 0
    outer loop
      vertex 45.0321 2.34743 0
      vertex 44.5146 1.75736 0.4
      vertex 44.5146 1.75736 0
    endloop
  endfacet
  facet normal 0.418221 -0.366749 0.831015
    outer loop
      vertex 44.7941 2.53006 0.919615
      vertex 44.3487 1.92335 0.876012
      vertex 44.8459 2.49033 0.876012
    endloop
  endfacet
  facet normal 0.366707 -0.418177 0.831056
    outer loop
      vertex 44.3025 1.96949 0.919615
      vertex 43.7419 1.47789 0.919615
      vertex 44.3487 1.92335 0.876012
    endloop
  endfacet
  facet normal -0.0654148 0.00428657 -0.997849
    outer loop
      vertex 0.6 112.196 -0.2
      vertex 0.521685 112.196 -0.194866
      vertex 0.646198 112.901 -0.2
    endloop
  endfacet
  facet normal -0.315652 0.0627612 -0.946797
    outer loop
      vertex 0.492235 112.921 -0.179555
      vertex 0.418552 112.931 -0.154327
      vertex 0.634001 113.634 -0.179555
    endloop
  endfacet
  facet normal -0.316043 0.062886 -0.946658
    outer loop
      vertex 0.634001 113.634 -0.179555
      vertex 0.418552 112.931 -0.154327
      vertex 0.562215 113.653 -0.154327
    endloop
  endfacet
  facet normal -0.305488 0.103714 -0.946531
    outer loop
      vertex 0.86758 114.322 -0.179555
      vertex 0.634001 113.634 -0.179555
      vertex 0.798919 114.35 -0.154327
    endloop
  endfacet
  facet normal -0.305237 0.10366 -0.946618
    outer loop
      vertex 0.634001 113.634 -0.179555
      vertex 0.562215 113.653 -0.154327
      vertex 0.798919 114.35 -0.154327
    endloop
  endfacet
  facet normal -0.0587928 0.0289708 -0.99785
    outer loop
      vertex 1.01105 114.262 -0.2
      vertex 0.938697 114.292 -0.194866
      vertex 1.32346 114.896 -0.2
    endloop
  endfacet
  facet normal -0.788321 0.52641 0.318502
    outer loop
      vertex 1.2561 115.836 0.555291
      vertex 0.843401 115.173 0.629609
      vertex 1.27611 115.821 0.629609
    endloop
  endfacet
  facet normal -0.746488 0.498475 0.44077
    outer loop
      vertex 1.27611 115.821 0.629609
      vertex 0.843401 115.173 0.629609
      vertex 1.30365 115.8 0.7
    endloop
  endfacet
  facet normal -0.624391 0.711587 0.322149
    outer loop
      vertex 2.35988 116.94 0.555291
      vertex 1.77182 116.424 0.555291
      vertex 1.78965 116.406 0.629609
    endloop
  endfacet
  facet normal -0.750318 0.657533 0.0683622
    outer loop
      vertex 1.75736 116.439 0.4
      vertex 1.24395 115.845 0.478315
      vertex 1.76099 116.435 0.478315
    endloop
  endfacet
  facet normal -0.345495 0.170355 -0.922829
    outer loop
      vertex 0.798919 114.35 -0.154327
      vertex 0.456723 114.492 0
      vertex 0.803848 115.196 0
    endloop
  endfacet
  facet normal -0.829524 0.554276 0.0683147
    outer loop
      vertex 1.24395 115.845 0.478315
      vertex 0.803848 115.196 0.4
      vertex 0.808293 115.193 0.478315
    endloop
  endfacet
  facet normal 0 0.31882 -0.947815
    outer loop
      vertex 6 117.751 -0.179555
      vertex 40.272 117.826 -0.154327
      vertex 40.272 117.751 -0.179555
    endloop
  endfacet
  facet normal 0 0.31882 -0.947815
    outer loop
      vertex 40.272 117.826 -0.154327
      vertex 6 117.751 -0.179555
      vertex 6 117.826 -0.154327
    endloop
  endfacet
  facet normal -0.0127502 0.064008 -0.997868
    outer loop
      vertex 4.60238 117.412 -0.2
      vertex 4.58211 117.488 -0.194866
      vertex 5.29516 117.55 -0.2
    endloop
  endfacet
  facet normal -0.108736 0.16262 -0.980679
    outer loop
      vertex 2.66501 116.542 -0.194866
      vertex 2.61815 116.603 -0.179555
      vertex 3.22235 117.007 -0.179555
    endloop
  endfacet
  facet normal -0.142873 0.290077 -0.946278
    outer loop
      vertex 3.22235 117.007 -0.179555
      vertex 3.1852 117.071 -0.154327
      vertex 3.87408 117.328 -0.179555
    endloop
  endfacet
  facet normal -0.253862 0.289791 -0.922808
    outer loop
      vertex 2.01927 116.177 -0.154327
      vertex 1.75736 116.439 0
      vertex 2.57291 116.662 -0.154327
    endloop
  endfacet
  facet normal -0.25385 0.289727 -0.922832
    outer loop
      vertex 2.57291 116.662 -0.154327
      vertex 1.75736 116.439 0
      vertex 2.34743 116.956 0
    endloop
  endfacet
  facet normal -0.179676 0.268714 0.946314
    outer loop
      vertex 3.1852 117.071 0.954328
      vertex 2.61815 116.603 0.979555
      vertex 3.22235 117.007 0.979555
    endloop
  endfacet
  facet normal -0 0.0656784 0.997841
    outer loop
      vertex 6 117.674 0.994866
      vertex 40.272 117.596 1
      vertex 40.272 117.674 0.994866
    endloop
  endfacet
  facet normal 0 0.0656784 0.997841
    outer loop
      vertex 40.272 117.596 1
      vertex 6 117.674 0.994866
      vertex 6 117.596 1
    endloop
  endfacet
  facet normal -0.321433 0 0.946932
    outer loop
      vertex 0.370391 112.196 0.954328
      vertex 0.444709 6 0.979555
      vertex 0.444709 112.196 0.979555
    endloop
  endfacet
  facet normal -0.321433 0 0.946932
    outer loop
      vertex 0.444709 6 0.979555
      vertex 0.370391 112.196 0.954328
      vertex 0.370391 6 0.954328
    endloop
  endfacet
  facet normal -0.419882 0.142536 0.896316
    outer loop
      vertex 0.733887 114.377 0.919615
      vertex 0.494224 113.671 0.919615
      vertex 0.562215 113.653 0.954328
    endloop
  endfacet
  facet normal -0.321359 -0.0210629 0.946723
    outer loop
      vertex 0.444709 6 0.979555
      vertex 0.418552 5.26519 0.954328
      vertex 0.492235 5.27489 0.979555
    endloop
  endfacet
  facet normal 0.184102 0.92911 0.32072
    outer loop
      vertex 41.0525 118.124 0.555291
      vertex 41.0492 118.099 0.629609
      vertex 41.8196 117.972 0.555291
    endloop
  endfacet
  facet normal 0 0.981538 0.191268
    outer loop
      vertex 40.272 118.191 0.478315
      vertex 6 118.176 0.555291
      vertex 40.272 118.176 0.555291
    endloop
  endfacet
  facet normal 0 0.981538 0.191268
    outer loop
      vertex 6 118.176 0.555291
      vertex 40.272 118.191 0.478315
      vertex 6 118.191 0.478315
    endloop
  endfacet
  facet normal 0.554848 0.829727 0.0607995
    outer loop
      vertex 43.272 117.392 0.4
      vertex 43.2694 117.388 0.478315
      vertex 43.9214 116.952 0.478315
    endloop
  endfacet
  facet normal 0.322259 0.946652 -0
    outer loop
      vertex 42.5681 117.739 0
      vertex 41.8249 117.992 0.4
      vertex 42.5681 117.739 0.4
    endloop
  endfacet
  facet normal 0.322259 0.946652 0
    outer loop
      vertex 41.8249 117.992 0.4
      vertex 42.5681 117.739 0
      vertex 41.8249 117.992 0
    endloop
  endfacet
  facet normal -0.123934 0.364643 -0.922863
    outer loop
      vertex 4.54295 117.634 -0.154327
      vertex 3.84564 117.397 -0.154327
      vertex 4.44709 117.992 0
    endloop
  endfacet
  facet normal -0.0127128 0.193414 -0.981035
    outer loop
      vertex 5.28494 117.627 -0.194866
      vertex 5.27489 117.704 -0.179555
      vertex 6 117.674 -0.194866
    endloop
  endfacet
  facet normal -0.0620217 0.94515 0.320695
    outer loop
      vertex 6 118.15 0.629609
      vertex 5.21951 118.124 0.555291
      vertex 5.22281 118.099 0.629609
    endloop
  endfacet
  facet normal -0.0488518 0.749358 0.660361
    outer loop
      vertex 6 118.072 0.765256
      vertex 5.23303 118.022 0.765256
      vertex 6 118.02 0.824264
    endloop
  endfacet
  facet normal 0.0638419 0.979535 0.190878
    outer loop
      vertex 40.272 118.191 0.478315
      vertex 40.272 118.176 0.555291
      vertex 41.0545 118.14 0.478315
    endloop
  endfacet
  facet normal 0.0649061 0.995864 0.0635807
    outer loop
      vertex 40.272 118.196 0.4
      vertex 40.272 118.191 0.478315
      vertex 41.0545 118.14 0.478315
    endloop
  endfacet
  facet normal -0.0249947 0.383821 -0.923069
    outer loop
      vertex 5.26519 117.777 -0.154327
      vertex 5.21684 118.145 0
      vertex 6 118.196 0
    endloop
  endfacet
  facet normal -0.074985 0.377253 -0.92307
    outer loop
      vertex 5.26519 117.777 -0.154327
      vertex 4.44709 117.992 0
      vertex 5.21684 118.145 0
    endloop
  endfacet
  facet normal 0.0256623 0.384829 -0.922631
    outer loop
      vertex 41.0068 117.777 -0.154327
      vertex 40.272 117.826 -0.154327
      vertex 40.272 118.196 0
    endloop
  endfacet
  facet normal 0.0212556 0.318748 -0.947601
    outer loop
      vertex 41.0068 117.777 -0.154327
      vertex 40.272 117.751 -0.179555
      vertex 40.272 117.826 -0.154327
    endloop
  endfacet
  facet normal -0.0209782 0.0618135 -0.997867
    outer loop
      vertex 4.60238 117.412 -0.2
      vertex 3.93351 117.185 -0.2
      vertex 4.58211 117.488 -0.194866
    endloop
  endfacet
  facet normal -0.0630224 0.185326 -0.980654
    outer loop
      vertex 3.90354 117.257 -0.194866
      vertex 3.87408 117.328 -0.179555
      vertex 4.56219 117.562 -0.179555
    endloop
  endfacet
  facet normal -0.550505 0.367519 0.749583
    outer loop
      vertex 1.3793 115.742 0.824264
      vertex 0.956039 115.108 0.824264
      vertex 1.00714 115.079 0.876012
    endloop
  endfacet
  facet normal -0.548619 0.366603 0.751412
    outer loop
      vertex 1.3793 115.742 0.824264
      vertex 1.00714 115.079 0.876012
      vertex 1.42612 115.706 0.876012
    endloop
  endfacet
  facet normal -0.211453 0.241175 0.947165
    outer loop
      vertex 2.61815 116.603 0.979555
      vertex 2.01927 116.177 0.954328
      vertex 2.07182 116.124 0.979555
    endloop
  endfacet
  facet normal -0.054373 0.0363503 0.997859
    outer loop
      vertex 1.65376 115.531 0.994866
      vertex 1.32346 114.896 1
      vertex 1.71589 115.483 1
    endloop
  endfacet
  facet normal -0.194688 0.978658 0.0657636
    outer loop
      vertex 5.21751 118.14 0.478315
      vertex 4.44709 117.992 0.4
      vertex 4.44841 117.987 0.478315
    endloop
  endfacet
  facet normal -0.0587957 -0.0289947 -0.997849
    outer loop
      vertex 1.25564 3.26084 -0.194866
      vertex 0.938697 3.90354 -0.194866
      vertex 1.32346 3.3 -0.2
    endloop
  endfacet
  facet normal -0.0492927 -0.0432295 -0.997848
    outer loop
      vertex 2.12625 2.12625 -0.194866
      vertex 1.65376 2.66501 -0.194866
      vertex 2.18162 2.18162 -0.2
    endloop
  endfacet
  facet normal -0.0864643 -0.175331 -0.980705
    outer loop
      vertex 3.87408 0.86758 -0.179555
      vertex 3.22235 1.18898 -0.179555
      vertex 3.26084 1.25564 -0.194866
    endloop
  endfacet
  facet normal 0.288742 -0.142393 -0.946759
    outer loop
      vertex 45.1474 3.1852 -0.154327
      vertex 45.083 3.22235 -0.179555
      vertex 45.4044 3.87408 -0.179555
    endloop
  endfacet
  facet normal 0.304915 -0.103503 -0.946738
    outer loop
      vertex 45.7098 4.54295 -0.154327
      vertex 45.4731 3.84564 -0.154327
      vertex 45.638 4.56219 -0.179555
    endloop
  endfacet
  facet normal -0.025201 -0.384489 -0.922786
    outer loop
      vertex 6 0 0
      vertex 5.21684 0.0513315 0
      vertex 5.26519 0.418552 -0.154327
    endloop
  endfacet
  facet normal -0.00428756 -0.0654149 -0.997849
    outer loop
      vertex 6 0.521685 -0.194866
      vertex 5.28494 0.568553 -0.194866
      vertex 5.29516 0.646198 -0.2
    endloop
  endfacet
  facet normal -0.0545078 -0.0364208 -0.997849
    outer loop
      vertex 1.65376 2.66501 -0.194866
      vertex 1.25564 3.26084 -0.194866
      vertex 1.32346 3.3 -0.2
    endloop
  endfacet
  facet normal -0.321373 -0.0210635 -0.946718
    outer loop
      vertex 0.418552 5.26519 -0.154327
      vertex 0.370391 6 -0.154327
      vertex 0.444709 6 -0.179555
    endloop
  endfacet
  facet normal -0.364866 -0.123855 -0.922785
    outer loop
      vertex 0.798919 3.84564 -0.154327
      vertex 0.204446 4.44709 0
      vertex 0.562215 4.54295 -0.154327
    endloop
  endfacet
  facet normal -0.0654148 -0.00428754 -0.997849
    outer loop
      vertex 0.646198 5.29516 -0.2
      vertex 0.521685 6 -0.194866
      vertex 0.6 6 -0.2
    endloop
  endfacet
  facet normal 0.254066 -0.28967 -0.92279
    outer loop
      vertex 43.9246 1.23988 0
      vertex 43.6991 1.53373 -0.154327
      vertex 44.5146 1.75736 0
    endloop
  endfacet
  facet normal 0.128922 -0.147016 -0.980696
    outer loop
      vertex 44.2002 2.07182 -0.179555
      vertex 43.607 1.65376 -0.194866
      vertex 44.1458 2.12625 -0.194866
    endloop
  endfacet
  facet normal 0.442289 -0.896873 0
    outer loop
      vertex 42.5681 0.456723 0
      vertex 43.272 0.803848 0.4
      vertex 42.5681 0.456723 0.4
    endloop
  endfacet
  facet normal 0.442289 -0.896873 0
    outer loop
      vertex 43.272 0.803848 0.4
      vertex 42.5681 0.456723 0
      vertex 43.272 0.803848 0
    endloop
  endfacet
  facet normal 0.1035 -0.3049 -0.946744
    outer loop
      vertex 42.4264 0.798919 -0.154327
      vertex 41.7098 0.634001 -0.179555
      vertex 42.3979 0.86758 -0.179555
    endloop
  endfacet
  facet normal 0.19501 -0.0127746 -0.980718
    outer loop
      vertex 45.7798 5.27489 -0.179555
      vertex 45.7503 6 -0.194866
      vertex 45.8273 6 -0.179555
    endloop
  endfacet
  facet normal 0.321443 -0.0210851 -0.946694
    outer loop
      vertex 45.8534 5.26519 -0.154327
      vertex 45.8273 6 -0.179555
      vertex 45.9016 6 -0.154327
    endloop
  endfacet
  facet normal 0.377906 0.0751394 -0.92279
    outer loop
      vertex 46.2207 112.979 0
      vertex 45.8534 112.931 -0.154327
      vertex 46.0676 113.749 0
    endloop
  endfacet
  facet normal 0.980801 0.195014 0
    outer loop
      vertex 46.2207 112.979 0.4
      vertex 46.0676 113.749 0
      vertex 46.0676 113.749 0.4
    endloop
  endfacet
  facet normal 0.980801 0.195014 0
    outer loop
      vertex 46.0676 113.749 0
      vertex 46.2207 112.979 0.4
      vertex 46.2207 112.979 0
    endloop
  endfacet
  facet normal 0.288716 -0.142382 0.946768
    outer loop
      vertex 45.4044 3.87408 0.979555
      vertex 45.1474 3.1852 0.954328
      vertex 45.4731 3.84564 0.954328
    endloop
  endfacet
  facet normal 0.419497 -0.142421 0.896515
    outer loop
      vertex 45.7098 4.54295 0.954328
      vertex 45.5381 3.8187 0.919615
      vertex 45.7778 4.52473 0.919615
    endloop
  endfacet
  facet normal 0.545899 -0.108542 0.83079
    outer loop
      vertex 45.9232 5.256 0.919615
      vertex 45.7778 4.52473 0.919615
      vertex 45.8408 4.50784 0.876012
    endloop
  endfacet
  facet normal 0.545692 -0.108528 0.830928
    outer loop
      vertex 45.9232 5.256 0.919615
      vertex 45.8408 4.50784 0.876012
      vertex 45.9879 5.24748 0.876012
    endloop
  endfacet
  facet normal 0.804598 -0.396805 0.441778
    outer loop
      vertex 45.741 3.73466 0.7
      vertex 45.4286 3.02284 0.629609
      vertex 45.7731 3.72138 0.629609
    endloop
  endfacet
  facet normal 0.879651 -0.433765 0.195095
    outer loop
      vertex 45.8105 3.70586 0.478315
      vertex 45.4504 3.01022 0.555291
      vertex 45.4637 3.00257 0.478315
    endloop
  endfacet
  facet normal 0.978792 -0.0641695 0.194548
    outer loop
      vertex 46.2516 6 0.555291
      vertex 46.2156 5.21751 0.478315
      vertex 46.2669 6 0.478315
    endloop
  endfacet
  facet normal 0.978689 -0.194657 0.0653991
    outer loop
      vertex 46.2156 5.21751 0.478315
      vertex 46.0676 4.44709 0.4
      vertex 46.2207 5.21684 0.4
    endloop
  endfacet
  facet normal 0.849449 -0.418973 0.320776
    outer loop
      vertex 45.7731 3.72138 0.629609
      vertex 45.4504 3.01022 0.555291
      vertex 45.7964 3.71172 0.555291
    endloop
  endfacet
  facet normal 0.880079 -0.1751 0.441362
    outer loop
      vertex 46.141 5.22734 0.7
      vertex 45.9899 4.46789 0.7
      vertex 46.1754 5.22281 0.629609
    endloop
  endfacet
  facet normal 0.995758 -0.0652818 0.0648454
    outer loop
      vertex 46.2669 6 0.478315
      vertex 46.2156 5.21751 0.478315
      vertex 46.272 6 0.4
    endloop
  endfacet
  facet normal -0.241207 0.211666 -0.94711
    outer loop
      vertex 2.07182 116.124 -0.179555
      vertex 1.59269 115.578 -0.179555
      vertex 2.01927 116.177 -0.154327
    endloop
  endfacet
  facet normal -0.21214 0.242163 -0.94676
    outer loop
      vertex 2.61815 116.603 -0.179555
      vertex 2.01927 116.177 -0.154327
      vertex 2.57291 116.662 -0.154327
    endloop
  endfacet
  facet normal 0.0212117 0.0623127 -0.997831
    outer loop
      vertex 42.3385 117.185 -0.2
      vertex 41.6899 117.488 -0.194866
      vertex 42.3685 117.257 -0.194866
    endloop
  endfacet
  facet normal 0.0367229 0.0549736 -0.997812
    outer loop
      vertex 43.607 116.542 -0.194866
      vertex 42.972 116.873 -0.2
      vertex 43.0112 116.94 -0.194866
    endloop
  endfacet
  facet normal 0.0249933 0.383818 -0.92307
    outer loop
      vertex 41.0068 117.777 -0.154327
      vertex 40.272 118.196 0
      vertex 41.0552 118.145 0
    endloop
  endfacet
  facet normal -0.214068 -0.320377 -0.922786
    outer loop
      vertex 3 0.803848 0
      vertex 2.34743 1.23988 0
      vertex 2.57291 1.53373 -0.154327
    endloop
  endfacet
  facet normal -0.0289943 -0.058795 -0.997849
    outer loop
      vertex 3.90354 0.938697 -0.194866
      vertex 3.3 1.32346 -0.2
      vertex 3.93351 1.01105 -0.2
    endloop
  endfacet
  facet normal -0.038137 -0.191728 0.980707
    outer loop
      vertex 5.28494 0.568553 0.994866
      vertex 4.58211 0.708354 0.994866
      vertex 5.27489 0.492235 0.979555
    endloop
  endfacet
  facet normal -0.267441 -0.787855 0.554762
    outer loop
      vertex 3.75135 0.571273 0.765256
      vertex 3.73466 0.530989 0.7
      vertex 4.47918 0.324208 0.765256
    endloop
  endfacet
  facet normal -0.178846 -0.526866 0.830919
    outer loop
      vertex 3.8187 0.733887 0.919615
      vertex 3.79373 0.673597 0.876012
      vertex 4.50784 0.43119 0.876012
    endloop
  endfacet
  facet normal -0.128896 -0.146974 0.980706
    outer loop
      vertex 2.12625 2.12625 0.994866
      vertex 2.07182 2.07182 0.979555
      vertex 2.66501 1.65376 0.994866
    endloop
  endfacet
  facet normal -0.103519 -0.30496 0.946722
    outer loop
      vertex 3.87408 0.86758 0.979555
      vertex 3.84564 0.798919 0.954328
      vertex 4.56219 0.634001 0.979555
    endloop
  endfacet
  facet normal -0.548576 -0.62553 0.554777
    outer loop
      vertex 2.42291 1.33825 0.765256
      vertex 1.8142 1.8142 0.7
      vertex 2.39637 1.30365 0.7
    endloop
  endfacet
  facet normal -0.433831 -0.879716 0.194656
    outer loop
      vertex 3.01022 0.821553 0.555291
      vertex 3.00257 0.808293 0.478315
      vertex 3.70586 0.461466 0.478315
    endloop
  endfacet
  facet normal -0.441348 -0.894958 0.0652794
    outer loop
      vertex 3.00257 0.808293 0.478315
      vertex 3 0.803848 0.4
      vertex 3.70586 0.461466 0.478315
    endloop
  endfacet
  facet normal -0.184778 -0.92894 0.320824
    outer loop
      vertex 4.45891 0.248562 0.629609
      vertex 4.45238 0.224194 0.555291
      vertex 5.22281 0.0966129 0.629609
    endloop
  endfacet
  facet normal -0.304447 -0.896874 0.320825
    outer loop
      vertex 4.45891 0.248562 0.629609
      vertex 3.72138 0.498919 0.629609
      vertex 4.45238 0.224194 0.555291
    endloop
  endfacet
  facet normal 0 -0.94693 0.321439
    outer loop
      vertex 6 0.0204449 0.555291
      vertex 40.272 0.0456724 0.629609
      vertex 6 0.0456724 0.629609
    endloop
  endfacet
  facet normal 0 -0.94693 0.321439
    outer loop
      vertex 40.272 0.0456724 0.629609
      vertex 6 0.0204449 0.555291
      vertex 40.272 0.0204449 0.555291
    endloop
  endfacet
  facet normal -0.195092 -0.980785 0
    outer loop
      vertex 4.44709 0.204446 0
      vertex 5.21684 0.0513315 0.4
      vertex 4.44709 0.204446 0.4
    endloop
  endfacet
  facet normal -0.195092 -0.980785 -0
    outer loop
      vertex 5.21684 0.0513315 0.4
      vertex 4.44709 0.204446 0
      vertex 5.21684 0.0513315 0
    endloop
  endfacet
  facet normal -0.0652631 -0.995731 0.0652712
    outer loop
      vertex 6 0.00513363 0.478315
      vertex 5.21751 0.0564203 0.478315
      vertex 6 0 0.4
    endloop
  endfacet
  facet normal 0.194688 -0.978687 0.0653339
    outer loop
      vertex 41.8249 0.204446 0.4
      vertex 41.0545 0.0564203 0.478315
      vertex 41.0552 0.0513315 0.4
    endloop
  endfacet
  facet normal 0 -0.831469 0.555571
    outer loop
      vertex 6 0.0803852 0.7
      vertex 40.272 0.123988 0.765256
      vertex 6 0.123988 0.765256
    endloop
  endfacet
  facet normal 0 -0.831469 0.555571
    outer loop
      vertex 40.272 0.123988 0.765256
      vertex 6 0.0803852 0.7
      vertex 40.272 0.0803852 0.7
    endloop
  endfacet
  facet normal 0.0619458 -0.945109 0.32083
    outer loop
      vertex 41.0492 0.0966129 0.629609
      vertex 40.272 0.0456724 0.629609
      vertex 41.0525 0.0716009 0.555291
    endloop
  endfacet
  facet normal 0.565759 -0.49617 0.658583
    outer loop
      vertex 44.9338 2.42291 0.765256
      vertex 44.3904 1.88162 0.824264
      vertex 44.427 1.84503 0.765256
    endloop
  endfacet
  facet normal 0.54866 -0.625657 0.55455
    outer loop
      vertex 44.427 1.84503 0.765256
      vertex 43.8491 1.33825 0.765256
      vertex 44.4578 1.8142 0.7
    endloop
  endfacet
  facet normal 0.418036 -0.625645 0.658646
    outer loop
      vertex 43.8491 1.33825 0.765256
      vertex 43.1841 0.956039 0.824264
      vertex 43.21 0.911224 0.765256
    endloop
  endfacet
  facet normal 0.267472 -0.788024 0.554505
    outer loop
      vertex 42.5207 0.571273 0.765256
      vertex 41.7928 0.324208 0.765256
      vertex 42.5373 0.530989 0.7
    endloop
  endfacet
  facet normal 0.021063 -0.321362 0.946722
    outer loop
      vertex 40.272 0.444709 0.979555
      vertex 40.272 0.370391 0.954328
      vertex 41.0068 0.418552 0.954328
    endloop
  endfacet
  facet normal 0 -0.751844 0.659341
    outer loop
      vertex 6 0.123988 0.765256
      vertex 40.272 0.175736 0.824264
      vertex 6 0.175736 0.824264
    endloop
  endfacet
  facet normal 0 -0.751844 0.659341
    outer loop
      vertex 40.272 0.175736 0.824264
      vertex 6 0.123988 0.765256
      vertex 40.272 0.123988 0.765256
    endloop
  endfacet
  facet normal 0.058684 -0.895342 0.441496
    outer loop
      vertex 41.0447 0.131028 0.7
      vertex 40.272 0.0456724 0.629609
      vertex 41.0492 0.0966129 0.629609
    endloop
  endfacet
  facet normal 0.0363902 -0.55521 0.830913
    outer loop
      vertex 41.016 0.348764 0.919615
      vertex 40.272 0.3 0.919615
      vertex 41.0245 0.284066 0.876012
    endloop
  endfacet
  facet normal -0.0492191 -0.75093 0.658545
    outer loop
      vertex 5.23978 0.225564 0.824264
      vertex 5.23303 0.174258 0.765256
      vertex 6 0.175736 0.824264
    endloop
  endfacet
  facet normal -0.0431762 -0.658735 0.751135
    outer loop
      vertex 5.24748 0.284066 0.876012
      vertex 5.23978 0.225564 0.824264
      vertex 6 0.175736 0.824264
    endloop
  endfacet
  facet normal -0.162319 -0.816031 0.554748
    outer loop
      vertex 5.23303 0.174258 0.765256
      vertex 4.47918 0.324208 0.765256
      vertex 5.22734 0.131028 0.7
    endloop
  endfacet
  facet normal -0.0431745 -0.658726 0.751143
    outer loop
      vertex 6 0.234744 0.876012
      vertex 5.24748 0.284066 0.876012
      vertex 6 0.175736 0.824264
    endloop
  endfacet
  facet normal 0.128779 -0.647467 0.751134
    outer loop
      vertex 41.7642 0.43119 0.876012
      vertex 41.0245 0.284066 0.876012
      vertex 41.0322 0.225564 0.824264
    endloop
  endfacet
  facet normal -0.0363897 -0.555203 0.830919
    outer loop
      vertex 5.256 0.348764 0.919615
      vertex 5.24748 0.284066 0.876012
      vertex 6 0.3 0.919615
    endloop
  endfacet
  facet normal -0.028977 -0.442106 0.896494
    outer loop
      vertex 5.26519 0.418552 0.954328
      vertex 5.256 0.348764 0.919615
      vertex 6 0.3 0.919615
    endloop
  endfacet
  facet normal 0 -0.321433 0.946932
    outer loop
      vertex 6 0.444709 0.979555
      vertex 40.272 0.370391 0.954328
      vertex 40.272 0.444709 0.979555
    endloop
  endfacet
  facet normal 0 -0.321433 0.946932
    outer loop
      vertex 40.272 0.370391 0.954328
      vertex 6 0.444709 0.979555
      vertex 6 0.370391 0.954328
    endloop
  endfacet
  facet normal -0.0210627 -0.321362 0.946722
    outer loop
      vertex 6 0.444709 0.979555
      vertex 5.26519 0.418552 0.954328
      vertex 6 0.370391 0.954328
    endloop
  endfacet
  facet normal -0.0628379 -0.185115 0.980706
    outer loop
      vertex 4.58211 0.708354 0.994866
      vertex 3.90354 0.938697 0.994866
      vertex 4.56219 0.634001 0.979555
    endloop
  endfacet
  facet normal -0.142434 -0.288825 0.946727
    outer loop
      vertex 3.22235 1.18898 0.979555
      vertex 3.1852 1.12461 0.954328
      vertex 3.87408 0.86758 0.979555
    endloop
  endfacet
  facet normal -0.498492 -0.746048 0.441495
    outer loop
      vertex 3.04019 0.873464 0.7
      vertex 2.39637 1.30365 0.7
      vertex 3.02284 0.843401 0.629609
    endloop
  endfacet
  facet normal -0.29198 -0.592079 0.751126
    outer loop
      vertex 3.11737 1.00714 0.876012
      vertex 3.08787 0.956039 0.824264
      vertex 3.79373 0.673597 0.876012
    endloop
  endfacet
  facet normal -0.591595 -0.674596 0.441516
    outer loop
      vertex 2.39637 1.30365 0.7
      vertex 1.78965 1.78965 0.629609
      vertex 2.37524 1.27611 0.629609
    endloop
  endfacet
  facet normal -0.646728 -0.737451 0.194704
    outer loop
      vertex 2.35988 1.2561 0.555291
      vertex 1.76099 1.76099 0.478315
      vertex 2.35056 1.24395 0.478315
    endloop
  endfacet
  facet normal -0.712107 -0.624491 0.320803
    outer loop
      vertex 1.27611 2.37524 0.629609
      vertex 1.2561 2.35988 0.555291
      vertex 1.78965 1.78965 0.629609
    endloop
  endfacet
  facet normal -0.646726 -0.737442 0.194743
    outer loop
      vertex 1.77182 1.77182 0.555291
      vertex 1.76099 1.76099 0.478315
      vertex 2.35988 1.2561 0.555291
    endloop
  endfacet
  facet normal -0.21235 -0.242133 0.94672
    outer loop
      vertex 2.61815 1.59269 0.979555
      vertex 2.01927 2.01927 0.954328
      vertex 2.57291 1.53373 0.954328
    endloop
  endfacet
  facet normal -0.647465 -0.128789 0.751134
    outer loop
      vertex 0.284066 5.24748 0.876012
      vertex 0.225564 5.23978 0.824264
      vertex 0.43119 4.50784 0.876012
    endloop
  endfacet
  facet normal -0.94511 0.0619846 0.320821
    outer loop
      vertex 0.0716009 112.976 0.555291
      vertex 0.0204449 112.196 0.555291
      vertex 0.0456724 112.196 0.629609
    endloop
  endfacet
  facet normal -0.442169 0.0289811 0.896463
    outer loop
      vertex 0.348764 112.94 0.919615
      vertex 0.3 112.196 0.919615
      vertex 0.418552 112.931 0.954328
    endloop
  endfacet
  facet normal -0.737776 0.146794 0.658892
    outer loop
      vertex 0.374193 113.703 0.824264
      vertex 0.174258 112.963 0.765256
      vertex 0.225564 112.956 0.824264
    endloop
  endfacet
  facet normal -0.737442 -0.646726 0.194743
    outer loop
      vertex 1.77182 1.77182 0.555291
      vertex 1.2561 2.35988 0.555291
      vertex 1.76099 1.76099 0.478315
    endloop
  endfacet
  facet normal -0.657941 -0.750236 0.0652708
    outer loop
      vertex 1.76099 1.76099 0.478315
      vertex 1.75736 1.75736 0.4
      vertex 2.35056 1.24395 0.478315
    endloop
  endfacet
  facet normal -0.751838 -0.659348 0
    outer loop
      vertex 1.75736 1.75736 0
      vertex 1.23988 2.34743 0.4
      vertex 1.23988 2.34743 0
    endloop
  endfacet
  facet normal -0.751838 -0.659348 0
    outer loop
      vertex 1.23988 2.34743 0.4
      vertex 1.75736 1.75736 0
      vertex 1.75736 1.75736 0.4
    endloop
  endfacet
  facet normal -0.962014 -0.191357 0.194708
    outer loop
      vertex 0.224194 4.45238 0.555291
      vertex 0.0564203 5.21751 0.478315
      vertex 0.209404 4.44841 0.478315
    endloop
  endfacet
  facet normal -0.496304 -0.435248 0.75116
    outer loop
      vertex 1.42612 2.49033 0.876012
      vertex 1.3793 2.45441 0.824264
      vertex 1.92335 1.92335 0.876012
    endloop
  endfacet
  facet normal -0.738085 -0.146814 0.658541
    outer loop
      vertex 0.225564 5.23978 0.824264
      vertex 0.174258 5.23303 0.765256
      vertex 0.374193 4.49257 0.824264
    endloop
  endfacet
  facet normal -0.978694 -0.194677 0.0652597
    outer loop
      vertex 0.0564203 5.21751 0.478315
      vertex 0.0513315 5.21684 0.4
      vertex 0.204446 4.44709 0.4
    endloop
  endfacet
  facet normal -0.750236 -0.657941 0.0652708
    outer loop
      vertex 1.76099 1.76099 0.478315
      vertex 1.24395 2.35056 0.478315
      vertex 1.75736 1.75736 0.4
    endloop
  endfacet
  facet normal -0.815554 -0.544941 0.194708
    outer loop
      vertex 1.2561 2.35988 0.555291
      vertex 0.821553 3.01022 0.555291
      vertex 1.24395 2.35056 0.478315
    endloop
  endfacet
  facet normal -0.377911 -0.0751714 -0.922785
    outer loop
      vertex 0.562215 4.54295 -0.154327
      vertex 0.204446 4.44709 0
      vertex 0.418552 5.26519 -0.154327
    endloop
  endfacet
  facet normal -0.894962 -0.441346 0.0652473
    outer loop
      vertex 0.461466 3.70586 0.478315
      vertex 0.456723 3.7039 0.4
      vertex 0.803848 3 0.4
    endloop
  endfacet
  facet normal 0.214067 -0.320379 -0.922785
    outer loop
      vertex 43.272 0.803848 0
      vertex 43.0868 1.12461 -0.154327
      vertex 43.6991 1.53373 -0.154327
    endloop
  endfacet
  facet normal 0.0251995 -0.384486 -0.922787
    outer loop
      vertex 41.0552 0.0513315 0
      vertex 40.272 0 0
      vertex 41.0068 0.418552 -0.154327
    endloop
  endfacet
  facet normal 0.0751748 -0.377901 -0.922789
    outer loop
      vertex 41.0552 0.0513315 0
      vertex 41.0068 0.418552 -0.154327
      vertex 41.8249 0.204446 0
    endloop
  endfacet
  facet normal 0.625649 -0.548693 0.554527
    outer loop
      vertex 44.9338 2.42291 0.765256
      vertex 44.427 1.84503 0.765256
      vertex 44.4578 1.8142 0.7
    endloop
  endfacet
  facet normal 0.30447 -0.896906 0.320714
    outer loop
      vertex 42.5506 0.498919 0.629609
      vertex 41.8131 0.248562 0.629609
      vertex 41.8196 0.224194 0.555291
    endloop
  endfacet
  facet normal 0.0861494 0.43449 0.896547
    outer loop
      vertex 41.7473 117.702 0.919615
      vertex 41.016 117.847 0.919615
      vertex 41.729 117.634 0.954328
    endloop
  endfacet
  facet normal -0.315061 0.928367 0.197156
    outer loop
      vertex 4.44841 117.987 0.478315
      vertex 3.70586 117.735 0.478315
      vertex 4.45238 117.972 0.555291
    endloop
  endfacet
  facet normal 0 0.943903 0.330223
    outer loop
      vertex 40.272 118.176 0.555291
      vertex 6 118.15 0.629609
      vertex 40.272 118.15 0.629609
    endloop
  endfacet
  facet normal 0 0.943903 0.330223
    outer loop
      vertex 6 118.15 0.629609
      vertex 40.272 118.176 0.555291
      vertex 6 118.176 0.555291
    endloop
  endfacet
  facet normal 0.179616 0.268623 0.946351
    outer loop
      vertex 43.0868 117.071 0.954328
      vertex 43.0496 117.007 0.979555
      vertex 43.6538 116.603 0.979555
    endloop
  endfacet
  facet normal 0.142547 0.419326 0.896575
    outer loop
      vertex 41.7473 117.702 0.919615
      vertex 41.729 117.634 0.954328
      vertex 42.4533 117.462 0.919615
    endloop
  endfacet
  facet normal -0 0.195026 0.980798
    outer loop
      vertex 6 117.751 0.979555
      vertex 40.272 117.674 0.994866
      vertex 40.272 117.751 0.979555
    endloop
  endfacet
  facet normal 0 0.195026 0.980798
    outer loop
      vertex 40.272 117.674 0.994866
      vertex 6 117.751 0.979555
      vertex 6 117.674 0.994866
    endloop
  endfacet
  facet normal -0.00433508 0.0659541 0.997813
    outer loop
      vertex 6 117.674 0.994866
      vertex 5.28494 117.627 0.994866
      vertex 5.29516 117.55 1
    endloop
  endfacet
  facet normal -0 0.444273 0.895892
    outer loop
      vertex 6 117.896 0.919615
      vertex 40.272 117.826 0.954328
      vertex 40.272 117.896 0.919615
    endloop
  endfacet
  facet normal 0 0.444273 0.895892
    outer loop
      vertex 40.272 117.826 0.954328
      vertex 6 117.896 0.919615
      vertex 6 117.826 0.954328
    endloop
  endfacet
  facet normal -0.0296128 0.444078 0.895499
    outer loop
      vertex 6 117.896 0.919615
      vertex 5.26519 117.777 0.954328
      vertex 6 117.826 0.954328
    endloop
  endfacet
  facet normal 0.461743 0.308565 0.831614
    outer loop
      vertex 44.8459 115.706 0.876012
      vertex 44.7941 115.666 0.919615
      vertex 45.2649 115.079 0.876012
    endloop
  endfacet
  facet normal 0.62521 0.548195 0.555513
    outer loop
      vertex 44.4578 116.382 0.7
      vertex 44.427 116.351 0.765256
      vertex 44.9338 115.773 0.765256
    endloop
  endfacet
  facet normal 0.674458 0.332686 0.659111
    outer loop
      vertex 45.7007 114.445 0.765256
      vertex 45.316 115.108 0.824264
      vertex 45.6529 114.425 0.824264
    endloop
  endfacet
  facet normal 0.461286 0.308168 0.832014
    outer loop
      vertex 45.2649 115.079 0.876012
      vertex 44.7941 115.666 0.919615
      vertex 45.2083 115.046 0.919615
    endloop
  endfacet
  facet normal 0.291879 0.592785 0.750608
    outer loop
      vertex 43.1841 117.24 0.824264
      vertex 42.4783 117.522 0.876012
      vertex 43.1546 117.189 0.876012
    endloop
  endfacet
  facet normal 0.365892 0.417426 0.831792
    outer loop
      vertex 43.7817 116.77 0.876012
      vertex 43.7419 116.718 0.919615
      vertex 44.3487 116.273 0.876012
    endloop
  endfacet
  facet normal 0.24596 0.368286 0.896587
    outer loop
      vertex 43.122 117.132 0.919615
      vertex 43.0868 117.071 0.954328
      vertex 43.7419 116.718 0.919615
    endloop
  endfacet
  facet normal 0.308352 0.461497 0.831829
    outer loop
      vertex 43.7817 116.77 0.876012
      vertex 43.1546 117.189 0.876012
      vertex 43.7419 116.718 0.919615
    endloop
  endfacet
  facet normal 0.305404 0.89767 0.317673
    outer loop
      vertex 42.5603 117.72 0.555291
      vertex 41.8196 117.972 0.555291
      vertex 42.5506 117.697 0.629609
    endloop
  endfacet
  facet normal 0.0491012 0.746535 0.663532
    outer loop
      vertex 41.039 118.022 0.765256
      vertex 40.272 118.02 0.824264
      vertex 41.0322 117.97 0.824264
    endloop
  endfacet
  facet normal 0.290886 0.589799 0.753341
    outer loop
      vertex 42.5008 117.577 0.824264
      vertex 42.4783 117.522 0.876012
      vertex 43.1841 117.24 0.824264
    endloop
  endfacet
  facet normal 0.550071 0.627943 0.550554
    outer loop
      vertex 43.8756 116.892 0.7
      vertex 43.8491 116.858 0.765256
      vertex 44.4578 116.382 0.7
    endloop
  endfacet
  facet normal 0.396491 0.8052 0.440962
    outer loop
      vertex 42.5506 117.697 0.629609
      vertex 42.5373 117.665 0.7
      vertex 43.2492 117.353 0.629609
    endloop
  endfacet
  facet normal 0.368819 0.747727 0.552156
    outer loop
      vertex 42.5373 117.665 0.7
      vertex 42.5207 117.625 0.765256
      vertex 43.21 117.285 0.765256
    endloop
  endfacet
  facet normal 0.646882 0.737721 0.19316
    outer loop
      vertex 43.9214 116.952 0.478315
      vertex 43.9121 116.94 0.555291
      vertex 44.511 116.435 0.478315
    endloop
  endfacet
  facet normal 0.526538 0.787496 0.320325
    outer loop
      vertex 43.9121 116.94 0.555291
      vertex 43.2492 117.353 0.629609
      vertex 43.8968 116.92 0.629609
    endloop
  endfacet
  facet normal 0.497528 0.744109 0.445833
    outer loop
      vertex 43.8968 116.92 0.629609
      vertex 43.2492 117.353 0.629609
      vertex 43.8756 116.892 0.7
    endloop
  endfacet
  facet normal 0.674425 0.59211 0.441085
    outer loop
      vertex 44.9959 115.821 0.629609
      vertex 44.4823 116.406 0.629609
      vertex 44.9683 115.8 0.7
    endloop
  endfacet
  facet normal 0.494989 0.564209 0.660798
    outer loop
      vertex 44.427 116.351 0.765256
      vertex 43.8491 116.858 0.765256
      vertex 44.3904 116.314 0.824264
    endloop
  endfacet
  facet normal 0.816196 0.545424 0.190623
    outer loop
      vertex 45.4637 115.193 0.478315
      vertex 45.028 115.845 0.478315
      vertex 45.4504 115.186 0.555291
    endloop
  endfacet
  facet normal 0.548296 0.624971 0.555682
    outer loop
      vertex 44.4578 116.382 0.7
      vertex 43.8491 116.858 0.765256
      vertex 44.427 116.351 0.765256
    endloop
  endfacet
  facet normal 0.657643 0.750502 0.0652042
    outer loop
      vertex 43.9246 116.956 0.4
      vertex 43.9214 116.952 0.478315
      vertex 44.5146 116.439 0.4
    endloop
  endfacet
  facet normal 0.803034 0.39634 0.44503
    outer loop
      vertex 45.7731 114.475 0.629609
      vertex 45.4286 115.173 0.629609
      vertex 45.741 114.461 0.7
    endloop
  endfacet
  facet normal 0.94493 0.320869 0.0644259
    outer loop
      vertex 46.0676 113.749 0.4
      vertex 45.8153 114.492 0.4
      vertex 46.0626 113.748 0.478315
    endloop
  endfacet
  facet normal 0.928728 0.315517 0.194712
    outer loop
      vertex 45.8105 114.49 0.478315
      vertex 45.7964 114.484 0.555291
      vertex 46.0478 113.744 0.555291
    endloop
  endfacet
  facet normal 0.850576 0.41923 0.31744
    outer loop
      vertex 45.7964 114.484 0.555291
      vertex 45.4504 115.186 0.555291
      vertex 45.7731 114.475 0.629609
    endloop
  endfacet
  facet normal 0.89691 0.442212 0
    outer loop
      vertex 45.8153 114.492 0.4
      vertex 45.4682 115.196 0
      vertex 45.4682 115.196 0.4
    endloop
  endfacet
  facet normal 0.89691 0.442212 0
    outer loop
      vertex 45.4682 115.196 0
      vertex 45.8153 114.492 0.4
      vertex 45.8153 114.492 0
    endloop
  endfacet
  facet normal 0.194874 0.0127826 0.980745
    outer loop
      vertex 45.7798 112.921 0.979555
      vertex 45.7034 112.911 0.994866
      vertex 45.7503 112.196 0.994866
    endloop
  endfacet
  facet normal 0.442057 0.0289893 0.896518
    outer loop
      vertex 45.972 112.196 0.919615
      vertex 45.8534 112.931 0.954328
      vertex 45.9016 112.196 0.954328
    endloop
  endfacet
  facet normal 0.0643771 0.0128011 0.997844
    outer loop
      vertex 45.5636 113.614 0.994866
      vertex 45.488 113.594 1
      vertex 45.6258 112.901 1
    endloop
  endfacet
  facet normal 0.0621718 0.0211365 0.997842
    outer loop
      vertex 45.5636 113.614 0.994866
      vertex 45.2609 114.262 1
      vertex 45.488 113.594 1
    endloop
  endfacet
  facet normal 0.321431 -0.0210844 0.946698
    outer loop
      vertex 45.9016 6 0.954328
      vertex 45.8273 6 0.979555
      vertex 45.8534 5.26519 0.954328
    endloop
  endfacet
  facet normal 0.750961 -0.0492922 0.658504
    outer loop
      vertex 46.0963 6 0.824264
      vertex 46.0464 5.23978 0.824264
      vertex 46.0977 5.23303 0.765256
    endloop
  endfacet
  facet normal 0.751234 0.049266 0.658195
    outer loop
      vertex 46.0977 112.963 0.765256
      vertex 46.0963 112.196 0.824264
      vertex 46.148 112.196 0.765256
    endloop
  endfacet
  facet normal 0.895396 0.058612 0.441395
    outer loop
      vertex 46.2263 112.196 0.629609
      vertex 46.141 112.969 0.7
      vertex 46.1916 112.196 0.7
    endloop
  endfacet
  facet normal 0.0543917 0.0363599 0.997857
    outer loop
      vertex 44.6182 115.531 0.994866
      vertex 44.5561 115.483 1
      vertex 44.9485 114.896 1
    endloop
  endfacet
  facet normal 0.129013 0.147166 0.980662
    outer loop
      vertex 43.6538 116.603 0.979555
      vertex 43.607 116.542 0.994866
      vertex 44.2002 116.124 0.979555
    endloop
  endfacet
  facet normal 0.291672 0.332927 0.896709
    outer loop
      vertex 43.7419 116.718 0.919615
      vertex 43.6991 116.662 0.954328
      vertex 44.2527 116.177 0.954328
    endloop
  endfacet
  facet normal 0.0860976 0.174797 0.980833
    outer loop
      vertex 43.0496 117.007 0.979555
      vertex 42.3979 117.328 0.979555
      vertex 43.0112 116.94 0.994866
    endloop
  endfacet
  facet normal 0.0491665 0.0431202 0.997859
    outer loop
      vertex 44.6182 115.531 0.994866
      vertex 44.0904 116.014 1
      vertex 44.5561 115.483 1
    endloop
  endfacet
  facet normal 0.333016 -0.292043 0.896555
    outer loop
      vertex 44.7941 2.53006 0.919615
      vertex 44.2527 2.01927 0.954328
      vertex 44.3025 1.96949 0.919615
    endloop
  endfacet
  facet normal 0.692044 -0.462423 0.554292
    outer loop
      vertex 45.3608 3.06199 0.765256
      vertex 44.9683 2.39637 0.7
      vertex 45.3985 3.04019 0.7
    endloop
  endfacet
  facet normal 0.712659 -0.241926 0.658474
    outer loop
      vertex 45.8978 4.49257 0.824264
      vertex 45.6529 3.77115 0.824264
      vertex 45.7007 3.75135 0.765256
    endloop
  endfacet
  facet normal 0.0544586 -0.0363953 0.997853
    outer loop
      vertex 44.9485 3.3 1
      vertex 44.6182 2.66501 0.994866
      vertex 45.0164 3.26084 0.994866
    endloop
  endfacet
  facet normal 0.944827 0.0620194 0.321646
    outer loop
      vertex 46.2516 112.196 0.555291
      vertex 46.2004 112.976 0.555291
      vertex 46.2263 112.196 0.629609
    endloop
  endfacet
  facet normal 0.978711 0.0642436 0.19493
    outer loop
      vertex 46.2156 112.978 0.478315
      vertex 46.2004 112.976 0.555291
      vertex 46.2516 112.196 0.555291
    endloop
  endfacet
  facet normal 0.288999 0.142461 -0.94667
    outer loop
      vertex 45.4044 114.322 -0.179555
      vertex 45.083 114.974 -0.179555
      vertex 45.1474 115.011 -0.154327
    endloop
  endfacet
  facet normal 0.289471 0.2539 -0.922898
    outer loop
      vertex 44.7383 115.623 -0.154327
      vertex 44.5146 116.439 0
      vertex 45.0321 115.849 0
    endloop
  endfacet
  facet normal 0.174971 0.086251 -0.980788
    outer loop
      vertex 45.4044 114.322 -0.179555
      vertex 45.0164 114.935 -0.194866
      vertex 45.083 114.974 -0.179555
    endloop
  endfacet
  facet normal 0.129013 0.147166 -0.980662
    outer loop
      vertex 44.2002 116.124 -0.179555
      vertex 43.607 116.542 -0.194866
      vertex 43.6538 116.603 -0.179555
    endloop
  endfacet
  facet normal 0.146729 0.128751 -0.980762
    outer loop
      vertex 44.6182 115.531 -0.194866
      vertex 44.2002 116.124 -0.179555
      vertex 44.6793 115.578 -0.179555
    endloop
  endfacet
  facet normal 0.831599 0.555376 0
    outer loop
      vertex 45.4682 115.196 0.4
      vertex 45.0321 115.849 0
      vertex 45.0321 115.849 0.4
    endloop
  endfacet
  facet normal 0.831599 0.555376 0
    outer loop
      vertex 45.0321 115.849 0
      vertex 45.4682 115.196 0.4
      vertex 45.4682 115.196 0
    endloop
  endfacet
  facet normal 0.289723 0.253952 -0.922805
    outer loop
      vertex 44.7383 115.623 -0.154327
      vertex 44.2527 116.177 -0.154327
      vertex 44.5146 116.439 0
    endloop
  endfacet
  facet normal 0.315997 0.0628493 -0.946676
    outer loop
      vertex 45.8534 112.931 -0.154327
      vertex 45.638 113.634 -0.179555
      vertex 45.7098 113.653 -0.154327
    endloop
  endfacet
  facet normal 0.315961 0.0628376 -0.946689
    outer loop
      vertex 45.7798 112.921 -0.179555
      vertex 45.638 113.634 -0.179555
      vertex 45.8534 112.931 -0.154327
    endloop
  endfacet
  facet normal 0.305348 0.103676 -0.94658
    outer loop
      vertex 45.638 113.634 -0.179555
      vertex 45.4044 114.322 -0.179555
      vertex 45.4731 114.35 -0.154327
    endloop
  endfacet
  facet normal 0.289448 0.142622 -0.946509
    outer loop
      vertex 45.4044 114.322 -0.179555
      vertex 45.1474 115.011 -0.154327
      vertex 45.4731 114.35 -0.154327
    endloop
  endfacet
  facet normal 0.0654272 0.00428757 -0.997848
    outer loop
      vertex 45.672 112.196 -0.2
      vertex 45.6258 112.901 -0.2
      vertex 45.7503 112.196 -0.194866
    endloop
  endfacet
  facet normal 0.19156 0.038094 -0.980741
    outer loop
      vertex 45.7034 112.911 -0.194866
      vertex 45.5636 113.614 -0.194866
      vertex 45.7798 112.921 -0.179555
    endloop
  endfacet
  facet normal 0.745835 -0.498337 0.44203
    outer loop
      vertex 45.4286 3.02284 0.629609
      vertex 44.9683 2.39637 0.7
      vertex 44.9959 2.37524 0.629609
    endloop
  endfacet
  facet normal 0.674391 -0.591484 0.441977
    outer loop
      vertex 44.9683 2.39637 0.7
      vertex 44.4823 1.78965 0.629609
      vertex 44.9959 2.37524 0.629609
    endloop
  endfacet
  facet normal 0.17883 -0.526811 0.830957
    outer loop
      vertex 42.4533 0.733887 0.919615
      vertex 41.7642 0.43119 0.876012
      vertex 42.4783 0.673597 0.876012
    endloop
  endfacet
  facet normal 0.292001 -0.592068 0.751126
    outer loop
      vertex 43.1546 1.00714 0.876012
      vertex 42.4783 0.673597 0.876012
      vertex 43.1841 0.956039 0.824264
    endloop
  endfacet
  facet normal 0.178851 -0.267674 0.946764
    outer loop
      vertex 43.6538 1.59269 0.979555
      vertex 43.0868 1.12461 0.954328
      vertex 43.6991 1.53373 0.954328
    endloop
  endfacet
  facet normal 0.0493013 -0.0432328 0.997848
    outer loop
      vertex 44.5561 2.71269 1
      vertex 44.0904 2.18162 1
      vertex 44.6182 2.66501 0.994866
    endloop
  endfacet
  facet normal 0.10854 -0.545686 0.830931
    outer loop
      vertex 41.7473 0.494224 0.919615
      vertex 41.016 0.348764 0.919615
      vertex 41.7642 0.43119 0.876012
    endloop
  endfacet
  facet normal 0.0289882 -0.0587824 0.99785
    outer loop
      vertex 42.972 1.32346 1
      vertex 42.3685 0.938697 0.994866
      vertex 43.0112 1.25564 0.994866
    endloop
  endfacet
  facet normal 0.212426 -0.242251 -0.946673
    outer loop
      vertex 44.2527 2.01927 -0.154327
      vertex 43.6538 1.59269 -0.179555
      vertex 44.2002 2.07182 -0.179555
    endloop
  endfacet
  facet normal 0.289714 -0.254083 -0.922772
    outer loop
      vertex 45.0321 2.34743 0
      vertex 44.5146 1.75736 0
      vertex 44.7383 2.57291 -0.154327
    endloop
  endfacet
  facet normal 0.565648 -0.496037 0.65878
    outer loop
      vertex 44.8927 2.45441 0.824264
      vertex 44.3904 1.88162 0.824264
      vertex 44.9338 2.42291 0.765256
    endloop
  endfacet
  facet normal 0.625508 -0.417986 0.658808
    outer loop
      vertex 45.316 3.08787 0.824264
      vertex 44.8927 2.45441 0.824264
      vertex 44.9338 2.42291 0.765256
    endloop
  endfacet
  facet normal 0.242249 -0.212438 0.946671
    outer loop
      vertex 44.6793 2.61815 0.979555
      vertex 44.2002 2.07182 0.979555
      vertex 44.2527 2.01927 0.954328
    endloop
  endfacet
  facet normal 0.178856 -0.267679 0.946762
    outer loop
      vertex 43.6538 1.59269 0.979555
      vertex 43.0496 1.18898 0.979555
      vertex 43.0868 1.12461 0.954328
    endloop
  endfacet
  facet normal -0.345714 0.170342 -0.922749
    outer loop
      vertex 1.12461 115.011 -0.154327
      vertex 0.798919 114.35 -0.154327
      vertex 0.803848 115.196 0
    endloop
  endfacet
  facet normal -0.289572 0.142679 -0.946462
    outer loop
      vertex 0.86758 114.322 -0.179555
      vertex 0.798919 114.35 -0.154327
      vertex 1.12461 115.011 -0.154327
    endloop
  endfacet
  facet normal -0.184705 0.0627081 -0.980791
    outer loop
      vertex 0.938697 114.292 -0.194866
      vertex 0.634001 113.634 -0.179555
      vertex 0.86758 114.322 -0.179555
    endloop
  endfacet
  facet normal -0.174815 0.0861686 -0.980823
    outer loop
      vertex 0.938697 114.292 -0.194866
      vertex 0.86758 114.322 -0.179555
      vertex 1.25564 114.935 -0.194866
    endloop
  endfacet
  facet normal -0.738067 0.646797 0.192121
    outer loop
      vertex 1.76099 116.435 0.478315
      vertex 1.24395 115.845 0.478315
      vertex 1.2561 115.836 0.555291
    endloop
  endfacet
  facet normal -0.657755 0.750083 0.0687989
    outer loop
      vertex 2.35056 116.952 0.478315
      vertex 1.75736 116.439 0.4
      vertex 1.76099 116.435 0.478315
    endloop
  endfacet
  facet normal -0.64688 0.737681 0.193321
    outer loop
      vertex 2.35056 116.952 0.478315
      vertex 1.76099 116.435 0.478315
      vertex 2.35988 116.94 0.555291
    endloop
  endfacet
  facet normal -0.674549 0.332821 0.658949
    outer loop
      vertex 0.911224 115.134 0.765256
      vertex 0.571273 114.445 0.765256
      vertex 0.956039 115.108 0.824264
    endloop
  endfacet
  facet normal -0.816286 0.545431 0.190215
    outer loop
      vertex 1.24395 115.845 0.478315
      vertex 0.808293 115.193 0.478315
      vertex 0.821553 115.186 0.555291
    endloop
  endfacet
  facet normal -0.831639 0.555316 0
    outer loop
      vertex 0.803848 115.196 0
      vertex 1.23988 115.849 0.4
      vertex 1.23988 115.849 0
    endloop
  endfacet
  facet normal -0.831639 0.555316 0
    outer loop
      vertex 1.23988 115.849 0.4
      vertex 0.803848 115.196 0
      vertex 0.803848 115.196 0.4
    endloop
  endfacet
  facet normal 0 0.195026 -0.980798
    outer loop
      vertex 6 117.674 -0.194866
      vertex 40.272 117.751 -0.179555
      vertex 40.272 117.674 -0.194866
    endloop
  endfacet
  facet normal 0 0.195026 -0.980798
    outer loop
      vertex 40.272 117.751 -0.179555
      vertex 6 117.674 -0.194866
      vertex 6 117.751 -0.179555
    endloop
  endfacet
  facet normal 0 0.384956 -0.922935
    outer loop
      vertex 6 117.826 -0.154327
      vertex 40.272 118.196 0
      vertex 40.272 117.826 -0.154327
    endloop
  endfacet
  facet normal 0 0.384956 -0.922935
    outer loop
      vertex 40.272 118.196 0
      vertex 6 117.826 -0.154327
      vertex 6 118.196 0
    endloop
  endfacet
  facet normal -0.036732 0.0549901 -0.997811
    outer loop
      vertex 3.3 116.873 -0.2
      vertex 2.66501 116.542 -0.194866
      vertex 3.26084 116.94 -0.194866
    endloop
  endfacet
  facet normal -0.108202 0.161985 -0.980843
    outer loop
      vertex 3.26084 116.94 -0.194866
      vertex 2.66501 116.542 -0.194866
      vertex 3.22235 117.007 -0.179555
    endloop
  endfacet
  facet normal -0.178825 0.267709 -0.94676
    outer loop
      vertex 2.61815 116.603 -0.179555
      vertex 2.57291 116.662 -0.154327
      vertex 3.1852 117.071 -0.154327
    endloop
  endfacet
  facet normal -0.179683 0.268723 -0.94631
    outer loop
      vertex 3.22235 117.007 -0.179555
      vertex 2.61815 116.603 -0.179555
      vertex 3.1852 117.071 -0.154327
    endloop
  endfacet
  facet normal -0.195075 0.0127871 0.980705
    outer loop
      vertex 0.568553 112.911 0.994866
      vertex 0.492235 112.921 0.979555
      vertex 0.521685 112.196 0.994866
    endloop
  endfacet
  facet normal -0.191753 0.0381327 0.980702
    outer loop
      vertex 0.708354 113.614 0.994866
      vertex 0.492235 112.921 0.979555
      vertex 0.568553 112.911 0.994866
    endloop
  endfacet
  facet normal -0.555206 0.0363663 0.830918
    outer loop
      vertex 0.284066 112.949 0.876012
      vertex 0.234744 112.196 0.876012
      vertex 0.3 112.196 0.919615
    endloop
  endfacet
  facet normal -0.43454 -0.0864357 0.896495
    outer loop
      vertex 0.418552 5.26519 0.954328
      vertex 0.348764 5.256 0.919615
      vertex 0.562215 4.54295 0.954328
    endloop
  endfacet
  facet normal 0.184369 0.926576 0.327818
    outer loop
      vertex 41.8196 117.972 0.555291
      vertex 41.0492 118.099 0.629609
      vertex 41.8131 117.947 0.629609
    endloop
  endfacet
  facet normal 0.30333 0.894823 0.327541
    outer loop
      vertex 41.8196 117.972 0.555291
      vertex 41.8131 117.947 0.629609
      vertex 42.5506 117.697 0.629609
    endloop
  endfacet
  facet normal 0.179134 0.526953 0.830801
    outer loop
      vertex 41.7642 117.765 0.876012
      vertex 41.7473 117.702 0.919615
      vertex 42.4533 117.462 0.919615
    endloop
  endfacet
  facet normal 0.211409 0.622492 0.753532
    outer loop
      vertex 42.5008 117.577 0.824264
      vertex 41.7794 117.822 0.824264
      vertex 42.4783 117.522 0.876012
    endloop
  endfacet
  facet normal 0.419402 0.850319 0.317898
    outer loop
      vertex 42.5603 117.72 0.555291
      vertex 42.5506 117.697 0.629609
      vertex 43.2618 117.374 0.555291
    endloop
  endfacet
  facet normal 0.267753 0.78842 0.553807
    outer loop
      vertex 41.8041 117.914 0.7
      vertex 41.7928 117.872 0.765256
      vertex 42.5373 117.665 0.7
    endloop
  endfacet
  facet normal 0.315072 0.928338 0.197274
    outer loop
      vertex 41.8236 117.987 0.478315
      vertex 41.8196 117.972 0.555291
      vertex 42.5661 117.735 0.478315
    endloop
  endfacet
  facet normal 0.544437 0.814158 0.201828
    outer loop
      vertex 43.2694 117.388 0.478315
      vertex 43.2618 117.374 0.555291
      vertex 43.9214 116.952 0.478315
    endloop
  endfacet
  facet normal 0.320875 0.945436 0.0564833
    outer loop
      vertex 42.5681 117.739 0.4
      vertex 41.8236 117.987 0.478315
      vertex 42.5661 117.735 0.478315
    endloop
  endfacet
  facet normal 0.441441 0.895477 0.0570107
    outer loop
      vertex 42.5681 117.739 0.4
      vertex 42.5661 117.735 0.478315
      vertex 43.272 117.392 0.4
    endloop
  endfacet
  facet normal 0.0588888 0.897418 0.437232
    outer loop
      vertex 41.0492 118.099 0.629609
      vertex 40.272 118.15 0.629609
      vertex 41.0447 118.065 0.7
    endloop
  endfacet
  facet normal 0.0620209 0.94515 0.320695
    outer loop
      vertex 41.0525 118.124 0.555291
      vertex 40.272 118.15 0.629609
      vertex 41.0492 118.099 0.629609
    endloop
  endfacet
  facet normal -0.0634456 0.318434 -0.945819
    outer loop
      vertex 5.27489 117.704 -0.179555
      vertex 4.56219 117.562 -0.179555
      vertex 5.26519 117.777 -0.154327
    endloop
  endfacet
  facet normal -0.0126401 0.19501 -0.98072
    outer loop
      vertex 6 117.674 -0.194866
      vertex 5.27489 117.704 -0.179555
      vertex 6 117.751 -0.179555
    endloop
  endfacet
  facet normal -0.147528 0.129324 0.980567
    outer loop
      vertex 2.07182 116.124 0.979555
      vertex 1.65376 115.531 0.994866
      vertex 2.12625 116.07 0.994866
    endloop
  endfacet
  facet normal -0.946906 0.321511 0
    outer loop
      vertex 0.204446 113.749 0
      vertex 0.456723 114.492 0.4
      vertex 0.456723 114.492 0
    endloop
  endfacet
  facet normal -0.946906 0.321511 0
    outer loop
      vertex 0.456723 114.492 0.4
      vertex 0.204446 113.749 0
      vertex 0.204446 113.749 0.4
    endloop
  endfacet
  facet normal -0.62411 0.54749 0.557442
    outer loop
      vertex 1.8142 116.382 0.7
      vertex 1.30365 115.8 0.7
      vertex 1.33825 115.773 0.765256
    endloop
  endfacet
  facet normal -0.567057 0.497979 0.656098
    outer loop
      vertex 1.88162 116.314 0.824264
      vertex 1.33825 115.773 0.765256
      vertex 1.3793 115.742 0.824264
    endloop
  endfacet
  facet normal -0.184705 0.0627081 0.980791
    outer loop
      vertex 0.86758 114.322 0.979555
      vertex 0.634001 113.634 0.979555
      vertex 0.938697 114.292 0.994866
    endloop
  endfacet
  facet normal -0.366078 0.417624 0.831611
    outer loop
      vertex 2.49033 116.77 0.876012
      vertex 1.92335 116.273 0.876012
      vertex 2.53006 116.718 0.919615
    endloop
  endfacet
  facet normal -0.367038 0.419044 0.830473
    outer loop
      vertex 2.53006 116.718 0.919615
      vertex 1.92335 116.273 0.876012
      vertex 1.96949 116.227 0.919615
    endloop
  endfacet
  facet normal -0.291349 0.332631 0.896924
    outer loop
      vertex 2.53006 116.718 0.919615
      vertex 1.96949 116.227 0.919615
      vertex 2.01927 116.177 0.954328
    endloop
  endfacet
  facet normal -0.36623 0.548069 0.751995
    outer loop
      vertex 3.11737 117.189 0.876012
      vertex 2.45441 116.817 0.824264
      vertex 2.49033 116.77 0.876012
    endloop
  endfacet
  facet normal -0.34558 -0.17042 -0.922785
    outer loop
      vertex 0.803848 3 0
      vertex 0.798919 3.84564 -0.154327
      vertex 1.12461 3.1852 -0.154327
    endloop
  endfacet
  facet normal -0.0492859 -0.043222 -0.997849
    outer loop
      vertex 2.18162 2.18162 -0.2
      vertex 1.65376 2.66501 -0.194866
      vertex 1.71589 2.71269 -0.2
    endloop
  endfacet
  facet normal 0.0654278 0 -0.997857
    outer loop
      vertex 45.672 6 -0.2
      vertex 45.7503 112.196 -0.194866
      vertex 45.7503 6 -0.194866
    endloop
  endfacet
  facet normal 0.0654278 0 -0.997857
    outer loop
      vertex 45.7503 112.196 -0.194866
      vertex 45.672 6 -0.2
      vertex 45.672 112.196 -0.2
    endloop
  endfacet
  facet normal 0.191536 -0.0380984 -0.980746
    outer loop
      vertex 45.7798 5.27489 -0.179555
      vertex 45.5636 4.58211 -0.194866
      vertex 45.7034 5.28494 -0.194866
    endloop
  endfacet
  facet normal 0.185015 -0.0627922 -0.980728
    outer loop
      vertex 45.638 4.56219 -0.179555
      vertex 45.3333 3.90354 -0.194866
      vertex 45.5636 4.58211 -0.194866
    endloop
  endfacet
  facet normal 0.0654519 -0.00429292 -0.997846
    outer loop
      vertex 45.7034 5.28494 -0.194866
      vertex 45.6258 5.29516 -0.2
      vertex 45.7503 6 -0.194866
    endloop
  endfacet
  facet normal 0.267687 -0.178854 -0.94676
    outer loop
      vertex 44.7383 2.57291 -0.154327
      vertex 44.6793 2.61815 -0.179555
      vertex 45.1474 3.1852 -0.154327
    endloop
  endfacet
  facet normal 0.304832 -0.103485 -0.946767
    outer loop
      vertex 45.4731 3.84564 -0.154327
      vertex 45.4044 3.87408 -0.179555
      vertex 45.638 4.56219 -0.179555
    endloop
  endfacet
  facet normal -0.0751718 -0.37791 -0.922786
    outer loop
      vertex 5.21684 0.0513315 0
      vertex 4.44709 0.204446 0
      vertex 5.26519 0.418552 -0.154327
    endloop
  endfacet
  facet normal -0.00428754 -0.0654148 -0.997849
    outer loop
      vertex 6 0.521685 -0.194866
      vertex 5.29516 0.646198 -0.2
      vertex 6 0.6 -0.2
    endloop
  endfacet
  facet normal 0.0127853 -0.195075 -0.980705
    outer loop
      vertex 40.9971 0.492235 -0.179555
      vertex 40.272 0.521685 -0.194866
      vertex 40.9871 0.568553 -0.194866
    endloop
  endfacet
  facet normal -0.0252001 -0.384488 -0.922786
    outer loop
      vertex 6 0 0
      vertex 5.26519 0.418552 -0.154327
      vertex 6 0.370391 -0.154327
    endloop
  endfacet
  facet normal -0.0210635 -0.321373 -0.946718
    outer loop
      vertex 6 0.370391 -0.154327
      vertex 5.26519 0.418552 -0.154327
      vertex 6 0.444709 -0.179555
    endloop
  endfacet
  facet normal -0.064295 -0.0127891 -0.997849
    outer loop
      vertex 0.708354 4.58211 -0.194866
      vertex 0.646198 5.29516 -0.2
      vertex 0.784001 4.60238 -0.2
    endloop
  endfacet
  facet normal -0.320377 -0.21407 -0.922785
    outer loop
      vertex 1.53373 2.57291 -0.154327
      vertex 0.803848 3 0
      vertex 1.12461 3.1852 -0.154327
    endloop
  endfacet
  facet normal -0.28885 -0.142444 -0.946718
    outer loop
      vertex 1.12461 3.1852 -0.154327
      vertex 0.798919 3.84564 -0.154327
      vertex 0.86758 3.87408 -0.179555
    endloop
  endfacet
  facet normal -0.0654149 -0.00428756 -0.997849
    outer loop
      vertex 0.568553 5.28494 -0.194866
      vertex 0.521685 6 -0.194866
      vertex 0.646198 5.29516 -0.2
    endloop
  endfacet
  facet normal -0.0642958 -0.0127892 -0.997849
    outer loop
      vertex 0.708354 4.58211 -0.194866
      vertex 0.568553 5.28494 -0.194866
      vertex 0.646198 5.29516 -0.2
    endloop
  endfacet
  facet normal 0.0865106 -0.175417 -0.980686
    outer loop
      vertex 43.0496 1.18898 -0.179555
      vertex 42.3979 0.86758 -0.179555
      vertex 43.0112 1.25564 -0.194866
    endloop
  endfacet
  facet normal 0.254068 -0.289681 -0.922786
    outer loop
      vertex 44.5146 1.75736 0
      vertex 43.6991 1.53373 -0.154327
      vertex 44.2527 2.01927 -0.154327
    endloop
  endfacet
  facet normal 0.123837 -0.36486 -0.92279
    outer loop
      vertex 41.8249 0.204446 0
      vertex 41.729 0.562215 -0.154327
      vertex 42.4264 0.798919 -0.154327
    endloop
  endfacet
  facet normal 0.128948 -0.147053 -0.980687
    outer loop
      vertex 43.6538 1.59269 -0.179555
      vertex 43.607 1.65376 -0.194866
      vertex 44.2002 2.07182 -0.179555
    endloop
  endfacet
  facet normal 0.364859 -0.123863 -0.922787
    outer loop
      vertex 45.8153 3.7039 0
      vertex 45.4731 3.84564 -0.154327
      vertex 46.0676 4.44709 0
    endloop
  endfacet
  facet normal 0.345579 -0.170409 -0.922787
    outer loop
      vertex 45.8153 3.7039 0
      vertex 45.4682 3 0
      vertex 45.4731 3.84564 -0.154327
    endloop
  endfacet
  facet normal 0.384421 -0.025181 -0.922815
    outer loop
      vertex 46.2207 5.21684 0
      vertex 45.8534 5.26519 -0.154327
      vertex 46.272 6 0
    endloop
  endfacet
  facet normal 0.377843 -0.0751513 -0.922815
    outer loop
      vertex 46.0676 4.44709 0
      vertex 45.8534 5.26519 -0.154327
      vertex 46.2207 5.21684 0
    endloop
  endfacet
  facet normal 0.997886 -0 0.064984
    outer loop
      vertex 46.2669 6 0.478315
      vertex 46.272 112.196 0.4
      vertex 46.2669 112.196 0.478315
    endloop
  endfacet
  facet normal 0.997886 0 0.064984
    outer loop
      vertex 46.272 112.196 0.4
      vertex 46.2669 6 0.478315
      vertex 46.272 6 0.4
    endloop
  endfacet
  facet normal 0.995755 0.0653225 0.0648452
    outer loop
      vertex 46.272 112.196 0.4
      vertex 46.2156 112.978 0.478315
      vertex 46.2669 112.196 0.478315
    endloop
  endfacet
  facet normal 0.064332 -0.0127963 0.997847
    outer loop
      vertex 45.6258 5.29516 1
      vertex 45.5636 4.58211 0.994866
      vertex 45.7034 5.28494 0.994866
    endloop
  endfacet
  facet normal 0.185145 -0.0628532 0.980699
    outer loop
      vertex 45.638 4.56219 0.979555
      vertex 45.3333 3.90354 0.994866
      vertex 45.4044 3.87408 0.979555
    endloop
  endfacet
  facet normal 0.647481 -0.128771 0.751124
    outer loop
      vertex 45.9879 5.24748 0.876012
      vertex 45.8408 4.50784 0.876012
      vertex 46.0464 5.23978 0.824264
    endloop
  endfacet
  facet normal 0.787944 -0.267473 0.554619
    outer loop
      vertex 45.9478 4.47918 0.765256
      vertex 45.741 3.73466 0.7
      vertex 45.9899 4.46789 0.7
    endloop
  endfacet
  facet normal 0.894935 -0.441302 0.0659051
    outer loop
      vertex 45.8105 3.70586 0.478315
      vertex 45.4637 3.00257 0.478315
      vertex 45.4682 3 0.4
    endloop
  endfacet
  facet normal 0.894936 -0.441302 0.065896
    outer loop
      vertex 45.8105 3.70586 0.478315
      vertex 45.4682 3 0.4
      vertex 45.8153 3.7039 0.4
    endloop
  endfacet
  facet normal 0.895412 -0.0586426 0.441361
    outer loop
      vertex 46.2263 6 0.629609
      vertex 46.141 5.22734 0.7
      vertex 46.1754 5.22281 0.629609
    endloop
  endfacet
  facet normal 0.745911 -0.498417 0.44181
    outer loop
      vertex 45.3985 3.04019 0.7
      vertex 44.9683 2.39637 0.7
      vertex 45.4286 3.02284 0.629609
    endloop
  endfacet
  facet normal 0.945158 -0.0619007 0.320693
    outer loop
      vertex 46.2263 6 0.629609
      vertex 46.1754 5.22281 0.629609
      vertex 46.2004 5.21951 0.555291
    endloop
  endfacet
  facet normal 0.944829 -0.0619806 0.321647
    outer loop
      vertex 46.2263 6 0.629609
      vertex 46.2004 5.21951 0.555291
      vertex 46.2516 6 0.555291
    endloop
  endfacet
  facet normal 0.849504 -0.28837 0.441798
    outer loop
      vertex 45.9899 4.46789 0.7
      vertex 45.741 3.73466 0.7
      vertex 45.7731 3.72138 0.629609
    endloop
  endfacet
  facet normal 0.787758 -0.267446 0.554896
    outer loop
      vertex 45.9478 4.47918 0.765256
      vertex 45.7007 3.75135 0.765256
      vertex 45.741 3.73466 0.7
    endloop
  endfacet
  facet normal -0.0429462 0.0490206 -0.997874
    outer loop
      vertex 2.18162 116.014 -0.2
      vertex 2.12625 116.07 -0.194866
      vertex 2.66501 116.542 -0.194866
    endloop
  endfacet
  facet normal -0.0491511 0.0431095 -0.997861
    outer loop
      vertex 1.71589 115.483 -0.2
      vertex 1.65376 115.531 -0.194866
      vertex 2.18162 116.014 -0.2
    endloop
  endfacet
  facet normal 0.0624056 0.31517 -0.946981
    outer loop
      vertex 41.7098 117.562 -0.179555
      vertex 41.0068 117.777 -0.154327
      vertex 41.729 117.634 -0.154327
    endloop
  endfacet
  facet normal 0.147583 0.129347 -0.980555
    outer loop
      vertex 44.6182 115.531 -0.194866
      vertex 44.1458 116.07 -0.194866
      vertex 44.2002 116.124 -0.179555
    endloop
  endfacet
  facet normal 0.0383662 0.192561 -0.980535
    outer loop
      vertex 41.6899 117.488 -0.194866
      vertex 40.9971 117.704 -0.179555
      vertex 41.7098 117.562 -0.179555
    endloop
  endfacet
  facet normal 0.0634456 0.318434 -0.945819
    outer loop
      vertex 41.7098 117.562 -0.179555
      vertex 40.9971 117.704 -0.179555
      vertex 41.0068 117.777 -0.154327
    endloop
  endfacet
  facet normal 0.213925 0.32026 -0.92286
    outer loop
      vertex 43.6991 116.662 -0.154327
      vertex 43.0868 117.071 -0.154327
      vertex 43.272 117.392 0
    endloop
  endfacet
  facet normal 0.25386 0.289705 -0.922836
    outer loop
      vertex 44.5146 116.439 0
      vertex 43.6991 116.662 -0.154327
      vertex 43.9246 116.956 0
    endloop
  endfacet
  facet normal -0.146972 -0.128894 -0.980707
    outer loop
      vertex 2.07182 2.07182 -0.179555
      vertex 1.59269 2.61815 -0.179555
      vertex 1.65376 2.66501 -0.194866
    endloop
  endfacet
  facet normal -0.0364208 -0.0545078 -0.997849
    outer loop
      vertex 3.26084 1.25564 -0.194866
      vertex 2.66501 1.65376 -0.194866
      vertex 3.3 1.32346 -0.2
    endloop
  endfacet
  facet normal -0.0432295 -0.0492927 -0.997848
    outer loop
      vertex 2.66501 1.65376 -0.194866
      vertex 2.12625 2.12625 -0.194866
      vertex 2.18162 2.18162 -0.2
    endloop
  endfacet
  facet normal -0.0289947 -0.0587957 -0.997849
    outer loop
      vertex 3.90354 0.938697 -0.194866
      vertex 3.26084 1.25564 -0.194866
      vertex 3.3 1.32346 -0.2
    endloop
  endfacet
  facet normal -0.462235 -0.691774 0.554786
    outer loop
      vertex 2.42291 1.33825 0.765256
      vertex 2.39637 1.30365 0.7
      vertex 3.06199 0.911224 0.765256
    endloop
  endfacet
  facet normal -0.498484 -0.74604 0.441518
    outer loop
      vertex 2.39637 1.30365 0.7
      vertex 2.37524 1.27611 0.629609
      vertex 3.02284 0.843401 0.629609
    endloop
  endfacet
  facet normal -0.418106 -0.625745 0.658507
    outer loop
      vertex 2.45441 1.3793 0.824264
      vertex 2.42291 1.33825 0.765256
      vertex 3.08787 0.956039 0.824264
    endloop
  endfacet
  facet normal -0.366764 -0.548905 0.751124
    outer loop
      vertex 3.11737 1.00714 0.876012
      vertex 2.45441 1.3793 0.824264
      vertex 3.08787 0.956039 0.824264
    endloop
  endfacet
  facet normal -0.178843 -0.52686 0.830923
    outer loop
      vertex 4.52473 0.494224 0.919615
      vertex 3.8187 0.733887 0.919615
      vertex 4.50784 0.43119 0.876012
    endloop
  endfacet
  facet normal -0.0127891 -0.064295 0.997849
    outer loop
      vertex 4.60238 0.784001 1
      vertex 4.58211 0.708354 0.994866
      vertex 5.29516 0.646198 1
    endloop
  endfacet
  facet normal -0.367997 -0.746223 0.554734
    outer loop
      vertex 3.06199 0.911224 0.765256
      vertex 3.04019 0.873464 0.7
      vertex 3.73466 0.530989 0.7
    endloop
  endfacet
  facet normal -0.46225 -0.691807 0.554733
    outer loop
      vertex 3.06199 0.911224 0.765256
      vertex 2.39637 1.30365 0.7
      vertex 3.04019 0.873464 0.7
    endloop
  endfacet
  facet normal -0.241899 -0.712611 0.658536
    outer loop
      vertex 4.49257 0.374193 0.824264
      vertex 3.75135 0.571273 0.765256
      vertex 4.47918 0.324208 0.765256
    endloop
  endfacet
  facet normal -0.128788 -0.647461 0.751138
    outer loop
      vertex 4.50784 0.43119 0.876012
      vertex 4.49257 0.374193 0.824264
      vertex 5.23978 0.225564 0.824264
    endloop
  endfacet
  facet normal -0.36685 -0.41831 0.830926
    outer loop
      vertex 2.53006 1.47789 0.919615
      vertex 1.92335 1.92335 0.876012
      vertex 2.49033 1.42612 0.876012
    endloop
  endfacet
  facet normal -0.309114 -0.462616 0.830924
    outer loop
      vertex 2.53006 1.47789 0.919615
      vertex 2.49033 1.42612 0.876012
      vertex 3.11737 1.00714 0.876012
    endloop
  endfacet
  facet normal -0.0641516 -0.978765 0.194691
    outer loop
      vertex 5.21951 0.0716009 0.555291
      vertex 5.21751 0.0564203 0.478315
      vertex 6 0.0204449 0.555291
    endloop
  endfacet
  facet normal -0.0619459 -0.945112 0.320821
    outer loop
      vertex 6 0.0456724 0.629609
      vertex 5.21951 0.0716009 0.555291
      vertex 6 0.0204449 0.555291
    endloop
  endfacet
  facet normal 0 -0.997858 0.0654107
    outer loop
      vertex 6 0 0.4
      vertex 40.272 0.00513363 0.478315
      vertex 6 0.00513363 0.478315
    endloop
  endfacet
  facet normal 0 -0.997858 0.0654107
    outer loop
      vertex 40.272 0.00513363 0.478315
      vertex 6 0 0.4
      vertex 40.272 0 0.4
    endloop
  endfacet
  facet normal 0 -0.980786 0.195088
    outer loop
      vertex 6 0.00513363 0.478315
      vertex 40.272 0.0204449 0.555291
      vertex 6 0.0204449 0.555291
    endloop
  endfacet
  facet normal 0 -0.980786 0.195088
    outer loop
      vertex 40.272 0.0204449 0.555291
      vertex 6 0.00513363 0.478315
      vertex 40.272 0.00513363 0.478315
    endloop
  endfacet
  facet normal -0.194677 -0.978694 0.0652597
    outer loop
      vertex 5.21751 0.0564203 0.478315
      vertex 4.44709 0.204446 0.4
      vertex 5.21684 0.0513315 0.4
    endloop
  endfacet
  facet normal 0.43385 -0.879766 0.194385
    outer loop
      vertex 43.2618 0.821553 0.555291
      vertex 42.5661 0.461466 0.478315
      vertex 43.2694 0.808293 0.478315
    endloop
  endfacet
  facet normal 0.184782 -0.928962 0.320757
    outer loop
      vertex 41.8131 0.248562 0.629609
      vertex 41.0492 0.0966129 0.629609
      vertex 41.8196 0.224194 0.555291
    endloop
  endfacet
  facet normal 0.0619451 -0.945112 0.320821
    outer loop
      vertex 40.272 0.0456724 0.629609
      vertex 40.272 0.0204449 0.555291
      vertex 41.0525 0.0716009 0.555291
    endloop
  endfacet
  facet normal 0.0652623 -0.995731 0.0652712
    outer loop
      vertex 40.272 0.00513363 0.478315
      vertex 40.272 0 0.4
      vertex 41.0545 0.0564203 0.478315
    endloop
  endfacet
  facet normal 0.368113 -0.746404 0.554413
    outer loop
      vertex 43.21 0.911224 0.765256
      vertex 42.5207 0.571273 0.765256
      vertex 42.5373 0.530989 0.7
    endloop
  endfacet
  facet normal 0.194676 -0.978699 0.0651914
    outer loop
      vertex 41.8236 0.209404 0.478315
      vertex 41.0545 0.0564203 0.478315
      vertex 41.8249 0.204446 0.4
    endloop
  endfacet
  facet normal 0.24184 -0.712417 0.658768
    outer loop
      vertex 42.5008 0.619082 0.824264
      vertex 41.7794 0.374193 0.824264
      vertex 42.5207 0.571273 0.765256
    endloop
  endfacet
  facet normal 0.241871 -0.712599 0.65856
    outer loop
      vertex 42.5207 0.571273 0.765256
      vertex 41.7794 0.374193 0.824264
      vertex 41.7928 0.324208 0.765256
    endloop
  endfacet
  facet normal 0.396785 -0.804634 0.44173
    outer loop
      vertex 43.2318 0.873464 0.7
      vertex 42.5373 0.530989 0.7
      vertex 43.2492 0.843401 0.629609
    endloop
  endfacet
  facet normal 0.498375 -0.745877 0.441917
    outer loop
      vertex 43.8756 1.30365 0.7
      vertex 43.2492 0.843401 0.629609
      vertex 43.8968 1.27611 0.629609
    endloop
  endfacet
  facet normal 0.304413 -0.896828 0.320988
    outer loop
      vertex 42.5506 0.498919 0.629609
      vertex 41.8196 0.224194 0.555291
      vertex 42.5603 0.475612 0.555291
    endloop
  endfacet
  facet normal 0.526244 -0.787525 0.320737
    outer loop
      vertex 43.9121 1.2561 0.555291
      vertex 43.2492 0.843401 0.629609
      vertex 43.2618 0.821553 0.555291
    endloop
  endfacet
  facet normal 0.498425 -0.745924 0.44178
    outer loop
      vertex 43.8756 1.30365 0.7
      vertex 43.2318 0.873464 0.7
      vertex 43.2492 0.843401 0.629609
    endloop
  endfacet
  facet normal 0.441338 -0.894951 0.0654477
    outer loop
      vertex 43.2694 0.808293 0.478315
      vertex 42.5661 0.461466 0.478315
      vertex 43.272 0.803848 0.4
    endloop
  endfacet
  facet normal 0.0544138 -0.830237 0.554748
    outer loop
      vertex 40.272 0.123988 0.765256
      vertex 40.272 0.0803852 0.7
      vertex 41.0447 0.131028 0.7
    endloop
  endfacet
  facet normal -0.146814 -0.738085 0.658541
    outer loop
      vertex 5.23978 0.225564 0.824264
      vertex 4.49257 0.374193 0.824264
      vertex 5.23303 0.174258 0.765256
    endloop
  endfacet
  facet normal -0.212197 -0.625113 0.751137
    outer loop
      vertex 4.50784 0.43119 0.876012
      vertex 3.79373 0.673597 0.876012
      vertex 4.49257 0.374193 0.824264
    endloop
  endfacet
  facet normal 0.108543 -0.545725 0.830905
    outer loop
      vertex 41.7642 0.43119 0.876012
      vertex 41.016 0.348764 0.919615
      vertex 41.0245 0.284066 0.876012
    endloop
  endfacet
  facet normal -0.246087 -0.499016 0.830917
    outer loop
      vertex 3.8187 0.733887 0.919615
      vertex 3.11737 1.00714 0.876012
      vertex 3.79373 0.673597 0.876012
    endloop
  endfacet
  facet normal -0.212198 -0.625116 0.751133
    outer loop
      vertex 3.79373 0.673597 0.876012
      vertex 3.77115 0.619082 0.824264
      vertex 4.49257 0.374193 0.824264
    endloop
  endfacet
  facet normal -0.242131 -0.212349 0.946721
    outer loop
      vertex 2.07182 2.07182 0.979555
      vertex 1.59269 2.61815 0.979555
      vertex 2.01927 2.01927 0.954328
    endloop
  endfacet
  facet normal -0.333118 -0.292143 0.896485
    outer loop
      vertex 1.53373 2.57291 0.954328
      vertex 1.47789 2.53006 0.919615
      vertex 2.01927 2.01927 0.954328
    endloop
  endfacet
  facet normal -0.128894 -0.146972 0.980707
    outer loop
      vertex 2.66501 1.65376 0.994866
      vertex 2.07182 2.07182 0.979555
      vertex 2.61815 1.59269 0.979555
    endloop
  endfacet
  facet normal -0.108609 -0.162545 0.980706
    outer loop
      vertex 3.26084 1.25564 0.994866
      vertex 2.66501 1.65376 0.994866
      vertex 3.22235 1.18898 0.979555
    endloop
  endfacet
  facet normal -0.0492859 -0.043222 0.997849
    outer loop
      vertex 1.71589 2.71269 1
      vertex 1.65376 2.66501 0.994866
      vertex 2.18162 2.18162 1
    endloop
  endfacet
  facet normal -0.054506 -0.0364199 0.997849
    outer loop
      vertex 1.71589 2.71269 1
      vertex 1.32346 3.3 1
      vertex 1.65376 2.66501 0.994866
    endloop
  endfacet
  facet normal -0.737355 0.14664 0.659396
    outer loop
      vertex 0.324208 113.717 0.765256
      vertex 0.174258 112.963 0.765256
      vertex 0.374193 113.703 0.824264
    endloop
  endfacet
  facet normal -0.691321 0.461796 0.555716
    outer loop
      vertex 1.30365 115.8 0.7
      vertex 0.873464 115.156 0.7
      vertex 0.911224 115.134 0.765256
    endloop
  endfacet
  facet normal -0.980797 0.195031 0
    outer loop
      vertex 0.0513315 112.979 0
      vertex 0.204446 113.749 0.4
      vertex 0.204446 113.749 0
    endloop
  endfacet
  facet normal -0.980797 0.195031 0
    outer loop
      vertex 0.204446 113.749 0.4
      vertex 0.0513315 112.979 0
      vertex 0.0513315 112.979 0.4
    endloop
  endfacet
  facet normal -0.41831 -0.36685 0.830926
    outer loop
      vertex 1.47789 2.53006 0.919615
      vertex 1.42612 2.49033 0.876012
      vertex 1.92335 1.92335 0.876012
    endloop
  endfacet
  facet normal -0.674943 -0.332846 0.658533
    outer loop
      vertex 0.619082 3.77115 0.824264
      vertex 0.571273 3.75135 0.765256
      vertex 0.956039 3.08787 0.824264
    endloop
  endfacet
  facet normal -0.267769 -0.178916 0.946725
    outer loop
      vertex 1.18898 3.22235 0.979555
      vertex 1.12461 3.1852 0.954328
      vertex 1.59269 2.61815 0.979555
    endloop
  endfacet
  facet normal -0.175324 -0.0864597 0.980707
    outer loop
      vertex 0.938697 3.90354 0.994866
      vertex 0.86758 3.87408 0.979555
      vertex 1.25564 3.26084 0.994866
    endloop
  endfacet
  facet normal -0.712129 -0.624527 0.320684
    outer loop
      vertex 1.78965 1.78965 0.629609
      vertex 1.2561 2.35988 0.555291
      vertex 1.77182 1.77182 0.555291
    endloop
  endfacet
  facet normal -0.625116 -0.212198 0.751133
    outer loop
      vertex 0.673597 3.79373 0.876012
      vertex 0.374193 4.49257 0.824264
      vertex 0.619082 3.77115 0.824264
    endloop
  endfacet
  facet normal -0.980785 -0.195092 0
    outer loop
      vertex 0.204446 4.44709 0
      vertex 0.0513315 5.21684 0.4
      vertex 0.0513315 5.21684 0
    endloop
  endfacet
  facet normal -0.980785 -0.195092 0
    outer loop
      vertex 0.0513315 5.21684 0.4
      vertex 0.204446 4.44709 0
      vertex 0.204446 4.44709 0.4
    endloop
  endfacet
  facet normal -0.545701 -0.108547 0.83092
    outer loop
      vertex 0.348764 5.256 0.919615
      vertex 0.284066 5.24748 0.876012
      vertex 0.43119 4.50784 0.876012
    endloop
  endfacet
  facet normal -0.625113 -0.212197 0.751137
    outer loop
      vertex 0.43119 4.50784 0.876012
      vertex 0.374193 4.49257 0.824264
      vertex 0.673597 3.79373 0.876012
    endloop
  endfacet
  facet normal -0.92894 -0.184778 0.320824
    outer loop
      vertex 0.248562 4.45891 0.629609
      vertex 0.0966129 5.22281 0.629609
      vertex 0.224194 4.45238 0.555291
    endloop
  endfacet
  facet normal -0.945183 0.0619667 0.320606
    outer loop
      vertex 0.0716009 112.976 0.555291
      vertex 0.0456724 112.196 0.629609
      vertex 0.0966129 112.973 0.629609
    endloop
  endfacet
  facet normal -0.849456 -0.418904 0.320849
    outer loop
      vertex 0.498919 3.72138 0.629609
      vertex 0.475612 3.71172 0.555291
      vertex 0.821553 3.01022 0.555291
    endloop
  endfacet
  facet normal -0.944912 -0.320755 0.0652544
    outer loop
      vertex 0.461466 3.70586 0.478315
      vertex 0.209404 4.44841 0.478315
      vertex 0.456723 3.7039 0.4
    endloop
  endfacet
  facet normal -0.591578 -0.674564 0.441587
    outer loop
      vertex 1.8142 1.8142 0.7
      vertex 1.78965 1.78965 0.629609
      vertex 2.39637 1.30365 0.7
    endloop
  endfacet
  facet normal -0.74604 -0.498484 0.441518
    outer loop
      vertex 1.30365 2.39637 0.7
      vertex 0.843401 3.02284 0.629609
      vertex 1.27611 2.37524 0.629609
    endloop
  endfacet
  facet normal -0.83147 -0.555569 0
    outer loop
      vertex 1.23988 2.34743 0
      vertex 0.803848 3 0.4
      vertex 0.803848 3 0
    endloop
  endfacet
  facet normal -0.83147 -0.555569 0
    outer loop
      vertex 0.803848 3 0.4
      vertex 1.23988 2.34743 0
      vertex 1.23988 2.34743 0.4
    endloop
  endfacet
  facet normal -0.894958 -0.441348 0.0652794
    outer loop
      vertex 0.808293 3.00257 0.478315
      vertex 0.461466 3.70586 0.478315
      vertex 0.803848 3 0.4
    endloop
  endfacet
  facet normal 0.496154 -0.565783 0.658575
    outer loop
      vertex 44.3904 1.88162 0.824264
      vertex 43.8491 1.33825 0.765256
      vertex 44.427 1.84503 0.765256
    endloop
  endfacet
  facet normal 0.4962 -0.565821 0.658508
    outer loop
      vertex 44.3904 1.88162 0.824264
      vertex 43.8176 1.3793 0.824264
      vertex 43.8491 1.33825 0.765256
    endloop
  endfacet
  facet normal 0.0428976 0.658785 0.751107
    outer loop
      vertex 40.272 118.02 0.824264
      vertex 40.272 117.961 0.876012
      vertex 41.0245 117.912 0.876012
    endloop
  endfacet
  facet normal 0.0362513 0.556717 0.829911
    outer loop
      vertex 40.272 117.961 0.876012
      vertex 40.272 117.896 0.919615
      vertex 41.0245 117.912 0.876012
    endloop
  endfacet
  facet normal -0.0632668 0.185848 0.98054
    outer loop
      vertex 4.56219 117.562 0.979555
      vertex 3.90354 117.257 0.994866
      vertex 4.58211 117.488 0.994866
    endloop
  endfacet
  facet normal -0.527239 0.790057 0.312777
    outer loop
      vertex 3.01022 117.374 0.555291
      vertex 2.35988 116.94 0.555291
      vertex 3.02284 117.353 0.629609
    endloop
  endfacet
  facet normal -0.029273 0.0593495 0.997808
    outer loop
      vertex 3.90354 117.257 0.994866
      vertex 3.26084 116.94 0.994866
      vertex 3.3 116.873 1
    endloop
  endfacet
  facet normal -0.0209782 0.0618135 0.997867
    outer loop
      vertex 4.58211 117.488 0.994866
      vertex 3.93351 117.185 1
      vertex 4.60238 117.412 1
    endloop
  endfacet
  facet normal 0.0212549 0.318736 0.947605
    outer loop
      vertex 40.272 117.826 0.954328
      vertex 40.272 117.751 0.979555
      vertex 41.0068 117.777 0.954328
    endloop
  endfacet
  facet normal 0.0624034 0.315159 0.946985
    outer loop
      vertex 41.729 117.634 0.954328
      vertex 41.0068 117.777 0.954328
      vertex 41.7098 117.562 0.979555
    endloop
  endfacet
  facet normal 0.0383662 0.192561 0.980535
    outer loop
      vertex 41.7098 117.562 0.979555
      vertex 40.9971 117.704 0.979555
      vertex 41.6899 117.488 0.994866
    endloop
  endfacet
  facet normal 0.0292664 0.059336 0.997809
    outer loop
      vertex 43.0112 116.94 0.994866
      vertex 42.3685 117.257 0.994866
      vertex 42.972 116.873 1
    endloop
  endfacet
  facet normal -0.291858 0.592796 0.750607
    outer loop
      vertex 3.79373 117.522 0.876012
      vertex 3.08787 117.24 0.824264
      vertex 3.11737 117.189 0.876012
    endloop
  endfacet
  facet normal -0.0128211 0.0648279 0.997814
    outer loop
      vertex 5.28494 117.627 0.994866
      vertex 4.58211 117.488 0.994866
      vertex 5.29516 117.55 1
    endloop
  endfacet
  facet normal 0.417439 0.36605 0.831716
    outer loop
      vertex 44.8459 115.706 0.876012
      vertex 44.3487 116.273 0.876012
      vertex 44.7941 115.666 0.919615
    endloop
  endfacet
  facet normal 0.418698 0.366902 0.830707
    outer loop
      vertex 44.3487 116.273 0.876012
      vertex 44.3025 116.227 0.919615
      vertex 44.7941 115.666 0.919615
    endloop
  endfacet
  facet normal 0.437927 0.498697 0.748012
    outer loop
      vertex 44.3904 116.314 0.824264
      vertex 43.8176 116.817 0.824264
      vertex 44.3487 116.273 0.876012
    endloop
  endfacet
  facet normal 0.496144 0.435067 0.751371
    outer loop
      vertex 44.8927 115.742 0.824264
      vertex 44.3487 116.273 0.876012
      vertex 44.8459 115.706 0.876012
    endloop
  endfacet
  facet normal 0.245813 0.367999 0.896746
    outer loop
      vertex 43.7419 116.718 0.919615
      vertex 43.0868 117.071 0.954328
      vertex 43.6991 116.662 0.954328
    endloop
  endfacet
  facet normal 0.21204 0.242032 0.946815
    outer loop
      vertex 43.6991 116.662 0.954328
      vertex 43.6538 116.603 0.979555
      vertex 44.2527 116.177 0.954328
    endloop
  endfacet
  facet normal 0.128282 0.64765 0.751061
    outer loop
      vertex 41.7794 117.822 0.824264
      vertex 41.0322 117.97 0.824264
      vertex 41.7642 117.765 0.876012
    endloop
  endfacet
  facet normal 0.24642 0.500462 0.829949
    outer loop
      vertex 42.4783 117.522 0.876012
      vertex 42.4533 117.462 0.919615
      vertex 43.1546 117.189 0.876012
    endloop
  endfacet
  facet normal 0.419708 0.852348 0.312006
    outer loop
      vertex 43.2618 117.374 0.555291
      vertex 42.5506 117.697 0.629609
      vertex 43.2492 117.353 0.629609
    endloop
  endfacet
  facet normal 0.396471 0.805115 0.441136
    outer loop
      vertex 43.2492 117.353 0.629609
      vertex 42.5373 117.665 0.7
      vertex 43.2318 117.323 0.7
    endloop
  endfacet
  facet normal 0.366882 0.549456 0.750663
    outer loop
      vertex 43.1841 117.24 0.824264
      vertex 43.1546 117.189 0.876012
      vertex 43.8176 116.817 0.824264
    endloop
  endfacet
  facet normal 0.366245 0.548144 0.751932
    outer loop
      vertex 43.8176 116.817 0.824264
      vertex 43.1546 117.189 0.876012
      vertex 43.7817 116.77 0.876012
    endloop
  endfacet
  facet normal 0.676022 0.592971 0.437469
    outer loop
      vertex 44.4823 116.406 0.629609
      vertex 44.4578 116.382 0.7
      vertex 44.9683 115.8 0.7
    endloop
  endfacet
  facet normal 0.592686 0.676592 0.436974
    outer loop
      vertex 44.4823 116.406 0.629609
      vertex 43.8756 116.892 0.7
      vertex 44.4578 116.382 0.7
    endloop
  endfacet
  facet normal 0.73816 0.646828 0.19166
    outer loop
      vertex 45.028 115.845 0.478315
      vertex 44.511 116.435 0.478315
      vertex 45.0159 115.836 0.555291
    endloop
  endfacet
  facet normal 0.711629 0.624128 0.322566
    outer loop
      vertex 44.5002 116.424 0.555291
      vertex 44.4823 116.406 0.629609
      vertex 45.0159 115.836 0.555291
    endloop
  endfacet
  facet normal 0.829458 0.553946 0.0717176
    outer loop
      vertex 45.0321 115.849 0.4
      vertex 45.028 115.845 0.478315
      vertex 45.4682 115.196 0.4
    endloop
  endfacet
  facet normal 0.829466 0.554292 0.0688945
    outer loop
      vertex 45.4682 115.196 0.4
      vertex 45.028 115.845 0.478315
      vertex 45.4637 115.193 0.478315
    endloop
  endfacet
  facet normal 0.848367 0.288074 0.44417
    outer loop
      vertex 45.7731 114.475 0.629609
      vertex 45.741 114.461 0.7
      vertex 45.9899 113.728 0.7
    endloop
  endfacet
  facet normal 0.897592 0.304939 0.318339
    outer loop
      vertex 45.7964 114.484 0.555291
      vertex 45.7731 114.475 0.629609
      vertex 46.0478 113.744 0.555291
    endloop
  endfacet
  facet normal 0.497775 0.24539 0.831868
    outer loop
      vertex 45.2649 115.079 0.876012
      vertex 45.2083 115.046 0.919615
      vertex 45.5381 114.377 0.919615
    endloop
  endfacet
  facet normal 0.321605 0.0210707 0.946639
    outer loop
      vertex 45.8534 112.931 0.954328
      vertex 45.7798 112.921 0.979555
      vertex 45.8273 112.196 0.979555
    endloop
  endfacet
  facet normal 0.315813 -0.0627917 0.946742
    outer loop
      vertex 45.8534 5.26519 0.954328
      vertex 45.638 4.56219 0.979555
      vertex 45.7098 4.54295 0.954328
    endloop
  endfacet
  facet normal 0.752147 -0 0.658995
    outer loop
      vertex 46.0963 6 0.824264
      vertex 46.148 112.196 0.765256
      vertex 46.0963 112.196 0.824264
    endloop
  endfacet
  facet normal 0.752147 0 0.658995
    outer loop
      vertex 46.148 112.196 0.765256
      vertex 46.0963 6 0.824264
      vertex 46.148 6 0.765256
    endloop
  endfacet
  facet normal 0.658776 0.0432185 0.751097
    outer loop
      vertex 46.0963 112.196 0.824264
      vertex 45.9879 112.949 0.876012
      vertex 46.0373 112.196 0.876012
    endloop
  endfacet
  facet normal 0.737817 0.146773 0.65885
    outer loop
      vertex 46.0977 112.963 0.765256
      vertex 45.8978 113.703 0.824264
      vertex 46.0464 112.956 0.824264
    endloop
  endfacet
  facet normal 0.815301 0.162087 0.555888
    outer loop
      vertex 46.141 112.969 0.7
      vertex 45.9478 113.717 0.765256
      vertex 46.0977 112.963 0.765256
    endloop
  endfacet
  facet normal 0.928464 0.184721 0.322231
    outer loop
      vertex 46.0478 113.744 0.555291
      vertex 46.0234 113.737 0.629609
      vertex 46.1754 112.973 0.629609
    endloop
  endfacet
  facet normal 0.434667 0.0864518 0.896432
    outer loop
      vertex 45.9232 112.94 0.919615
      vertex 45.7098 113.653 0.954328
      vertex 45.8534 112.931 0.954328
    endloop
  endfacet
  facet normal 0.554946 0.0364068 0.831089
    outer loop
      vertex 45.9879 112.949 0.876012
      vertex 45.972 112.196 0.919615
      vertex 46.0373 112.196 0.876012
    endloop
  endfacet
  facet normal 0.332928 0.291823 0.89666
    outer loop
      vertex 44.7941 115.666 0.919615
      vertex 44.2527 116.177 0.954328
      vertex 44.7383 115.623 0.954328
    endloop
  endfacet
  facet normal 0.332582 0.291439 0.896913
    outer loop
      vertex 44.3025 116.227 0.919615
      vertex 44.2527 116.177 0.954328
      vertex 44.7941 115.666 0.919615
    endloop
  endfacet
  facet normal 0.147583 0.129347 0.980555
    outer loop
      vertex 44.2002 116.124 0.979555
      vertex 44.1458 116.07 0.994866
      vertex 44.6182 115.531 0.994866
    endloop
  endfacet
  facet normal 0.129375 0.147685 0.980536
    outer loop
      vertex 44.2002 116.124 0.979555
      vertex 43.607 116.542 0.994866
      vertex 44.1458 116.07 0.994866
    endloop
  endfacet
  facet normal 0.142625 0.41969 0.896392
    outer loop
      vertex 42.4533 117.462 0.919615
      vertex 41.729 117.634 0.954328
      vertex 42.4264 117.397 0.954328
    endloop
  endfacet
  facet normal 0.0632693 0.185864 0.980536
    outer loop
      vertex 41.7098 117.562 0.979555
      vertex 41.6899 117.488 0.994866
      vertex 42.3685 117.257 0.994866
    endloop
  endfacet
  facet normal 0.108274 0.162084 0.980819
    outer loop
      vertex 43.0496 117.007 0.979555
      vertex 43.0112 116.94 0.994866
      vertex 43.607 116.542 0.994866
    endloop
  endfacet
  facet normal 0.108782 0.162688 0.980663
    outer loop
      vertex 43.6538 116.603 0.979555
      vertex 43.0496 117.007 0.979555
      vertex 43.607 116.542 0.994866
    endloop
  endfacet
  facet normal 0.0365003 0.0545462 0.997844
    outer loop
      vertex 43.607 116.542 0.994866
      vertex 42.972 116.873 1
      vertex 43.5593 116.48 1
    endloop
  endfacet
  facet normal 0.267677 -0.178848 0.946764
    outer loop
      vertex 45.1474 3.1852 0.954328
      vertex 44.6793 2.61815 0.979555
      vertex 44.7383 2.57291 0.954328
    endloop
  endfacet
  facet normal 0.36855 -0.246246 0.8964
    outer loop
      vertex 45.1474 3.1852 0.954328
      vertex 44.7383 2.57291 0.954328
      vertex 44.7941 2.53006 0.919615
    endloop
  endfacet
  facet normal 0.418142 -0.366696 0.831078
    outer loop
      vertex 44.7941 2.53006 0.919615
      vertex 44.3025 1.96949 0.919615
      vertex 44.3487 1.92335 0.876012
    endloop
  endfacet
  facet normal 0.462278 -0.308861 0.831206
    outer loop
      vertex 45.2083 3.15 0.919615
      vertex 44.7941 2.53006 0.919615
      vertex 45.2649 3.11737 0.876012
    endloop
  endfacet
  facet normal 0.746151 -0.367902 0.554894
    outer loop
      vertex 45.7007 3.75135 0.765256
      vertex 45.3608 3.06199 0.765256
      vertex 45.741 3.73466 0.7
    endloop
  endfacet
  facet normal 0.67502 -0.33283 0.658462
    outer loop
      vertex 45.7007 3.75135 0.765256
      vertex 45.316 3.08787 0.824264
      vertex 45.3608 3.06199 0.765256
    endloop
  endfacet
  facet normal 0.108651 -0.162609 0.98069
    outer loop
      vertex 43.607 1.65376 0.994866
      vertex 43.0496 1.18898 0.979555
      vertex 43.6538 1.59269 0.979555
    endloop
  endfacet
  facet normal 0.146935 -0.128853 0.980718
    outer loop
      vertex 44.6182 2.66501 0.994866
      vertex 44.2002 2.07182 0.979555
      vertex 44.6793 2.61815 0.979555
    endloop
  endfacet
  facet normal 0.0621097 -0.021088 0.997847
    outer loop
      vertex 45.488 4.60238 1
      vertex 45.2609 3.93351 1
      vertex 45.5636 4.58211 0.994866
    endloop
  endfacet
  facet normal 0.267945 0.179088 -0.946643
    outer loop
      vertex 45.083 114.974 -0.179555
      vertex 44.6793 115.578 -0.179555
      vertex 45.1474 115.011 -0.154327
    endloop
  endfacet
  facet normal 0.162315 0.108488 -0.980757
    outer loop
      vertex 45.083 114.974 -0.179555
      vertex 44.6182 115.531 -0.194866
      vertex 44.6793 115.578 -0.179555
    endloop
  endfacet
  facet normal 0.162075 0.108286 -0.980819
    outer loop
      vertex 45.0164 114.935 -0.194866
      vertex 44.6182 115.531 -0.194866
      vertex 45.083 114.974 -0.179555
    endloop
  endfacet
  facet normal 0.242569 0.21262 -0.946548
    outer loop
      vertex 44.6793 115.578 -0.179555
      vertex 44.2527 116.177 -0.154327
      vertex 44.7383 115.623 -0.154327
    endloop
  endfacet
  facet normal 0.241323 0.211754 -0.94706
    outer loop
      vertex 44.6793 115.578 -0.179555
      vertex 44.2002 116.124 -0.179555
      vertex 44.2527 116.177 -0.154327
    endloop
  endfacet
  facet normal 0.320248 0.213875 -0.922875
    outer loop
      vertex 45.4682 115.196 0
      vertex 44.7383 115.623 -0.154327
      vertex 45.0321 115.849 0
    endloop
  endfacet
  facet normal 0.320398 0.214174 -0.922754
    outer loop
      vertex 45.1474 115.011 -0.154327
      vertex 44.7383 115.623 -0.154327
      vertex 45.4682 115.196 0
    endloop
  endfacet
  facet normal 0.18474 0.0627257 -0.980784
    outer loop
      vertex 45.638 113.634 -0.179555
      vertex 45.3333 114.292 -0.194866
      vertex 45.4044 114.322 -0.179555
    endloop
  endfacet
  facet normal 0.184942 0.0628203 -0.98074
    outer loop
      vertex 45.5636 113.614 -0.194866
      vertex 45.3333 114.292 -0.194866
      vertex 45.638 113.634 -0.179555
    endloop
  endfacet
  facet normal 0.0643771 0.0128011 -0.997844
    outer loop
      vertex 45.6258 112.901 -0.2
      vertex 45.488 113.594 -0.2
      vertex 45.5636 113.614 -0.194866
    endloop
  endfacet
  facet normal 0.0643676 0.0128003 -0.997844
    outer loop
      vertex 45.6258 112.901 -0.2
      vertex 45.5636 113.614 -0.194866
      vertex 45.7034 112.911 -0.194866
    endloop
  endfacet
  facet normal 0.692194 -0.462488 0.554051
    outer loop
      vertex 45.3608 3.06199 0.765256
      vertex 44.9338 2.42291 0.765256
      vertex 44.9683 2.39637 0.7
    endloop
  endfacet
  facet normal 0.625888 -0.548836 0.554114
    outer loop
      vertex 44.9338 2.42291 0.765256
      vertex 44.4578 1.8142 0.7
      vertex 44.9683 2.39637 0.7
    endloop
  endfacet
  facet normal 0.787658 -0.526244 0.320409
    outer loop
      vertex 45.4286 3.02284 0.629609
      vertex 45.0159 2.35988 0.555291
      vertex 45.4504 3.01022 0.555291
    endloop
  endfacet
  facet normal 0.787559 -0.526215 0.320701
    outer loop
      vertex 45.4286 3.02284 0.629609
      vertex 44.9959 2.37524 0.629609
      vertex 45.0159 2.35988 0.555291
    endloop
  endfacet
  facet normal 0.815475 -0.544934 0.195055
    outer loop
      vertex 45.4504 3.01022 0.555291
      vertex 45.028 2.35056 0.478315
      vertex 45.4637 3.00257 0.478315
    endloop
  endfacet
  facet normal 0.0432133 -0.0492787 0.99785
    outer loop
      vertex 44.0904 2.18162 1
      vertex 43.5593 1.71589 1
      vertex 43.607 1.65376 0.994866
    endloop
  endfacet
  facet normal 0.212258 -0.242011 0.946772
    outer loop
      vertex 44.2527 2.01927 0.954328
      vertex 43.6538 1.59269 0.979555
      vertex 43.6991 1.53373 0.954328
    endloop
  endfacet
  facet normal 0.246175 -0.368403 0.89648
    outer loop
      vertex 43.7419 1.47789 0.919615
      vertex 43.0868 1.12461 0.954328
      vertex 43.122 1.06366 0.919615
    endloop
  endfacet
  facet normal 0.24607 -0.498938 0.830969
    outer loop
      vertex 43.1546 1.00714 0.876012
      vertex 42.4533 0.733887 0.919615
      vertex 42.4783 0.673597 0.876012
    endloop
  endfacet
  facet normal 0.212419 -0.242242 0.946677
    outer loop
      vertex 44.2002 2.07182 0.979555
      vertex 43.6538 1.59269 0.979555
      vertex 44.2527 2.01927 0.954328
    endloop
  endfacet
  facet normal 0.1424 -0.288744 0.946757
    outer loop
      vertex 43.0868 1.12461 0.954328
      vertex 42.3979 0.86758 0.979555
      vertex 42.4264 0.798919 0.954328
    endloop
  endfacet
  facet normal 0.178844 -0.52684 0.830936
    outer loop
      vertex 42.4533 0.733887 0.919615
      vertex 41.7473 0.494224 0.919615
      vertex 41.7642 0.43119 0.876012
    endloop
  endfacet
  facet normal 0.00428778 -0.0654148 0.997849
    outer loop
      vertex 40.272 0.6 1
      vertex 40.272 0.521685 0.994866
      vertex 40.9768 0.646198 1
    endloop
  endfacet
  facet normal 0.0127853 -0.195075 0.980705
    outer loop
      vertex 40.9871 0.568553 0.994866
      vertex 40.272 0.521685 0.994866
      vertex 40.9971 0.492235 0.979555
    endloop
  endfacet
  facet normal 0.0127856 -0.195069 0.980706
    outer loop
      vertex 40.272 0.521685 0.994866
      vertex 40.272 0.444709 0.979555
      vertex 40.9971 0.492235 0.979555
    endloop
  endfacet
  facet normal 0.142378 -0.419419 0.896558
    outer loop
      vertex 42.4533 0.733887 0.919615
      vertex 41.729 0.562215 0.954328
      vertex 41.7473 0.494224 0.919615
    endloop
  endfacet
  facet normal 0.0864182 -0.434467 0.896532
    outer loop
      vertex 41.729 0.562215 0.954328
      vertex 41.016 0.348764 0.919615
      vertex 41.7473 0.494224 0.919615
    endloop
  endfacet
  facet normal 0.435294 -0.496374 0.751087
    outer loop
      vertex 44.3487 1.92335 0.876012
      vertex 43.7817 1.42612 0.876012
      vertex 43.8176 1.3793 0.824264
    endloop
  endfacet
  facet normal 0.496403 -0.435314 0.751056
    outer loop
      vertex 44.8927 2.45441 0.824264
      vertex 44.3487 1.92335 0.876012
      vertex 44.3904 1.88162 0.824264
    endloop
  endfacet
  facet normal 0.333216 -0.292265 0.896408
    outer loop
      vertex 44.7383 2.57291 0.954328
      vertex 44.2527 2.01927 0.954328
      vertex 44.7941 2.53006 0.919615
    endloop
  endfacet
  facet normal 0.242033 -0.212288 0.946759
    outer loop
      vertex 44.6793 2.61815 0.979555
      vertex 44.2527 2.01927 0.954328
      vertex 44.7383 2.57291 0.954328
    endloop
  endfacet
  facet normal -0.268179 0.179277 -0.946541
    outer loop
      vertex 1.59269 115.578 -0.179555
      vertex 1.12461 115.011 -0.154327
      vertex 1.53373 115.623 -0.154327
    endloop
  endfacet
  facet normal -0.289093 0.142507 -0.946634
    outer loop
      vertex 1.18898 114.974 -0.179555
      vertex 0.86758 114.322 -0.179555
      vertex 1.12461 115.011 -0.154327
    endloop
  endfacet
  facet normal -0.054373 0.0363503 -0.997859
    outer loop
      vertex 1.71589 115.483 -0.2
      vertex 1.32346 114.896 -0.2
      vertex 1.65376 115.531 -0.194866
    endloop
  endfacet
  facet normal -0.0545739 0.0364546 -0.997844
    outer loop
      vertex 1.32346 114.896 -0.2
      vertex 1.25564 114.935 -0.194866
      vertex 1.65376 115.531 -0.194866
    endloop
  endfacet
  facet normal -0.0621377 0.0211202 -0.997844
    outer loop
      vertex 0.784001 113.594 -0.2
      vertex 0.708354 113.614 -0.194866
      vertex 1.01105 114.262 -0.2
    endloop
  endfacet
  facet normal -0.0620625 0.021085 -0.99785
    outer loop
      vertex 1.01105 114.262 -0.2
      vertex 0.708354 113.614 -0.194866
      vertex 0.938697 114.292 -0.194866
    endloop
  endfacet
  facet normal -0.67463 0.592221 0.440624
    outer loop
      vertex 1.78965 116.406 0.629609
      vertex 1.27611 115.821 0.629609
      vertex 1.30365 115.8 0.7
    endloop
  endfacet
  facet normal -0.712486 0.625453 0.318074
    outer loop
      vertex 1.78965 116.406 0.629609
      vertex 1.2561 115.836 0.555291
      vertex 1.27611 115.821 0.629609
    endloop
  endfacet
  facet normal -0.646718 0.737033 0.196312
    outer loop
      vertex 2.35988 116.94 0.555291
      vertex 1.76099 116.435 0.478315
      vertex 1.77182 116.424 0.555291
    endloop
  endfacet
  facet normal -0.737203 0.646583 0.196117
    outer loop
      vertex 1.76099 116.435 0.478315
      vertex 1.2561 115.836 0.555291
      vertex 1.77182 116.424 0.555291
    endloop
  endfacet
  facet normal -0.555541 0.831489 0
    outer loop
      vertex 3 117.392 0
      vertex 2.34743 116.956 0.4
      vertex 3 117.392 0.4
    endloop
  endfacet
  facet normal -0.555541 0.831489 0
    outer loop
      vertex 2.34743 116.956 0.4
      vertex 3 117.392 0
      vertex 2.34743 116.956 0
    endloop
  endfacet
  facet normal -0.786696 0.525933 0.323271
    outer loop
      vertex 1.2561 115.836 0.555291
      vertex 0.821553 115.186 0.555291
      vertex 0.843401 115.173 0.629609
    endloop
  endfacet
  facet normal -0.896898 0.442238 0
    outer loop
      vertex 0.456723 114.492 0
      vertex 0.803848 115.196 0.4
      vertex 0.803848 115.196 0
    endloop
  endfacet
  facet normal -0.896898 0.442238 0
    outer loop
      vertex 0.803848 115.196 0.4
      vertex 0.456723 114.492 0
      vertex 0.456723 114.492 0.4
    endloop
  endfacet
  facet normal -0.674391 0.33271 0.659167
    outer loop
      vertex 0.956039 115.108 0.824264
      vertex 0.571273 114.445 0.765256
      vertex 0.619082 114.425 0.824264
    endloop
  endfacet
  facet normal 0 0.0656784 -0.997841
    outer loop
      vertex 6 117.596 -0.2
      vertex 40.272 117.674 -0.194866
      vertex 40.272 117.596 -0.2
    endloop
  endfacet
  facet normal 0 0.0656784 -0.997841
    outer loop
      vertex 40.272 117.674 -0.194866
      vertex 6 117.596 -0.2
      vertex 6 117.674 -0.194866
    endloop
  endfacet
  facet normal -0.00433508 0.0659541 -0.997813
    outer loop
      vertex 5.29516 117.55 -0.2
      vertex 5.28494 117.627 -0.194866
      vertex 6 117.674 -0.194866
    endloop
  endfacet
  facet normal -0.00428633 0.0656778 -0.997832
    outer loop
      vertex 6 117.596 -0.2
      vertex 5.29516 117.55 -0.2
      vertex 6 117.674 -0.194866
    endloop
  endfacet
  facet normal -0.0210053 0.324067 -0.945801
    outer loop
      vertex 5.27489 117.704 -0.179555
      vertex 5.26519 117.777 -0.154327
      vertex 6 117.751 -0.179555
    endloop
  endfacet
  facet normal -0.0212553 0.318748 -0.947601
    outer loop
      vertex 6 117.751 -0.179555
      vertex 5.26519 117.777 -0.154327
      vertex 6 117.826 -0.154327
    endloop
  endfacet
  facet normal -0.0212151 0.0623201 -0.997831
    outer loop
      vertex 3.93351 117.185 -0.2
      vertex 3.90354 117.257 -0.194866
      vertex 4.58211 117.488 -0.194866
    endloop
  endfacet
  facet normal -0.0432909 0.0493358 -0.997844
    outer loop
      vertex 2.71269 116.48 -0.2
      vertex 2.18162 116.014 -0.2
      vertex 2.66501 116.542 -0.194866
    endloop
  endfacet
  facet normal -0.0365051 0.0545542 -0.997843
    outer loop
      vertex 2.71269 116.48 -0.2
      vertex 2.66501 116.542 -0.194866
      vertex 3.3 116.873 -0.2
    endloop
  endfacet
  facet normal -0.0865864 0.175549 -0.980656
    outer loop
      vertex 3.90354 117.257 -0.194866
      vertex 3.26084 116.94 -0.194866
      vertex 3.87408 117.328 -0.179555
    endloop
  endfacet
  facet normal -0.029273 0.0593495 -0.997808
    outer loop
      vertex 3.3 116.873 -0.2
      vertex 3.26084 116.94 -0.194866
      vertex 3.90354 117.257 -0.194866
    endloop
  endfacet
  facet normal -0.434721 0.0865004 0.896402
    outer loop
      vertex 0.562215 113.653 0.954328
      vertex 0.348764 112.94 0.919615
      vertex 0.418552 112.931 0.954328
    endloop
  endfacet
  facet normal -0.49903 0.245861 0.830976
    outer loop
      vertex 1.00714 115.079 0.876012
      vertex 0.673597 114.402 0.876012
      vertex 0.733887 114.377 0.919615
    endloop
  endfacet
  facet normal -0.195084 0 0.980786
    outer loop
      vertex 0.444709 112.196 0.979555
      vertex 0.521685 6 0.994866
      vertex 0.521685 112.196 0.994866
    endloop
  endfacet
  facet normal -0.195084 0 0.980786
    outer loop
      vertex 0.521685 6 0.994866
      vertex 0.444709 112.196 0.979555
      vertex 0.444709 6 0.979555
    endloop
  endfacet
  facet normal -0.195069 0.0127873 0.980706
    outer loop
      vertex 0.492235 112.921 0.979555
      vertex 0.444709 112.196 0.979555
      vertex 0.521685 112.196 0.994866
    endloop
  endfacet
  facet normal -0.058795 -0.0289943 0.997849
    outer loop
      vertex 1.01105 3.93351 1
      vertex 0.938697 3.90354 0.994866
      vertex 1.32346 3.3 1
    endloop
  endfacet
  facet normal -0.0654148 -0.00428754 0.997849
    outer loop
      vertex 0.6 6 1
      vertex 0.521685 6 0.994866
      vertex 0.646198 5.29516 1
    endloop
  endfacet
  facet normal 0.191275 0.961502 0.197303
    outer loop
      vertex 41.8236 117.987 0.478315
      vertex 41.0545 118.14 0.478315
      vertex 41.8196 117.972 0.555291
    endloop
  endfacet
  facet normal 0.190261 0.960193 0.204526
    outer loop
      vertex 41.0545 118.14 0.478315
      vertex 41.0525 118.124 0.555291
      vertex 41.8196 117.972 0.555291
    endloop
  endfacet
  facet normal -0.245087 0.496636 0.832637
    outer loop
      vertex 3.8187 117.462 0.919615
      vertex 3.11737 117.189 0.876012
      vertex 3.15 117.132 0.919615
    endloop
  endfacet
  facet normal 0.0488499 0.749358 0.660361
    outer loop
      vertex 40.272 118.072 0.765256
      vertex 40.272 118.02 0.824264
      vertex 41.039 118.022 0.765256
    endloop
  endfacet
  facet normal 0.175391 0.882065 0.437264
    outer loop
      vertex 41.0492 118.099 0.629609
      vertex 41.0447 118.065 0.7
      vertex 41.8041 117.914 0.7
    endloop
  endfacet
  facet normal 0.162392 0.81669 0.553757
    outer loop
      vertex 41.8041 117.914 0.7
      vertex 41.0447 118.065 0.7
      vertex 41.7928 117.872 0.765256
    endloop
  endfacet
  facet normal 0.433072 0.878034 0.20373
    outer loop
      vertex 42.5661 117.735 0.478315
      vertex 42.5603 117.72 0.555291
      vertex 43.2618 117.374 0.555291
    endloop
  endfacet
  facet normal 0.433297 0.878206 0.202504
    outer loop
      vertex 43.2694 117.388 0.478315
      vertex 42.5661 117.735 0.478315
      vertex 43.2618 117.374 0.555291
    endloop
  endfacet
  facet normal -0.43475 0.0865099 0.896386
    outer loop
      vertex 0.494224 113.671 0.919615
      vertex 0.348764 112.94 0.919615
      vertex 0.562215 113.653 0.954328
    endloop
  endfacet
  facet normal -0.419424 0.142438 0.896546
    outer loop
      vertex 0.733887 114.377 0.919615
      vertex 0.562215 113.653 0.954328
      vertex 0.798919 114.35 0.954328
    endloop
  endfacet
  facet normal -0.174853 0.086193 0.980814
    outer loop
      vertex 1.18898 114.974 0.979555
      vertex 0.86758 114.322 0.979555
      vertex 1.25564 114.935 0.994866
    endloop
  endfacet
  facet normal -0.241198 0.211658 0.947114
    outer loop
      vertex 2.01927 116.177 0.954328
      vertex 1.59269 115.578 0.979555
      vertex 2.07182 116.124 0.979555
    endloop
  endfacet
  facet normal -0.746926 0.49894 0.4395
    outer loop
      vertex 1.30365 115.8 0.7
      vertex 0.843401 115.173 0.629609
      vertex 0.873464 115.156 0.7
    endloop
  endfacet
  facet normal -0.894742 0.441423 0.0676933
    outer loop
      vertex 0.803848 115.196 0.4
      vertex 0.461466 114.49 0.478315
      vertex 0.808293 115.193 0.478315
    endloop
  endfacet
  facet normal -0.417528 0.366151 0.831627
    outer loop
      vertex 1.92335 116.273 0.876012
      vertex 1.42612 115.706 0.876012
      vertex 1.47789 115.666 0.919615
    endloop
  endfacet
  facet normal -0.49606 0.435019 0.751454
    outer loop
      vertex 1.92335 116.273 0.876012
      vertex 1.3793 115.742 0.824264
      vertex 1.42612 115.706 0.876012
    endloop
  endfacet
  facet normal -0.499297 0.74584 0.440937
    outer loop
      vertex 3.02284 117.353 0.629609
      vertex 2.39637 116.892 0.7
      vertex 3.04019 117.323 0.7
    endloop
  endfacet
  facet normal -0.690495 0.461439 0.557037
    outer loop
      vertex 1.30365 115.8 0.7
      vertex 0.911224 115.134 0.765256
      vertex 1.33825 115.773 0.765256
    endloop
  endfacet
  facet normal -0.0432909 0.0493358 0.997844
    outer loop
      vertex 2.66501 116.542 0.994866
      vertex 2.18162 116.014 1
      vertex 2.71269 116.48 1
    endloop
  endfacet
  facet normal -0.0429462 0.0490206 0.997874
    outer loop
      vertex 2.66501 116.542 0.994866
      vertex 2.12625 116.07 0.994866
      vertex 2.18162 116.014 1
    endloop
  endfacet
  facet normal -0.268014 0.179139 0.946614
    outer loop
      vertex 1.59269 115.578 0.979555
      vertex 1.12461 115.011 0.954328
      vertex 1.18898 114.974 0.979555
    endloop
  endfacet
  facet normal -0.128959 0.147085 0.980681
    outer loop
      vertex 2.61815 116.603 0.979555
      vertex 2.07182 116.124 0.979555
      vertex 2.66501 116.542 0.994866
    endloop
  endfacet
  facet normal -0.036732 0.0549901 0.997811
    outer loop
      vertex 3.26084 116.94 0.994866
      vertex 2.66501 116.542 0.994866
      vertex 3.3 116.873 1
    endloop
  endfacet
  facet normal -0.0365051 0.0545542 0.997843
    outer loop
      vertex 3.3 116.873 1
      vertex 2.66501 116.542 0.994866
      vertex 2.71269 116.48 1
    endloop
  endfacet
  facet normal 0.321694 -0.0210733 -0.946609
    outer loop
      vertex 45.8534 5.26519 -0.154327
      vertex 45.7798 5.27489 -0.179555
      vertex 45.8273 6 -0.179555
    endloop
  endfacet
  facet normal 0.064332 -0.0127963 -0.997847
    outer loop
      vertex 45.7034 5.28494 -0.194866
      vertex 45.5636 4.58211 -0.194866
      vertex 45.6258 5.29516 -0.2
    endloop
  endfacet
  facet normal 0.0621097 -0.021088 -0.997847
    outer loop
      vertex 45.5636 4.58211 -0.194866
      vertex 45.2609 3.93351 -0.2
      vertex 45.488 4.60238 -0.2
    endloop
  endfacet
  facet normal 0.146935 -0.128853 -0.980718
    outer loop
      vertex 44.6793 2.61815 -0.179555
      vertex 44.2002 2.07182 -0.179555
      vertex 44.6182 2.66501 -0.194866
    endloop
  endfacet
  facet normal 0.2677 -0.178865 -0.946754
    outer loop
      vertex 45.1474 3.1852 -0.154327
      vertex 44.6793 2.61815 -0.179555
      vertex 45.083 3.22235 -0.179555
    endloop
  endfacet
  facet normal 0.0587638 -0.0289779 -0.997851
    outer loop
      vertex 45.3333 3.90354 -0.194866
      vertex 44.9485 3.3 -0.2
      vertex 45.2609 3.93351 -0.2
    endloop
  endfacet
  facet normal 0.0620428 -0.0210567 -0.997851
    outer loop
      vertex 45.3333 3.90354 -0.194866
      vertex 45.2609 3.93351 -0.2
      vertex 45.5636 4.58211 -0.194866
    endloop
  endfacet
  facet normal -0.0127892 -0.0642958 -0.997849
    outer loop
      vertex 5.28494 0.568553 -0.194866
      vertex 4.58211 0.708354 -0.194866
      vertex 5.29516 0.646198 -0.2
    endloop
  endfacet
  facet normal -0.0210636 -0.32137 -0.946719
    outer loop
      vertex 6 0.444709 -0.179555
      vertex 5.26519 0.418552 -0.154327
      vertex 5.27489 0.492235 -0.179555
    endloop
  endfacet
  facet normal -0.123854 -0.364866 -0.922785
    outer loop
      vertex 4.44709 0.204446 0
      vertex 3.7039 0.456723 0
      vertex 3.84564 0.798919 -0.154327
    endloop
  endfacet
  facet normal -0.0127854 -0.195069 -0.980706
    outer loop
      vertex 6 0.444709 -0.179555
      vertex 5.27489 0.492235 -0.179555
      vertex 6 0.521685 -0.194866
    endloop
  endfacet
  facet normal 0 -0.195084 -0.980786
    outer loop
      vertex 6 0.444709 -0.179555
      vertex 40.272 0.521685 -0.194866
      vertex 40.272 0.444709 -0.179555
    endloop
  endfacet
  facet normal -0 -0.195084 -0.980786
    outer loop
      vertex 40.272 0.521685 -0.194866
      vertex 6 0.444709 -0.179555
      vertex 6 0.521685 -0.194866
    endloop
  endfacet
  facet normal 0.0127856 -0.195069 -0.980706
    outer loop
      vertex 40.9971 0.492235 -0.179555
      vertex 40.272 0.444709 -0.179555
      vertex 40.272 0.521685 -0.194866
    endloop
  endfacet
  facet normal 0.00428778 -0.0654148 -0.997849
    outer loop
      vertex 40.9768 0.646198 -0.2
      vertex 40.272 0.521685 -0.194866
      vertex 40.272 0.6 -0.2
    endloop
  endfacet
  facet normal -0.0751714 -0.377911 -0.922785
    outer loop
      vertex 5.26519 0.418552 -0.154327
      vertex 4.44709 0.204446 0
      vertex 4.54295 0.562215 -0.154327
    endloop
  endfacet
  facet normal -0.103521 -0.304964 -0.946721
    outer loop
      vertex 4.54295 0.562215 -0.154327
      vertex 3.84564 0.798919 -0.154327
      vertex 4.56219 0.634001 -0.179555
    endloop
  endfacet
  facet normal -0.162545 -0.108609 -0.980706
    outer loop
      vertex 1.65376 2.66501 -0.194866
      vertex 1.18898 3.22235 -0.179555
      vertex 1.25564 3.26084 -0.194866
    endloop
  endfacet
  facet normal -0.162541 -0.108605 -0.980707
    outer loop
      vertex 1.59269 2.61815 -0.179555
      vertex 1.18898 3.22235 -0.179555
      vertex 1.65376 2.66501 -0.194866
    endloop
  endfacet
  facet normal -0.058795 -0.0289943 -0.997849
    outer loop
      vertex 1.32346 3.3 -0.2
      vertex 0.938697 3.90354 -0.194866
      vertex 1.01105 3.93351 -0.2
    endloop
  endfacet
  facet normal -0.364866 -0.123854 -0.922785
    outer loop
      vertex 0.456723 3.7039 0
      vertex 0.204446 4.44709 0
      vertex 0.798919 3.84564 -0.154327
    endloop
  endfacet
  facet normal -0.185115 -0.0628379 -0.980706
    outer loop
      vertex 0.938697 3.90354 -0.194866
      vertex 0.634001 4.56219 -0.179555
      vertex 0.708354 4.58211 -0.194866
    endloop
  endfacet
  facet normal -0.195067 -0.0127855 -0.980707
    outer loop
      vertex 0.568553 5.28494 -0.194866
      vertex 0.492235 5.27489 -0.179555
      vertex 0.521685 6 -0.194866
    endloop
  endfacet
  facet normal 0.108651 -0.162609 -0.98069
    outer loop
      vertex 43.6538 1.59269 -0.179555
      vertex 43.0496 1.18898 -0.179555
      vertex 43.607 1.65376 -0.194866
    endloop
  endfacet
  facet normal 0.212265 -0.242019 -0.946768
    outer loop
      vertex 43.6991 1.53373 -0.154327
      vertex 43.6538 1.59269 -0.179555
      vertex 44.2527 2.01927 -0.154327
    endloop
  endfacet
  facet normal 0.242042 -0.212296 -0.946756
    outer loop
      vertex 44.7383 2.57291 -0.154327
      vertex 44.2527 2.01927 -0.154327
      vertex 44.6793 2.61815 -0.179555
    endloop
  endfacet
  facet normal 0.289675 -0.254075 -0.922786
    outer loop
      vertex 44.5146 1.75736 0
      vertex 44.2527 2.01927 -0.154327
      vertex 44.7383 2.57291 -0.154327
    endloop
  endfacet
  facet normal 0.075174 -0.377903 -0.922788
    outer loop
      vertex 41.8249 0.204446 0
      vertex 41.0068 0.418552 -0.154327
      vertex 41.729 0.562215 -0.154327
    endloop
  endfacet
  facet normal 0.0628313 -0.315872 -0.946719
    outer loop
      vertex 41.0068 0.418552 -0.154327
      vertex 40.9971 0.492235 -0.179555
      vertex 41.7098 0.634001 -0.179555
    endloop
  endfacet
  facet normal 0.178862 -0.267689 -0.946758
    outer loop
      vertex 43.0868 1.12461 -0.154327
      vertex 43.0496 1.18898 -0.179555
      vertex 43.6538 1.59269 -0.179555
    endloop
  endfacet
  facet normal 0.178858 -0.267683 -0.946761
    outer loop
      vertex 43.6991 1.53373 -0.154327
      vertex 43.0868 1.12461 -0.154327
      vertex 43.6538 1.59269 -0.179555
    endloop
  endfacet
  facet normal 0.123856 -0.364877 -0.922781
    outer loop
      vertex 42.5681 0.456723 0
      vertex 41.8249 0.204446 0
      vertex 42.4264 0.798919 -0.154327
    endloop
  endfacet
  facet normal 0.0493013 -0.0432328 -0.997848
    outer loop
      vertex 44.6182 2.66501 -0.194866
      vertex 44.0904 2.18162 -0.2
      vertex 44.5561 2.71269 -0.2
    endloop
  endfacet
  facet normal 0.0492829 -0.0432127 -0.99785
    outer loop
      vertex 44.1458 2.12625 -0.194866
      vertex 44.0904 2.18162 -0.2
      vertex 44.6182 2.66501 -0.194866
    endloop
  endfacet
  facet normal 0.175449 -0.0865226 -0.980679
    outer loop
      vertex 45.083 3.22235 -0.179555
      vertex 45.0164 3.26084 -0.194866
      vertex 45.4044 3.87408 -0.179555
    endloop
  endfacet
  facet normal 0.0545247 -0.0364296 -0.997848
    outer loop
      vertex 44.6182 2.66501 -0.194866
      vertex 44.5561 2.71269 -0.2
      vertex 44.9485 3.3 -0.2
    endloop
  endfacet
  facet normal 0.288726 -0.142387 -0.946765
    outer loop
      vertex 45.4731 3.84564 -0.154327
      vertex 45.1474 3.1852 -0.154327
      vertex 45.4044 3.87408 -0.179555
    endloop
  endfacet
  facet normal 0.34555 -0.17041 -0.922797
    outer loop
      vertex 45.4682 3 0
      vertex 45.1474 3.1852 -0.154327
      vertex 45.4731 3.84564 -0.154327
    endloop
  endfacet
  facet normal 0.191619 -0.0381249 0.980729
    outer loop
      vertex 45.7798 5.27489 0.979555
      vertex 45.5636 4.58211 0.994866
      vertex 45.638 4.56219 0.979555
    endloop
  endfacet
  facet normal 0.194866 -0.012781 0.980747
    outer loop
      vertex 45.7503 6 0.994866
      vertex 45.7034 5.28494 0.994866
      vertex 45.7798 5.27489 0.979555
    endloop
  endfacet
  facet normal 0.658775 -0.043246 0.751096
    outer loop
      vertex 46.0373 6 0.876012
      vertex 45.9879 5.24748 0.876012
      vertex 46.0963 6 0.824264
    endloop
  endfacet
  facet normal 0.738006 -0.146749 0.658644
    outer loop
      vertex 46.0977 5.23303 0.765256
      vertex 45.8978 4.49257 0.824264
      vertex 45.9478 4.47918 0.765256
    endloop
  endfacet
  facet normal 0.712517 -0.241901 0.658638
    outer loop
      vertex 45.8978 4.49257 0.824264
      vertex 45.7007 3.75135 0.765256
      vertex 45.9478 4.47918 0.765256
    endloop
  endfacet
  facet normal 0.978658 -0.194688 0.0657636
    outer loop
      vertex 46.2156 5.21751 0.478315
      vertex 46.0626 4.44841 0.478315
      vertex 46.0676 4.44709 0.4
    endloop
  endfacet
  facet normal 0.961987 -0.191372 0.194829
    outer loop
      vertex 46.2156 5.21751 0.478315
      vertex 46.0478 4.45238 0.555291
      vertex 46.0626 4.44841 0.478315
    endloop
  endfacet
  facet normal 0.849794 -0.2884 0.44122
    outer loop
      vertex 45.9899 4.46789 0.7
      vertex 45.7731 3.72138 0.629609
      vertex 46.0234 4.45891 0.629609
    endloop
  endfacet
  facet normal 0.96197 -0.191358 0.194926
    outer loop
      vertex 46.2004 5.21951 0.555291
      vertex 46.0478 4.45238 0.555291
      vertex 46.2156 5.21751 0.478315
    endloop
  endfacet
  facet normal 0.928918 -0.3153 0.194157
    outer loop
      vertex 46.0478 4.45238 0.555291
      vertex 45.7964 3.71172 0.555291
      vertex 45.8105 3.70586 0.478315
    endloop
  endfacet
  facet normal 0.896901 -0.304432 0.320765
    outer loop
      vertex 46.0478 4.45238 0.555291
      vertex 45.7731 3.72138 0.629609
      vertex 45.7964 3.71172 0.555291
    endloop
  endfacet
  facet normal 0.896784 -0.304347 0.321173
    outer loop
      vertex 46.0234 4.45891 0.629609
      vertex 45.7731 3.72138 0.629609
      vertex 46.0478 4.45238 0.555291
    endloop
  endfacet
  facet normal 0.880147 -0.175131 0.441215
    outer loop
      vertex 46.1754 5.22281 0.629609
      vertex 45.9899 4.46789 0.7
      vertex 46.0234 4.45891 0.629609
    endloop
  endfacet
  facet normal 0.746496 -0.368158 0.554259
    outer loop
      vertex 45.741 3.73466 0.7
      vertex 45.3608 3.06199 0.765256
      vertex 45.3985 3.04019 0.7
    endloop
  endfacet
  facet normal 0.804566 -0.396797 0.441844
    outer loop
      vertex 45.741 3.73466 0.7
      vertex 45.3985 3.04019 0.7
      vertex 45.4286 3.02284 0.629609
    endloop
  endfacet
  facet normal 0.0860976 0.174797 -0.980833
    outer loop
      vertex 43.0112 116.94 -0.194866
      vertex 42.3979 117.328 -0.179555
      vertex 43.0496 117.007 -0.179555
    endloop
  endfacet
  facet normal 0.0432821 0.0493286 -0.997844
    outer loop
      vertex 44.0904 116.014 -0.2
      vertex 43.5593 116.48 -0.2
      vertex 43.607 116.542 -0.194866
    endloop
  endfacet
  facet normal 0.0127127 0.193422 -0.981033
    outer loop
      vertex 40.9871 117.627 -0.194866
      vertex 40.272 117.674 -0.194866
      vertex 40.9971 117.704 -0.179555
    endloop
  endfacet
  facet normal 0.124222 0.364907 -0.92272
    outer loop
      vertex 42.4264 117.397 -0.154327
      vertex 41.8249 117.992 0
      vertex 42.5681 117.739 0
    endloop
  endfacet
  facet normal 0.170445 0.345754 -0.922715
    outer loop
      vertex 43.272 117.392 0
      vertex 42.4264 117.397 -0.154327
      vertex 42.5681 117.739 0
    endloop
  endfacet
  facet normal 0.0630384 0.185371 -0.980645
    outer loop
      vertex 42.3685 117.257 -0.194866
      vertex 41.7098 117.562 -0.179555
      vertex 42.3979 117.328 -0.179555
    endloop
  endfacet
  facet normal 0.0866152 0.175607 -0.980643
    outer loop
      vertex 43.0112 116.94 -0.194866
      vertex 42.3685 117.257 -0.194866
      vertex 42.3979 117.328 -0.179555
    endloop
  endfacet
  facet normal -0.289687 -0.254054 -0.922788
    outer loop
      vertex 1.75736 1.75736 0
      vertex 1.53373 2.57291 -0.154327
      vertex 2.01927 2.01927 -0.154327
    endloop
  endfacet
  facet normal -0.242142 -0.212358 -0.946716
    outer loop
      vertex 2.01927 2.01927 -0.154327
      vertex 1.53373 2.57291 -0.154327
      vertex 1.59269 2.61815 -0.179555
    endloop
  endfacet
  facet normal -0.108609 -0.162545 -0.980706
    outer loop
      vertex 3.22235 1.18898 -0.179555
      vertex 2.66501 1.65376 -0.194866
      vertex 3.26084 1.25564 -0.194866
    endloop
  endfacet
  facet normal -0.142444 -0.28885 -0.946718
    outer loop
      vertex 3.84564 0.798919 -0.154327
      vertex 3.1852 1.12461 -0.154327
      vertex 3.87408 0.86758 -0.179555
    endloop
  endfacet
  facet normal -0.178922 -0.267779 -0.946721
    outer loop
      vertex 3.1852 1.12461 -0.154327
      vertex 2.61815 1.59269 -0.179555
      vertex 3.22235 1.18898 -0.179555
    endloop
  endfacet
  facet normal -0.128894 -0.146972 -0.980707
    outer loop
      vertex 2.61815 1.59269 -0.179555
      vertex 2.07182 2.07182 -0.179555
      vertex 2.66501 1.65376 -0.194866
    endloop
  endfacet
  facet normal -0.0127892 -0.0642958 0.997849
    outer loop
      vertex 5.29516 0.646198 1
      vertex 4.58211 0.708354 0.994866
      vertex 5.28494 0.568553 0.994866
    endloop
  endfacet
  facet normal -0.0864597 -0.175324 0.980707
    outer loop
      vertex 3.90354 0.938697 0.994866
      vertex 3.26084 1.25564 0.994866
      vertex 3.87408 0.86758 0.979555
    endloop
  endfacet
  facet normal -0.0210721 -0.0620766 0.997849
    outer loop
      vertex 3.93351 1.01105 1
      vertex 3.90354 0.938697 0.994866
      vertex 4.58211 0.708354 0.994866
    endloop
  endfacet
  facet normal -0.332832 -0.674923 0.658561
    outer loop
      vertex 3.08787 0.956039 0.824264
      vertex 3.06199 0.911224 0.765256
      vertex 3.75135 0.571273 0.765256
    endloop
  endfacet
  facet normal -0.332846 -0.674943 0.658533
    outer loop
      vertex 3.77115 0.619082 0.824264
      vertex 3.08787 0.956039 0.824264
      vertex 3.75135 0.571273 0.765256
    endloop
  endfacet
  facet normal -0.526204 -0.787527 0.320796
    outer loop
      vertex 2.37524 1.27611 0.629609
      vertex 2.35988 1.2561 0.555291
      vertex 3.02284 0.843401 0.629609
    endloop
  endfacet
  facet normal -0.418904 -0.849453 0.320857
    outer loop
      vertex 3.02284 0.843401 0.629609
      vertex 3.01022 0.821553 0.555291
      vertex 3.72138 0.498919 0.629609
    endloop
  endfacet
  facet normal -0.128789 -0.647465 0.751134
    outer loop
      vertex 5.24748 0.284066 0.876012
      vertex 4.50784 0.43119 0.876012
      vertex 5.23978 0.225564 0.824264
    endloop
  endfacet
  facet normal -0.0628283 -0.315858 0.946724
    outer loop
      vertex 4.56219 0.634001 0.979555
      vertex 4.54295 0.562215 0.954328
      vertex 5.26519 0.418552 0.954328
    endloop
  endfacet
  facet normal -0.366744 -0.548864 0.751164
    outer loop
      vertex 2.49033 1.42612 0.876012
      vertex 2.45441 1.3793 0.824264
      vertex 3.11737 1.00714 0.876012
    endloop
  endfacet
  facet normal -0.435248 -0.496304 0.75116
    outer loop
      vertex 2.49033 1.42612 0.876012
      vertex 1.92335 1.92335 0.876012
      vertex 2.45441 1.3793 0.824264
    endloop
  endfacet
  facet normal -0.292143 -0.333118 0.896485
    outer loop
      vertex 2.57291 1.53373 0.954328
      vertex 2.01927 2.01927 0.954328
      vertex 2.53006 1.47789 0.919615
    endloop
  endfacet
  facet normal -0.366871 -0.418342 0.8309
    outer loop
      vertex 1.96949 1.96949 0.919615
      vertex 1.92335 1.92335 0.876012
      vertex 2.53006 1.47789 0.919615
    endloop
  endfacet
  facet normal 0.0431774 -0.658735 0.751135
    outer loop
      vertex 41.0245 0.284066 0.876012
      vertex 40.272 0.175736 0.824264
      vertex 41.0322 0.225564 0.824264
    endloop
  endfacet
  facet normal 0.162327 -0.816018 0.554765
    outer loop
      vertex 41.7928 0.324208 0.765256
      vertex 41.039 0.174258 0.765256
      vertex 41.0447 0.131028 0.7
    endloop
  endfacet
  facet normal 0.162325 -0.816013 0.554773
    outer loop
      vertex 41.7928 0.324208 0.765256
      vertex 41.0447 0.131028 0.7
      vertex 41.8041 0.282091 0.7
    endloop
  endfacet
  facet normal 0.267444 -0.787834 0.554789
    outer loop
      vertex 42.5373 0.530989 0.7
      vertex 41.7928 0.324208 0.765256
      vertex 41.8041 0.282091 0.7
    endloop
  endfacet
  facet normal 0.191354 -0.962 0.19478
    outer loop
      vertex 41.8196 0.224194 0.555291
      vertex 41.0545 0.0564203 0.478315
      vertex 41.8236 0.209404 0.478315
    endloop
  endfacet
  facet normal 0.191366 -0.962015 0.194693
    outer loop
      vertex 41.8196 0.224194 0.555291
      vertex 41.0525 0.0716009 0.555291
      vertex 41.0545 0.0564203 0.478315
    endloop
  endfacet
  facet normal 0.212245 -0.625247 0.751011
    outer loop
      vertex 42.4783 0.673597 0.876012
      vertex 41.7642 0.43119 0.876012
      vertex 41.7794 0.374193 0.824264
    endloop
  endfacet
  facet normal 0.128806 -0.647545 0.751062
    outer loop
      vertex 41.7642 0.43119 0.876012
      vertex 41.0322 0.225564 0.824264
      vertex 41.7794 0.374193 0.824264
    endloop
  endfacet
  facet normal 0.750275 -0.657924 0.0649844
    outer loop
      vertex 45.028 2.35056 0.478315
      vertex 44.511 1.76099 0.478315
      vertex 44.5146 1.75736 0.4
    endloop
  endfacet
  facet normal 0.624646 -0.712175 0.320349
    outer loop
      vertex 44.4823 1.78965 0.629609
      vertex 43.8968 1.27611 0.629609
      vertex 43.9121 1.2561 0.555291
    endloop
  endfacet
  facet normal 0.315286 -0.928861 0.194454
    outer loop
      vertex 42.5603 0.475612 0.555291
      vertex 41.8196 0.224194 0.555291
      vertex 42.5661 0.461466 0.478315
    endloop
  endfacet
  facet normal 0.315299 -0.928776 0.194837
    outer loop
      vertex 42.5661 0.461466 0.478315
      vertex 41.8196 0.224194 0.555291
      vertex 41.8236 0.209404 0.478315
    endloop
  endfacet
  facet normal 0.367984 -0.74623 0.554733
    outer loop
      vertex 43.21 0.911224 0.765256
      vertex 42.5373 0.530989 0.7
      vertex 43.2318 0.873464 0.7
    endloop
  endfacet
  facet normal 0.548662 -0.62566 0.554545
    outer loop
      vertex 44.4578 1.8142 0.7
      vertex 43.8491 1.33825 0.765256
      vertex 43.8756 1.30365 0.7
    endloop
  endfacet
  facet normal 0.41889 -0.849498 0.320755
    outer loop
      vertex 43.2492 0.843401 0.629609
      vertex 42.5506 0.498919 0.629609
      vertex 43.2618 0.821553 0.555291
    endloop
  endfacet
  facet normal 0.433853 -0.879769 0.194367
    outer loop
      vertex 43.2618 0.821553 0.555291
      vertex 42.5603 0.475612 0.555291
      vertex 42.5661 0.461466 0.478315
    endloop
  endfacet
  facet normal 0.0586799 -0.895328 0.441525
    outer loop
      vertex 40.272 0.0803852 0.7
      vertex 40.272 0.0456724 0.629609
      vertex 41.0447 0.131028 0.7
    endloop
  endfacet
  facet normal -0.108547 -0.545696 0.830923
    outer loop
      vertex 4.52473 0.494224 0.919615
      vertex 4.50784 0.43119 0.876012
      vertex 5.256 0.348764 0.919615
    endloop
  endfacet
  facet normal -0.0864357 -0.43454 0.896495
    outer loop
      vertex 5.26519 0.418552 0.954328
      vertex 4.54295 0.562215 0.954328
      vertex 5.256 0.348764 0.919615
    endloop
  endfacet
  facet normal -0.212349 -0.242131 0.946721
    outer loop
      vertex 2.07182 2.07182 0.979555
      vertex 2.01927 2.01927 0.954328
      vertex 2.61815 1.59269 0.979555
    endloop
  endfacet
  facet normal -0.195976 -0.397392 0.896478
    outer loop
      vertex 3.1852 1.12461 0.954328
      vertex 3.15 1.06366 0.919615
      vertex 3.8187 0.733887 0.919615
    endloop
  endfacet
  facet normal -0.246163 -0.36841 0.896481
    outer loop
      vertex 3.1852 1.12461 0.954328
      vertex 2.53006 1.47789 0.919615
      vertex 3.15 1.06366 0.919615
    endloop
  endfacet
  facet normal -0.0364199 -0.054506 0.997849
    outer loop
      vertex 2.71269 1.71589 1
      vertex 2.66501 1.65376 0.994866
      vertex 3.3 1.32346 1
    endloop
  endfacet
  facet normal -0.043222 -0.0492859 0.997849
    outer loop
      vertex 2.71269 1.71589 1
      vertex 2.18162 2.18162 1
      vertex 2.66501 1.65376 0.994866
    endloop
  endfacet
  facet normal -0.962058 0.19115 0.194696
    outer loop
      vertex 0.224194 113.744 0.555291
      vertex 0.0564203 112.978 0.478315
      vertex 0.0716009 112.976 0.555291
    endloop
  endfacet
  facet normal -0.880507 0.175246 0.44045
    outer loop
      vertex 0.282091 113.728 0.7
      vertex 0.0966129 112.973 0.629609
      vertex 0.131028 112.969 0.7
    endloop
  endfacet
  facet normal -0.995713 0.0652764 0.0655336
    outer loop
      vertex 0.0513315 112.979 0.4
      vertex 0 112.196 0.4
      vertex 0.0564203 112.978 0.478315
    endloop
  endfacet
  facet normal -0.829697 -0.554384 0.065276
    outer loop
      vertex 1.24395 2.35056 0.478315
      vertex 0.803848 3 0.4
      vertex 1.23988 2.34743 0.4
    endloop
  endfacet
  facet normal -0.750234 -0.657941 0.0652852
    outer loop
      vertex 1.24395 2.35056 0.478315
      vertex 1.23988 2.34743 0.4
      vertex 1.75736 1.75736 0.4
    endloop
  endfacet
  facet normal -0.26778 -0.178925 0.94672
    outer loop
      vertex 1.59269 2.61815 0.979555
      vertex 1.12461 3.1852 0.954328
      vertex 1.53373 2.57291 0.954328
    endloop
  endfacet
  facet normal -0.368404 -0.24616 0.896484
    outer loop
      vertex 1.53373 2.57291 0.954328
      vertex 1.12461 3.1852 0.954328
      vertex 1.47789 2.53006 0.919615
    endloop
  endfacet
  facet normal -0.737451 -0.646728 0.194704
    outer loop
      vertex 1.2561 2.35988 0.555291
      vertex 1.24395 2.35056 0.478315
      vertex 1.76099 1.76099 0.478315
    endloop
  endfacet
  facet normal -0.625745 -0.418106 0.658507
    outer loop
      vertex 1.3793 2.45441 0.824264
      vertex 0.956039 3.08787 0.824264
      vertex 1.33825 2.42291 0.765256
    endloop
  endfacet
  facet normal -0.146972 -0.128894 0.980707
    outer loop
      vertex 1.65376 2.66501 0.994866
      vertex 1.59269 2.61815 0.979555
      vertex 2.07182 2.07182 0.979555
    endloop
  endfacet
  facet normal -0.146974 -0.128896 0.980706
    outer loop
      vertex 2.12625 2.12625 0.994866
      vertex 1.65376 2.66501 0.994866
      vertex 2.07182 2.07182 0.979555
    endloop
  endfacet
  facet normal -0.434544 -0.086437 0.896493
    outer loop
      vertex 0.562215 4.54295 0.954328
      vertex 0.348764 5.256 0.919615
      vertex 0.494224 4.52473 0.919615
    endloop
  endfacet
  facet normal -0.288825 -0.142434 0.946727
    outer loop
      vertex 1.18898 3.22235 0.979555
      vertex 0.86758 3.87408 0.979555
      vertex 1.12461 3.1852 0.954328
    endloop
  endfacet
  facet normal -0.647461 -0.128788 0.751138
    outer loop
      vertex 0.43119 4.50784 0.876012
      vertex 0.225564 5.23978 0.824264
      vertex 0.374193 4.49257 0.824264
    endloop
  endfacet
  facet normal -0.746206 -0.367984 0.554766
    outer loop
      vertex 0.571273 3.75135 0.765256
      vertex 0.530989 3.73466 0.7
      vertex 0.911224 3.06199 0.765256
    endloop
  endfacet
  facet normal -0.896874 -0.304447 0.320825
    outer loop
      vertex 0.248562 4.45891 0.629609
      vertex 0.224194 4.45238 0.555291
      vertex 0.498919 3.72138 0.629609
    endloop
  endfacet
  facet normal -0.997859 -0.0654037 0
    outer loop
      vertex 0.0513315 5.21684 0
      vertex 0 6 0.4
      vertex 0 6 0
    endloop
  endfacet
  facet normal -0.997859 -0.0654037 0
    outer loop
      vertex 0 6 0.4
      vertex 0.0513315 5.21684 0
      vertex 0.0513315 5.21684 0.4
    endloop
  endfacet
  facet normal -0.658726 -0.0431745 0.751143
    outer loop
      vertex 0.234744 6 0.876012
      vertex 0.175736 6 0.824264
      vertex 0.284066 5.24748 0.876012
    endloop
  endfacet
  facet normal -0.658727 0.0431471 0.751144
    outer loop
      vertex 0.284066 112.949 0.876012
      vertex 0.175736 112.196 0.824264
      vertex 0.234744 112.196 0.876012
    endloop
  endfacet
  facet normal -0.830117 0.0544068 0.554928
    outer loop
      vertex 0.131028 112.969 0.7
      vertex 0.123988 112.196 0.765256
      vertex 0.174258 112.963 0.765256
    endloop
  endfacet
  facet normal -0.830236 -0.0544167 0.554749
    outer loop
      vertex 0.174258 5.23303 0.765256
      vertex 0.123988 6 0.765256
      vertex 0.131028 5.22734 0.7
    endloop
  endfacet
  facet normal -0.895506 0.0587098 0.441161
    outer loop
      vertex 0.0966129 112.973 0.629609
      vertex 0.0456724 112.196 0.629609
      vertex 0.131028 112.969 0.7
    endloop
  endfacet
  facet normal -0.750933 -0.0492188 0.658542
    outer loop
      vertex 0.175736 6 0.824264
      vertex 0.123988 6 0.765256
      vertex 0.174258 5.23303 0.765256
    endloop
  endfacet
  facet normal -0.787855 -0.267441 0.554761
    outer loop
      vertex 0.324208 4.47918 0.765256
      vertex 0.282091 4.46789 0.7
      vertex 0.530989 3.73466 0.7
    endloop
  endfacet
  facet normal -0.674596 -0.591595 0.441516
    outer loop
      vertex 1.30365 2.39637 0.7
      vertex 1.27611 2.37524 0.629609
      vertex 1.78965 1.78965 0.629609
    endloop
  endfacet
  facet normal -0.962017 -0.191359 0.194693
    outer loop
      vertex 0.0716009 5.21951 0.555291
      vertex 0.0564203 5.21751 0.478315
      vertex 0.224194 4.45238 0.555291
    endloop
  endfacet
  facet normal -0.879711 -0.433825 0.194692
    outer loop
      vertex 0.475612 3.71172 0.555291
      vertex 0.461466 3.70586 0.478315
      vertex 0.821553 3.01022 0.555291
    endloop
  endfacet
  facet normal -0.829697 -0.554383 0.0652847
    outer loop
      vertex 0.808293 3.00257 0.478315
      vertex 0.803848 3 0.4
      vertex 1.24395 2.35056 0.478315
    endloop
  endfacet
  facet normal -0.815567 -0.544942 0.194648
    outer loop
      vertex 0.821553 3.01022 0.555291
      vertex 0.808293 3.00257 0.478315
      vertex 1.24395 2.35056 0.478315
    endloop
  endfacet
  facet normal 0.462298 -0.691889 0.554589
    outer loop
      vertex 43.8491 1.33825 0.765256
      vertex 43.21 0.911224 0.765256
      vertex 43.8756 1.30365 0.7
    endloop
  endfacet
  facet normal 0.46226 -0.6918 0.554733
    outer loop
      vertex 43.8756 1.30365 0.7
      vertex 43.21 0.911224 0.765256
      vertex 43.2318 0.873464 0.7
    endloop
  endfacet
  facet normal 0.212711 0.62509 0.751011
    outer loop
      vertex 41.7794 117.822 0.824264
      vertex 41.7642 117.765 0.876012
      vertex 42.4783 117.522 0.876012
    endloop
  endfacet
  facet normal 0.0364485 0.553421 0.832103
    outer loop
      vertex 41.0245 117.912 0.876012
      vertex 40.272 117.896 0.919615
      vertex 41.016 117.847 0.919615
    endloop
  endfacet
  facet normal 0.043534 0.66189 0.748335
    outer loop
      vertex 41.0322 117.97 0.824264
      vertex 40.272 118.02 0.824264
      vertex 41.0245 117.912 0.876012
    endloop
  endfacet
  facet normal 0.179739 0.528197 0.829881
    outer loop
      vertex 42.4783 117.522 0.876012
      vertex 41.7642 117.765 0.876012
      vertex 42.4533 117.462 0.919615
    endloop
  endfacet
  facet normal -0.064907 0.995864 0.0635807
    outer loop
      vertex 6 118.196 0.4
      vertex 5.21751 118.14 0.478315
      vertex 6 118.191 0.478315
    endloop
  endfacet
  facet normal -0.0648494 0.995832 0.0641334
    outer loop
      vertex 6 118.196 0.4
      vertex 5.21684 118.145 0.4
      vertex 5.21751 118.14 0.478315
    endloop
  endfacet
  facet normal -0.544392 0.814104 0.202168
    outer loop
      vertex 3.00257 117.388 0.478315
      vertex 2.35056 116.952 0.478315
      vertex 3.01022 117.374 0.555291
    endloop
  endfacet
  facet normal -0.544635 0.816124 0.19317
    outer loop
      vertex 3.01022 117.374 0.555291
      vertex 2.35056 116.952 0.478315
      vertex 2.35988 116.94 0.555291
    endloop
  endfacet
  facet normal -0.0860518 0.174712 0.980852
    outer loop
      vertex 3.87408 117.328 0.979555
      vertex 3.22235 117.007 0.979555
      vertex 3.26084 116.94 0.994866
    endloop
  endfacet
  facet normal -0.246437 0.500541 0.829896
    outer loop
      vertex 3.79373 117.522 0.876012
      vertex 3.11737 117.189 0.876012
      vertex 3.8187 117.462 0.919615
    endloop
  endfacet
  facet normal 0.00433455 0.0659497 0.997814
    outer loop
      vertex 40.9871 117.627 0.994866
      vertex 40.272 117.674 0.994866
      vertex 40.9768 117.55 1
    endloop
  endfacet
  facet normal 0.00428658 0.0656778 0.997832
    outer loop
      vertex 40.272 117.674 0.994866
      vertex 40.272 117.596 1
      vertex 40.9768 117.55 1
    endloop
  endfacet
  facet normal -0.0383643 0.192551 0.980537
    outer loop
      vertex 5.27489 117.704 0.979555
      vertex 4.56219 117.562 0.979555
      vertex 4.58211 117.488 0.994866
    endloop
  endfacet
  facet normal -0.308498 0.461673 0.831677
    outer loop
      vertex 3.11737 117.189 0.876012
      vertex 2.49033 116.77 0.876012
      vertex 2.53006 116.718 0.919615
    endloop
  endfacet
  facet normal -0.037609 0.190164 0.981032
    outer loop
      vertex 5.27489 117.704 0.979555
      vertex 4.58211 117.488 0.994866
      vertex 5.28494 117.627 0.994866
    endloop
  endfacet
  facet normal -0.0127128 0.193414 0.981035
    outer loop
      vertex 6 117.674 0.994866
      vertex 5.27489 117.704 0.979555
      vertex 5.28494 117.627 0.994866
    endloop
  endfacet
  facet normal 0.78844 0.267725 0.553793
    outer loop
      vertex 45.9899 113.728 0.7
      vertex 45.741 114.461 0.7
      vertex 45.9478 113.717 0.765256
    endloop
  endfacet
  facet normal 0.41957 0.142485 0.89647
    outer loop
      vertex 45.5381 114.377 0.919615
      vertex 45.4731 114.35 0.954328
      vertex 45.7098 113.653 0.954328
    endloop
  endfacet
  facet normal 0.142835 0.289987 0.946312
    outer loop
      vertex 43.0868 117.071 0.954328
      vertex 42.3979 117.328 0.979555
      vertex 43.0496 117.007 0.979555
    endloop
  endfacet
  facet normal 0.195981 0.397129 0.896593
    outer loop
      vertex 43.122 117.132 0.919615
      vertex 42.4533 117.462 0.919615
      vertex 43.0868 117.071 0.954328
    endloop
  endfacet
  facet normal 0.24157 0.7113 0.660073
    outer loop
      vertex 42.5207 117.625 0.765256
      vertex 41.7794 117.822 0.824264
      vertex 42.5008 117.577 0.824264
    endloop
  endfacet
  facet normal 0.241785 0.712531 0.658665
    outer loop
      vertex 41.7928 117.872 0.765256
      vertex 41.7794 117.822 0.824264
      vertex 42.5207 117.625 0.765256
    endloop
  endfacet
  facet normal 0.288854 0.852119 0.436414
    outer loop
      vertex 41.8131 117.947 0.629609
      vertex 41.8041 117.914 0.7
      vertex 42.5506 117.697 0.629609
    endloop
  endfacet
  facet normal 0.288627 0.849886 0.440896
    outer loop
      vertex 42.5506 117.697 0.629609
      vertex 41.8041 117.914 0.7
      vertex 42.5373 117.665 0.7
    endloop
  endfacet
  facet normal 0.566887 0.49781 0.656372
    outer loop
      vertex 44.9338 115.773 0.765256
      vertex 44.3904 116.314 0.824264
      vertex 44.8927 115.742 0.824264
    endloop
  endfacet
  facet normal 0.564529 0.494988 0.660526
    outer loop
      vertex 44.427 116.351 0.765256
      vertex 44.3904 116.314 0.824264
      vertex 44.9338 115.773 0.765256
    endloop
  endfacet
  facet normal 0.463909 0.694343 0.55016
    outer loop
      vertex 43.8756 116.892 0.7
      vertex 43.21 117.285 0.765256
      vertex 43.8491 116.858 0.765256
    endloop
  endfacet
  facet normal 0.417478 0.624848 0.659755
    outer loop
      vertex 43.21 117.285 0.765256
      vertex 43.1841 117.24 0.824264
      vertex 43.8491 116.858 0.765256
    endloop
  endfacet
  facet normal 0.737257 0.646605 0.195841
    outer loop
      vertex 44.511 116.435 0.478315
      vertex 44.5002 116.424 0.555291
      vertex 45.0159 115.836 0.555291
    endloop
  endfacet
  facet normal 0.624983 0.711922 0.320255
    outer loop
      vertex 43.9121 116.94 0.555291
      vertex 43.8968 116.92 0.629609
      vertex 44.4823 116.406 0.629609
    endloop
  endfacet
  facet normal 0.74679 0.498865 0.439816
    outer loop
      vertex 45.4286 115.173 0.629609
      vertex 44.9683 115.8 0.7
      vertex 45.3985 115.156 0.7
    endloop
  endfacet
  facet normal 0.746283 0.498328 0.441282
    outer loop
      vertex 44.9959 115.821 0.629609
      vertex 44.9683 115.8 0.7
      vertex 45.4286 115.173 0.629609
    endloop
  endfacet
  facet normal 0.879759 0.433613 0.194947
    outer loop
      vertex 45.8105 114.49 0.478315
      vertex 45.4504 115.186 0.555291
      vertex 45.7964 114.484 0.555291
    endloop
  endfacet
  facet normal 0.880203 0.434217 0.191569
    outer loop
      vertex 45.4637 115.193 0.478315
      vertex 45.4504 115.186 0.555291
      vertex 45.8105 114.49 0.478315
    endloop
  endfacet
  facet normal 0.305178 0.103638 0.946639
    outer loop
      vertex 45.7098 113.653 0.954328
      vertex 45.4731 114.35 0.954328
      vertex 45.638 113.634 0.979555
    endloop
  endfacet
  facet normal 0.19156 0.038094 0.980741
    outer loop
      vertex 45.7798 112.921 0.979555
      vertex 45.5636 113.614 0.994866
      vertex 45.7034 112.911 0.994866
    endloop
  endfacet
  facet normal 0.849817 0.288224 0.441291
    outer loop
      vertex 46.0234 113.737 0.629609
      vertex 45.7731 114.475 0.629609
      vertex 45.9899 113.728 0.7
    endloop
  endfacet
  facet normal 0.880132 0.175105 0.441255
    outer loop
      vertex 46.0234 113.737 0.629609
      vertex 45.9899 113.728 0.7
      vertex 46.1754 112.973 0.629609
    endloop
  endfacet
  facet normal 0.545137 0.108511 0.831295
    outer loop
      vertex 45.9879 112.949 0.876012
      vertex 45.8408 113.688 0.876012
      vertex 45.9232 112.94 0.919615
    endloop
  endfacet
  facet normal 0.555003 0.0364034 0.831051
    outer loop
      vertex 45.9879 112.949 0.876012
      vertex 45.9232 112.94 0.919615
      vertex 45.972 112.196 0.919615
    endloop
  endfacet
  facet normal 0.241314 0.211747 0.947064
    outer loop
      vertex 44.2527 116.177 0.954328
      vertex 44.2002 116.124 0.979555
      vertex 44.6793 115.578 0.979555
    endloop
  endfacet
  facet normal 0.211522 0.241285 0.947122
    outer loop
      vertex 44.2527 116.177 0.954328
      vertex 43.6538 116.603 0.979555
      vertex 44.2002 116.124 0.979555
    endloop
  endfacet
  facet normal 0.0290755 0.0590362 0.997832
    outer loop
      vertex 42.3685 117.257 0.994866
      vertex 42.3385 117.185 1
      vertex 42.972 116.873 1
    endloop
  endfacet
  facet normal 0.0212117 0.0623127 0.997831
    outer loop
      vertex 42.3685 117.257 0.994866
      vertex 41.6899 117.488 0.994866
      vertex 42.3385 117.185 1
    endloop
  endfacet
  facet normal 0.0210049 0.324056 0.945805
    outer loop
      vertex 41.0068 117.777 0.954328
      vertex 40.272 117.751 0.979555
      vertex 40.9971 117.704 0.979555
    endloop
  endfacet
  facet normal 0.0126403 0.19501 0.98072
    outer loop
      vertex 40.272 117.751 0.979555
      vertex 40.272 117.674 0.994866
      vertex 40.9971 117.704 0.979555
    endloop
  endfacet
  facet normal 0.526815 -0.178824 0.830956
    outer loop
      vertex 45.8408 4.50784 0.876012
      vertex 45.5381 3.8187 0.919615
      vertex 45.5984 3.79373 0.876012
    endloop
  endfacet
  facet normal 0.5921 -0.291953 0.75112
    outer loop
      vertex 45.5984 3.79373 0.876012
      vertex 45.2649 3.11737 0.876012
      vertex 45.316 3.08787 0.824264
    endloop
  endfacet
  facet normal 0.434509 -0.0863943 0.896514
    outer loop
      vertex 45.9232 5.256 0.919615
      vertex 45.7098 4.54295 0.954328
      vertex 45.7778 4.52473 0.919615
    endloop
  endfacet
  facet normal 0.555188 -0.0364156 0.830927
    outer loop
      vertex 45.972 6 0.919615
      vertex 45.9232 5.256 0.919615
      vertex 45.9879 5.24748 0.876012
    endloop
  endfacet
  facet normal 0.288731 -0.142388 0.946763
    outer loop
      vertex 45.4044 3.87408 0.979555
      vertex 45.083 3.22235 0.979555
      vertex 45.1474 3.1852 0.954328
    endloop
  endfacet
  facet normal 0.26769 -0.178859 0.946758
    outer loop
      vertex 45.083 3.22235 0.979555
      vertex 44.6793 2.61815 0.979555
      vertex 45.1474 3.1852 0.954328
    endloop
  endfacet
  facet normal 0.175361 -0.0864665 0.9807
    outer loop
      vertex 45.3333 3.90354 0.994866
      vertex 45.0164 3.26084 0.994866
      vertex 45.4044 3.87408 0.979555
    endloop
  endfacet
  facet normal 0.0587438 -0.0289651 0.997853
    outer loop
      vertex 45.3333 3.90354 0.994866
      vertex 44.9485 3.3 1
      vertex 45.0164 3.26084 0.994866
    endloop
  endfacet
  facet normal 0.147029 -0.128919 0.980695
    outer loop
      vertex 44.6182 2.66501 0.994866
      vertex 44.1458 2.12625 0.994866
      vertex 44.2002 2.07182 0.979555
    endloop
  endfacet
  facet normal 0.0492829 -0.0432127 0.99785
    outer loop
      vertex 44.6182 2.66501 0.994866
      vertex 44.0904 2.18162 1
      vertex 44.1458 2.12625 0.994866
    endloop
  endfacet
  facet normal 0.0588028 0.0289807 -0.997849
    outer loop
      vertex 45.3333 114.292 -0.194866
      vertex 44.9485 114.896 -0.2
      vertex 45.0164 114.935 -0.194866
    endloop
  endfacet
  facet normal 0.174853 0.0861754 -0.980816
    outer loop
      vertex 45.3333 114.292 -0.194866
      vertex 45.0164 114.935 -0.194866
      vertex 45.4044 114.322 -0.179555
    endloop
  endfacet
  facet normal 0.0490338 0.0429751 -0.997872
    outer loop
      vertex 44.6182 115.531 -0.194866
      vertex 44.0904 116.014 -0.2
      vertex 44.1458 116.07 -0.194866
    endloop
  endfacet
  facet normal 0.646733 -0.7375 0.1945
    outer loop
      vertex 44.5002 1.77182 0.555291
      vertex 43.9121 1.2561 0.555291
      vertex 44.511 1.76099 0.478315
    endloop
  endfacet
  facet normal 0.737496 -0.646748 0.194466
    outer loop
      vertex 45.0159 2.35988 0.555291
      vertex 44.5002 1.77182 0.555291
      vertex 44.511 1.76099 0.478315
    endloop
  endfacet
  facet normal 0.309164 -0.462668 0.830877
    outer loop
      vertex 43.7419 1.47789 0.919615
      vertex 43.122 1.06366 0.919615
      vertex 43.1546 1.00714 0.876012
    endloop
  endfacet
  facet normal 0.308967 -0.46244 0.831077
    outer loop
      vertex 43.7419 1.47789 0.919615
      vertex 43.1546 1.00714 0.876012
      vertex 43.7817 1.42612 0.876012
    endloop
  endfacet
  facet normal 0.128948 -0.147053 0.980687
    outer loop
      vertex 44.2002 2.07182 0.979555
      vertex 43.607 1.65376 0.994866
      vertex 43.6538 1.59269 0.979555
    endloop
  endfacet
  facet normal 0.103496 -0.304889 0.946748
    outer loop
      vertex 42.3979 0.86758 0.979555
      vertex 41.7098 0.634001 0.979555
      vertex 42.4264 0.798919 0.954328
    endloop
  endfacet
  facet normal 0.0210682 -0.0620682 0.99785
    outer loop
      vertex 42.3385 1.01105 1
      vertex 41.6696 0.784001 1
      vertex 41.6899 0.708354 0.994866
    endloop
  endfacet
  facet normal 0.00428704 -0.0654105 0.997849
    outer loop
      vertex 40.9768 0.646198 1
      vertex 40.272 0.521685 0.994866
      vertex 40.9871 0.568553 0.994866
    endloop
  endfacet
  facet normal 0.0127872 -0.064283 0.99785
    outer loop
      vertex 41.6899 0.708354 0.994866
      vertex 40.9768 0.646198 1
      vertex 40.9871 0.568553 0.994866
    endloop
  endfacet
  facet normal 0.0289768 -0.442103 0.896496
    outer loop
      vertex 40.272 0.370391 0.954328
      vertex 40.272 0.3 0.919615
      vertex 41.0068 0.418552 0.954328
    endloop
  endfacet
  facet normal 0.0864385 -0.43453 0.8965
    outer loop
      vertex 41.729 0.562215 0.954328
      vertex 41.0068 0.418552 0.954328
      vertex 41.016 0.348764 0.919615
    endloop
  endfacet
  facet normal 0.246109 -0.499049 0.830892
    outer loop
      vertex 43.122 1.06366 0.919615
      vertex 42.4533 0.733887 0.919615
      vertex 43.1546 1.00714 0.876012
    endloop
  endfacet
  facet normal 0.195976 -0.397392 0.896478
    outer loop
      vertex 43.0868 1.12461 0.954328
      vertex 42.4533 0.733887 0.919615
      vertex 43.122 1.06366 0.919615
    endloop
  endfacet
  facet normal -0.162364 0.108523 -0.980745
    outer loop
      vertex 1.65376 115.531 -0.194866
      vertex 1.18898 114.974 -0.179555
      vertex 1.59269 115.578 -0.179555
    endloop
  endfacet
  facet normal -0.161983 0.108203 -0.980843
    outer loop
      vertex 1.25564 114.935 -0.194866
      vertex 1.18898 114.974 -0.179555
      vertex 1.65376 115.531 -0.194866
    endloop
  endfacet
  facet normal -0.657624 0.750569 0.0646191
    outer loop
      vertex 2.34743 116.956 0.4
      vertex 1.75736 116.439 0.4
      vertex 2.35056 116.952 0.478315
    endloop
  endfacet
  facet normal -0.829517 0.553899 0.0714005
    outer loop
      vertex 1.23988 115.849 0.4
      vertex 0.803848 115.196 0.4
      vertex 1.24395 115.845 0.478315
    endloop
  endfacet
  facet normal -0.749818 0.657654 0.0725579
    outer loop
      vertex 1.75736 116.439 0.4
      vertex 1.23988 115.849 0.4
      vertex 1.24395 115.845 0.478315
    endloop
  endfacet
  facet normal -0.0632668 0.185848 -0.98054
    outer loop
      vertex 4.58211 117.488 -0.194866
      vertex 3.90354 117.257 -0.194866
      vertex 4.56219 117.562 -0.179555
    endloop
  endfacet
  facet normal -0.0383643 0.192551 -0.980537
    outer loop
      vertex 4.58211 117.488 -0.194866
      vertex 4.56219 117.562 -0.179555
      vertex 5.27489 117.704 -0.179555
    endloop
  endfacet
  facet normal -0.526803 0.178852 0.830958
    outer loop
      vertex 0.673597 114.402 0.876012
      vertex 0.43119 113.688 0.876012
      vertex 0.733887 114.377 0.919615
    endloop
  endfacet
  facet normal -0.625624 0.212403 0.750652
    outer loop
      vertex 0.673597 114.402 0.876012
      vertex 0.374193 113.703 0.824264
      vertex 0.43119 113.688 0.876012
    endloop
  endfacet
  facet normal -0.659341 0 0.751844
    outer loop
      vertex 0.175736 112.196 0.824264
      vertex 0.234744 6 0.876012
      vertex 0.234744 112.196 0.876012
    endloop
  endfacet
  facet normal -0.659341 0 0.751844
    outer loop
      vertex 0.234744 6 0.876012
      vertex 0.175736 112.196 0.824264
      vertex 0.175736 6 0.824264
    endloop
  endfacet
  facet normal -0.648296 0.129066 0.750369
    outer loop
      vertex 0.43119 113.688 0.876012
      vertex 0.225564 112.956 0.824264
      vertex 0.284066 112.949 0.876012
    endloop
  endfacet
  facet normal -0.555018 0.0363775 0.831043
    outer loop
      vertex 0.348764 112.94 0.919615
      vertex 0.284066 112.949 0.876012
      vertex 0.3 112.196 0.919615
    endloop
  endfacet
  facet normal -0.321362 0.0210573 0.946722
    outer loop
      vertex 0.418552 112.931 0.954328
      vertex 0.370391 112.196 0.954328
      vertex 0.444709 112.196 0.979555
    endloop
  endfacet
  facet normal -0.442103 0.0289689 0.896496
    outer loop
      vertex 0.418552 112.931 0.954328
      vertex 0.3 112.196 0.919615
      vertex 0.370391 112.196 0.954328
    endloop
  endfacet
  facet normal -0.442106 -0.028977 0.896494
    outer loop
      vertex 0.418552 5.26519 0.954328
      vertex 0.3 6 0.919615
      vertex 0.348764 5.256 0.919615
    endloop
  endfacet
  facet normal -0.316032 0.0628838 0.946662
    outer loop
      vertex 0.562215 113.653 0.954328
      vertex 0.418552 112.931 0.954328
      vertex 0.634001 113.634 0.979555
    endloop
  endfacet
  facet normal -0.315641 0.062759 0.946801
    outer loop
      vertex 0.634001 113.634 0.979555
      vertex 0.418552 112.931 0.954328
      vertex 0.492235 112.921 0.979555
    endloop
  endfacet
  facet normal -0.174815 0.0861686 0.980823
    outer loop
      vertex 1.25564 114.935 0.994866
      vertex 0.86758 114.322 0.979555
      vertex 0.938697 114.292 0.994866
    endloop
  endfacet
  facet normal -0.146767 0.128792 0.980751
    outer loop
      vertex 2.07182 116.124 0.979555
      vertex 1.59269 115.578 0.979555
      vertex 1.65376 115.531 0.994866
    endloop
  endfacet
  facet normal -0.397834 0.196106 0.896254
    outer loop
      vertex 1.06366 115.046 0.919615
      vertex 0.733887 114.377 0.919615
      vertex 1.12461 115.011 0.954328
    endloop
  endfacet
  facet normal -0.368889 0.24646 0.896202
    outer loop
      vertex 1.47789 115.666 0.919615
      vertex 1.06366 115.046 0.919615
      vertex 1.12461 115.011 0.954328
    endloop
  endfacet
  facet normal -0.625122 0.548095 0.555711
    outer loop
      vertex 1.8142 116.382 0.7
      vertex 1.33825 115.773 0.765256
      vertex 1.84503 116.351 0.765256
    endloop
  endfacet
  facet normal -0.712292 0.241596 0.658993
    outer loop
      vertex 0.571273 114.445 0.765256
      vertex 0.374193 113.703 0.824264
      vertex 0.619082 114.425 0.824264
    endloop
  endfacet
  facet normal -0.625324 0.417887 0.659045
    outer loop
      vertex 1.33825 115.773 0.765256
      vertex 0.911224 115.134 0.765256
      vertex 0.956039 115.108 0.824264
    endloop
  endfacet
  facet normal -0.627377 0.418839 0.656485
    outer loop
      vertex 1.33825 115.773 0.765256
      vertex 0.956039 115.108 0.824264
      vertex 1.3793 115.742 0.824264
    endloop
  endfacet
  facet normal -0.564574 0.495009 0.660471
    outer loop
      vertex 1.84503 116.351 0.765256
      vertex 1.33825 115.773 0.765256
      vertex 1.88162 116.314 0.824264
    endloop
  endfacet
  facet normal -0.54823 0.624874 0.555857
    outer loop
      vertex 2.42291 116.858 0.765256
      vertex 1.8142 116.382 0.7
      vertex 1.84503 116.351 0.765256
    endloop
  endfacet
  facet normal -0.0545739 0.0364546 0.997844
    outer loop
      vertex 1.65376 115.531 0.994866
      vertex 1.25564 114.935 0.994866
      vertex 1.32346 114.896 1
    endloop
  endfacet
  facet normal -0.162364 0.108523 0.980745
    outer loop
      vertex 1.59269 115.578 0.979555
      vertex 1.18898 114.974 0.979555
      vertex 1.65376 115.531 0.994866
    endloop
  endfacet
  facet normal -0.30767 0.460717 0.832514
    outer loop
      vertex 3.11737 117.189 0.876012
      vertex 2.53006 116.718 0.919615
      vertex 3.15 117.132 0.919615
    endloop
  endfacet
  facet normal -0.29155 0.332811 0.896792
    outer loop
      vertex 2.53006 116.718 0.919615
      vertex 2.01927 116.177 0.954328
      vertex 2.57291 116.662 0.954328
    endloop
  endfacet
  facet normal -0.02908 0.0590464 0.997832
    outer loop
      vertex 3.90354 117.257 0.994866
      vertex 3.3 116.873 1
      vertex 3.93351 117.185 1
    endloop
  endfacet
  facet normal 0.0643328 -0.0127964 -0.997846
    outer loop
      vertex 45.5636 4.58211 -0.194866
      vertex 45.488 4.60238 -0.2
      vertex 45.6258 5.29516 -0.2
    endloop
  endfacet
  facet normal 0.316181 -0.0629078 -0.946611
    outer loop
      vertex 45.8534 5.26519 -0.154327
      vertex 45.638 4.56219 -0.179555
      vertex 45.7798 5.27489 -0.179555
    endloop
  endfacet
  facet normal 0.191619 -0.0381249 -0.980729
    outer loop
      vertex 45.638 4.56219 -0.179555
      vertex 45.5636 4.58211 -0.194866
      vertex 45.7798 5.27489 -0.179555
    endloop
  endfacet
  facet normal -0.17042 -0.345578 -0.922785
    outer loop
      vertex 3.7039 0.456723 0
      vertex 3 0.803848 0
      vertex 3.84564 0.798919 -0.154327
    endloop
  endfacet
  facet normal -0.0210721 -0.0620766 -0.997849
    outer loop
      vertex 4.58211 0.708354 -0.194866
      vertex 3.90354 0.938697 -0.194866
      vertex 3.93351 1.01105 -0.2
    endloop
  endfacet
  facet normal -0.142439 -0.288835 -0.946723
    outer loop
      vertex 3.87408 0.86758 -0.179555
      vertex 3.1852 1.12461 -0.154327
      vertex 3.22235 1.18898 -0.179555
    endloop
  endfacet
  facet normal -0.0864597 -0.175324 -0.980707
    outer loop
      vertex 3.87408 0.86758 -0.179555
      vertex 3.26084 1.25564 -0.194866
      vertex 3.90354 0.938697 -0.194866
    endloop
  endfacet
  facet normal 0.0628405 -0.185131 -0.980703
    outer loop
      vertex 41.7098 0.634001 -0.179555
      vertex 41.6899 0.708354 -0.194866
      vertex 42.3685 0.938697 -0.194866
    endloop
  endfacet
  facet normal 0.00428704 -0.0654105 -0.997849
    outer loop
      vertex 40.9871 0.568553 -0.194866
      vertex 40.272 0.521685 -0.194866
      vertex 40.9768 0.646198 -0.2
    endloop
  endfacet
  facet normal -0.103523 -0.304971 -0.946718
    outer loop
      vertex 4.56219 0.634001 -0.179555
      vertex 3.84564 0.798919 -0.154327
      vertex 3.87408 0.86758 -0.179555
    endloop
  endfacet
  facet normal -0.038137 -0.191728 -0.980707
    outer loop
      vertex 5.27489 0.492235 -0.179555
      vertex 4.58211 0.708354 -0.194866
      vertex 5.28494 0.568553 -0.194866
    endloop
  endfacet
  facet normal -0.288835 -0.142439 -0.946723
    outer loop
      vertex 1.12461 3.1852 -0.154327
      vertex 0.86758 3.87408 -0.179555
      vertex 1.18898 3.22235 -0.179555
    endloop
  endfacet
  facet normal -0.267779 -0.178922 -0.946721
    outer loop
      vertex 1.59269 2.61815 -0.179555
      vertex 1.12461 3.1852 -0.154327
      vertex 1.18898 3.22235 -0.179555
    endloop
  endfacet
  facet normal -0.175331 -0.0864643 -0.980705
    outer loop
      vertex 1.18898 3.22235 -0.179555
      vertex 0.86758 3.87408 -0.179555
      vertex 1.25564 3.26084 -0.194866
    endloop
  endfacet
  facet normal -0.175324 -0.0864597 -0.980707
    outer loop
      vertex 1.25564 3.26084 -0.194866
      vertex 0.86758 3.87408 -0.179555
      vertex 0.938697 3.90354 -0.194866
    endloop
  endfacet
  facet normal -0.315872 -0.0628313 -0.946719
    outer loop
      vertex 0.634001 4.56219 -0.179555
      vertex 0.418552 5.26519 -0.154327
      vertex 0.492235 5.27489 -0.179555
    endloop
  endfacet
  facet normal -0.32137 -0.0210636 -0.946719
    outer loop
      vertex 0.492235 5.27489 -0.179555
      vertex 0.418552 5.26519 -0.154327
      vertex 0.444709 6 -0.179555
    endloop
  endfacet
  facet normal -0.345578 -0.17042 -0.922785
    outer loop
      vertex 0.803848 3 0
      vertex 0.456723 3.7039 0
      vertex 0.798919 3.84564 -0.154327
    endloop
  endfacet
  facet normal -0.896873 -0.442289 0
    outer loop
      vertex 0.803848 3 0
      vertex 0.456723 3.7039 0.4
      vertex 0.456723 3.7039 0
    endloop
  endfacet
  facet normal -0.896873 -0.442289 0
    outer loop
      vertex 0.456723 3.7039 0.4
      vertex 0.803848 3 0
      vertex 0.803848 3 0.4
    endloop
  endfacet
  facet normal -0.0620756 -0.0210717 -0.997849
    outer loop
      vertex 1.01105 3.93351 -0.2
      vertex 0.708354 4.58211 -0.194866
      vertex 0.784001 4.60238 -0.2
    endloop
  endfacet
  facet normal -0.0620766 -0.0210721 -0.997849
    outer loop
      vertex 0.938697 3.90354 -0.194866
      vertex 0.708354 4.58211 -0.194866
      vertex 1.01105 3.93351 -0.2
    endloop
  endfacet
  facet normal 0.0432133 -0.0492787 -0.99785
    outer loop
      vertex 43.607 1.65376 -0.194866
      vertex 43.5593 1.71589 -0.2
      vertex 44.0904 2.18162 -0.2
    endloop
  endfacet
  facet normal 0.0432169 -0.049282 -0.997849
    outer loop
      vertex 44.1458 2.12625 -0.194866
      vertex 43.607 1.65376 -0.194866
      vertex 44.0904 2.18162 -0.2
    endloop
  endfacet
  facet normal 0.0364119 -0.0544916 -0.99785
    outer loop
      vertex 43.0112 1.25564 -0.194866
      vertex 42.972 1.32346 -0.2
      vertex 43.607 1.65376 -0.194866
    endloop
  endfacet
  facet normal 0.0381401 -0.191742 -0.980704
    outer loop
      vertex 41.7098 0.634001 -0.179555
      vertex 40.9971 0.492235 -0.179555
      vertex 41.6899 0.708354 -0.194866
    endloop
  endfacet
  facet normal 0.0628398 -0.315898 -0.94671
    outer loop
      vertex 41.729 0.562215 -0.154327
      vertex 41.0068 0.418552 -0.154327
      vertex 41.7098 0.634001 -0.179555
    endloop
  endfacet
  facet normal 0.103525 -0.305015 -0.946704
    outer loop
      vertex 41.729 0.562215 -0.154327
      vertex 41.7098 0.634001 -0.179555
      vertex 42.4264 0.798919 -0.154327
    endloop
  endfacet
  facet normal 0.162637 -0.108692 -0.980681
    outer loop
      vertex 45.083 3.22235 -0.179555
      vertex 44.6182 2.66501 -0.194866
      vertex 45.0164 3.26084 -0.194866
    endloop
  endfacet
  facet normal 0.0544586 -0.0363953 -0.997853
    outer loop
      vertex 45.0164 3.26084 -0.194866
      vertex 44.6182 2.66501 -0.194866
      vertex 44.9485 3.3 -0.2
    endloop
  endfacet
  facet normal 0.442043 -0.0289942 0.896525
    outer loop
      vertex 45.972 6 0.919615
      vertex 45.8534 5.26519 0.954328
      vertex 45.9232 5.256 0.919615
    endloop
  endfacet
  facet normal 0.0643328 -0.0127964 0.997846
    outer loop
      vertex 45.6258 5.29516 1
      vertex 45.488 4.60238 1
      vertex 45.5636 4.58211 0.994866
    endloop
  endfacet
  facet normal 0.191536 -0.0380984 0.980746
    outer loop
      vertex 45.7034 5.28494 0.994866
      vertex 45.5636 4.58211 0.994866
      vertex 45.7798 5.27489 0.979555
    endloop
  endfacet
  facet normal 0.647448 -0.12876 0.751154
    outer loop
      vertex 46.0464 5.23978 0.824264
      vertex 45.8408 4.50784 0.876012
      vertex 45.8978 4.49257 0.824264
    endloop
  endfacet
  facet normal 0.738126 -0.146793 0.658499
    outer loop
      vertex 46.0464 5.23978 0.824264
      vertex 45.8978 4.49257 0.824264
      vertex 46.0977 5.23303 0.765256
    endloop
  endfacet
  facet normal 0.816114 -0.162374 0.55461
    outer loop
      vertex 46.141 5.22734 0.7
      vertex 45.9478 4.47918 0.765256
      vertex 45.9899 4.46789 0.7
    endloop
  endfacet
  facet normal 0.815644 -0.162188 0.555355
    outer loop
      vertex 46.0977 5.23303 0.765256
      vertex 45.9478 4.47918 0.765256
      vertex 46.141 5.22734 0.7
    endloop
  endfacet
  facet normal 0.928769 -0.315322 0.194835
    outer loop
      vertex 46.0478 4.45238 0.555291
      vertex 45.8105 3.70586 0.478315
      vertex 46.0626 4.44841 0.478315
    endloop
  endfacet
  facet normal 0.944854 -0.320784 0.0659393
    outer loop
      vertex 46.0626 4.44841 0.478315
      vertex 45.8105 3.70586 0.478315
      vertex 45.8153 3.7039 0.4
    endloop
  endfacet
  facet normal 0.928808 -0.184813 0.321184
    outer loop
      vertex 46.1754 5.22281 0.629609
      vertex 46.0234 4.45891 0.629609
      vertex 46.0478 4.45238 0.555291
    endloop
  endfacet
  facet normal 0.928977 -0.184795 0.320706
    outer loop
      vertex 46.1754 5.22281 0.629609
      vertex 46.0478 4.45238 0.555291
      vertex 46.2004 5.21951 0.555291
    endloop
  endfacet
  facet normal 0.108782 0.162688 -0.980663
    outer loop
      vertex 43.607 116.542 -0.194866
      vertex 43.0496 117.007 -0.179555
      vertex 43.6538 116.603 -0.179555
    endloop
  endfacet
  facet normal 0.213984 0.320289 -0.922836
    outer loop
      vertex 43.6991 116.662 -0.154327
      vertex 43.272 117.392 0
      vertex 43.9246 116.956 0
    endloop
  endfacet
  facet normal 0.0290755 0.0590362 -0.997832
    outer loop
      vertex 42.972 116.873 -0.2
      vertex 42.3385 117.185 -0.2
      vertex 42.3685 117.257 -0.194866
    endloop
  endfacet
  facet normal 0.0292664 0.059336 -0.997809
    outer loop
      vertex 42.972 116.873 -0.2
      vertex 42.3685 117.257 -0.194866
      vertex 43.0112 116.94 -0.194866
    endloop
  endfacet
  facet normal 0.178751 0.267602 -0.946804
    outer loop
      vertex 43.6538 116.603 -0.179555
      vertex 43.0868 117.071 -0.154327
      vertex 43.6991 116.662 -0.154327
    endloop
  endfacet
  facet normal 0.108274 0.162084 -0.980819
    outer loop
      vertex 43.607 116.542 -0.194866
      vertex 43.0112 116.94 -0.194866
      vertex 43.0496 117.007 -0.179555
    endloop
  endfacet
  facet normal 0.0632693 0.185864 -0.980536
    outer loop
      vertex 42.3685 117.257 -0.194866
      vertex 41.6899 117.488 -0.194866
      vertex 41.7098 117.562 -0.179555
    endloop
  endfacet
  facet normal 0.00433455 0.0659497 -0.997814
    outer loop
      vertex 40.9768 117.55 -0.2
      vertex 40.272 117.674 -0.194866
      vertex 40.9871 117.627 -0.194866
    endloop
  endfacet
  facet normal 0.103263 0.303655 -0.94717
    outer loop
      vertex 42.3979 117.328 -0.179555
      vertex 41.7098 117.562 -0.179555
      vertex 42.4264 117.397 -0.154327
    endloop
  endfacet
  facet normal 0.10339 0.304237 -0.946969
    outer loop
      vertex 42.4264 117.397 -0.154327
      vertex 41.7098 117.562 -0.179555
      vertex 41.729 117.634 -0.154327
    endloop
  endfacet
  facet normal 0.0128191 0.0648149 -0.997815
    outer loop
      vertex 41.6899 117.488 -0.194866
      vertex 40.9768 117.55 -0.2
      vertex 40.9871 117.627 -0.194866
    endloop
  endfacet
  facet normal 0.0376151 0.190186 -0.981027
    outer loop
      vertex 41.6899 117.488 -0.194866
      vertex 40.9871 117.627 -0.194866
      vertex 40.9971 117.704 -0.179555
    endloop
  endfacet
  facet normal -0.128896 -0.146974 -0.980706
    outer loop
      vertex 2.66501 1.65376 -0.194866
      vertex 2.07182 2.07182 -0.179555
      vertex 2.12625 2.12625 -0.194866
    endloop
  endfacet
  facet normal -0.24214 -0.212356 -0.946717
    outer loop
      vertex 2.01927 2.01927 -0.154327
      vertex 1.59269 2.61815 -0.179555
      vertex 2.07182 2.07182 -0.179555
    endloop
  endfacet
  facet normal -0.0628291 -0.31586 0.946723
    outer loop
      vertex 5.27489 0.492235 0.979555
      vertex 4.56219 0.634001 0.979555
      vertex 5.26519 0.418552 0.954328
    endloop
  endfacet
  facet normal -0.0381382 -0.191732 0.980706
    outer loop
      vertex 4.58211 0.708354 0.994866
      vertex 4.56219 0.634001 0.979555
      vertex 5.27489 0.492235 0.979555
    endloop
  endfacet
  facet normal -0.0210717 -0.0620756 0.997849
    outer loop
      vertex 4.60238 0.784001 1
      vertex 3.93351 1.01105 1
      vertex 4.58211 0.708354 0.994866
    endloop
  endfacet
  facet normal -0.396848 -0.804728 0.441502
    outer loop
      vertex 3.73466 0.530989 0.7
      vertex 3.02284 0.843401 0.629609
      vertex 3.72138 0.498919 0.629609
    endloop
  endfacet
  facet normal -0.396848 -0.804728 0.441503
    outer loop
      vertex 3.04019 0.873464 0.7
      vertex 3.02284 0.843401 0.629609
      vertex 3.73466 0.530989 0.7
    endloop
  endfacet
  facet normal -0.333073 -0.292094 0.896517
    outer loop
      vertex 2.01927 2.01927 0.954328
      vertex 1.47789 2.53006 0.919615
      vertex 1.96949 1.96949 0.919615
    endloop
  endfacet
  facet normal -0.418342 -0.366871 0.8309
    outer loop
      vertex 1.96949 1.96949 0.919615
      vertex 1.47789 2.53006 0.919615
      vertex 1.92335 1.92335 0.876012
    endloop
  endfacet
  facet normal 0.146821 -0.738072 0.658554
    outer loop
      vertex 41.7794 0.374193 0.824264
      vertex 41.039 0.174258 0.765256
      vertex 41.7928 0.324208 0.765256
    endloop
  endfacet
  facet normal 0.146804 -0.738024 0.658611
    outer loop
      vertex 41.7794 0.374193 0.824264
      vertex 41.0322 0.225564 0.824264
      vertex 41.039 0.174258 0.765256
    endloop
  endfacet
  facet normal 0.0363905 -0.555205 0.830917
    outer loop
      vertex 40.272 0.3 0.919615
      vertex 40.272 0.234744 0.876012
      vertex 41.0245 0.284066 0.876012
    endloop
  endfacet
  facet normal 0 -0.659341 0.751844
    outer loop
      vertex 6 0.234744 0.876012
      vertex 40.272 0.175736 0.824264
      vertex 40.272 0.234744 0.876012
    endloop
  endfacet
  facet normal 0 -0.659341 0.751844
    outer loop
      vertex 40.272 0.175736 0.824264
      vertex 6 0.234744 0.876012
      vertex 6 0.175736 0.824264
    endloop
  endfacet
  facet normal 0.0492169 -0.750933 0.658542
    outer loop
      vertex 40.272 0.175736 0.824264
      vertex 40.272 0.123988 0.765256
      vertex 41.039 0.174258 0.765256
    endloop
  endfacet
  facet normal 0.049219 -0.750909 0.658569
    outer loop
      vertex 41.0322 0.225564 0.824264
      vertex 40.272 0.175736 0.824264
      vertex 41.039 0.174258 0.765256
    endloop
  endfacet
  facet normal 0.175061 -0.88004 0.441455
    outer loop
      vertex 41.8041 0.282091 0.7
      vertex 41.0447 0.131028 0.7
      vertex 41.0492 0.0966129 0.629609
    endloop
  endfacet
  facet normal 0.175043 -0.879999 0.441546
    outer loop
      vertex 41.8041 0.282091 0.7
      vertex 41.0492 0.0966129 0.629609
      vertex 41.8131 0.248562 0.629609
    endloop
  endfacet
  facet normal 0.554381 -0.829682 0.0654961
    outer loop
      vertex 43.9214 1.24395 0.478315
      vertex 43.2694 0.808293 0.478315
      vertex 43.272 0.803848 0.4
    endloop
  endfacet
  facet normal 0.418874 -0.849394 0.321052
    outer loop
      vertex 43.2618 0.821553 0.555291
      vertex 42.5506 0.498919 0.629609
      vertex 42.5603 0.475612 0.555291
    endloop
  endfacet
  facet normal 0.288414 -0.849606 0.441573
    outer loop
      vertex 42.5373 0.530989 0.7
      vertex 41.8041 0.282091 0.7
      vertex 42.5506 0.498919 0.629609
    endloop
  endfacet
  facet normal 0.288414 -0.84961 0.441566
    outer loop
      vertex 42.5506 0.498919 0.629609
      vertex 41.8041 0.282091 0.7
      vertex 41.8131 0.248562 0.629609
    endloop
  endfacet
  facet normal -0.108605 -0.162541 0.980707
    outer loop
      vertex 2.66501 1.65376 0.994866
      vertex 2.61815 1.59269 0.979555
      vertex 3.22235 1.18898 0.979555
    endloop
  endfacet
  facet normal -0.178916 -0.267769 0.946725
    outer loop
      vertex 3.22235 1.18898 0.979555
      vertex 2.61815 1.59269 0.979555
      vertex 3.1852 1.12461 0.954328
    endloop
  endfacet
  facet normal -0.309095 -0.462594 0.830943
    outer loop
      vertex 3.15 1.06366 0.919615
      vertex 2.53006 1.47789 0.919615
      vertex 3.11737 1.00714 0.876012
    endloop
  endfacet
  facet normal -0.246074 -0.498978 0.830944
    outer loop
      vertex 3.15 1.06366 0.919615
      vertex 3.11737 1.00714 0.876012
      vertex 3.8187 0.733887 0.919615
    endloop
  endfacet
  facet normal -0.0864643 -0.175331 0.980705
    outer loop
      vertex 3.26084 1.25564 0.994866
      vertex 3.22235 1.18898 0.979555
      vertex 3.87408 0.86758 0.979555
    endloop
  endfacet
  facet normal -0.0289943 -0.058795 0.997849
    outer loop
      vertex 3.93351 1.01105 1
      vertex 3.3 1.32346 1
      vertex 3.90354 0.938697 0.994866
    endloop
  endfacet
  facet normal -0.624366 0.211773 0.751877
    outer loop
      vertex 0.619082 114.425 0.824264
      vertex 0.374193 113.703 0.824264
      vertex 0.673597 114.402 0.876012
    endloop
  endfacet
  facet normal -0.590974 0.291556 0.75216
    outer loop
      vertex 0.956039 115.108 0.824264
      vertex 0.619082 114.425 0.824264
      vertex 0.673597 114.402 0.876012
    endloop
  endfacet
  facet normal -0.879697 0.433509 0.195454
    outer loop
      vertex 0.821553 115.186 0.555291
      vertex 0.461466 114.49 0.478315
      vertex 0.475612 114.484 0.555291
    endloop
  endfacet
  facet normal -0.894973 0.441289 0.065472
    outer loop
      vertex 0.803848 115.196 0.4
      vertex 0.456723 114.492 0.4
      vertex 0.461466 114.49 0.478315
    endloop
  endfacet
  facet normal -0.624527 -0.712129 0.320684
    outer loop
      vertex 1.78965 1.78965 0.629609
      vertex 1.77182 1.77182 0.555291
      vertex 2.35988 1.2561 0.555291
    endloop
  endfacet
  facet normal -0.691774 -0.462235 0.554786
    outer loop
      vertex 1.33825 2.42291 0.765256
      vertex 0.911224 3.06199 0.765256
      vertex 1.30365 2.39637 0.7
    endloop
  endfacet
  facet normal -0.397392 -0.195976 0.896478
    outer loop
      vertex 1.12461 3.1852 0.954328
      vertex 0.733887 3.8187 0.919615
      vertex 1.06366 3.15 0.919615
    endloop
  endfacet
  facet normal -0.288839 -0.142439 0.946722
    outer loop
      vertex 0.86758 3.87408 0.979555
      vertex 0.798919 3.84564 0.954328
      vertex 1.12461 3.1852 0.954328
    endloop
  endfacet
  facet normal -0.592071 -0.291978 0.751133
    outer loop
      vertex 0.673597 3.79373 0.876012
      vertex 0.619082 3.77115 0.824264
      vertex 0.956039 3.08787 0.824264
    endloop
  endfacet
  facet normal -0.565805 -0.496191 0.658528
    outer loop
      vertex 1.88162 1.88162 0.824264
      vertex 1.33825 2.42291 0.765256
      vertex 1.84503 1.84503 0.765256
    endloop
  endfacet
  facet normal -0.592079 -0.29198 0.751126
    outer loop
      vertex 1.00714 3.11737 0.876012
      vertex 0.673597 3.79373 0.876012
      vertex 0.956039 3.08787 0.824264
    endloop
  endfacet
  facet normal -0.548864 -0.366744 0.751164
    outer loop
      vertex 1.42612 2.49033 0.876012
      vertex 1.00714 3.11737 0.876012
      vertex 1.3793 2.45441 0.824264
    endloop
  endfacet
  facet normal -0.746048 -0.498492 0.441495
    outer loop
      vertex 0.873464 3.04019 0.7
      vertex 0.843401 3.02284 0.629609
      vertex 1.30365 2.39637 0.7
    endloop
  endfacet
  facet normal -0.804728 -0.396848 0.441503
    outer loop
      vertex 0.873464 3.04019 0.7
      vertex 0.530989 3.73466 0.7
      vertex 0.843401 3.02284 0.629609
    endloop
  endfacet
  facet normal -0.496191 -0.565805 0.658528
    outer loop
      vertex 1.88162 1.88162 0.824264
      vertex 1.84503 1.84503 0.765256
      vertex 2.42291 1.33825 0.765256
    endloop
  endfacet
  facet normal -0.548905 -0.366764 0.751124
    outer loop
      vertex 1.00714 3.11737 0.876012
      vertex 0.956039 3.08787 0.824264
      vertex 1.3793 2.45441 0.824264
    endloop
  endfacet
  facet normal -0.175331 -0.0864643 0.980705
    outer loop
      vertex 1.25564 3.26084 0.994866
      vertex 0.86758 3.87408 0.979555
      vertex 1.18898 3.22235 0.979555
    endloop
  endfacet
  facet normal -0.162545 -0.108609 0.980706
    outer loop
      vertex 1.25564 3.26084 0.994866
      vertex 1.18898 3.22235 0.979555
      vertex 1.65376 2.66501 0.994866
    endloop
  endfacet
  facet normal -0.195067 -0.0127855 0.980707
    outer loop
      vertex 0.521685 6 0.994866
      vertex 0.492235 5.27489 0.979555
      vertex 0.568553 5.28494 0.994866
    endloop
  endfacet
  facet normal -0.185115 -0.0628379 0.980706
    outer loop
      vertex 0.708354 4.58211 0.994866
      vertex 0.634001 4.56219 0.979555
      vertex 0.938697 3.90354 0.994866
    endloop
  endfacet
  facet normal -0.849644 -0.288414 0.441501
    outer loop
      vertex 0.282091 4.46789 0.7
      vertex 0.248562 4.45891 0.629609
      vertex 0.498919 3.72138 0.629609
    endloop
  endfacet
  facet normal -0.712612 -0.241899 0.658536
    outer loop
      vertex 0.619082 3.77115 0.824264
      vertex 0.374193 4.49257 0.824264
      vertex 0.571273 3.75135 0.765256
    endloop
  endfacet
  facet normal -0.89533 0.0586572 0.441525
    outer loop
      vertex 0.131028 112.969 0.7
      vertex 0.0456724 112.196 0.629609
      vertex 0.0803852 112.196 0.7
    endloop
  endfacet
  facet normal -0.384489 -0.025201 -0.922786
    outer loop
      vertex 0.0513315 5.21684 0
      vertex 0 6 0
      vertex 0.418552 5.26519 -0.154327
    endloop
  endfacet
  facet normal -0.37791 -0.0751718 -0.922786
    outer loop
      vertex 0.204446 4.44709 0
      vertex 0.0513315 5.21684 0
      vertex 0.418552 5.26519 -0.154327
    endloop
  endfacet
  facet normal -0.89687 -0.304444 0.320841
    outer loop
      vertex 0.498919 3.72138 0.629609
      vertex 0.224194 4.45238 0.555291
      vertex 0.475612 3.71172 0.555291
    endloop
  endfacet
  facet normal -0.978765 -0.0641516 0.194691
    outer loop
      vertex 0.0716009 5.21951 0.555291
      vertex 0.0204449 6 0.555291
      vertex 0.0564203 5.21751 0.478315
    endloop
  endfacet
  facet normal -0.831469 0 0.555571
    outer loop
      vertex 0.0803852 6 0.7
      vertex 0.123988 112.196 0.765256
      vertex 0.0803852 112.196 0.7
    endloop
  endfacet
  facet normal -0.831469 0 0.555571
    outer loop
      vertex 0.123988 112.196 0.765256
      vertex 0.0803852 6 0.7
      vertex 0.123988 6 0.765256
    endloop
  endfacet
  facet normal -0.830238 0.0543927 0.554749
    outer loop
      vertex 0.131028 112.969 0.7
      vertex 0.0803852 112.196 0.7
      vertex 0.123988 112.196 0.765256
    endloop
  endfacet
  facet normal 0.366748 -0.548916 0.751124
    outer loop
      vertex 43.8176 1.3793 0.824264
      vertex 43.1546 1.00714 0.876012
      vertex 43.1841 0.956039 0.824264
    endloop
  endfacet
  facet normal 0.418088 -0.625757 0.658506
    outer loop
      vertex 43.8176 1.3793 0.824264
      vertex 43.1841 0.956039 0.824264
      vertex 43.8491 1.33825 0.765256
    endloop
  endfacet
  facet normal 0.591493 -0.674376 0.441988
    outer loop
      vertex 44.4823 1.78965 0.629609
      vertex 43.8756 1.30365 0.7
      vertex 43.8968 1.27611 0.629609
    endloop
  endfacet
  facet normal 0.59167 -0.674705 0.441248
    outer loop
      vertex 44.4578 1.8142 0.7
      vertex 43.8756 1.30365 0.7
      vertex 44.4823 1.78965 0.629609
    endloop
  endfacet
  facet normal 0.0858463 0.433554 0.897029
    outer loop
      vertex 41.016 117.847 0.919615
      vertex 41.0068 117.777 0.954328
      vertex 41.729 117.634 0.954328
    endloop
  endfacet
  facet normal 0.0290456 0.441019 0.897028
    outer loop
      vertex 41.016 117.847 0.919615
      vertex 40.272 117.896 0.919615
      vertex 41.0068 117.777 0.954328
    endloop
  endfacet
  facet normal -0.0650698 0.97666 0.204696
    outer loop
      vertex 6 118.176 0.555291
      vertex 5.21751 118.14 0.478315
      vertex 5.21951 118.124 0.555291
    endloop
  endfacet
  facet normal -0.322263 0.94665 0
    outer loop
      vertex 4.44709 117.992 0
      vertex 3.7039 117.739 0.4
      vertex 4.44709 117.992 0.4
    endloop
  endfacet
  facet normal -0.322263 0.94665 0
    outer loop
      vertex 3.7039 117.739 0.4
      vertex 4.44709 117.992 0
      vertex 3.7039 117.739 0
    endloop
  endfacet
  facet normal -0.554383 0.829756 0.0645373
    outer loop
      vertex 3 117.392 0.4
      vertex 2.34743 116.956 0.4
      vertex 2.35056 116.952 0.478315
    endloop
  endfacet
  facet normal -0.554849 0.829742 0.0605878
    outer loop
      vertex 3 117.392 0.4
      vertex 2.35056 116.952 0.478315
      vertex 3.00257 117.388 0.478315
    endloop
  endfacet
  facet normal -0.526466 0.787389 0.320707
    outer loop
      vertex 3.02284 117.353 0.629609
      vertex 2.35988 116.94 0.555291
      vertex 2.37524 116.92 0.629609
    endloop
  endfacet
  facet normal -0.0435328 0.661891 0.748335
    outer loop
      vertex 6 118.02 0.824264
      vertex 5.23978 117.97 0.824264
      vertex 5.24748 117.912 0.876012
    endloop
  endfacet
  facet normal -0.241812 0.712544 0.658641
    outer loop
      vertex 4.47918 117.872 0.765256
      vertex 3.75135 117.625 0.765256
      vertex 4.49257 117.822 0.824264
    endloop
  endfacet
  facet normal -0.495026 0.564232 0.660751
    outer loop
      vertex 2.42291 116.858 0.765256
      vertex 1.84503 116.351 0.765256
      vertex 1.88162 116.314 0.824264
    endloop
  endfacet
  facet normal -0.366899 0.549446 0.750662
    outer loop
      vertex 3.08787 117.24 0.824264
      vertex 2.45441 116.817 0.824264
      vertex 3.11737 117.189 0.876012
    endloop
  endfacet
  facet normal 0.0127489 0.0640033 0.997868
    outer loop
      vertex 41.6899 117.488 0.994866
      vertex 40.9768 117.55 1
      vertex 41.6696 117.412 1
    endloop
  endfacet
  facet normal -0.00428633 0.0656778 0.997832
    outer loop
      vertex 6 117.674 0.994866
      vertex 5.29516 117.55 1
      vertex 6 117.596 1
    endloop
  endfacet
  facet normal -0.0210046 0.324056 0.945805
    outer loop
      vertex 6 117.751 0.979555
      vertex 5.26519 117.777 0.954328
      vertex 5.27489 117.704 0.979555
    endloop
  endfacet
  facet normal -0.0212546 0.318736 0.947605
    outer loop
      vertex 6 117.826 0.954328
      vertex 5.26519 117.777 0.954328
      vertex 6 117.751 0.979555
    endloop
  endfacet
  facet normal 0.591069 0.291554 0.752087
    outer loop
      vertex 45.6529 114.425 0.824264
      vertex 45.316 115.108 0.824264
      vertex 45.5984 114.402 0.876012
    endloop
  endfacet
  facet normal 0.548698 0.366674 0.75132
    outer loop
      vertex 44.8927 115.742 0.824264
      vertex 44.8459 115.706 0.876012
      vertex 45.2649 115.079 0.876012
    endloop
  endfacet
  facet normal 0.398031 0.196219 0.896141
    outer loop
      vertex 45.2083 115.046 0.919615
      vertex 45.1474 115.011 0.954328
      vertex 45.5381 114.377 0.919615
    endloop
  endfacet
  facet normal 0.315986 0.0628471 0.94668
    outer loop
      vertex 45.7098 113.653 0.954328
      vertex 45.638 113.634 0.979555
      vertex 45.8534 112.931 0.954328
    endloop
  endfacet
  facet normal 0.593473 0.292354 0.749879
    outer loop
      vertex 45.316 115.108 0.824264
      vertex 45.2649 115.079 0.876012
      vertex 45.5984 114.402 0.876012
    endloop
  endfacet
  facet normal 0.624448 0.211811 0.751798
    outer loop
      vertex 45.6529 114.425 0.824264
      vertex 45.5984 114.402 0.876012
      vertex 45.8978 113.703 0.824264
    endloop
  endfacet
  facet normal 0.129283 0.650547 0.748381
    outer loop
      vertex 41.0322 117.97 0.824264
      vertex 41.0245 117.912 0.876012
      vertex 41.7642 117.765 0.876012
    endloop
  endfacet
  facet normal 0.108114 0.544029 0.832072
    outer loop
      vertex 41.0245 117.912 0.876012
      vertex 41.016 117.847 0.919615
      vertex 41.7642 117.765 0.876012
    endloop
  endfacet
  facet normal 0.646725 0.737091 0.196069
    outer loop
      vertex 44.511 116.435 0.478315
      vertex 43.9121 116.94 0.555291
      vertex 44.5002 116.424 0.555291
    endloop
  endfacet
  facet normal 0.624248 0.711474 0.322675
    outer loop
      vertex 44.5002 116.424 0.555291
      vertex 43.9121 116.94 0.555291
      vertex 44.4823 116.406 0.629609
    endloop
  endfacet
  facet normal 0.321503 0 0.946909
    outer loop
      vertex 45.8273 112.196 0.979555
      vertex 45.9016 6 0.954328
      vertex 45.9016 112.196 0.954328
    endloop
  endfacet
  facet normal 0.321503 0 0.946909
    outer loop
      vertex 45.9016 6 0.954328
      vertex 45.8273 112.196 0.979555
      vertex 45.8273 6 0.979555
    endloop
  endfacet
  facet normal 0.321431 0.0210789 0.946698
    outer loop
      vertex 45.8534 112.931 0.954328
      vertex 45.8273 112.196 0.979555
      vertex 45.9016 112.196 0.954328
    endloop
  endfacet
  facet normal 0.690916 0.461692 0.556306
    outer loop
      vertex 44.9683 115.8 0.7
      vertex 44.9338 115.773 0.765256
      vertex 45.3608 115.134 0.765256
    endloop
  endfacet
  facet normal 0.816421 0.162531 0.554112
    outer loop
      vertex 45.9899 113.728 0.7
      vertex 45.9478 113.717 0.765256
      vertex 46.141 112.969 0.7
    endloop
  endfacet
  facet normal 0.659029 0.0432705 0.750872
    outer loop
      vertex 46.0464 112.956 0.824264
      vertex 45.9879 112.949 0.876012
      vertex 46.0963 112.196 0.824264
    endloop
  endfacet
  facet normal 0.750856 0.0492996 0.658623
    outer loop
      vertex 46.0977 112.963 0.765256
      vertex 46.0464 112.956 0.824264
      vertex 46.0963 112.196 0.824264
    endloop
  endfacet
  facet normal 0.141991 0.28764 0.947155
    outer loop
      vertex 42.4264 117.397 0.954328
      vertex 42.3979 117.328 0.979555
      vertex 43.0868 117.071 0.954328
    endloop
  endfacet
  facet normal 0.196222 0.3975 0.896376
    outer loop
      vertex 42.4533 117.462 0.919615
      vertex 42.4264 117.397 0.954328
      vertex 43.0868 117.071 0.954328
    endloop
  endfacet
  facet normal 0.625198 -0.212236 0.751055
    outer loop
      vertex 45.8978 4.49257 0.824264
      vertex 45.5984 3.79373 0.876012
      vertex 45.6529 3.77115 0.824264
    endloop
  endfacet
  facet normal 0.592166 -0.291975 0.751059
    outer loop
      vertex 45.5984 3.79373 0.876012
      vertex 45.316 3.08787 0.824264
      vertex 45.6529 3.77115 0.824264
    endloop
  endfacet
  facet normal 0.548943 -0.366814 0.751072
    outer loop
      vertex 45.2649 3.11737 0.876012
      vertex 44.8459 2.49033 0.876012
      vertex 44.8927 2.45441 0.824264
    endloop
  endfacet
  facet normal 0.548895 -0.366791 0.751118
    outer loop
      vertex 45.2649 3.11737 0.876012
      vertex 44.8927 2.45441 0.824264
      vertex 45.316 3.08787 0.824264
    endloop
  endfacet
  facet normal 0.419685 -0.142461 0.89642
    outer loop
      vertex 45.7098 4.54295 0.954328
      vertex 45.4731 3.84564 0.954328
      vertex 45.5381 3.8187 0.919615
    endloop
  endfacet
  facet normal 0.304905 -0.103499 0.946742
    outer loop
      vertex 45.638 4.56219 0.979555
      vertex 45.4731 3.84564 0.954328
      vertex 45.7098 4.54295 0.954328
    endloop
  endfacet
  facet normal 0.442057 -0.0289968 0.896518
    outer loop
      vertex 45.9016 6 0.954328
      vertex 45.8534 5.26519 0.954328
      vertex 45.972 6 0.919615
    endloop
  endfacet
  facet normal 0.434487 -0.0863873 0.896526
    outer loop
      vertex 45.8534 5.26519 0.954328
      vertex 45.7098 4.54295 0.954328
      vertex 45.9232 5.256 0.919615
    endloop
  endfacet
  facet normal 0.0620288 0.0210697 -0.997852
    outer loop
      vertex 45.5636 113.614 -0.194866
      vertex 45.2609 114.262 -0.2
      vertex 45.3333 114.292 -0.194866
    endloop
  endfacet
  facet normal 0.0587616 0.0289544 -0.997852
    outer loop
      vertex 45.2609 114.262 -0.2
      vertex 44.9485 114.896 -0.2
      vertex 45.3333 114.292 -0.194866
    endloop
  endfacet
  facet normal 0.0491665 0.0431202 -0.997859
    outer loop
      vertex 44.5561 115.483 -0.2
      vertex 44.0904 116.014 -0.2
      vertex 44.6182 115.531 -0.194866
    endloop
  endfacet
  facet normal 0.0543917 0.0363599 -0.997857
    outer loop
      vertex 44.9485 114.896 -0.2
      vertex 44.5561 115.483 -0.2
      vertex 44.6182 115.531 -0.194866
    endloop
  endfacet
  facet normal 0.815666 -0.544956 0.194197
    outer loop
      vertex 45.4504 3.01022 0.555291
      vertex 45.0159 2.35988 0.555291
      vertex 45.028 2.35056 0.478315
    endloop
  endfacet
  facet normal 0.737544 -0.64676 0.194243
    outer loop
      vertex 45.0159 2.35988 0.555291
      vertex 44.511 1.76099 0.478315
      vertex 45.028 2.35056 0.478315
    endloop
  endfacet
  facet normal 0.711988 -0.624379 0.321285
    outer loop
      vertex 45.0159 2.35988 0.555291
      vertex 44.4823 1.78965 0.629609
      vertex 44.5002 1.77182 0.555291
    endloop
  endfacet
  facet normal 0.624385 -0.712016 0.321211
    outer loop
      vertex 44.4823 1.78965 0.629609
      vertex 43.9121 1.2561 0.555291
      vertex 44.5002 1.77182 0.555291
    endloop
  endfacet
  facet normal 0.292266 -0.333234 0.896401
    outer loop
      vertex 44.2527 2.01927 0.954328
      vertex 43.6991 1.53373 0.954328
      vertex 43.7419 1.47789 0.919615
    endloop
  endfacet
  facet normal 0.246236 -0.368523 0.896414
    outer loop
      vertex 43.6991 1.53373 0.954328
      vertex 43.0868 1.12461 0.954328
      vertex 43.7419 1.47789 0.919615
    endloop
  endfacet
  facet normal 0.128922 -0.147016 0.980696
    outer loop
      vertex 44.1458 2.12625 0.994866
      vertex 43.607 1.65376 0.994866
      vertex 44.2002 2.07182 0.979555
    endloop
  endfacet
  facet normal 0.0432169 -0.049282 0.997849
    outer loop
      vertex 44.0904 2.18162 1
      vertex 43.607 1.65376 0.994866
      vertex 44.1458 2.12625 0.994866
    endloop
  endfacet
  facet normal 0.0381401 -0.191742 0.980704
    outer loop
      vertex 41.6899 0.708354 0.994866
      vertex 40.9971 0.492235 0.979555
      vertex 41.7098 0.634001 0.979555
    endloop
  endfacet
  facet normal 0.0628291 -0.31586 0.946723
    outer loop
      vertex 41.7098 0.634001 0.979555
      vertex 40.9971 0.492235 0.979555
      vertex 41.0068 0.418552 0.954328
    endloop
  endfacet
  facet normal 0.142418 -0.419607 0.896464
    outer loop
      vertex 42.4264 0.798919 0.954328
      vertex 41.729 0.562215 0.954328
      vertex 42.4533 0.733887 0.919615
    endloop
  endfacet
  facet normal 0.196004 -0.397436 0.896453
    outer loop
      vertex 43.0868 1.12461 0.954328
      vertex 42.4264 0.798919 0.954328
      vertex 42.4533 0.733887 0.919615
    endloop
  endfacet
  facet normal -0.0128211 0.0648279 -0.997814
    outer loop
      vertex 5.29516 117.55 -0.2
      vertex 4.58211 117.488 -0.194866
      vertex 5.28494 117.627 -0.194866
    endloop
  endfacet
  facet normal -0.037609 0.190164 -0.981032
    outer loop
      vertex 5.28494 117.627 -0.194866
      vertex 4.58211 117.488 -0.194866
      vertex 5.27489 117.704 -0.179555
    endloop
  endfacet
  facet normal -0.788351 0.267693 0.553935
    outer loop
      vertex 0.530989 114.461 0.7
      vertex 0.282091 113.728 0.7
      vertex 0.324208 113.717 0.765256
    endloop
  endfacet
  facet normal -0.711454 0.24145 0.65995
    outer loop
      vertex 0.571273 114.445 0.765256
      vertex 0.324208 113.717 0.765256
      vertex 0.374193 113.703 0.824264
    endloop
  endfacet
  facet normal -0.555205 -0.0363895 0.830917
    outer loop
      vertex 0.3 6 0.919615
      vertex 0.234744 6 0.876012
      vertex 0.284066 5.24748 0.876012
    endloop
  endfacet
  facet normal -0.555203 -0.0363897 0.830919
    outer loop
      vertex 0.3 6 0.919615
      vertex 0.284066 5.24748 0.876012
      vertex 0.348764 5.256 0.919615
    endloop
  endfacet
  facet normal -0.289083 0.142502 0.946638
    outer loop
      vertex 1.12461 115.011 0.954328
      vertex 0.86758 114.322 0.979555
      vertex 1.18898 114.974 0.979555
    endloop
  endfacet
  facet normal -0.397298 0.195758 0.896567
    outer loop
      vertex 1.12461 115.011 0.954328
      vertex 0.733887 114.377 0.919615
      vertex 0.798919 114.35 0.954328
    endloop
  endfacet
  facet normal -0.0588548 0.0290103 0.997845
    outer loop
      vertex 1.25564 114.935 0.994866
      vertex 0.938697 114.292 0.994866
      vertex 1.32346 114.896 1
    endloop
  endfacet
  facet normal -0.0491511 0.0431095 0.997861
    outer loop
      vertex 2.18162 116.014 1
      vertex 1.65376 115.531 0.994866
      vertex 1.71589 115.483 1
    endloop
  endfacet
  facet normal -0.0490434 0.0429917 0.997871
    outer loop
      vertex 2.12625 116.07 0.994866
      vertex 1.65376 115.531 0.994866
      vertex 2.18162 116.014 1
    endloop
  endfacet
  facet normal -0.289562 0.142674 0.946466
    outer loop
      vertex 1.12461 115.011 0.954328
      vertex 0.798919 114.35 0.954328
      vertex 0.86758 114.322 0.979555
    endloop
  endfacet
  facet normal -0.305477 0.103711 0.946535
    outer loop
      vertex 0.798919 114.35 0.954328
      vertex 0.634001 113.634 0.979555
      vertex 0.86758 114.322 0.979555
    endloop
  endfacet
  facet normal -0.461601 0.308401 0.831753
    outer loop
      vertex 1.47789 115.666 0.919615
      vertex 1.00714 115.079 0.876012
      vertex 1.06366 115.046 0.919615
    endloop
  endfacet
  facet normal -0.498162 0.245561 0.831586
    outer loop
      vertex 1.00714 115.079 0.876012
      vertex 0.733887 114.377 0.919615
      vertex 1.06366 115.046 0.919615
    endloop
  endfacet
  facet normal -0.33283 0.291701 0.896736
    outer loop
      vertex 2.01927 116.177 0.954328
      vertex 1.47789 115.666 0.919615
      vertex 1.53373 115.623 0.954328
    endloop
  endfacet
  facet normal -0.367995 0.246003 0.896695
    outer loop
      vertex 1.47789 115.666 0.919615
      vertex 1.12461 115.011 0.954328
      vertex 1.53373 115.623 0.954328
    endloop
  endfacet
  facet normal -0.245948 0.368293 0.896588
    outer loop
      vertex 3.15 117.132 0.919615
      vertex 2.53006 116.718 0.919615
      vertex 3.1852 117.071 0.954328
    endloop
  endfacet
  facet normal -0.179755 0.528252 0.829842
    outer loop
      vertex 4.50784 117.765 0.876012
      vertex 3.79373 117.522 0.876012
      vertex 3.8187 117.462 0.919615
    endloop
  endfacet
  facet normal -0.0127891 -0.064295 -0.997849
    outer loop
      vertex 5.29516 0.646198 -0.2
      vertex 4.58211 0.708354 -0.194866
      vertex 4.60238 0.784001 -0.2
    endloop
  endfacet
  facet normal -0.0210717 -0.0620756 -0.997849
    outer loop
      vertex 4.58211 0.708354 -0.194866
      vertex 3.93351 1.01105 -0.2
      vertex 4.60238 0.784001 -0.2
    endloop
  endfacet
  facet normal -0.0381382 -0.191732 -0.980706
    outer loop
      vertex 5.27489 0.492235 -0.179555
      vertex 4.56219 0.634001 -0.179555
      vertex 4.58211 0.708354 -0.194866
    endloop
  endfacet
  facet normal -0.0628356 -0.18511 -0.980707
    outer loop
      vertex 4.56219 0.634001 -0.179555
      vertex 3.87408 0.86758 -0.179555
      vertex 3.90354 0.938697 -0.194866
    endloop
  endfacet
  facet normal -0.0628313 -0.315872 -0.946719
    outer loop
      vertex 5.26519 0.418552 -0.154327
      vertex 4.56219 0.634001 -0.179555
      vertex 5.27489 0.492235 -0.179555
    endloop
  endfacet
  facet normal -0.0628305 -0.315869 -0.94672
    outer loop
      vertex 5.26519 0.418552 -0.154327
      vertex 4.54295 0.562215 -0.154327
      vertex 4.56219 0.634001 -0.179555
    endloop
  endfacet
  facet normal -0.315869 -0.0628305 -0.94672
    outer loop
      vertex 0.562215 4.54295 -0.154327
      vertex 0.418552 5.26519 -0.154327
      vertex 0.634001 4.56219 -0.179555
    endloop
  endfacet
  facet normal -0.304964 -0.103521 -0.946721
    outer loop
      vertex 0.798919 3.84564 -0.154327
      vertex 0.562215 4.54295 -0.154327
      vertex 0.634001 4.56219 -0.179555
    endloop
  endfacet
  facet normal -0.191728 -0.038137 -0.980707
    outer loop
      vertex 0.708354 4.58211 -0.194866
      vertex 0.492235 5.27489 -0.179555
      vertex 0.568553 5.28494 -0.194866
    endloop
  endfacet
  facet normal -0.191732 -0.0381382 -0.980706
    outer loop
      vertex 0.634001 4.56219 -0.179555
      vertex 0.492235 5.27489 -0.179555
      vertex 0.708354 4.58211 -0.194866
    endloop
  endfacet
  facet normal 0.108681 -0.162644 -0.980681
    outer loop
      vertex 43.0496 1.18898 -0.179555
      vertex 43.0112 1.25564 -0.194866
      vertex 43.607 1.65376 -0.194866
    endloop
  endfacet
  facet normal 0.0289898 -0.058785 -0.99785
    outer loop
      vertex 42.3685 0.938697 -0.194866
      vertex 42.3385 1.01105 -0.2
      vertex 42.972 1.32346 -0.2
    endloop
  endfacet
  facet normal 0.0364152 -0.0544979 -0.99785
    outer loop
      vertex 43.607 1.65376 -0.194866
      vertex 42.972 1.32346 -0.2
      vertex 43.5593 1.71589 -0.2
    endloop
  endfacet
  facet normal 0.0289882 -0.0587824 -0.99785
    outer loop
      vertex 43.0112 1.25564 -0.194866
      vertex 42.3685 0.938697 -0.194866
      vertex 42.972 1.32346 -0.2
    endloop
  endfacet
  facet normal 0.0587438 -0.0289651 -0.997853
    outer loop
      vertex 45.0164 3.26084 -0.194866
      vertex 44.9485 3.3 -0.2
      vertex 45.3333 3.90354 -0.194866
    endloop
  endfacet
  facet normal 0.175361 -0.0864665 -0.9807
    outer loop
      vertex 45.4044 3.87408 -0.179555
      vertex 45.0164 3.26084 -0.194866
      vertex 45.3333 3.90354 -0.194866
    endloop
  endfacet
  facet normal 0.0620428 -0.0210567 0.997851
    outer loop
      vertex 45.5636 4.58211 0.994866
      vertex 45.2609 3.93351 1
      vertex 45.3333 3.90354 0.994866
    endloop
  endfacet
  facet normal 0.185015 -0.0627922 0.980728
    outer loop
      vertex 45.5636 4.58211 0.994866
      vertex 45.3333 3.90354 0.994866
      vertex 45.638 4.56219 0.979555
    endloop
  endfacet
  facet normal 0.0654519 -0.00429292 0.997846
    outer loop
      vertex 45.7503 6 0.994866
      vertex 45.6258 5.29516 1
      vertex 45.7034 5.28494 0.994866
    endloop
  endfacet
  facet normal 0.0654272 -0.00428855 0.997848
    outer loop
      vertex 45.672 6 1
      vertex 45.6258 5.29516 1
      vertex 45.7503 6 0.994866
    endloop
  endfacet
  facet normal 0.0429338 0.04901 -0.997875
    outer loop
      vertex 44.0904 116.014 -0.2
      vertex 43.607 116.542 -0.194866
      vertex 44.1458 116.07 -0.194866
    endloop
  endfacet
  facet normal 0.129375 0.147685 -0.980536
    outer loop
      vertex 44.1458 116.07 -0.194866
      vertex 43.607 116.542 -0.194866
      vertex 44.2002 116.124 -0.179555
    endloop
  endfacet
  facet normal 0.253876 0.289785 -0.922806
    outer loop
      vertex 44.2527 116.177 -0.154327
      vertex 43.6991 116.662 -0.154327
      vertex 44.5146 116.439 0
    endloop
  endfacet
  facet normal 0.179622 0.268633 -0.946347
    outer loop
      vertex 43.6538 116.603 -0.179555
      vertex 43.0496 117.007 -0.179555
      vertex 43.0868 117.071 -0.154327
    endloop
  endfacet
  facet normal 0.0127489 0.0640033 -0.997868
    outer loop
      vertex 41.6696 117.412 -0.2
      vertex 40.9768 117.55 -0.2
      vertex 41.6899 117.488 -0.194866
    endloop
  endfacet
  facet normal 0.0209747 0.0618061 -0.997868
    outer loop
      vertex 42.3385 117.185 -0.2
      vertex 41.6696 117.412 -0.2
      vertex 41.6899 117.488 -0.194866
    endloop
  endfacet
  facet normal -0.178932 -0.26779 -0.946716
    outer loop
      vertex 3.1852 1.12461 -0.154327
      vertex 2.57291 1.53373 -0.154327
      vertex 2.61815 1.59269 -0.179555
    endloop
  endfacet
  facet normal -0.212358 -0.242142 -0.946716
    outer loop
      vertex 2.57291 1.53373 -0.154327
      vertex 2.01927 2.01927 -0.154327
      vertex 2.61815 1.59269 -0.179555
    endloop
  endfacet
  facet normal -0.103517 -0.304953 0.946725
    outer loop
      vertex 4.56219 0.634001 0.979555
      vertex 3.84564 0.798919 0.954328
      vertex 4.54295 0.562215 0.954328
    endloop
  endfacet
  facet normal -0.142414 -0.419539 0.896496
    outer loop
      vertex 3.84564 0.798919 0.954328
      vertex 3.8187 0.733887 0.919615
      vertex 4.54295 0.562215 0.954328
    endloop
  endfacet
  facet normal 0.544985 -0.81562 0.194307
    outer loop
      vertex 43.9214 1.24395 0.478315
      vertex 43.2618 0.821553 0.555291
      vertex 43.2694 0.808293 0.478315
    endloop
  endfacet
  facet normal 0.544979 -0.815561 0.194572
    outer loop
      vertex 43.9121 1.2561 0.555291
      vertex 43.2618 0.821553 0.555291
      vertex 43.9214 1.24395 0.478315
    endloop
  endfacet
  facet normal -0.0289947 -0.0587957 0.997849
    outer loop
      vertex 3.3 1.32346 1
      vertex 3.26084 1.25564 0.994866
      vertex 3.90354 0.938697 0.994866
    endloop
  endfacet
  facet normal -0.0364208 -0.0545078 0.997849
    outer loop
      vertex 3.3 1.32346 1
      vertex 2.66501 1.65376 0.994866
      vertex 3.26084 1.25564 0.994866
    endloop
  endfacet
  facet normal -0.647779 0.128887 0.750846
    outer loop
      vertex 0.374193 113.703 0.824264
      vertex 0.225564 112.956 0.824264
      vertex 0.43119 113.688 0.876012
    endloop
  endfacet
  facet normal -0.545145 0.10853 0.831287
    outer loop
      vertex 0.43119 113.688 0.876012
      vertex 0.284066 112.949 0.876012
      vertex 0.348764 112.94 0.919615
    endloop
  endfacet
  facet normal -0.928712 0.315489 0.194835
    outer loop
      vertex 0.461466 114.49 0.478315
      vertex 0.209404 113.748 0.478315
      vertex 0.224194 113.744 0.555291
    endloop
  endfacet
  facet normal -0.747743 0.368935 0.552057
    outer loop
      vertex 0.911224 115.134 0.765256
      vertex 0.530989 114.461 0.7
      vertex 0.571273 114.445 0.765256
    endloop
  endfacet
  facet normal -0.848737 0.418875 0.322783
    outer loop
      vertex 0.821553 115.186 0.555291
      vertex 0.498919 114.475 0.629609
      vertex 0.843401 115.173 0.629609
    endloop
  endfacet
  facet normal -0.880267 0.434282 0.191128
    outer loop
      vertex 0.808293 115.193 0.478315
      vertex 0.461466 114.49 0.478315
      vertex 0.821553 115.186 0.555291
    endloop
  endfacet
  facet normal -0.419544 -0.142415 0.896494
    outer loop
      vertex 0.562215 4.54295 0.954328
      vertex 0.494224 4.52473 0.919615
      vertex 0.733887 3.8187 0.919615
    endloop
  endfacet
  facet normal -0.397359 -0.195955 0.896497
    outer loop
      vertex 0.798919 3.84564 0.954328
      vertex 0.733887 3.8187 0.919615
      vertex 1.12461 3.1852 0.954328
    endloop
  endfacet
  facet normal -0.462616 -0.309114 0.830924
    outer loop
      vertex 1.47789 2.53006 0.919615
      vertex 1.00714 3.11737 0.876012
      vertex 1.42612 2.49033 0.876012
    endloop
  endfacet
  facet normal -0.462594 -0.309095 0.830943
    outer loop
      vertex 1.06366 3.15 0.919615
      vertex 1.00714 3.11737 0.876012
      vertex 1.47789 2.53006 0.919615
    endloop
  endfacet
  facet normal -0.804728 -0.396848 0.441502
    outer loop
      vertex 0.530989 3.73466 0.7
      vertex 0.498919 3.72138 0.629609
      vertex 0.843401 3.02284 0.629609
    endloop
  endfacet
  facet normal -0.849453 -0.418904 0.320857
    outer loop
      vertex 0.843401 3.02284 0.629609
      vertex 0.498919 3.72138 0.629609
      vertex 0.821553 3.01022 0.555291
    endloop
  endfacet
  facet normal -0.787527 -0.526204 0.320796
    outer loop
      vertex 1.27611 2.37524 0.629609
      vertex 0.843401 3.02284 0.629609
      vertex 1.2561 2.35988 0.555291
    endloop
  endfacet
  facet normal -0.787504 -0.526198 0.320864
    outer loop
      vertex 0.843401 3.02284 0.629609
      vertex 0.821553 3.01022 0.555291
      vertex 1.2561 2.35988 0.555291
    endloop
  endfacet
  facet normal -0.62553 -0.548576 0.554777
    outer loop
      vertex 1.33825 2.42291 0.765256
      vertex 1.30365 2.39637 0.7
      vertex 1.8142 1.8142 0.7
    endloop
  endfacet
  facet normal -0.674564 -0.591578 0.441587
    outer loop
      vertex 1.8142 1.8142 0.7
      vertex 1.30365 2.39637 0.7
      vertex 1.78965 1.78965 0.629609
    endloop
  endfacet
  facet normal -0.496205 -0.565817 0.658508
    outer loop
      vertex 2.45441 1.3793 0.824264
      vertex 1.88162 1.88162 0.824264
      vertex 2.42291 1.33825 0.765256
    endloop
  endfacet
  facet normal -0.435229 -0.496287 0.751182
    outer loop
      vertex 1.92335 1.92335 0.876012
      vertex 1.88162 1.88162 0.824264
      vertex 2.45441 1.3793 0.824264
    endloop
  endfacet
  facet normal -0.0587957 -0.0289947 0.997849
    outer loop
      vertex 1.32346 3.3 1
      vertex 0.938697 3.90354 0.994866
      vertex 1.25564 3.26084 0.994866
    endloop
  endfacet
  facet normal -0.0545078 -0.0364208 0.997849
    outer loop
      vertex 1.32346 3.3 1
      vertex 1.25564 3.26084 0.994866
      vertex 1.65376 2.66501 0.994866
    endloop
  endfacet
  facet normal -0.0620766 -0.0210721 0.997849
    outer loop
      vertex 1.01105 3.93351 1
      vertex 0.708354 4.58211 0.994866
      vertex 0.938697 3.90354 0.994866
    endloop
  endfacet
  facet normal -0.31586 -0.0628291 0.946723
    outer loop
      vertex 0.492235 5.27489 0.979555
      vertex 0.418552 5.26519 0.954328
      vertex 0.634001 4.56219 0.979555
    endloop
  endfacet
  facet normal -0.191728 -0.038137 0.980707
    outer loop
      vertex 0.568553 5.28494 0.994866
      vertex 0.492235 5.27489 0.979555
      vertex 0.708354 4.58211 0.994866
    endloop
  endfacet
  facet normal -0.195069 -0.0127854 0.980706
    outer loop
      vertex 0.521685 6 0.994866
      vertex 0.444709 6 0.979555
      vertex 0.492235 5.27489 0.979555
    endloop
  endfacet
  facet normal -0.0620756 -0.0210717 0.997849
    outer loop
      vertex 0.784001 4.60238 1
      vertex 0.708354 4.58211 0.994866
      vertex 1.01105 3.93351 1
    endloop
  endfacet
  facet normal 0 0 1
    outer loop
      vertex 45.0041 55.5 1
      vertex 43.9603 50.6916 1
      vertex 43.986 50.3 1
    endloop
  endfacet
  facet normal 0 0 1
    outer loop
      vertex 44.272 54.7679 1
      vertex 43.8838 51.0765 1
      vertex 43.9603 50.6916 1
    endloop
  endfacet
  facet normal 0 0 1
    outer loop
      vertex 43.3661 52.1263 1
      vertex 44.0374 54.6522 1
      vertex 43.7896 54.5681 1
    endloop
  endfacet
  facet normal 0 0 1
    outer loop
      vertex 44.272 54.7679 1
      vertex 43.7576 51.4481 1
      vertex 43.8838 51.0765 1
    endloop
  endfacet
  facet normal 0 0 1
    outer loop
      vertex 44.272 54.7679 1
      vertex 43.5841 51.8 1
      vertex 43.7576 51.4481 1
    endloop
  endfacet
  facet normal 0 0 1
    outer loop
      vertex 43.1073 52.4213 1
      vertex 43.7896 54.5681 1
      vertex 43.5331 54.5171 1
    endloop
  endfacet
  facet normal 0 0 1
    outer loop
      vertex 44.272 54.7679 1
      vertex 43.3661 52.1263 1
      vertex 43.5841 51.8 1
    endloop
  endfacet
  facet normal 0 0 1
    outer loop
      vertex 42.8123 52.6801 1
      vertex 43.5331 54.5171 1
      vertex 43.272 54.5 1
    endloop
  endfacet
  facet normal 0 0 1
    outer loop
      vertex 43.7896 54.5681 1
      vertex 43.1073 52.4213 1
      vertex 43.3661 52.1263 1
    endloop
  endfacet
  facet normal 0 0 1
    outer loop
      vertex 43.5331 54.5171 1
      vertex 42.8123 52.6801 1
      vertex 43.1073 52.4213 1
    endloop
  endfacet
  facet normal 0 0 1
    outer loop
      vertex 43.272 54.5 1
      vertex 42.486 52.8981 1
      vertex 42.8123 52.6801 1
    endloop
  endfacet
  facet normal 0 0 1
    outer loop
      vertex 43.272 54.5 1
      vertex 42.134 53.0716 1
      vertex 42.486 52.8981 1
    endloop
  endfacet
  facet normal 0 0 1
    outer loop
      vertex 43.272 54.5 1
      vertex 41.7625 53.1978 1
      vertex 42.134 53.0716 1
    endloop
  endfacet
  facet normal 0 0 1
    outer loop
      vertex 43.272 54.5 1
      vertex 41.3776 53.2743 1
      vertex 41.7625 53.1978 1
    endloop
  endfacet
  facet normal 0 0 1
    outer loop
      vertex 43.272 54.5 1
      vertex 40.986 53.3 1
      vertex 41.3776 53.2743 1
    endloop
  endfacet
  facet normal 0 0 1
    outer loop
      vertex 43.272 54.5 1
      vertex 5.286 53.3 1
      vertex 40.986 53.3 1
    endloop
  endfacet
  facet normal -0 0 1
    outer loop
      vertex 3 54.5 1
      vertex 5.286 53.3 1
      vertex 43.272 54.5 1
    endloop
  endfacet
  facet normal 0 0 1
    outer loop
      vertex 3 54.5 1
      vertex 4.89442 53.2743 1
      vertex 5.286 53.3 1
    endloop
  endfacet
  facet normal 0 0 1
    outer loop
      vertex 3 54.5 1
      vertex 4.50954 53.1978 1
      vertex 4.89442 53.2743 1
    endloop
  endfacet
  facet normal 0 0 1
    outer loop
      vertex 3 54.5 1
      vertex 4.13795 53.0716 1
      vertex 4.50954 53.1978 1
    endloop
  endfacet
  facet normal 0 0 1
    outer loop
      vertex 3 54.5 1
      vertex 3.786 52.8981 1
      vertex 4.13795 53.0716 1
    endloop
  endfacet
  facet normal 0 0 1
    outer loop
      vertex 3 54.5 1
      vertex 3.45971 52.6801 1
      vertex 3.786 52.8981 1
    endloop
  endfacet
  facet normal 0 0 1
    outer loop
      vertex 2.73895 54.5171 1
      vertex 3.45971 52.6801 1
      vertex 3 54.5 1
    endloop
  endfacet
  facet normal 0 0 1
    outer loop
      vertex 3.45971 52.6801 1
      vertex 2.73895 54.5171 1
      vertex 3.16468 52.4213 1
    endloop
  endfacet
  facet normal 0 0 1
    outer loop
      vertex 2.48236 54.5681 1
      vertex 3.16468 52.4213 1
      vertex 2.73895 54.5171 1
    endloop
  endfacet
  facet normal 0 0 1
    outer loop
      vertex 3.16468 52.4213 1
      vertex 2.48236 54.5681 1
      vertex 2.90594 52.1263 1
    endloop
  endfacet
  facet normal 0 0 1
    outer loop
      vertex 2.23463 54.6522 1
      vertex 2.90594 52.1263 1
      vertex 2.48236 54.5681 1
    endloop
  endfacet
  facet normal 0 0 1
    outer loop
      vertex 2 54.7679 1
      vertex 2.90594 52.1263 1
      vertex 2.23463 54.6522 1
    endloop
  endfacet
  facet normal 0 0 1
    outer loop
      vertex 2.90594 52.1263 1
      vertex 2 54.7679 1
      vertex 2.68792 51.8 1
    endloop
  endfacet
  facet normal 0 0 1
    outer loop
      vertex 1.78248 54.9133 1
      vertex 2.68792 51.8 1
      vertex 2 54.7679 1
    endloop
  endfacet
  facet normal 0 0 1
    outer loop
      vertex 2.68792 51.8 1
      vertex 1.78248 54.9133 1
      vertex 2.51436 51.4481 1
    endloop
  endfacet
  facet normal 0 0 1
    outer loop
      vertex 2.51436 51.4481 1
      vertex 1.58579 55.0858 1
      vertex 2.38822 51.0765 1
    endloop
  endfacet
  facet normal 0 0 1
    outer loop
      vertex 1.58579 55.0858 1
      vertex 2.51436 51.4481 1
      vertex 1.78248 54.9133 1
    endloop
  endfacet
  facet normal -0 0 1
    outer loop
      vertex 44.8914 112.609 1
      vertex 45.672 112.196 1
      vertex 45.6258 112.901 1
    endloop
  endfacet
  facet normal 0 0 1
    outer loop
      vertex 45.672 112.196 1
      vertex 45.272 56.5 1
      vertex 45.672 6 1
    endloop
  endfacet
  facet normal -0 0 1
    outer loop
      vertex 44.6021 113.196 1
      vertex 45.6258 112.901 1
      vertex 45.488 113.594 1
    endloop
  endfacet
  facet normal -0 0 1
    outer loop
      vertex 45.2549 56.2389 1
      vertex 45.672 6 1
      vertex 45.272 56.5 1
    endloop
  endfacet
  facet normal 0 0 1
    outer loop
      vertex 45.672 112.196 1
      vertex 45.272 110.696 1
      vertex 45.272 56.5 1
    endloop
  endfacet
  facet normal 0 0 1
    outer loop
      vertex 44.6021 113.196 1
      vertex 45.488 113.594 1
      vertex 45.2609 114.262 1
    endloop
  endfacet
  facet normal 0 0 1
    outer loop
      vertex 45.672 112.196 1
      vertex 45.2292 111.349 1
      vertex 45.272 110.696 1
    endloop
  endfacet
  facet normal 0 0 1
    outer loop
      vertex 45.672 112.196 1
      vertex 45.1016 111.99 1
      vertex 45.2292 111.349 1
    endloop
  endfacet
  facet normal 0 0 1
    outer loop
      vertex 44.2388 113.74 1
      vertex 45.2609 114.262 1
      vertex 44.9485 114.896 1
    endloop
  endfacet
  facet normal 0 0 1
    outer loop
      vertex 45.672 112.196 1
      vertex 44.8914 112.609 1
      vertex 45.1016 111.99 1
    endloop
  endfacet
  facet normal 0 0 1
    outer loop
      vertex 45.6258 112.901 1
      vertex 44.6021 113.196 1
      vertex 44.8914 112.609 1
    endloop
  endfacet
  facet normal 0 0 1
    outer loop
      vertex 43.8075 114.232 1
      vertex 44.9485 114.896 1
      vertex 44.5561 115.483 1
    endloop
  endfacet
  facet normal 0 0 1
    outer loop
      vertex 45.2609 114.262 1
      vertex 44.2388 113.74 1
      vertex 44.6021 113.196 1
    endloop
  endfacet
  facet normal 0 0 1
    outer loop
      vertex 43.3158 114.663 1
      vertex 44.5561 115.483 1
      vertex 44.0904 116.014 1
    endloop
  endfacet
  facet normal 0 0 1
    outer loop
      vertex 44.9485 114.896 1
      vertex 43.8075 114.232 1
      vertex 44.2388 113.74 1
    endloop
  endfacet
  facet normal 0 0 1
    outer loop
      vertex 42.772 115.026 1
      vertex 44.0904 116.014 1
      vertex 43.5593 116.48 1
    endloop
  endfacet
  facet normal 0 0 1
    outer loop
      vertex 44.5561 115.483 1
      vertex 43.3158 114.663 1
      vertex 43.8075 114.232 1
    endloop
  endfacet
  facet normal 0 0 1
    outer loop
      vertex 42.1854 115.315 1
      vertex 43.5593 116.48 1
      vertex 42.972 116.873 1
    endloop
  endfacet
  facet normal 0 0 1
    outer loop
      vertex 44.0904 116.014 1
      vertex 42.772 115.026 1
      vertex 43.3158 114.663 1
    endloop
  endfacet
  facet normal 0 0 1
    outer loop
      vertex 42.1854 115.315 1
      vertex 42.972 116.873 1
      vertex 42.3385 117.185 1
    endloop
  endfacet
  facet normal 0 0 1
    outer loop
      vertex 43.5593 116.48 1
      vertex 42.1854 115.315 1
      vertex 42.772 115.026 1
    endloop
  endfacet
  facet normal 0 0 1
    outer loop
      vertex 41.5661 115.526 1
      vertex 42.3385 117.185 1
      vertex 41.6696 117.412 1
    endloop
  endfacet
  facet normal 0 0 1
    outer loop
      vertex 42.3385 117.185 1
      vertex 41.5661 115.526 1
      vertex 42.1854 115.315 1
    endloop
  endfacet
  facet normal 0 0 1
    outer loop
      vertex 40.9246 115.653 1
      vertex 41.6696 117.412 1
      vertex 40.9768 117.55 1
    endloop
  endfacet
  facet normal 0 0 1
    outer loop
      vertex 41.6696 117.412 1
      vertex 40.9246 115.653 1
      vertex 41.5661 115.526 1
    endloop
  endfacet
  facet normal 0 0 1
    outer loop
      vertex 40.272 115.696 1
      vertex 40.9768 117.55 1
      vertex 40.272 117.596 1
    endloop
  endfacet
  facet normal 0 0 1
    outer loop
      vertex 40.9768 117.55 1
      vertex 40.272 115.696 1
      vertex 40.9246 115.653 1
    endloop
  endfacet
  facet normal 0 0 1
    outer loop
      vertex 28.136 116.936 1
      vertex 40.272 117.596 1
      vertex 28.136 116.956 1
    endloop
  endfacet
  facet normal 0 0 1
    outer loop
      vertex 40.272 117.596 1
      vertex 28.1327 117.007 1
      vertex 28.136 116.956 1
    endloop
  endfacet
  facet normal 0 0 1
    outer loop
      vertex 40.272 117.596 1
      vertex 28.1227 117.057 1
      vertex 28.1327 117.007 1
    endloop
  endfacet
  facet normal 0 0 1
    outer loop
      vertex 40.272 117.596 1
      vertex 28.1063 117.105 1
      vertex 28.1227 117.057 1
    endloop
  endfacet
  facet normal 0 0 1
    outer loop
      vertex 40.272 117.596 1
      vertex 28.0837 117.151 1
      vertex 28.1063 117.105 1
    endloop
  endfacet
  facet normal 0 0 1
    outer loop
      vertex 40.272 117.596 1
      vertex 28.0554 117.193 1
      vertex 28.0837 117.151 1
    endloop
  endfacet
  facet normal 0 0 1
    outer loop
      vertex 40.272 117.596 1
      vertex 28.0218 117.232 1
      vertex 28.0554 117.193 1
    endloop
  endfacet
  facet normal 0 0 1
    outer loop
      vertex 40.272 117.596 1
      vertex 27.9834 117.265 1
      vertex 28.0218 117.232 1
    endloop
  endfacet
  facet normal 0 0 1
    outer loop
      vertex 40.272 117.596 1
      vertex 27.941 117.294 1
      vertex 27.9834 117.265 1
    endloop
  endfacet
  facet normal 0 0 1
    outer loop
      vertex 40.272 117.596 1
      vertex 27.8952 117.316 1
      vertex 27.941 117.294 1
    endloop
  endfacet
  facet normal 0 0 1
    outer loop
      vertex 40.272 117.596 1
      vertex 27.8469 117.333 1
      vertex 27.8952 117.316 1
    endloop
  endfacet
  facet normal 0 0 1
    outer loop
      vertex 40.272 117.596 1
      vertex 27.7969 117.343 1
      vertex 27.8469 117.333 1
    endloop
  endfacet
  facet normal 0 0 1
    outer loop
      vertex 40.272 117.596 1
      vertex 27.746 117.346 1
      vertex 27.7969 117.343 1
    endloop
  endfacet
  facet normal 0 0 1
    outer loop
      vertex 40.272 117.596 1
      vertex 18.526 117.346 1
      vertex 27.746 117.346 1
    endloop
  endfacet
  facet normal 0 0 1
    outer loop
      vertex 18.136 116.956 1
      vertex 6 117.596 1
      vertex 18.136 116.936 1
    endloop
  endfacet
  facet normal 0 0 1
    outer loop
      vertex 18.1393 117.007 1
      vertex 6 117.596 1
      vertex 18.136 116.956 1
    endloop
  endfacet
  facet normal 0 0 1
    outer loop
      vertex 18.1493 117.057 1
      vertex 6 117.596 1
      vertex 18.1393 117.007 1
    endloop
  endfacet
  facet normal 0 0 1
    outer loop
      vertex 18.1657 117.105 1
      vertex 6 117.596 1
      vertex 18.1493 117.057 1
    endloop
  endfacet
  facet normal 0 0 1
    outer loop
      vertex 18.1882 117.151 1
      vertex 6 117.596 1
      vertex 18.1657 117.105 1
    endloop
  endfacet
  facet normal 0 0 1
    outer loop
      vertex 18.2166 117.193 1
      vertex 6 117.596 1
      vertex 18.1882 117.151 1
    endloop
  endfacet
  facet normal 0 0 1
    outer loop
      vertex 18.2502 117.232 1
      vertex 6 117.596 1
      vertex 18.2166 117.193 1
    endloop
  endfacet
  facet normal 0 0 1
    outer loop
      vertex 18.2886 117.265 1
      vertex 6 117.596 1
      vertex 18.2502 117.232 1
    endloop
  endfacet
  facet normal 0 0 1
    outer loop
      vertex 18.331 117.294 1
      vertex 6 117.596 1
      vertex 18.2886 117.265 1
    endloop
  endfacet
  facet normal 0 0 1
    outer loop
      vertex 18.3768 117.316 1
      vertex 6 117.596 1
      vertex 18.331 117.294 1
    endloop
  endfacet
  facet normal 0 0 1
    outer loop
      vertex 18.4251 117.333 1
      vertex 6 117.596 1
      vertex 18.3768 117.316 1
    endloop
  endfacet
  facet normal 0 0 1
    outer loop
      vertex 18.4751 117.343 1
      vertex 6 117.596 1
      vertex 18.4251 117.333 1
    endloop
  endfacet
  facet normal 0 0 1
    outer loop
      vertex 18.526 117.346 1
      vertex 6 117.596 1
      vertex 18.4751 117.343 1
    endloop
  endfacet
  facet normal -0 0 1
    outer loop
      vertex 6 117.596 1
      vertex 18.526 117.346 1
      vertex 40.272 117.596 1
    endloop
  endfacet
  facet normal -0 0 1
    outer loop
      vertex 45.2038 55.9824 1
      vertex 45.672 6 1
      vertex 45.2549 56.2389 1
    endloop
  endfacet
  facet normal -0 0 1
    outer loop
      vertex 43.986 50.3 1
      vertex 45.672 6 1
      vertex 45.2038 55.9824 1
    endloop
  endfacet
  facet normal -0 0 1
    outer loop
      vertex 43.986 7.75 1
      vertex 45.672 6 1
      vertex 43.986 50.3 1
    endloop
  endfacet
  facet normal -0 0 1
    outer loop
      vertex 43.9603 7.35842 1
      vertex 45.672 6 1
      vertex 43.986 7.75 1
    endloop
  endfacet
  facet normal 0 0 1
    outer loop
      vertex 43.986 50.3 1
      vertex 45.2038 55.9824 1
      vertex 45.1198 55.7346 1
    endloop
  endfacet
  facet normal 0 0 1
    outer loop
      vertex 43.986 50.3 1
      vertex 45.1198 55.7346 1
      vertex 45.0041 55.5 1
    endloop
  endfacet
  facet normal -0 0 1
    outer loop
      vertex 43.8838 6.97354 1
      vertex 45.672 6 1
      vertex 43.9603 7.35842 1
    endloop
  endfacet
  facet normal 0 0 1
    outer loop
      vertex 43.9603 50.6916 1
      vertex 45.0041 55.5 1
      vertex 44.8587 55.2825 1
    endloop
  endfacet
  facet normal 0 0 1
    outer loop
      vertex 43.9603 50.6916 1
      vertex 44.8587 55.2825 1
      vertex 44.6862 55.0858 1
    endloop
  endfacet
  facet normal -0 0 1
    outer loop
      vertex 43.7576 6.60195 1
      vertex 45.672 6 1
      vertex 43.8838 6.97354 1
    endloop
  endfacet
  facet normal 0 0 1
    outer loop
      vertex 43.9603 50.6916 1
      vertex 44.6862 55.0858 1
      vertex 44.4895 54.9133 1
    endloop
  endfacet
  facet normal 0 0 1
    outer loop
      vertex 43.9603 50.6916 1
      vertex 44.4895 54.9133 1
      vertex 44.272 54.7679 1
    endloop
  endfacet
  facet normal -0 0 1
    outer loop
      vertex 43.5841 6.25 1
      vertex 45.672 6 1
      vertex 43.7576 6.60195 1
    endloop
  endfacet
  facet normal 0 0 1
    outer loop
      vertex 43.3661 52.1263 1
      vertex 44.272 54.7679 1
      vertex 44.0374 54.6522 1
    endloop
  endfacet
  facet normal 0 0 1
    outer loop
      vertex 45.672 6 1
      vertex 43.5841 6.25 1
      vertex 45.6258 5.29516 1
    endloop
  endfacet
  facet normal -0 0 1
    outer loop
      vertex 43.3661 5.92372 1
      vertex 45.6258 5.29516 1
      vertex 43.5841 6.25 1
    endloop
  endfacet
  facet normal 0 0 1
    outer loop
      vertex 45.6258 5.29516 1
      vertex 43.3661 5.92372 1
      vertex 45.488 4.60238 1
    endloop
  endfacet
  facet normal -0 0 1
    outer loop
      vertex 43.1073 5.62868 1
      vertex 45.488 4.60238 1
      vertex 43.3661 5.92372 1
    endloop
  endfacet
  facet normal 0 0 1
    outer loop
      vertex 45.488 4.60238 1
      vertex 43.1073 5.62868 1
      vertex 45.2609 3.93351 1
    endloop
  endfacet
  facet normal -0 0 1
    outer loop
      vertex 42.8123 5.36994 1
      vertex 45.2609 3.93351 1
      vertex 43.1073 5.62868 1
    endloop
  endfacet
  facet normal 0 0 1
    outer loop
      vertex 45.2609 3.93351 1
      vertex 42.8123 5.36994 1
      vertex 44.9485 3.3 1
    endloop
  endfacet
  facet normal -0 0 1
    outer loop
      vertex 42.486 5.15192 1
      vertex 44.9485 3.3 1
      vertex 42.8123 5.36994 1
    endloop
  endfacet
  facet normal 0 0 1
    outer loop
      vertex 44.9485 3.3 1
      vertex 42.486 5.15192 1
      vertex 44.5561 2.71269 1
    endloop
  endfacet
  facet normal 0 0 1
    outer loop
      vertex 44.5561 2.71269 1
      vertex 42.486 5.15192 1
      vertex 44.0904 2.18162 1
    endloop
  endfacet
  facet normal -0 0 1
    outer loop
      vertex 42.134 4.97836 1
      vertex 44.0904 2.18162 1
      vertex 42.486 5.15192 1
    endloop
  endfacet
  facet normal 0 0 1
    outer loop
      vertex 44.0904 2.18162 1
      vertex 42.134 4.97836 1
      vertex 43.5593 1.71589 1
    endloop
  endfacet
  facet normal -0 0 1
    outer loop
      vertex 41.7625 4.85222 1
      vertex 43.5593 1.71589 1
      vertex 42.134 4.97836 1
    endloop
  endfacet
  facet normal 0 0 1
    outer loop
      vertex 43.5593 1.71589 1
      vertex 41.7625 4.85222 1
      vertex 42.972 1.32346 1
    endloop
  endfacet
  facet normal -0 0 1
    outer loop
      vertex 41.3776 4.77567 1
      vertex 42.972 1.32346 1
      vertex 41.7625 4.85222 1
    endloop
  endfacet
  facet normal 0 0 1
    outer loop
      vertex 42.972 1.32346 1
      vertex 41.3776 4.77567 1
      vertex 42.3385 1.01105 1
    endloop
  endfacet
  facet normal 0 0 1
    outer loop
      vertex 42.3385 1.01105 1
      vertex 41.3776 4.77567 1
      vertex 41.6696 0.784001 1
    endloop
  endfacet
  facet normal -0 0 1
    outer loop
      vertex 40.986 4.75 1
      vertex 41.6696 0.784001 1
      vertex 41.3776 4.77567 1
    endloop
  endfacet
  facet normal 0 0 1
    outer loop
      vertex 40.986 4.75 1
      vertex 40.9768 0.646198 1
      vertex 41.6696 0.784001 1
    endloop
  endfacet
  facet normal 0 0 1
    outer loop
      vertex 40.986 4.75 1
      vertex 40.272 0.6 1
      vertex 40.9768 0.646198 1
    endloop
  endfacet
  facet normal 0 0 1
    outer loop
      vertex 40.986 4.75 1
      vertex 6 0.6 1
      vertex 40.272 0.6 1
    endloop
  endfacet
  facet normal -0 0 1
    outer loop
      vertex 5.286 4.75 1
      vertex 6 0.6 1
      vertex 40.986 4.75 1
    endloop
  endfacet
  facet normal 0 0 1
    outer loop
      vertex 6 0.6 1
      vertex 5.286 4.75 1
      vertex 5.29516 0.646198 1
    endloop
  endfacet
  facet normal 0 0 1
    outer loop
      vertex 4.60238 0.784001 1
      vertex 5.286 4.75 1
      vertex 4.89442 4.77567 1
    endloop
  endfacet
  facet normal 0 0 1
    outer loop
      vertex 5.286 4.75 1
      vertex 4.60238 0.784001 1
      vertex 5.29516 0.646198 1
    endloop
  endfacet
  facet normal 0 0 1
    outer loop
      vertex 3.3 1.32346 1
      vertex 4.89442 4.77567 1
      vertex 4.50954 4.85222 1
    endloop
  endfacet
  facet normal 0 0 1
    outer loop
      vertex 2.71269 1.71589 1
      vertex 4.50954 4.85222 1
      vertex 4.13795 4.97836 1
    endloop
  endfacet
  facet normal 0 0 1
    outer loop
      vertex 4.89442 4.77567 1
      vertex 3.93351 1.01105 1
      vertex 4.60238 0.784001 1
    endloop
  endfacet
  facet normal 0 0 1
    outer loop
      vertex 2.18162 2.18162 1
      vertex 4.13795 4.97836 1
      vertex 3.786 5.15192 1
    endloop
  endfacet
  facet normal 0 0 1
    outer loop
      vertex 1.32346 3.3 1
      vertex 3.786 5.15192 1
      vertex 3.45971 5.36994 1
    endloop
  endfacet
  facet normal 0 0 1
    outer loop
      vertex 4.89442 4.77567 1
      vertex 3.3 1.32346 1
      vertex 3.93351 1.01105 1
    endloop
  endfacet
  facet normal 0 0 1
    outer loop
      vertex 1.01105 3.93351 1
      vertex 3.45971 5.36994 1
      vertex 3.16468 5.62868 1
    endloop
  endfacet
  facet normal 0 0 1
    outer loop
      vertex 0.784001 4.60238 1
      vertex 3.16468 5.62868 1
      vertex 2.90594 5.92372 1
    endloop
  endfacet
  facet normal 0 0 1
    outer loop
      vertex 4.50954 4.85222 1
      vertex 2.71269 1.71589 1
      vertex 3.3 1.32346 1
    endloop
  endfacet
  facet normal 0 0 1
    outer loop
      vertex 0.646198 5.29516 1
      vertex 2.90594 5.92372 1
      vertex 2.68792 6.25 1
    endloop
  endfacet
  facet normal 0 0 1
    outer loop
      vertex 0.6 6 1
      vertex 2.68792 6.25 1
      vertex 2.51436 6.60195 1
    endloop
  endfacet
  facet normal 0 0 1
    outer loop
      vertex 0.6 6 1
      vertex 2.51436 6.60195 1
      vertex 2.38822 6.97354 1
    endloop
  endfacet
  facet normal 0 0 1
    outer loop
      vertex 0.6 6 1
      vertex 2.38822 6.97354 1
      vertex 2.31166 7.35842 1
    endloop
  endfacet
  facet normal 0 0 1
    outer loop
      vertex 4.13795 4.97836 1
      vertex 2.18162 2.18162 1
      vertex 2.71269 1.71589 1
    endloop
  endfacet
  facet normal 0 0 1
    outer loop
      vertex 0.6 6 1
      vertex 2.31166 7.35842 1
      vertex 2.286 7.75 1
    endloop
  endfacet
  facet normal 0 0 1
    outer loop
      vertex 1.41329 55.2825 1
      vertex 2.38822 51.0765 1
      vertex 1.58579 55.0858 1
    endloop
  endfacet
  facet normal 0 0 1
    outer loop
      vertex 2.38822 51.0765 1
      vertex 1.41329 55.2825 1
      vertex 2.31166 50.6916 1
    endloop
  endfacet
  facet normal 0 0 1
    outer loop
      vertex 1.26795 55.5 1
      vertex 2.31166 50.6916 1
      vertex 1.41329 55.2825 1
    endloop
  endfacet
  facet normal 0 0 1
    outer loop
      vertex 2.68792 6.25 1
      vertex 0.6 6 1
      vertex 0.646198 5.29516 1
    endloop
  endfacet
  facet normal 0 0 1
    outer loop
      vertex 2.286 50.3 1
      vertex 0.6 6 1
      vertex 2.286 7.75 1
    endloop
  endfacet
  facet normal 0 0 1
    outer loop
      vertex 2.31166 50.6916 1
      vertex 1.26795 55.5 1
      vertex 2.286 50.3 1
    endloop
  endfacet
  facet normal 0 0 1
    outer loop
      vertex 3.786 5.15192 1
      vertex 1.71589 2.71269 1
      vertex 2.18162 2.18162 1
    endloop
  endfacet
  facet normal 0 0 1
    outer loop
      vertex 1.15224 55.7346 1
      vertex 2.286 50.3 1
      vertex 1.26795 55.5 1
    endloop
  endfacet
  facet normal 0 0 1
    outer loop
      vertex 1.06815 55.9824 1
      vertex 2.286 50.3 1
      vertex 1.15224 55.7346 1
    endloop
  endfacet
  facet normal 0 0 1
    outer loop
      vertex 2.286 50.3 1
      vertex 1.06815 55.9824 1
      vertex 0.6 6 1
    endloop
  endfacet
  facet normal 0 0 1
    outer loop
      vertex 0.6 6 1
      vertex 1.06815 55.9824 1
      vertex 1.01711 56.2389 1
    endloop
  endfacet
  facet normal 0 0 1
    outer loop
      vertex 3.786 5.15192 1
      vertex 1.32346 3.3 1
      vertex 1.71589 2.71269 1
    endloop
  endfacet
  facet normal 0 0 1
    outer loop
      vertex 0.6 6 1
      vertex 1.01711 56.2389 1
      vertex 1 56.5 1
    endloop
  endfacet
  facet normal 0 0 1
    outer loop
      vertex 1 110.696 1
      vertex 0.6 112.196 1
      vertex 1 56.5 1
    endloop
  endfacet
  facet normal 0 0 1
    outer loop
      vertex 0.6 6 1
      vertex 1 56.5 1
      vertex 0.6 112.196 1
    endloop
  endfacet
  facet normal 0 0 1
    outer loop
      vertex 0.6 112.196 1
      vertex 0.784001 113.594 1
      vertex 0.646198 112.901 1
    endloop
  endfacet
  facet normal 0 0 1
    outer loop
      vertex 3.45971 5.36994 1
      vertex 1.01105 3.93351 1
      vertex 1.32346 3.3 1
    endloop
  endfacet
  facet normal 0 0 1
    outer loop
      vertex 3.16468 5.62868 1
      vertex 0.784001 4.60238 1
      vertex 1.01105 3.93351 1
    endloop
  endfacet
  facet normal 0 0 1
    outer loop
      vertex 2.90594 5.92372 1
      vertex 0.646198 5.29516 1
      vertex 0.784001 4.60238 1
    endloop
  endfacet
  facet normal 0 0 1
    outer loop
      vertex 40.272 117.596 1
      vertex 28.136 116.936 1
      vertex 40.272 115.696 1
    endloop
  endfacet
  facet normal -0 0 1
    outer loop
      vertex 28.1327 116.885 1
      vertex 40.272 115.696 1
      vertex 28.136 116.936 1
    endloop
  endfacet
  facet normal -0 0 1
    outer loop
      vertex 28.1227 116.835 1
      vertex 40.272 115.696 1
      vertex 28.1327 116.885 1
    endloop
  endfacet
  facet normal -0 0 1
    outer loop
      vertex 28.1063 116.787 1
      vertex 40.272 115.696 1
      vertex 28.1227 116.835 1
    endloop
  endfacet
  facet normal -0 0 1
    outer loop
      vertex 28.0837 116.741 1
      vertex 40.272 115.696 1
      vertex 28.1063 116.787 1
    endloop
  endfacet
  facet normal -0 0 1
    outer loop
      vertex 28.0554 116.699 1
      vertex 40.272 115.696 1
      vertex 28.0837 116.741 1
    endloop
  endfacet
  facet normal -0 0 1
    outer loop
      vertex 28.0218 116.66 1
      vertex 40.272 115.696 1
      vertex 28.0554 116.699 1
    endloop
  endfacet
  facet normal -0 0 1
    outer loop
      vertex 27.9834 116.627 1
      vertex 40.272 115.696 1
      vertex 28.0218 116.66 1
    endloop
  endfacet
  facet normal -0 0 1
    outer loop
      vertex 27.941 116.598 1
      vertex 40.272 115.696 1
      vertex 27.9834 116.627 1
    endloop
  endfacet
  facet normal -0 0 1
    outer loop
      vertex 27.8952 116.576 1
      vertex 40.272 115.696 1
      vertex 27.941 116.598 1
    endloop
  endfacet
  facet normal -0 0 1
    outer loop
      vertex 27.8469 116.559 1
      vertex 40.272 115.696 1
      vertex 27.8952 116.576 1
    endloop
  endfacet
  facet normal -0 0 1
    outer loop
      vertex 27.7969 116.549 1
      vertex 40.272 115.696 1
      vertex 27.8469 116.559 1
    endloop
  endfacet
  facet normal -0 0 1
    outer loop
      vertex 27.746 116.546 1
      vertex 40.272 115.696 1
      vertex 27.7969 116.549 1
    endloop
  endfacet
  facet normal -0 0 1
    outer loop
      vertex 18.526 116.546 1
      vertex 40.272 115.696 1
      vertex 27.746 116.546 1
    endloop
  endfacet
  facet normal 0 0 1
    outer loop
      vertex 6 115.696 1
      vertex 18.136 116.936 1
      vertex 6 117.596 1
    endloop
  endfacet
  facet normal 0 0 1
    outer loop
      vertex 18.136 116.936 1
      vertex 6 115.696 1
      vertex 18.1393 116.885 1
    endloop
  endfacet
  facet normal 0 0 1
    outer loop
      vertex 18.1393 116.885 1
      vertex 6 115.696 1
      vertex 18.1493 116.835 1
    endloop
  endfacet
  facet normal 0 0 1
    outer loop
      vertex 18.1493 116.835 1
      vertex 6 115.696 1
      vertex 18.1657 116.787 1
    endloop
  endfacet
  facet normal 0 0 1
    outer loop
      vertex 18.1657 116.787 1
      vertex 6 115.696 1
      vertex 18.1882 116.741 1
    endloop
  endfacet
  facet normal 0 0 1
    outer loop
      vertex 18.1882 116.741 1
      vertex 6 115.696 1
      vertex 18.2166 116.699 1
    endloop
  endfacet
  facet normal 0 0 1
    outer loop
      vertex 18.2166 116.699 1
      vertex 6 115.696 1
      vertex 18.2502 116.66 1
    endloop
  endfacet
  facet normal 0 0 1
    outer loop
      vertex 18.2502 116.66 1
      vertex 6 115.696 1
      vertex 18.2886 116.627 1
    endloop
  endfacet
  facet normal 0 0 1
    outer loop
      vertex 18.2886 116.627 1
      vertex 6 115.696 1
      vertex 18.331 116.598 1
    endloop
  endfacet
  facet normal 0 0 1
    outer loop
      vertex 18.331 116.598 1
      vertex 6 115.696 1
      vertex 18.3768 116.576 1
    endloop
  endfacet
  facet normal 0 0 1
    outer loop
      vertex 18.3768 116.576 1
      vertex 6 115.696 1
      vertex 18.4251 116.559 1
    endloop
  endfacet
  facet normal 0 0 1
    outer loop
      vertex 18.526 116.546 1
      vertex 6 115.696 1
      vertex 40.272 115.696 1
    endloop
  endfacet
  facet normal 0 0 1
    outer loop
      vertex 18.4751 116.549 1
      vertex 6 115.696 1
      vertex 18.526 116.546 1
    endloop
  endfacet
  facet normal 0 0 1
    outer loop
      vertex 18.4251 116.559 1
      vertex 6 115.696 1
      vertex 18.4751 116.549 1
    endloop
  endfacet
  facet normal -0 0 1
    outer loop
      vertex 5.29516 117.55 1
      vertex 6 115.696 1
      vertex 6 117.596 1
    endloop
  endfacet
  facet normal 0 0 1
    outer loop
      vertex 6 115.696 1
      vertex 5.29516 117.55 1
      vertex 5.34737 115.653 1
    endloop
  endfacet
  facet normal -0 0 1
    outer loop
      vertex 4.60238 117.412 1
      vertex 5.34737 115.653 1
      vertex 5.29516 117.55 1
    endloop
  endfacet
  facet normal 0 0 1
    outer loop
      vertex 5.34737 115.653 1
      vertex 4.60238 117.412 1
      vertex 4.7059 115.526 1
    endloop
  endfacet
  facet normal -0 0 1
    outer loop
      vertex 3.93351 117.185 1
      vertex 4.7059 115.526 1
      vertex 4.60238 117.412 1
    endloop
  endfacet
  facet normal 0 0 1
    outer loop
      vertex 4.7059 115.526 1
      vertex 3.93351 117.185 1
      vertex 4.08658 115.315 1
    endloop
  endfacet
  facet normal -0 0 1
    outer loop
      vertex 3.3 116.873 1
      vertex 4.08658 115.315 1
      vertex 3.93351 117.185 1
    endloop
  endfacet
  facet normal -0 0 1
    outer loop
      vertex 2.71269 116.48 1
      vertex 4.08658 115.315 1
      vertex 3.3 116.873 1
    endloop
  endfacet
  facet normal 0 0 1
    outer loop
      vertex 4.08658 115.315 1
      vertex 2.71269 116.48 1
      vertex 3.5 115.026 1
    endloop
  endfacet
  facet normal -0 0 1
    outer loop
      vertex 2.18162 116.014 1
      vertex 3.5 115.026 1
      vertex 2.71269 116.48 1
    endloop
  endfacet
  facet normal 0 0 1
    outer loop
      vertex 3.5 115.026 1
      vertex 2.18162 116.014 1
      vertex 2.95619 114.663 1
    endloop
  endfacet
  facet normal -0 0 1
    outer loop
      vertex 1.71589 115.483 1
      vertex 2.95619 114.663 1
      vertex 2.18162 116.014 1
    endloop
  endfacet
  facet normal 0 0 1
    outer loop
      vertex 2.95619 114.663 1
      vertex 1.71589 115.483 1
      vertex 2.46447 114.232 1
    endloop
  endfacet
  facet normal -0 0 1
    outer loop
      vertex 1.32346 114.896 1
      vertex 2.46447 114.232 1
      vertex 1.71589 115.483 1
    endloop
  endfacet
  facet normal 0 0 1
    outer loop
      vertex 2.46447 114.232 1
      vertex 1.32346 114.896 1
      vertex 2.03323 113.74 1
    endloop
  endfacet
  facet normal -0 0 1
    outer loop
      vertex 1.01105 114.262 1
      vertex 2.03323 113.74 1
      vertex 1.32346 114.896 1
    endloop
  endfacet
  facet normal 0 0 1
    outer loop
      vertex 2.03323 113.74 1
      vertex 1.01105 114.262 1
      vertex 1.66987 113.196 1
    endloop
  endfacet
  facet normal -0 0 1
    outer loop
      vertex 0.784001 113.594 1
      vertex 1.66987 113.196 1
      vertex 1.01105 114.262 1
    endloop
  endfacet
  facet normal 0 0 1
    outer loop
      vertex 1.66987 113.196 1
      vertex 0.784001 113.594 1
      vertex 1.3806 112.609 1
    endloop
  endfacet
  facet normal 0 0 1
    outer loop
      vertex 0.6 112.196 1
      vertex 1.3806 112.609 1
      vertex 0.784001 113.594 1
    endloop
  endfacet
  facet normal 0 0 1
    outer loop
      vertex 1.3806 112.609 1
      vertex 0.6 112.196 1
      vertex 1.17037 111.99 1
    endloop
  endfacet
  facet normal 0 0 1
    outer loop
      vertex 1.04278 111.349 1
      vertex 0.6 112.196 1
      vertex 1 110.696 1
    endloop
  endfacet
  facet normal 0 0 1
    outer loop
      vertex 1.17037 111.99 1
      vertex 0.6 112.196 1
      vertex 1.04278 111.349 1
    endloop
  endfacet
  facet normal -0.526866 -0.178846 0.830919
    outer loop
      vertex 0.733887 3.8187 0.919615
      vertex 0.43119 4.50784 0.876012
      vertex 0.673597 3.79373 0.876012
    endloop
  endfacet
  facet normal -0.545696 -0.108547 0.830923
    outer loop
      vertex 0.494224 4.52473 0.919615
      vertex 0.348764 5.256 0.919615
      vertex 0.43119 4.50784 0.876012
    endloop
  endfacet
  facet normal -0.658735 -0.0431762 0.751135
    outer loop
      vertex 0.284066 5.24748 0.876012
      vertex 0.175736 6 0.824264
      vertex 0.225564 5.23978 0.824264
    endloop
  endfacet
  facet normal -0.75093 -0.0492191 0.658545
    outer loop
      vertex 0.175736 6 0.824264
      vertex 0.174258 5.23303 0.765256
      vertex 0.225564 5.23978 0.824264
    endloop
  endfacet
  facet normal -0.787855 -0.267441 0.554762
    outer loop
      vertex 0.571273 3.75135 0.765256
      vertex 0.324208 4.47918 0.765256
      vertex 0.530989 3.73466 0.7
    endloop
  endfacet
  facet normal -0.712611 -0.241899 0.658536
    outer loop
      vertex 0.374193 4.49257 0.824264
      vertex 0.324208 4.47918 0.765256
      vertex 0.571273 3.75135 0.765256
    endloop
  endfacet
  facet normal -0.895328 -0.0586829 0.441524
    outer loop
      vertex 0.0803852 6 0.7
      vertex 0.0456724 6 0.629609
      vertex 0.131028 5.22734 0.7
    endloop
  endfacet
  facet normal -0.997858 0 0.0654107
    outer loop
      vertex 0 6 0.4
      vertex 0.00513363 112.196 0.478315
      vertex 0 112.196 0.4
    endloop
  endfacet
  facet normal -0.997858 0 0.0654107
    outer loop
      vertex 0.00513363 112.196 0.478315
      vertex 0 6 0.4
      vertex 0.00513363 6 0.478315
    endloop
  endfacet
  facet normal -0.945112 -0.0619459 0.320821
    outer loop
      vertex 0.0456724 6 0.629609
      vertex 0.0204449 6 0.555291
      vertex 0.0716009 5.21951 0.555291
    endloop
  endfacet
  facet normal -0.978766 -0.0641511 0.194686
    outer loop
      vertex 0.0204449 6 0.555291
      vertex 0.00513363 6 0.478315
      vertex 0.0564203 5.21751 0.478315
    endloop
  endfacet
  facet normal -0.978762 0.0641917 0.194692
    outer loop
      vertex 0.0564203 112.978 0.478315
      vertex 0.0204449 112.196 0.555291
      vertex 0.0716009 112.976 0.555291
    endloop
  endfacet
  facet normal -0.980786 0 0.195088
    outer loop
      vertex 0.00513363 6 0.478315
      vertex 0.0204449 112.196 0.555291
      vertex 0.00513363 112.196 0.478315
    endloop
  endfacet
  facet normal -0.980786 0 0.195088
    outer loop
      vertex 0.0204449 112.196 0.555291
      vertex 0.00513363 6 0.478315
      vertex 0.0204449 6 0.555291
    endloop
  endfacet
  facet normal -0.995731 -0.0652631 0.0652712
    outer loop
      vertex 0.00513363 6 0.478315
      vertex 0 6 0.4
      vertex 0.0564203 5.21751 0.478315
    endloop
  endfacet
  facet normal -0.995732 -0.0652643 0.0652596
    outer loop
      vertex 0.0564203 5.21751 0.478315
      vertex 0 6 0.4
      vertex 0.0513315 5.21684 0.4
    endloop
  endfacet
  facet normal -0.928805 -0.315287 0.194719
    outer loop
      vertex 0.224194 4.45238 0.555291
      vertex 0.209404 4.44841 0.478315
      vertex 0.461466 3.70586 0.478315
    endloop
  endfacet
  facet normal -0.928811 -0.315286 0.194691
    outer loop
      vertex 0.475612 3.71172 0.555291
      vertex 0.224194 4.45238 0.555291
      vertex 0.461466 3.70586 0.478315
    endloop
  endfacet
  facet normal -0.750933 0.0492169 0.658542
    outer loop
      vertex 0.174258 112.963 0.765256
      vertex 0.123988 112.196 0.765256
      vertex 0.175736 112.196 0.824264
    endloop
  endfacet
  facet normal 0.0634433 0.318423 0.945823
    outer loop
      vertex 41.0068 117.777 0.954328
      vertex 40.9971 117.704 0.979555
      vertex 41.7098 117.562 0.979555
    endloop
  endfacet
  facet normal 0 0.82913 0.559056
    outer loop
      vertex 40.272 118.116 0.7
      vertex 6 118.072 0.765256
      vertex 40.272 118.072 0.765256
    endloop
  endfacet
  facet normal 0 0.82913 0.559056
    outer loop
      vertex 6 118.072 0.765256
      vertex 40.272 118.116 0.7
      vertex 6 118.116 0.7
    endloop
  endfacet
  facet normal -0.194952 0.980813 0
    outer loop
      vertex 5.21684 118.145 0
      vertex 4.44709 117.992 0.4
      vertex 5.21684 118.145 0.4
    endloop
  endfacet
  facet normal -0.194952 0.980813 0
    outer loop
      vertex 4.44709 117.992 0.4
      vertex 5.21684 118.145 0
      vertex 4.44709 117.992 0
    endloop
  endfacet
  facet normal -0.433277 0.878154 0.202774
    outer loop
      vertex 3.70586 117.735 0.478315
      vertex 3.00257 117.388 0.478315
      vertex 3.01022 117.374 0.555291
    endloop
  endfacet
  facet normal -0.191278 0.961516 0.197232
    outer loop
      vertex 5.21751 118.14 0.478315
      vertex 4.44841 117.987 0.478315
      vertex 4.45238 117.972 0.555291
    endloop
  endfacet
  facet normal -0.549985 0.627813 0.550788
    outer loop
      vertex 2.39637 116.892 0.7
      vertex 1.8142 116.382 0.7
      vertex 2.42291 116.858 0.765256
    endloop
  endfacet
  facet normal -0.396534 0.805208 0.44091
    outer loop
      vertex 3.73466 117.665 0.7
      vertex 3.02284 117.353 0.629609
      vertex 3.04019 117.323 0.7
    endloop
  endfacet
  facet normal -0.245738 0.36788 0.896815
    outer loop
      vertex 3.1852 117.071 0.954328
      vertex 2.53006 116.718 0.919615
      vertex 2.57291 116.662 0.954328
    endloop
  endfacet
  facet normal -0.0865864 0.175549 0.980656
    outer loop
      vertex 3.87408 117.328 0.979555
      vertex 3.26084 116.94 0.994866
      vertex 3.90354 117.257 0.994866
    endloop
  endfacet
  facet normal -0.036448 0.553414 0.832109
    outer loop
      vertex 6 117.896 0.919615
      vertex 5.24748 117.912 0.876012
      vertex 5.256 117.847 0.919615
    endloop
  endfacet
  facet normal -0.418077 0.626088 0.658199
    outer loop
      vertex 3.08787 117.24 0.824264
      vertex 2.42291 116.858 0.765256
      vertex 2.45441 116.817 0.824264
    endloop
  endfacet
  facet normal -0.178819 0.267699 0.946763
    outer loop
      vertex 3.1852 117.071 0.954328
      vertex 2.57291 116.662 0.954328
      vertex 2.61815 116.603 0.979555
    endloop
  endfacet
  facet normal -0.142868 0.290067 0.946282
    outer loop
      vertex 3.87408 117.328 0.979555
      vertex 3.1852 117.071 0.954328
      vertex 3.22235 117.007 0.979555
    endloop
  endfacet
  facet normal -0.437848 0.498598 0.748124
    outer loop
      vertex 2.45441 116.817 0.824264
      vertex 1.88162 116.314 0.824264
      vertex 1.92335 116.273 0.876012
    endloop
  endfacet
  facet normal -0.434567 0.495756 0.751916
    outer loop
      vertex 2.45441 116.817 0.824264
      vertex 1.92335 116.273 0.876012
      vertex 2.49033 116.77 0.876012
    endloop
  endfacet
  facet normal -0.0127502 0.064008 0.997868
    outer loop
      vertex 5.29516 117.55 1
      vertex 4.58211 117.488 0.994866
      vertex 4.60238 117.412 1
    endloop
  endfacet
  facet normal 0 0.750253 0.661151
    outer loop
      vertex 40.272 118.072 0.765256
      vertex 6 118.02 0.824264
      vertex 40.272 118.02 0.824264
    endloop
  endfacet
  facet normal 0 0.750253 0.661151
    outer loop
      vertex 6 118.02 0.824264
      vertex 40.272 118.072 0.765256
      vertex 6 118.072 0.765256
    endloop
  endfacet
  facet normal -0.211352 0.622341 0.753673
    outer loop
      vertex 4.49257 117.822 0.824264
      vertex 3.77115 117.577 0.824264
      vertex 3.79373 117.522 0.876012
    endloop
  endfacet
  facet normal 0.268066 0.179193 0.946589
    outer loop
      vertex 44.7383 115.623 0.954328
      vertex 44.6793 115.578 0.979555
      vertex 45.1474 115.011 0.954328
    endloop
  endfacet
  facet normal 0.0588028 0.0289807 0.997849
    outer loop
      vertex 45.0164 114.935 0.994866
      vertex 44.9485 114.896 1
      vertex 45.3333 114.292 0.994866
    endloop
  endfacet
  facet normal 0.174853 0.0861754 0.980816
    outer loop
      vertex 45.4044 114.322 0.979555
      vertex 45.0164 114.935 0.994866
      vertex 45.3333 114.292 0.994866
    endloop
  endfacet
  facet normal 0.305337 0.103673 0.946584
    outer loop
      vertex 45.4731 114.35 0.954328
      vertex 45.4044 114.322 0.979555
      vertex 45.638 113.634 0.979555
    endloop
  endfacet
  facet normal 0.419835 0.142542 0.896337
    outer loop
      vertex 45.7778 113.671 0.919615
      vertex 45.5381 114.377 0.919615
      vertex 45.7098 113.653 0.954328
    endloop
  endfacet
  facet normal 0.434715 0.0864672 0.896408
    outer loop
      vertex 45.7778 113.671 0.919615
      vertex 45.7098 113.653 0.954328
      vertex 45.9232 112.94 0.919615
    endloop
  endfacet
  facet normal 0.674646 0.332819 0.65885
    outer loop
      vertex 45.3608 115.134 0.765256
      vertex 45.316 115.108 0.824264
      vertex 45.7007 114.445 0.765256
    endloop
  endfacet
  facet normal 0.498994 0.245812 0.831012
    outer loop
      vertex 45.5984 114.402 0.876012
      vertex 45.2649 115.079 0.876012
      vertex 45.5381 114.377 0.919615
    endloop
  endfacet
  facet normal 0.550494 0.367546 0.749577
    outer loop
      vertex 45.316 115.108 0.824264
      vertex 44.8927 115.742 0.824264
      vertex 45.2649 115.079 0.876012
    endloop
  endfacet
  facet normal 0.712339 0.241623 0.658932
    outer loop
      vertex 45.7007 114.445 0.765256
      vertex 45.6529 114.425 0.824264
      vertex 45.8978 113.703 0.824264
    endloop
  endfacet
  facet normal 0.442243 0 0.896895
    outer loop
      vertex 45.9016 112.196 0.954328
      vertex 45.972 6 0.919615
      vertex 45.972 112.196 0.919615
    endloop
  endfacet
  facet normal 0.442243 0 0.896895
    outer loop
      vertex 45.972 6 0.919615
      vertex 45.9016 112.196 0.954328
      vertex 45.9016 6 0.954328
    endloop
  endfacet
  facet normal 0.71136 0.241452 0.660052
    outer loop
      vertex 45.9478 113.717 0.765256
      vertex 45.7007 114.445 0.765256
      vertex 45.8978 113.703 0.824264
    endloop
  endfacet
  facet normal 0.737275 0.146575 0.659501
    outer loop
      vertex 45.9478 113.717 0.765256
      vertex 45.8978 113.703 0.824264
      vertex 46.0977 112.963 0.765256
    endloop
  endfacet
  facet normal 0.0630384 0.185371 0.980645
    outer loop
      vertex 42.3979 117.328 0.979555
      vertex 41.7098 117.562 0.979555
      vertex 42.3685 117.257 0.994866
    endloop
  endfacet
  facet normal 0.0866152 0.175607 0.980643
    outer loop
      vertex 42.3979 117.328 0.979555
      vertex 42.3685 117.257 0.994866
      vertex 43.0112 116.94 0.994866
    endloop
  endfacet
  facet normal 0.49859 -0.245903 0.831228
    outer loop
      vertex 45.5381 3.8187 0.919615
      vertex 45.2083 3.15 0.919615
      vertex 45.2649 3.11737 0.876012
    endloop
  endfacet
  facet normal 0.397589 -0.196089 0.896366
    outer loop
      vertex 45.5381 3.8187 0.919615
      vertex 45.1474 3.1852 0.954328
      vertex 45.2083 3.15 0.919615
    endloop
  endfacet
  facet normal 0.321682 -0.0210725 0.946613
    outer loop
      vertex 45.8273 6 0.979555
      vertex 45.7798 5.27489 0.979555
      vertex 45.8534 5.26519 0.954328
    endloop
  endfacet
  facet normal 0.316169 -0.0629056 0.946615
    outer loop
      vertex 45.7798 5.27489 0.979555
      vertex 45.638 4.56219 0.979555
      vertex 45.8534 5.26519 0.954328
    endloop
  endfacet
  facet normal 0.659392 0 0.751799
    outer loop
      vertex 46.0373 112.196 0.876012
      vertex 46.0963 6 0.824264
      vertex 46.0963 112.196 0.824264
    endloop
  endfacet
  facet normal 0.659392 0 0.751799
    outer loop
      vertex 46.0963 6 0.824264
      vertex 46.0373 112.196 0.876012
      vertex 46.0373 6 0.876012
    endloop
  endfacet
  facet normal 0.0864884 -0.175382 0.980694
    outer loop
      vertex 43.0112 1.25564 0.994866
      vertex 42.3685 0.938697 0.994866
      vertex 42.3979 0.86758 0.979555
    endloop
  endfacet
  facet normal 0.108681 -0.162644 0.980681
    outer loop
      vertex 43.607 1.65376 0.994866
      vertex 43.0112 1.25564 0.994866
      vertex 43.0496 1.18898 0.979555
    endloop
  endfacet
  facet normal 0.103521 -0.305004 0.946708
    outer loop
      vertex 42.4264 0.798919 0.954328
      vertex 41.7098 0.634001 0.979555
      vertex 41.729 0.562215 0.954328
    endloop
  endfacet
  facet normal 0.0628375 -0.315887 0.946714
    outer loop
      vertex 41.7098 0.634001 0.979555
      vertex 41.0068 0.418552 0.954328
      vertex 41.729 0.562215 0.954328
    endloop
  endfacet
  facet normal -0.545562 0.10856 0.831009
    outer loop
      vertex 0.43119 113.688 0.876012
      vertex 0.348764 112.94 0.919615
      vertex 0.494224 113.671 0.919615
    endloop
  endfacet
  facet normal -0.52666 0.178783 0.831063
    outer loop
      vertex 0.733887 114.377 0.919615
      vertex 0.43119 113.688 0.876012
      vertex 0.494224 113.671 0.919615
    endloop
  endfacet
  facet normal -0.442103 -0.0289764 0.896496
    outer loop
      vertex 0.370391 6 0.954328
      vertex 0.3 6 0.919615
      vertex 0.418552 5.26519 0.954328
    endloop
  endfacet
  facet normal -0.442289 0 0.896873
    outer loop
      vertex 0.3 112.196 0.919615
      vertex 0.370391 6 0.954328
      vertex 0.370391 112.196 0.954328
    endloop
  endfacet
  facet normal -0.442289 0 0.896873
    outer loop
      vertex 0.370391 6 0.954328
      vertex 0.3 112.196 0.919615
      vertex 0.3 6 0.919615
    endloop
  endfacet
  facet normal -0.185042 0.0628661 0.980718
    outer loop
      vertex 0.938697 114.292 0.994866
      vertex 0.634001 113.634 0.979555
      vertex 0.708354 113.614 0.994866
    endloop
  endfacet
  facet normal -0.0587928 0.0289708 0.99785
    outer loop
      vertex 1.32346 114.896 1
      vertex 0.938697 114.292 0.994866
      vertex 1.01105 114.262 1
    endloop
  endfacet
  facet normal -0.242661 0.212675 0.946512
    outer loop
      vertex 2.01927 116.177 0.954328
      vertex 1.53373 115.623 0.954328
      vertex 1.59269 115.578 0.979555
    endloop
  endfacet
  facet normal -0.26817 0.179271 0.946545
    outer loop
      vertex 1.53373 115.623 0.954328
      vertex 1.12461 115.011 0.954328
      vertex 1.59269 115.578 0.979555
    endloop
  endfacet
  facet normal -0.418899 0.367078 0.830529
    outer loop
      vertex 1.92335 116.273 0.876012
      vertex 1.47789 115.666 0.919615
      vertex 1.96949 116.227 0.919615
    endloop
  endfacet
  facet normal -0.332639 0.291489 0.896875
    outer loop
      vertex 1.96949 116.227 0.919615
      vertex 1.47789 115.666 0.919615
      vertex 2.01927 116.177 0.954328
    endloop
  endfacet
  facet normal 0.142406 -0.288755 -0.946753
    outer loop
      vertex 43.0868 1.12461 -0.154327
      vertex 42.3979 0.86758 -0.179555
      vertex 43.0496 1.18898 -0.179555
    endloop
  endfacet
  facet normal 0.142405 -0.288754 -0.946753
    outer loop
      vertex 42.4264 0.798919 -0.154327
      vertex 42.3979 0.86758 -0.179555
      vertex 43.0868 1.12461 -0.154327
    endloop
  endfacet
  facet normal 0.0864884 -0.175382 -0.980694
    outer loop
      vertex 42.3979 0.86758 -0.179555
      vertex 42.3685 0.938697 -0.194866
      vertex 43.0112 1.25564 -0.194866
    endloop
  endfacet
  facet normal 0.0628516 -0.185154 -0.980697
    outer loop
      vertex 42.3979 0.86758 -0.179555
      vertex 41.7098 0.634001 -0.179555
      vertex 42.3685 0.938697 -0.194866
    endloop
  endfacet
  facet normal 0.0210682 -0.0620682 -0.99785
    outer loop
      vertex 41.6899 0.708354 -0.194866
      vertex 41.6696 0.784001 -0.2
      vertex 42.3385 1.01105 -0.2
    endloop
  endfacet
  facet normal 0.0127878 -0.0642903 -0.997849
    outer loop
      vertex 41.6899 0.708354 -0.194866
      vertex 40.9768 0.646198 -0.2
      vertex 41.6696 0.784001 -0.2
    endloop
  endfacet
  facet normal 0.212048 0.242041 -0.946812
    outer loop
      vertex 44.2527 116.177 -0.154327
      vertex 43.6538 116.603 -0.179555
      vertex 43.6991 116.662 -0.154327
    endloop
  endfacet
  facet normal 0.21153 0.241294 -0.947118
    outer loop
      vertex 44.2002 116.124 -0.179555
      vertex 43.6538 116.603 -0.179555
      vertex 44.2527 116.177 -0.154327
    endloop
  endfacet
  facet normal -0.043222 -0.0492859 -0.997849
    outer loop
      vertex 2.66501 1.65376 -0.194866
      vertex 2.18162 2.18162 -0.2
      vertex 2.71269 1.71589 -0.2
    endloop
  endfacet
  facet normal -0.0364199 -0.054506 -0.997849
    outer loop
      vertex 3.3 1.32346 -0.2
      vertex 2.66501 1.65376 -0.194866
      vertex 2.71269 1.71589 -0.2
    endloop
  endfacet
  facet normal -0.086437 -0.434544 0.896493
    outer loop
      vertex 4.54295 0.562215 0.954328
      vertex 4.52473 0.494224 0.919615
      vertex 5.256 0.348764 0.919615
    endloop
  endfacet
  facet normal -0.142415 -0.419544 0.896494
    outer loop
      vertex 4.54295 0.562215 0.954328
      vertex 3.8187 0.733887 0.919615
      vertex 4.52473 0.494224 0.919615
    endloop
  endfacet
  facet normal -0.816333 0.162474 0.554259
    outer loop
      vertex 0.282091 113.728 0.7
      vertex 0.131028 112.969 0.7
      vertex 0.324208 113.717 0.765256
    endloop
  endfacet
  facet normal -0.815688 0.162218 0.555282
    outer loop
      vertex 0.324208 113.717 0.765256
      vertex 0.131028 112.969 0.7
      vertex 0.174258 112.963 0.765256
    endloop
  endfacet
  facet normal -0.848504 0.288118 0.44388
    outer loop
      vertex 0.498919 114.475 0.629609
      vertex 0.282091 113.728 0.7
      vertex 0.530989 114.461 0.7
    endloop
  endfacet
  facet normal -0.803164 0.396383 0.444756
    outer loop
      vertex 0.843401 115.173 0.629609
      vertex 0.498919 114.475 0.629609
      vertex 0.530989 114.461 0.7
    endloop
  endfacet
  facet normal -0.97879 0.194466 0.0644488
    outer loop
      vertex 0.204446 113.749 0.4
      vertex 0.0564203 112.978 0.478315
      vertex 0.209404 113.748 0.478315
    endloop
  endfacet
  facet normal -0.944969 0.320853 0.0639215
    outer loop
      vertex 0.456723 114.492 0.4
      vertex 0.204446 113.749 0.4
      vertex 0.209404 113.748 0.478315
    endloop
  endfacet
  facet normal -0.499016 -0.246087 0.830917
    outer loop
      vertex 0.733887 3.8187 0.919615
      vertex 0.673597 3.79373 0.876012
      vertex 1.00714 3.11737 0.876012
    endloop
  endfacet
  facet normal -0.498978 -0.246074 0.830944
    outer loop
      vertex 1.06366 3.15 0.919615
      vertex 0.733887 3.8187 0.919615
      vertex 1.00714 3.11737 0.876012
    endloop
  endfacet
  facet normal -0.674923 -0.332832 0.658561
    outer loop
      vertex 0.956039 3.08787 0.824264
      vertex 0.571273 3.75135 0.765256
      vertex 0.911224 3.06199 0.765256
    endloop
  endfacet
  facet normal -0.625697 -0.418084 0.658566
    outer loop
      vertex 0.956039 3.08787 0.824264
      vertex 0.911224 3.06199 0.765256
      vertex 1.33825 2.42291 0.765256
    endloop
  endfacet
  facet normal -0.691807 -0.46225 0.554733
    outer loop
      vertex 0.911224 3.06199 0.765256
      vertex 0.873464 3.04019 0.7
      vertex 1.30365 2.39637 0.7
    endloop
  endfacet
  facet normal -0.746223 -0.367997 0.554734
    outer loop
      vertex 0.911224 3.06199 0.765256
      vertex 0.530989 3.73466 0.7
      vertex 0.873464 3.04019 0.7
    endloop
  endfacet
  facet normal -0.548594 -0.62556 0.554725
    outer loop
      vertex 1.84503 1.84503 0.765256
      vertex 1.8142 1.8142 0.7
      vertex 2.42291 1.33825 0.765256
    endloop
  endfacet
  facet normal -0.62556 -0.548594 0.554725
    outer loop
      vertex 1.84503 1.84503 0.765256
      vertex 1.33825 2.42291 0.765256
      vertex 1.8142 1.8142 0.7
    endloop
  endfacet
  facet normal -0.419539 -0.142414 0.896496
    outer loop
      vertex 0.798919 3.84564 0.954328
      vertex 0.562215 4.54295 0.954328
      vertex 0.733887 3.8187 0.919615
    endloop
  endfacet
  facet normal -0.191732 -0.0381382 0.980706
    outer loop
      vertex 0.708354 4.58211 0.994866
      vertex 0.492235 5.27489 0.979555
      vertex 0.634001 4.56219 0.979555
    endloop
  endfacet
  facet normal -0.0642958 -0.0127892 0.997849
    outer loop
      vertex 0.646198 5.29516 1
      vertex 0.568553 5.28494 0.994866
      vertex 0.708354 4.58211 0.994866
    endloop
  endfacet
  facet normal -0.0654149 -0.00428756 0.997849
    outer loop
      vertex 0.646198 5.29516 1
      vertex 0.521685 6 0.994866
      vertex 0.568553 5.28494 0.994866
    endloop
  endfacet
  facet normal -0.064295 -0.0127891 0.997849
    outer loop
      vertex 0.784001 4.60238 1
      vertex 0.646198 5.29516 1
      vertex 0.708354 4.58211 0.994866
    endloop
  endfacet
  facet normal -0.738086 -0.146814 0.658539
    outer loop
      vertex 0.374193 4.49257 0.824264
      vertex 0.174258 5.23303 0.765256
      vertex 0.324208 4.47918 0.765256
    endloop
  endfacet
  facet normal -0.816031 -0.162319 0.554748
    outer loop
      vertex 0.174258 5.23303 0.765256
      vertex 0.131028 5.22734 0.7
      vertex 0.324208 4.47918 0.765256
    endloop
  endfacet
  facet normal -0.830237 -0.0544166 0.554748
    outer loop
      vertex 0.123988 6 0.765256
      vertex 0.0803852 6 0.7
      vertex 0.131028 5.22734 0.7
    endloop
  endfacet
  facet normal -0.880018 -0.175046 0.441506
    outer loop
      vertex 0.282091 4.46789 0.7
      vertex 0.0966129 5.22281 0.629609
      vertex 0.248562 4.45891 0.629609
    endloop
  endfacet
  facet normal -0.880013 -0.175044 0.441515
    outer loop
      vertex 0.131028 5.22734 0.7
      vertex 0.0966129 5.22281 0.629609
      vertex 0.282091 4.46789 0.7
    endloop
  endfacet
  facet normal -0.978763 0.0641912 0.194685
    outer loop
      vertex 0.0564203 112.978 0.478315
      vertex 0.00513363 112.196 0.478315
      vertex 0.0204449 112.196 0.555291
    endloop
  endfacet
  facet normal -0.995728 0.0653038 0.065271
    outer loop
      vertex 0.0564203 112.978 0.478315
      vertex 0 112.196 0.4
      vertex 0.00513363 112.196 0.478315
    endloop
  endfacet
  facet normal -0.896874 0 0.442287
    outer loop
      vertex 0.0456724 6 0.629609
      vertex 0.0803852 112.196 0.7
      vertex 0.0456724 112.196 0.629609
    endloop
  endfacet
  facet normal -0.896874 0 0.442287
    outer loop
      vertex 0.0803852 112.196 0.7
      vertex 0.0456724 6 0.629609
      vertex 0.0803852 6 0.7
    endloop
  endfacet
  facet normal -0.94693 0 0.321439
    outer loop
      vertex 0.0204449 6 0.555291
      vertex 0.0456724 112.196 0.629609
      vertex 0.0204449 112.196 0.555291
    endloop
  endfacet
  facet normal -0.94693 0 0.321439
    outer loop
      vertex 0.0456724 112.196 0.629609
      vertex 0.0204449 6 0.555291
      vertex 0.0456724 6 0.629609
    endloop
  endfacet
  facet normal -0.978696 -0.194675 0.0652409
    outer loop
      vertex 0.209404 4.44841 0.478315
      vertex 0.0564203 5.21751 0.478315
      vertex 0.204446 4.44709 0.4
    endloop
  endfacet
  facet normal -0.944914 -0.320753 0.0652273
    outer loop
      vertex 0.209404 4.44841 0.478315
      vertex 0.204446 4.44709 0.4
      vertex 0.456723 3.7039 0.4
    endloop
  endfacet
  facet normal 0.0127127 0.193422 0.981033
    outer loop
      vertex 40.9971 117.704 0.979555
      vertex 40.272 117.674 0.994866
      vertex 40.9871 117.627 0.994866
    endloop
  endfacet
  facet normal 0.0376151 0.190186 0.981027
    outer loop
      vertex 40.9971 117.704 0.979555
      vertex 40.9871 117.627 0.994866
      vertex 41.6899 117.488 0.994866
    endloop
  endfacet
  facet normal -0.0638427 0.979535 0.190878
    outer loop
      vertex 6 118.191 0.478315
      vertex 5.21751 118.14 0.478315
      vertex 6 118.176 0.555291
    endloop
  endfacet
  facet normal -0.0627634 0.942042 0.329572
    outer loop
      vertex 6 118.176 0.555291
      vertex 5.21951 118.124 0.555291
      vertex 6 118.15 0.629609
    endloop
  endfacet
  facet normal 0 0.900461 0.434937
    outer loop
      vertex 40.272 118.15 0.629609
      vertex 6 118.116 0.7
      vertex 40.272 118.116 0.7
    endloop
  endfacet
  facet normal 0 0.900461 0.434937
    outer loop
      vertex 6 118.116 0.7
      vertex 40.272 118.15 0.629609
      vertex 6 118.15 0.629609
    endloop
  endfacet
  facet normal -0.0546456 0.827891 0.55822
    outer loop
      vertex 6 118.116 0.7
      vertex 5.22734 118.065 0.7
      vertex 6 118.072 0.765256
    endloop
  endfacet
  facet normal -0.184365 0.926553 0.327885
    outer loop
      vertex 5.22281 118.099 0.629609
      vertex 4.45238 117.972 0.555291
      vertex 4.45891 117.947 0.629609
    endloop
  endfacet
  facet normal -0.305435 0.897712 0.317526
    outer loop
      vertex 4.45238 117.972 0.555291
      vertex 3.71172 117.72 0.555291
      vertex 3.72138 117.697 0.629609
    endloop
  endfacet
  facet normal -0.19455 0.978792 0.0641551
    outer loop
      vertex 5.21684 118.145 0.4
      vertex 4.44709 117.992 0.4
      vertex 5.21751 118.14 0.478315
    endloop
  endfacet
  facet normal -0.441447 0.895489 0.0567859
    outer loop
      vertex 3.7039 117.739 0.4
      vertex 3 117.392 0.4
      vertex 3.70586 117.735 0.478315
    endloop
  endfacet
  facet normal -0.441666 0.895157 0.0602146
    outer loop
      vertex 3.70586 117.735 0.478315
      vertex 3 117.392 0.4
      vertex 3.00257 117.388 0.478315
    endloop
  endfacet
  facet normal -0.463847 0.694227 0.550359
    outer loop
      vertex 3.06199 117.285 0.765256
      vertex 2.39637 116.892 0.7
      vertex 2.42291 116.858 0.765256
    endloop
  endfacet
  facet normal -0.36703 0.745297 0.556616
    outer loop
      vertex 3.73466 117.665 0.7
      vertex 3.04019 117.323 0.7
      vertex 3.06199 117.285 0.765256
    endloop
  endfacet
  facet normal -0.0623943 0.31513 0.946995
    outer loop
      vertex 5.26519 117.777 0.954328
      vertex 4.54295 117.634 0.954328
      vertex 4.56219 117.562 0.979555
    endloop
  endfacet
  facet normal -0.0630224 0.185326 0.980654
    outer loop
      vertex 4.56219 117.562 0.979555
      vertex 3.87408 117.328 0.979555
      vertex 3.90354 117.257 0.994866
    endloop
  endfacet
  facet normal -0.108736 0.16262 0.980679
    outer loop
      vertex 3.22235 117.007 0.979555
      vertex 2.61815 116.603 0.979555
      vertex 2.66501 116.542 0.994866
    endloop
  endfacet
  facet normal -0.108202 0.161985 0.980843
    outer loop
      vertex 3.22235 117.007 0.979555
      vertex 2.66501 116.542 0.994866
      vertex 3.26084 116.94 0.994866
    endloop
  endfacet
  facet normal -0.108118 0.544005 0.832087
    outer loop
      vertex 5.24748 117.912 0.876012
      vertex 4.50784 117.765 0.876012
      vertex 5.256 117.847 0.919615
    endloop
  endfacet
  facet normal 0.289438 0.142617 0.946513
    outer loop
      vertex 45.4731 114.35 0.954328
      vertex 45.1474 115.011 0.954328
      vertex 45.4044 114.322 0.979555
    endloop
  endfacet
  facet normal 0.397426 0.195827 0.896495
    outer loop
      vertex 45.5381 114.377 0.919615
      vertex 45.1474 115.011 0.954328
      vertex 45.4731 114.35 0.954328
    endloop
  endfacet
  facet normal 0.288989 0.142456 0.946674
    outer loop
      vertex 45.1474 115.011 0.954328
      vertex 45.083 114.974 0.979555
      vertex 45.4044 114.322 0.979555
    endloop
  endfacet
  facet normal 0.267935 0.179082 0.946647
    outer loop
      vertex 45.1474 115.011 0.954328
      vertex 44.6793 115.578 0.979555
      vertex 45.083 114.974 0.979555
    endloop
  endfacet
  facet normal 0.184942 0.0628203 0.98074
    outer loop
      vertex 45.638 113.634 0.979555
      vertex 45.3333 114.292 0.994866
      vertex 45.5636 113.614 0.994866
    endloop
  endfacet
  facet normal 0.191586 0.0381022 0.980736
    outer loop
      vertex 45.638 113.634 0.979555
      vertex 45.5636 113.614 0.994866
      vertex 45.7798 112.921 0.979555
    endloop
  endfacet
  facet normal 0.625609 0.212392 0.750668
    outer loop
      vertex 45.8978 113.703 0.824264
      vertex 45.5984 114.402 0.876012
      vertex 45.8408 113.688 0.876012
    endloop
  endfacet
  facet normal 0.526752 0.17883 0.830995
    outer loop
      vertex 45.5984 114.402 0.876012
      vertex 45.5381 114.377 0.919615
      vertex 45.8408 113.688 0.876012
    endloop
  endfacet
  facet normal 0.746145 0.367705 0.555032
    outer loop
      vertex 45.3985 115.156 0.7
      vertex 45.3608 115.134 0.765256
      vertex 45.741 114.461 0.7
    endloop
  endfacet
  facet normal 0.691558 0.46197 0.555276
    outer loop
      vertex 45.3985 115.156 0.7
      vertex 44.9683 115.8 0.7
      vertex 45.3608 115.134 0.765256
    endloop
  endfacet
  facet normal 0.554946 -0.03643 0.831089
    outer loop
      vertex 46.0373 6 0.876012
      vertex 45.972 6 0.919615
      vertex 45.9879 5.24748 0.876012
    endloop
  endfacet
  facet normal 0.555314 0 0.831641
    outer loop
      vertex 45.972 112.196 0.919615
      vertex 46.0373 6 0.876012
      vertex 46.0373 112.196 0.876012
    endloop
  endfacet
  facet normal 0.555314 0 0.831641
    outer loop
      vertex 46.0373 6 0.876012
      vertex 45.972 112.196 0.919615
      vertex 45.972 6 0.919615
    endloop
  endfacet
  facet normal 0.0865106 -0.175417 0.980686
    outer loop
      vertex 43.0112 1.25564 0.994866
      vertex 42.3979 0.86758 0.979555
      vertex 43.0496 1.18898 0.979555
    endloop
  endfacet
  facet normal 0.142401 -0.288745 0.946757
    outer loop
      vertex 43.0496 1.18898 0.979555
      vertex 42.3979 0.86758 0.979555
      vertex 43.0868 1.12461 0.954328
    endloop
  endfacet
  facet normal 0.0289898 -0.058785 0.99785
    outer loop
      vertex 42.972 1.32346 1
      vertex 42.3385 1.01105 1
      vertex 42.3685 0.938697 0.994866
    endloop
  endfacet
  facet normal 0.0210687 -0.0620693 0.997849
    outer loop
      vertex 42.3385 1.01105 1
      vertex 41.6899 0.708354 0.994866
      vertex 42.3685 0.938697 0.994866
    endloop
  endfacet
  facet normal 0.0628516 -0.185154 0.980697
    outer loop
      vertex 42.3685 0.938697 0.994866
      vertex 41.7098 0.634001 0.979555
      vertex 42.3979 0.86758 0.979555
    endloop
  endfacet
  facet normal 0.0628405 -0.185131 0.980703
    outer loop
      vertex 42.3685 0.938697 0.994866
      vertex 41.6899 0.708354 0.994866
      vertex 41.7098 0.634001 0.979555
    endloop
  endfacet
  facet normal -0.0620625 0.021085 0.99785
    outer loop
      vertex 0.938697 114.292 0.994866
      vertex 0.708354 113.614 0.994866
      vertex 1.01105 114.262 1
    endloop
  endfacet
  facet normal -0.0621377 0.0211202 0.997844
    outer loop
      vertex 1.01105 114.262 1
      vertex 0.708354 113.614 0.994866
      vertex 0.784001 113.594 1
    endloop
  endfacet
  facet normal -0.805551 0.396951 0.439906
    outer loop
      vertex 0.843401 115.173 0.629609
      vertex 0.530989 114.461 0.7
      vertex 0.873464 115.156 0.7
    endloop
  endfacet
  facet normal -0.745872 0.367543 0.555506
    outer loop
      vertex 0.873464 115.156 0.7
      vertex 0.530989 114.461 0.7
      vertex 0.911224 115.134 0.765256
    endloop
  endfacet
  facet normal -0.849667 0.288239 0.441571
    outer loop
      vertex 0.498919 114.475 0.629609
      vertex 0.248562 113.737 0.629609
      vertex 0.282091 113.728 0.7
    endloop
  endfacet
  facet normal -0.897562 0.30495 0.318416
    outer loop
      vertex 0.475612 114.484 0.555291
      vertex 0.224194 113.744 0.555291
      vertex 0.498919 114.475 0.629609
    endloop
  endfacet
  facet normal -0.565817 -0.496205 0.658508
    outer loop
      vertex 1.3793 2.45441 0.824264
      vertex 1.33825 2.42291 0.765256
      vertex 1.88162 1.88162 0.824264
    endloop
  endfacet
  facet normal -0.496287 -0.435229 0.751182
    outer loop
      vertex 1.92335 1.92335 0.876012
      vertex 1.3793 2.45441 0.824264
      vertex 1.88162 1.88162 0.824264
    endloop
  endfacet
  facet normal -0.304953 -0.103517 0.946725
    outer loop
      vertex 0.634001 4.56219 0.979555
      vertex 0.562215 4.54295 0.954328
      vertex 0.798919 3.84564 0.954328
    endloop
  endfacet
  facet normal -0.30496 -0.103519 0.946722
    outer loop
      vertex 0.86758 3.87408 0.979555
      vertex 0.634001 4.56219 0.979555
      vertex 0.798919 3.84564 0.954328
    endloop
  endfacet
  facet normal -0.945109 -0.0619466 0.320831
    outer loop
      vertex 0.0966129 5.22281 0.629609
      vertex 0.0456724 6 0.629609
      vertex 0.0716009 5.21951 0.555291
    endloop
  endfacet
  facet normal -0.895332 -0.0586841 0.441516
    outer loop
      vertex 0.131028 5.22734 0.7
      vertex 0.0456724 6 0.629609
      vertex 0.0966129 5.22281 0.629609
    endloop
  endfacet
  facet normal -0.190254 0.960194 0.204526
    outer loop
      vertex 5.21751 118.14 0.478315
      vertex 4.45238 117.972 0.555291
      vertex 5.21951 118.124 0.555291
    endloop
  endfacet
  facet normal -0.184095 0.929111 0.32072
    outer loop
      vertex 5.21951 118.124 0.555291
      vertex 4.45238 117.972 0.555291
      vertex 5.22281 118.099 0.629609
    endloop
  endfacet
  facet normal -0.0290458 0.441022 0.897026
    outer loop
      vertex 6 117.896 0.919615
      vertex 5.256 117.847 0.919615
      vertex 5.26519 117.777 0.954328
    endloop
  endfacet
  facet normal -0.175374 0.882038 0.437325
    outer loop
      vertex 5.22281 118.099 0.629609
      vertex 4.46789 117.914 0.7
      vertex 5.22734 118.065 0.7
    endloop
  endfacet
  facet normal -0.419432 0.85038 0.317695
    outer loop
      vertex 3.71172 117.72 0.555291
      vertex 3.01022 117.374 0.555291
      vertex 3.72138 117.697 0.629609
    endloop
  endfacet
  facet normal -0.303306 0.894791 0.327651
    outer loop
      vertex 4.45238 117.972 0.555291
      vertex 3.72138 117.697 0.629609
      vertex 4.45891 117.947 0.629609
    endloop
  endfacet
  facet normal -0.320859 0.945451 0.0563198
    outer loop
      vertex 4.44841 117.987 0.478315
      vertex 3.7039 117.739 0.4
      vertex 3.70586 117.735 0.478315
    endloop
  endfacet
  facet normal -0.321566 0.944603 0.0657279
    outer loop
      vertex 4.44709 117.992 0.4
      vertex 3.7039 117.739 0.4
      vertex 4.44841 117.987 0.478315
    endloop
  endfacet
  facet normal -0.462209 0.690439 0.556468
    outer loop
      vertex 3.04019 117.323 0.7
      vertex 2.39637 116.892 0.7
      vertex 3.06199 117.285 0.765256
    endloop
  endfacet
  facet normal -0.417526 0.624901 0.659675
    outer loop
      vertex 3.06199 117.285 0.765256
      vertex 2.42291 116.858 0.765256
      vertex 3.08787 117.24 0.824264
    endloop
  endfacet
  facet normal -0.590743 0.673022 0.445043
    outer loop
      vertex 2.37524 116.92 0.629609
      vertex 1.78965 116.406 0.629609
      vertex 2.39637 116.892 0.7
    endloop
  endfacet
  facet normal -0.592594 0.676452 0.437315
    outer loop
      vertex 2.39637 116.892 0.7
      vertex 1.78965 116.406 0.629609
      vertex 1.8142 116.382 0.7
    endloop
  endfacet
  facet normal -0 0.557083 0.830457
    outer loop
      vertex 6 117.961 0.876012
      vertex 40.272 117.896 0.919615
      vertex 40.272 117.961 0.876012
    endloop
  endfacet
  facet normal 0 0.557083 0.830457
    outer loop
      vertex 40.272 117.896 0.919615
      vertex 6 117.961 0.876012
      vertex 6 117.896 0.919615
    endloop
  endfacet
  facet normal -0 0.659392 0.751799
    outer loop
      vertex 6 118.02 0.824264
      vertex 40.272 117.961 0.876012
      vertex 40.272 118.02 0.824264
    endloop
  endfacet
  facet normal 0 0.659392 0.751799
    outer loop
      vertex 40.272 117.961 0.876012
      vertex 6 118.02 0.824264
      vertex 6 117.961 0.876012
    endloop
  endfacet
  facet normal 0.162315 0.108488 0.980757
    outer loop
      vertex 44.6793 115.578 0.979555
      vertex 44.6182 115.531 0.994866
      vertex 45.083 114.974 0.979555
    endloop
  endfacet
  facet normal 0.174971 0.086251 0.980788
    outer loop
      vertex 45.083 114.974 0.979555
      vertex 45.0164 114.935 0.994866
      vertex 45.4044 114.322 0.979555
    endloop
  endfacet
  facet normal 0.545766 0.108556 0.830876
    outer loop
      vertex 45.8408 113.688 0.876012
      vertex 45.7778 113.671 0.919615
      vertex 45.9232 112.94 0.919615
    endloop
  endfacet
  facet normal 0.526833 0.178869 0.830935
    outer loop
      vertex 45.8408 113.688 0.876012
      vertex 45.5381 114.377 0.919615
      vertex 45.7778 113.671 0.919615
    endloop
  endfacet
  facet normal 0.625401 0.417913 0.658956
    outer loop
      vertex 45.3608 115.134 0.765256
      vertex 44.9338 115.773 0.765256
      vertex 45.316 115.108 0.824264
    endloop
  endfacet
  facet normal 0.627139 0.418719 0.656788
    outer loop
      vertex 44.9338 115.773 0.765256
      vertex 44.8927 115.742 0.824264
      vertex 45.316 115.108 0.824264
    endloop
  endfacet
  facet normal -0.850582 0.419161 0.317513
    outer loop
      vertex 0.821553 115.186 0.555291
      vertex 0.475612 114.484 0.555291
      vertex 0.498919 114.475 0.629609
    endloop
  endfacet
  facet normal -0.944829 0.320964 0.0654186
    outer loop
      vertex 0.456723 114.492 0.4
      vertex 0.209404 113.748 0.478315
      vertex 0.461466 114.49 0.478315
    endloop
  endfacet
  facet normal -0.962044 0.191139 0.194777
    outer loop
      vertex 0.209404 113.748 0.478315
      vertex 0.0564203 112.978 0.478315
      vertex 0.224194 113.744 0.555291
    endloop
  endfacet
  facet normal -0.928621 0.315503 0.195246
    outer loop
      vertex 0.461466 114.49 0.478315
      vertex 0.224194 113.744 0.555291
      vertex 0.475612 114.484 0.555291
    endloop
  endfacet
  facet normal -0.267749 0.788441 0.553779
    outer loop
      vertex 4.46789 117.914 0.7
      vertex 3.73466 117.665 0.7
      vertex 4.47918 117.872 0.765256
    endloop
  endfacet
  facet normal -0.162384 0.816703 0.55374
    outer loop
      vertex 5.22734 118.065 0.7
      vertex 4.46789 117.914 0.7
      vertex 4.47918 117.872 0.765256
    endloop
  endfacet
  facet normal -0.290794 0.589596 0.753535
    outer loop
      vertex 3.77115 117.577 0.824264
      vertex 3.08787 117.24 0.824264
      vertex 3.79373 117.522 0.876012
    endloop
  endfacet
  facet normal -0.179133 0.526973 0.830789
    outer loop
      vertex 4.50784 117.765 0.876012
      vertex 3.8187 117.462 0.919615
      vertex 4.52473 117.702 0.919615
    endloop
  endfacet
  facet normal -0.0858436 0.433564 0.897024
    outer loop
      vertex 5.256 117.847 0.919615
      vertex 4.54295 117.634 0.954328
      vertex 5.26519 117.777 0.954328
    endloop
  endfacet
  facet normal -0.195981 0.397129 0.896593
    outer loop
      vertex 3.8187 117.462 0.919615
      vertex 3.15 117.132 0.919615
      vertex 3.1852 117.071 0.954328
    endloop
  endfacet
  facet normal -0.0542139 0.831608 0.55271
    outer loop
      vertex 6 118.072 0.765256
      vertex 5.22734 118.065 0.7
      vertex 5.23303 118.022 0.765256
    endloop
  endfacet
  facet normal -0.16263 0.817324 0.552751
    outer loop
      vertex 5.22734 118.065 0.7
      vertex 4.47918 117.872 0.765256
      vertex 5.23303 118.022 0.765256
    endloop
  endfacet
  facet normal -0.419722 0.852304 0.312108
    outer loop
      vertex 3.72138 117.697 0.629609
      vertex 3.01022 117.374 0.555291
      vertex 3.02284 117.353 0.629609
    endloop
  endfacet
  facet normal -0.396539 0.805227 0.44087
    outer loop
      vertex 3.72138 117.697 0.629609
      vertex 3.02284 117.353 0.629609
      vertex 3.73466 117.665 0.7
    endloop
  endfacet
  facet normal 0.162075 0.108286 0.980819
    outer loop
      vertex 45.083 114.974 0.979555
      vertex 44.6182 115.531 0.994866
      vertex 45.0164 114.935 0.994866
    endloop
  endfacet
  facet normal 0.0545246 0.036429 0.997848
    outer loop
      vertex 45.0164 114.935 0.994866
      vertex 44.6182 115.531 0.994866
      vertex 44.9485 114.896 1
    endloop
  endfacet
  facet normal -0.929194 0.184621 0.320176
    outer loop
      vertex 0.224194 113.744 0.555291
      vertex 0.0716009 112.976 0.555291
      vertex 0.0966129 112.973 0.629609
    endloop
  endfacet
  facet normal -0.896377 0.304084 0.322553
    outer loop
      vertex 0.498919 114.475 0.629609
      vertex 0.224194 113.744 0.555291
      vertex 0.248562 113.737 0.629609
    endloop
  endfacet
  facet normal -0.288854 0.852153 0.436348
    outer loop
      vertex 4.45891 117.947 0.629609
      vertex 3.72138 117.697 0.629609
      vertex 4.46789 117.914 0.7
    endloop
  endfacet
  facet normal -0.175612 0.882567 0.43616
    outer loop
      vertex 5.22281 118.099 0.629609
      vertex 4.45891 117.947 0.629609
      vertex 4.46789 117.914 0.7
    endloop
  endfacet
  facet normal -0.0861681 0.434566 0.896508
    outer loop
      vertex 5.256 117.847 0.919615
      vertex 4.52473 117.702 0.919615
      vertex 4.54295 117.634 0.954328
    endloop
  endfacet
  facet normal -0.142584 0.419451 0.89651
    outer loop
      vertex 4.52473 117.702 0.919615
      vertex 3.8187 117.462 0.919615
      vertex 4.54295 117.634 0.954328
    endloop
  endfacet
  facet normal -0.36869 0.747529 0.55251
    outer loop
      vertex 3.73466 117.665 0.7
      vertex 3.06199 117.285 0.765256
      vertex 3.75135 117.625 0.765256
    endloop
  endfacet
  facet normal -0.332406 0.673963 0.659758
    outer loop
      vertex 3.75135 117.625 0.765256
      vertex 3.06199 117.285 0.765256
      vertex 3.08787 117.24 0.824264
    endloop
  endfacet
  facet normal -0.0362504 0.556717 0.829911
    outer loop
      vertex 6 117.961 0.876012
      vertex 5.24748 117.912 0.876012
      vertex 6 117.896 0.919615
    endloop
  endfacet
  facet normal -0.0428965 0.658785 0.751107
    outer loop
      vertex 6 118.02 0.824264
      vertex 5.24748 117.912 0.876012
      vertex 6 117.961 0.876012
    endloop
  endfacet
  facet normal -0.0593309 0.898874 0.434171
    outer loop
      vertex 6 118.15 0.629609
      vertex 5.22734 118.065 0.7
      vertex 6 118.116 0.7
    endloop
  endfacet
  facet normal -0.0588889 0.897409 0.437253
    outer loop
      vertex 6 118.15 0.629609
      vertex 5.22281 118.099 0.629609
      vertex 5.22734 118.065 0.7
    endloop
  endfacet
  facet normal -0.928596 0.184685 0.321871
    outer loop
      vertex 0.224194 113.744 0.555291
      vertex 0.0966129 112.973 0.629609
      vertex 0.248562 113.737 0.629609
    endloop
  endfacet
  facet normal -0.880003 0.175021 0.441545
    outer loop
      vertex 0.248562 113.737 0.629609
      vertex 0.0966129 112.973 0.629609
      vertex 0.282091 113.728 0.7
    endloop
  endfacet
  facet normal -0.129293 0.650546 0.748381
    outer loop
      vertex 5.23978 117.97 0.824264
      vertex 4.50784 117.765 0.876012
      vertex 5.24748 117.912 0.876012
    endloop
  endfacet
  facet normal -0.196173 0.397424 0.896421
    outer loop
      vertex 3.8187 117.462 0.919615
      vertex 3.1852 117.071 0.954328
      vertex 3.84564 117.397 0.954328
    endloop
  endfacet
  facet normal -0.142029 0.287735 0.94712
    outer loop
      vertex 3.84564 117.397 0.954328
      vertex 3.1852 117.071 0.954328
      vertex 3.87408 117.328 0.979555
    endloop
  endfacet
  facet normal -0.103282 0.303715 0.947148
    outer loop
      vertex 4.56219 117.562 0.979555
      vertex 3.84564 117.397 0.954328
      vertex 3.87408 117.328 0.979555
    endloop
  endfacet
  facet normal -0.108258 0.54597 0.830781
    outer loop
      vertex 5.256 117.847 0.919615
      vertex 4.50784 117.765 0.876012
      vertex 4.52473 117.702 0.919615
    endloop
  endfacet
  facet normal -0.332402 0.673957 0.659766
    outer loop
      vertex 3.75135 117.625 0.765256
      vertex 3.08787 117.24 0.824264
      vertex 3.77115 117.577 0.824264
    endloop
  endfacet
  facet normal -0.145378 0.733975 0.663435
    outer loop
      vertex 5.23303 118.022 0.765256
      vertex 4.49257 117.822 0.824264
      vertex 5.23978 117.97 0.824264
    endloop
  endfacet
  facet normal -0.146843 0.737984 0.658647
    outer loop
      vertex 5.23303 118.022 0.765256
      vertex 4.47918 117.872 0.765256
      vertex 4.49257 117.822 0.824264
    endloop
  endfacet
  facet normal -0.14262 0.419622 0.896425
    outer loop
      vertex 4.54295 117.634 0.954328
      vertex 3.8187 117.462 0.919615
      vertex 3.84564 117.397 0.954328
    endloop
  endfacet
  facet normal -0.103382 0.304175 0.94699
    outer loop
      vertex 4.54295 117.634 0.954328
      vertex 3.84564 117.397 0.954328
      vertex 4.56219 117.562 0.979555
    endloop
  endfacet
  facet normal -0.128263 0.647566 0.751137
    outer loop
      vertex 5.23978 117.97 0.824264
      vertex 4.49257 117.822 0.824264
      vertex 4.50784 117.765 0.876012
    endloop
  endfacet
  facet normal -0.212662 0.624955 0.751136
    outer loop
      vertex 4.49257 117.822 0.824264
      vertex 3.79373 117.522 0.876012
      vertex 4.50784 117.765 0.876012
    endloop
  endfacet
  facet normal 0.441957 -0.897036 0
    outer loop
      vertex 3.5 115.026 -0.00999928
      vertex 4.08658 115.315 1
      vertex 3.5 115.026 1
    endloop
  endfacet
  facet normal 0.441957 -0.897036 0
    outer loop
      vertex 4.08658 115.315 1
      vertex 3.5 115.026 -0.00999928
      vertex 4.08658 115.315 -0.00999928
    endloop
  endfacet
  facet normal 0.322493 -0.946572 0
    outer loop
      vertex 4.08658 115.315 -0.00999928
      vertex 4.7059 115.526 1
      vertex 4.08658 115.315 1
    endloop
  endfacet
  facet normal 0.322493 -0.946572 0
    outer loop
      vertex 4.7059 115.526 1
      vertex 4.08658 115.315 -0.00999928
      vertex 4.7059 115.526 -0.00999928
    endloop
  endfacet
  facet normal 0 -1 0
    outer loop
      vertex 6 115.696 -0.00999928
      vertex 40.272 115.696 1
      vertex 6 115.696 1
    endloop
  endfacet
  facet normal 0 -1 -0
    outer loop
      vertex 40.272 115.696 1
      vertex 6 115.696 -0.00999928
      vertex 40.272 115.696 -0.00999928
    endloop
  endfacet
  facet normal -1 0 0
    outer loop
      vertex 45.272 56.5 -0.00999928
      vertex 45.272 110.696 1
      vertex 45.272 110.696 -0.00999928
    endloop
  endfacet
  facet normal -1 -0 0
    outer loop
      vertex 45.272 110.696 1
      vertex 45.272 56.5 -0.00999928
      vertex 45.272 56.5 1
    endloop
  endfacet
  facet normal -0.555194 -0.831721 0
    outer loop
      vertex 42.772 115.026 -0.00999928
      vertex 43.3158 114.663 1
      vertex 42.772 115.026 1
    endloop
  endfacet
  facet normal -0.555194 -0.831721 -0
    outer loop
      vertex 43.3158 114.663 1
      vertex 42.772 115.026 -0.00999928
      vertex 43.3158 114.663 -0.00999928
    endloop
  endfacet
  facet normal 0.555187 -0.831725 0
    outer loop
      vertex 2.95619 114.663 -0.00999928
      vertex 3.5 115.026 1
      vertex 2.95619 114.663 1
    endloop
  endfacet
  facet normal 0.555187 -0.831725 0
    outer loop
      vertex 3.5 115.026 1
      vertex 2.95619 114.663 -0.00999928
      vertex 3.5 115.026 -0.00999928
    endloop
  endfacet
  facet normal 0.0657447 -0.997836 0
    outer loop
      vertex 5.34737 115.653 -0.00999928
      vertex 6 115.696 1
      vertex 5.34737 115.653 1
    endloop
  endfacet
  facet normal 0.0657447 -0.997836 0
    outer loop
      vertex 6 115.696 1
      vertex 5.34737 115.653 -0.00999928
      vertex 6 115.696 -0.00999928
    endloop
  endfacet
  facet normal -0.0657477 -0.997836 0
    outer loop
      vertex 40.272 115.696 -0.00999928
      vertex 40.9246 115.653 1
      vertex 40.272 115.696 1
    endloop
  endfacet
  facet normal -0.0657477 -0.997836 -0
    outer loop
      vertex 40.9246 115.653 1
      vertex 40.272 115.696 -0.00999928
      vertex 40.9246 115.653 -0.00999928
    endloop
  endfacet
  facet normal 0.99786 0.0653902 0
    outer loop
      vertex 1.01711 56.2389 1
      vertex 1 56.5 -0.00999928
      vertex 1 56.5 1
    endloop
  endfacet
  facet normal 0.99786 0.0653902 0
    outer loop
      vertex 1 56.5 -0.00999928
      vertex 1.01711 56.2389 1
      vertex 1.01711 56.2389 -0.00999928
    endloop
  endfacet
  facet normal 1 -0 0
    outer loop
      vertex 1 56.5 1
      vertex 1 110.696 -0.00999928
      vertex 1 110.696 1
    endloop
  endfacet
  facet normal 1 0 0
    outer loop
      vertex 1 110.696 -0.00999928
      vertex 1 56.5 1
      vertex 1 56.5 -0.00999928
    endloop
  endfacet
  facet normal 0.896998 -0.442035 0
    outer loop
      vertex 1.3806 112.609 1
      vertex 1.66987 113.196 -0.00999928
      vertex 1.66987 113.196 1
    endloop
  endfacet
  facet normal 0.896998 -0.442035 0
    outer loop
      vertex 1.66987 113.196 -0.00999928
      vertex 1.3806 112.609 1
      vertex 1.3806 112.609 -0.00999928
    endloop
  endfacet
  facet normal 0.997861 -0.0653729 0
    outer loop
      vertex 1 110.696 1
      vertex 1.04278 111.349 -0.00999928
      vertex 1.04278 111.349 1
    endloop
  endfacet
  facet normal 0.997861 -0.0653729 0
    outer loop
      vertex 1.04278 111.349 -0.00999928
      vertex 1 110.696 1
      vertex 1 110.696 -0.00999928
    endloop
  endfacet
  facet normal -0.751842 0.659343 0
    outer loop
      vertex 44.6862 55.0858 -0.00999928
      vertex 44.8587 55.2825 1
      vertex 44.8587 55.2825 -0.00999928
    endloop
  endfacet
  facet normal -0.751842 0.659343 0
    outer loop
      vertex 44.8587 55.2825 1
      vertex 44.6862 55.0858 -0.00999928
      vertex 44.6862 55.0858 1
    endloop
  endfacet
  facet normal -0.442314 0.89686 0
    outer loop
      vertex 44.272 54.7679 -0.00999928
      vertex 44.0374 54.6522 1
      vertex 44.272 54.7679 1
    endloop
  endfacet
  facet normal -0.442314 0.89686 0
    outer loop
      vertex 44.0374 54.6522 1
      vertex 44.272 54.7679 -0.00999928
      vertex 44.0374 54.6522 -0.00999928
    endloop
  endfacet
  facet normal 0 1 -0
    outer loop
      vertex 43.272 54.5 -0.00999928
      vertex 3 54.5 1
      vertex 43.272 54.5 1
    endloop
  endfacet
  facet normal 0 1 0
    outer loop
      vertex 3 54.5 1
      vertex 43.272 54.5 -0.00999928
      vertex 3 54.5 -0.00999928
    endloop
  endfacet
  facet normal -0.89686 0.442314 0
    outer loop
      vertex 45.0041 55.5 -0.00999928
      vertex 45.1198 55.7346 1
      vertex 45.1198 55.7346 -0.00999928
    endloop
  endfacet
  facet normal -0.89686 0.442314 0
    outer loop
      vertex 45.1198 55.7346 1
      vertex 45.0041 55.5 -0.00999928
      vertex 45.0041 55.5 1
    endloop
  endfacet
  facet normal -0.997862 0.0653521 0
    outer loop
      vertex 45.2549 56.2389 -0.00999928
      vertex 45.272 56.5 1
      vertex 45.272 56.5 -0.00999928
    endloop
  endfacet
  facet normal -0.997862 0.0653521 0
    outer loop
      vertex 45.272 56.5 1
      vertex 45.2549 56.2389 -0.00999928
      vertex 45.2549 56.2389 1
    endloop
  endfacet
  facet normal -0.980727 0.195381 0
    outer loop
      vertex 45.2038 55.9824 -0.00999928
      vertex 45.2549 56.2389 1
      vertex 45.2549 56.2389 -0.00999928
    endloop
  endfacet
  facet normal -0.980727 0.195381 0
    outer loop
      vertex 45.2549 56.2389 1
      vertex 45.2038 55.9824 -0.00999928
      vertex 45.2038 55.9824 1
    endloop
  endfacet
  facet normal -0.946894 -0.321546 0
    outer loop
      vertex 45.1016 111.99 -0.00999928
      vertex 44.8914 112.609 1
      vertex 44.8914 112.609 -0.00999928
    endloop
  endfacet
  facet normal -0.946894 -0.321546 0
    outer loop
      vertex 44.8914 112.609 1
      vertex 45.1016 111.99 -0.00999928
      vertex 45.1016 111.99 1
    endloop
  endfacet
  facet normal -0.997859 -0.0654033 0
    outer loop
      vertex 45.272 110.696 -0.00999928
      vertex 45.2292 111.349 1
      vertex 45.2292 111.349 -0.00999928
    endloop
  endfacet
  facet normal -0.997859 -0.0654033 0
    outer loop
      vertex 45.2292 111.349 1
      vertex 45.272 110.696 -0.00999928
      vertex 45.272 110.696 1
    endloop
  endfacet
  facet normal -0.75197 -0.659197 0
    outer loop
      vertex 44.2388 113.74 -0.00999928
      vertex 43.8075 114.232 1
      vertex 43.8075 114.232 -0.00999928
    endloop
  endfacet
  facet normal -0.75197 -0.659197 0
    outer loop
      vertex 43.8075 114.232 1
      vertex 44.2388 113.74 -0.00999928
      vertex 44.2388 113.74 1
    endloop
  endfacet
  facet normal 0.65915 -0.752012 0
    outer loop
      vertex 2.46447 114.232 -0.00999928
      vertex 2.95619 114.663 1
      vertex 2.46447 114.232 1
    endloop
  endfacet
  facet normal 0.65915 -0.752012 0
    outer loop
      vertex 2.95619 114.663 1
      vertex 2.46447 114.232 -0.00999928
      vertex 2.95619 114.663 -0.00999928
    endloop
  endfacet
  facet normal 0.194213 -0.980959 0
    outer loop
      vertex 4.7059 115.526 -0.00999928
      vertex 5.34737 115.653 1
      vertex 4.7059 115.526 1
    endloop
  endfacet
  facet normal 0.194213 -0.980959 0
    outer loop
      vertex 5.34737 115.653 1
      vertex 4.7059 115.526 -0.00999928
      vertex 5.34737 115.653 -0.00999928
    endloop
  endfacet
  facet normal -0.322503 -0.946569 0
    outer loop
      vertex 41.5661 115.526 -0.00999928
      vertex 42.1854 115.315 1
      vertex 41.5661 115.526 1
    endloop
  endfacet
  facet normal -0.322503 -0.946569 -0
    outer loop
      vertex 42.1854 115.315 1
      vertex 41.5661 115.526 -0.00999928
      vertex 42.1854 115.315 -0.00999928
    endloop
  endfacet
  facet normal -0.194204 -0.980961 0
    outer loop
      vertex 40.9246 115.653 -0.00999928
      vertex 41.5661 115.526 1
      vertex 40.9246 115.653 1
    endloop
  endfacet
  facet normal -0.194204 -0.980961 -0
    outer loop
      vertex 41.5661 115.526 1
      vertex 40.9246 115.653 -0.00999928
      vertex 41.5661 115.526 -0.00999928
    endloop
  endfacet
  facet normal 0.831561 -0.555434 0
    outer loop
      vertex 1.66987 113.196 1
      vertex 2.03323 113.74 -0.00999928
      vertex 2.03323 113.74 1
    endloop
  endfacet
  facet normal 0.831561 -0.555434 0
    outer loop
      vertex 2.03323 113.74 -0.00999928
      vertex 1.66987 113.196 1
      vertex 1.66987 113.196 -0.00999928
    endloop
  endfacet
  facet normal 0.94688 -0.321587 0
    outer loop
      vertex 1.17037 111.99 1
      vertex 1.3806 112.609 -0.00999928
      vertex 1.3806 112.609 1
    endloop
  endfacet
  facet normal 0.94688 -0.321587 0
    outer loop
      vertex 1.3806 112.609 -0.00999928
      vertex 1.17037 111.99 1
      vertex 1.17037 111.99 -0.00999928
    endloop
  endfacet
  facet normal 0.98076 -0.195219 0
    outer loop
      vertex 1.04278 111.349 1
      vertex 1.17037 111.99 -0.00999928
      vertex 1.17037 111.99 1
    endloop
  endfacet
  facet normal 0.98076 -0.195219 0
    outer loop
      vertex 1.17037 111.99 -0.00999928
      vertex 1.04278 111.349 1
      vertex 1.04278 111.349 -0.00999928
    endloop
  endfacet
  facet normal -0.0653521 0.997862 0
    outer loop
      vertex 43.5331 54.5171 -0.00999928
      vertex 43.272 54.5 1
      vertex 43.5331 54.5171 1
    endloop
  endfacet
  facet normal -0.0653521 0.997862 0
    outer loop
      vertex 43.272 54.5 1
      vertex 43.5331 54.5171 -0.00999928
      vertex 43.272 54.5 -0.00999928
    endloop
  endfacet
  facet normal -0.831344 0.555758 0
    outer loop
      vertex 44.8587 55.2825 -0.00999928
      vertex 45.0041 55.5 1
      vertex 45.0041 55.5 -0.00999928
    endloop
  endfacet
  facet normal -0.831344 0.555758 0
    outer loop
      vertex 45.0041 55.5 1
      vertex 44.8587 55.2825 -0.00999928
      vertex 44.8587 55.2825 1
    endloop
  endfacet
  facet normal -0.555758 0.831344 0
    outer loop
      vertex 44.4895 54.9133 -0.00999928
      vertex 44.272 54.7679 1
      vertex 44.4895 54.9133 1
    endloop
  endfacet
  facet normal -0.555758 0.831344 0
    outer loop
      vertex 44.272 54.7679 1
      vertex 44.4895 54.9133 -0.00999928
      vertex 44.272 54.7679 -0.00999928
    endloop
  endfacet
  facet normal -0.321382 0.94695 0
    outer loop
      vertex 44.0374 54.6522 -0.00999928
      vertex 43.7896 54.5681 1
      vertex 44.0374 54.6522 1
    endloop
  endfacet
  facet normal -0.321382 0.94695 0
    outer loop
      vertex 43.7896 54.5681 1
      vertex 44.0374 54.6522 -0.00999928
      vertex 43.7896 54.5681 -0.00999928
    endloop
  endfacet
  facet normal 0.194947 0.980814 -0
    outer loop
      vertex 2.73895 54.5171 -0.00999928
      vertex 2.48236 54.5681 1
      vertex 2.73895 54.5171 1
    endloop
  endfacet
  facet normal 0.194947 0.980814 0
    outer loop
      vertex 2.48236 54.5681 1
      vertex 2.73895 54.5171 -0.00999928
      vertex 2.48236 54.5681 -0.00999928
    endloop
  endfacet
  facet normal -0.947066 0.321039 0
    outer loop
      vertex 45.1198 55.7346 -0.00999928
      vertex 45.2038 55.9824 1
      vertex 45.2038 55.9824 -0.00999928
    endloop
  endfacet
  facet normal -0.947066 0.321039 0
    outer loop
      vertex 45.2038 55.9824 1
      vertex 45.1198 55.7346 -0.00999928
      vertex 45.1198 55.7346 1
    endloop
  endfacet
  facet normal -0.980757 -0.195233 0
    outer loop
      vertex 45.2292 111.349 -0.00999928
      vertex 45.1016 111.99 1
      vertex 45.1016 111.99 -0.00999928
    endloop
  endfacet
  facet normal -0.980757 -0.195233 0
    outer loop
      vertex 45.1016 111.99 1
      vertex 45.2292 111.349 -0.00999928
      vertex 45.2292 111.349 1
    endloop
  endfacet
  facet normal -0.659165 -0.751998 0
    outer loop
      vertex 43.3158 114.663 -0.00999928
      vertex 43.8075 114.232 1
      vertex 43.3158 114.663 1
    endloop
  endfacet
  facet normal -0.659165 -0.751998 -0
    outer loop
      vertex 43.8075 114.232 1
      vertex 43.3158 114.663 -0.00999928
      vertex 43.8075 114.232 -0.00999928
    endloop
  endfacet
  facet normal -0.831603 -0.55537 0
    outer loop
      vertex 44.6021 113.196 -0.00999928
      vertex 44.2388 113.74 1
      vertex 44.2388 113.74 -0.00999928
    endloop
  endfacet
  facet normal -0.831603 -0.55537 0
    outer loop
      vertex 44.2388 113.74 1
      vertex 44.6021 113.196 -0.00999928
      vertex 44.6021 113.196 1
    endloop
  endfacet
  facet normal -0.89698 -0.442072 0
    outer loop
      vertex 44.8914 112.609 -0.00999928
      vertex 44.6021 113.196 1
      vertex 44.6021 113.196 -0.00999928
    endloop
  endfacet
  facet normal -0.89698 -0.442072 0
    outer loop
      vertex 44.6021 113.196 1
      vertex 44.8914 112.609 -0.00999928
      vertex 44.8914 112.609 1
    endloop
  endfacet
  facet normal 0.752016 -0.659145 0
    outer loop
      vertex 2.03323 113.74 1
      vertex 2.46447 114.232 -0.00999928
      vertex 2.46447 114.232 1
    endloop
  endfacet
  facet normal 0.752016 -0.659145 0
    outer loop
      vertex 2.46447 114.232 -0.00999928
      vertex 2.03323 113.74 1
      vertex 2.03323 113.74 -0.00999928
    endloop
  endfacet
  facet normal -0.441945 -0.897042 0
    outer loop
      vertex 42.1854 115.315 -0.00999928
      vertex 42.772 115.026 1
      vertex 42.1854 115.315 1
    endloop
  endfacet
  facet normal -0.441945 -0.897042 -0
    outer loop
      vertex 42.772 115.026 1
      vertex 42.1854 115.315 -0.00999928
      vertex 42.772 115.026 -0.00999928
    endloop
  endfacet
  facet normal 0.751842 0.659343 0
    outer loop
      vertex 1.58579 55.0858 1
      vertex 1.41329 55.2825 -0.00999928
      vertex 1.41329 55.2825 1
    endloop
  endfacet
  facet normal 0.751842 0.659343 0
    outer loop
      vertex 1.41329 55.2825 -0.00999928
      vertex 1.58579 55.0858 1
      vertex 1.58579 55.0858 -0.00999928
    endloop
  endfacet
  facet normal 0.896845 0.442344 0
    outer loop
      vertex 1.26795 55.5 1
      vertex 1.15224 55.7346 -0.00999928
      vertex 1.15224 55.7346 1
    endloop
  endfacet
  facet normal 0.896845 0.442344 0
    outer loop
      vertex 1.15224 55.7346 -0.00999928
      vertex 1.26795 55.5 1
      vertex 1.26795 55.5 -0.00999928
    endloop
  endfacet
  facet normal 0.83145 0.5556 0
    outer loop
      vertex 1.41329 55.2825 1
      vertex 1.26795 55.5 -0.00999928
      vertex 1.26795 55.5 1
    endloop
  endfacet
  facet normal 0.83145 0.5556 0
    outer loop
      vertex 1.26795 55.5 -0.00999928
      vertex 1.41329 55.2825 1
      vertex 1.41329 55.2825 -0.00999928
    endloop
  endfacet
  facet normal 0.946961 0.321348 0
    outer loop
      vertex 1.15224 55.7346 1
      vertex 1.06815 55.9824 -0.00999928
      vertex 1.06815 55.9824 1
    endloop
  endfacet
  facet normal 0.946961 0.321348 0
    outer loop
      vertex 1.06815 55.9824 -0.00999928
      vertex 1.15224 55.7346 1
      vertex 1.15224 55.7346 -0.00999928
    endloop
  endfacet
  facet normal -0.659343 0.751842 0
    outer loop
      vertex 44.6862 55.0858 -0.00999928
      vertex 44.4895 54.9133 1
      vertex 44.6862 55.0858 1
    endloop
  endfacet
  facet normal -0.659343 0.751842 0
    outer loop
      vertex 44.4895 54.9133 1
      vertex 44.6862 55.0858 -0.00999928
      vertex 44.4895 54.9133 -0.00999928
    endloop
  endfacet
  facet normal -0.195013 0.980801 0
    outer loop
      vertex 43.7896 54.5681 -0.00999928
      vertex 43.5331 54.5171 1
      vertex 43.7896 54.5681 1
    endloop
  endfacet
  facet normal -0.195013 0.980801 0
    outer loop
      vertex 43.5331 54.5171 1
      vertex 43.7896 54.5681 -0.00999928
      vertex 43.5331 54.5171 -0.00999928
    endloop
  endfacet
  facet normal 0.0653646 0.997861 -0
    outer loop
      vertex 3 54.5 -0.00999928
      vertex 2.73895 54.5171 1
      vertex 3 54.5 1
    endloop
  endfacet
  facet normal 0.0653646 0.997861 0
    outer loop
      vertex 2.73895 54.5171 1
      vertex 3 54.5 -0.00999928
      vertex 2.73895 54.5171 -0.00999928
    endloop
  endfacet
  facet normal 0.555723 0.831368 -0
    outer loop
      vertex 2 54.7679 -0.00999928
      vertex 1.78248 54.9133 1
      vertex 2 54.7679 1
    endloop
  endfacet
  facet normal 0.555723 0.831368 0
    outer loop
      vertex 1.78248 54.9133 1
      vertex 2 54.7679 -0.00999928
      vertex 1.78248 54.9133 -0.00999928
    endloop
  endfacet
  facet normal 0.321463 0.946922 -0
    outer loop
      vertex 2.48236 54.5681 -0.00999928
      vertex 2.23463 54.6522 1
      vertex 2.48236 54.5681 1
    endloop
  endfacet
  facet normal 0.321463 0.946922 0
    outer loop
      vertex 2.23463 54.6522 1
      vertex 2.48236 54.5681 -0.00999928
      vertex 2.23463 54.6522 -0.00999928
    endloop
  endfacet
  facet normal 0.659362 0.751826 -0
    outer loop
      vertex 1.78248 54.9133 -0.00999928
      vertex 1.58579 55.0858 1
      vertex 1.78248 54.9133 1
    endloop
  endfacet
  facet normal 0.659362 0.751826 0
    outer loop
      vertex 1.58579 55.0858 1
      vertex 1.78248 54.9133 -0.00999928
      vertex 1.58579 55.0858 -0.00999928
    endloop
  endfacet
  facet normal -0 0 1
    outer loop
      vertex 1 110.696 -0.00999928
      vertex 45.272 56.5 -0.00999928
      vertex 45.272 110.696 -0.00999928
    endloop
  endfacet
  facet normal 0 0 1
    outer loop
      vertex 40.272 115.696 -0.00999928
      vertex 45.272 110.696 -0.00999928
      vertex 45.2292 111.349 -0.00999928
    endloop
  endfacet
  facet normal 0 0 1
    outer loop
      vertex 1 56.5 -0.00999928
      vertex 45.272 56.5 -0.00999928
      vertex 1 110.696 -0.00999928
    endloop
  endfacet
  facet normal 0 -0 1
    outer loop
      vertex 43.272 54.5 -0.00999928
      vertex 45.272 56.5 -0.00999928
      vertex 1 56.5 -0.00999928
    endloop
  endfacet
  facet normal 0 0 1
    outer loop
      vertex 40.272 115.696 -0.00999928
      vertex 45.2292 111.349 -0.00999928
      vertex 45.1016 111.99 -0.00999928
    endloop
  endfacet
  facet normal 0 0 1
    outer loop
      vertex 45.2038 55.9824 -0.00999928
      vertex 43.272 54.5 -0.00999928
      vertex 45.1198 55.7346 -0.00999928
    endloop
  endfacet
  facet normal 0 0 1
    outer loop
      vertex 40.272 115.696 -0.00999928
      vertex 45.1016 111.99 -0.00999928
      vertex 44.8914 112.609 -0.00999928
    endloop
  endfacet
  facet normal 0 0 1
    outer loop
      vertex 45.1198 55.7346 -0.00999928
      vertex 43.272 54.5 -0.00999928
      vertex 45.0041 55.5 -0.00999928
    endloop
  endfacet
  facet normal 0 0 1
    outer loop
      vertex 45.0041 55.5 -0.00999928
      vertex 43.272 54.5 -0.00999928
      vertex 44.8587 55.2825 -0.00999928
    endloop
  endfacet
  facet normal 0 0 1
    outer loop
      vertex 40.272 115.696 -0.00999928
      vertex 44.8914 112.609 -0.00999928
      vertex 44.6021 113.196 -0.00999928
    endloop
  endfacet
  facet normal 0 0 1
    outer loop
      vertex 44.8587 55.2825 -0.00999928
      vertex 43.272 54.5 -0.00999928
      vertex 44.6862 55.0858 -0.00999928
    endloop
  endfacet
  facet normal 0 0 1
    outer loop
      vertex 44.6862 55.0858 -0.00999928
      vertex 43.272 54.5 -0.00999928
      vertex 44.4895 54.9133 -0.00999928
    endloop
  endfacet
  facet normal 0 0 1
    outer loop
      vertex 40.272 115.696 -0.00999928
      vertex 44.6021 113.196 -0.00999928
      vertex 44.2388 113.74 -0.00999928
    endloop
  endfacet
  facet normal 0 0 1
    outer loop
      vertex 44.4895 54.9133 -0.00999928
      vertex 43.272 54.5 -0.00999928
      vertex 44.272 54.7679 -0.00999928
    endloop
  endfacet
  facet normal 0 0 1
    outer loop
      vertex 40.272 115.696 -0.00999928
      vertex 44.2388 113.74 -0.00999928
      vertex 43.8075 114.232 -0.00999928
    endloop
  endfacet
  facet normal 0 0 1
    outer loop
      vertex 44.272 54.7679 -0.00999928
      vertex 43.272 54.5 -0.00999928
      vertex 44.0374 54.6522 -0.00999928
    endloop
  endfacet
  facet normal 0 0 1
    outer loop
      vertex 44.0374 54.6522 -0.00999928
      vertex 43.272 54.5 -0.00999928
      vertex 43.7896 54.5681 -0.00999928
    endloop
  endfacet
  facet normal 0 0 1
    outer loop
      vertex 40.272 115.696 -0.00999928
      vertex 43.8075 114.232 -0.00999928
      vertex 43.3158 114.663 -0.00999928
    endloop
  endfacet
  facet normal 0 0 1
    outer loop
      vertex 43.7896 54.5681 -0.00999928
      vertex 43.272 54.5 -0.00999928
      vertex 43.5331 54.5171 -0.00999928
    endloop
  endfacet
  facet normal 0 0 1
    outer loop
      vertex 40.272 115.696 -0.00999928
      vertex 43.3158 114.663 -0.00999928
      vertex 42.772 115.026 -0.00999928
    endloop
  endfacet
  facet normal 0 0 1
    outer loop
      vertex 40.272 115.696 -0.00999928
      vertex 42.772 115.026 -0.00999928
      vertex 42.1854 115.315 -0.00999928
    endloop
  endfacet
  facet normal 0 0 1
    outer loop
      vertex 40.272 115.696 -0.00999928
      vertex 42.1854 115.315 -0.00999928
      vertex 41.5661 115.526 -0.00999928
    endloop
  endfacet
  facet normal 0 0 1
    outer loop
      vertex 40.272 115.696 -0.00999928
      vertex 41.5661 115.526 -0.00999928
      vertex 40.9246 115.653 -0.00999928
    endloop
  endfacet
  facet normal 0 0 1
    outer loop
      vertex 45.272 110.696 -0.00999928
      vertex 40.272 115.696 -0.00999928
      vertex 1 110.696 -0.00999928
    endloop
  endfacet
  facet normal 0 0 1
    outer loop
      vertex 1 110.696 -0.00999928
      vertex 40.272 115.696 -0.00999928
      vertex 6 115.696 -0.00999928
    endloop
  endfacet
  facet normal 0 0 1
    outer loop
      vertex 1 110.696 -0.00999928
      vertex 6 115.696 -0.00999928
      vertex 5.34737 115.653 -0.00999928
    endloop
  endfacet
  facet normal 0 0 1
    outer loop
      vertex 1 110.696 -0.00999928
      vertex 5.34737 115.653 -0.00999928
      vertex 4.7059 115.526 -0.00999928
    endloop
  endfacet
  facet normal 0 0 1
    outer loop
      vertex 1 110.696 -0.00999928
      vertex 4.7059 115.526 -0.00999928
      vertex 4.08658 115.315 -0.00999928
    endloop
  endfacet
  facet normal 0 0 1
    outer loop
      vertex 1 110.696 -0.00999928
      vertex 4.08658 115.315 -0.00999928
      vertex 3.5 115.026 -0.00999928
    endloop
  endfacet
  facet normal 0 0 1
    outer loop
      vertex 45.272 56.5 -0.00999928
      vertex 43.272 54.5 -0.00999928
      vertex 45.2549 56.2389 -0.00999928
    endloop
  endfacet
  facet normal 0 0 1
    outer loop
      vertex 1 110.696 -0.00999928
      vertex 3.5 115.026 -0.00999928
      vertex 2.95619 114.663 -0.00999928
    endloop
  endfacet
  facet normal 0 0 1
    outer loop
      vertex 45.2549 56.2389 -0.00999928
      vertex 43.272 54.5 -0.00999928
      vertex 45.2038 55.9824 -0.00999928
    endloop
  endfacet
  facet normal 0 0 1
    outer loop
      vertex 43.272 54.5 -0.00999928
      vertex 1 56.5 -0.00999928
      vertex 3 54.5 -0.00999928
    endloop
  endfacet
  facet normal 0 0 1
    outer loop
      vertex 1 110.696 -0.00999928
      vertex 2.95619 114.663 -0.00999928
      vertex 2.46447 114.232 -0.00999928
    endloop
  endfacet
  facet normal 0 0 1
    outer loop
      vertex 3 54.5 -0.00999928
      vertex 1 56.5 -0.00999928
      vertex 2.73895 54.5171 -0.00999928
    endloop
  endfacet
  facet normal 0 0 1
    outer loop
      vertex 1 110.696 -0.00999928
      vertex 2.46447 114.232 -0.00999928
      vertex 2.03323 113.74 -0.00999928
    endloop
  endfacet
  facet normal 0 0 1
    outer loop
      vertex 2.73895 54.5171 -0.00999928
      vertex 1 56.5 -0.00999928
      vertex 2.48236 54.5681 -0.00999928
    endloop
  endfacet
  facet normal 0 0 1
    outer loop
      vertex 2.48236 54.5681 -0.00999928
      vertex 1 56.5 -0.00999928
      vertex 2.23463 54.6522 -0.00999928
    endloop
  endfacet
  facet normal 0 0 1
    outer loop
      vertex 1 110.696 -0.00999928
      vertex 2.03323 113.74 -0.00999928
      vertex 1.66987 113.196 -0.00999928
    endloop
  endfacet
  facet normal 0 0 1
    outer loop
      vertex 2.23463 54.6522 -0.00999928
      vertex 1 56.5 -0.00999928
      vertex 2 54.7679 -0.00999928
    endloop
  endfacet
  facet normal 0 0 1
    outer loop
      vertex 2 54.7679 -0.00999928
      vertex 1 56.5 -0.00999928
      vertex 1.78248 54.9133 -0.00999928
    endloop
  endfacet
  facet normal 0 0 1
    outer loop
      vertex 1 110.696 -0.00999928
      vertex 1.66987 113.196 -0.00999928
      vertex 1.3806 112.609 -0.00999928
    endloop
  endfacet
  facet normal 0 0 1
    outer loop
      vertex 1.78248 54.9133 -0.00999928
      vertex 1 56.5 -0.00999928
      vertex 1.58579 55.0858 -0.00999928
    endloop
  endfacet
  facet normal 0 0 1
    outer loop
      vertex 1 110.696 -0.00999928
      vertex 1.3806 112.609 -0.00999928
      vertex 1.17037 111.99 -0.00999928
    endloop
  endfacet
  facet normal 0 0 1
    outer loop
      vertex 1.58579 55.0858 -0.00999928
      vertex 1 56.5 -0.00999928
      vertex 1.41329 55.2825 -0.00999928
    endloop
  endfacet
  facet normal 0 0 1
    outer loop
      vertex 1.41329 55.2825 -0.00999928
      vertex 1 56.5 -0.00999928
      vertex 1.26795 55.5 -0.00999928
    endloop
  endfacet
  facet normal 0 0 1
    outer loop
      vertex 1 110.696 -0.00999928
      vertex 1.17037 111.99 -0.00999928
      vertex 1.04278 111.349 -0.00999928
    endloop
  endfacet
  facet normal 0 0 1
    outer loop
      vertex 1.26795 55.5 -0.00999928
      vertex 1 56.5 -0.00999928
      vertex 1.15224 55.7346 -0.00999928
    endloop
  endfacet
  facet normal 0 0 1
    outer loop
      vertex 1.15224 55.7346 -0.00999928
      vertex 1 56.5 -0.00999928
      vertex 1.06815 55.9824 -0.00999928
    endloop
  endfacet
  facet normal 0 0 1
    outer loop
      vertex 1.06815 55.9824 -0.00999928
      vertex 1 56.5 -0.00999928
      vertex 1.01711 56.2389 -0.00999928
    endloop
  endfacet
  facet normal 0.980771 0.19516 0
    outer loop
      vertex 1.06815 55.9824 1
      vertex 1.01711 56.2389 -0.00999928
      vertex 1.01711 56.2389 1
    endloop
  endfacet
  facet normal 0.980771 0.19516 0
    outer loop
      vertex 1.01711 56.2389 -0.00999928
      vertex 1.06815 55.9824 1
      vertex 1.06815 55.9824 -0.00999928
    endloop
  endfacet
  facet normal 0.442268 0.896883 -0
    outer loop
      vertex 2.23463 54.6522 -0.00999928
      vertex 2 54.7679 1
      vertex 2.23463 54.6522 1
    endloop
  endfacet
  facet normal 0.442268 0.896883 0
    outer loop
      vertex 2 54.7679 1
      vertex 2.23463 54.6522 -0.00999928
      vertex 2 54.7679 -0.00999928
    endloop
  endfacet
  facet normal 0.195072 0.980789 -0
    outer loop
      vertex 4.89442 4.77567 -0.00999928
      vertex 4.50954 4.85222 1
      vertex 4.89442 4.77567 1
    endloop
  endfacet
  facet normal 0.195072 0.980789 0
    outer loop
      vertex 4.50954 4.85222 1
      vertex 4.89442 4.77567 -0.00999928
      vertex 4.50954 4.85222 -0.00999928
    endloop
  endfacet
  facet normal -0.751724 -0.659478 0
    outer loop
      vertex 43.3661 52.1263 -0.00999928
      vertex 43.1073 52.4213 1
      vertex 43.1073 52.4213 -0.00999928
    endloop
  endfacet
  facet normal -0.751724 -0.659478 0
    outer loop
      vertex 43.1073 52.4213 1
      vertex 43.3661 52.1263 -0.00999928
      vertex 43.3661 52.1263 1
    endloop
  endfacet
  facet normal -0.896911 -0.442211 0
    outer loop
      vertex 43.7576 51.4481 -0.00999928
      vertex 43.5841 51.8 1
      vertex 43.5841 51.8 -0.00999928
    endloop
  endfacet
  facet normal -0.896911 -0.442211 0
    outer loop
      vertex 43.5841 51.8 1
      vertex 43.7576 51.4481 -0.00999928
      vertex 43.7576 51.4481 1
    endloop
  endfacet
  facet normal 0 -1 0
    outer loop
      vertex 5.286 53.3 -0.00999928
      vertex 40.986 53.3 1
      vertex 5.286 53.3 1
    endloop
  endfacet
  facet normal 0 -1 -0
    outer loop
      vertex 40.986 53.3 1
      vertex 5.286 53.3 -0.00999928
      vertex 40.986 53.3 -0.00999928
    endloop
  endfacet
  facet normal 0.831477 -0.555558 0
    outer loop
      vertex 2.68792 51.8 1
      vertex 2.90594 52.1263 -0.00999928
      vertex 2.90594 52.1263 1
    endloop
  endfacet
  facet normal 0.831477 -0.555558 0
    outer loop
      vertex 2.90594 52.1263 -0.00999928
      vertex 2.68792 51.8 1
      vertex 2.68792 51.8 -0.00999928
    endloop
  endfacet
  facet normal 1 -0 0
    outer loop
      vertex 2.286 7.75 1
      vertex 2.286 50.3 -0.00999928
      vertex 2.286 50.3 1
    endloop
  endfacet
  facet normal 1 0 0
    outer loop
      vertex 2.286 50.3 -0.00999928
      vertex 2.286 7.75 1
      vertex 2.286 7.75 -0.00999928
    endloop
  endfacet
  facet normal 0 1 -0
    outer loop
      vertex 40.986 4.75 -0.00999928
      vertex 5.286 4.75 1
      vertex 40.986 4.75 1
    endloop
  endfacet
  facet normal 0 1 0
    outer loop
      vertex 5.286 4.75 1
      vertex 40.986 4.75 -0.00999928
      vertex 5.286 4.75 -0.00999928
    endloop
  endfacet
  facet normal -0.321514 0.946905 0
    outer loop
      vertex 42.134 4.97836 -0.00999928
      vertex 41.7625 4.85222 1
      vertex 42.134 4.97836 1
    endloop
  endfacet
  facet normal -0.321514 0.946905 0
    outer loop
      vertex 41.7625 4.85222 1
      vertex 42.134 4.97836 -0.00999928
      vertex 41.7625 4.85222 -0.00999928
    endloop
  endfacet
  facet normal -0.997853 -0.0654873 0
    outer loop
      vertex 43.986 50.3 -0.00999928
      vertex 43.9603 50.6916 1
      vertex 43.9603 50.6916 -0.00999928
    endloop
  endfacet
  facet normal -0.997853 -0.0654873 0
    outer loop
      vertex 43.9603 50.6916 1
      vertex 43.986 50.3 -0.00999928
      vertex 43.986 50.3 1
    endloop
  endfacet
  facet normal -0.831501 -0.555523 0
    outer loop
      vertex 43.5841 51.8 -0.00999928
      vertex 43.3661 52.1263 1
      vertex 43.3661 52.1263 -0.00999928
    endloop
  endfacet
  facet normal -0.831501 -0.555523 0
    outer loop
      vertex 43.3661 52.1263 1
      vertex 43.5841 51.8 -0.00999928
      vertex 43.5841 51.8 1
    endloop
  endfacet
  facet normal -0.980815 -0.19494 0
    outer loop
      vertex 43.9603 50.6916 -0.00999928
      vertex 43.8838 51.0765 1
      vertex 43.8838 51.0765 -0.00999928
    endloop
  endfacet
  facet normal -0.980815 -0.19494 0
    outer loop
      vertex 43.8838 51.0765 1
      vertex 43.9603 50.6916 -0.00999928
      vertex 43.9603 50.6916 1
    endloop
  endfacet
  facet normal -0.555523 -0.831501 0
    outer loop
      vertex 42.486 52.8981 -0.00999928
      vertex 42.8123 52.6801 1
      vertex 42.486 52.8981 1
    endloop
  endfacet
  facet normal -0.555523 -0.831501 -0
    outer loop
      vertex 42.8123 52.6801 1
      vertex 42.486 52.8981 -0.00999928
      vertex 42.8123 52.6801 -0.00999928
    endloop
  endfacet
  facet normal 0.555535 -0.831493 0
    outer loop
      vertex 3.45971 52.6801 -0.00999928
      vertex 3.786 52.8981 1
      vertex 3.45971 52.6801 1
    endloop
  endfacet
  facet normal 0.555535 -0.831493 0
    outer loop
      vertex 3.786 52.8981 1
      vertex 3.45971 52.6801 -0.00999928
      vertex 3.786 52.8981 -0.00999928
    endloop
  endfacet
  facet normal -0.0654873 -0.997853 0
    outer loop
      vertex 40.986 53.3 -0.00999928
      vertex 41.3776 53.2743 1
      vertex 40.986 53.3 1
    endloop
  endfacet
  facet normal -0.0654873 -0.997853 -0
    outer loop
      vertex 41.3776 53.2743 1
      vertex 40.986 53.3 -0.00999928
      vertex 41.3776 53.2743 -0.00999928
    endloop
  endfacet
  facet normal 0.442283 0.896875 -0
    outer loop
      vertex 4.13795 4.97836 -0.00999928
      vertex 3.786 5.15192 1
      vertex 4.13795 4.97836 1
    endloop
  endfacet
  facet normal 0.442283 0.896875 0
    outer loop
      vertex 3.786 5.15192 1
      vertex 4.13795 4.97836 -0.00999928
      vertex 3.786 5.15192 -0.00999928
    endloop
  endfacet
  facet normal 0.55557 0.83147 -0
    outer loop
      vertex 3.786 5.15192 -0.00999928
      vertex 3.45971 5.36994 1
      vertex 3.786 5.15192 1
    endloop
  endfacet
  facet normal 0.55557 0.83147 0
    outer loop
      vertex 3.45971 5.36994 1
      vertex 3.786 5.15192 -0.00999928
      vertex 3.45971 5.36994 -0.00999928
    endloop
  endfacet
  facet normal 0.751844 0.659341 0
    outer loop
      vertex 3.16468 5.62868 1
      vertex 2.90594 5.92372 -0.00999928
      vertex 2.90594 5.92372 1
    endloop
  endfacet
  facet normal 0.751844 0.659341 0
    outer loop
      vertex 2.90594 5.92372 -0.00999928
      vertex 3.16468 5.62868 1
      vertex 3.16468 5.62868 -0.00999928
    endloop
  endfacet
  facet normal 0.831462 0.555582 0
    outer loop
      vertex 2.90594 5.92372 1
      vertex 2.68792 6.25 -0.00999928
      vertex 2.68792 6.25 1
    endloop
  endfacet
  facet normal 0.831462 0.555582 0
    outer loop
      vertex 2.68792 6.25 -0.00999928
      vertex 2.90594 5.92372 1
      vertex 2.90594 5.92372 -0.00999928
    endloop
  endfacet
  facet normal -1 0 0
    outer loop
      vertex 43.986 7.75 -0.00999928
      vertex 43.986 50.3 1
      vertex 43.986 50.3 -0.00999928
    endloop
  endfacet
  facet normal -1 -0 0
    outer loop
      vertex 43.986 50.3 1
      vertex 43.986 7.75 -0.00999928
      vertex 43.986 7.75 1
    endloop
  endfacet
  facet normal -0.659478 -0.751724 0
    outer loop
      vertex 42.8123 52.6801 -0.00999928
      vertex 43.1073 52.4213 1
      vertex 42.8123 52.6801 1
    endloop
  endfacet
  facet normal -0.659478 -0.751724 -0
    outer loop
      vertex 43.1073 52.4213 1
      vertex 42.8123 52.6801 -0.00999928
      vertex 43.1073 52.4213 -0.00999928
    endloop
  endfacet
  facet normal 0.321582 -0.946882 0
    outer loop
      vertex 4.13795 53.0716 -0.00999928
      vertex 4.50954 53.1978 1
      vertex 4.13795 53.0716 1
    endloop
  endfacet
  facet normal 0.321582 -0.946882 0
    outer loop
      vertex 4.50954 53.1978 1
      vertex 4.13795 53.0716 -0.00999928
      vertex 4.50954 53.1978 -0.00999928
    endloop
  endfacet
  facet normal 0.0654906 -0.997853 0
    outer loop
      vertex 4.89442 53.2743 -0.00999928
      vertex 5.286 53.3 1
      vertex 4.89442 53.2743 1
    endloop
  endfacet
  facet normal 0.0654906 -0.997853 0
    outer loop
      vertex 5.286 53.3 1
      vertex 4.89442 53.2743 -0.00999928
      vertex 5.286 53.3 -0.00999928
    endloop
  endfacet
  facet normal 0.321444 0.946928 -0
    outer loop
      vertex 4.50954 4.85222 -0.00999928
      vertex 4.13795 4.97836 1
      vertex 4.50954 4.85222 1
    endloop
  endfacet
  facet normal 0.321444 0.946928 0
    outer loop
      vertex 4.13795 4.97836 1
      vertex 4.50954 4.85222 -0.00999928
      vertex 4.13795 4.97836 -0.00999928
    endloop
  endfacet
  facet normal 0.659354 0.751833 -0
    outer loop
      vertex 3.45971 5.36994 -0.00999928
      vertex 3.16468 5.62868 1
      vertex 3.45971 5.36994 1
    endloop
  endfacet
  facet normal 0.659354 0.751833 0
    outer loop
      vertex 3.16468 5.62868 1
      vertex 3.45971 5.36994 -0.00999928
      vertex 3.16468 5.62868 -0.00999928
    endloop
  endfacet
  facet normal 0.99786 0.0653892 0
    outer loop
      vertex 2.31166 7.35842 1
      vertex 2.286 7.75 -0.00999928
      vertex 2.286 7.75 1
    endloop
  endfacet
  facet normal 0.99786 0.0653892 0
    outer loop
      vertex 2.286 7.75 -0.00999928
      vertex 2.31166 7.35842 1
      vertex 2.31166 7.35842 -0.00999928
    endloop
  endfacet
  facet normal 0 0 1
    outer loop
      vertex 40.986 53.3 -0.00999928
      vertex 43.986 50.3 -0.00999928
      vertex 43.9603 50.6916 -0.00999928
    endloop
  endfacet
  facet normal 0 0 1
    outer loop
      vertex 43.986 50.3 -0.00999928
      vertex 2.286 50.3 -0.00999928
      vertex 43.986 7.75 -0.00999928
    endloop
  endfacet
  facet normal 0 0 1
    outer loop
      vertex 40.986 53.3 -0.00999928
      vertex 43.9603 50.6916 -0.00999928
      vertex 43.8838 51.0765 -0.00999928
    endloop
  endfacet
  facet normal 0 0 1
    outer loop
      vertex 43.986 50.3 -0.00999928
      vertex 40.986 53.3 -0.00999928
      vertex 2.286 50.3 -0.00999928
    endloop
  endfacet
  facet normal 0 0 1
    outer loop
      vertex 40.986 53.3 -0.00999928
      vertex 43.8838 51.0765 -0.00999928
      vertex 43.7576 51.4481 -0.00999928
    endloop
  endfacet
  facet normal 0 0 1
    outer loop
      vertex 2.286 7.75 -0.00999928
      vertex 43.986 7.75 -0.00999928
      vertex 2.286 50.3 -0.00999928
    endloop
  endfacet
  facet normal 0 0 1
    outer loop
      vertex 40.986 53.3 -0.00999928
      vertex 43.7576 51.4481 -0.00999928
      vertex 43.5841 51.8 -0.00999928
    endloop
  endfacet
  facet normal 0 0 1
    outer loop
      vertex 43.9603 7.35842 -0.00999928
      vertex 40.986 4.75 -0.00999928
      vertex 43.8838 6.97354 -0.00999928
    endloop
  endfacet
  facet normal 0 0 1
    outer loop
      vertex 40.986 53.3 -0.00999928
      vertex 43.5841 51.8 -0.00999928
      vertex 43.3661 52.1263 -0.00999928
    endloop
  endfacet
  facet normal 0 0 1
    outer loop
      vertex 43.8838 6.97354 -0.00999928
      vertex 40.986 4.75 -0.00999928
      vertex 43.7576 6.60195 -0.00999928
    endloop
  endfacet
  facet normal 0 0 1
    outer loop
      vertex 40.986 53.3 -0.00999928
      vertex 43.3661 52.1263 -0.00999928
      vertex 43.1073 52.4213 -0.00999928
    endloop
  endfacet
  facet normal 0 0 1
    outer loop
      vertex 43.7576 6.60195 -0.00999928
      vertex 40.986 4.75 -0.00999928
      vertex 43.5841 6.25 -0.00999928
    endloop
  endfacet
  facet normal 0 0 1
    outer loop
      vertex 40.986 53.3 -0.00999928
      vertex 43.1073 52.4213 -0.00999928
      vertex 42.8123 52.6801 -0.00999928
    endloop
  endfacet
  facet normal 0 0 1
    outer loop
      vertex 43.5841 6.25 -0.00999928
      vertex 40.986 4.75 -0.00999928
      vertex 43.3661 5.92372 -0.00999928
    endloop
  endfacet
  facet normal 0 0 1
    outer loop
      vertex 40.986 53.3 -0.00999928
      vertex 42.8123 52.6801 -0.00999928
      vertex 42.486 52.8981 -0.00999928
    endloop
  endfacet
  facet normal 0 0 1
    outer loop
      vertex 43.3661 5.92372 -0.00999928
      vertex 40.986 4.75 -0.00999928
      vertex 43.1073 5.62868 -0.00999928
    endloop
  endfacet
  facet normal 0 0 1
    outer loop
      vertex 40.986 53.3 -0.00999928
      vertex 42.486 52.8981 -0.00999928
      vertex 42.134 53.0716 -0.00999928
    endloop
  endfacet
  facet normal 0 0 1
    outer loop
      vertex 43.1073 5.62868 -0.00999928
      vertex 40.986 4.75 -0.00999928
      vertex 42.8123 5.36994 -0.00999928
    endloop
  endfacet
  facet normal 0 0 1
    outer loop
      vertex 40.986 53.3 -0.00999928
      vertex 42.134 53.0716 -0.00999928
      vertex 41.7625 53.1978 -0.00999928
    endloop
  endfacet
  facet normal 0 0 1
    outer loop
      vertex 42.8123 5.36994 -0.00999928
      vertex 40.986 4.75 -0.00999928
      vertex 42.486 5.15192 -0.00999928
    endloop
  endfacet
  facet normal 0 0 1
    outer loop
      vertex 40.986 53.3 -0.00999928
      vertex 41.7625 53.1978 -0.00999928
      vertex 41.3776 53.2743 -0.00999928
    endloop
  endfacet
  facet normal 0 0 1
    outer loop
      vertex 42.486 5.15192 -0.00999928
      vertex 40.986 4.75 -0.00999928
      vertex 42.134 4.97836 -0.00999928
    endloop
  endfacet
  facet normal 0 0 1
    outer loop
      vertex 42.134 4.97836 -0.00999928
      vertex 40.986 4.75 -0.00999928
      vertex 41.7625 4.85222 -0.00999928
    endloop
  endfacet
  facet normal 0 0 1
    outer loop
      vertex 41.7625 4.85222 -0.00999928
      vertex 40.986 4.75 -0.00999928
      vertex 41.3776 4.77567 -0.00999928
    endloop
  endfacet
  facet normal 0 0 1
    outer loop
      vertex 2.286 50.3 -0.00999928
      vertex 40.986 53.3 -0.00999928
      vertex 5.286 53.3 -0.00999928
    endloop
  endfacet
  facet normal 0 -0 1
    outer loop
      vertex 40.986 4.75 -0.00999928
      vertex 43.986 7.75 -0.00999928
      vertex 2.286 7.75 -0.00999928
    endloop
  endfacet
  facet normal 0 0 1
    outer loop
      vertex 2.286 50.3 -0.00999928
      vertex 5.286 53.3 -0.00999928
      vertex 4.89442 53.2743 -0.00999928
    endloop
  endfacet
  facet normal 0 0 1
    outer loop
      vertex 43.986 7.75 -0.00999928
      vertex 40.986 4.75 -0.00999928
      vertex 43.9603 7.35842 -0.00999928
    endloop
  endfacet
  facet normal 0 0 1
    outer loop
      vertex 2.286 50.3 -0.00999928
      vertex 4.89442 53.2743 -0.00999928
      vertex 4.50954 53.1978 -0.00999928
    endloop
  endfacet
  facet normal 0 0 1
    outer loop
      vertex 40.986 4.75 -0.00999928
      vertex 2.286 7.75 -0.00999928
      vertex 5.286 4.75 -0.00999928
    endloop
  endfacet
  facet normal 0 0 1
    outer loop
      vertex 2.286 50.3 -0.00999928
      vertex 4.50954 53.1978 -0.00999928
      vertex 4.13795 53.0716 -0.00999928
    endloop
  endfacet
  facet normal 0 0 1
    outer loop
      vertex 5.286 4.75 -0.00999928
      vertex 2.286 7.75 -0.00999928
      vertex 4.89442 4.77567 -0.00999928
    endloop
  endfacet
  facet normal 0 0 1
    outer loop
      vertex 2.286 50.3 -0.00999928
      vertex 4.13795 53.0716 -0.00999928
      vertex 3.786 52.8981 -0.00999928
    endloop
  endfacet
  facet normal 0 0 1
    outer loop
      vertex 4.89442 4.77567 -0.00999928
      vertex 2.286 7.75 -0.00999928
      vertex 4.50954 4.85222 -0.00999928
    endloop
  endfacet
  facet normal 0 0 1
    outer loop
      vertex 2.286 50.3 -0.00999928
      vertex 3.786 52.8981 -0.00999928
      vertex 3.45971 52.6801 -0.00999928
    endloop
  endfacet
  facet normal 0 0 1
    outer loop
      vertex 4.50954 4.85222 -0.00999928
      vertex 2.286 7.75 -0.00999928
      vertex 4.13795 4.97836 -0.00999928
    endloop
  endfacet
  facet normal 0 0 1
    outer loop
      vertex 2.286 50.3 -0.00999928
      vertex 3.45971 52.6801 -0.00999928
      vertex 3.16468 52.4213 -0.00999928
    endloop
  endfacet
  facet normal 0 0 1
    outer loop
      vertex 4.13795 4.97836 -0.00999928
      vertex 2.286 7.75 -0.00999928
      vertex 3.786 5.15192 -0.00999928
    endloop
  endfacet
  facet normal 0 0 1
    outer loop
      vertex 2.286 50.3 -0.00999928
      vertex 3.16468 52.4213 -0.00999928
      vertex 2.90594 52.1263 -0.00999928
    endloop
  endfacet
  facet normal 0 0 1
    outer loop
      vertex 3.786 5.15192 -0.00999928
      vertex 2.286 7.75 -0.00999928
      vertex 3.45971 5.36994 -0.00999928
    endloop
  endfacet
  facet normal 0 0 1
    outer loop
      vertex 2.286 50.3 -0.00999928
      vertex 2.90594 52.1263 -0.00999928
      vertex 2.68792 51.8 -0.00999928
    endloop
  endfacet
  facet normal 0 0 1
    outer loop
      vertex 3.45971 5.36994 -0.00999928
      vertex 2.286 7.75 -0.00999928
      vertex 3.16468 5.62868 -0.00999928
    endloop
  endfacet
  facet normal 0 0 1
    outer loop
      vertex 2.286 50.3 -0.00999928
      vertex 2.68792 51.8 -0.00999928
      vertex 2.51436 51.4481 -0.00999928
    endloop
  endfacet
  facet normal 0 0 1
    outer loop
      vertex 3.16468 5.62868 -0.00999928
      vertex 2.286 7.75 -0.00999928
      vertex 2.90594 5.92372 -0.00999928
    endloop
  endfacet
  facet normal 0 0 1
    outer loop
      vertex 2.286 50.3 -0.00999928
      vertex 2.51436 51.4481 -0.00999928
      vertex 2.38822 51.0765 -0.00999928
    endloop
  endfacet
  facet normal 0 0 1
    outer loop
      vertex 2.90594 5.92372 -0.00999928
      vertex 2.286 7.75 -0.00999928
      vertex 2.68792 6.25 -0.00999928
    endloop
  endfacet
  facet normal 0 0 1
    outer loop
      vertex 2.286 50.3 -0.00999928
      vertex 2.38822 51.0765 -0.00999928
      vertex 2.31166 50.6916 -0.00999928
    endloop
  endfacet
  facet normal 0 0 1
    outer loop
      vertex 2.68792 6.25 -0.00999928
      vertex 2.286 7.75 -0.00999928
      vertex 2.51436 6.60195 -0.00999928
    endloop
  endfacet
  facet normal 0 0 1
    outer loop
      vertex 2.51436 6.60195 -0.00999928
      vertex 2.286 7.75 -0.00999928
      vertex 2.38822 6.97354 -0.00999928
    endloop
  endfacet
  facet normal 0 0 1
    outer loop
      vertex 2.38822 6.97354 -0.00999928
      vertex 2.286 7.75 -0.00999928
      vertex 2.31166 7.35842 -0.00999928
    endloop
  endfacet
  facet normal 0.751799 -0.659392 0
    outer loop
      vertex 2.90594 52.1263 1
      vertex 3.16468 52.4213 -0.00999928
      vertex 3.16468 52.4213 1
    endloop
  endfacet
  facet normal 0.751799 -0.659392 0
    outer loop
      vertex 3.16468 52.4213 -0.00999928
      vertex 2.90594 52.1263 1
      vertex 2.90594 52.1263 -0.00999928
    endloop
  endfacet
  facet normal 0.89685 -0.442334 0
    outer loop
      vertex 2.51436 51.4481 1
      vertex 2.68792 51.8 -0.00999928
      vertex 2.68792 51.8 1
    endloop
  endfacet
  facet normal 0.89685 -0.442334 0
    outer loop
      vertex 2.68792 51.8 -0.00999928
      vertex 2.51436 51.4481 1
      vertex 2.51436 51.4481 -0.00999928
    endloop
  endfacet
  facet normal 0.99786 -0.0653858 0
    outer loop
      vertex 2.286 50.3 1
      vertex 2.31166 50.6916 -0.00999928
      vertex 2.31166 50.6916 1
    endloop
  endfacet
  facet normal 0.99786 -0.0653858 0
    outer loop
      vertex 2.31166 50.6916 -0.00999928
      vertex 2.286 50.3 1
      vertex 2.286 50.3 -0.00999928
    endloop
  endfacet
  facet normal 0.0654145 0.997858 -0
    outer loop
      vertex 5.286 4.75 -0.00999928
      vertex 4.89442 4.77567 1
      vertex 5.286 4.75 1
    endloop
  endfacet
  facet normal 0.0654145 0.997858 0
    outer loop
      vertex 4.89442 4.77567 1
      vertex 5.286 4.75 -0.00999928
      vertex 4.89442 4.77567 -0.00999928
    endloop
  endfacet
  facet normal -0.659392 0.751799 0
    outer loop
      vertex 43.1073 5.62868 -0.00999928
      vertex 42.8123 5.36994 1
      vertex 43.1073 5.62868 1
    endloop
  endfacet
  facet normal -0.659392 0.751799 0
    outer loop
      vertex 42.8123 5.36994 1
      vertex 43.1073 5.62868 -0.00999928
      vertex 42.8123 5.36994 -0.00999928
    endloop
  endfacet
  facet normal -0.980813 0.19495 0
    outer loop
      vertex 43.8838 6.97354 -0.00999928
      vertex 43.9603 7.35842 1
      vertex 43.9603 7.35842 -0.00999928
    endloop
  endfacet
  facet normal -0.980813 0.19495 0
    outer loop
      vertex 43.9603 7.35842 1
      vertex 43.8838 6.97354 -0.00999928
      vertex 43.8838 6.97354 1
    endloop
  endfacet
  facet normal -0.0654112 0.997858 0
    outer loop
      vertex 41.3776 4.77567 -0.00999928
      vertex 40.986 4.75 1
      vertex 41.3776 4.77567 1
    endloop
  endfacet
  facet normal -0.0654112 0.997858 0
    outer loop
      vertex 40.986 4.75 1
      vertex 41.3776 4.77567 -0.00999928
      vertex 40.986 4.75 -0.00999928
    endloop
  endfacet
  facet normal -0.997853 0.0654906 0
    outer loop
      vertex 43.9603 7.35842 -0.00999928
      vertex 43.986 7.75 1
      vertex 43.986 7.75 -0.00999928
    endloop
  endfacet
  facet normal -0.997853 0.0654906 0
    outer loop
      vertex 43.986 7.75 1
      vertex 43.9603 7.35842 -0.00999928
      vertex 43.9603 7.35842 1
    endloop
  endfacet
  facet normal -0.946885 -0.321574 0
    outer loop
      vertex 43.8838 51.0765 -0.00999928
      vertex 43.7576 51.4481 1
      vertex 43.7576 51.4481 -0.00999928
    endloop
  endfacet
  facet normal -0.946885 -0.321574 0
    outer loop
      vertex 43.7576 51.4481 1
      vertex 43.8838 51.0765 -0.00999928
      vertex 43.8838 51.0765 1
    endloop
  endfacet
  facet normal 0.65944 -0.751757 0
    outer loop
      vertex 3.16468 52.4213 -0.00999928
      vertex 3.45971 52.6801 1
      vertex 3.16468 52.4213 1
    endloop
  endfacet
  facet normal 0.65944 -0.751757 0
    outer loop
      vertex 3.45971 52.6801 1
      vertex 3.16468 52.4213 -0.00999928
      vertex 3.45971 52.6801 -0.00999928
    endloop
  endfacet
  facet normal 0.44216 -0.896936 0
    outer loop
      vertex 3.786 52.8981 -0.00999928
      vertex 4.13795 53.0716 1
      vertex 3.786 52.8981 1
    endloop
  endfacet
  facet normal 0.44216 -0.896936 0
    outer loop
      vertex 4.13795 53.0716 1
      vertex 3.786 52.8981 -0.00999928
      vertex 4.13795 53.0716 -0.00999928
    endloop
  endfacet
  facet normal 0.19495 -0.980813 0
    outer loop
      vertex 4.50954 53.1978 -0.00999928
      vertex 4.89442 53.2743 1
      vertex 4.50954 53.1978 1
    endloop
  endfacet
  facet normal 0.19495 -0.980813 0
    outer loop
      vertex 4.89442 53.2743 1
      vertex 4.50954 53.1978 -0.00999928
      vertex 4.89442 53.2743 -0.00999928
    endloop
  endfacet
  facet normal -0.321651 -0.946858 0
    outer loop
      vertex 41.7625 53.1978 -0.00999928
      vertex 42.134 53.0716 1
      vertex 41.7625 53.1978 1
    endloop
  endfacet
  facet normal -0.321651 -0.946858 -0
    outer loop
      vertex 42.134 53.0716 1
      vertex 41.7625 53.1978 -0.00999928
      vertex 42.134 53.0716 -0.00999928
    endloop
  endfacet
  facet normal 0.946928 0.321444 0
    outer loop
      vertex 2.51436 6.60195 1
      vertex 2.38822 6.97354 -0.00999928
      vertex 2.38822 6.97354 1
    endloop
  endfacet
  facet normal 0.946928 0.321444 0
    outer loop
      vertex 2.38822 6.97354 -0.00999928
      vertex 2.51436 6.60195 1
      vertex 2.51436 6.60195 -0.00999928
    endloop
  endfacet
  facet normal 0.980784 0.195097 0
    outer loop
      vertex 2.38822 6.97354 1
      vertex 2.31166 7.35842 -0.00999928
      vertex 2.31166 7.35842 1
    endloop
  endfacet
  facet normal 0.980784 0.195097 0
    outer loop
      vertex 2.31166 7.35842 -0.00999928
      vertex 2.38822 6.97354 1
      vertex 2.38822 6.97354 -0.00999928
    endloop
  endfacet
  facet normal 0.980786 -0.195087 0
    outer loop
      vertex 2.31166 50.6916 1
      vertex 2.38822 51.0765 -0.00999928
      vertex 2.38822 51.0765 1
    endloop
  endfacet
  facet normal 0.980786 -0.195087 0
    outer loop
      vertex 2.38822 51.0765 -0.00999928
      vertex 2.31166 50.6916 1
      vertex 2.31166 50.6916 -0.00999928
    endloop
  endfacet
  facet normal 0.946931 -0.321437 0
    outer loop
      vertex 2.38822 51.0765 1
      vertex 2.51436 51.4481 -0.00999928
      vertex 2.51436 51.4481 1
    endloop
  endfacet
  facet normal 0.946931 -0.321437 0
    outer loop
      vertex 2.51436 51.4481 -0.00999928
      vertex 2.38822 51.0765 1
      vertex 2.38822 51.0765 -0.00999928
    endloop
  endfacet
  facet normal -0.831485 0.555547 0
    outer loop
      vertex 43.3661 5.92372 -0.00999928
      vertex 43.5841 6.25 1
      vertex 43.5841 6.25 -0.00999928
    endloop
  endfacet
  facet normal -0.831485 0.555547 0
    outer loop
      vertex 43.5841 6.25 1
      vertex 43.3661 5.92372 -0.00999928
      vertex 43.3661 5.92372 1
    endloop
  endfacet
  facet normal -0.442233 0.8969 0
    outer loop
      vertex 42.486 5.15192 -0.00999928
      vertex 42.134 4.97836 1
      vertex 42.486 5.15192 1
    endloop
  endfacet
  facet normal -0.442233 0.8969 0
    outer loop
      vertex 42.134 4.97836 1
      vertex 42.486 5.15192 -0.00999928
      vertex 42.134 4.97836 -0.00999928
    endloop
  endfacet
  facet normal -0.555558 0.831477 0
    outer loop
      vertex 42.8123 5.36994 -0.00999928
      vertex 42.486 5.15192 1
      vertex 42.8123 5.36994 1
    endloop
  endfacet
  facet normal -0.555558 0.831477 0
    outer loop
      vertex 42.486 5.15192 1
      vertex 42.8123 5.36994 -0.00999928
      vertex 42.486 5.15192 -0.00999928
    endloop
  endfacet
  facet normal -0.195062 0.980791 0
    outer loop
      vertex 41.7625 4.85222 -0.00999928
      vertex 41.3776 4.77567 1
      vertex 41.7625 4.85222 1
    endloop
  endfacet
  facet normal -0.195062 0.980791 0
    outer loop
      vertex 41.3776 4.77567 1
      vertex 41.7625 4.85222 -0.00999928
      vertex 41.3776 4.77567 -0.00999928
    endloop
  endfacet
  facet normal -0.19494 -0.980815 0
    outer loop
      vertex 41.3776 53.2743 -0.00999928
      vertex 41.7625 53.1978 1
      vertex 41.3776 53.2743 1
    endloop
  endfacet
  facet normal -0.19494 -0.980815 -0
    outer loop
      vertex 41.7625 53.1978 1
      vertex 41.3776 53.2743 -0.00999928
      vertex 41.7625 53.1978 -0.00999928
    endloop
  endfacet
  facet normal -0.44211 -0.896961 0
    outer loop
      vertex 42.134 53.0716 -0.00999928
      vertex 42.486 52.8981 1
      vertex 42.134 53.0716 1
    endloop
  endfacet
  facet normal -0.44211 -0.896961 -0
    outer loop
      vertex 42.486 52.8981 1
      vertex 42.134 53.0716 -0.00999928
      vertex 42.486 52.8981 -0.00999928
    endloop
  endfacet
  facet normal 0.896875 0.442283 0
    outer loop
      vertex 2.68792 6.25 1
      vertex 2.51436 6.60195 -0.00999928
      vertex 2.51436 6.60195 1
    endloop
  endfacet
  facet normal 0.896875 0.442283 0
    outer loop
      vertex 2.51436 6.60195 -0.00999928
      vertex 2.68792 6.25 1
      vertex 2.68792 6.25 -0.00999928
    endloop
  endfacet
  facet normal -0.751768 0.659428 0
    outer loop
      vertex 43.1073 5.62868 -0.00999928
      vertex 43.3661 5.92372 1
      vertex 43.3661 5.92372 -0.00999928
    endloop
  endfacet
  facet normal -0.751768 0.659428 0
    outer loop
      vertex 43.3661 5.92372 1
      vertex 43.1073 5.62868 -0.00999928
      vertex 43.1073 5.62868 1
    endloop
  endfacet
  facet normal -0.896936 0.44216 0
    outer loop
      vertex 43.5841 6.25 -0.00999928
      vertex 43.7576 6.60195 1
      vertex 43.7576 6.60195 -0.00999928
    endloop
  endfacet
  facet normal -0.896936 0.44216 0
    outer loop
      vertex 43.7576 6.60195 1
      vertex 43.5841 6.25 -0.00999928
      vertex 43.5841 6.25 1
    endloop
  endfacet
  facet normal -0.946882 0.321582 0
    outer loop
      vertex 43.7576 6.60195 -0.00999928
      vertex 43.8838 6.97354 1
      vertex 43.8838 6.97354 -0.00999928
    endloop
  endfacet
  facet normal -0.946882 0.321582 0
    outer loop
      vertex 43.8838 6.97354 1
      vertex 43.7576 6.60195 -0.00999928
      vertex 43.7576 6.60195 1
    endloop
  endfacet
  facet normal -0.757609 0.652709 0
    outer loop
      vertex 28.0218 116.66 -0.00999928
      vertex 28.0554 116.699 1
      vertex 28.0554 116.699 -0.00999928
    endloop
  endfacet
  facet normal -0.757609 0.652709 0
    outer loop
      vertex 28.0554 116.699 1
      vertex 28.0218 116.66 -0.00999928
      vertex 28.0218 116.66 1
    endloop
  endfacet
  facet normal 0.196116 0.980581 -0
    outer loop
      vertex 18.4751 116.549 -0.00999928
      vertex 18.4251 116.559 1
      vertex 18.4751 116.549 1
    endloop
  endfacet
  facet normal 0.196116 0.980581 0
    outer loop
      vertex 18.4251 116.559 1
      vertex 18.4751 116.549 -0.00999928
      vertex 18.4251 116.559 -0.00999928
    endloop
  endfacet
  facet normal -0.058837 -0.998268 0
    outer loop
      vertex 27.746 117.346 -0.00999928
      vertex 27.7969 117.343 1
      vertex 27.746 117.346 1
    endloop
  endfacet
  facet normal -0.058837 -0.998268 -0
    outer loop
      vertex 27.7969 117.343 1
      vertex 27.746 117.346 -0.00999928
      vertex 27.7969 117.343 -0.00999928
    endloop
  endfacet
  facet normal 0 -1 0
    outer loop
      vertex 18.526 117.346 -0.00999928
      vertex 27.746 117.346 1
      vertex 18.526 117.346 1
    endloop
  endfacet
  facet normal 0 -1 -0
    outer loop
      vertex 27.746 117.346 1
      vertex 18.526 117.346 -0.00999928
      vertex 27.746 117.346 -0.00999928
    endloop
  endfacet
  facet normal -0.058837 0.998268 0
    outer loop
      vertex 27.7969 116.549 -0.00999928
      vertex 27.746 116.546 1
      vertex 27.7969 116.549 1
    endloop
  endfacet
  facet normal -0.058837 0.998268 0
    outer loop
      vertex 27.746 116.546 1
      vertex 27.7969 116.549 -0.00999928
      vertex 27.746 116.546 -0.00999928
    endloop
  endfacet
  facet normal 0 1 -0
    outer loop
      vertex 27.746 116.546 -0.00999928
      vertex 18.526 116.546 1
      vertex 27.746 116.546 1
    endloop
  endfacet
  facet normal 0 1 0
    outer loop
      vertex 18.526 116.546 1
      vertex 27.746 116.546 -0.00999928
      vertex 18.526 116.546 -0.00999928
    endloop
  endfacet
  facet normal -0.946291 -0.323316 0
    outer loop
      vertex 28.1227 117.057 -0.00999928
      vertex 28.1063 117.105 1
      vertex 28.1063 117.105 -0.00999928
    endloop
  endfacet
  facet normal -0.946291 -0.323316 0
    outer loop
      vertex 28.1063 117.105 1
      vertex 28.1227 117.057 -0.00999928
      vertex 28.1227 117.057 1
    endloop
  endfacet
  facet normal 0.946291 0.323316 0
    outer loop
      vertex 18.1657 116.787 1
      vertex 18.1493 116.835 -0.00999928
      vertex 18.1493 116.835 1
    endloop
  endfacet
  facet normal 0.946291 0.323316 0
    outer loop
      vertex 18.1493 116.835 -0.00999928
      vertex 18.1657 116.787 1
      vertex 18.1657 116.787 -0.00999928
    endloop
  endfacet
  facet normal -0.564544 0.825403 0
    outer loop
      vertex 27.9834 116.627 -0.00999928
      vertex 27.941 116.598 1
      vertex 27.9834 116.627 1
    endloop
  endfacet
  facet normal -0.564544 0.825403 0
    outer loop
      vertex 27.941 116.598 1
      vertex 27.9834 116.627 -0.00999928
      vertex 27.941 116.598 -0.00999928
    endloop
  endfacet
  facet normal -0.651767 -0.758419 0
    outer loop
      vertex 27.9834 117.265 -0.00999928
      vertex 28.0218 117.232 1
      vertex 27.9834 117.265 1
    endloop
  endfacet
  facet normal -0.651767 -0.758419 -0
    outer loop
      vertex 28.0218 117.232 1
      vertex 27.9834 117.265 -0.00999928
      vertex 28.0218 117.232 -0.00999928
    endloop
  endfacet
  facet normal -1 0 0
    outer loop
      vertex 28.136 116.936 -0.00999928
      vertex 28.136 116.956 1
      vertex 28.136 116.956 -0.00999928
    endloop
  endfacet
  facet normal -1 -0 0
    outer loop
      vertex 28.136 116.956 1
      vertex 28.136 116.936 -0.00999928
      vertex 28.136 116.936 1
    endloop
  endfacet
  facet normal -0.829306 0.558794 0
    outer loop
      vertex 28.0554 116.699 -0.00999928
      vertex 28.0837 116.741 1
      vertex 28.0837 116.741 -0.00999928
    endloop
  endfacet
  facet normal -0.829306 0.558794 0
    outer loop
      vertex 28.0837 116.741 1
      vertex 28.0554 116.699 -0.00999928
      vertex 28.0554 116.699 1
    endloop
  endfacet
  facet normal 0.332003 0.943278 -0
    outer loop
      vertex 18.4251 116.559 -0.00999928
      vertex 18.3768 116.576 1
      vertex 18.4251 116.559 1
    endloop
  endfacet
  facet normal 0.332003 0.943278 0
    outer loop
      vertex 18.3768 116.576 1
      vertex 18.4251 116.559 -0.00999928
      vertex 18.3768 116.576 -0.00999928
    endloop
  endfacet
  facet normal 0.058837 0.998268 -0
    outer loop
      vertex 18.526 116.546 -0.00999928
      vertex 18.4751 116.549 1
      vertex 18.526 116.546 1
    endloop
  endfacet
  facet normal 0.058837 0.998268 0
    outer loop
      vertex 18.4751 116.549 1
      vertex 18.526 116.546 -0.00999928
      vertex 18.4751 116.549 -0.00999928
    endloop
  endfacet
  facet normal 0.332003 -0.943278 0
    outer loop
      vertex 18.3768 117.316 -0.00999928
      vertex 18.4251 117.333 1
      vertex 18.3768 117.316 1
    endloop
  endfacet
  facet normal 0.332003 -0.943278 0
    outer loop
      vertex 18.4251 117.333 1
      vertex 18.3768 117.316 -0.00999928
      vertex 18.4251 117.333 -0.00999928
    endloop
  endfacet
  facet normal 0.651767 -0.758419 0
    outer loop
      vertex 18.2502 117.232 -0.00999928
      vertex 18.2886 117.265 1
      vertex 18.2502 117.232 1
    endloop
  endfacet
  facet normal 0.651767 -0.758419 0
    outer loop
      vertex 18.2886 117.265 1
      vertex 18.2502 117.232 -0.00999928
      vertex 18.2886 117.265 -0.00999928
    endloop
  endfacet
  facet normal -0.332003 -0.943278 0
    outer loop
      vertex 27.8469 117.333 -0.00999928
      vertex 27.8952 117.316 1
      vertex 27.8469 117.333 1
    endloop
  endfacet
  facet normal -0.332003 -0.943278 -0
    outer loop
      vertex 27.8952 117.316 1
      vertex 27.8469 117.333 -0.00999928
      vertex 27.8952 117.316 -0.00999928
    endloop
  endfacet
  facet normal -0.564544 -0.825403 0
    outer loop
      vertex 27.941 117.294 -0.00999928
      vertex 27.9834 117.265 1
      vertex 27.941 117.294 1
    endloop
  endfacet
  facet normal -0.564544 -0.825403 -0
    outer loop
      vertex 27.9834 117.265 1
      vertex 27.941 117.294 -0.00999928
      vertex 27.9834 117.265 -0.00999928
    endloop
  endfacet
  facet normal -0.196116 -0.980581 0
    outer loop
      vertex 27.7969 117.343 -0.00999928
      vertex 27.8469 117.333 1
      vertex 27.7969 117.343 1
    endloop
  endfacet
  facet normal -0.196116 -0.980581 -0
    outer loop
      vertex 27.8469 117.333 1
      vertex 27.7969 117.343 -0.00999928
      vertex 27.8469 117.333 -0.00999928
    endloop
  endfacet
  facet normal -0.897527 -0.440959 0
    outer loop
      vertex 28.1063 117.105 -0.00999928
      vertex 28.0837 117.151 1
      vertex 28.0837 117.151 -0.00999928
    endloop
  endfacet
  facet normal -0.897527 -0.440959 0
    outer loop
      vertex 28.0837 117.151 1
      vertex 28.1063 117.105 -0.00999928
      vertex 28.1063 117.105 1
    endloop
  endfacet
  facet normal -0.980581 -0.196116 0
    outer loop
      vertex 28.1327 117.007 -0.00999928
      vertex 28.1227 117.057 1
      vertex 28.1227 117.057 -0.00999928
    endloop
  endfacet
  facet normal -0.980581 -0.196116 0
    outer loop
      vertex 28.1227 117.057 1
      vertex 28.1327 117.007 -0.00999928
      vertex 28.1327 117.007 1
    endloop
  endfacet
  facet normal -0.651767 0.758419 0
    outer loop
      vertex 28.0218 116.66 -0.00999928
      vertex 27.9834 116.627 1
      vertex 28.0218 116.66 1
    endloop
  endfacet
  facet normal -0.651767 0.758419 0
    outer loop
      vertex 27.9834 116.627 1
      vertex 28.0218 116.66 -0.00999928
      vertex 27.9834 116.627 -0.00999928
    endloop
  endfacet
  facet normal 0.757609 0.652709 0
    outer loop
      vertex 18.2502 116.66 1
      vertex 18.2166 116.699 -0.00999928
      vertex 18.2166 116.699 1
    endloop
  endfacet
  facet normal 0.757609 0.652709 0
    outer loop
      vertex 18.2166 116.699 -0.00999928
      vertex 18.2502 116.66 1
      vertex 18.2502 116.66 -0.00999928
    endloop
  endfacet
  facet normal 0.980581 -0.196116 0
    outer loop
      vertex 18.1393 117.007 1
      vertex 18.1493 117.057 -0.00999928
      vertex 18.1493 117.057 1
    endloop
  endfacet
  facet normal 0.980581 -0.196116 0
    outer loop
      vertex 18.1493 117.057 -0.00999928
      vertex 18.1393 117.007 1
      vertex 18.1393 117.007 -0.00999928
    endloop
  endfacet
  facet normal 0.946291 -0.323316 0
    outer loop
      vertex 18.1493 117.057 1
      vertex 18.1657 117.105 -0.00999928
      vertex 18.1657 117.105 1
    endloop
  endfacet
  facet normal 0.946291 -0.323316 0
    outer loop
      vertex 18.1657 117.105 -0.00999928
      vertex 18.1493 117.057 1
      vertex 18.1493 117.057 -0.00999928
    endloop
  endfacet
  facet normal -0.196116 0.980581 0
    outer loop
      vertex 27.8469 116.559 -0.00999928
      vertex 27.7969 116.549 1
      vertex 27.8469 116.559 1
    endloop
  endfacet
  facet normal -0.196116 0.980581 0
    outer loop
      vertex 27.7969 116.549 1
      vertex 27.8469 116.559 -0.00999928
      vertex 27.7969 116.549 -0.00999928
    endloop
  endfacet
  facet normal -0.432987 -0.9014 0
    outer loop
      vertex 27.8952 117.316 -0.00999928
      vertex 27.941 117.294 1
      vertex 27.8952 117.316 1
    endloop
  endfacet
  facet normal -0.432987 -0.9014 -0
    outer loop
      vertex 27.941 117.294 1
      vertex 27.8952 117.316 -0.00999928
      vertex 27.941 117.294 -0.00999928
    endloop
  endfacet
  facet normal -0.829306 -0.558794 0
    outer loop
      vertex 28.0837 117.151 -0.00999928
      vertex 28.0554 117.193 1
      vertex 28.0554 117.193 -0.00999928
    endloop
  endfacet
  facet normal -0.829306 -0.558794 0
    outer loop
      vertex 28.0554 117.193 1
      vertex 28.0837 117.151 -0.00999928
      vertex 28.0837 117.151 1
    endloop
  endfacet
  facet normal -0.757609 -0.652709 0
    outer loop
      vertex 28.0554 117.193 -0.00999928
      vertex 28.0218 117.232 1
      vertex 28.0218 117.232 -0.00999928
    endloop
  endfacet
  facet normal -0.757609 -0.652709 0
    outer loop
      vertex 28.0218 117.232 1
      vertex 28.0554 117.193 -0.00999928
      vertex 28.0554 117.193 1
    endloop
  endfacet
  facet normal -0.897527 0.440959 0
    outer loop
      vertex 28.0837 116.741 -0.00999928
      vertex 28.1063 116.787 1
      vertex 28.1063 116.787 -0.00999928
    endloop
  endfacet
  facet normal -0.897527 0.440959 0
    outer loop
      vertex 28.1063 116.787 1
      vertex 28.0837 116.741 -0.00999928
      vertex 28.0837 116.741 1
    endloop
  endfacet
  facet normal 0.432987 0.9014 -0
    outer loop
      vertex 18.3768 116.576 -0.00999928
      vertex 18.331 116.598 1
      vertex 18.3768 116.576 1
    endloop
  endfacet
  facet normal 0.432987 0.9014 0
    outer loop
      vertex 18.331 116.598 1
      vertex 18.3768 116.576 -0.00999928
      vertex 18.331 116.598 -0.00999928
    endloop
  endfacet
  facet normal 0.564544 0.825403 -0
    outer loop
      vertex 18.331 116.598 -0.00999928
      vertex 18.2886 116.627 1
      vertex 18.331 116.598 1
    endloop
  endfacet
  facet normal 0.564544 0.825403 0
    outer loop
      vertex 18.2886 116.627 1
      vertex 18.331 116.598 -0.00999928
      vertex 18.2886 116.627 -0.00999928
    endloop
  endfacet
  facet normal 0 0 1
    outer loop
      vertex 27.746 117.346 -0.00999928
      vertex 28.136 116.956 -0.00999928
      vertex 28.1327 117.007 -0.00999928
    endloop
  endfacet
  facet normal 0 0 1
    outer loop
      vertex 28.136 116.956 -0.00999928
      vertex 27.746 117.346 -0.00999928
      vertex 28.136 116.936 -0.00999928
    endloop
  endfacet
  facet normal 0 0 1
    outer loop
      vertex 28.1063 117.105 -0.00999928
      vertex 28.1327 117.007 -0.00999928
      vertex 28.1227 117.057 -0.00999928
    endloop
  endfacet
  facet normal 0 0 1
    outer loop
      vertex 28.0837 117.151 -0.00999928
      vertex 28.1327 117.007 -0.00999928
      vertex 28.1063 117.105 -0.00999928
    endloop
  endfacet
  facet normal 0 0 1
    outer loop
      vertex 28.0554 117.193 -0.00999928
      vertex 28.1327 117.007 -0.00999928
      vertex 28.0837 117.151 -0.00999928
    endloop
  endfacet
  facet normal 0 0 1
    outer loop
      vertex 28.1327 116.885 -0.00999928
      vertex 28.1063 116.787 -0.00999928
      vertex 28.1227 116.835 -0.00999928
    endloop
  endfacet
  facet normal 0 0 1
    outer loop
      vertex 28.0218 117.232 -0.00999928
      vertex 28.1327 117.007 -0.00999928
      vertex 28.0554 117.193 -0.00999928
    endloop
  endfacet
  facet normal 0 0 1
    outer loop
      vertex 28.1327 116.885 -0.00999928
      vertex 28.0837 116.741 -0.00999928
      vertex 28.1063 116.787 -0.00999928
    endloop
  endfacet
  facet normal 0 0 1
    outer loop
      vertex 27.9834 117.265 -0.00999928
      vertex 28.1327 117.007 -0.00999928
      vertex 28.0218 117.232 -0.00999928
    endloop
  endfacet
  facet normal 0 0 1
    outer loop
      vertex 28.1327 116.885 -0.00999928
      vertex 28.0554 116.699 -0.00999928
      vertex 28.0837 116.741 -0.00999928
    endloop
  endfacet
  facet normal 0 0 1
    outer loop
      vertex 27.941 117.294 -0.00999928
      vertex 28.1327 117.007 -0.00999928
      vertex 27.9834 117.265 -0.00999928
    endloop
  endfacet
  facet normal 0 0 1
    outer loop
      vertex 28.1327 116.885 -0.00999928
      vertex 28.0218 116.66 -0.00999928
      vertex 28.0554 116.699 -0.00999928
    endloop
  endfacet
  facet normal 0 0 1
    outer loop
      vertex 27.8952 117.316 -0.00999928
      vertex 28.1327 117.007 -0.00999928
      vertex 27.941 117.294 -0.00999928
    endloop
  endfacet
  facet normal 0 0 1
    outer loop
      vertex 28.1327 116.885 -0.00999928
      vertex 27.9834 116.627 -0.00999928
      vertex 28.0218 116.66 -0.00999928
    endloop
  endfacet
  facet normal 0 0 1
    outer loop
      vertex 27.8469 117.333 -0.00999928
      vertex 28.1327 117.007 -0.00999928
      vertex 27.8952 117.316 -0.00999928
    endloop
  endfacet
  facet normal 0 0 1
    outer loop
      vertex 28.1327 116.885 -0.00999928
      vertex 27.941 116.598 -0.00999928
      vertex 27.9834 116.627 -0.00999928
    endloop
  endfacet
  facet normal 0 0 1
    outer loop
      vertex 27.7969 117.343 -0.00999928
      vertex 28.1327 117.007 -0.00999928
      vertex 27.8469 117.333 -0.00999928
    endloop
  endfacet
  facet normal 0 0 1
    outer loop
      vertex 28.1327 116.885 -0.00999928
      vertex 27.8952 116.576 -0.00999928
      vertex 27.941 116.598 -0.00999928
    endloop
  endfacet
  facet normal 0 0 1
    outer loop
      vertex 27.746 117.346 -0.00999928
      vertex 28.1327 117.007 -0.00999928
      vertex 27.7969 117.343 -0.00999928
    endloop
  endfacet
  facet normal 0 0 1
    outer loop
      vertex 28.1327 116.885 -0.00999928
      vertex 27.8469 116.559 -0.00999928
      vertex 27.8952 116.576 -0.00999928
    endloop
  endfacet
  facet normal 0 0 1
    outer loop
      vertex 27.746 116.546 -0.00999928
      vertex 28.136 116.936 -0.00999928
      vertex 27.746 117.346 -0.00999928
    endloop
  endfacet
  facet normal 0 0 1
    outer loop
      vertex 28.1327 116.885 -0.00999928
      vertex 27.7969 116.549 -0.00999928
      vertex 27.8469 116.559 -0.00999928
    endloop
  endfacet
  facet normal 0 0 1
    outer loop
      vertex 28.136 116.936 -0.00999928
      vertex 27.746 116.546 -0.00999928
      vertex 28.1327 116.885 -0.00999928
    endloop
  endfacet
  facet normal 0 0 1
    outer loop
      vertex 28.1327 116.885 -0.00999928
      vertex 27.746 116.546 -0.00999928
      vertex 27.7969 116.549 -0.00999928
    endloop
  endfacet
  facet normal -0 0 1
    outer loop
      vertex 18.526 117.346 -0.00999928
      vertex 27.746 116.546 -0.00999928
      vertex 27.746 117.346 -0.00999928
    endloop
  endfacet
  facet normal 0 0 1
    outer loop
      vertex 18.526 117.346 -0.00999928
      vertex 18.526 116.546 -0.00999928
      vertex 27.746 116.546 -0.00999928
    endloop
  endfacet
  facet normal 0 0 1
    outer loop
      vertex 18.136 116.956 -0.00999928
      vertex 18.526 117.346 -0.00999928
      vertex 18.4751 117.343 -0.00999928
    endloop
  endfacet
  facet normal 0 0 1
    outer loop
      vertex 18.526 117.346 -0.00999928
      vertex 18.136 116.956 -0.00999928
      vertex 18.526 116.546 -0.00999928
    endloop
  endfacet
  facet normal 0 0 1
    outer loop
      vertex 18.136 116.956 -0.00999928
      vertex 18.4751 117.343 -0.00999928
      vertex 18.4251 117.333 -0.00999928
    endloop
  endfacet
  facet normal -0 0 1
    outer loop
      vertex 18.136 116.936 -0.00999928
      vertex 18.526 116.546 -0.00999928
      vertex 18.136 116.956 -0.00999928
    endloop
  endfacet
  facet normal 0 0 1
    outer loop
      vertex 18.136 116.956 -0.00999928
      vertex 18.4251 117.333 -0.00999928
      vertex 18.3768 117.316 -0.00999928
    endloop
  endfacet
  facet normal 0 0 1
    outer loop
      vertex 18.526 116.546 -0.00999928
      vertex 18.136 116.936 -0.00999928
      vertex 18.4751 116.549 -0.00999928
    endloop
  endfacet
  facet normal 0 0 1
    outer loop
      vertex 18.136 116.956 -0.00999928
      vertex 18.3768 117.316 -0.00999928
      vertex 18.331 117.294 -0.00999928
    endloop
  endfacet
  facet normal 0 0 1
    outer loop
      vertex 18.4751 116.549 -0.00999928
      vertex 18.136 116.936 -0.00999928
      vertex 18.4251 116.559 -0.00999928
    endloop
  endfacet
  facet normal 0 0 1
    outer loop
      vertex 18.136 116.956 -0.00999928
      vertex 18.331 117.294 -0.00999928
      vertex 18.2886 117.265 -0.00999928
    endloop
  endfacet
  facet normal 0 0 1
    outer loop
      vertex 18.4251 116.559 -0.00999928
      vertex 18.136 116.936 -0.00999928
      vertex 18.3768 116.576 -0.00999928
    endloop
  endfacet
  facet normal 0 0 1
    outer loop
      vertex 18.136 116.956 -0.00999928
      vertex 18.2886 117.265 -0.00999928
      vertex 18.2502 117.232 -0.00999928
    endloop
  endfacet
  facet normal 0 0 1
    outer loop
      vertex 18.3768 116.576 -0.00999928
      vertex 18.136 116.936 -0.00999928
      vertex 18.331 116.598 -0.00999928
    endloop
  endfacet
  facet normal 0 0 1
    outer loop
      vertex 18.136 116.956 -0.00999928
      vertex 18.2502 117.232 -0.00999928
      vertex 18.2166 117.193 -0.00999928
    endloop
  endfacet
  facet normal 0 0 1
    outer loop
      vertex 18.331 116.598 -0.00999928
      vertex 18.136 116.936 -0.00999928
      vertex 18.2886 116.627 -0.00999928
    endloop
  endfacet
  facet normal 0 0 1
    outer loop
      vertex 18.136 116.956 -0.00999928
      vertex 18.2166 117.193 -0.00999928
      vertex 18.1882 117.151 -0.00999928
    endloop
  endfacet
  facet normal 0 0 1
    outer loop
      vertex 18.2886 116.627 -0.00999928
      vertex 18.136 116.936 -0.00999928
      vertex 18.2502 116.66 -0.00999928
    endloop
  endfacet
  facet normal 0 0 1
    outer loop
      vertex 18.136 116.956 -0.00999928
      vertex 18.1882 117.151 -0.00999928
      vertex 18.1657 117.105 -0.00999928
    endloop
  endfacet
  facet normal 0 0 1
    outer loop
      vertex 18.2502 116.66 -0.00999928
      vertex 18.136 116.936 -0.00999928
      vertex 18.2166 116.699 -0.00999928
    endloop
  endfacet
  facet normal 0 0 1
    outer loop
      vertex 18.136 116.956 -0.00999928
      vertex 18.1657 117.105 -0.00999928
      vertex 18.1493 117.057 -0.00999928
    endloop
  endfacet
  facet normal 0 0 1
    outer loop
      vertex 18.2166 116.699 -0.00999928
      vertex 18.136 116.936 -0.00999928
      vertex 18.1882 116.741 -0.00999928
    endloop
  endfacet
  facet normal 0 0 1
    outer loop
      vertex 18.136 116.956 -0.00999928
      vertex 18.1493 117.057 -0.00999928
      vertex 18.1393 117.007 -0.00999928
    endloop
  endfacet
  facet normal 0 0 1
    outer loop
      vertex 18.1882 116.741 -0.00999928
      vertex 18.136 116.936 -0.00999928
      vertex 18.1657 116.787 -0.00999928
    endloop
  endfacet
  facet normal 0 0 1
    outer loop
      vertex 18.1657 116.787 -0.00999928
      vertex 18.136 116.936 -0.00999928
      vertex 18.1493 116.835 -0.00999928
    endloop
  endfacet
  facet normal 0 0 1
    outer loop
      vertex 18.1493 116.835 -0.00999928
      vertex 18.136 116.936 -0.00999928
      vertex 18.1393 116.885 -0.00999928
    endloop
  endfacet
  facet normal 0.898299 -0.439385 0
    outer loop
      vertex 18.1657 117.105 1
      vertex 18.1882 117.151 -0.00999928
      vertex 18.1882 117.151 1
    endloop
  endfacet
  facet normal 0.898299 -0.439385 0
    outer loop
      vertex 18.1882 117.151 -0.00999928
      vertex 18.1657 117.105 1
      vertex 18.1657 117.105 -0.00999928
    endloop
  endfacet
  facet normal -0.432987 0.9014 0
    outer loop
      vertex 27.941 116.598 -0.00999928
      vertex 27.8952 116.576 1
      vertex 27.941 116.598 1
    endloop
  endfacet
  facet normal -0.432987 0.9014 0
    outer loop
      vertex 27.8952 116.576 1
      vertex 27.941 116.598 -0.00999928
      vertex 27.8952 116.576 -0.00999928
    endloop
  endfacet
  facet normal -0.332003 0.943278 0
    outer loop
      vertex 27.8952 116.576 -0.00999928
      vertex 27.8469 116.559 1
      vertex 27.8952 116.576 1
    endloop
  endfacet
  facet normal -0.332003 0.943278 0
    outer loop
      vertex 27.8469 116.559 1
      vertex 27.8952 116.576 -0.00999928
      vertex 27.8469 116.559 -0.00999928
    endloop
  endfacet
  facet normal 0.058837 -0.998268 0
    outer loop
      vertex 18.4751 117.343 -0.00999928
      vertex 18.526 117.346 1
      vertex 18.4751 117.343 1
    endloop
  endfacet
  facet normal 0.058837 -0.998268 0
    outer loop
      vertex 18.526 117.346 1
      vertex 18.4751 117.343 -0.00999928
      vertex 18.526 117.346 -0.00999928
    endloop
  endfacet
  facet normal 0.564544 -0.825403 0
    outer loop
      vertex 18.2886 117.265 -0.00999928
      vertex 18.331 117.294 1
      vertex 18.2886 117.265 1
    endloop
  endfacet
  facet normal 0.564544 -0.825403 0
    outer loop
      vertex 18.331 117.294 1
      vertex 18.2886 117.265 -0.00999928
      vertex 18.331 117.294 -0.00999928
    endloop
  endfacet
  facet normal 0.432987 -0.9014 0
    outer loop
      vertex 18.331 117.294 -0.00999928
      vertex 18.3768 117.316 1
      vertex 18.331 117.294 1
    endloop
  endfacet
  facet normal 0.432987 -0.9014 0
    outer loop
      vertex 18.3768 117.316 1
      vertex 18.331 117.294 -0.00999928
      vertex 18.3768 117.316 -0.00999928
    endloop
  endfacet
  facet normal -0.997913 0.0645708 0
    outer loop
      vertex 28.1327 116.885 -0.00999928
      vertex 28.136 116.936 1
      vertex 28.136 116.936 -0.00999928
    endloop
  endfacet
  facet normal -0.997913 0.0645708 0
    outer loop
      vertex 28.136 116.936 1
      vertex 28.1327 116.885 -0.00999928
      vertex 28.1327 116.885 1
    endloop
  endfacet
  facet normal -0.980581 0.196116 0
    outer loop
      vertex 28.1227 116.835 -0.00999928
      vertex 28.1327 116.885 1
      vertex 28.1327 116.885 -0.00999928
    endloop
  endfacet
  facet normal -0.980581 0.196116 0
    outer loop
      vertex 28.1327 116.885 1
      vertex 28.1227 116.835 -0.00999928
      vertex 28.1227 116.835 1
    endloop
  endfacet
  facet normal -0.997913 -0.0645708 0
    outer loop
      vertex 28.136 116.956 -0.00999928
      vertex 28.1327 117.007 1
      vertex 28.1327 117.007 -0.00999928
    endloop
  endfacet
  facet normal -0.997913 -0.0645708 0
    outer loop
      vertex 28.1327 117.007 1
      vertex 28.136 116.956 -0.00999928
      vertex 28.136 116.956 1
    endloop
  endfacet
  facet normal -0.946291 0.323316 0
    outer loop
      vertex 28.1063 116.787 -0.00999928
      vertex 28.1227 116.835 1
      vertex 28.1227 116.835 -0.00999928
    endloop
  endfacet
  facet normal -0.946291 0.323316 0
    outer loop
      vertex 28.1227 116.835 1
      vertex 28.1063 116.787 -0.00999928
      vertex 28.1063 116.787 1
    endloop
  endfacet
  facet normal 0.828391 0.56015 0
    outer loop
      vertex 18.2166 116.699 1
      vertex 18.1882 116.741 -0.00999928
      vertex 18.1882 116.741 1
    endloop
  endfacet
  facet normal 0.828391 0.56015 0
    outer loop
      vertex 18.1882 116.741 -0.00999928
      vertex 18.2166 116.699 1
      vertex 18.2166 116.699 -0.00999928
    endloop
  endfacet
  facet normal 0.651767 0.758419 -0
    outer loop
      vertex 18.2886 116.627 -0.00999928
      vertex 18.2502 116.66 1
      vertex 18.2886 116.627 1
    endloop
  endfacet
  facet normal 0.651767 0.758419 0
    outer loop
      vertex 18.2502 116.66 1
      vertex 18.2886 116.627 -0.00999928
      vertex 18.2502 116.66 -0.00999928
    endloop
  endfacet
  facet normal 0.980581 0.196116 0
    outer loop
      vertex 18.1493 116.835 1
      vertex 18.1393 116.885 -0.00999928
      vertex 18.1393 116.885 1
    endloop
  endfacet
  facet normal 0.980581 0.196116 0
    outer loop
      vertex 18.1393 116.885 -0.00999928
      vertex 18.1493 116.835 1
      vertex 18.1493 116.835 -0.00999928
    endloop
  endfacet
  facet normal 0.997913 0.0645708 0
    outer loop
      vertex 18.1393 116.885 1
      vertex 18.136 116.936 -0.00999928
      vertex 18.136 116.936 1
    endloop
  endfacet
  facet normal 0.997913 0.0645708 0
    outer loop
      vertex 18.136 116.936 -0.00999928
      vertex 18.1393 116.885 1
      vertex 18.1393 116.885 -0.00999928
    endloop
  endfacet
  facet normal 1 -0 0
    outer loop
      vertex 18.136 116.936 1
      vertex 18.136 116.956 -0.00999928
      vertex 18.136 116.956 1
    endloop
  endfacet
  facet normal 1 0 0
    outer loop
      vertex 18.136 116.956 -0.00999928
      vertex 18.136 116.936 1
      vertex 18.136 116.936 -0.00999928
    endloop
  endfacet
  facet normal 0.828391 -0.56015 0
    outer loop
      vertex 18.1882 117.151 1
      vertex 18.2166 117.193 -0.00999928
      vertex 18.2166 117.193 1
    endloop
  endfacet
  facet normal 0.828391 -0.56015 0
    outer loop
      vertex 18.2166 117.193 -0.00999928
      vertex 18.1882 117.151 1
      vertex 18.1882 117.151 -0.00999928
    endloop
  endfacet
  facet normal 0.757609 -0.652709 0
    outer loop
      vertex 18.2166 117.193 1
      vertex 18.2502 117.232 -0.00999928
      vertex 18.2502 117.232 1
    endloop
  endfacet
  facet normal 0.757609 -0.652709 0
    outer loop
      vertex 18.2502 117.232 -0.00999928
      vertex 18.2166 117.193 1
      vertex 18.2166 117.193 -0.00999928
    endloop
  endfacet
  facet normal 0.997913 -0.0645708 0
    outer loop
      vertex 18.136 116.956 1
      vertex 18.1393 117.007 -0.00999928
      vertex 18.1393 117.007 1
    endloop
  endfacet
  facet normal 0.997913 -0.0645708 0
    outer loop
      vertex 18.1393 117.007 -0.00999928
      vertex 18.136 116.956 1
      vertex 18.136 116.956 -0.00999928
    endloop
  endfacet
  facet normal 0.196116 -0.980581 0
    outer loop
      vertex 18.4251 117.333 -0.00999928
      vertex 18.4751 117.343 1
      vertex 18.4251 117.333 1
    endloop
  endfacet
  facet normal 0.196116 -0.980581 0
    outer loop
      vertex 18.4751 117.343 1
      vertex 18.4251 117.333 -0.00999928
      vertex 18.4751 117.343 -0.00999928
    endloop
  endfacet
  facet normal 0.898299 0.439385 0
    outer loop
      vertex 18.1882 116.741 1
      vertex 18.1657 116.787 -0.00999928
      vertex 18.1657 116.787 1
    endloop
  endfacet
  facet normal 0.898299 0.439385 0
    outer loop
      vertex 18.1657 116.787 -0.00999928
      vertex 18.1882 116.741 1
      vertex 18.1882 116.741 -0.00999928
    endloop
  endfacet
endsolid OpenSCAD_Model
