solid OpenSCAD_Model
  facet normal -0 0 1
    outer loop
      vertex 45.272 96.796 1.6
      vertex 46.272 90.196 1.6
      vertex 46.272 96.796 1.6
    endloop
  endfacet
  facet normal 0 0 1
    outer loop
      vertex 46.272 90.196 1.6
      vertex 45.272 96.796 1.6
      vertex 45.272 90.196 1.6
    endloop
  endfacet
  facet normal 0 0.0654169 -0.997858
    outer loop
      vertex 45.272 90.0067 4.48759
      vertex 46.272 90.196 4.5
      vertex 46.272 90.0067 4.48759
    endloop
  endfacet
  facet normal 0 0.0654169 -0.997858
    outer loop
      vertex 46.272 90.196 4.5
      vertex 45.272 90.0067 4.48759
      vertex 45.272 90.196 4.5
    endloop
  endfacet
  facet normal -0 0.195153 0.980773
    outer loop
      vertex 45.272 90.0067 1.6124
      vertex 46.272 89.8207 1.64941
      vertex 46.272 90.0067 1.6124
    endloop
  endfacet
  facet normal 0 0.195153 0.980773
    outer loop
      vertex 46.272 89.8207 1.64941
      vertex 45.272 90.0067 1.6124
      vertex 45.272 89.8207 1.64941
    endloop
  endfacet
  facet normal 0 -0.195102 -0.980783
    outer loop
      vertex 45.272 96.9853 4.48759
      vertex 46.272 97.1713 4.45059
      vertex 46.272 96.9853 4.48759
    endloop
  endfacet
  facet normal -0 -0.195102 -0.980783
    outer loop
      vertex 46.272 97.1713 4.45059
      vertex 45.272 96.9853 4.48759
      vertex 45.272 97.1713 4.45059
    endloop
  endfacet
  facet normal 0 -0.0653644 0.997861
    outer loop
      vertex 45.272 96.9853 1.6124
      vertex 46.272 96.796 1.6
      vertex 46.272 96.9853 1.6124
    endloop
  endfacet
  facet normal 0 -0.0653644 0.997861
    outer loop
      vertex 46.272 96.796 1.6
      vertex 45.272 96.9853 1.6124
      vertex 45.272 96.796 1.6
    endloop
  endfacet
  facet normal 0 0.75175 0.659448
    outer loop
      vertex 46.272 89.1707 2.02469
      vertex 45.272 89.0456 2.1673
      vertex 46.272 89.0456 2.1673
    endloop
  endfacet
  facet normal 0 0.75175 0.659448
    outer loop
      vertex 45.272 89.0456 2.1673
      vertex 46.272 89.1707 2.02469
      vertex 45.272 89.1707 2.02469
    endloop
  endfacet
  facet normal 0 -0.0654169 -0.997858
    outer loop
      vertex 45.272 96.796 4.5
      vertex 46.272 96.9853 4.48759
      vertex 46.272 96.796 4.5
    endloop
  endfacet
  facet normal -0 -0.0654169 -0.997858
    outer loop
      vertex 46.272 96.9853 4.48759
      vertex 45.272 96.796 4.5
      vertex 45.272 96.9853 4.48759
    endloop
  endfacet
  facet normal 0 0 -1
    outer loop
      vertex 45.272 90.196 4.5
      vertex 46.272 96.796 4.5
      vertex 46.272 90.196 4.5
    endloop
  endfacet
  facet normal -0 0 -1
    outer loop
      vertex 46.272 96.796 4.5
      vertex 45.272 90.196 4.5
      vertex 45.272 96.796 4.5
    endloop
  endfacet
  facet normal 0 -0.321458 -0.946924
    outer loop
      vertex 45.272 97.1713 4.45059
      vertex 46.272 97.3509 4.38962
      vertex 46.272 97.1713 4.45059
    endloop
  endfacet
  facet normal -0 -0.321458 -0.946924
    outer loop
      vertex 46.272 97.3509 4.38962
      vertex 45.272 97.1713 4.45059
      vertex 45.272 97.3509 4.38962
    endloop
  endfacet
  facet normal 0 -0.442272 -0.896881
    outer loop
      vertex 45.272 97.3509 4.38962
      vertex 46.272 97.521 4.30574
      vertex 46.272 97.3509 4.38962
    endloop
  endfacet
  facet normal -0 -0.442272 -0.896881
    outer loop
      vertex 46.272 97.521 4.30574
      vertex 45.272 97.3509 4.38962
      vertex 45.272 97.521 4.30574
    endloop
  endfacet
  facet normal 0 -0.831644 -0.555309
    outer loop
      vertex 45.272 98.0517 3.775
      vertex 46.272 97.9464 3.9327
      vertex 45.272 97.9464 3.9327
    endloop
  endfacet
  facet normal 0 -0.831644 -0.555309
    outer loop
      vertex 46.272 97.9464 3.9327
      vertex 45.272 98.0517 3.775
      vertex 46.272 98.0517 3.775
    endloop
  endfacet
  facet normal 0 -0.659355 -0.751832
    outer loop
      vertex 45.272 97.6787 4.20036
      vertex 46.272 97.8213 4.0753
      vertex 46.272 97.6787 4.20036
    endloop
  endfacet
  facet normal -0 -0.659355 -0.751832
    outer loop
      vertex 46.272 97.8213 4.0753
      vertex 45.272 97.6787 4.20036
      vertex 45.272 97.8213 4.0753
    endloop
  endfacet
  facet normal 0 -0.89685 -0.442335
    outer loop
      vertex 45.272 98.1356 3.60489
      vertex 46.272 98.0517 3.775
      vertex 45.272 98.0517 3.775
    endloop
  endfacet
  facet normal 0 -0.89685 -0.442335
    outer loop
      vertex 46.272 98.0517 3.775
      vertex 45.272 98.1356 3.60489
      vertex 46.272 98.1356 3.60489
    endloop
  endfacet
  facet normal 0 0.997861 -0.0653782
    outer loop
      vertex 46.272 88.746 3.05
      vertex 45.272 88.7584 3.23926
      vertex 46.272 88.7584 3.23926
    endloop
  endfacet
  facet normal 0 0.997861 -0.0653782
    outer loop
      vertex 45.272 88.7584 3.23926
      vertex 46.272 88.746 3.05
      vertex 45.272 88.746 3.05
    endloop
  endfacet
  facet normal -0 0.0653644 0.997861
    outer loop
      vertex 45.272 90.196 1.6
      vertex 46.272 90.0067 1.6124
      vertex 46.272 90.196 1.6
    endloop
  endfacet
  facet normal 0 0.0653644 0.997861
    outer loop
      vertex 46.272 90.0067 1.6124
      vertex 45.272 90.196 1.6
      vertex 45.272 90.0067 1.6124
    endloop
  endfacet
  facet normal -0 0.659325 0.751858
    outer loop
      vertex 45.272 89.3133 1.89964
      vertex 46.272 89.1707 2.02469
      vertex 46.272 89.3133 1.89964
    endloop
  endfacet
  facet normal 0 0.659325 0.751858
    outer loop
      vertex 46.272 89.1707 2.02469
      vertex 45.272 89.3133 1.89964
      vertex 45.272 89.1707 2.02469
    endloop
  endfacet
  facet normal 0 0.997861 0.0653782
    outer loop
      vertex 46.272 88.7584 2.86074
      vertex 45.272 88.746 3.05
      vertex 46.272 88.746 3.05
    endloop
  endfacet
  facet normal 0 0.997861 0.0653782
    outer loop
      vertex 45.272 88.746 3.05
      vertex 46.272 88.7584 2.86074
      vertex 45.272 88.7584 2.86074
    endloop
  endfacet
  facet normal 0 -0.5556 -0.83145
    outer loop
      vertex 45.272 97.521 4.30574
      vertex 46.272 97.6787 4.20036
      vertex 46.272 97.521 4.30574
    endloop
  endfacet
  facet normal -0 -0.5556 -0.83145
    outer loop
      vertex 46.272 97.6787 4.20036
      vertex 45.272 97.521 4.30574
      vertex 45.272 97.6787 4.20036
    endloop
  endfacet
  facet normal 0 -0.751727 -0.659474
    outer loop
      vertex 45.272 97.9464 3.9327
      vertex 46.272 97.8213 4.0753
      vertex 45.272 97.8213 4.0753
    endloop
  endfacet
  facet normal 0 -0.751727 -0.659474
    outer loop
      vertex 46.272 97.8213 4.0753
      vertex 45.272 97.9464 3.9327
      vertex 46.272 97.9464 3.9327
    endloop
  endfacet
  facet normal 0 -0.75175 0.659448
    outer loop
      vertex 45.272 97.8213 2.02469
      vertex 46.272 97.9464 2.1673
      vertex 45.272 97.9464 2.1673
    endloop
  endfacet
  facet normal 0 -0.75175 0.659448
    outer loop
      vertex 46.272 97.9464 2.1673
      vertex 45.272 97.8213 2.02469
      vertex 46.272 97.8213 2.02469
    endloop
  endfacet
  facet normal 0 -0.831644 0.555309
    outer loop
      vertex 45.272 97.9464 2.1673
      vertex 46.272 98.0517 2.325
      vertex 45.272 98.0517 2.325
    endloop
  endfacet
  facet normal 0 -0.831644 0.555309
    outer loop
      vertex 46.272 98.0517 2.325
      vertex 45.272 97.9464 2.1673
      vertex 46.272 97.9464 2.1673
    endloop
  endfacet
  facet normal 0 -0.321411 0.94694
    outer loop
      vertex 45.272 97.3509 1.71037
      vertex 46.272 97.1713 1.64941
      vertex 46.272 97.3509 1.71037
    endloop
  endfacet
  facet normal 0 -0.321411 0.94694
    outer loop
      vertex 46.272 97.1713 1.64941
      vertex 45.272 97.3509 1.71037
      vertex 45.272 97.1713 1.64941
    endloop
  endfacet
  facet normal 0 -0.659325 0.751858
    outer loop
      vertex 45.272 97.8213 2.02469
      vertex 46.272 97.6787 1.89964
      vertex 46.272 97.8213 2.02469
    endloop
  endfacet
  facet normal 0 -0.659325 0.751858
    outer loop
      vertex 46.272 97.6787 1.89964
      vertex 45.272 97.8213 2.02469
      vertex 45.272 97.6787 1.89964
    endloop
  endfacet
  facet normal 0 -0.442314 0.89686
    outer loop
      vertex 45.272 97.521 1.79426
      vertex 46.272 97.3509 1.71037
      vertex 46.272 97.521 1.79426
    endloop
  endfacet
  facet normal 0 -0.442314 0.89686
    outer loop
      vertex 46.272 97.3509 1.71037
      vertex 45.272 97.521 1.79426
      vertex 45.272 97.3509 1.71037
    endloop
  endfacet
  facet normal 0 0.946876 -0.3216
    outer loop
      vertex 46.272 88.7954 3.42529
      vertex 45.272 88.8564 3.60489
      vertex 46.272 88.8564 3.60489
    endloop
  endfacet
  facet normal 0 0.946876 -0.3216
    outer loop
      vertex 45.272 88.8564 3.60489
      vertex 46.272 88.7954 3.42529
      vertex 45.272 88.7954 3.42529
    endloop
  endfacet
  facet normal 0 0.831644 -0.555309
    outer loop
      vertex 46.272 88.9403 3.775
      vertex 45.272 89.0456 3.9327
      vertex 46.272 89.0456 3.9327
    endloop
  endfacet
  facet normal 0 0.831644 -0.555309
    outer loop
      vertex 45.272 89.0456 3.9327
      vertex 46.272 88.9403 3.775
      vertex 45.272 88.9403 3.775
    endloop
  endfacet
  facet normal 0 0.980789 -0.195072
    outer loop
      vertex 46.272 88.7584 3.23926
      vertex 45.272 88.7954 3.42529
      vertex 46.272 88.7954 3.42529
    endloop
  endfacet
  facet normal 0 0.980789 -0.195072
    outer loop
      vertex 45.272 88.7954 3.42529
      vertex 46.272 88.7584 3.23926
      vertex 45.272 88.7584 3.23926
    endloop
  endfacet
  facet normal 0 0.442272 -0.896881
    outer loop
      vertex 45.272 89.471 4.30574
      vertex 46.272 89.6411 4.38962
      vertex 46.272 89.471 4.30574
    endloop
  endfacet
  facet normal 0 0.442272 -0.896881
    outer loop
      vertex 46.272 89.6411 4.38962
      vertex 45.272 89.471 4.30574
      vertex 45.272 89.6411 4.38962
    endloop
  endfacet
  facet normal 0 0.195102 -0.980783
    outer loop
      vertex 45.272 89.8207 4.45059
      vertex 46.272 90.0067 4.48759
      vertex 46.272 89.8207 4.45059
    endloop
  endfacet
  facet normal 0 0.195102 -0.980783
    outer loop
      vertex 46.272 90.0067 4.48759
      vertex 45.272 89.8207 4.45059
      vertex 45.272 90.0067 4.48759
    endloop
  endfacet
  facet normal 0 0.5556 -0.83145
    outer loop
      vertex 45.272 89.3133 4.20036
      vertex 46.272 89.471 4.30574
      vertex 46.272 89.3133 4.20036
    endloop
  endfacet
  facet normal 0 0.5556 -0.83145
    outer loop
      vertex 46.272 89.471 4.30574
      vertex 45.272 89.3133 4.20036
      vertex 45.272 89.471 4.30574
    endloop
  endfacet
  facet normal 0 0.751727 -0.659474
    outer loop
      vertex 46.272 89.0456 3.9327
      vertex 45.272 89.1707 4.0753
      vertex 46.272 89.1707 4.0753
    endloop
  endfacet
  facet normal 0 0.751727 -0.659474
    outer loop
      vertex 45.272 89.1707 4.0753
      vertex 46.272 89.0456 3.9327
      vertex 45.272 89.0456 3.9327
    endloop
  endfacet
  facet normal -0 0.321411 0.94694
    outer loop
      vertex 45.272 89.8207 1.64941
      vertex 46.272 89.6411 1.71037
      vertex 46.272 89.8207 1.64941
    endloop
  endfacet
  facet normal 0 0.321411 0.94694
    outer loop
      vertex 46.272 89.6411 1.71037
      vertex 45.272 89.8207 1.64941
      vertex 45.272 89.6411 1.71037
    endloop
  endfacet
  facet normal 0 -0.980789 -0.195072
    outer loop
      vertex 45.272 98.2336 3.23926
      vertex 46.272 98.1966 3.42529
      vertex 45.272 98.1966 3.42529
    endloop
  endfacet
  facet normal 0 -0.980789 -0.195072
    outer loop
      vertex 46.272 98.1966 3.42529
      vertex 45.272 98.2336 3.23926
      vertex 46.272 98.2336 3.23926
    endloop
  endfacet
  facet normal 0 -0.997861 -0.0653782
    outer loop
      vertex 45.272 98.246 3.05
      vertex 46.272 98.2336 3.23926
      vertex 45.272 98.2336 3.23926
    endloop
  endfacet
  facet normal 0 -0.997861 -0.0653782
    outer loop
      vertex 46.272 98.2336 3.23926
      vertex 45.272 98.246 3.05
      vertex 46.272 98.246 3.05
    endloop
  endfacet
  facet normal 0 -0.980789 0.195072
    outer loop
      vertex 45.272 98.1966 2.67471
      vertex 46.272 98.2336 2.86074
      vertex 45.272 98.2336 2.86074
    endloop
  endfacet
  facet normal 0 -0.980789 0.195072
    outer loop
      vertex 46.272 98.2336 2.86074
      vertex 45.272 98.1966 2.67471
      vertex 46.272 98.1966 2.67471
    endloop
  endfacet
  facet normal 0 -0.195153 0.980773
    outer loop
      vertex 45.272 97.1713 1.64941
      vertex 46.272 96.9853 1.6124
      vertex 46.272 97.1713 1.64941
    endloop
  endfacet
  facet normal 0 -0.195153 0.980773
    outer loop
      vertex 46.272 96.9853 1.6124
      vertex 45.272 97.1713 1.64941
      vertex 45.272 96.9853 1.6124
    endloop
  endfacet
  facet normal 0 -0.5556 0.83145
    outer loop
      vertex 45.272 97.6787 1.89964
      vertex 46.272 97.521 1.79426
      vertex 46.272 97.6787 1.89964
    endloop
  endfacet
  facet normal 0 -0.5556 0.83145
    outer loop
      vertex 46.272 97.521 1.79426
      vertex 45.272 97.6787 1.89964
      vertex 45.272 97.521 1.79426
    endloop
  endfacet
  facet normal 0 0.89685 -0.442335
    outer loop
      vertex 46.272 88.8564 3.60489
      vertex 45.272 88.9403 3.775
      vertex 46.272 88.9403 3.775
    endloop
  endfacet
  facet normal 0 0.89685 -0.442335
    outer loop
      vertex 45.272 88.9403 3.775
      vertex 46.272 88.8564 3.60489
      vertex 45.272 88.8564 3.60489
    endloop
  endfacet
  facet normal 0 0.321458 -0.946924
    outer loop
      vertex 45.272 89.6411 4.38962
      vertex 46.272 89.8207 4.45059
      vertex 46.272 89.6411 4.38962
    endloop
  endfacet
  facet normal 0 0.321458 -0.946924
    outer loop
      vertex 46.272 89.8207 4.45059
      vertex 45.272 89.6411 4.38962
      vertex 45.272 89.8207 4.45059
    endloop
  endfacet
  facet normal 0 0.659355 -0.751832
    outer loop
      vertex 45.272 89.1707 4.0753
      vertex 46.272 89.3133 4.20036
      vertex 46.272 89.1707 4.0753
    endloop
  endfacet
  facet normal 0 0.659355 -0.751832
    outer loop
      vertex 46.272 89.3133 4.20036
      vertex 45.272 89.1707 4.0753
      vertex 45.272 89.3133 4.20036
    endloop
  endfacet
  facet normal -0 0.5556 0.83145
    outer loop
      vertex 45.272 89.471 1.79426
      vertex 46.272 89.3133 1.89964
      vertex 46.272 89.471 1.79426
    endloop
  endfacet
  facet normal 0 0.5556 0.83145
    outer loop
      vertex 46.272 89.3133 1.89964
      vertex 45.272 89.471 1.79426
      vertex 45.272 89.3133 1.89964
    endloop
  endfacet
  facet normal -0 0.442314 0.89686
    outer loop
      vertex 45.272 89.6411 1.71037
      vertex 46.272 89.471 1.79426
      vertex 46.272 89.6411 1.71037
    endloop
  endfacet
  facet normal 0 0.442314 0.89686
    outer loop
      vertex 46.272 89.471 1.79426
      vertex 45.272 89.6411 1.71037
      vertex 45.272 89.471 1.79426
    endloop
  endfacet
  facet normal 0 0.831644 0.555309
    outer loop
      vertex 46.272 89.0456 2.1673
      vertex 45.272 88.9403 2.325
      vertex 46.272 88.9403 2.325
    endloop
  endfacet
  facet normal 0 0.831644 0.555309
    outer loop
      vertex 45.272 88.9403 2.325
      vertex 46.272 89.0456 2.1673
      vertex 45.272 89.0456 2.1673
    endloop
  endfacet
  facet normal 0 0.980789 0.195072
    outer loop
      vertex 46.272 88.7954 2.67471
      vertex 45.272 88.7584 2.86074
      vertex 46.272 88.7584 2.86074
    endloop
  endfacet
  facet normal 0 0.980789 0.195072
    outer loop
      vertex 45.272 88.7584 2.86074
      vertex 46.272 88.7954 2.67471
      vertex 45.272 88.7954 2.67471
    endloop
  endfacet
  facet normal 0 -0.946876 -0.3216
    outer loop
      vertex 45.272 98.1966 3.42529
      vertex 46.272 98.1356 3.60489
      vertex 45.272 98.1356 3.60489
    endloop
  endfacet
  facet normal 0 -0.946876 -0.3216
    outer loop
      vertex 46.272 98.1356 3.60489
      vertex 45.272 98.1966 3.42529
      vertex 46.272 98.1966 3.42529
    endloop
  endfacet
  facet normal 0 -0.946876 0.3216
    outer loop
      vertex 45.272 98.1356 2.49511
      vertex 46.272 98.1966 2.67471
      vertex 45.272 98.1966 2.67471
    endloop
  endfacet
  facet normal 0 -0.946876 0.3216
    outer loop
      vertex 46.272 98.1966 2.67471
      vertex 45.272 98.1356 2.49511
      vertex 46.272 98.1356 2.49511
    endloop
  endfacet
  facet normal 0 -0.89685 0.442335
    outer loop
      vertex 45.272 98.0517 2.325
      vertex 46.272 98.1356 2.49511
      vertex 45.272 98.1356 2.49511
    endloop
  endfacet
  facet normal 0 -0.89685 0.442335
    outer loop
      vertex 46.272 98.1356 2.49511
      vertex 45.272 98.0517 2.325
      vertex 46.272 98.0517 2.325
    endloop
  endfacet
  facet normal 0 -0.997861 0.0653782
    outer loop
      vertex 45.272 98.2336 2.86074
      vertex 46.272 98.246 3.05
      vertex 45.272 98.246 3.05
    endloop
  endfacet
  facet normal 0 -0.997861 0.0653782
    outer loop
      vertex 46.272 98.246 3.05
      vertex 45.272 98.2336 2.86074
      vertex 46.272 98.2336 2.86074
    endloop
  endfacet
  facet normal 0 0.89685 0.442335
    outer loop
      vertex 46.272 88.9403 2.325
      vertex 45.272 88.8564 2.49511
      vertex 46.272 88.8564 2.49511
    endloop
  endfacet
  facet normal 0 0.89685 0.442335
    outer loop
      vertex 45.272 88.8564 2.49511
      vertex 46.272 88.9403 2.325
      vertex 45.272 88.9403 2.325
    endloop
  endfacet
  facet normal 0 0.946876 0.3216
    outer loop
      vertex 46.272 88.8564 2.49511
      vertex 45.272 88.7954 2.67471
      vertex 46.272 88.7954 2.67471
    endloop
  endfacet
  facet normal 0 0.946876 0.3216
    outer loop
      vertex 45.272 88.7954 2.67471
      vertex 46.272 88.8564 2.49511
      vertex 45.272 88.8564 2.49511
    endloop
  endfacet
  facet normal -0 0 1
    outer loop
      vertex 45.272 86.196 1.6
      vertex 46.272 79.596 1.6
      vertex 46.272 86.196 1.6
    endloop
  endfacet
  facet normal 0 0 1
    outer loop
      vertex 46.272 79.596 1.6
      vertex 45.272 86.196 1.6
      vertex 45.272 79.596 1.6
    endloop
  endfacet
  facet normal 0 0.0654169 -0.997858
    outer loop
      vertex 45.272 79.4067 4.48759
      vertex 46.272 79.596 4.5
      vertex 46.272 79.4067 4.48759
    endloop
  endfacet
  facet normal 0 0.0654169 -0.997858
    outer loop
      vertex 46.272 79.596 4.5
      vertex 45.272 79.4067 4.48759
      vertex 45.272 79.596 4.5
    endloop
  endfacet
  facet normal -0 0.195153 0.980773
    outer loop
      vertex 45.272 79.4067 1.6124
      vertex 46.272 79.2207 1.64941
      vertex 46.272 79.4067 1.6124
    endloop
  endfacet
  facet normal 0 0.195153 0.980773
    outer loop
      vertex 46.272 79.2207 1.64941
      vertex 45.272 79.4067 1.6124
      vertex 45.272 79.2207 1.64941
    endloop
  endfacet
  facet normal 0 -0.195102 -0.980783
    outer loop
      vertex 45.272 86.3853 4.48759
      vertex 46.272 86.5713 4.45059
      vertex 46.272 86.3853 4.48759
    endloop
  endfacet
  facet normal -0 -0.195102 -0.980783
    outer loop
      vertex 46.272 86.5713 4.45059
      vertex 45.272 86.3853 4.48759
      vertex 45.272 86.5713 4.45059
    endloop
  endfacet
  facet normal 0 -0.0653644 0.997861
    outer loop
      vertex 45.272 86.3853 1.6124
      vertex 46.272 86.196 1.6
      vertex 46.272 86.3853 1.6124
    endloop
  endfacet
  facet normal 0 -0.0653644 0.997861
    outer loop
      vertex 46.272 86.196 1.6
      vertex 45.272 86.3853 1.6124
      vertex 45.272 86.196 1.6
    endloop
  endfacet
  facet normal 0 0.75175 0.659448
    outer loop
      vertex 46.272 78.5707 2.02469
      vertex 45.272 78.4456 2.1673
      vertex 46.272 78.4456 2.1673
    endloop
  endfacet
  facet normal 0 0.75175 0.659448
    outer loop
      vertex 45.272 78.4456 2.1673
      vertex 46.272 78.5707 2.02469
      vertex 45.272 78.5707 2.02469
    endloop
  endfacet
  facet normal 0 -0.0654169 -0.997858
    outer loop
      vertex 45.272 86.196 4.5
      vertex 46.272 86.3853 4.48759
      vertex 46.272 86.196 4.5
    endloop
  endfacet
  facet normal -0 -0.0654169 -0.997858
    outer loop
      vertex 46.272 86.3853 4.48759
      vertex 45.272 86.196 4.5
      vertex 45.272 86.3853 4.48759
    endloop
  endfacet
  facet normal 0 0 -1
    outer loop
      vertex 45.272 79.596 4.5
      vertex 46.272 86.196 4.5
      vertex 46.272 79.596 4.5
    endloop
  endfacet
  facet normal -0 0 -1
    outer loop
      vertex 46.272 86.196 4.5
      vertex 45.272 79.596 4.5
      vertex 45.272 86.196 4.5
    endloop
  endfacet
  facet normal 0 -0.321458 -0.946924
    outer loop
      vertex 45.272 86.5713 4.45059
      vertex 46.272 86.7509 4.38962
      vertex 46.272 86.5713 4.45059
    endloop
  endfacet
  facet normal -0 -0.321458 -0.946924
    outer loop
      vertex 46.272 86.7509 4.38962
      vertex 45.272 86.5713 4.45059
      vertex 45.272 86.7509 4.38962
    endloop
  endfacet
  facet normal 0 -0.442272 -0.896881
    outer loop
      vertex 45.272 86.7509 4.38962
      vertex 46.272 86.921 4.30574
      vertex 46.272 86.7509 4.38962
    endloop
  endfacet
  facet normal -0 -0.442272 -0.896881
    outer loop
      vertex 46.272 86.921 4.30574
      vertex 45.272 86.7509 4.38962
      vertex 45.272 86.921 4.30574
    endloop
  endfacet
  facet normal 0 -0.831644 -0.555309
    outer loop
      vertex 45.272 87.4517 3.775
      vertex 46.272 87.3464 3.9327
      vertex 45.272 87.3464 3.9327
    endloop
  endfacet
  facet normal 0 -0.831644 -0.555309
    outer loop
      vertex 46.272 87.3464 3.9327
      vertex 45.272 87.4517 3.775
      vertex 46.272 87.4517 3.775
    endloop
  endfacet
  facet normal 0 -0.659355 -0.751832
    outer loop
      vertex 45.272 87.0787 4.20036
      vertex 46.272 87.2213 4.0753
      vertex 46.272 87.0787 4.20036
    endloop
  endfacet
  facet normal -0 -0.659355 -0.751832
    outer loop
      vertex 46.272 87.2213 4.0753
      vertex 45.272 87.0787 4.20036
      vertex 45.272 87.2213 4.0753
    endloop
  endfacet
  facet normal 0 -0.89685 -0.442335
    outer loop
      vertex 45.272 87.5356 3.60489
      vertex 46.272 87.4517 3.775
      vertex 45.272 87.4517 3.775
    endloop
  endfacet
  facet normal 0 -0.89685 -0.442335
    outer loop
      vertex 46.272 87.4517 3.775
      vertex 45.272 87.5356 3.60489
      vertex 46.272 87.5356 3.60489
    endloop
  endfacet
  facet normal 0 0.997861 -0.0653782
    outer loop
      vertex 46.272 78.146 3.05
      vertex 45.272 78.1584 3.23926
      vertex 46.272 78.1584 3.23926
    endloop
  endfacet
  facet normal 0 0.997861 -0.0653782
    outer loop
      vertex 45.272 78.1584 3.23926
      vertex 46.272 78.146 3.05
      vertex 45.272 78.146 3.05
    endloop
  endfacet
  facet normal -0 0.0653644 0.997861
    outer loop
      vertex 45.272 79.596 1.6
      vertex 46.272 79.4067 1.6124
      vertex 46.272 79.596 1.6
    endloop
  endfacet
  facet normal 0 0.0653644 0.997861
    outer loop
      vertex 46.272 79.4067 1.6124
      vertex 45.272 79.596 1.6
      vertex 45.272 79.4067 1.6124
    endloop
  endfacet
  facet normal -0 0.659325 0.751858
    outer loop
      vertex 45.272 78.7133 1.89964
      vertex 46.272 78.5707 2.02469
      vertex 46.272 78.7133 1.89964
    endloop
  endfacet
  facet normal 0 0.659325 0.751858
    outer loop
      vertex 46.272 78.5707 2.02469
      vertex 45.272 78.7133 1.89964
      vertex 45.272 78.5707 2.02469
    endloop
  endfacet
  facet normal 0 0.997861 0.0653782
    outer loop
      vertex 46.272 78.1584 2.86074
      vertex 45.272 78.146 3.05
      vertex 46.272 78.146 3.05
    endloop
  endfacet
  facet normal 0 0.997861 0.0653782
    outer loop
      vertex 45.272 78.146 3.05
      vertex 46.272 78.1584 2.86074
      vertex 45.272 78.1584 2.86074
    endloop
  endfacet
  facet normal 0 -0.5556 -0.83145
    outer loop
      vertex 45.272 86.921 4.30574
      vertex 46.272 87.0787 4.20036
      vertex 46.272 86.921 4.30574
    endloop
  endfacet
  facet normal -0 -0.5556 -0.83145
    outer loop
      vertex 46.272 87.0787 4.20036
      vertex 45.272 86.921 4.30574
      vertex 45.272 87.0787 4.20036
    endloop
  endfacet
  facet normal 0 -0.751727 -0.659474
    outer loop
      vertex 45.272 87.3464 3.9327
      vertex 46.272 87.2213 4.0753
      vertex 45.272 87.2213 4.0753
    endloop
  endfacet
  facet normal 0 -0.751727 -0.659474
    outer loop
      vertex 46.272 87.2213 4.0753
      vertex 45.272 87.3464 3.9327
      vertex 46.272 87.3464 3.9327
    endloop
  endfacet
  facet normal 0 -0.89685 0.442335
    outer loop
      vertex 45.272 87.4517 2.325
      vertex 46.272 87.5356 2.49511
      vertex 45.272 87.5356 2.49511
    endloop
  endfacet
  facet normal 0 -0.89685 0.442335
    outer loop
      vertex 46.272 87.5356 2.49511
      vertex 45.272 87.4517 2.325
      vertex 46.272 87.4517 2.325
    endloop
  endfacet
  facet normal 0 -0.75175 0.659448
    outer loop
      vertex 45.272 87.2213 2.02469
      vertex 46.272 87.3464 2.1673
      vertex 45.272 87.3464 2.1673
    endloop
  endfacet
  facet normal 0 -0.75175 0.659448
    outer loop
      vertex 46.272 87.3464 2.1673
      vertex 45.272 87.2213 2.02469
      vertex 46.272 87.2213 2.02469
    endloop
  endfacet
  facet normal 0 -0.831644 0.555309
    outer loop
      vertex 45.272 87.3464 2.1673
      vertex 46.272 87.4517 2.325
      vertex 45.272 87.4517 2.325
    endloop
  endfacet
  facet normal 0 -0.831644 0.555309
    outer loop
      vertex 46.272 87.4517 2.325
      vertex 45.272 87.3464 2.1673
      vertex 46.272 87.3464 2.1673
    endloop
  endfacet
  facet normal 0 -0.321411 0.94694
    outer loop
      vertex 45.272 86.7509 1.71037
      vertex 46.272 86.5713 1.64941
      vertex 46.272 86.7509 1.71037
    endloop
  endfacet
  facet normal 0 -0.321411 0.94694
    outer loop
      vertex 46.272 86.5713 1.64941
      vertex 45.272 86.7509 1.71037
      vertex 45.272 86.5713 1.64941
    endloop
  endfacet
  facet normal 0 -0.659325 0.751858
    outer loop
      vertex 45.272 87.2213 2.02469
      vertex 46.272 87.0787 1.89964
      vertex 46.272 87.2213 2.02469
    endloop
  endfacet
  facet normal 0 -0.659325 0.751858
    outer loop
      vertex 46.272 87.0787 1.89964
      vertex 45.272 87.2213 2.02469
      vertex 45.272 87.0787 1.89964
    endloop
  endfacet
  facet normal 0 -0.442314 0.89686
    outer loop
      vertex 45.272 86.921 1.79426
      vertex 46.272 86.7509 1.71037
      vertex 46.272 86.921 1.79426
    endloop
  endfacet
  facet normal 0 -0.442314 0.89686
    outer loop
      vertex 46.272 86.7509 1.71037
      vertex 45.272 86.921 1.79426
      vertex 45.272 86.7509 1.71037
    endloop
  endfacet
  facet normal 0 0.946876 -0.3216
    outer loop
      vertex 46.272 78.1954 3.42529
      vertex 45.272 78.2564 3.60489
      vertex 46.272 78.2564 3.60489
    endloop
  endfacet
  facet normal 0 0.946876 -0.3216
    outer loop
      vertex 45.272 78.2564 3.60489
      vertex 46.272 78.1954 3.42529
      vertex 45.272 78.1954 3.42529
    endloop
  endfacet
  facet normal 0 0.831644 -0.555309
    outer loop
      vertex 46.272 78.3403 3.775
      vertex 45.272 78.4456 3.9327
      vertex 46.272 78.4456 3.9327
    endloop
  endfacet
  facet normal 0 0.831644 -0.555309
    outer loop
      vertex 45.272 78.4456 3.9327
      vertex 46.272 78.3403 3.775
      vertex 45.272 78.3403 3.775
    endloop
  endfacet
  facet normal 0 0.980789 -0.195072
    outer loop
      vertex 46.272 78.1584 3.23926
      vertex 45.272 78.1954 3.42529
      vertex 46.272 78.1954 3.42529
    endloop
  endfacet
  facet normal 0 0.980789 -0.195072
    outer loop
      vertex 45.272 78.1954 3.42529
      vertex 46.272 78.1584 3.23926
      vertex 45.272 78.1584 3.23926
    endloop
  endfacet
  facet normal 0 0.442272 -0.896881
    outer loop
      vertex 45.272 78.871 4.30574
      vertex 46.272 79.0411 4.38962
      vertex 46.272 78.871 4.30574
    endloop
  endfacet
  facet normal 0 0.442272 -0.896881
    outer loop
      vertex 46.272 79.0411 4.38962
      vertex 45.272 78.871 4.30574
      vertex 45.272 79.0411 4.38962
    endloop
  endfacet
  facet normal 0 0.195102 -0.980783
    outer loop
      vertex 45.272 79.2207 4.45059
      vertex 46.272 79.4067 4.48759
      vertex 46.272 79.2207 4.45059
    endloop
  endfacet
  facet normal 0 0.195102 -0.980783
    outer loop
      vertex 46.272 79.4067 4.48759
      vertex 45.272 79.2207 4.45059
      vertex 45.272 79.4067 4.48759
    endloop
  endfacet
  facet normal 0 0.5556 -0.83145
    outer loop
      vertex 45.272 78.7133 4.20036
      vertex 46.272 78.871 4.30574
      vertex 46.272 78.7133 4.20036
    endloop
  endfacet
  facet normal 0 0.5556 -0.83145
    outer loop
      vertex 46.272 78.871 4.30574
      vertex 45.272 78.7133 4.20036
      vertex 45.272 78.871 4.30574
    endloop
  endfacet
  facet normal 0 0.751727 -0.659474
    outer loop
      vertex 46.272 78.4456 3.9327
      vertex 45.272 78.5707 4.0753
      vertex 46.272 78.5707 4.0753
    endloop
  endfacet
  facet normal 0 0.751727 -0.659474
    outer loop
      vertex 45.272 78.5707 4.0753
      vertex 46.272 78.4456 3.9327
      vertex 45.272 78.4456 3.9327
    endloop
  endfacet
  facet normal -0 0.321411 0.94694
    outer loop
      vertex 45.272 79.2207 1.64941
      vertex 46.272 79.0411 1.71037
      vertex 46.272 79.2207 1.64941
    endloop
  endfacet
  facet normal 0 0.321411 0.94694
    outer loop
      vertex 46.272 79.0411 1.71037
      vertex 45.272 79.2207 1.64941
      vertex 45.272 79.0411 1.71037
    endloop
  endfacet
  facet normal 0 -0.997861 -0.0653782
    outer loop
      vertex 45.272 87.646 3.05
      vertex 46.272 87.6336 3.23926
      vertex 45.272 87.6336 3.23926
    endloop
  endfacet
  facet normal 0 -0.997861 -0.0653782
    outer loop
      vertex 46.272 87.6336 3.23926
      vertex 45.272 87.646 3.05
      vertex 46.272 87.646 3.05
    endloop
  endfacet
  facet normal 0 -0.980789 0.195072
    outer loop
      vertex 45.272 87.5966 2.67471
      vertex 46.272 87.6336 2.86074
      vertex 45.272 87.6336 2.86074
    endloop
  endfacet
  facet normal 0 -0.980789 0.195072
    outer loop
      vertex 46.272 87.6336 2.86074
      vertex 45.272 87.5966 2.67471
      vertex 46.272 87.5966 2.67471
    endloop
  endfacet
  facet normal 0 -0.195153 0.980773
    outer loop
      vertex 45.272 86.5713 1.64941
      vertex 46.272 86.3853 1.6124
      vertex 46.272 86.5713 1.64941
    endloop
  endfacet
  facet normal 0 -0.195153 0.980773
    outer loop
      vertex 46.272 86.3853 1.6124
      vertex 45.272 86.5713 1.64941
      vertex 45.272 86.3853 1.6124
    endloop
  endfacet
  facet normal 0 -0.5556 0.83145
    outer loop
      vertex 45.272 87.0787 1.89964
      vertex 46.272 86.921 1.79426
      vertex 46.272 87.0787 1.89964
    endloop
  endfacet
  facet normal 0 -0.5556 0.83145
    outer loop
      vertex 46.272 86.921 1.79426
      vertex 45.272 87.0787 1.89964
      vertex 45.272 86.921 1.79426
    endloop
  endfacet
  facet normal 0 0.89685 -0.442335
    outer loop
      vertex 46.272 78.2564 3.60489
      vertex 45.272 78.3403 3.775
      vertex 46.272 78.3403 3.775
    endloop
  endfacet
  facet normal 0 0.89685 -0.442335
    outer loop
      vertex 45.272 78.3403 3.775
      vertex 46.272 78.2564 3.60489
      vertex 45.272 78.2564 3.60489
    endloop
  endfacet
  facet normal 0 0.321458 -0.946924
    outer loop
      vertex 45.272 79.0411 4.38962
      vertex 46.272 79.2207 4.45059
      vertex 46.272 79.0411 4.38962
    endloop
  endfacet
  facet normal 0 0.321458 -0.946924
    outer loop
      vertex 46.272 79.2207 4.45059
      vertex 45.272 79.0411 4.38962
      vertex 45.272 79.2207 4.45059
    endloop
  endfacet
  facet normal 0 0.659355 -0.751832
    outer loop
      vertex 45.272 78.5707 4.0753
      vertex 46.272 78.7133 4.20036
      vertex 46.272 78.5707 4.0753
    endloop
  endfacet
  facet normal 0 0.659355 -0.751832
    outer loop
      vertex 46.272 78.7133 4.20036
      vertex 45.272 78.5707 4.0753
      vertex 45.272 78.7133 4.20036
    endloop
  endfacet
  facet normal -0 0.5556 0.83145
    outer loop
      vertex 45.272 78.871 1.79426
      vertex 46.272 78.7133 1.89964
      vertex 46.272 78.871 1.79426
    endloop
  endfacet
  facet normal 0 0.5556 0.83145
    outer loop
      vertex 46.272 78.7133 1.89964
      vertex 45.272 78.871 1.79426
      vertex 45.272 78.7133 1.89964
    endloop
  endfacet
  facet normal -0 0.442314 0.89686
    outer loop
      vertex 45.272 79.0411 1.71037
      vertex 46.272 78.871 1.79426
      vertex 46.272 79.0411 1.71037
    endloop
  endfacet
  facet normal 0 0.442314 0.89686
    outer loop
      vertex 46.272 78.871 1.79426
      vertex 45.272 79.0411 1.71037
      vertex 45.272 78.871 1.79426
    endloop
  endfacet
  facet normal 0 0.831644 0.555309
    outer loop
      vertex 46.272 78.4456 2.1673
      vertex 45.272 78.3403 2.325
      vertex 46.272 78.3403 2.325
    endloop
  endfacet
  facet normal 0 0.831644 0.555309
    outer loop
      vertex 45.272 78.3403 2.325
      vertex 46.272 78.4456 2.1673
      vertex 45.272 78.4456 2.1673
    endloop
  endfacet
  facet normal 0 0.980789 0.195072
    outer loop
      vertex 46.272 78.1954 2.67471
      vertex 45.272 78.1584 2.86074
      vertex 46.272 78.1584 2.86074
    endloop
  endfacet
  facet normal 0 0.980789 0.195072
    outer loop
      vertex 45.272 78.1584 2.86074
      vertex 46.272 78.1954 2.67471
      vertex 45.272 78.1954 2.67471
    endloop
  endfacet
  facet normal 0 -0.946876 -0.3216
    outer loop
      vertex 45.272 87.5966 3.42529
      vertex 46.272 87.5356 3.60489
      vertex 45.272 87.5356 3.60489
    endloop
  endfacet
  facet normal 0 -0.946876 -0.3216
    outer loop
      vertex 46.272 87.5356 3.60489
      vertex 45.272 87.5966 3.42529
      vertex 46.272 87.5966 3.42529
    endloop
  endfacet
  facet normal 0 -0.980789 -0.195072
    outer loop
      vertex 45.272 87.6336 3.23926
      vertex 46.272 87.5966 3.42529
      vertex 45.272 87.5966 3.42529
    endloop
  endfacet
  facet normal 0 -0.980789 -0.195072
    outer loop
      vertex 46.272 87.5966 3.42529
      vertex 45.272 87.6336 3.23926
      vertex 46.272 87.6336 3.23926
    endloop
  endfacet
  facet normal 0 -0.946876 0.3216
    outer loop
      vertex 45.272 87.5356 2.49511
      vertex 46.272 87.5966 2.67471
      vertex 45.272 87.5966 2.67471
    endloop
  endfacet
  facet normal 0 -0.946876 0.3216
    outer loop
      vertex 46.272 87.5966 2.67471
      vertex 45.272 87.5356 2.49511
      vertex 46.272 87.5356 2.49511
    endloop
  endfacet
  facet normal 0 -0.997861 0.0653782
    outer loop
      vertex 45.272 87.6336 2.86074
      vertex 46.272 87.646 3.05
      vertex 45.272 87.646 3.05
    endloop
  endfacet
  facet normal 0 -0.997861 0.0653782
    outer loop
      vertex 46.272 87.646 3.05
      vertex 45.272 87.6336 2.86074
      vertex 46.272 87.6336 2.86074
    endloop
  endfacet
  facet normal 0 0.89685 0.442335
    outer loop
      vertex 46.272 78.3403 2.325
      vertex 45.272 78.2564 2.49511
      vertex 46.272 78.2564 2.49511
    endloop
  endfacet
  facet normal 0 0.89685 0.442335
    outer loop
      vertex 45.272 78.2564 2.49511
      vertex 46.272 78.3403 2.325
      vertex 45.272 78.3403 2.325
    endloop
  endfacet
  facet normal 0 0.946876 0.3216
    outer loop
      vertex 46.272 78.2564 2.49511
      vertex 45.272 78.1954 2.67471
      vertex 46.272 78.1954 2.67471
    endloop
  endfacet
  facet normal 0 0.946876 0.3216
    outer loop
      vertex 45.272 78.1954 2.67471
      vertex 46.272 78.2564 2.49511
      vertex 45.272 78.2564 2.49511
    endloop
  endfacet
  facet normal -0 0.195153 0.980773
    outer loop
      vertex 45.272 67.4067 1.6124
      vertex 46.272 67.2207 1.64941
      vertex 46.272 67.4067 1.6124
    endloop
  endfacet
  facet normal 0 0.195153 0.980773
    outer loop
      vertex 46.272 67.2207 1.64941
      vertex 45.272 67.4067 1.6124
      vertex 45.272 67.2207 1.64941
    endloop
  endfacet
  facet normal 0 -0.980789 -0.195072
    outer loop
      vertex 45.272 73.6336 3.23926
      vertex 46.272 73.5966 3.42529
      vertex 45.272 73.5966 3.42529
    endloop
  endfacet
  facet normal 0 -0.980789 -0.195072
    outer loop
      vertex 46.272 73.5966 3.42529
      vertex 45.272 73.6336 3.23926
      vertex 46.272 73.6336 3.23926
    endloop
  endfacet
  facet normal 0 -0.195102 -0.980783
    outer loop
      vertex 45.272 72.3853 4.48759
      vertex 46.272 72.5713 4.45059
      vertex 46.272 72.3853 4.48759
    endloop
  endfacet
  facet normal -0 -0.195102 -0.980783
    outer loop
      vertex 46.272 72.5713 4.45059
      vertex 45.272 72.3853 4.48759
      vertex 45.272 72.5713 4.45059
    endloop
  endfacet
  facet normal 0 0.946876 -0.3216
    outer loop
      vertex 46.272 66.1954 3.42529
      vertex 45.272 66.2564 3.60489
      vertex 46.272 66.2564 3.60489
    endloop
  endfacet
  facet normal 0 0.946876 -0.3216
    outer loop
      vertex 45.272 66.2564 3.60489
      vertex 46.272 66.1954 3.42529
      vertex 45.272 66.1954 3.42529
    endloop
  endfacet
  facet normal -0 0.5556 0.83145
    outer loop
      vertex 45.272 66.871 1.79426
      vertex 46.272 66.7133 1.89964
      vertex 46.272 66.871 1.79426
    endloop
  endfacet
  facet normal 0 0.5556 0.83145
    outer loop
      vertex 46.272 66.7133 1.89964
      vertex 45.272 66.871 1.79426
      vertex 45.272 66.7133 1.89964
    endloop
  endfacet
  facet normal 0 0.89685 0.442335
    outer loop
      vertex 46.272 66.3403 2.325
      vertex 45.272 66.2564 2.49511
      vertex 46.272 66.2564 2.49511
    endloop
  endfacet
  facet normal 0 0.89685 0.442335
    outer loop
      vertex 45.272 66.2564 2.49511
      vertex 46.272 66.3403 2.325
      vertex 45.272 66.3403 2.325
    endloop
  endfacet
  facet normal -0 0 1
    outer loop
      vertex 45.272 72.196 1.6
      vertex 46.272 67.596 1.6
      vertex 46.272 72.196 1.6
    endloop
  endfacet
  facet normal 0 0 1
    outer loop
      vertex 46.272 67.596 1.6
      vertex 45.272 72.196 1.6
      vertex 45.272 67.596 1.6
    endloop
  endfacet
  facet normal 0 -0.195153 0.980773
    outer loop
      vertex 45.272 72.5713 1.64941
      vertex 46.272 72.3853 1.6124
      vertex 46.272 72.5713 1.64941
    endloop
  endfacet
  facet normal 0 -0.195153 0.980773
    outer loop
      vertex 46.272 72.3853 1.6124
      vertex 45.272 72.5713 1.64941
      vertex 45.272 72.3853 1.6124
    endloop
  endfacet
  facet normal 0 0.5556 -0.83145
    outer loop
      vertex 45.272 66.7133 4.20036
      vertex 46.272 66.871 4.30574
      vertex 46.272 66.7133 4.20036
    endloop
  endfacet
  facet normal 0 0.5556 -0.83145
    outer loop
      vertex 46.272 66.871 4.30574
      vertex 45.272 66.7133 4.20036
      vertex 45.272 66.871 4.30574
    endloop
  endfacet
  facet normal 0 0.997861 0.0653782
    outer loop
      vertex 46.272 66.1584 2.86074
      vertex 45.272 66.146 3.05
      vertex 46.272 66.146 3.05
    endloop
  endfacet
  facet normal 0 0.997861 0.0653782
    outer loop
      vertex 45.272 66.146 3.05
      vertex 46.272 66.1584 2.86074
      vertex 45.272 66.1584 2.86074
    endloop
  endfacet
  facet normal 0 0.831644 -0.555309
    outer loop
      vertex 46.272 66.3403 3.775
      vertex 45.272 66.4456 3.9327
      vertex 46.272 66.4456 3.9327
    endloop
  endfacet
  facet normal 0 0.831644 -0.555309
    outer loop
      vertex 45.272 66.4456 3.9327
      vertex 46.272 66.3403 3.775
      vertex 45.272 66.3403 3.775
    endloop
  endfacet
  facet normal 0 0.980789 0.195072
    outer loop
      vertex 46.272 66.1954 2.67471
      vertex 45.272 66.1584 2.86074
      vertex 46.272 66.1584 2.86074
    endloop
  endfacet
  facet normal 0 0.980789 0.195072
    outer loop
      vertex 45.272 66.1584 2.86074
      vertex 46.272 66.1954 2.67471
      vertex 45.272 66.1954 2.67471
    endloop
  endfacet
  facet normal 0 0.831644 0.555309
    outer loop
      vertex 46.272 66.4456 2.1673
      vertex 45.272 66.3403 2.325
      vertex 46.272 66.3403 2.325
    endloop
  endfacet
  facet normal 0 0.831644 0.555309
    outer loop
      vertex 45.272 66.3403 2.325
      vertex 46.272 66.4456 2.1673
      vertex 45.272 66.4456 2.1673
    endloop
  endfacet
  facet normal -0 0.442314 0.89686
    outer loop
      vertex 45.272 67.0411 1.71037
      vertex 46.272 66.871 1.79426
      vertex 46.272 67.0411 1.71037
    endloop
  endfacet
  facet normal 0 0.442314 0.89686
    outer loop
      vertex 46.272 66.871 1.79426
      vertex 45.272 67.0411 1.71037
      vertex 45.272 66.871 1.79426
    endloop
  endfacet
  facet normal 0 0.75175 0.659448
    outer loop
      vertex 46.272 66.5707 2.02469
      vertex 45.272 66.4456 2.1673
      vertex 46.272 66.4456 2.1673
    endloop
  endfacet
  facet normal 0 0.75175 0.659448
    outer loop
      vertex 45.272 66.4456 2.1673
      vertex 46.272 66.5707 2.02469
      vertex 45.272 66.5707 2.02469
    endloop
  endfacet
  facet normal -0 0.0653644 0.997861
    outer loop
      vertex 45.272 67.596 1.6
      vertex 46.272 67.4067 1.6124
      vertex 46.272 67.596 1.6
    endloop
  endfacet
  facet normal 0 0.0653644 0.997861
    outer loop
      vertex 46.272 67.4067 1.6124
      vertex 45.272 67.596 1.6
      vertex 45.272 67.4067 1.6124
    endloop
  endfacet
  facet normal 0 -0.0653644 0.997861
    outer loop
      vertex 45.272 72.3853 1.6124
      vertex 46.272 72.196 1.6
      vertex 46.272 72.3853 1.6124
    endloop
  endfacet
  facet normal 0 -0.0653644 0.997861
    outer loop
      vertex 46.272 72.196 1.6
      vertex 45.272 72.3853 1.6124
      vertex 45.272 72.196 1.6
    endloop
  endfacet
  facet normal 0 -0.5556 0.83145
    outer loop
      vertex 45.272 73.0787 1.89964
      vertex 46.272 72.921 1.79426
      vertex 46.272 73.0787 1.89964
    endloop
  endfacet
  facet normal 0 -0.5556 0.83145
    outer loop
      vertex 46.272 72.921 1.79426
      vertex 45.272 73.0787 1.89964
      vertex 45.272 72.921 1.79426
    endloop
  endfacet
  facet normal 0 0 -1
    outer loop
      vertex 45.272 67.596 4.5
      vertex 46.272 72.196 4.5
      vertex 46.272 67.596 4.5
    endloop
  endfacet
  facet normal -0 0 -1
    outer loop
      vertex 46.272 72.196 4.5
      vertex 45.272 67.596 4.5
      vertex 45.272 72.196 4.5
    endloop
  endfacet
  facet normal 0 0.442272 -0.896881
    outer loop
      vertex 45.272 66.871 4.30574
      vertex 46.272 67.0411 4.38962
      vertex 46.272 66.871 4.30574
    endloop
  endfacet
  facet normal 0 0.442272 -0.896881
    outer loop
      vertex 46.272 67.0411 4.38962
      vertex 45.272 66.871 4.30574
      vertex 45.272 67.0411 4.38962
    endloop
  endfacet
  facet normal 0 0.751727 -0.659474
    outer loop
      vertex 46.272 66.4456 3.9327
      vertex 45.272 66.5707 4.0753
      vertex 46.272 66.5707 4.0753
    endloop
  endfacet
  facet normal 0 0.751727 -0.659474
    outer loop
      vertex 45.272 66.5707 4.0753
      vertex 46.272 66.4456 3.9327
      vertex 45.272 66.4456 3.9327
    endloop
  endfacet
  facet normal 0 0.659355 -0.751832
    outer loop
      vertex 45.272 66.5707 4.0753
      vertex 46.272 66.7133 4.20036
      vertex 46.272 66.5707 4.0753
    endloop
  endfacet
  facet normal 0 0.659355 -0.751832
    outer loop
      vertex 46.272 66.7133 4.20036
      vertex 45.272 66.5707 4.0753
      vertex 45.272 66.7133 4.20036
    endloop
  endfacet
  facet normal 0 0.980789 -0.195072
    outer loop
      vertex 46.272 66.1584 3.23926
      vertex 45.272 66.1954 3.42529
      vertex 46.272 66.1954 3.42529
    endloop
  endfacet
  facet normal 0 0.980789 -0.195072
    outer loop
      vertex 45.272 66.1954 3.42529
      vertex 46.272 66.1584 3.23926
      vertex 45.272 66.1584 3.23926
    endloop
  endfacet
  facet normal 0 0.997861 -0.0653782
    outer loop
      vertex 46.272 66.146 3.05
      vertex 45.272 66.1584 3.23926
      vertex 46.272 66.1584 3.23926
    endloop
  endfacet
  facet normal 0 0.997861 -0.0653782
    outer loop
      vertex 45.272 66.1584 3.23926
      vertex 46.272 66.146 3.05
      vertex 45.272 66.146 3.05
    endloop
  endfacet
  facet normal 0 0.89685 -0.442335
    outer loop
      vertex 46.272 66.2564 3.60489
      vertex 45.272 66.3403 3.775
      vertex 46.272 66.3403 3.775
    endloop
  endfacet
  facet normal 0 0.89685 -0.442335
    outer loop
      vertex 45.272 66.3403 3.775
      vertex 46.272 66.2564 3.60489
      vertex 45.272 66.2564 3.60489
    endloop
  endfacet
  facet normal 0 0.946876 0.3216
    outer loop
      vertex 46.272 66.2564 2.49511
      vertex 45.272 66.1954 2.67471
      vertex 46.272 66.1954 2.67471
    endloop
  endfacet
  facet normal 0 0.946876 0.3216
    outer loop
      vertex 45.272 66.1954 2.67471
      vertex 46.272 66.2564 2.49511
      vertex 45.272 66.2564 2.49511
    endloop
  endfacet
  facet normal -0 0.321411 0.94694
    outer loop
      vertex 45.272 67.2207 1.64941
      vertex 46.272 67.0411 1.71037
      vertex 46.272 67.2207 1.64941
    endloop
  endfacet
  facet normal 0 0.321411 0.94694
    outer loop
      vertex 46.272 67.0411 1.71037
      vertex 45.272 67.2207 1.64941
      vertex 45.272 67.0411 1.71037
    endloop
  endfacet
  facet normal -0 0.659325 0.751858
    outer loop
      vertex 45.272 66.7133 1.89964
      vertex 46.272 66.5707 2.02469
      vertex 46.272 66.7133 1.89964
    endloop
  endfacet
  facet normal 0 0.659325 0.751858
    outer loop
      vertex 46.272 66.5707 2.02469
      vertex 45.272 66.7133 1.89964
      vertex 45.272 66.5707 2.02469
    endloop
  endfacet
  facet normal 0 -0.321411 0.94694
    outer loop
      vertex 45.272 72.7509 1.71037
      vertex 46.272 72.5713 1.64941
      vertex 46.272 72.7509 1.71037
    endloop
  endfacet
  facet normal 0 -0.321411 0.94694
    outer loop
      vertex 46.272 72.5713 1.64941
      vertex 45.272 72.7509 1.71037
      vertex 45.272 72.5713 1.64941
    endloop
  endfacet
  facet normal 0 -0.75175 0.659448
    outer loop
      vertex 45.272 73.2213 2.02469
      vertex 46.272 73.3464 2.1673
      vertex 45.272 73.3464 2.1673
    endloop
  endfacet
  facet normal 0 -0.75175 0.659448
    outer loop
      vertex 46.272 73.3464 2.1673
      vertex 45.272 73.2213 2.02469
      vertex 46.272 73.2213 2.02469
    endloop
  endfacet
  facet normal 0 -0.659325 0.751858
    outer loop
      vertex 45.272 73.2213 2.02469
      vertex 46.272 73.0787 1.89964
      vertex 46.272 73.2213 2.02469
    endloop
  endfacet
  facet normal 0 -0.659325 0.751858
    outer loop
      vertex 46.272 73.0787 1.89964
      vertex 45.272 73.2213 2.02469
      vertex 45.272 73.0787 1.89964
    endloop
  endfacet
  facet normal 0 -0.946876 0.3216
    outer loop
      vertex 45.272 73.5356 2.49511
      vertex 46.272 73.5966 2.67471
      vertex 45.272 73.5966 2.67471
    endloop
  endfacet
  facet normal 0 -0.946876 0.3216
    outer loop
      vertex 46.272 73.5966 2.67471
      vertex 45.272 73.5356 2.49511
      vertex 46.272 73.5356 2.49511
    endloop
  endfacet
  facet normal 0 -0.831644 0.555309
    outer loop
      vertex 45.272 73.3464 2.1673
      vertex 46.272 73.4517 2.325
      vertex 45.272 73.4517 2.325
    endloop
  endfacet
  facet normal 0 -0.831644 0.555309
    outer loop
      vertex 46.272 73.4517 2.325
      vertex 45.272 73.3464 2.1673
      vertex 46.272 73.3464 2.1673
    endloop
  endfacet
  facet normal 0 -0.0654169 -0.997858
    outer loop
      vertex 45.272 72.196 4.5
      vertex 46.272 72.3853 4.48759
      vertex 46.272 72.196 4.5
    endloop
  endfacet
  facet normal -0 -0.0654169 -0.997858
    outer loop
      vertex 46.272 72.3853 4.48759
      vertex 45.272 72.196 4.5
      vertex 45.272 72.3853 4.48759
    endloop
  endfacet
  facet normal 0 -0.659355 -0.751832
    outer loop
      vertex 45.272 73.0787 4.20036
      vertex 46.272 73.2213 4.0753
      vertex 46.272 73.0787 4.20036
    endloop
  endfacet
  facet normal -0 -0.659355 -0.751832
    outer loop
      vertex 46.272 73.2213 4.0753
      vertex 45.272 73.0787 4.20036
      vertex 45.272 73.2213 4.0753
    endloop
  endfacet
  facet normal 0 0.195102 -0.980783
    outer loop
      vertex 45.272 67.2207 4.45059
      vertex 46.272 67.4067 4.48759
      vertex 46.272 67.2207 4.45059
    endloop
  endfacet
  facet normal 0 0.195102 -0.980783
    outer loop
      vertex 46.272 67.4067 4.48759
      vertex 45.272 67.2207 4.45059
      vertex 45.272 67.4067 4.48759
    endloop
  endfacet
  facet normal 0 0.0654169 -0.997858
    outer loop
      vertex 45.272 67.4067 4.48759
      vertex 46.272 67.596 4.5
      vertex 46.272 67.4067 4.48759
    endloop
  endfacet
  facet normal 0 0.0654169 -0.997858
    outer loop
      vertex 46.272 67.596 4.5
      vertex 45.272 67.4067 4.48759
      vertex 45.272 67.596 4.5
    endloop
  endfacet
  facet normal 0 0.321458 -0.946924
    outer loop
      vertex 45.272 67.0411 4.38962
      vertex 46.272 67.2207 4.45059
      vertex 46.272 67.0411 4.38962
    endloop
  endfacet
  facet normal 0 0.321458 -0.946924
    outer loop
      vertex 46.272 67.2207 4.45059
      vertex 45.272 67.0411 4.38962
      vertex 45.272 67.2207 4.45059
    endloop
  endfacet
  facet normal 0 -0.442314 0.89686
    outer loop
      vertex 45.272 72.921 1.79426
      vertex 46.272 72.7509 1.71037
      vertex 46.272 72.921 1.79426
    endloop
  endfacet
  facet normal 0 -0.442314 0.89686
    outer loop
      vertex 46.272 72.7509 1.71037
      vertex 45.272 72.921 1.79426
      vertex 45.272 72.7509 1.71037
    endloop
  endfacet
  facet normal 0 -0.980789 0.195072
    outer loop
      vertex 45.272 73.5966 2.67471
      vertex 46.272 73.6336 2.86074
      vertex 45.272 73.6336 2.86074
    endloop
  endfacet
  facet normal 0 -0.980789 0.195072
    outer loop
      vertex 46.272 73.6336 2.86074
      vertex 45.272 73.5966 2.67471
      vertex 46.272 73.5966 2.67471
    endloop
  endfacet
  facet normal 0 -0.997861 -0.0653782
    outer loop
      vertex 45.272 73.646 3.05
      vertex 46.272 73.6336 3.23926
      vertex 45.272 73.6336 3.23926
    endloop
  endfacet
  facet normal 0 -0.997861 -0.0653782
    outer loop
      vertex 46.272 73.6336 3.23926
      vertex 45.272 73.646 3.05
      vertex 46.272 73.646 3.05
    endloop
  endfacet
  facet normal 0 -0.89685 0.442335
    outer loop
      vertex 45.272 73.4517 2.325
      vertex 46.272 73.5356 2.49511
      vertex 45.272 73.5356 2.49511
    endloop
  endfacet
  facet normal 0 -0.89685 0.442335
    outer loop
      vertex 46.272 73.5356 2.49511
      vertex 45.272 73.4517 2.325
      vertex 46.272 73.4517 2.325
    endloop
  endfacet
  facet normal 0 -0.321458 -0.946924
    outer loop
      vertex 45.272 72.5713 4.45059
      vertex 46.272 72.7509 4.38962
      vertex 46.272 72.5713 4.45059
    endloop
  endfacet
  facet normal -0 -0.321458 -0.946924
    outer loop
      vertex 46.272 72.7509 4.38962
      vertex 45.272 72.5713 4.45059
      vertex 45.272 72.7509 4.38962
    endloop
  endfacet
  facet normal 0 -0.5556 -0.83145
    outer loop
      vertex 45.272 72.921 4.30574
      vertex 46.272 73.0787 4.20036
      vertex 46.272 72.921 4.30574
    endloop
  endfacet
  facet normal -0 -0.5556 -0.83145
    outer loop
      vertex 46.272 73.0787 4.20036
      vertex 45.272 72.921 4.30574
      vertex 45.272 73.0787 4.20036
    endloop
  endfacet
  facet normal 0 -0.997861 0.0653782
    outer loop
      vertex 45.272 73.6336 2.86074
      vertex 46.272 73.646 3.05
      vertex 45.272 73.646 3.05
    endloop
  endfacet
  facet normal 0 -0.997861 0.0653782
    outer loop
      vertex 46.272 73.646 3.05
      vertex 45.272 73.6336 2.86074
      vertex 46.272 73.6336 2.86074
    endloop
  endfacet
  facet normal 0 -0.442272 -0.896881
    outer loop
      vertex 45.272 72.7509 4.38962
      vertex 46.272 72.921 4.30574
      vertex 46.272 72.7509 4.38962
    endloop
  endfacet
  facet normal -0 -0.442272 -0.896881
    outer loop
      vertex 46.272 72.921 4.30574
      vertex 45.272 72.7509 4.38962
      vertex 45.272 72.921 4.30574
    endloop
  endfacet
  facet normal 0 -0.751727 -0.659474
    outer loop
      vertex 45.272 73.3464 3.9327
      vertex 46.272 73.2213 4.0753
      vertex 45.272 73.2213 4.0753
    endloop
  endfacet
  facet normal 0 -0.751727 -0.659474
    outer loop
      vertex 46.272 73.2213 4.0753
      vertex 45.272 73.3464 3.9327
      vertex 46.272 73.3464 3.9327
    endloop
  endfacet
  facet normal 0 -0.831644 -0.555309
    outer loop
      vertex 45.272 73.4517 3.775
      vertex 46.272 73.3464 3.9327
      vertex 45.272 73.3464 3.9327
    endloop
  endfacet
  facet normal 0 -0.831644 -0.555309
    outer loop
      vertex 46.272 73.3464 3.9327
      vertex 45.272 73.4517 3.775
      vertex 46.272 73.4517 3.775
    endloop
  endfacet
  facet normal 0 -0.89685 -0.442335
    outer loop
      vertex 45.272 73.5356 3.60489
      vertex 46.272 73.4517 3.775
      vertex 45.272 73.4517 3.775
    endloop
  endfacet
  facet normal 0 -0.89685 -0.442335
    outer loop
      vertex 46.272 73.4517 3.775
      vertex 45.272 73.5356 3.60489
      vertex 46.272 73.5356 3.60489
    endloop
  endfacet
  facet normal 0 -0.946876 -0.3216
    outer loop
      vertex 45.272 73.5966 3.42529
      vertex 46.272 73.5356 3.60489
      vertex 45.272 73.5356 3.60489
    endloop
  endfacet
  facet normal 0 -0.946876 -0.3216
    outer loop
      vertex 46.272 73.5356 3.60489
      vertex 45.272 73.5966 3.42529
      vertex 46.272 73.5966 3.42529
    endloop
  endfacet
  facet normal -0.805192 0.396683 -0.440805
    outer loop
      vertex 0.977886 115.096 0.75
      vertex 0.642387 114.415 0.75
      vertex 0.902732 115.139 0.925975
    endloop
  endfacet
  facet normal 0.00428649 -0.0654017 -0.99785
    outer loop
      vertex 40.8849 1.34438 0.0128326
      vertex 40.272 1.30421 0.0128326
      vertex 40.272 1.5 0
    endloop
  endfacet
  facet normal 0.0654004 -0.997859 -4.1484e-07
    outer loop
      vertex 40.272 0 7
      vertex 40.572 0.0196633 4.4
      vertex 41.0552 0.0513315 7
    endloop
  endfacet
  facet normal 0.0653671 -0.997861 -4.27864e-06
    outer loop
      vertex 40.272 0 7
      vertex 40.5067 0.0153857 4.39572
      vertex 40.572 0.0196633 4.4
    endloop
  endfacet
  facet normal 0.0654515 -0.997856 3.36347e-06
    outer loop
      vertex 40.272 0 7
      vertex 40.4426 0.0111812 4.38296
      vertex 40.5067 0.0153857 4.39572
    endloop
  endfacet
  facet normal 0.0654357 -0.997857 2.33012e-06
    outer loop
      vertex 40.272 0 7
      vertex 40.3807 0.00712198 4.36194
      vertex 40.4426 0.0111812 4.38296
    endloop
  endfacet
  facet normal 0.0653587 -0.997862 -8.583e-07
    outer loop
      vertex 40.272 0 7
      vertex 40.322 0.00327723 4.33301
      vertex 40.3807 0.00712198 4.36194
    endloop
  endfacet
  facet normal 0.0654043 -0.997859 0
    outer loop
      vertex 40.322 0.00327723 4.33301
      vertex 40.272 0 7
      vertex 40.272 0 4.2996
    endloop
  endfacet
  facet normal 0.0653672 -0.997861 5.79004e-06
    outer loop
      vertex 40.6373 0.0239409 4.39572
      vertex 41.0552 0.0513315 7
      vertex 40.572 0.0196633 4.4
    endloop
  endfacet
  facet normal 0.0654507 -0.997856 -7.664e-06
    outer loop
      vertex 40.7014 0.0281454 4.38296
      vertex 41.0552 0.0513315 7
      vertex 40.6373 0.0239409 4.39572
    endloop
  endfacet
  facet normal 0.0654359 -0.997857 -5.65828e-06
    outer loop
      vertex 40.7633 0.0322047 4.36194
      vertex 41.0552 0.0513315 7
      vertex 40.7014 0.0281454 4.38296
    endloop
  endfacet
  facet normal 0.0653588 -0.997862 2.90396e-06
    outer loop
      vertex 40.822 0.0360494 4.33301
      vertex 41.0552 0.0513315 7
      vertex 40.7633 0.0322047 4.36194
    endloop
  endfacet
  facet normal 0.0653824 -0.99786 8.32826e-07
    outer loop
      vertex 40.8764 0.0396138 4.29668
      vertex 41.0552 0.0513315 7
      vertex 40.822 0.0360494 4.33301
    endloop
  endfacet
  facet normal 0.0653695 -0.997861 1.69086e-06
    outer loop
      vertex 40.9256 0.0428368 4.25355
      vertex 41.0552 0.0513315 7
      vertex 40.8764 0.0396138 4.29668
    endloop
  endfacet
  facet normal 0.0654377 -0.997857 -1.54249e-06
    outer loop
      vertex 40.9687 0.0456633 4.20438
      vertex 41.0552 0.0513315 7
      vertex 40.9256 0.0428368 4.25355
    endloop
  endfacet
  facet normal 0.0654645 -0.997855 -2.37508e-06
    outer loop
      vertex 41.005 0.0480449 4.15
      vertex 41.0552 0.0513315 7
      vertex 40.9687 0.0456633 4.20438
    endloop
  endfacet
  facet normal 0.0654602 -0.997855 -2.29796e-06
    outer loop
      vertex 41.0339 0.0499409 4.09134
      vertex 41.0552 0.0513315 7
      vertex 41.005 0.0480449 4.15
    endloop
  endfacet
  facet normal 0.0651642 -0.997875 -1.21129e-07
    outer loop
      vertex 41.055 0.0513188 4.02941
      vertex 41.0552 0.0513315 7
      vertex 41.0339 0.0499409 4.09134
    endloop
  endfacet
  facet normal 0.0633724 -0.99799 0
    outer loop
      vertex 41.0552 0.0513315 7
      vertex 41.055 0.0513188 4.02941
      vertex 41.0552 0.0513315 4.02844
    endloop
  endfacet
  facet normal 0.0653672 -0.997861 5.83883e-06
    outer loop
      vertex 40.5067 0.0153857 3.40428
      vertex 40.272 0 1.5
      vertex 40.572 0.0196633 3.4
    endloop
  endfacet
  facet normal 0.0654513 -0.997856 -4.57025e-06
    outer loop
      vertex 40.4426 0.0111812 3.41704
      vertex 40.272 0 1.5
      vertex 40.5067 0.0153857 3.40428
    endloop
  endfacet
  facet normal 0.0654354 -0.997857 -3.156e-06
    outer loop
      vertex 40.3807 0.00712198 3.43806
      vertex 40.272 0 1.5
      vertex 40.4426 0.0111812 3.41704
    endloop
  endfacet
  facet normal 0.0653588 -0.997862 1.15997e-06
    outer loop
      vertex 40.322 0.00327723 3.46699
      vertex 40.272 0 1.5
      vertex 40.3807 0.00712198 3.43806
    endloop
  endfacet
  facet normal 0.0654043 -0.997859 0
    outer loop
      vertex 40.272 0 1.5
      vertex 40.322 0.00327723 3.46699
      vertex 40.272 0 3.5004
    endloop
  endfacet
  facet normal 0.0653664 -0.997861 5.96095e-06
    outer loop
      vertex 40.272 0 1.5
      vertex 40.6373 0.0239409 3.40428
      vertex 40.572 0.0196633 3.4
    endloop
  endfacet
  facet normal 0.0654004 -0.997859 -5.91497e-07
    outer loop
      vertex 41.0552 0.0513315 1.5
      vertex 40.6373 0.0239409 3.40428
      vertex 40.272 0 1.5
    endloop
  endfacet
  facet normal 0.0654501 -0.997856 1.03633e-05
    outer loop
      vertex 40.6373 0.0239409 3.40428
      vertex 41.0552 0.0513315 1.5
      vertex 40.7014 0.0281454 3.41704
    endloop
  endfacet
  facet normal 0.0654352 -0.997857 7.60252e-06
    outer loop
      vertex 40.7014 0.0281454 3.41704
      vertex 41.0552 0.0513315 1.5
      vertex 40.7633 0.0322047 3.43806
    endloop
  endfacet
  facet normal 0.0653593 -0.997862 -3.88036e-06
    outer loop
      vertex 40.7633 0.0322047 3.43806
      vertex 41.0552 0.0513315 1.5
      vertex 40.822 0.0360494 3.46699
    endloop
  endfacet
  facet normal 0.0653826 -0.99786 -1.10746e-06
    outer loop
      vertex 40.822 0.0360494 3.46699
      vertex 41.0552 0.0513315 1.5
      vertex 40.8764 0.0396138 3.50332
    endloop
  endfacet
  facet normal 0.06537 -0.997861 -2.23881e-06
    outer loop
      vertex 40.8764 0.0396138 3.50332
      vertex 41.0552 0.0513315 1.5
      vertex 40.9256 0.0428368 3.54645
    endloop
  endfacet
  facet normal 0.0654372 -0.997857 2.03455e-06
    outer loop
      vertex 40.9256 0.0428368 3.54645
      vertex 41.0552 0.0513315 1.5
      vertex 40.9687 0.0456633 3.59562
    endloop
  endfacet
  facet normal 0.0654634 -0.997855 3.12223e-06
    outer loop
      vertex 40.9687 0.0456633 3.59562
      vertex 41.0552 0.0513315 1.5
      vertex 41.005 0.0480449 3.65
    endloop
  endfacet
  facet normal 0.0633724 -0.99799 0
    outer loop
      vertex 41.055 0.0513188 3.77059
      vertex 41.0552 0.0513315 1.5
      vertex 41.0552 0.0513315 3.77156
    endloop
  endfacet
  facet normal 0.0651641 -0.997875 1.58463e-07
    outer loop
      vertex 41.0339 0.0499409 3.70866
      vertex 41.0552 0.0513315 1.5
      vertex 41.055 0.0513188 3.77059
    endloop
  endfacet
  facet normal 0.0654587 -0.997855 3.01228e-06
    outer loop
      vertex 41.005 0.0480449 3.65
      vertex 41.0552 0.0513315 1.5
      vertex 41.0339 0.0499409 3.70866
    endloop
  endfacet
  facet normal 0.241309 0.711608 -0.659836
    outer loop
      vertex 42.4 117.333 0.43934
      vertex 41.7447 117.692 0.586858
      vertex 42.4495 117.453 0.586858
    endloop
  endfacet
  facet normal 0.894975 0.441258 -0.0656647
    outer loop
      vertex 45.8034 114.487 1.30421
      vertex 45.4682 115.196 1.5
      vertex 45.8153 114.492 1.5
    endloop
  endfacet
  facet normal 0 0 1
    outer loop
      vertex 45.272 112.196 7
      vertex 46.272 112.196 7
      vertex 46.2207 112.979 7
    endloop
  endfacet
  facet normal 0 0 1
    outer loop
      vertex 46.272 112.196 7
      vertex 45.272 112.196 7
      vertex 46.272 6 7
    endloop
  endfacet
  facet normal 0 0 1
    outer loop
      vertex 45.2292 112.849 7
      vertex 46.2207 112.979 7
      vertex 46.0676 113.749 7
    endloop
  endfacet
  facet normal 0 0 1
    outer loop
      vertex 45.272 6 7
      vertex 46.272 6 7
      vertex 45.272 112.196 7
    endloop
  endfacet
  facet normal 0 0 1
    outer loop
      vertex 45.1016 113.49 7
      vertex 46.0676 113.749 7
      vertex 45.8153 114.492 7
    endloop
  endfacet
  facet normal 0 0 1
    outer loop
      vertex 46.272 6 7
      vertex 45.272 6 7
      vertex 46.2207 5.21684 7
    endloop
  endfacet
  facet normal 0 0 1
    outer loop
      vertex 44.8914 114.109 7
      vertex 45.8153 114.492 7
      vertex 45.4682 115.196 7
    endloop
  endfacet
  facet normal -0 0 1
    outer loop
      vertex 45.2292 5.34737 7
      vertex 46.2207 5.21684 7
      vertex 45.272 6 7
    endloop
  endfacet
  facet normal 0 0 1
    outer loop
      vertex 46.2207 5.21684 7
      vertex 45.2292 5.34737 7
      vertex 46.0676 4.44709 7
    endloop
  endfacet
  facet normal 0 0 1
    outer loop
      vertex 46.2207 112.979 7
      vertex 45.2292 112.849 7
      vertex 45.272 112.196 7
    endloop
  endfacet
  facet normal 0 0 1
    outer loop
      vertex 46.0676 113.749 7
      vertex 45.1016 113.49 7
      vertex 45.2292 112.849 7
    endloop
  endfacet
  facet normal 0 0 1
    outer loop
      vertex 44.6021 114.696 7
      vertex 45.4682 115.196 7
      vertex 45.0321 115.849 7
    endloop
  endfacet
  facet normal 0 0 1
    outer loop
      vertex 45.8153 114.492 7
      vertex 44.8914 114.109 7
      vertex 45.1016 113.49 7
    endloop
  endfacet
  facet normal 0 0 1
    outer loop
      vertex 45.4682 115.196 7
      vertex 44.6021 114.696 7
      vertex 44.8914 114.109 7
    endloop
  endfacet
  facet normal 0 0 1
    outer loop
      vertex 44.2388 115.24 7
      vertex 45.0321 115.849 7
      vertex 44.5146 116.439 7
    endloop
  endfacet
  facet normal 0 0 1
    outer loop
      vertex 45.0321 115.849 7
      vertex 44.2388 115.24 7
      vertex 44.6021 114.696 7
    endloop
  endfacet
  facet normal 0 0 1
    outer loop
      vertex 43.8075 115.732 7
      vertex 44.5146 116.439 7
      vertex 43.9246 116.956 7
    endloop
  endfacet
  facet normal 0 0 1
    outer loop
      vertex 44.5146 116.439 7
      vertex 43.8075 115.732 7
      vertex 44.2388 115.24 7
    endloop
  endfacet
  facet normal 0 0 1
    outer loop
      vertex 43.9246 116.956 7
      vertex 43.3158 116.163 7
      vertex 43.8075 115.732 7
    endloop
  endfacet
  facet normal 0 0 1
    outer loop
      vertex 43.272 117.392 7
      vertex 43.3158 116.163 7
      vertex 43.9246 116.956 7
    endloop
  endfacet
  facet normal 0 0 1
    outer loop
      vertex 43.272 117.392 7
      vertex 42.772 116.526 7
      vertex 43.3158 116.163 7
    endloop
  endfacet
  facet normal 0 0 1
    outer loop
      vertex 42.5681 117.739 7
      vertex 42.772 116.526 7
      vertex 43.272 117.392 7
    endloop
  endfacet
  facet normal 0 0 1
    outer loop
      vertex 42.5681 117.739 7
      vertex 42.1854 116.815 7
      vertex 42.772 116.526 7
    endloop
  endfacet
  facet normal 0 0 1
    outer loop
      vertex 41.8249 117.992 7
      vertex 42.1854 116.815 7
      vertex 42.5681 117.739 7
    endloop
  endfacet
  facet normal 0 0 1
    outer loop
      vertex 41.8249 117.992 7
      vertex 41.5661 117.026 7
      vertex 42.1854 116.815 7
    endloop
  endfacet
  facet normal 0 0 1
    outer loop
      vertex 41.0552 118.145 7
      vertex 41.5661 117.026 7
      vertex 41.8249 117.992 7
    endloop
  endfacet
  facet normal 0 0 1
    outer loop
      vertex 41.0552 118.145 7
      vertex 40.9246 117.153 7
      vertex 41.5661 117.026 7
    endloop
  endfacet
  facet normal 0 0 1
    outer loop
      vertex 40.272 118.196 7
      vertex 40.9246 117.153 7
      vertex 41.0552 118.145 7
    endloop
  endfacet
  facet normal 0 0 1
    outer loop
      vertex 40.272 118.196 7
      vertex 40.272 117.196 7
      vertex 40.9246 117.153 7
    endloop
  endfacet
  facet normal -0 0 1
    outer loop
      vertex 6 118.196 7
      vertex 40.272 117.196 7
      vertex 40.272 118.196 7
    endloop
  endfacet
  facet normal 0 0 1
    outer loop
      vertex 6 118.196 7
      vertex 6 117.196 7
      vertex 40.272 117.196 7
    endloop
  endfacet
  facet normal 0 0 1
    outer loop
      vertex 6 118.196 7
      vertex 5.34737 117.153 7
      vertex 6 117.196 7
    endloop
  endfacet
  facet normal -0 0 1
    outer loop
      vertex 5.21684 118.145 7
      vertex 5.34737 117.153 7
      vertex 6 118.196 7
    endloop
  endfacet
  facet normal 0 0 1
    outer loop
      vertex 5.21684 118.145 7
      vertex 4.7059 117.026 7
      vertex 5.34737 117.153 7
    endloop
  endfacet
  facet normal -0 0 1
    outer loop
      vertex 4.44709 117.992 7
      vertex 4.7059 117.026 7
      vertex 5.21684 118.145 7
    endloop
  endfacet
  facet normal 0 0 1
    outer loop
      vertex 4.44709 117.992 7
      vertex 4.08658 116.815 7
      vertex 4.7059 117.026 7
    endloop
  endfacet
  facet normal -0 0 1
    outer loop
      vertex 3.7039 117.739 7
      vertex 4.08658 116.815 7
      vertex 4.44709 117.992 7
    endloop
  endfacet
  facet normal 0 0 1
    outer loop
      vertex 3.7039 117.739 7
      vertex 3.5 116.526 7
      vertex 4.08658 116.815 7
    endloop
  endfacet
  facet normal -0 0 1
    outer loop
      vertex 3 117.392 7
      vertex 3.5 116.526 7
      vertex 3.7039 117.739 7
    endloop
  endfacet
  facet normal 0 0 1
    outer loop
      vertex 3 117.392 7
      vertex 2.95619 116.163 7
      vertex 3.5 116.526 7
    endloop
  endfacet
  facet normal -0 0 1
    outer loop
      vertex 2.34743 116.956 7
      vertex 2.95619 116.163 7
      vertex 3 117.392 7
    endloop
  endfacet
  facet normal 0 0 1
    outer loop
      vertex 2.95619 116.163 7
      vertex 2.34743 116.956 7
      vertex 2.46447 115.732 7
    endloop
  endfacet
  facet normal -0 0 1
    outer loop
      vertex 1.75736 116.439 7
      vertex 2.46447 115.732 7
      vertex 2.34743 116.956 7
    endloop
  endfacet
  facet normal 0 0 1
    outer loop
      vertex 2.46447 115.732 7
      vertex 1.75736 116.439 7
      vertex 2.03323 115.24 7
    endloop
  endfacet
  facet normal -0 0 1
    outer loop
      vertex 1.23988 115.849 7
      vertex 2.03323 115.24 7
      vertex 1.75736 116.439 7
    endloop
  endfacet
  facet normal 0 0 1
    outer loop
      vertex 2.03323 115.24 7
      vertex 1.23988 115.849 7
      vertex 1.66987 114.696 7
    endloop
  endfacet
  facet normal -0 0 1
    outer loop
      vertex 0.803848 115.196 7
      vertex 1.66987 114.696 7
      vertex 1.23988 115.849 7
    endloop
  endfacet
  facet normal 0 0 1
    outer loop
      vertex 1.66987 114.696 7
      vertex 0.803848 115.196 7
      vertex 1.3806 114.109 7
    endloop
  endfacet
  facet normal -0 0 1
    outer loop
      vertex 0.456723 114.492 7
      vertex 1.3806 114.109 7
      vertex 0.803848 115.196 7
    endloop
  endfacet
  facet normal 0 0 1
    outer loop
      vertex 1.17037 113.49 7
      vertex 0.204446 113.749 7
      vertex 1.04278 112.849 7
    endloop
  endfacet
  facet normal -0 0 1
    outer loop
      vertex 0.204446 113.749 7
      vertex 1.17037 113.49 7
      vertex 0.456723 114.492 7
    endloop
  endfacet
  facet normal 0 0 1
    outer loop
      vertex 1.3806 114.109 7
      vertex 0.456723 114.492 7
      vertex 1.17037 113.49 7
    endloop
  endfacet
  facet normal -0 0 1
    outer loop
      vertex 45.1016 4.7059 7
      vertex 46.0676 4.44709 7
      vertex 45.2292 5.34737 7
    endloop
  endfacet
  facet normal 0 0 1
    outer loop
      vertex 46.0676 4.44709 7
      vertex 45.1016 4.7059 7
      vertex 45.8153 3.7039 7
    endloop
  endfacet
  facet normal -0 0 1
    outer loop
      vertex 44.8914 4.08658 7
      vertex 45.8153 3.7039 7
      vertex 45.1016 4.7059 7
    endloop
  endfacet
  facet normal 0 0 1
    outer loop
      vertex 45.8153 3.7039 7
      vertex 44.8914 4.08658 7
      vertex 45.4682 3 7
    endloop
  endfacet
  facet normal -0 0 1
    outer loop
      vertex 44.6021 3.5 7
      vertex 45.4682 3 7
      vertex 44.8914 4.08658 7
    endloop
  endfacet
  facet normal 0 0 1
    outer loop
      vertex 45.4682 3 7
      vertex 44.6021 3.5 7
      vertex 45.0321 2.34743 7
    endloop
  endfacet
  facet normal -0 0 1
    outer loop
      vertex 44.2388 2.95619 7
      vertex 45.0321 2.34743 7
      vertex 44.6021 3.5 7
    endloop
  endfacet
  facet normal 0 0 1
    outer loop
      vertex 45.0321 2.34743 7
      vertex 44.2388 2.95619 7
      vertex 44.5146 1.75736 7
    endloop
  endfacet
  facet normal -0 0 1
    outer loop
      vertex 43.8075 2.46447 7
      vertex 44.5146 1.75736 7
      vertex 44.2388 2.95619 7
    endloop
  endfacet
  facet normal 0 0 1
    outer loop
      vertex 44.5146 1.75736 7
      vertex 43.8075 2.46447 7
      vertex 43.9246 1.23988 7
    endloop
  endfacet
  facet normal -0 0 1
    outer loop
      vertex 43.3158 2.03323 7
      vertex 43.9246 1.23988 7
      vertex 43.8075 2.46447 7
    endloop
  endfacet
  facet normal 0 0 1
    outer loop
      vertex 43.3158 2.03323 7
      vertex 43.272 0.803848 7
      vertex 43.9246 1.23988 7
    endloop
  endfacet
  facet normal -0 0 1
    outer loop
      vertex 42.772 1.66987 7
      vertex 43.272 0.803848 7
      vertex 43.3158 2.03323 7
    endloop
  endfacet
  facet normal 0 0 1
    outer loop
      vertex 42.772 1.66987 7
      vertex 42.5681 0.456723 7
      vertex 43.272 0.803848 7
    endloop
  endfacet
  facet normal -0 0 1
    outer loop
      vertex 42.1854 1.3806 7
      vertex 42.5681 0.456723 7
      vertex 42.772 1.66987 7
    endloop
  endfacet
  facet normal 0 0 1
    outer loop
      vertex 42.1854 1.3806 7
      vertex 41.8249 0.204446 7
      vertex 42.5681 0.456723 7
    endloop
  endfacet
  facet normal -0 0 1
    outer loop
      vertex 41.5661 1.17037 7
      vertex 41.8249 0.204446 7
      vertex 42.1854 1.3806 7
    endloop
  endfacet
  facet normal 0 0 1
    outer loop
      vertex 41.5661 1.17037 7
      vertex 41.0552 0.0513315 7
      vertex 41.8249 0.204446 7
    endloop
  endfacet
  facet normal -0 0 1
    outer loop
      vertex 40.9246 1.04278 7
      vertex 41.0552 0.0513315 7
      vertex 41.5661 1.17037 7
    endloop
  endfacet
  facet normal -0 0 1
    outer loop
      vertex 40.272 1 7
      vertex 41.0552 0.0513315 7
      vertex 40.9246 1.04278 7
    endloop
  endfacet
  facet normal 0 0 1
    outer loop
      vertex 40.272 1 7
      vertex 40.272 0 7
      vertex 41.0552 0.0513315 7
    endloop
  endfacet
  facet normal -0 0 1
    outer loop
      vertex 6 1 7
      vertex 40.272 0 7
      vertex 40.272 1 7
    endloop
  endfacet
  facet normal 0 0 1
    outer loop
      vertex 6 1 7
      vertex 6 0 7
      vertex 40.272 0 7
    endloop
  endfacet
  facet normal 0 0 1
    outer loop
      vertex 5.34737 1.04278 7
      vertex 6 0 7
      vertex 6 1 7
    endloop
  endfacet
  facet normal 0 0 1
    outer loop
      vertex 5.34737 1.04278 7
      vertex 5.21684 0.0513315 7
      vertex 6 0 7
    endloop
  endfacet
  facet normal 0 0 1
    outer loop
      vertex 4.7059 1.17037 7
      vertex 5.21684 0.0513315 7
      vertex 5.34737 1.04278 7
    endloop
  endfacet
  facet normal 0 0 1
    outer loop
      vertex 4.7059 1.17037 7
      vertex 4.44709 0.204446 7
      vertex 5.21684 0.0513315 7
    endloop
  endfacet
  facet normal 0 0 1
    outer loop
      vertex 4.08658 1.3806 7
      vertex 4.44709 0.204446 7
      vertex 4.7059 1.17037 7
    endloop
  endfacet
  facet normal 0 0 1
    outer loop
      vertex 4.08658 1.3806 7
      vertex 3.7039 0.456723 7
      vertex 4.44709 0.204446 7
    endloop
  endfacet
  facet normal 0 0 1
    outer loop
      vertex 3.5 1.66987 7
      vertex 3.7039 0.456723 7
      vertex 4.08658 1.3806 7
    endloop
  endfacet
  facet normal 0 0 1
    outer loop
      vertex 3.5 1.66987 7
      vertex 3 0.803848 7
      vertex 3.7039 0.456723 7
    endloop
  endfacet
  facet normal 0 0 1
    outer loop
      vertex 2.95619 2.03323 7
      vertex 3 0.803848 7
      vertex 3.5 1.66987 7
    endloop
  endfacet
  facet normal 0 0 1
    outer loop
      vertex 2.34743 1.23988 7
      vertex 2.95619 2.03323 7
      vertex 2.46447 2.46447 7
    endloop
  endfacet
  facet normal 0 0 1
    outer loop
      vertex 2.95619 2.03323 7
      vertex 2.34743 1.23988 7
      vertex 3 0.803848 7
    endloop
  endfacet
  facet normal 0 0 1
    outer loop
      vertex 1.75736 1.75736 7
      vertex 2.46447 2.46447 7
      vertex 2.03323 2.95619 7
    endloop
  endfacet
  facet normal 0 0 1
    outer loop
      vertex 2.46447 2.46447 7
      vertex 1.75736 1.75736 7
      vertex 2.34743 1.23988 7
    endloop
  endfacet
  facet normal 0 0 1
    outer loop
      vertex 1.23988 2.34743 7
      vertex 2.03323 2.95619 7
      vertex 1.66987 3.5 7
    endloop
  endfacet
  facet normal 0 0 1
    outer loop
      vertex 0.803848 3 7
      vertex 1.66987 3.5 7
      vertex 1.3806 4.08658 7
    endloop
  endfacet
  facet normal 0 0 1
    outer loop
      vertex 2.03323 2.95619 7
      vertex 1.23988 2.34743 7
      vertex 1.75736 1.75736 7
    endloop
  endfacet
  facet normal 0 0 1
    outer loop
      vertex 0.456723 3.7039 7
      vertex 1.3806 4.08658 7
      vertex 1.17037 4.7059 7
    endloop
  endfacet
  facet normal 0 0 1
    outer loop
      vertex 0.204446 4.44709 7
      vertex 1.17037 4.7059 7
      vertex 1.04278 5.34737 7
    endloop
  endfacet
  facet normal 0 0 1
    outer loop
      vertex 1.66987 3.5 7
      vertex 0.803848 3 7
      vertex 1.23988 2.34743 7
    endloop
  endfacet
  facet normal 0 0 1
    outer loop
      vertex 0.0513315 5.21684 7
      vertex 1.04278 5.34737 7
      vertex 1 6 7
    endloop
  endfacet
  facet normal 0 0 1
    outer loop
      vertex 1 112.196 7
      vertex 0 112.196 7
      vertex 1 6 7
    endloop
  endfacet
  facet normal -0 0 1
    outer loop
      vertex 0.0513315 112.979 7
      vertex 1.04278 112.849 7
      vertex 0.204446 113.749 7
    endloop
  endfacet
  facet normal 0 0 1
    outer loop
      vertex 0 6 7
      vertex 1 6 7
      vertex 0 112.196 7
    endloop
  endfacet
  facet normal 0 0 1
    outer loop
      vertex 1.04278 112.849 7
      vertex 0.0513315 112.979 7
      vertex 1 112.196 7
    endloop
  endfacet
  facet normal 0 -0 1
    outer loop
      vertex 0.0513315 5.21684 7
      vertex 1 6 7
      vertex 0 6 7
    endloop
  endfacet
  facet normal 0 0 1
    outer loop
      vertex 1 112.196 7
      vertex 0.0513315 112.979 7
      vertex 0 112.196 7
    endloop
  endfacet
  facet normal 0 0 1
    outer loop
      vertex 1.3806 4.08658 7
      vertex 0.456723 3.7039 7
      vertex 0.803848 3 7
    endloop
  endfacet
  facet normal 0 0 1
    outer loop
      vertex 1.17037 4.7059 7
      vertex 0.204446 4.44709 7
      vertex 0.456723 3.7039 7
    endloop
  endfacet
  facet normal 0 0 1
    outer loop
      vertex 1.04278 5.34737 7
      vertex 0.0513315 5.21684 7
      vertex 0.204446 4.44709 7
    endloop
  endfacet
  facet normal 0.99787 0 -0.0652369
    outer loop
      vertex 46.272 6 1.5
      vertex 46.2592 112.196 1.30421
      vertex 46.272 112.196 1.5
    endloop
  endfacet
  facet normal 0.99787 0 -0.0652369
    outer loop
      vertex 46.2592 112.196 1.30421
      vertex 46.272 6 1.5
      vertex 46.2592 6 1.30421
    endloop
  endfacet
  facet normal 0 -0.946929 -0.321444
    outer loop
      vertex 6 0.114182 0.925975
      vertex 40.272 0.0511122 1.11177
      vertex 6 0.0511122 1.11177
    endloop
  endfacet
  facet normal 0 -0.946929 -0.321444
    outer loop
      vertex 40.272 0.0511122 1.11177
      vertex 6 0.114182 0.925975
      vertex 40.272 0.114182 0.925975
    endloop
  endfacet
  facet normal -0.896898 0.442238 0
    outer loop
      vertex 0.456723 114.492 1.5
      vertex 0.803848 115.196 7
      vertex 0.803848 115.196 1.5
    endloop
  endfacet
  facet normal -0.896898 0.442238 0
    outer loop
      vertex 0.803848 115.196 7
      vertex 0.456723 114.492 1.5
      vertex 0.456723 114.492 7
    endloop
  endfacet
  facet normal -0.175334 -0.0864656 -0.980705
    outer loop
      vertex 1.93333 3.65211 0.0128326
      vertex 1.48387 4.12936 0.0511112
      vertex 1.66166 4.203 0.0128326
    endloop
  endfacet
  facet normal 0.0289927 -0.0587873 -0.997849
    outer loop
      vertex 42.069 1.66166 0.0128326
      vertex 41.9941 1.84254 0
      vertex 42.522 2.10289 0
    endloop
  endfacet
  facet normal 0.752016 0 -0.659145
    outer loop
      vertex 45.962 6 0.586858
      vertex 45.8327 112.196 0.43934
      vertex 45.962 112.196 0.586858
    endloop
  endfacet
  facet normal 0.752016 0 -0.659145
    outer loop
      vertex 45.8327 112.196 0.43934
      vertex 45.962 6 0.586858
      vertex 45.8327 6 0.43934
    endloop
  endfacet
  facet normal 0 -0.831467 -0.555574
    outer loop
      vertex 6 0.309971 0.586858
      vertex 40.272 0.200962 0.75
      vertex 6 0.200962 0.75
    endloop
  endfacet
  facet normal 0 -0.831467 -0.555574
    outer loop
      vertex 40.272 0.200962 0.75
      vertex 6 0.309971 0.586858
      vertex 40.272 0.309971 0.586858
    endloop
  endfacet
  facet normal 0 -1 0
    outer loop
      vertex 36.7014 0 4.38296
      vertex 40.272 0 7
      vertex 36.6373 0 4.39572
    endloop
  endfacet
  facet normal 0 -1 0
    outer loop
      vertex 40.272 0 7
      vertex 38.5067 0 4.39572
      vertex 38.572 0 4.4
    endloop
  endfacet
  facet normal 0 -1 0
    outer loop
      vertex 38.4426 0 4.38296
      vertex 40.272 0 7
      vertex 36.7014 0 4.38296
    endloop
  endfacet
  facet normal 0 -1 0
    outer loop
      vertex 40.272 0 7
      vertex 38.4426 0 4.38296
      vertex 38.5067 0 4.39572
    endloop
  endfacet
  facet normal 0 -1 0
    outer loop
      vertex 36.7633 0 4.36194
      vertex 38.4426 0 4.38296
      vertex 36.7014 0 4.38296
    endloop
  endfacet
  facet normal 0 -1 0
    outer loop
      vertex 36.7633 0 4.36194
      vertex 38.3807 0 4.36194
      vertex 38.4426 0 4.38296
    endloop
  endfacet
  facet normal 0 -1 0
    outer loop
      vertex 36.822 0 4.33301
      vertex 38.3807 0 4.36194
      vertex 36.7633 0 4.36194
    endloop
  endfacet
  facet normal 0 -1 0
    outer loop
      vertex 36.822 0 4.33301
      vertex 38.322 0 4.33301
      vertex 38.3807 0 4.36194
    endloop
  endfacet
  facet normal 0 -1 0
    outer loop
      vertex 36.8764 0 4.29668
      vertex 38.322 0 4.33301
      vertex 36.822 0 4.33301
    endloop
  endfacet
  facet normal 0 -1 0
    outer loop
      vertex 36.8764 0 4.29668
      vertex 38.2676 0 4.29668
      vertex 38.322 0 4.33301
    endloop
  endfacet
  facet normal 0 -1 0
    outer loop
      vertex 36.9256 0 4.25355
      vertex 38.2676 0 4.29668
      vertex 36.8764 0 4.29668
    endloop
  endfacet
  facet normal 0 -1 0
    outer loop
      vertex 36.9256 0 4.25355
      vertex 38.2184 0 4.25355
      vertex 38.2676 0 4.29668
    endloop
  endfacet
  facet normal 0 -1 0
    outer loop
      vertex 36.9687 0 4.20438
      vertex 38.2184 0 4.25355
      vertex 36.9256 0 4.25355
    endloop
  endfacet
  facet normal 0 -1 0
    outer loop
      vertex 36.9687 0 4.20438
      vertex 38.1753 0 4.20438
      vertex 38.2184 0 4.25355
    endloop
  endfacet
  facet normal 0 -1 0
    outer loop
      vertex 37.005 0 4.15
      vertex 38.1753 0 4.20438
      vertex 36.9687 0 4.20438
    endloop
  endfacet
  facet normal 0 -1 0
    outer loop
      vertex 37.005 0 4.15
      vertex 38.139 0 4.15
      vertex 38.1753 0 4.20438
    endloop
  endfacet
  facet normal 0 -1 0
    outer loop
      vertex 37.0339 0 4.09134
      vertex 38.139 0 4.15
      vertex 37.005 0 4.15
    endloop
  endfacet
  facet normal 0 -1 0
    outer loop
      vertex 37.0339 0 4.09134
      vertex 38.1101 0 4.09134
      vertex 38.139 0 4.15
    endloop
  endfacet
  facet normal 0 -1 0
    outer loop
      vertex 37.055 0 4.02941
      vertex 38.1101 0 4.09134
      vertex 37.0339 0 4.09134
    endloop
  endfacet
  facet normal 0 -1 0
    outer loop
      vertex 37.055 0 4.02941
      vertex 38.089 0 4.02941
      vertex 38.1101 0 4.09134
    endloop
  endfacet
  facet normal 0 -1 0
    outer loop
      vertex 37.0677 0 3.96526
      vertex 38.089 0 4.02941
      vertex 37.055 0 4.02941
    endloop
  endfacet
  facet normal 0 -1 0
    outer loop
      vertex 37.0677 0 3.96526
      vertex 38.0763 0 3.96526
      vertex 38.089 0 4.02941
    endloop
  endfacet
  facet normal 0 -1 0
    outer loop
      vertex 37.072 0 3.9
      vertex 38.0763 0 3.96526
      vertex 37.0677 0 3.96526
    endloop
  endfacet
  facet normal 0 -1 0
    outer loop
      vertex 37.072 0 3.9
      vertex 38.072 0 3.9
      vertex 38.0763 0 3.96526
    endloop
  endfacet
  facet normal 0 -1 0
    outer loop
      vertex 37.0677 0 3.83474
      vertex 38.072 0 3.9
      vertex 37.072 0 3.9
    endloop
  endfacet
  facet normal 0 -1 0
    outer loop
      vertex 37.0677 0 3.83474
      vertex 38.0763 0 3.83474
      vertex 38.072 0 3.9
    endloop
  endfacet
  facet normal 0 -1 0
    outer loop
      vertex 37.055 0 3.77059
      vertex 38.0763 0 3.83474
      vertex 37.0677 0 3.83474
    endloop
  endfacet
  facet normal 0 -1 0
    outer loop
      vertex 37.055 0 3.77059
      vertex 38.089 0 3.77059
      vertex 38.0763 0 3.83474
    endloop
  endfacet
  facet normal 0 -1 0
    outer loop
      vertex 37.0339 0 3.70866
      vertex 38.089 0 3.77059
      vertex 37.055 0 3.77059
    endloop
  endfacet
  facet normal 0 -1 0
    outer loop
      vertex 37.0339 0 3.70866
      vertex 38.1101 0 3.70866
      vertex 38.089 0 3.77059
    endloop
  endfacet
  facet normal 0 -1 0
    outer loop
      vertex 37.005 0 3.65
      vertex 38.1101 0 3.70866
      vertex 37.0339 0 3.70866
    endloop
  endfacet
  facet normal 0 -1 0
    outer loop
      vertex 37.005 0 3.65
      vertex 38.139 0 3.65
      vertex 38.1101 0 3.70866
    endloop
  endfacet
  facet normal 0 -1 0
    outer loop
      vertex 36.9687 0 3.59562
      vertex 38.139 0 3.65
      vertex 37.005 0 3.65
    endloop
  endfacet
  facet normal 0 -1 0
    outer loop
      vertex 36.9687 0 3.59562
      vertex 38.1753 0 3.59562
      vertex 38.139 0 3.65
    endloop
  endfacet
  facet normal 0 -1 0
    outer loop
      vertex 36.9256 0 3.54645
      vertex 38.1753 0 3.59562
      vertex 36.9687 0 3.59562
    endloop
  endfacet
  facet normal 0 -1 0
    outer loop
      vertex 36.9256 0 3.54645
      vertex 38.2184 0 3.54645
      vertex 38.1753 0 3.59562
    endloop
  endfacet
  facet normal 0 -1 0
    outer loop
      vertex 36.8764 0 3.50332
      vertex 38.2184 0 3.54645
      vertex 36.9256 0 3.54645
    endloop
  endfacet
  facet normal 0 -1 0
    outer loop
      vertex 36.8764 0 3.50332
      vertex 38.2676 0 3.50332
      vertex 38.2184 0 3.54645
    endloop
  endfacet
  facet normal 0 -1 0
    outer loop
      vertex 36.822 0 3.46699
      vertex 38.2676 0 3.50332
      vertex 36.8764 0 3.50332
    endloop
  endfacet
  facet normal 0 -1 0
    outer loop
      vertex 36.822 0 3.46699
      vertex 38.322 0 3.46699
      vertex 38.2676 0 3.50332
    endloop
  endfacet
  facet normal 0 -1 0
    outer loop
      vertex 36.7633 0 3.43806
      vertex 38.322 0 3.46699
      vertex 36.822 0 3.46699
    endloop
  endfacet
  facet normal 0 -1 0
    outer loop
      vertex 36.7633 0 3.43806
      vertex 38.3807 0 3.43806
      vertex 38.322 0 3.46699
    endloop
  endfacet
  facet normal 0 -1 0
    outer loop
      vertex 36.7014 0 3.41704
      vertex 38.3807 0 3.43806
      vertex 36.7633 0 3.43806
    endloop
  endfacet
  facet normal 0 -1 0
    outer loop
      vertex 36.7014 0 3.41704
      vertex 38.4426 0 3.41704
      vertex 38.3807 0 3.43806
    endloop
  endfacet
  facet normal 0 -1 0
    outer loop
      vertex 40.272 0 1.5
      vertex 36.7014 0 3.41704
      vertex 36.6373 0 3.40428
    endloop
  endfacet
  facet normal 0 -1 0
    outer loop
      vertex 36.7014 0 3.41704
      vertex 40.272 0 1.5
      vertex 38.4426 0 3.41704
    endloop
  endfacet
  facet normal 0 -1 0
    outer loop
      vertex 40.272 0 1.5
      vertex 36.6373 0 3.40428
      vertex 36.572 0 3.4
    endloop
  endfacet
  facet normal 0 -1 0
    outer loop
      vertex 38.4426 0 3.41704
      vertex 40.272 0 1.5
      vertex 38.5067 0 3.40428
    endloop
  endfacet
  facet normal 0 -1 0
    outer loop
      vertex 36.5067 0 4.39572
      vertex 40.272 0 7
      vertex 34.6373 0 4.39572
    endloop
  endfacet
  facet normal 0 -1 0
    outer loop
      vertex 40.272 0 7
      vertex 36.5067 0 4.39572
      vertex 36.572 0 4.4
    endloop
  endfacet
  facet normal 0 -1 0
    outer loop
      vertex 34.7014 0 4.38296
      vertex 36.5067 0 4.39572
      vertex 34.6373 0 4.39572
    endloop
  endfacet
  facet normal 0 -1 0
    outer loop
      vertex 34.7014 0 4.38296
      vertex 36.4426 0 4.38296
      vertex 36.5067 0 4.39572
    endloop
  endfacet
  facet normal 0 -1 0
    outer loop
      vertex 34.7633 0 4.36194
      vertex 36.4426 0 4.38296
      vertex 34.7014 0 4.38296
    endloop
  endfacet
  facet normal 0 -1 0
    outer loop
      vertex 34.7633 0 4.36194
      vertex 36.3807 0 4.36194
      vertex 36.4426 0 4.38296
    endloop
  endfacet
  facet normal 0 -1 0
    outer loop
      vertex 34.822 0 4.33301
      vertex 36.3807 0 4.36194
      vertex 34.7633 0 4.36194
    endloop
  endfacet
  facet normal 0 -1 0
    outer loop
      vertex 34.822 0 4.33301
      vertex 36.322 0 4.33301
      vertex 36.3807 0 4.36194
    endloop
  endfacet
  facet normal 0 -1 0
    outer loop
      vertex 34.8764 0 4.29668
      vertex 36.322 0 4.33301
      vertex 34.822 0 4.33301
    endloop
  endfacet
  facet normal 0 -1 0
    outer loop
      vertex 34.8764 0 4.29668
      vertex 36.2676 0 4.29668
      vertex 36.322 0 4.33301
    endloop
  endfacet
  facet normal 0 -1 0
    outer loop
      vertex 34.9256 0 4.25355
      vertex 36.2676 0 4.29668
      vertex 34.8764 0 4.29668
    endloop
  endfacet
  facet normal 0 -1 0
    outer loop
      vertex 34.9256 0 4.25355
      vertex 36.2184 0 4.25355
      vertex 36.2676 0 4.29668
    endloop
  endfacet
  facet normal 0 -1 0
    outer loop
      vertex 34.9687 0 4.20438
      vertex 36.2184 0 4.25355
      vertex 34.9256 0 4.25355
    endloop
  endfacet
  facet normal 0 -1 0
    outer loop
      vertex 34.9687 0 4.20438
      vertex 36.1753 0 4.20438
      vertex 36.2184 0 4.25355
    endloop
  endfacet
  facet normal 0 -1 0
    outer loop
      vertex 35.005 0 4.15
      vertex 36.1753 0 4.20438
      vertex 34.9687 0 4.20438
    endloop
  endfacet
  facet normal 0 -1 0
    outer loop
      vertex 35.005 0 4.15
      vertex 36.139 0 4.15
      vertex 36.1753 0 4.20438
    endloop
  endfacet
  facet normal 0 -1 0
    outer loop
      vertex 35.0339 0 4.09134
      vertex 36.139 0 4.15
      vertex 35.005 0 4.15
    endloop
  endfacet
  facet normal 0 -1 0
    outer loop
      vertex 35.0339 0 4.09134
      vertex 36.1101 0 4.09134
      vertex 36.139 0 4.15
    endloop
  endfacet
  facet normal 0 -1 0
    outer loop
      vertex 35.055 0 4.02941
      vertex 36.1101 0 4.09134
      vertex 35.0339 0 4.09134
    endloop
  endfacet
  facet normal 0 -1 0
    outer loop
      vertex 35.055 0 4.02941
      vertex 36.089 0 4.02941
      vertex 36.1101 0 4.09134
    endloop
  endfacet
  facet normal 0 -1 0
    outer loop
      vertex 35.0677 0 3.96526
      vertex 36.089 0 4.02941
      vertex 35.055 0 4.02941
    endloop
  endfacet
  facet normal 0 -1 0
    outer loop
      vertex 35.0677 0 3.96526
      vertex 36.0763 0 3.96526
      vertex 36.089 0 4.02941
    endloop
  endfacet
  facet normal 0 -1 0
    outer loop
      vertex 35.072 0 3.9
      vertex 36.0763 0 3.96526
      vertex 35.0677 0 3.96526
    endloop
  endfacet
  facet normal 0 -1 0
    outer loop
      vertex 35.072 0 3.9
      vertex 36.072 0 3.9
      vertex 36.0763 0 3.96526
    endloop
  endfacet
  facet normal 0 -1 0
    outer loop
      vertex 35.0677 0 3.83474
      vertex 36.072 0 3.9
      vertex 35.072 0 3.9
    endloop
  endfacet
  facet normal 0 -1 0
    outer loop
      vertex 35.0677 0 3.83474
      vertex 36.0763 0 3.83474
      vertex 36.072 0 3.9
    endloop
  endfacet
  facet normal 0 -1 0
    outer loop
      vertex 35.055 0 3.77059
      vertex 36.0763 0 3.83474
      vertex 35.0677 0 3.83474
    endloop
  endfacet
  facet normal 0 -1 0
    outer loop
      vertex 35.055 0 3.77059
      vertex 36.089 0 3.77059
      vertex 36.0763 0 3.83474
    endloop
  endfacet
  facet normal 0 -1 0
    outer loop
      vertex 35.0339 0 3.70866
      vertex 36.089 0 3.77059
      vertex 35.055 0 3.77059
    endloop
  endfacet
  facet normal 0 -1 0
    outer loop
      vertex 35.0339 0 3.70866
      vertex 36.1101 0 3.70866
      vertex 36.089 0 3.77059
    endloop
  endfacet
  facet normal 0 -1 0
    outer loop
      vertex 35.005 0 3.65
      vertex 36.1101 0 3.70866
      vertex 35.0339 0 3.70866
    endloop
  endfacet
  facet normal 0 -1 0
    outer loop
      vertex 35.005 0 3.65
      vertex 36.139 0 3.65
      vertex 36.1101 0 3.70866
    endloop
  endfacet
  facet normal 0 -1 0
    outer loop
      vertex 34.9687 0 3.59562
      vertex 36.139 0 3.65
      vertex 35.005 0 3.65
    endloop
  endfacet
  facet normal 0 -1 0
    outer loop
      vertex 34.9687 0 3.59562
      vertex 36.1753 0 3.59562
      vertex 36.139 0 3.65
    endloop
  endfacet
  facet normal 0 -1 0
    outer loop
      vertex 34.9256 0 3.54645
      vertex 36.1753 0 3.59562
      vertex 34.9687 0 3.59562
    endloop
  endfacet
  facet normal 0 -1 0
    outer loop
      vertex 34.9256 0 3.54645
      vertex 36.2184 0 3.54645
      vertex 36.1753 0 3.59562
    endloop
  endfacet
  facet normal 0 -1 0
    outer loop
      vertex 34.8764 0 3.50332
      vertex 36.2184 0 3.54645
      vertex 34.9256 0 3.54645
    endloop
  endfacet
  facet normal 0 -1 0
    outer loop
      vertex 34.8764 0 3.50332
      vertex 36.2676 0 3.50332
      vertex 36.2184 0 3.54645
    endloop
  endfacet
  facet normal 0 -1 0
    outer loop
      vertex 34.822 0 3.46699
      vertex 36.2676 0 3.50332
      vertex 34.8764 0 3.50332
    endloop
  endfacet
  facet normal 0 -1 0
    outer loop
      vertex 34.822 0 3.46699
      vertex 36.322 0 3.46699
      vertex 36.2676 0 3.50332
    endloop
  endfacet
  facet normal 0 -1 0
    outer loop
      vertex 34.7633 0 3.43806
      vertex 36.322 0 3.46699
      vertex 34.822 0 3.46699
    endloop
  endfacet
  facet normal 0 -1 0
    outer loop
      vertex 34.7633 0 3.43806
      vertex 36.3807 0 3.43806
      vertex 36.322 0 3.46699
    endloop
  endfacet
  facet normal 0 -1 0
    outer loop
      vertex 34.7014 0 3.41704
      vertex 36.3807 0 3.43806
      vertex 34.7633 0 3.43806
    endloop
  endfacet
  facet normal 0 -1 0
    outer loop
      vertex 34.7014 0 3.41704
      vertex 36.4426 0 3.41704
      vertex 36.3807 0 3.43806
    endloop
  endfacet
  facet normal 0 -1 0
    outer loop
      vertex 34.6373 0 3.40428
      vertex 36.4426 0 3.41704
      vertex 34.7014 0 3.41704
    endloop
  endfacet
  facet normal 0 -1 0
    outer loop
      vertex 34.6373 0 3.40428
      vertex 36.5067 0 3.40428
      vertex 36.4426 0 3.41704
    endloop
  endfacet
  facet normal 0 -1 0
    outer loop
      vertex 40.272 0 1.5
      vertex 34.6373 0 3.40428
      vertex 34.572 0 3.4
    endloop
  endfacet
  facet normal 0 -1 0
    outer loop
      vertex 34.6373 0 3.40428
      vertex 40.272 0 1.5
      vertex 36.5067 0 3.40428
    endloop
  endfacet
  facet normal 0 -1 0
    outer loop
      vertex 27.636 0 5.55
      vertex 29.8038 0 5.29658
      vertex 29.856 0 5.3
    endloop
  endfacet
  facet normal 0 -1 0
    outer loop
      vertex 27.636 0 5.55
      vertex 29.7525 0 5.28637
      vertex 29.8038 0 5.29658
    endloop
  endfacet
  facet normal 0 -1 0
    outer loop
      vertex 27.636 0 5.55
      vertex 29.7029 0 5.26955
      vertex 29.7525 0 5.28637
    endloop
  endfacet
  facet normal 0 -1 0
    outer loop
      vertex 27.636 0 5.55
      vertex 29.656 0 5.24641
      vertex 29.7029 0 5.26955
    endloop
  endfacet
  facet normal 0 -1 0
    outer loop
      vertex 27.636 0 5.55
      vertex 29.6125 0 5.21734
      vertex 29.656 0 5.24641
    endloop
  endfacet
  facet normal 0 -1 0
    outer loop
      vertex 27.636 0 5.55
      vertex 29.5732 0 5.18284
      vertex 29.6125 0 5.21734
    endloop
  endfacet
  facet normal 0 -1 0
    outer loop
      vertex 27.636 0 5.55
      vertex 29.5387 0 5.14351
      vertex 29.5732 0 5.18284
    endloop
  endfacet
  facet normal 0 -1 0
    outer loop
      vertex 27.636 0 5.55
      vertex 29.5096 0 5.1
      vertex 29.5387 0 5.14351
    endloop
  endfacet
  facet normal 0 -1 0
    outer loop
      vertex 27.636 0 5.55
      vertex 29.4864 0 5.05307
      vertex 29.5096 0 5.1
    endloop
  endfacet
  facet normal 0 -1 0
    outer loop
      vertex 27.636 0 5.55
      vertex 29.4696 0 5.00353
      vertex 29.4864 0 5.05307
    endloop
  endfacet
  facet normal 0 -1 0
    outer loop
      vertex 27.636 0 5.55
      vertex 29.4594 0 4.95221
      vertex 29.4696 0 5.00353
    endloop
  endfacet
  facet normal 0 -1 0
    outer loop
      vertex 27.636 0 5.55
      vertex 29.456 0 4.9
      vertex 29.4594 0 4.95221
    endloop
  endfacet
  facet normal 0 -1 0
    outer loop
      vertex 27.636 0 5.55
      vertex 29.4594 0 4.84779
      vertex 29.456 0 4.9
    endloop
  endfacet
  facet normal 0 -1 0
    outer loop
      vertex 27.636 0 5.55
      vertex 29.4696 0 4.79647
      vertex 29.4594 0 4.84779
    endloop
  endfacet
  facet normal 0 -1 0
    outer loop
      vertex 27.636 0 5.55
      vertex 29.4864 0 4.74693
      vertex 29.4696 0 4.79647
    endloop
  endfacet
  facet normal 0 -1 0
    outer loop
      vertex 27.636 0 5.55
      vertex 29.5096 0 4.7
      vertex 29.4864 0 4.74693
    endloop
  endfacet
  facet normal 0 -1 0
    outer loop
      vertex 27.636 0 2.05
      vertex 29.5096 0 4.7
      vertex 27.636 0 5.55
    endloop
  endfacet
  facet normal 0 -1 -0
    outer loop
      vertex 29.5096 0 4.7
      vertex 27.636 0 2.05
      vertex 29.5387 0 4.6565
    endloop
  endfacet
  facet normal 0 -1 -0
    outer loop
      vertex 29.5387 0 4.6565
      vertex 27.636 0 2.05
      vertex 29.5732 0 4.61716
    endloop
  endfacet
  facet normal 0 -1 -0
    outer loop
      vertex 29.5732 0 4.61716
      vertex 27.636 0 2.05
      vertex 29.6125 0 4.58266
    endloop
  endfacet
  facet normal 0 -1 0
    outer loop
      vertex 30.0091 0 5.26955
      vertex 34.5067 0 4.39572
      vertex 34.572 0 4.4
    endloop
  endfacet
  facet normal 0 -1 0
    outer loop
      vertex 29.9082 0 4.50342
      vertex 34.4426 0 4.38296
      vertex 34.5067 0 4.39572
    endloop
  endfacet
  facet normal 0 -1 0
    outer loop
      vertex 29.9082 0 4.50342
      vertex 34.3807 0 4.36194
      vertex 34.4426 0 4.38296
    endloop
  endfacet
  facet normal 0 -1 0
    outer loop
      vertex 29.9082 0 4.50342
      vertex 34.322 0 4.33301
      vertex 34.3807 0 4.36194
    endloop
  endfacet
  facet normal 0 -1 0
    outer loop
      vertex 29.9082 0 4.50342
      vertex 34.2676 0 4.29668
      vertex 34.322 0 4.33301
    endloop
  endfacet
  facet normal 0 -1 0
    outer loop
      vertex 29.9082 0 4.50342
      vertex 34.2184 0 4.25355
      vertex 34.2676 0 4.29668
    endloop
  endfacet
  facet normal 0 -1 0
    outer loop
      vertex 29.9082 0 4.50342
      vertex 34.1753 0 4.20438
      vertex 34.2184 0 4.25355
    endloop
  endfacet
  facet normal 0 -1 0
    outer loop
      vertex 27.636 0 2.05
      vertex 29.856 0 4.5
      vertex 29.8038 0 4.50342
    endloop
  endfacet
  facet normal 0 -1 0
    outer loop
      vertex 29.9082 0 4.50342
      vertex 34.139 0 4.15
      vertex 34.1753 0 4.20438
    endloop
  endfacet
  facet normal 0 -1 0
    outer loop
      vertex 29.9082 0 4.50342
      vertex 34.1101 0 4.09134
      vertex 34.139 0 4.15
    endloop
  endfacet
  facet normal 0 -1 0
    outer loop
      vertex 29.9082 0 4.50342
      vertex 34.089 0 4.02941
      vertex 34.1101 0 4.09134
    endloop
  endfacet
  facet normal 0 -1 0
    outer loop
      vertex 29.9082 0 4.50342
      vertex 34.0763 0 3.96526
      vertex 34.089 0 4.02941
    endloop
  endfacet
  facet normal 0 -1 0
    outer loop
      vertex 29.9082 0 4.50342
      vertex 34.072 0 3.9
      vertex 34.0763 0 3.96526
    endloop
  endfacet
  facet normal 0 -1 0
    outer loop
      vertex 29.9082 0 4.50342
      vertex 34.0763 0 3.83474
      vertex 34.072 0 3.9
    endloop
  endfacet
  facet normal 0 -1 0
    outer loop
      vertex 29.9082 0 4.50342
      vertex 34.089 0 3.77059
      vertex 34.0763 0 3.83474
    endloop
  endfacet
  facet normal 0 -1 0
    outer loop
      vertex 29.9082 0 4.50342
      vertex 34.1101 0 3.70866
      vertex 34.089 0 3.77059
    endloop
  endfacet
  facet normal 0 -1 0
    outer loop
      vertex 29.9082 0 4.50342
      vertex 34.139 0 3.65
      vertex 34.1101 0 3.70866
    endloop
  endfacet
  facet normal 0 -1 0
    outer loop
      vertex 29.9082 0 4.50342
      vertex 34.1753 0 3.59562
      vertex 34.139 0 3.65
    endloop
  endfacet
  facet normal 0 -1 0
    outer loop
      vertex 27.636 0 2.05
      vertex 29.8038 0 4.50342
      vertex 29.7525 0 4.51363
    endloop
  endfacet
  facet normal 0 -1 0
    outer loop
      vertex 29.9082 0 4.50342
      vertex 34.2184 0 3.54645
      vertex 34.1753 0 3.59562
    endloop
  endfacet
  facet normal 0 -1 -0
    outer loop
      vertex 29.9082 0 4.50342
      vertex 27.636 0 2.05
      vertex 34.2184 0 3.54645
    endloop
  endfacet
  facet normal 0 -1 -0
    outer loop
      vertex 34.2184 0 3.54645
      vertex 27.636 0 2.05
      vertex 34.2676 0 3.50332
    endloop
  endfacet
  facet normal 0 -1 -0
    outer loop
      vertex 34.2676 0 3.50332
      vertex 27.636 0 2.05
      vertex 34.322 0 3.46699
    endloop
  endfacet
  facet normal 0 -1 -0
    outer loop
      vertex 34.322 0 3.46699
      vertex 27.636 0 2.05
      vertex 34.3807 0 3.43806
    endloop
  endfacet
  facet normal 0 -1 0
    outer loop
      vertex 36.5067 0 3.40428
      vertex 40.272 0 1.5
      vertex 36.572 0 3.4
    endloop
  endfacet
  facet normal 0 -1 0
    outer loop
      vertex 34.5067 0 3.40428
      vertex 40.272 0 1.5
      vertex 34.572 0 3.4
    endloop
  endfacet
  facet normal 0 -1 0
    outer loop
      vertex 40.272 0 1.5
      vertex 34.5067 0 3.40428
      vertex 27.636 0 2.05
    endloop
  endfacet
  facet normal 0 -1 -0
    outer loop
      vertex 34.4426 0 3.41704
      vertex 27.636 0 2.05
      vertex 34.5067 0 3.40428
    endloop
  endfacet
  facet normal 0 -1 -0
    outer loop
      vertex 34.3807 0 3.43806
      vertex 27.636 0 2.05
      vertex 34.4426 0 3.41704
    endloop
  endfacet
  facet normal 0 -1 -0
    outer loop
      vertex 29.7029 0 4.53045
      vertex 27.636 0 2.05
      vertex 29.7525 0 4.51363
    endloop
  endfacet
  facet normal 0 -1 -0
    outer loop
      vertex 29.656 0 4.55359
      vertex 27.636 0 2.05
      vertex 29.7029 0 4.53045
    endloop
  endfacet
  facet normal 0 -1 -0
    outer loop
      vertex 29.6125 0 4.58266
      vertex 27.636 0 2.05
      vertex 29.656 0 4.55359
    endloop
  endfacet
  facet normal 0 -1 0
    outer loop
      vertex 6 0 7
      vertex 18.636 0 5.55
      vertex 40.272 0 7
    endloop
  endfacet
  facet normal 0 -1 0
    outer loop
      vertex 6 0 1.5
      vertex 18.636 0 5.55
      vertex 6 0 7
    endloop
  endfacet
  facet normal 0 -1 -0
    outer loop
      vertex 18.636 0 2.05
      vertex 6 0 1.5
      vertex 27.636 0 2.05
    endloop
  endfacet
  facet normal 0 -1 -0
    outer loop
      vertex 18.636 0 5.55
      vertex 6 0 1.5
      vertex 18.636 0 2.05
    endloop
  endfacet
  facet normal 0 -1 0
    outer loop
      vertex 27.636 0 5.55
      vertex 40.272 0 7
      vertex 18.636 0 5.55
    endloop
  endfacet
  facet normal 0 -1 0
    outer loop
      vertex 29.856 0 5.3
      vertex 40.272 0 7
      vertex 27.636 0 5.55
    endloop
  endfacet
  facet normal 0 -1 0
    outer loop
      vertex 29.9082 0 5.29658
      vertex 40.272 0 7
      vertex 29.856 0 5.3
    endloop
  endfacet
  facet normal 0 -1 0
    outer loop
      vertex 29.9595 0 5.28637
      vertex 40.272 0 7
      vertex 29.9082 0 5.29658
    endloop
  endfacet
  facet normal 0 -1 0
    outer loop
      vertex 30.0091 0 5.26955
      vertex 40.272 0 7
      vertex 29.9595 0 5.28637
    endloop
  endfacet
  facet normal 0 -1 0
    outer loop
      vertex 34.5067 0 4.39572
      vertex 30.0091 0 5.26955
      vertex 30.056 0 5.24641
    endloop
  endfacet
  facet normal 0 -1 0
    outer loop
      vertex 34.5067 0 4.39572
      vertex 30.056 0 5.24641
      vertex 30.0995 0 5.21734
    endloop
  endfacet
  facet normal 0 -1 0
    outer loop
      vertex 34.5067 0 4.39572
      vertex 30.0995 0 5.21734
      vertex 30.1388 0 5.18284
    endloop
  endfacet
  facet normal 0 -1 0
    outer loop
      vertex 34.5067 0 4.39572
      vertex 30.1388 0 5.18284
      vertex 30.1733 0 5.14351
    endloop
  endfacet
  facet normal 0 -1 0
    outer loop
      vertex 34.5067 0 4.39572
      vertex 30.1733 0 5.14351
      vertex 30.2024 0 5.1
    endloop
  endfacet
  facet normal 0 -1 0
    outer loop
      vertex 34.5067 0 4.39572
      vertex 30.2024 0 5.1
      vertex 30.2256 0 5.05307
    endloop
  endfacet
  facet normal 0 -1 0
    outer loop
      vertex 34.5067 0 4.39572
      vertex 30.2256 0 5.05307
      vertex 30.2424 0 5.00353
    endloop
  endfacet
  facet normal 0 -1 0
    outer loop
      vertex 34.5067 0 4.39572
      vertex 30.2424 0 5.00353
      vertex 30.2526 0 4.95221
    endloop
  endfacet
  facet normal 0 -1 0
    outer loop
      vertex 34.5067 0 4.39572
      vertex 30.2526 0 4.95221
      vertex 30.256 0 4.9
    endloop
  endfacet
  facet normal 0 -1 0
    outer loop
      vertex 34.5067 0 4.39572
      vertex 30.256 0 4.9
      vertex 30.2526 0 4.84779
    endloop
  endfacet
  facet normal 0 -1 0
    outer loop
      vertex 34.5067 0 4.39572
      vertex 30.2526 0 4.84779
      vertex 30.2424 0 4.79647
    endloop
  endfacet
  facet normal 0 -1 0
    outer loop
      vertex 34.5067 0 4.39572
      vertex 30.2424 0 4.79647
      vertex 30.2256 0 4.74693
    endloop
  endfacet
  facet normal 0 -1 0
    outer loop
      vertex 34.5067 0 4.39572
      vertex 30.2256 0 4.74693
      vertex 30.2024 0 4.7
    endloop
  endfacet
  facet normal 0 -1 0
    outer loop
      vertex 34.5067 0 4.39572
      vertex 30.2024 0 4.7
      vertex 30.1733 0 4.6565
    endloop
  endfacet
  facet normal 0 -1 0
    outer loop
      vertex 34.5067 0 4.39572
      vertex 30.1733 0 4.6565
      vertex 30.1388 0 4.61716
    endloop
  endfacet
  facet normal 0 -1 0
    outer loop
      vertex 34.5067 0 4.39572
      vertex 30.1388 0 4.61716
      vertex 30.0995 0 4.58266
    endloop
  endfacet
  facet normal 0 -1 0
    outer loop
      vertex 34.5067 0 4.39572
      vertex 30.0995 0 4.58266
      vertex 30.056 0 4.55359
    endloop
  endfacet
  facet normal 0 -1 0
    outer loop
      vertex 34.5067 0 4.39572
      vertex 30.056 0 4.55359
      vertex 30.0091 0 4.53045
    endloop
  endfacet
  facet normal 0 -1 0
    outer loop
      vertex 34.5067 0 4.39572
      vertex 30.0091 0 4.53045
      vertex 29.9595 0 4.51363
    endloop
  endfacet
  facet normal 0 -1 0
    outer loop
      vertex 27.636 0 2.05
      vertex 29.9082 0 4.50342
      vertex 29.856 0 4.5
    endloop
  endfacet
  facet normal 0 -1 0
    outer loop
      vertex 34.5067 0 4.39572
      vertex 29.9595 0 4.51363
      vertex 29.9082 0 4.50342
    endloop
  endfacet
  facet normal 0 -1 0
    outer loop
      vertex 30.0091 0 5.26955
      vertex 34.572 0 4.4
      vertex 40.272 0 7
    endloop
  endfacet
  facet normal 0 -1 0
    outer loop
      vertex 34.6373 0 4.39572
      vertex 40.272 0 7
      vertex 34.572 0 4.4
    endloop
  endfacet
  facet normal 0 -1 0
    outer loop
      vertex 36.6373 0 4.39572
      vertex 40.272 0 7
      vertex 36.572 0 4.4
    endloop
  endfacet
  facet normal 0 -1 0
    outer loop
      vertex 38.6373 0 4.39572
      vertex 40.272 0 7
      vertex 38.572 0 4.4
    endloop
  endfacet
  facet normal 0 -1 0
    outer loop
      vertex 38.7014 0 4.38296
      vertex 40.272 0 7
      vertex 38.6373 0 4.39572
    endloop
  endfacet
  facet normal 0 -1 0
    outer loop
      vertex 38.7633 0 4.36194
      vertex 40.272 0 7
      vertex 38.7014 0 4.38296
    endloop
  endfacet
  facet normal 0 -1 0
    outer loop
      vertex 38.822 0 4.33301
      vertex 40.272 0 7
      vertex 38.7633 0 4.36194
    endloop
  endfacet
  facet normal 0 -1 0
    outer loop
      vertex 38.822 0 4.33301
      vertex 40.272 0 4.2996
      vertex 40.272 0 7
    endloop
  endfacet
  facet normal 0 -1 0
    outer loop
      vertex 38.8764 0 4.29668
      vertex 40.272 0 4.2996
      vertex 38.822 0 4.33301
    endloop
  endfacet
  facet normal 0 -1 0
    outer loop
      vertex 38.8764 0 4.29668
      vertex 40.2676 0 4.29668
      vertex 40.272 0 4.2996
    endloop
  endfacet
  facet normal 0 -1 0
    outer loop
      vertex 38.9256 0 4.25355
      vertex 40.2676 0 4.29668
      vertex 38.8764 0 4.29668
    endloop
  endfacet
  facet normal 0 -1 0
    outer loop
      vertex 38.9256 0 4.25355
      vertex 40.2184 0 4.25355
      vertex 40.2676 0 4.29668
    endloop
  endfacet
  facet normal 0 -1 0
    outer loop
      vertex 38.9687 0 4.20438
      vertex 40.2184 0 4.25355
      vertex 38.9256 0 4.25355
    endloop
  endfacet
  facet normal 0 -1 0
    outer loop
      vertex 38.9687 0 4.20438
      vertex 40.1753 0 4.20438
      vertex 40.2184 0 4.25355
    endloop
  endfacet
  facet normal 0 -1 0
    outer loop
      vertex 39.005 0 4.15
      vertex 40.1753 0 4.20438
      vertex 38.9687 0 4.20438
    endloop
  endfacet
  facet normal 0 -1 0
    outer loop
      vertex 39.005 0 4.15
      vertex 40.139 0 4.15
      vertex 40.1753 0 4.20438
    endloop
  endfacet
  facet normal 0 -1 0
    outer loop
      vertex 39.0339 0 4.09134
      vertex 40.139 0 4.15
      vertex 39.005 0 4.15
    endloop
  endfacet
  facet normal 0 -1 0
    outer loop
      vertex 39.0339 0 4.09134
      vertex 40.1101 0 4.09134
      vertex 40.139 0 4.15
    endloop
  endfacet
  facet normal 0 -1 0
    outer loop
      vertex 39.055 0 4.02941
      vertex 40.1101 0 4.09134
      vertex 39.0339 0 4.09134
    endloop
  endfacet
  facet normal 0 -1 0
    outer loop
      vertex 39.055 0 4.02941
      vertex 40.089 0 4.02941
      vertex 40.1101 0 4.09134
    endloop
  endfacet
  facet normal 0 -1 0
    outer loop
      vertex 39.0677 0 3.96526
      vertex 40.089 0 4.02941
      vertex 39.055 0 4.02941
    endloop
  endfacet
  facet normal 0 -1 0
    outer loop
      vertex 39.0677 0 3.96526
      vertex 40.0763 0 3.96526
      vertex 40.089 0 4.02941
    endloop
  endfacet
  facet normal 0 -1 0
    outer loop
      vertex 39.072 0 3.9
      vertex 40.0763 0 3.96526
      vertex 39.0677 0 3.96526
    endloop
  endfacet
  facet normal 0 -1 0
    outer loop
      vertex 39.072 0 3.9
      vertex 40.072 0 3.9
      vertex 40.0763 0 3.96526
    endloop
  endfacet
  facet normal 0 -1 0
    outer loop
      vertex 39.0677 0 3.83474
      vertex 40.072 0 3.9
      vertex 39.072 0 3.9
    endloop
  endfacet
  facet normal 0 -1 0
    outer loop
      vertex 39.0677 0 3.83474
      vertex 40.0763 0 3.83474
      vertex 40.072 0 3.9
    endloop
  endfacet
  facet normal 0 -1 0
    outer loop
      vertex 39.055 0 3.77059
      vertex 40.0763 0 3.83474
      vertex 39.0677 0 3.83474
    endloop
  endfacet
  facet normal 0 -1 0
    outer loop
      vertex 39.055 0 3.77059
      vertex 40.089 0 3.77059
      vertex 40.0763 0 3.83474
    endloop
  endfacet
  facet normal 0 -1 0
    outer loop
      vertex 39.0339 0 3.70866
      vertex 40.089 0 3.77059
      vertex 39.055 0 3.77059
    endloop
  endfacet
  facet normal 0 -1 0
    outer loop
      vertex 39.0339 0 3.70866
      vertex 40.1101 0 3.70866
      vertex 40.089 0 3.77059
    endloop
  endfacet
  facet normal 0 -1 0
    outer loop
      vertex 39.005 0 3.65
      vertex 40.1101 0 3.70866
      vertex 39.0339 0 3.70866
    endloop
  endfacet
  facet normal 0 -1 0
    outer loop
      vertex 39.005 0 3.65
      vertex 40.139 0 3.65
      vertex 40.1101 0 3.70866
    endloop
  endfacet
  facet normal 0 -1 0
    outer loop
      vertex 38.9687 0 3.59562
      vertex 40.139 0 3.65
      vertex 39.005 0 3.65
    endloop
  endfacet
  facet normal 0 -1 0
    outer loop
      vertex 38.9687 0 3.59562
      vertex 40.1753 0 3.59562
      vertex 40.139 0 3.65
    endloop
  endfacet
  facet normal 0 -1 0
    outer loop
      vertex 38.9256 0 3.54645
      vertex 40.1753 0 3.59562
      vertex 38.9687 0 3.59562
    endloop
  endfacet
  facet normal 0 -1 0
    outer loop
      vertex 38.9256 0 3.54645
      vertex 40.2184 0 3.54645
      vertex 40.1753 0 3.59562
    endloop
  endfacet
  facet normal 0 -1 0
    outer loop
      vertex 38.8764 0 3.50332
      vertex 40.2184 0 3.54645
      vertex 38.9256 0 3.54645
    endloop
  endfacet
  facet normal 0 -1 0
    outer loop
      vertex 38.8764 0 3.50332
      vertex 40.2676 0 3.50332
      vertex 40.2184 0 3.54645
    endloop
  endfacet
  facet normal 0 -1 0
    outer loop
      vertex 40.272 0 1.5
      vertex 40.2676 0 3.50332
      vertex 38.8764 0 3.50332
    endloop
  endfacet
  facet normal 0 -1 0
    outer loop
      vertex 40.272 0 1.5
      vertex 38.8764 0 3.50332
      vertex 38.822 0 3.46699
    endloop
  endfacet
  facet normal 0 -1 0
    outer loop
      vertex 40.272 0 1.5
      vertex 38.822 0 3.46699
      vertex 38.7633 0 3.43806
    endloop
  endfacet
  facet normal 0 -1 0
    outer loop
      vertex 40.272 0 1.5
      vertex 38.7633 0 3.43806
      vertex 38.7014 0 3.41704
    endloop
  endfacet
  facet normal 0 -1 0
    outer loop
      vertex 40.272 0 1.5
      vertex 38.7014 0 3.41704
      vertex 38.6373 0 3.40428
    endloop
  endfacet
  facet normal 0 -1 0
    outer loop
      vertex 40.272 0 1.5
      vertex 38.6373 0 3.40428
      vertex 38.572 0 3.4
    endloop
  endfacet
  facet normal 0 -1 0
    outer loop
      vertex 38.5067 0 3.40428
      vertex 40.272 0 1.5
      vertex 38.572 0 3.4
    endloop
  endfacet
  facet normal 0 -1 0
    outer loop
      vertex 40.2676 0 3.50332
      vertex 40.272 0 1.5
      vertex 40.272 0 3.5004
    endloop
  endfacet
  facet normal 0 -1 0
    outer loop
      vertex 40.272 0 1.5
      vertex 27.636 0 2.05
      vertex 6 0 1.5
    endloop
  endfacet
  facet normal -0.309215 0.463224 -0.830548
    outer loop
      vertex 3.375 116.743 0.200961
      vertex 2.70469 116.491 0.30997
      vertex 3.29343 116.884 0.30997
    endloop
  endfacet
  facet normal -0.750928 -0.0492173 -0.658547
    outer loop
      vertex 0.358649 5.2573 0.586858
      vertex 0.309971 6 0.586858
      vertex 0.439341 6 0.43934
    endloop
  endfacet
  facet normal -0.592068 -0.291977 -0.751136
    outer loop
      vertex 1.18433 3.21967 0.43934
      vertex 0.86262 3.87203 0.43934
      vertex 0.998909 3.92848 0.30997
    endloop
  endfacet
  facet normal -0.0548517 0.830378 -0.554494
    outer loop
      vertex 5.2573 117.837 0.586858
      vertex 5.24307 117.945 0.75
      vertex 6 117.995 0.75
    endloop
  endfacet
  facet normal 0.0428053 0.657527 -0.752214
    outer loop
      vertex 40.9786 117.563 0.30997
      vertex 40.272 117.609 0.30997
      vertex 40.272 117.757 0.43934
    endloop
  endfacet
  facet normal 0.462598 -0.309111 -0.830935
    outer loop
      vertex 44.9599 3.29343 0.30997
      vertex 44.5665 2.70469 0.30997
      vertex 44.8186 3.375 0.200961
    endloop
  endfacet
  facet normal -0.544916 0.815721 -0.194079
    outer loop
      vertex 3.02556 117.348 1.11177
      vertex 2.35524 116.946 1.30421
      vertex 3.00642 117.381 1.30421
    endloop
  endfacet
  facet normal 0.787926 0.526462 -0.31939
    outer loop
      vertex 45.3693 115.139 0.925975
      vertex 44.9916 115.817 1.11177
      vertex 45.4239 115.17 1.11177
    endloop
  endfacet
  facet normal -0.194497 0.978524 -0.0682698
    outer loop
      vertex 4.45041 117.979 1.30421
      vertex 4.44709 117.992 1.5
      vertex 5.21684 118.145 1.5
    endloop
  endfacet
  facet normal -0.498502 0.245803 -0.83131
    outer loop
      vertex 1.14963 114.205 0.200961
      vertex 0.998909 114.268 0.30997
      vertex 1.45337 114.821 0.200961
    endloop
  endfacet
  facet normal -0.0587833 -0.0289888 -0.99785
    outer loop
      vertex 1.93333 3.65211 0.0128326
      vertex 1.66166 4.203 0.0128326
      vertex 2.10289 3.75 0
    endloop
  endfacet
  facet normal 0.548779 -0.366682 -0.751256
    outer loop
      vertex 44.6836 2.61489 0.43934
      vertex 44.5665 2.70469 0.30997
      vertex 45.0877 3.21967 0.43934
    endloop
  endfacet
  facet normal 0.433812 -0.879693 -0.1948
    outer loop
      vertex 42.5632 0.468579 1.30421
      vertex 42.5485 0.503944 1.11177
      vertex 43.2656 0.814961 1.30421
    endloop
  endfacet
  facet normal 0.418051 -0.62568 -0.658604
    outer loop
      vertex 43.7359 1.4858 0.586858
      vertex 43.0523 1.18433 0.43934
      vertex 43.6571 1.58843 0.43934
    endloop
  endfacet
  facet normal 0.212362 -0.242137 -0.946716
    outer loop
      vertex 43.3609 1.97451 0.114181
      vertex 43.2478 2.12191 0.0511112
      vertex 43.7285 2.5435 0.0511112
    endloop
  endfacet
  facet normal -0.30427 0.896807 -0.321182
    outer loop
      vertex 4.47664 117.881 0.925975
      vertex 3.72346 117.692 1.11177
      vertex 4.46031 117.942 1.11177
    endloop
  endfacet
  facet normal -0.288407 -0.849631 -0.441529
    outer loop
      vertex 4.47664 0.314735 0.925975
      vertex 3.7808 0.642387 0.75
      vertex 4.4991 0.39856 0.75
    endloop
  endfacet
  facet normal -0.946929 0 -0.321444
    outer loop
      vertex 0.114182 6 0.925975
      vertex 0.0511122 112.196 1.11177
      vertex 0.114182 112.196 0.925975
    endloop
  endfacet
  facet normal -0.946929 -0 -0.321444
    outer loop
      vertex 0.0511122 112.196 1.11177
      vertex 0.114182 6 0.925975
      vertex 0.0511122 6 1.11177
    endloop
  endfacet
  facet normal -0.212345 -0.242138 -0.94672
    outer loop
      vertex 2.91113 1.97451 0.114181
      vertex 2.5435 2.5435 0.0511112
      vertex 3.02424 2.12191 0.0511112
    endloop
  endfacet
  facet normal -0.41809 -0.625715 -0.658545
    outer loop
      vertex 3.15499 1.07229 0.586858
      vertex 2.53613 1.4858 0.586858
      vertex 3.21967 1.18433 0.43934
    endloop
  endfacet
  facet normal -0.625294 0.212099 -0.751013
    outer loop
      vertex 0.771307 113.597 0.30997
      vertex 0.628816 113.635 0.43934
      vertex 0.998909 114.268 0.30997
    endloop
  endfacet
  facet normal -0.162652 0.10861 -0.980688
    outer loop
      vertex 2.27458 115.055 0.0128326
      vertex 1.76667 114.64 0.0511112
      vertex 2.12191 115.172 0.0511112
    endloop
  endfacet
  facet normal -0.191583 0.961949 -0.194808
    outer loop
      vertex 4.46031 117.942 1.11177
      vertex 4.45041 117.979 1.30421
      vertex 5.22351 118.094 1.11177
    endloop
  endfacet
  facet normal -0.0364199 0.554602 -0.831319
    outer loop
      vertex 5.31474 117.401 0.200961
      vertex 5.29344 117.563 0.30997
      vertex 6 117.446 0.200961
    endloop
  endfacet
  facet normal -0.00426365 0.065332 -0.997854
    outer loop
      vertex 6 116.696 0
      vertex 5.38708 116.852 0.0128326
      vertex 6 116.892 0.0128326
    endloop
  endfacet
  facet normal 0.555673 0 -0.831401
    outer loop
      vertex 45.522 6 0.200961
      vertex 45.6851 112.196 0.30997
      vertex 45.6851 6 0.30997
    endloop
  endfacet
  facet normal 0.555673 0 -0.831401
    outer loop
      vertex 45.6851 112.196 0.30997
      vertex 45.522 6 0.200961
      vertex 45.522 112.196 0.200961
    endloop
  endfacet
  facet normal 0.880014 0.175056 -0.44151
    outer loop
      vertex 46.0214 112.953 0.75
      vertex 45.8734 113.697 0.75
      vertex 46.1075 112.964 0.925975
    endloop
  endfacet
  facet normal 0.815973 -0.162324 -0.554833
    outer loop
      vertex 46.0214 5.24307 0.75
      vertex 45.8734 4.4991 0.75
      vertex 45.9133 5.2573 0.586858
    endloop
  endfacet
  facet normal 0.945061 0.0619892 -0.320963
    outer loop
      vertex 46.2209 112.196 1.11177
      vertex 46.1578 112.196 0.925975
      vertex 46.17 112.972 1.11177
    endloop
  endfacet
  facet normal -0.997858 0.065417 0
    outer loop
      vertex 0 112.196 1.5
      vertex 0.0513315 112.979 7
      vertex 0.0513315 112.979 1.5
    endloop
  endfacet
  facet normal -0.997858 0.065417 0
    outer loop
      vertex 0.0513315 112.979 7
      vertex 0 112.196 1.5
      vertex 0 112.196 7
    endloop
  endfacet
  facet normal 0.997861 0.0653771 0
    outer loop
      vertex 46.272 112.196 7
      vertex 46.2207 112.979 1.5
      vertex 46.2207 112.979 7
    endloop
  endfacet
  facet normal 0.997861 0.0653771 0
    outer loop
      vertex 46.2207 112.979 1.5
      vertex 46.272 112.196 7
      vertex 46.272 112.196 1.5
    endloop
  endfacet
  facet normal -0.554384 0.829758 -0.0644942
    outer loop
      vertex 2.35524 116.946 1.30421
      vertex 2.34743 116.956 1.5
      vertex 3 117.392 1.5
    endloop
  endfacet
  facet normal 0.0492848 -0.0432209 -0.997849
    outer loop
      vertex 43.9974 3.14139 0.0128326
      vertex 43.454 2.81802 0
      vertex 43.8421 3.26057 0
    endloop
  endfacet
  facet normal 0 -0.997859 -0.0654074
    outer loop
      vertex 6 0.0128336 1.30421
      vertex 40.272 0 1.5
      vertex 6 0 1.5
    endloop
  endfacet
  facet normal 0 -0.997859 -0.0654074
    outer loop
      vertex 40.272 0 1.5
      vertex 6 0.0128336 1.30421
      vertex 40.272 0.0128336 1.30421
    endloop
  endfacet
  facet normal 0.065262 -0.995731 -0.065268
    outer loop
      vertex 41.0535 0.0640545 1.30421
      vertex 40.272 0 1.5
      vertex 40.272 0.0128336 1.30421
    endloop
  endfacet
  facet normal 0.0492187 -0.750924 -0.658552
    outer loop
      vertex 41.0147 0.358649 0.586858
      vertex 40.272 0.439341 0.43934
      vertex 40.9978 0.486913 0.43934
    endloop
  endfacet
  facet normal 0.246054 -0.49899 -0.830943
    outer loop
      vertex 42.9786 1.31208 0.30997
      vertex 42.3435 0.998909 0.30997
      vertex 42.897 1.45337 0.200961
    endloop
  endfacet
  facet normal -0.309117 -0.462618 -0.830922
    outer loop
      vertex 3.29343 1.31208 0.30997
      vertex 2.70469 1.70547 0.30997
      vertex 3.375 1.45337 0.200961
    endloop
  endfacet
  facet normal 0.333115 -0.29212 -0.896493
    outer loop
      vertex 44.4371 2.804 0.200961
      vertex 43.8599 2.41212 0.114181
      vertex 44.2975 2.91113 0.114181
    endloop
  endfacet
  facet normal 0.178852 -0.526887 -0.830904
    outer loop
      vertex 41.673 0.771307 0.30997
      vertex 41.6308 0.92889 0.200961
      vertex 42.3435 0.998909 0.30997
    endloop
  endfacet
  facet normal 0.995701 0.0652356 -0.0657615
    outer loop
      vertex 46.272 112.196 1.5
      vertex 46.2079 112.977 1.30421
      vertex 46.2207 112.979 1.5
    endloop
  endfacet
  facet normal 1 -0 0
    outer loop
      vertex 46.272 98.2336 3.23926
      vertex 46.272 112.196 1.5
      vertex 46.272 112.196 7
    endloop
  endfacet
  facet normal 1 0 0
    outer loop
      vertex 46.272 112.196 1.5
      vertex 46.272 98.2336 3.23926
      vertex 46.272 98.246 3.05
    endloop
  endfacet
  facet normal 1 0 0
    outer loop
      vertex 46.272 112.196 7
      vertex 46.272 98.1966 3.42529
      vertex 46.272 98.2336 3.23926
    endloop
  endfacet
  facet normal 1 0 0
    outer loop
      vertex 46.272 112.196 7
      vertex 46.272 98.1356 3.60489
      vertex 46.272 98.1966 3.42529
    endloop
  endfacet
  facet normal 1 0 0
    outer loop
      vertex 46.272 112.196 7
      vertex 46.272 98.0517 3.775
      vertex 46.272 98.1356 3.60489
    endloop
  endfacet
  facet normal 1 0 0
    outer loop
      vertex 46.272 112.196 7
      vertex 46.272 97.9464 3.9327
      vertex 46.272 98.0517 3.775
    endloop
  endfacet
  facet normal 1 0 0
    outer loop
      vertex 46.272 112.196 7
      vertex 46.272 97.8213 4.0753
      vertex 46.272 97.9464 3.9327
    endloop
  endfacet
  facet normal 1 0 0
    outer loop
      vertex 46.272 112.196 7
      vertex 46.272 97.6787 4.20036
      vertex 46.272 97.8213 4.0753
    endloop
  endfacet
  facet normal 1 0 0
    outer loop
      vertex 46.272 112.196 7
      vertex 46.272 97.521 4.30574
      vertex 46.272 97.6787 4.20036
    endloop
  endfacet
  facet normal 1 0 0
    outer loop
      vertex 46.272 112.196 7
      vertex 46.272 97.3509 4.38962
      vertex 46.272 97.521 4.30574
    endloop
  endfacet
  facet normal 1 0 0
    outer loop
      vertex 46.272 112.196 7
      vertex 46.272 97.1713 4.45059
      vertex 46.272 97.3509 4.38962
    endloop
  endfacet
  facet normal 1 0 0
    outer loop
      vertex 46.272 112.196 7
      vertex 46.272 96.9853 4.48759
      vertex 46.272 97.1713 4.45059
    endloop
  endfacet
  facet normal 1 0 0
    outer loop
      vertex 46.272 112.196 7
      vertex 46.272 96.796 4.5
      vertex 46.272 96.9853 4.48759
    endloop
  endfacet
  facet normal 1 0 0
    outer loop
      vertex 46.272 112.196 7
      vertex 46.272 90.196 4.5
      vertex 46.272 96.796 4.5
    endloop
  endfacet
  facet normal 1 0 0
    outer loop
      vertex 46.272 86.196 4.5
      vertex 46.272 90.196 4.5
      vertex 46.272 112.196 7
    endloop
  endfacet
  facet normal 1 0 0
    outer loop
      vertex 46.272 88.7584 3.23926
      vertex 46.272 87.646 3.05
      vertex 46.272 88.746 3.05
    endloop
  endfacet
  facet normal 1 0 0
    outer loop
      vertex 46.272 87.6336 3.23926
      vertex 46.272 88.7584 3.23926
      vertex 46.272 88.7954 3.42529
    endloop
  endfacet
  facet normal 1 0 0
    outer loop
      vertex 46.272 87.5966 3.42529
      vertex 46.272 88.7954 3.42529
      vertex 46.272 88.8564 3.60489
    endloop
  endfacet
  facet normal 1 0 0
    outer loop
      vertex 46.272 87.5356 3.60489
      vertex 46.272 88.8564 3.60489
      vertex 46.272 88.9403 3.775
    endloop
  endfacet
  facet normal 1 0 0
    outer loop
      vertex 46.272 87.4517 3.775
      vertex 46.272 88.9403 3.775
      vertex 46.272 89.0456 3.9327
    endloop
  endfacet
  facet normal 1 0 0
    outer loop
      vertex 46.272 87.3464 3.9327
      vertex 46.272 89.0456 3.9327
      vertex 46.272 89.1707 4.0753
    endloop
  endfacet
  facet normal 1 0 0
    outer loop
      vertex 46.272 87.2213 4.0753
      vertex 46.272 89.1707 4.0753
      vertex 46.272 89.3133 4.20036
    endloop
  endfacet
  facet normal 1 0 0
    outer loop
      vertex 46.272 88.7584 3.23926
      vertex 46.272 87.6336 3.23926
      vertex 46.272 87.646 3.05
    endloop
  endfacet
  facet normal 1 0 0
    outer loop
      vertex 46.272 87.0787 4.20036
      vertex 46.272 89.3133 4.20036
      vertex 46.272 89.471 4.30574
    endloop
  endfacet
  facet normal 1 0 0
    outer loop
      vertex 46.272 88.7954 3.42529
      vertex 46.272 87.5966 3.42529
      vertex 46.272 87.6336 3.23926
    endloop
  endfacet
  facet normal 1 0 0
    outer loop
      vertex 46.272 86.921 4.30574
      vertex 46.272 89.471 4.30574
      vertex 46.272 89.6411 4.38962
    endloop
  endfacet
  facet normal 1 0 0
    outer loop
      vertex 46.272 88.8564 3.60489
      vertex 46.272 87.5356 3.60489
      vertex 46.272 87.5966 3.42529
    endloop
  endfacet
  facet normal 1 0 0
    outer loop
      vertex 46.272 88.9403 3.775
      vertex 46.272 87.4517 3.775
      vertex 46.272 87.5356 3.60489
    endloop
  endfacet
  facet normal 1 0 0
    outer loop
      vertex 46.272 86.7509 4.38962
      vertex 46.272 89.6411 4.38962
      vertex 46.272 89.8207 4.45059
    endloop
  endfacet
  facet normal 1 0 0
    outer loop
      vertex 46.272 89.0456 3.9327
      vertex 46.272 87.3464 3.9327
      vertex 46.272 87.4517 3.775
    endloop
  endfacet
  facet normal 1 0 0
    outer loop
      vertex 46.272 89.1707 4.0753
      vertex 46.272 87.2213 4.0753
      vertex 46.272 87.3464 3.9327
    endloop
  endfacet
  facet normal 1 0 0
    outer loop
      vertex 46.272 86.5713 4.45059
      vertex 46.272 89.8207 4.45059
      vertex 46.272 90.0067 4.48759
    endloop
  endfacet
  facet normal 1 0 0
    outer loop
      vertex 46.272 89.3133 4.20036
      vertex 46.272 87.0787 4.20036
      vertex 46.272 87.2213 4.0753
    endloop
  endfacet
  facet normal 1 0 0
    outer loop
      vertex 46.272 90.196 4.5
      vertex 46.272 86.196 4.5
      vertex 46.272 90.0067 4.48759
    endloop
  endfacet
  facet normal 1 0 0
    outer loop
      vertex 46.272 89.471 4.30574
      vertex 46.272 86.921 4.30574
      vertex 46.272 87.0787 4.20036
    endloop
  endfacet
  facet normal 1 0 0
    outer loop
      vertex 46.272 89.6411 4.38962
      vertex 46.272 86.7509 4.38962
      vertex 46.272 86.921 4.30574
    endloop
  endfacet
  facet normal 1 0 0
    outer loop
      vertex 46.272 89.8207 4.45059
      vertex 46.272 86.5713 4.45059
      vertex 46.272 86.7509 4.38962
    endloop
  endfacet
  facet normal 1 0 0
    outer loop
      vertex 46.272 90.0067 4.48759
      vertex 46.272 86.3853 4.48759
      vertex 46.272 86.5713 4.45059
    endloop
  endfacet
  facet normal 1 0 0
    outer loop
      vertex 46.272 90.0067 4.48759
      vertex 46.272 86.196 4.5
      vertex 46.272 86.3853 4.48759
    endloop
  endfacet
  facet normal 1 0 0
    outer loop
      vertex 46.272 112.196 7
      vertex 46.272 79.596 4.5
      vertex 46.272 86.196 4.5
    endloop
  endfacet
  facet normal 1 0 0
    outer loop
      vertex 46.272 72.196 4.5
      vertex 46.272 79.596 4.5
      vertex 46.272 112.196 7
    endloop
  endfacet
  facet normal 1 0 0
    outer loop
      vertex 46.272 78.1584 3.23926
      vertex 46.272 73.646 3.05
      vertex 46.272 78.146 3.05
    endloop
  endfacet
  facet normal 1 0 0
    outer loop
      vertex 46.272 73.6336 3.23926
      vertex 46.272 78.1584 3.23926
      vertex 46.272 78.1954 3.42529
    endloop
  endfacet
  facet normal 1 0 0
    outer loop
      vertex 46.272 73.5966 3.42529
      vertex 46.272 78.1954 3.42529
      vertex 46.272 78.2564 3.60489
    endloop
  endfacet
  facet normal 1 0 0
    outer loop
      vertex 46.272 73.5356 3.60489
      vertex 46.272 78.2564 3.60489
      vertex 46.272 78.3403 3.775
    endloop
  endfacet
  facet normal 1 0 0
    outer loop
      vertex 46.272 73.4517 3.775
      vertex 46.272 78.3403 3.775
      vertex 46.272 78.4456 3.9327
    endloop
  endfacet
  facet normal 1 0 0
    outer loop
      vertex 46.272 73.3464 3.9327
      vertex 46.272 78.4456 3.9327
      vertex 46.272 78.5707 4.0753
    endloop
  endfacet
  facet normal 1 0 0
    outer loop
      vertex 46.272 73.2213 4.0753
      vertex 46.272 78.5707 4.0753
      vertex 46.272 78.7133 4.20036
    endloop
  endfacet
  facet normal 1 0 0
    outer loop
      vertex 46.272 73.0787 4.20036
      vertex 46.272 78.7133 4.20036
      vertex 46.272 78.871 4.30574
    endloop
  endfacet
  facet normal 1 0 0
    outer loop
      vertex 46.272 72.921 4.30574
      vertex 46.272 78.871 4.30574
      vertex 46.272 79.0411 4.38962
    endloop
  endfacet
  facet normal 1 0 0
    outer loop
      vertex 46.272 72.7509 4.38962
      vertex 46.272 79.0411 4.38962
      vertex 46.272 79.2207 4.45059
    endloop
  endfacet
  facet normal 1 0 0
    outer loop
      vertex 46.272 78.1584 3.23926
      vertex 46.272 73.6336 3.23926
      vertex 46.272 73.646 3.05
    endloop
  endfacet
  facet normal 1 0 0
    outer loop
      vertex 46.272 78.1954 3.42529
      vertex 46.272 73.5966 3.42529
      vertex 46.272 73.6336 3.23926
    endloop
  endfacet
  facet normal 1 0 0
    outer loop
      vertex 46.272 72.5713 4.45059
      vertex 46.272 79.2207 4.45059
      vertex 46.272 79.4067 4.48759
    endloop
  endfacet
  facet normal 1 0 0
    outer loop
      vertex 46.272 78.2564 3.60489
      vertex 46.272 73.5356 3.60489
      vertex 46.272 73.5966 3.42529
    endloop
  endfacet
  facet normal 1 0 0
    outer loop
      vertex 46.272 78.3403 3.775
      vertex 46.272 73.4517 3.775
      vertex 46.272 73.5356 3.60489
    endloop
  endfacet
  facet normal 1 0 0
    outer loop
      vertex 46.272 78.4456 3.9327
      vertex 46.272 73.3464 3.9327
      vertex 46.272 73.4517 3.775
    endloop
  endfacet
  facet normal 1 0 0
    outer loop
      vertex 46.272 78.5707 4.0753
      vertex 46.272 73.2213 4.0753
      vertex 46.272 73.3464 3.9327
    endloop
  endfacet
  facet normal 1 0 0
    outer loop
      vertex 46.272 79.596 4.5
      vertex 46.272 72.196 4.5
      vertex 46.272 79.4067 4.48759
    endloop
  endfacet
  facet normal 1 0 0
    outer loop
      vertex 46.272 78.7133 4.20036
      vertex 46.272 73.0787 4.20036
      vertex 46.272 73.2213 4.0753
    endloop
  endfacet
  facet normal 1 0 0
    outer loop
      vertex 46.272 78.871 4.30574
      vertex 46.272 72.921 4.30574
      vertex 46.272 73.0787 4.20036
    endloop
  endfacet
  facet normal 1 0 0
    outer loop
      vertex 46.272 79.0411 4.38962
      vertex 46.272 72.7509 4.38962
      vertex 46.272 72.921 4.30574
    endloop
  endfacet
  facet normal 1 0 0
    outer loop
      vertex 46.272 79.2207 4.45059
      vertex 46.272 72.5713 4.45059
      vertex 46.272 72.7509 4.38962
    endloop
  endfacet
  facet normal 1 0 0
    outer loop
      vertex 46.272 79.4067 4.48759
      vertex 46.272 72.3853 4.48759
      vertex 46.272 72.5713 4.45059
    endloop
  endfacet
  facet normal 1 0 0
    outer loop
      vertex 46.272 79.4067 4.48759
      vertex 46.272 72.196 4.5
      vertex 46.272 72.3853 4.48759
    endloop
  endfacet
  facet normal 1 0 0
    outer loop
      vertex 46.272 112.196 7
      vertex 46.272 67.596 4.5
      vertex 46.272 72.196 4.5
    endloop
  endfacet
  facet normal 1 0 0
    outer loop
      vertex 46.272 66.1584 3.23926
      vertex 46.272 6 7
      vertex 46.272 66.146 3.05
    endloop
  endfacet
  facet normal 1 0 0
    outer loop
      vertex 46.272 66.1954 3.42529
      vertex 46.272 6 7
      vertex 46.272 66.1584 3.23926
    endloop
  endfacet
  facet normal 1 0 0
    outer loop
      vertex 46.272 66.2564 3.60489
      vertex 46.272 6 7
      vertex 46.272 66.1954 3.42529
    endloop
  endfacet
  facet normal 1 0 0
    outer loop
      vertex 46.272 66.3403 3.775
      vertex 46.272 6 7
      vertex 46.272 66.2564 3.60489
    endloop
  endfacet
  facet normal 1 0 0
    outer loop
      vertex 46.272 66.4456 3.9327
      vertex 46.272 6 7
      vertex 46.272 66.3403 3.775
    endloop
  endfacet
  facet normal 1 0 0
    outer loop
      vertex 46.272 66.5707 4.0753
      vertex 46.272 6 7
      vertex 46.272 66.4456 3.9327
    endloop
  endfacet
  facet normal 1 0 0
    outer loop
      vertex 46.272 66.7133 4.20036
      vertex 46.272 6 7
      vertex 46.272 66.5707 4.0753
    endloop
  endfacet
  facet normal 1 0 0
    outer loop
      vertex 46.272 66.871 4.30574
      vertex 46.272 6 7
      vertex 46.272 66.7133 4.20036
    endloop
  endfacet
  facet normal 1 0 0
    outer loop
      vertex 46.272 67.0411 4.38962
      vertex 46.272 6 7
      vertex 46.272 66.871 4.30574
    endloop
  endfacet
  facet normal 1 0 0
    outer loop
      vertex 46.272 67.2207 4.45059
      vertex 46.272 6 7
      vertex 46.272 67.0411 4.38962
    endloop
  endfacet
  facet normal 1 0 0
    outer loop
      vertex 46.272 67.4067 4.48759
      vertex 46.272 6 7
      vertex 46.272 67.2207 4.45059
    endloop
  endfacet
  facet normal 1 0 0
    outer loop
      vertex 46.272 67.596 4.5
      vertex 46.272 6 7
      vertex 46.272 67.4067 4.48759
    endloop
  endfacet
  facet normal 1 -0 0
    outer loop
      vertex 46.272 6 7
      vertex 46.272 67.596 4.5
      vertex 46.272 112.196 7
    endloop
  endfacet
  facet normal 1 -0 0
    outer loop
      vertex 46.272 98.2336 2.86074
      vertex 46.272 112.196 1.5
      vertex 46.272 98.246 3.05
    endloop
  endfacet
  facet normal 1 -0 0
    outer loop
      vertex 46.272 98.1966 2.67471
      vertex 46.272 112.196 1.5
      vertex 46.272 98.2336 2.86074
    endloop
  endfacet
  facet normal 1 -0 0
    outer loop
      vertex 46.272 98.1356 2.49511
      vertex 46.272 112.196 1.5
      vertex 46.272 98.1966 2.67471
    endloop
  endfacet
  facet normal 1 -0 0
    outer loop
      vertex 46.272 98.0517 2.325
      vertex 46.272 112.196 1.5
      vertex 46.272 98.1356 2.49511
    endloop
  endfacet
  facet normal 1 -0 0
    outer loop
      vertex 46.272 97.9464 2.1673
      vertex 46.272 112.196 1.5
      vertex 46.272 98.0517 2.325
    endloop
  endfacet
  facet normal 1 -0 0
    outer loop
      vertex 46.272 97.8213 2.02469
      vertex 46.272 112.196 1.5
      vertex 46.272 97.9464 2.1673
    endloop
  endfacet
  facet normal 1 -0 0
    outer loop
      vertex 46.272 97.6787 1.89964
      vertex 46.272 112.196 1.5
      vertex 46.272 97.8213 2.02469
    endloop
  endfacet
  facet normal 1 -0 0
    outer loop
      vertex 46.272 97.521 1.79426
      vertex 46.272 112.196 1.5
      vertex 46.272 97.6787 1.89964
    endloop
  endfacet
  facet normal 1 -0 0
    outer loop
      vertex 46.272 97.3509 1.71037
      vertex 46.272 112.196 1.5
      vertex 46.272 97.521 1.79426
    endloop
  endfacet
  facet normal 1 -0 0
    outer loop
      vertex 46.272 97.1713 1.64941
      vertex 46.272 112.196 1.5
      vertex 46.272 97.3509 1.71037
    endloop
  endfacet
  facet normal 1 -0 0
    outer loop
      vertex 46.272 96.9853 1.6124
      vertex 46.272 112.196 1.5
      vertex 46.272 97.1713 1.64941
    endloop
  endfacet
  facet normal 1 -0 0
    outer loop
      vertex 46.272 96.796 1.6
      vertex 46.272 112.196 1.5
      vertex 46.272 96.9853 1.6124
    endloop
  endfacet
  facet normal 1 -0 0
    outer loop
      vertex 46.272 90.196 1.6
      vertex 46.272 112.196 1.5
      vertex 46.272 96.796 1.6
    endloop
  endfacet
  facet normal 1 -0 0
    outer loop
      vertex 46.272 87.646 3.05
      vertex 46.272 88.7584 2.86074
      vertex 46.272 88.746 3.05
    endloop
  endfacet
  facet normal 1 0 0
    outer loop
      vertex 46.272 87.6336 2.86074
      vertex 46.272 88.7584 2.86074
      vertex 46.272 87.646 3.05
    endloop
  endfacet
  facet normal 1 0 0
    outer loop
      vertex 46.272 88.7584 2.86074
      vertex 46.272 87.6336 2.86074
      vertex 46.272 88.7954 2.67471
    endloop
  endfacet
  facet normal 1 0 0
    outer loop
      vertex 46.272 87.5966 2.67471
      vertex 46.272 88.7954 2.67471
      vertex 46.272 87.6336 2.86074
    endloop
  endfacet
  facet normal 1 0 0
    outer loop
      vertex 46.272 88.7954 2.67471
      vertex 46.272 87.5966 2.67471
      vertex 46.272 88.8564 2.49511
    endloop
  endfacet
  facet normal 1 0 0
    outer loop
      vertex 46.272 87.5356 2.49511
      vertex 46.272 88.8564 2.49511
      vertex 46.272 87.5966 2.67471
    endloop
  endfacet
  facet normal 1 0 0
    outer loop
      vertex 46.272 88.8564 2.49511
      vertex 46.272 87.5356 2.49511
      vertex 46.272 88.9403 2.325
    endloop
  endfacet
  facet normal 1 0 0
    outer loop
      vertex 46.272 87.4517 2.325
      vertex 46.272 88.9403 2.325
      vertex 46.272 87.5356 2.49511
    endloop
  endfacet
  facet normal 1 0 0
    outer loop
      vertex 46.272 88.9403 2.325
      vertex 46.272 87.4517 2.325
      vertex 46.272 89.0456 2.1673
    endloop
  endfacet
  facet normal 1 0 0
    outer loop
      vertex 46.272 87.3464 2.1673
      vertex 46.272 89.0456 2.1673
      vertex 46.272 87.4517 2.325
    endloop
  endfacet
  facet normal 1 0 0
    outer loop
      vertex 46.272 89.0456 2.1673
      vertex 46.272 87.3464 2.1673
      vertex 46.272 89.1707 2.02469
    endloop
  endfacet
  facet normal 1 0 0
    outer loop
      vertex 46.272 87.2213 2.02469
      vertex 46.272 89.1707 2.02469
      vertex 46.272 87.3464 2.1673
    endloop
  endfacet
  facet normal 1 0 0
    outer loop
      vertex 46.272 89.1707 2.02469
      vertex 46.272 87.2213 2.02469
      vertex 46.272 89.3133 1.89964
    endloop
  endfacet
  facet normal 1 0 0
    outer loop
      vertex 46.272 87.0787 1.89964
      vertex 46.272 89.3133 1.89964
      vertex 46.272 87.2213 2.02469
    endloop
  endfacet
  facet normal 1 0 0
    outer loop
      vertex 46.272 89.3133 1.89964
      vertex 46.272 87.0787 1.89964
      vertex 46.272 89.471 1.79426
    endloop
  endfacet
  facet normal 1 0 0
    outer loop
      vertex 46.272 86.921 1.79426
      vertex 46.272 89.471 1.79426
      vertex 46.272 87.0787 1.89964
    endloop
  endfacet
  facet normal 1 0 0
    outer loop
      vertex 46.272 89.471 1.79426
      vertex 46.272 86.921 1.79426
      vertex 46.272 89.6411 1.71037
    endloop
  endfacet
  facet normal 1 0 0
    outer loop
      vertex 46.272 86.7509 1.71037
      vertex 46.272 89.6411 1.71037
      vertex 46.272 86.921 1.79426
    endloop
  endfacet
  facet normal 1 0 0
    outer loop
      vertex 46.272 89.6411 1.71037
      vertex 46.272 86.7509 1.71037
      vertex 46.272 89.8207 1.64941
    endloop
  endfacet
  facet normal 1 0 0
    outer loop
      vertex 46.272 86.5713 1.64941
      vertex 46.272 89.8207 1.64941
      vertex 46.272 86.7509 1.71037
    endloop
  endfacet
  facet normal 1 0 0
    outer loop
      vertex 46.272 89.8207 1.64941
      vertex 46.272 86.5713 1.64941
      vertex 46.272 90.0067 1.6124
    endloop
  endfacet
  facet normal 1 0 0
    outer loop
      vertex 46.272 86.3853 1.6124
      vertex 46.272 90.0067 1.6124
      vertex 46.272 86.5713 1.64941
    endloop
  endfacet
  facet normal 1 0 0
    outer loop
      vertex 46.272 90.0067 1.6124
      vertex 46.272 86.3853 1.6124
      vertex 46.272 90.196 1.6
    endloop
  endfacet
  facet normal 1 0 0
    outer loop
      vertex 46.272 86.196 1.6
      vertex 46.272 90.196 1.6
      vertex 46.272 86.3853 1.6124
    endloop
  endfacet
  facet normal 1 0 0
    outer loop
      vertex 46.272 90.196 1.6
      vertex 46.272 86.196 1.6
      vertex 46.272 112.196 1.5
    endloop
  endfacet
  facet normal 1 -0 0
    outer loop
      vertex 46.272 79.596 1.6
      vertex 46.272 112.196 1.5
      vertex 46.272 86.196 1.6
    endloop
  endfacet
  facet normal 1 -0 0
    outer loop
      vertex 46.272 73.646 3.05
      vertex 46.272 78.1584 2.86074
      vertex 46.272 78.146 3.05
    endloop
  endfacet
  facet normal 1 0 0
    outer loop
      vertex 46.272 73.6336 2.86074
      vertex 46.272 78.1584 2.86074
      vertex 46.272 73.646 3.05
    endloop
  endfacet
  facet normal 1 0 0
    outer loop
      vertex 46.272 78.1584 2.86074
      vertex 46.272 73.6336 2.86074
      vertex 46.272 78.1954 2.67471
    endloop
  endfacet
  facet normal 1 0 0
    outer loop
      vertex 46.272 73.5966 2.67471
      vertex 46.272 78.1954 2.67471
      vertex 46.272 73.6336 2.86074
    endloop
  endfacet
  facet normal 1 0 0
    outer loop
      vertex 46.272 78.1954 2.67471
      vertex 46.272 73.5966 2.67471
      vertex 46.272 78.2564 2.49511
    endloop
  endfacet
  facet normal 1 0 0
    outer loop
      vertex 46.272 73.5356 2.49511
      vertex 46.272 78.2564 2.49511
      vertex 46.272 73.5966 2.67471
    endloop
  endfacet
  facet normal 1 0 0
    outer loop
      vertex 46.272 78.2564 2.49511
      vertex 46.272 73.5356 2.49511
      vertex 46.272 78.3403 2.325
    endloop
  endfacet
  facet normal 1 0 0
    outer loop
      vertex 46.272 73.4517 2.325
      vertex 46.272 78.3403 2.325
      vertex 46.272 73.5356 2.49511
    endloop
  endfacet
  facet normal 1 0 0
    outer loop
      vertex 46.272 78.3403 2.325
      vertex 46.272 73.4517 2.325
      vertex 46.272 78.4456 2.1673
    endloop
  endfacet
  facet normal 1 0 0
    outer loop
      vertex 46.272 73.3464 2.1673
      vertex 46.272 78.4456 2.1673
      vertex 46.272 73.4517 2.325
    endloop
  endfacet
  facet normal 1 0 0
    outer loop
      vertex 46.272 78.4456 2.1673
      vertex 46.272 73.3464 2.1673
      vertex 46.272 78.5707 2.02469
    endloop
  endfacet
  facet normal 1 0 0
    outer loop
      vertex 46.272 73.2213 2.02469
      vertex 46.272 78.5707 2.02469
      vertex 46.272 73.3464 2.1673
    endloop
  endfacet
  facet normal 1 0 0
    outer loop
      vertex 46.272 78.5707 2.02469
      vertex 46.272 73.2213 2.02469
      vertex 46.272 78.7133 1.89964
    endloop
  endfacet
  facet normal 1 0 0
    outer loop
      vertex 46.272 73.0787 1.89964
      vertex 46.272 78.7133 1.89964
      vertex 46.272 73.2213 2.02469
    endloop
  endfacet
  facet normal 1 0 0
    outer loop
      vertex 46.272 78.7133 1.89964
      vertex 46.272 73.0787 1.89964
      vertex 46.272 78.871 1.79426
    endloop
  endfacet
  facet normal 1 0 0
    outer loop
      vertex 46.272 72.921 1.79426
      vertex 46.272 78.871 1.79426
      vertex 46.272 73.0787 1.89964
    endloop
  endfacet
  facet normal 1 0 0
    outer loop
      vertex 46.272 78.871 1.79426
      vertex 46.272 72.921 1.79426
      vertex 46.272 79.0411 1.71037
    endloop
  endfacet
  facet normal 1 0 0
    outer loop
      vertex 46.272 72.7509 1.71037
      vertex 46.272 79.0411 1.71037
      vertex 46.272 72.921 1.79426
    endloop
  endfacet
  facet normal 1 0 0
    outer loop
      vertex 46.272 79.0411 1.71037
      vertex 46.272 72.7509 1.71037
      vertex 46.272 79.2207 1.64941
    endloop
  endfacet
  facet normal 1 0 0
    outer loop
      vertex 46.272 72.5713 1.64941
      vertex 46.272 79.2207 1.64941
      vertex 46.272 72.7509 1.71037
    endloop
  endfacet
  facet normal 1 0 0
    outer loop
      vertex 46.272 79.2207 1.64941
      vertex 46.272 72.5713 1.64941
      vertex 46.272 79.4067 1.6124
    endloop
  endfacet
  facet normal 1 0 0
    outer loop
      vertex 46.272 72.3853 1.6124
      vertex 46.272 79.4067 1.6124
      vertex 46.272 72.5713 1.64941
    endloop
  endfacet
  facet normal 1 0 0
    outer loop
      vertex 46.272 79.4067 1.6124
      vertex 46.272 72.3853 1.6124
      vertex 46.272 79.596 1.6
    endloop
  endfacet
  facet normal 1 0 0
    outer loop
      vertex 46.272 72.196 1.6
      vertex 46.272 79.596 1.6
      vertex 46.272 72.3853 1.6124
    endloop
  endfacet
  facet normal 1 0 0
    outer loop
      vertex 46.272 79.596 1.6
      vertex 46.272 72.196 1.6
      vertex 46.272 112.196 1.5
    endloop
  endfacet
  facet normal 1 -0 0
    outer loop
      vertex 46.272 67.596 1.6
      vertex 46.272 112.196 1.5
      vertex 46.272 72.196 1.6
    endloop
  endfacet
  facet normal 1 0 0
    outer loop
      vertex 46.272 6 1.5
      vertex 46.272 66.146 3.05
      vertex 46.272 6 7
    endloop
  endfacet
  facet normal 1 0 0
    outer loop
      vertex 46.272 66.146 3.05
      vertex 46.272 6 1.5
      vertex 46.272 66.1584 2.86074
    endloop
  endfacet
  facet normal 1 0 0
    outer loop
      vertex 46.272 66.1584 2.86074
      vertex 46.272 6 1.5
      vertex 46.272 66.1954 2.67471
    endloop
  endfacet
  facet normal 1 0 0
    outer loop
      vertex 46.272 66.1954 2.67471
      vertex 46.272 6 1.5
      vertex 46.272 66.2564 2.49511
    endloop
  endfacet
  facet normal 1 0 0
    outer loop
      vertex 46.272 66.2564 2.49511
      vertex 46.272 6 1.5
      vertex 46.272 66.3403 2.325
    endloop
  endfacet
  facet normal 1 0 0
    outer loop
      vertex 46.272 66.3403 2.325
      vertex 46.272 6 1.5
      vertex 46.272 66.4456 2.1673
    endloop
  endfacet
  facet normal 1 0 0
    outer loop
      vertex 46.272 66.4456 2.1673
      vertex 46.272 6 1.5
      vertex 46.272 66.5707 2.02469
    endloop
  endfacet
  facet normal 1 0 0
    outer loop
      vertex 46.272 66.5707 2.02469
      vertex 46.272 6 1.5
      vertex 46.272 66.7133 1.89964
    endloop
  endfacet
  facet normal 1 0 0
    outer loop
      vertex 46.272 66.7133 1.89964
      vertex 46.272 6 1.5
      vertex 46.272 66.871 1.79426
    endloop
  endfacet
  facet normal 1 0 0
    outer loop
      vertex 46.272 66.871 1.79426
      vertex 46.272 6 1.5
      vertex 46.272 67.0411 1.71037
    endloop
  endfacet
  facet normal 1 0 0
    outer loop
      vertex 46.272 67.0411 1.71037
      vertex 46.272 6 1.5
      vertex 46.272 67.2207 1.64941
    endloop
  endfacet
  facet normal 1 0 0
    outer loop
      vertex 46.272 67.596 1.6
      vertex 46.272 6 1.5
      vertex 46.272 112.196 1.5
    endloop
  endfacet
  facet normal 1 0 0
    outer loop
      vertex 46.272 67.4067 1.6124
      vertex 46.272 6 1.5
      vertex 46.272 67.596 1.6
    endloop
  endfacet
  facet normal 1 0 0
    outer loop
      vertex 46.272 67.2207 1.64941
      vertex 46.272 6 1.5
      vertex 46.272 67.4067 1.6124
    endloop
  endfacet
  facet normal -0.997859 0 -0.0654074
    outer loop
      vertex 0.0128336 6 1.30421
      vertex 0 112.196 1.5
      vertex 0.0128336 112.196 1.30421
    endloop
  endfacet
  facet normal -0.997859 -0 -0.0654074
    outer loop
      vertex 0 112.196 1.5
      vertex 0.0128336 6 1.30421
      vertex 0 6 1.5
    endloop
  endfacet
  facet normal -0.997859 -0.0654037 0
    outer loop
      vertex 0.0513315 5.21684 1.5
      vertex 0 6 7
      vertex 0 6 1.5
    endloop
  endfacet
  facet normal -0.997859 -0.0654037 0
    outer loop
      vertex 0 6 7
      vertex 0.0513315 5.21684 1.5
      vertex 0.0513315 5.21684 7
    endloop
  endfacet
  facet normal -0.978763 0.0641909 -0.194687
    outer loop
      vertex 0.102005 112.972 1.11177
      vertex 0.0128336 112.196 1.30421
      vertex 0.0640545 112.977 1.30421
    endloop
  endfacet
  facet normal -0.738009 0.14688 -0.658611
    outer loop
      vertex 0.486913 112.922 0.43934
      vertex 0.358649 112.939 0.586858
      vertex 0.628816 113.635 0.43934
    endloop
  endfacet
  facet normal -0.397443 0.804727 -0.440969
    outer loop
      vertex 3.10048 117.218 0.75
      vertex 3.05709 117.293 0.925975
      vertex 3.7808 117.554 0.75
    endloop
  endfacet
  facet normal -0.461982 0.30908 -0.831289
    outer loop
      vertex 1.45337 114.821 0.200961
      vertex 1.31208 114.903 0.30997
      vertex 1.70547 115.491 0.30997
    endloop
  endfacet
  facet normal 0.6248 0.711878 -0.32071
    outer loop
      vertex 44.4339 116.358 0.925975
      vertex 43.8551 116.866 0.925975
      vertex 43.8935 116.916 1.11177
    endloop
  endfacet
  facet normal 0.895249 0.0586583 -0.441689
    outer loop
      vertex 46.071 112.196 0.75
      vertex 46.0214 112.953 0.75
      vertex 46.1075 112.964 0.925975
    endloop
  endfacet
  facet normal 0.0208446 0.321056 -0.946831
    outer loop
      vertex 40.9343 117.227 0.114181
      vertex 40.272 117.084 0.0511112
      vertex 40.272 117.27 0.114181
    endloop
  endfacet
  facet normal -0.462969 0.309346 -0.830641
    outer loop
      vertex 1.8349 115.392 0.200961
      vertex 1.45337 114.821 0.200961
      vertex 1.70547 115.491 0.30997
    endloop
  endfacet
  facet normal 0.146964 -0.128884 -0.980709
    outer loop
      vertex 44.1501 3.02424 0.0511112
      vertex 43.7285 2.5435 0.0511112
      vertex 43.9974 3.14139 0.0128326
    endloop
  endfacet
  facet normal 0.321436 0 -0.946931
    outer loop
      vertex 45.1602 6 0.0511112
      vertex 45.346 112.196 0.114181
      vertex 45.346 6 0.114181
    endloop
  endfacet
  facet normal 0.321436 0 -0.946931
    outer loop
      vertex 45.346 112.196 0.114181
      vertex 45.1602 6 0.0511112
      vertex 45.1602 112.196 0.0511112
    endloop
  endfacet
  facet normal 0.065399 0 -0.997859
    outer loop
      vertex 44.772 6 0
      vertex 44.9678 112.196 0.0128326
      vertex 44.9678 6 0.0128326
    endloop
  endfacet
  facet normal 0.065399 0 -0.997859
    outer loop
      vertex 44.9678 112.196 0.0128326
      vertex 44.772 6 0
      vertex 44.772 112.196 0
    endloop
  endfacet
  facet normal 0.037897 0.191685 -0.980724
    outer loop
      vertex 41.4874 116.732 0.0128326
      vertex 40.91 117.042 0.0511112
      vertex 41.5372 116.918 0.0511112
    endloop
  endfacet
  facet normal 0.978805 0.0642928 -0.194441
    outer loop
      vertex 46.2592 112.196 1.30421
      vertex 46.17 112.972 1.11177
      vertex 46.2079 112.977 1.30421
    endloop
  endfacet
  facet normal 0.895292 0.0586369 -0.441604
    outer loop
      vertex 46.1578 112.196 0.925975
      vertex 46.071 112.196 0.75
      vertex 46.1075 112.964 0.925975
    endloop
  endfacet
  facet normal 0.928982 -0.184785 -0.320698
    outer loop
      vertex 46.17 5.22351 1.11177
      vertex 45.9573 4.47664 0.925975
      vertex 46.1075 5.23175 0.925975
    endloop
  endfacet
  facet normal 0.978741 0.0641984 -0.194792
    outer loop
      vertex 46.2209 112.196 1.11177
      vertex 46.17 112.972 1.11177
      vertex 46.2592 112.196 1.30421
    endloop
  endfacet
  facet normal -0.659002 0.752141 0
    outer loop
      vertex 2.34743 116.956 1.5
      vertex 1.75736 116.439 7
      vertex 2.34743 116.956 7
    endloop
  endfacet
  facet normal -0.659002 0.752141 0
    outer loop
      vertex 1.75736 116.439 7
      vertex 2.34743 116.956 1.5
      vertex 1.75736 116.439 1.5
    endloop
  endfacet
  facet normal -0.0547755 0.83024 -0.554708
    outer loop
      vertex 6 117.886 0.586858
      vertex 5.2573 117.837 0.586858
      vertex 6 117.995 0.75
    endloop
  endfacet
  facet normal 0.0364178 0.554602 -0.831319
    outer loop
      vertex 40.9573 117.401 0.200961
      vertex 40.272 117.446 0.200961
      vertex 40.9786 117.563 0.30997
    endloop
  endfacet
  facet normal 0 0.831488 -0.555542
    outer loop
      vertex 40.272 117.886 0.586858
      vertex 6 117.995 0.75
      vertex 40.272 117.995 0.75
    endloop
  endfacet
  facet normal 0 0.831488 -0.555542
    outer loop
      vertex 6 117.995 0.75
      vertex 40.272 117.886 0.586858
      vertex 6 117.886 0.586858
    endloop
  endfacet
  facet normal -0.0643026 0.979026 -0.193322
    outer loop
      vertex 6 118.145 1.11177
      vertex 5.22351 118.094 1.11177
      vertex 6 118.183 1.30421
    endloop
  endfacet
  facet normal -0.750236 -0.657942 -0.0652532
    outer loop
      vertex 1.75736 1.75736 1.5
      vertex 1.23988 2.34743 1.5
      vertex 1.25006 2.35524 1.30421
    endloop
  endfacet
  facet normal -0.321374 0.0210728 -0.946718
    outer loop
      vertex 1.11177 112.196 0.0511112
      vertex 0.925976 112.196 0.114181
      vertex 0.969384 112.858 0.114181
    endloop
  endfacet
  facet normal -0.0544152 -0.830235 -0.554751
    outer loop
      vertex 6 0.200962 0.75
      vertex 5.2573 0.358649 0.586858
      vertex 6 0.309971 0.586858
    endloop
  endfacet
  facet normal -0.624493 -0.712096 -0.320824
    outer loop
      vertex 2.37855 1.28043 1.11177
      vertex 1.8381 1.8381 0.925975
      vertex 2.41694 1.33047 0.925975
    endloop
  endfacet
  facet normal 0.108617 -0.162552 -0.980703
    outer loop
      vertex 42.7161 1.76667 0.0511112
      vertex 42.6199 1.93333 0.0128326
      vertex 43.1306 2.27458 0.0128326
    endloop
  endfacet
  facet normal 0.142438 -0.288855 -0.946718
    outer loop
      vertex 42.809 1.60577 0.114181
      vertex 42.1426 1.48387 0.0511112
      vertex 42.7161 1.76667 0.0511112
    endloop
  endfacet
  facet normal 0.0210633 -0.321374 -0.946718
    outer loop
      vertex 40.9343 0.969384 0.114181
      vertex 40.272 0.925976 0.114181
      vertex 40.272 1.11177 0.0511112
    endloop
  endfacet
  facet normal 0 -0.0654023 -0.997859
    outer loop
      vertex 6 1.30421 0.0128326
      vertex 40.272 1.5 0
      vertex 40.272 1.30421 0.0128326
    endloop
  endfacet
  facet normal -0 -0.0654023 -0.997859
    outer loop
      vertex 40.272 1.5 0
      vertex 6 1.30421 0.0128326
      vertex 6 1.5 0
    endloop
  endfacet
  facet normal 0.849474 -0.418955 -0.320735
    outer loop
      vertex 45.4239 3.02556 1.11177
      vertex 45.3693 3.05709 0.925975
      vertex 45.7681 3.72346 1.11177
    endloop
  endfacet
  facet normal 0.944902 -0.320778 -0.065283
    outer loop
      vertex 46.0676 4.44709 1.5
      vertex 45.8153 3.7039 1.5
      vertex 46.0552 4.45041 1.30421
    endloop
  endfacet
  facet normal 0.544887 -0.815595 -0.194687
    outer loop
      vertex 43.9168 1.25006 1.30421
      vertex 43.2464 0.848112 1.11177
      vertex 43.8935 1.28043 1.11177
    endloop
  endfacet
  facet normal 0.829679 -0.554368 -0.0656389
    outer loop
      vertex 45.4682 3 1.5
      vertex 45.0219 2.35524 1.30421
      vertex 45.457 3.00642 1.30421
    endloop
  endfacet
  facet normal 0.368405 -0.246133 -0.896491
    outer loop
      vertex 44.4371 2.804 0.200961
      vertex 44.2975 2.91113 0.114181
      vertex 44.6662 3.46299 0.114181
    endloop
  endfacet
  facet normal 0.146963 -0.128884 -0.980709
    outer loop
      vertex 43.7285 2.5435 0.0511112
      vertex 43.5924 2.67958 0.0128326
      vertex 43.9974 3.14139 0.0128326
    endloop
  endfacet
  facet normal 0.195113 -0.012797 -0.980697
    outer loop
      vertex 45.1602 6 0.0511112
      vertex 44.9276 5.38708 0.0128326
      vertex 44.9678 6 0.0128326
    endloop
  endfacet
  facet normal 0.0544193 -0.830243 -0.554739
    outer loop
      vertex 41.0289 0.250574 0.75
      vertex 40.272 0.200962 0.75
      vertex 41.0147 0.358649 0.586858
    endloop
  endfacet
  facet normal 0.787656 0.267452 -0.555038
    outer loop
      vertex 45.8734 113.697 0.75
      vertex 45.5289 114.373 0.586858
      vertex 45.6296 114.415 0.75
    endloop
  endfacet
  facet normal 0.995736 -0.0653648 -0.0650974
    outer loop
      vertex 46.272 6 1.5
      vertex 46.2079 5.21852 1.30421
      vertex 46.2592 6 1.30421
    endloop
  endfacet
  facet normal 0.997862 -0.0653638 0
    outer loop
      vertex 46.2207 5.21684 7
      vertex 46.272 6 1.5
      vertex 46.272 6 7
    endloop
  endfacet
  facet normal 0.997862 -0.0653638 0
    outer loop
      vertex 46.272 6 1.5
      vertex 46.2207 5.21684 7
      vertex 46.2207 5.21684 1.5
    endloop
  endfacet
  facet normal -0.896873 -0.442289 0
    outer loop
      vertex 0.803848 3 1.5
      vertex 0.456723 3.7039 7
      vertex 0.456723 3.7039 1.5
    endloop
  endfacet
  facet normal -0.896873 -0.442289 0
    outer loop
      vertex 0.456723 3.7039 7
      vertex 0.803848 3 1.5
      vertex 0.803848 3 7
    endloop
  endfacet
  facet normal -0.241896 -0.712601 -0.658549
    outer loop
      vertex 4.52731 0.503854 0.586858
      vertex 3.82252 0.743098 0.586858
      vertex 3.87203 0.86262 0.43934
    endloop
  endfacet
  facet normal -0.946931 -0.321437 0
    outer loop
      vertex 0.456723 3.7039 1.5
      vertex 0.204446 4.44709 7
      vertex 0.204446 4.44709 1.5
    endloop
  endfacet
  facet normal -0.946931 -0.321437 0
    outer loop
      vertex 0.204446 4.44709 7
      vertex 0.456723 3.7039 1.5
      vertex 0.456723 3.7039 7
    endloop
  endfacet
  facet normal -0.738076 -0.146813 -0.658551
    outer loop
      vertex 0.503854 4.52731 0.586858
      vertex 0.358649 5.2573 0.586858
      vertex 0.628816 4.5608 0.43934
    endloop
  endfacet
  facet normal -0.980785 -0.195092 0
    outer loop
      vertex 0.204446 4.44709 1.5
      vertex 0.0513315 5.21684 7
      vertex 0.0513315 5.21684 1.5
    endloop
  endfacet
  facet normal -0.980785 -0.195092 0
    outer loop
      vertex 0.0513315 5.21684 7
      vertex 0.204446 4.44709 1.5
      vertex 0.204446 4.44709 7
    endloop
  endfacet
  facet normal -1 0 0
    outer loop
      vertex 0 6 1.5
      vertex 0 112.196 7
      vertex 0 112.196 1.5
    endloop
  endfacet
  facet normal -1 -0 0
    outer loop
      vertex 0 112.196 7
      vertex 0 6 1.5
      vertex 0 6 7
    endloop
  endfacet
  facet normal -0.89533 -0.0586832 -0.441521
    outer loop
      vertex 0.250574 5.24307 0.75
      vertex 0.164536 5.23175 0.925975
      vertex 0.200962 6 0.75
    endloop
  endfacet
  facet normal -0.928925 0.315581 -0.193668
    outer loop
      vertex 0.503944 114.473 1.11177
      vertex 0.216841 113.746 1.30421
      vertex 0.468579 114.487 1.30421
    endloop
  endfacet
  facet normal -0.946906 0.321511 0
    outer loop
      vertex 0.204446 113.749 1.5
      vertex 0.456723 114.492 7
      vertex 0.456723 114.492 1.5
    endloop
  endfacet
  facet normal -0.946906 0.321511 0
    outer loop
      vertex 0.456723 114.492 7
      vertex 0.204446 113.749 1.5
      vertex 0.204446 113.749 7
    endloop
  endfacet
  facet normal -0.195074 -0.0127849 -0.980705
    outer loop
      vertex 1.34438 5.38708 0.0128326
      vertex 1.11177 6 0.0511112
      vertex 1.30421 6 0.0128326
    endloop
  endfacet
  facet normal -0.980797 0.195031 0
    outer loop
      vertex 0.0513315 112.979 1.5
      vertex 0.204446 113.749 7
      vertex 0.204446 113.749 1.5
    endloop
  endfacet
  facet normal -0.980797 0.195031 0
    outer loop
      vertex 0.204446 113.749 7
      vertex 0.0513315 112.979 1.5
      vertex 0.0513315 112.979 7
    endloop
  endfacet
  facet normal -0.751839 0 -0.659346
    outer loop
      vertex 0.439341 6 0.43934
      vertex 0.309971 112.196 0.586858
      vertex 0.439341 112.196 0.43934
    endloop
  endfacet
  facet normal -0.751839 -0 -0.659346
    outer loop
      vertex 0.309971 112.196 0.586858
      vertex 0.439341 6 0.43934
      vertex 0.309971 6 0.586858
    endloop
  endfacet
  facet normal -0.0492786 -0.0432166 -0.99785
    outer loop
      vertex 2.81802 2.81802 0
      vertex 2.27458 3.14139 0.0128326
      vertex 2.42991 3.26057 0
    endloop
  endfacet
  facet normal -0.366737 0.548998 -0.751069
    outer loop
      vertex 2.70469 116.491 0.30997
      vertex 2.61489 116.608 0.43934
      vertex 3.21967 117.012 0.43934
    endloop
  endfacet
  facet normal -0.043264 0.0493466 -0.997844
    outer loop
      vertex 3.26057 115.766 0
      vertex 2.81802 115.378 0
      vertex 3.14139 115.921 0.0128326
    endloop
  endfacet
  facet normal -0.418898 0.366917 -0.8306
    outer loop
      vertex 1.8349 115.392 0.200961
      vertex 1.70547 115.491 0.30997
      vertex 2.17233 116.024 0.30997
    endloop
  endfacet
  facet normal -0.625513 0.417801 -0.658921
    outer loop
      vertex 1.58843 115.581 0.43934
      vertex 1.18433 114.976 0.43934
      vertex 1.4858 115.66 0.586858
    endloop
  endfacet
  facet normal -0.043604 0.659338 -0.750581
    outer loop
      vertex 5.29344 117.563 0.30997
      vertex 5.27419 117.709 0.43934
      vertex 6 117.757 0.43934
    endloop
  endfacet
  facet normal -0.0287007 0.442051 -0.896531
    outer loop
      vertex 6 117.27 0.114181
      vertex 5.33771 117.227 0.114181
      vertex 6 117.446 0.200961
    endloop
  endfacet
  facet normal -0.332728 0.675094 -0.658438
    outer loop
      vertex 3.21967 117.012 0.43934
      vertex 3.15499 117.124 0.586858
      vertex 3.82252 117.453 0.586858
    endloop
  endfacet
  facet normal 0.0649798 0.997887 -0
    outer loop
      vertex 41.0552 118.145 1.5
      vertex 40.272 118.196 7
      vertex 41.0552 118.145 7
    endloop
  endfacet
  facet normal 0.0649798 0.997887 0
    outer loop
      vertex 40.272 118.196 7
      vertex 41.0552 118.145 1.5
      vertex 40.272 118.196 1.5
    endloop
  endfacet
  facet normal 0 0.0653326 -0.997864
    outer loop
      vertex 6 116.696 0
      vertex 40.272 116.892 0.0128326
      vertex 40.272 116.696 0
    endloop
  endfacet
  facet normal 0 0.0653326 -0.997864
    outer loop
      vertex 40.272 116.892 0.0128326
      vertex 6 116.696 0
      vertex 6 116.892 0.0128326
    endloop
  endfacet
  facet normal 0.178838 0.526237 -0.831319
    outer loop
      vertex 42.2811 117.046 0.200961
      vertex 41.6308 117.267 0.200961
      vertex 42.3435 117.197 0.30997
    endloop
  endfacet
  facet normal 0.751787 0.659406 0
    outer loop
      vertex 45.0321 115.849 7
      vertex 44.5146 116.439 1.5
      vertex 44.5146 116.439 7
    endloop
  endfacet
  facet normal 0.751787 0.659406 0
    outer loop
      vertex 44.5146 116.439 1.5
      vertex 45.0321 115.849 7
      vertex 45.0321 115.849 1.5
    endloop
  endfacet
  facet normal 0.738165 0.146908 -0.65843
    outer loop
      vertex 45.7851 112.922 0.43934
      vertex 45.6432 113.635 0.43934
      vertex 45.9133 112.939 0.586858
    endloop
  endfacet
  facet normal -0.0591449 0.89537 -0.441377
    outer loop
      vertex 5.24307 117.945 0.75
      vertex 5.23175 118.031 0.925975
      vertex 6 117.995 0.75
    endloop
  endfacet
  facet normal -0.0127589 0.195504 -0.98062
    outer loop
      vertex 6 116.892 0.0128326
      vertex 5.38708 116.852 0.0128326
      vertex 6 117.084 0.0511112
    endloop
  endfacet
  facet normal -0.191758 0.0381732 -0.9807
    outer loop
      vertex 1.34438 112.809 0.0128326
      vertex 1.15359 112.834 0.0511112
      vertex 1.46422 113.411 0.0128326
    endloop
  endfacet
  facet normal -0.305039 0.103461 -0.946703
    outer loop
      vertex 1.27833 113.461 0.0511112
      vertex 1.09887 113.509 0.114181
      vertex 1.48387 114.067 0.0511112
    endloop
  endfacet
  facet normal 0.195068 -0.0127795 -0.980706
    outer loop
      vertex 45.1184 5.36196 0.0511112
      vertex 44.9276 5.38708 0.0128326
      vertex 45.1602 6 0.0511112
    endloop
  endfacet
  facet normal 0.185096 -0.0628533 -0.980708
    outer loop
      vertex 44.9937 4.73483 0.0511112
      vertex 44.7881 4.12936 0.0511112
      vertex 44.8078 4.78464 0.0128326
    endloop
  endfacet
  facet normal 0.787932 0.267718 -0.554519
    outer loop
      vertex 45.7681 113.669 0.586858
      vertex 45.5289 114.373 0.586858
      vertex 45.8734 113.697 0.75
    endloop
  endfacet
  facet normal 0.321365 -0.0210591 -0.946721
    outer loop
      vertex 45.3026 5.33771 0.114181
      vertex 45.1602 6 0.0511112
      vertex 45.346 6 0.114181
    endloop
  endfacet
  facet normal 0.195129 0 -0.980778
    outer loop
      vertex 44.9678 6 0.0128326
      vertex 45.1602 112.196 0.0511112
      vertex 45.1602 6 0.0511112
    endloop
  endfacet
  facet normal 0.195129 0 -0.980778
    outer loop
      vertex 45.1602 112.196 0.0511112
      vertex 44.9678 6 0.0128326
      vertex 44.9678 112.196 0.0128326
    endloop
  endfacet
  facet normal 0.442032 0.0289741 -0.896531
    outer loop
      vertex 45.522 112.196 0.200961
      vertex 45.3026 112.858 0.114181
      vertex 45.4771 112.881 0.200961
    endloop
  endfacet
  facet normal 0.945184 0.0619046 -0.320618
    outer loop
      vertex 46.1578 112.196 0.925975
      vertex 46.1075 112.964 0.925975
      vertex 46.17 112.972 1.11177
    endloop
  endfacet
  facet normal 0.978713 0.194343 -0.0659697
    outer loop
      vertex 46.2079 112.977 1.30421
      vertex 46.0552 113.746 1.30421
      vertex 46.2207 112.979 1.5
    endloop
  endfacet
  facet normal 0.995733 0.0654048 -0.0650972
    outer loop
      vertex 46.2592 112.196 1.30421
      vertex 46.2079 112.977 1.30421
      vertex 46.272 112.196 1.5
    endloop
  endfacet
  facet normal -0.750166 0.657959 -0.0658888
    outer loop
      vertex 1.25006 115.841 1.30421
      vertex 1.23988 115.849 1.5
      vertex 1.75736 116.439 1.5
    endloop
  endfacet
  facet normal -0.751799 0.659392 0
    outer loop
      vertex 1.23988 115.849 1.5
      vertex 1.75736 116.439 7
      vertex 1.75736 116.439 1.5
    endloop
  endfacet
  facet normal -0.751799 0.659392 0
    outer loop
      vertex 1.75736 116.439 7
      vertex 1.23988 115.849 1.5
      vertex 1.23988 115.849 7
    endloop
  endfacet
  facet normal 0.657672 0.750535 -0.0645344
    outer loop
      vertex 44.5146 116.439 1.5
      vertex 43.9168 116.946 1.30421
      vertex 43.9246 116.956 1.5
    endloop
  endfacet
  facet normal -0.0649832 0.997886 0
    outer loop
      vertex 6 118.196 1.5
      vertex 5.21684 118.145 7
      vertex 6 118.196 7
    endloop
  endfacet
  facet normal -0.0649832 0.997886 0
    outer loop
      vertex 5.21684 118.145 7
      vertex 6 118.196 1.5
      vertex 5.21684 118.145 1.5
    endloop
  endfacet
  facet normal -0.162233 0.816747 -0.55372
    outer loop
      vertex 4.52731 117.692 0.586858
      vertex 4.4991 117.797 0.75
      vertex 5.2573 117.837 0.586858
    endloop
  endfacet
  facet normal -0.0496035 0.751848 -0.657468
    outer loop
      vertex 6 117.757 0.43934
      vertex 5.2573 117.837 0.586858
      vertex 6 117.886 0.586858
    endloop
  endfacet
  facet normal -0.498277 0.74648 -0.441007
    outer loop
      vertex 3.10048 117.218 0.75
      vertex 2.46977 116.797 0.75
      vertex 3.05709 117.293 0.925975
    endloop
  endfacet
  facet normal -0.0641503 -0.978765 -0.194688
    outer loop
      vertex 6 0.0128336 1.30421
      vertex 5.22351 0.102005 1.11177
      vertex 6 0.0511122 1.11177
    endloop
  endfacet
  facet normal -0.442289 -0.896873 0
    outer loop
      vertex 3 0.803848 1.5
      vertex 3.7039 0.456723 7
      vertex 3 0.803848 7
    endloop
  endfacet
  facet normal -0.442289 -0.896873 -0
    outer loop
      vertex 3.7039 0.456723 7
      vertex 3 0.803848 1.5
      vertex 3.7039 0.456723 1.5
    endloop
  endfacet
  facet normal -0.462237 -0.691785 -0.554771
    outer loop
      vertex 3.15499 1.07229 0.586858
      vertex 2.46977 1.39931 0.75
      vertex 2.53613 1.4858 0.586858
    endloop
  endfacet
  facet normal -0.0652643 -0.995731 -0.0652655
    outer loop
      vertex 6 0 1.5
      vertex 5.21684 0.0513315 1.5
      vertex 5.21852 0.0640545 1.30421
    endloop
  endfacet
  facet normal -0.625545 -0.54859 -0.554746
    outer loop
      vertex 1.89946 1.89946 0.75
      vertex 1.39931 2.46977 0.75
      vertex 1.97654 1.97654 0.586858
    endloop
  endfacet
  facet normal -0.65794 -0.75024 -0.0652341
    outer loop
      vertex 2.35524 1.25006 1.30421
      vertex 1.75736 1.75736 1.5
      vertex 1.76643 1.76643 1.30421
    endloop
  endfacet
  facet normal 0.0619437 -0.94511 -0.320826
    outer loop
      vertex 41.0485 0.102005 1.11177
      vertex 40.272 0.0511122 1.11177
      vertex 40.272 0.114182 0.925975
    endloop
  endfacet
  facet normal 0.0210651 -0.321366 -0.946721
    outer loop
      vertex 40.9343 0.969384 0.114181
      vertex 40.272 1.11177 0.0511112
      vertex 40.91 1.15359 0.0511112
    endloop
  endfacet
  facet normal -0.367992 -0.746209 -0.554756
    outer loop
      vertex 3.7808 0.642387 0.75
      vertex 3.15499 1.07229 0.586858
      vertex 3.82252 0.743098 0.586858
    endloop
  endfacet
  facet normal 0.142416 -0.419492 -0.896518
    outer loop
      vertex 42.2811 1.14963 0.200961
      vertex 41.5853 1.09887 0.114181
      vertex 42.2137 1.31221 0.114181
    endloop
  endfacet
  facet normal 0.0431768 -0.658743 -0.751128
    outer loop
      vertex 40.9978 0.486913 0.43934
      vertex 40.272 0.439341 0.43934
      vertex 40.9786 0.633168 0.30997
    endloop
  endfacet
  facet normal -0.0289771 -0.442099 -0.896498
    outer loop
      vertex 6 0.75 0.200961
      vertex 5.31474 0.794915 0.200961
      vertex 5.33771 0.969384 0.114181
    endloop
  endfacet
  facet normal -0.0864623 -0.175331 -0.980706
    outer loop
      vertex 4.12936 1.48387 0.0511112
      vertex 3.55589 1.76667 0.0511112
      vertex 3.65211 1.93333 0.0128326
    endloop
  endfacet
  facet normal -0.146813 -0.738076 -0.658552
    outer loop
      vertex 5.2573 0.358649 0.586858
      vertex 4.5608 0.628816 0.43934
      vertex 5.27419 0.486913 0.43934
    endloop
  endfacet
  facet normal 0 -0.321445 -0.946928
    outer loop
      vertex 6 0.925976 0.114181
      vertex 40.272 1.11177 0.0511112
      vertex 40.272 0.925976 0.114181
    endloop
  endfacet
  facet normal -0 -0.321445 -0.946928
    outer loop
      vertex 40.272 1.11177 0.0511112
      vertex 6 0.925976 0.114181
      vertex 6 1.11177 0.0511112
    endloop
  endfacet
  facet normal -0.146982 -0.128897 -0.980705
    outer loop
      vertex 2.5435 2.5435 0.0511112
      vertex 2.12191 3.02424 0.0511112
      vertex 2.27458 3.14139 0.0128326
    endloop
  endfacet
  facet normal -0.0289894 -0.0587839 -0.99785
    outer loop
      vertex 4.203 1.66166 0.0128326
      vertex 3.75 2.10289 0
      vertex 4.27793 1.84254 0
    endloop
  endfacet
  facet normal 0.896825 -0.304457 -0.320953
    outer loop
      vertex 45.7681 3.72346 1.11177
      vertex 45.7098 3.74759 0.925975
      vertex 45.9573 4.47664 0.925975
    endloop
  endfacet
  facet normal 0.829654 -0.554442 -0.0653387
    outer loop
      vertex 45.0321 2.34743 1.5
      vertex 45.0219 2.35524 1.30421
      vertex 45.4682 3 1.5
    endloop
  endfacet
  facet normal 0.83143 -0.555629 0
    outer loop
      vertex 45.0321 2.34743 7
      vertex 45.4682 3 1.5
      vertex 45.4682 3 7
    endloop
  endfacet
  facet normal 0.83143 -0.555629 0
    outer loop
      vertex 45.4682 3 1.5
      vertex 45.0321 2.34743 7
      vertex 45.0321 2.34743 1.5
    endloop
  endfacet
  facet normal 0.980788 -0.195075 0
    outer loop
      vertex 46.0676 4.44709 7
      vertex 46.2207 5.21684 1.5
      vertex 46.2207 5.21684 7
    endloop
  endfacet
  facet normal 0.980788 -0.195075 0
    outer loop
      vertex 46.2207 5.21684 1.5
      vertex 46.0676 4.44709 7
      vertex 46.0676 4.44709 1.5
    endloop
  endfacet
  facet normal 0.978808 -0.0642536 -0.194437
    outer loop
      vertex 46.2079 5.21852 1.30421
      vertex 46.17 5.22351 1.11177
      vertex 46.2592 6 1.30421
    endloop
  endfacet
  facet normal 0.103539 -0.304965 -0.946718
    outer loop
      vertex 41.5853 1.09887 0.114181
      vertex 41.5372 1.27833 0.0511112
      vertex 42.1426 1.48387 0.0511112
    endloop
  endfacet
  facet normal 0.0431718 -0.658732 -0.751138
    outer loop
      vertex 40.9786 0.633168 0.30997
      vertex 40.272 0.439341 0.43934
      vertex 40.272 0.586859 0.30997
    endloop
  endfacet
  facet normal 0.333138 -0.29216 -0.896472
    outer loop
      vertex 43.9843 2.28769 0.200961
      vertex 43.8599 2.41212 0.114181
      vertex 44.4371 2.804 0.200961
    endloop
  endfacet
  facet normal 0.591567 -0.674505 -0.441692
    outer loop
      vertex 43.8551 1.33047 0.925975
      vertex 43.8022 1.39931 0.75
      vertex 44.4339 1.8381 0.925975
    endloop
  endfacet
  facet normal 0.0587759 -0.0289777 -0.997851
    outer loop
      vertex 44.3387 3.65211 0.0128326
      vertex 44.1691 3.75 0
      vertex 44.6103 4.203 0.0128326
    endloop
  endfacet
  facet normal 0.787552 -0.526203 -0.320738
    outer loop
      vertex 45.4239 3.02556 1.11177
      vertex 44.9916 2.37855 1.11177
      vertex 45.3693 3.05709 0.925975
    endloop
  endfacet
  facet normal 0.321433 -0.946932 1.23141e-06
    outer loop
      vertex 42.4426 0.414119 4.38296
      vertex 42.5681 0.456723 7
      vertex 41.8249 0.204446 7
    endloop
  endfacet
  facet normal 0.321253 -0.946993 0
    outer loop
      vertex 42.5681 0.456723 7
      vertex 42.5067 0.435894 4.39572
      vertex 42.5681 0.456723 4.39974
    endloop
  endfacet
  facet normal 0.321653 -0.946858 -1.05205e-05
    outer loop
      vertex 42.5681 0.456723 7
      vertex 42.4426 0.414119 4.38296
      vertex 42.5067 0.435894 4.39572
    endloop
  endfacet
  facet normal 0.321576 -0.946884 3.8683e-05
    outer loop
      vertex 41.8249 0.204446 7
      vertex 42.3807 0.393096 4.36194
      vertex 42.4426 0.414119 4.38296
    endloop
  endfacet
  facet normal 0.321254 -0.946993 -3.69272e-05
    outer loop
      vertex 41.8249 0.204446 7
      vertex 42.322 0.373184 4.33301
      vertex 42.3807 0.393096 4.36194
    endloop
  endfacet
  facet normal 0.321351 -0.94696 -1.67238e-05
    outer loop
      vertex 41.8249 0.204446 7
      vertex 42.2676 0.354724 4.29668
      vertex 42.322 0.373184 4.33301
    endloop
  endfacet
  facet normal 0.321302 -0.946977 -2.5709e-05
    outer loop
      vertex 41.8249 0.204446 7
      vertex 42.2184 0.338032 4.25355
      vertex 42.2676 0.354724 4.29668
    endloop
  endfacet
  facet normal 0.32157 -0.946886 1.71638e-05
    outer loop
      vertex 41.8249 0.204446 7
      vertex 42.1753 0.323394 4.20438
      vertex 42.2184 0.338032 4.25355
    endloop
  endfacet
  facet normal 0.321693 -0.946844 3.43402e-05
    outer loop
      vertex 41.8249 0.204446 7
      vertex 42.139 0.311059 4.15
      vertex 42.1753 0.323394 4.20438
    endloop
  endfacet
  facet normal 0.321645 -0.94686 2.84856e-05
    outer loop
      vertex 41.8249 0.204446 7
      vertex 42.1101 0.30124 4.09134
      vertex 42.139 0.311059 4.15
    endloop
  endfacet
  facet normal 0.320599 -0.947215 -8.5885e-05
    outer loop
      vertex 41.8249 0.204446 7
      vertex 42.089 0.294104 4.02941
      vertex 42.1101 0.30124 4.09134
    endloop
  endfacet
  facet normal 0.322413 -0.946599 9.39283e-05
    outer loop
      vertex 41.8249 0.204446 7
      vertex 42.0763 0.289772 3.96526
      vertex 42.089 0.294104 4.02941
    endloop
  endfacet
  facet normal 0.320746 -0.947165 -6.00987e-05
    outer loop
      vertex 41.8249 0.204446 7
      vertex 42.072 0.28832 3.9
      vertex 42.0763 0.289772 3.96526
    endloop
  endfacet
  facet normal 0.321422 -0.946936 0
    outer loop
      vertex 41.8249 0.204446 1.5
      vertex 42.072 0.28832 3.9
      vertex 41.8249 0.204446 7
    endloop
  endfacet
  facet normal 0.320839 -0.947134 6.69368e-05
    outer loop
      vertex 42.072 0.28832 3.9
      vertex 41.8249 0.204446 1.5
      vertex 42.0763 0.289772 3.83474
    endloop
  endfacet
  facet normal 0.32233 -0.946627 -0.000112172
    outer loop
      vertex 41.8249 0.204446 1.5
      vertex 42.089 0.294104 3.77059
      vertex 42.0763 0.289772 3.83474
    endloop
  endfacet
  facet normal 0.320651 -0.947197 0.000105622
    outer loop
      vertex 41.8249 0.204446 1.5
      vertex 42.1101 0.30124 3.70866
      vertex 42.089 0.294104 3.77059
    endloop
  endfacet
  facet normal 0.321632 -0.946865 -3.5639e-05
    outer loop
      vertex 41.8249 0.204446 1.5
      vertex 42.139 0.311059 3.65
      vertex 42.1101 0.30124 3.70866
    endloop
  endfacet
  facet normal 0.321681 -0.946848 -4.35134e-05
    outer loop
      vertex 41.8249 0.204446 1.5
      vertex 42.1753 0.323394 3.59562
      vertex 42.139 0.311059 3.65
    endloop
  endfacet
  facet normal 0.321565 -0.946887 -2.19786e-05
    outer loop
      vertex 41.8249 0.204446 1.5
      vertex 42.2184 0.338032 3.54645
      vertex 42.1753 0.323394 3.59562
    endloop
  endfacet
  facet normal 0.321308 -0.946975 3.32343e-05
    outer loop
      vertex 41.8249 0.204446 1.5
      vertex 42.2676 0.354724 3.50332
      vertex 42.2184 0.338032 3.54645
    endloop
  endfacet
  facet normal 0.321354 -0.946959 2.18159e-05
    outer loop
      vertex 41.8249 0.204446 1.5
      vertex 42.322 0.373184 3.46699
      vertex 42.2676 0.354724 3.50332
    endloop
  endfacet
  facet normal 0.321259 -0.946991 4.8613e-05
    outer loop
      vertex 41.8249 0.204446 1.5
      vertex 42.3807 0.393096 3.43806
      vertex 42.322 0.373184 3.46699
    endloop
  endfacet
  facet normal 0.321572 -0.946885 -5.14149e-05
    outer loop
      vertex 41.8249 0.204446 1.5
      vertex 42.4426 0.414119 3.41704
      vertex 42.3807 0.393096 3.43806
    endloop
  endfacet
  facet normal 0.321433 -0.946932 -1.68106e-06
    outer loop
      vertex 42.5681 0.456723 1.5
      vertex 42.4426 0.414119 3.41704
      vertex 41.8249 0.204446 1.5
    endloop
  endfacet
  facet normal 0.321654 -0.946857 1.44128e-05
    outer loop
      vertex 42.4426 0.414119 3.41704
      vertex 42.5681 0.456723 1.5
      vertex 42.5067 0.435894 3.40428
    endloop
  endfacet
  facet normal 0.321253 -0.946993 0
    outer loop
      vertex 42.5067 0.435894 3.40428
      vertex 42.5681 0.456723 1.5
      vertex 42.5681 0.456723 3.40026
    endloop
  endfacet
  facet normal 0.0641495 -0.978765 -0.194688
    outer loop
      vertex 41.0485 0.102005 1.11177
      vertex 40.272 0.0128336 1.30421
      vertex 40.272 0.0511122 1.11177
    endloop
  endfacet
  facet normal 0.554368 -0.829712 -0.0652257
    outer loop
      vertex 43.9246 1.23988 1.5
      vertex 43.272 0.803848 1.5
      vertex 43.9168 1.25006 1.30421
    endloop
  endfacet
  facet normal 0.441346 -0.894962 -0.0652396
    outer loop
      vertex 42.5681 0.456723 1.5
      vertex 42.5632 0.468579 1.30421
      vertex 43.272 0.803848 1.5
    endloop
  endfacet
  facet normal 0.625624 -0.548714 -0.554534
    outer loop
      vertex 44.3725 1.89946 0.75
      vertex 44.2955 1.97654 0.586858
      vertex 44.8727 2.46977 0.75
    endloop
  endfacet
  facet normal 0.831488 0 -0.555542
    outer loop
      vertex 46.071 6 0.75
      vertex 45.962 112.196 0.586858
      vertex 46.071 112.196 0.75
    endloop
  endfacet
  facet normal 0.831488 0 -0.555542
    outer loop
      vertex 45.962 112.196 0.586858
      vertex 46.071 6 0.75
      vertex 45.962 6 0.586858
    endloop
  endfacet
  facet normal -0.944912 -0.320753 -0.0652626
    outer loop
      vertex 0.456723 3.7039 1.5
      vertex 0.216841 4.45041 1.30421
      vertex 0.468579 3.70881 1.30421
    endloop
  endfacet
  facet normal -0.89533 -0.0586833 -0.441521
    outer loop
      vertex 0.164536 5.23175 0.925975
      vertex 0.114182 6 0.925975
      vertex 0.200962 6 0.75
    endloop
  endfacet
  facet normal -0.995731 -0.0652643 -0.0652655
    outer loop
      vertex 0.0513315 5.21684 1.5
      vertex 0 6 1.5
      vertex 0.0640545 5.21852 1.30421
    endloop
  endfacet
  facet normal -0.191358 -0.96202 -0.194679
    outer loop
      vertex 5.21852 0.0640545 1.30421
      vertex 4.45041 0.216841 1.30421
      vertex 5.22351 0.102005 1.11177
    endloop
  endfacet
  facet normal -0.896877 -0.304447 -0.320818
    outer loop
      vertex 0.503944 3.72346 1.11177
      vertex 0.314735 4.47664 0.925975
      vertex 0.562213 3.74759 0.925975
    endloop
  endfacet
  facet normal -0.928812 -0.315291 -0.19468
    outer loop
      vertex 0.503944 3.72346 1.11177
      vertex 0.216841 4.45041 1.30421
      vertex 0.253816 4.46031 1.11177
    endloop
  endfacet
  facet normal -0.962019 -0.191359 -0.194685
    outer loop
      vertex 0.216841 4.45041 1.30421
      vertex 0.102005 5.22351 1.11177
      vertex 0.253816 4.46031 1.11177
    endloop
  endfacet
  facet normal -0.787623 0.267471 -0.555075
    outer loop
      vertex 0.743098 114.373 0.586858
      vertex 0.39856 113.697 0.75
      vertex 0.642387 114.415 0.75
    endloop
  endfacet
  facet normal -0.625113 -0.212196 -0.751137
    outer loop
      vertex 0.86262 3.87203 0.43934
      vertex 0.628816 4.5608 0.43934
      vertex 0.998909 3.92848 0.30997
    endloop
  endfacet
  facet normal -0.94492 0.320836 -0.0647366
    outer loop
      vertex 0.216841 113.746 1.30421
      vertex 0.204446 113.749 1.5
      vertex 0.456723 114.492 1.5
    endloop
  endfacet
  facet normal -0.555203 -0.0363905 -0.830918
    outer loop
      vertex 0.794915 5.31474 0.200961
      vertex 0.633168 5.29344 0.30997
      vertex 0.75 6 0.200961
    endloop
  endfacet
  facet normal -0.442281 0 -0.896876
    outer loop
      vertex 0.75 6 0.200961
      vertex 0.925976 112.196 0.114181
      vertex 0.925976 6 0.114181
    endloop
  endfacet
  facet normal -0.442281 0 -0.896876
    outer loop
      vertex 0.925976 112.196 0.114181
      vertex 0.75 6 0.200961
      vertex 0.75 112.196 0.200961
    endloop
  endfacet
  facet normal -0.555576 0 -0.831466
    outer loop
      vertex 0.586859 6 0.30997
      vertex 0.75 112.196 0.200961
      vertex 0.75 6 0.200961
    endloop
  endfacet
  facet normal -0.555576 0 -0.831466
    outer loop
      vertex 0.75 112.196 0.200961
      vertex 0.586859 6 0.30997
      vertex 0.586859 112.196 0.30997
    endloop
  endfacet
  facet normal -0.315882 -0.0628309 -0.946716
    outer loop
      vertex 1.27833 4.73483 0.0511112
      vertex 1.09887 4.68675 0.114181
      vertex 1.15359 5.36196 0.0511112
    endloop
  endfacet
  facet normal -0.0544969 -0.0364134 -0.99785
    outer loop
      vertex 2.27458 3.14139 0.0128326
      vertex 1.93333 3.65211 0.0128326
      vertex 2.10289 3.75 0
    endloop
  endfacet
  facet normal -0.674595 -0.591605 -0.441504
    outer loop
      vertex 1.8381 1.8381 0.925975
      vertex 1.33047 2.41694 0.925975
      vertex 1.39931 2.46977 0.75
    endloop
  endfacet
  facet normal -0.0620666 -0.0210693 -0.99785
    outer loop
      vertex 1.84254 4.27793 0
      vertex 1.46422 4.78464 0.0128326
      vertex 1.65333 4.83531 0
    endloop
  endfacet
  facet normal -0.397599 0.196167 -0.896345
    outer loop
      vertex 1.31221 114.138 0.114181
      vertex 1.14963 114.205 0.200961
      vertex 1.60577 114.733 0.114181
    endloop
  endfacet
  facet normal -0.675373 0.333243 -0.657891
    outer loop
      vertex 0.86262 114.324 0.43934
      vertex 0.743098 114.373 0.586858
      vertex 1.18433 114.976 0.43934
    endloop
  endfacet
  facet normal -0.81524 0.544734 -0.196593
    outer loop
      vertex 1.28043 115.817 1.11177
      vertex 0.848112 115.17 1.11177
      vertex 1.25006 115.841 1.30421
    endloop
  endfacet
  facet normal -0.433582 0.880183 -0.193091
    outer loop
      vertex 3.72346 117.692 1.11177
      vertex 3.00642 117.381 1.30421
      vertex 3.70881 117.727 1.30421
    endloop
  endfacet
  facet normal -0.555541 0.831489 0
    outer loop
      vertex 3 117.392 1.5
      vertex 2.34743 116.956 7
      vertex 3 117.392 7
    endloop
  endfacet
  facet normal -0.555541 0.831489 0
    outer loop
      vertex 2.34743 116.956 7
      vertex 3 117.392 1.5
      vertex 2.34743 116.956 1.5
    endloop
  endfacet
  facet normal -0.418514 0.849072 -0.32237
    outer loop
      vertex 3.05709 117.293 0.925975
      vertex 3.02556 117.348 1.11177
      vertex 3.72346 117.692 1.11177
    endloop
  endfacet
  facet normal 0 1 -0
    outer loop
      vertex 40.272 118.196 1.5
      vertex 6 118.196 7
      vertex 40.272 118.196 7
    endloop
  endfacet
  facet normal 0 1 0
    outer loop
      vertex 6 118.196 7
      vertex 40.272 118.196 1.5
      vertex 6 118.196 1.5
    endloop
  endfacet
  facet normal 0.19175 0.0381589 -0.980702
    outer loop
      vertex 44.9276 112.809 0.0128326
      vertex 44.8078 113.411 0.0128326
      vertex 45.1184 112.834 0.0511112
    endloop
  endfacet
  facet normal 0.128913 0.648675 -0.750068
    outer loop
      vertex 41.673 117.425 0.30997
      vertex 40.9786 117.563 0.30997
      vertex 41.7112 117.567 0.43934
    endloop
  endfacet
  facet normal 0.829673 0.554517 -0.0644539
    outer loop
      vertex 45.457 115.19 1.30421
      vertex 45.0219 115.841 1.30421
      vertex 45.4682 115.196 1.5
    endloop
  endfacet
  facet normal 0 0.19552 -0.9807
    outer loop
      vertex 6 116.892 0.0128326
      vertex 40.272 117.084 0.0511112
      vertex 40.272 116.892 0.0128326
    endloop
  endfacet
  facet normal 0 0.19552 -0.9807
    outer loop
      vertex 40.272 117.084 0.0511112
      vertex 6 116.892 0.0128326
      vertex 6 117.084 0.0511112
    endloop
  endfacet
  facet normal 0.028874 0.0586962 -0.997858
    outer loop
      vertex 42.522 116.093 0
      vertex 42.069 116.534 0.0128326
      vertex 42.6199 116.263 0.0128326
    endloop
  endfacet
  facet normal 0.625609 0.712026 -0.318799
    outer loop
      vertex 44.4339 116.358 0.925975
      vertex 43.8935 116.916 1.11177
      vertex 44.4785 116.402 1.11177
    endloop
  endfacet
  facet normal 0.89691 0.442212 0
    outer loop
      vertex 45.8153 114.492 7
      vertex 45.4682 115.196 1.5
      vertex 45.4682 115.196 7
    endloop
  endfacet
  facet normal 0.89691 0.442212 0
    outer loop
      vertex 45.4682 115.196 1.5
      vertex 45.8153 114.492 7
      vertex 45.8153 114.492 1.5
    endloop
  endfacet
  facet normal 0.496028 0.434908 -0.751539
    outer loop
      vertex 44.5665 115.491 0.30997
      vertex 44.204 116.128 0.43934
      vertex 44.6836 115.581 0.43934
    endloop
  endfacet
  facet normal 0.419759 0.142344 -0.896404
    outer loop
      vertex 45.1731 113.509 0.114181
      vertex 44.9598 114.138 0.114181
      vertex 45.1224 114.205 0.200961
    endloop
  endfacet
  facet normal 0.62546 0.212239 -0.750836
    outer loop
      vertex 45.6432 113.635 0.43934
      vertex 45.2731 114.268 0.30997
      vertex 45.4094 114.324 0.43934
    endloop
  endfacet
  facet normal 0.304988 0.103425 -0.946724
    outer loop
      vertex 45.1731 113.509 0.114181
      vertex 44.7881 114.067 0.0511112
      vertex 44.9598 114.138 0.114181
    endloop
  endfacet
  facet normal 0.162703 0.108671 -0.980672
    outer loop
      vertex 44.3387 114.544 0.0128326
      vertex 43.9974 115.055 0.0128326
      vertex 44.5053 114.64 0.0511112
    endloop
  endfacet
  facet normal 0.896408 0.304336 -0.322231
    outer loop
      vertex 45.9573 113.719 0.925975
      vertex 45.7098 114.448 0.925975
      vertex 45.7681 114.473 1.11177
    endloop
  endfacet
  facet normal 0.849018 0.418366 -0.322705
    outer loop
      vertex 45.7098 114.448 0.925975
      vertex 45.3693 115.139 0.925975
      vertex 45.7681 114.473 1.11177
    endloop
  endfacet
  facet normal 0 0.555908 -0.831244
    outer loop
      vertex 6 117.446 0.200961
      vertex 40.272 117.609 0.30997
      vertex 40.272 117.446 0.200961
    endloop
  endfacet
  facet normal 0 0.555908 -0.831244
    outer loop
      vertex 40.272 117.609 0.30997
      vertex 6 117.446 0.200961
      vertex 6 117.609 0.30997
    endloop
  endfacet
  facet normal -0.0211612 0.062078 -0.997847
    outer loop
      vertex 4.83531 116.543 0
      vertex 4.27793 116.353 0
      vertex 4.78464 116.732 0.0128326
    endloop
  endfacet
  facet normal -0.0211084 0.0620077 -0.997852
    outer loop
      vertex 4.27793 116.353 0
      vertex 4.203 116.534 0.0128326
      vertex 4.78464 116.732 0.0128326
    endloop
  endfacet
  facet normal -0.028875 0.0586973 -0.997858
    outer loop
      vertex 3.75 116.093 0
      vertex 3.65211 116.263 0.0128326
      vertex 4.203 116.534 0.0128326
    endloop
  endfacet
  facet normal -0.146892 0.129049 -0.980698
    outer loop
      vertex 2.67958 115.516 0.0128326
      vertex 2.27458 115.055 0.0128326
      vertex 2.5435 115.652 0.0511112
    endloop
  endfacet
  facet normal -0.0654017 -0.00428635 -0.99785
    outer loop
      vertex 1.34438 5.38708 0.0128326
      vertex 1.30421 6 0.0128326
      vertex 1.5 6 0
    endloop
  endfacet
  facet normal -0.315948 0.0628431 -0.946693
    outer loop
      vertex 1.15359 112.834 0.0511112
      vertex 0.969384 112.858 0.114181
      vertex 1.09887 113.509 0.114181
    endloop
  endfacet
  facet normal 0.191731 -0.0381273 -0.980707
    outer loop
      vertex 45.1184 5.36196 0.0511112
      vertex 44.8078 4.78464 0.0128326
      vertex 44.9276 5.38708 0.0128326
    endloop
  endfacet
  facet normal 0.647448 -0.128751 -0.751156
    outer loop
      vertex 45.6432 4.5608 0.43934
      vertex 45.5007 4.59898 0.30997
      vertex 45.6388 5.29344 0.30997
    endloop
  endfacet
  facet normal 0.191685 0.038123 -0.980716
    outer loop
      vertex 45.1184 112.834 0.0511112
      vertex 44.8078 113.411 0.0128326
      vertex 44.9937 113.461 0.0511112
    endloop
  endfacet
  facet normal 0.751067 0.0492435 -0.658387
    outer loop
      vertex 45.8327 112.196 0.43934
      vertex 45.7851 112.922 0.43934
      vertex 45.9133 112.939 0.586858
    endloop
  endfacet
  facet normal 0.305115 0.103518 -0.946673
    outer loop
      vertex 44.9937 113.461 0.0511112
      vertex 44.7881 114.067 0.0511112
      vertex 45.1731 113.509 0.114181
    endloop
  endfacet
  facet normal 0.434468 0.0863779 -0.896536
    outer loop
      vertex 45.4771 112.881 0.200961
      vertex 45.3026 112.858 0.114181
      vertex 45.3431 113.555 0.200961
    endloop
  endfacet
  facet normal 0.737981 0.146788 -0.658663
    outer loop
      vertex 45.9133 112.939 0.586858
      vertex 45.6432 113.635 0.43934
      vertex 45.7681 113.669 0.586858
    endloop
  endfacet
  facet normal 0.647515 0.12885 -0.75108
    outer loop
      vertex 45.6388 112.903 0.30997
      vertex 45.5007 113.597 0.30997
      vertex 45.6432 113.635 0.43934
    endloop
  endfacet
  facet normal 0.946882 0 -0.321582
    outer loop
      vertex 46.2209 6 1.11177
      vertex 46.1578 112.196 0.925975
      vertex 46.2209 112.196 1.11177
    endloop
  endfacet
  facet normal 0.946882 0 -0.321582
    outer loop
      vertex 46.1578 112.196 0.925975
      vertex 46.2209 6 1.11177
      vertex 46.1578 6 0.925975
    endloop
  endfacet
  facet normal -0.675314 0.59152 -0.440517
    outer loop
      vertex 1.89946 116.297 0.75
      vertex 1.39931 115.726 0.75
      vertex 1.8381 116.358 0.925975
    endloop
  endfacet
  facet normal -0.849572 0.419506 -0.319752
    outer loop
      vertex 0.902732 115.139 0.925975
      vertex 0.503944 114.473 1.11177
      vertex 0.848112 115.17 1.11177
    endloop
  endfacet
  facet normal 0.544886 0.815701 -0.194242
    outer loop
      vertex 43.9168 116.946 1.30421
      vertex 43.2464 117.348 1.11177
      vertex 43.2656 117.381 1.30421
    endloop
  endfacet
  facet normal -0.321037 0.944767 -0.0659559
    outer loop
      vertex 3.70881 117.727 1.30421
      vertex 3.7039 117.739 1.5
      vertex 4.45041 117.979 1.30421
    endloop
  endfacet
  facet normal -0.194952 0.980813 0
    outer loop
      vertex 5.21684 118.145 1.5
      vertex 4.44709 117.992 7
      vertex 5.21684 118.145 7
    endloop
  endfacet
  facet normal -0.194952 0.980813 0
    outer loop
      vertex 4.44709 117.992 7
      vertex 5.21684 118.145 1.5
      vertex 4.44709 117.992 1.5
    endloop
  endfacet
  facet normal -0.321513 0.944449 -0.0681611
    outer loop
      vertex 4.45041 117.979 1.30421
      vertex 3.7039 117.739 1.5
      vertex 4.44709 117.992 1.5
    endloop
  endfacet
  facet normal 0.0643018 0.979026 -0.193323
    outer loop
      vertex 41.0485 118.094 1.11177
      vertex 40.272 118.145 1.11177
      vertex 40.272 118.183 1.30421
    endloop
  endfacet
  facet normal -0.0128917 0.195843 -0.98055
    outer loop
      vertex 5.38708 116.852 0.0128326
      vertex 5.36196 117.042 0.0511112
      vertex 6 117.084 0.0511112
    endloop
  endfacet
  facet normal -0.246249 0.499619 -0.830507
    outer loop
      vertex 3.375 116.743 0.200961
      vertex 3.29343 116.884 0.30997
      vertex 3.92848 117.197 0.30997
    endloop
  endfacet
  facet normal -0.44216 0.896936 0
    outer loop
      vertex 3.7039 117.739 1.5
      vertex 3 117.392 7
      vertex 3.7039 117.739 7
    endloop
  endfacet
  facet normal -0.44216 0.896936 0
    outer loop
      vertex 3 117.392 7
      vertex 3.7039 117.739 1.5
      vertex 3 117.392 1.5
    endloop
  endfacet
  facet normal -0.441199 0.894985 -0.0659181
    outer loop
      vertex 3.70881 117.727 1.30421
      vertex 3 117.392 1.5
      vertex 3.7039 117.739 1.5
    endloop
  endfacet
  facet normal -0.849631 -0.288407 -0.441529
    outer loop
      vertex 0.642387 3.7808 0.75
      vertex 0.314735 4.47664 0.925975
      vertex 0.39856 4.4991 0.75
    endloop
  endfacet
  facet normal -0.0586832 -0.89533 -0.441521
    outer loop
      vertex 6 0.200962 0.75
      vertex 5.23175 0.164536 0.925975
      vertex 5.24307 0.250574 0.75
    endloop
  endfacet
  facet normal -0.0641517 -0.978766 -0.194683
    outer loop
      vertex 6 0.0128336 1.30421
      vertex 5.21852 0.0640545 1.30421
      vertex 5.22351 0.102005 1.11177
    endloop
  endfacet
  facet normal -0.321437 -0.946931 0
    outer loop
      vertex 3.7039 0.456723 1.5
      vertex 4.44709 0.204446 7
      vertex 3.7039 0.456723 7
    endloop
  endfacet
  facet normal -0.321437 -0.946931 -0
    outer loop
      vertex 4.44709 0.204446 7
      vertex 3.7039 0.456723 1.5
      vertex 4.44709 0.204446 1.5
    endloop
  endfacet
  facet normal -0.288411 -0.849634 -0.441521
    outer loop
      vertex 4.47664 0.314735 0.925975
      vertex 3.74759 0.562213 0.925975
      vertex 3.7808 0.642387 0.75
    endloop
  endfacet
  facet normal 0.442424 -0.896806 0
    outer loop
      vertex 42.5681 0.456723 3.40026
      vertex 42.5681 0.456723 1.5
      vertex 42.572 0.458647 3.4
    endloop
  endfacet
  facet normal 0.442085 -0.896973 -6.31927e-07
    outer loop
      vertex 42.6373 0.490831 4.39572
      vertex 42.5681 0.456723 7
      vertex 42.572 0.458647 4.4
    endloop
  endfacet
  facet normal 0.442424 -0.896806 0
    outer loop
      vertex 42.572 0.458647 4.4
      vertex 42.5681 0.456723 7
      vertex 42.5681 0.456723 4.39974
    endloop
  endfacet
  facet normal 0.442289 -0.896873 6.08081e-06
    outer loop
      vertex 42.5681 0.456723 7
      vertex 42.6373 0.490831 4.39572
      vertex 43.272 0.803848 7
    endloop
  endfacet
  facet normal 0.442541 -0.896749 -7.02411e-05
    outer loop
      vertex 42.7014 0.522465 4.38296
      vertex 43.272 0.803848 7
      vertex 42.6373 0.490831 4.39572
    endloop
  endfacet
  facet normal 0.442454 -0.896791 -4.68366e-05
    outer loop
      vertex 42.7633 0.553006 4.36194
      vertex 43.272 0.803848 7
      vertex 42.7014 0.522465 4.38296
    endloop
  endfacet
  facet normal 0.442054 -0.896988 4.89858e-05
    outer loop
      vertex 42.822 0.581933 4.33301
      vertex 43.272 0.803848 7
      vertex 42.7633 0.553006 4.36194
    endloop
  endfacet
  facet normal 0.442168 -0.896932 2.51468e-05
    outer loop
      vertex 42.8764 0.60875 4.29668
      vertex 43.272 0.803848 7
      vertex 42.822 0.581933 4.33301
    endloop
  endfacet
  facet normal 0.442125 -0.896953 3.3003e-05
    outer loop
      vertex 42.9256 0.633 4.25355
      vertex 43.272 0.803848 7
      vertex 42.8764 0.60875 4.29668
    endloop
  endfacet
  facet normal 0.442462 -0.896787 -1.98267e-05
    outer loop
      vertex 42.9687 0.654266 4.20438
      vertex 43.272 0.803848 7
      vertex 42.9256 0.633 4.25355
    endloop
  endfacet
  facet normal 0.442597 -0.896721 -3.80512e-05
    outer loop
      vertex 43.005 0.672185 4.15
      vertex 43.272 0.803848 7
      vertex 42.9687 0.654266 4.20438
    endloop
  endfacet
  facet normal 0.44256 -0.896739 -3.37949e-05
    outer loop
      vertex 43.0339 0.68645 4.09134
      vertex 43.272 0.803848 7
      vertex 43.005 0.672185 4.15
    endloop
  endfacet
  facet normal 0.441218 -0.8974 0.000102747
    outer loop
      vertex 43.055 0.696817 4.02941
      vertex 43.272 0.803848 7
      vertex 43.0339 0.68645 4.09134
    endloop
  endfacet
  facet normal 0.443551 -0.896249 -0.000109106
    outer loop
      vertex 43.0677 0.70311 3.96526
      vertex 43.272 0.803848 7
      vertex 43.055 0.696817 4.02941
    endloop
  endfacet
  facet normal 0.441311 -0.897354 7.83918e-05
    outer loop
      vertex 43.072 0.705219 3.9
      vertex 43.272 0.803848 7
      vertex 43.0677 0.70311 3.96526
    endloop
  endfacet
  facet normal 0.442085 -0.896973 8.64773e-07
    outer loop
      vertex 42.5681 0.456723 1.5
      vertex 42.6373 0.490831 3.40428
      vertex 42.572 0.458647 3.4
    endloop
  endfacet
  facet normal 0.442555 -0.896741 -2.035e-05
    outer loop
      vertex 42.5681 0.456723 1.5
      vertex 42.7014 0.522465 3.41704
      vertex 42.6373 0.490831 3.40428
    endloop
  endfacet
  facet normal 0.442289 -0.896873 2.67938e-06
    outer loop
      vertex 43.272 0.803848 1.5
      vertex 42.7014 0.522465 3.41704
      vertex 42.5681 0.456723 1.5
    endloop
  endfacet
  facet normal 0.44245 -0.896793 6.23691e-05
    outer loop
      vertex 42.7014 0.522465 3.41704
      vertex 43.272 0.803848 1.5
      vertex 42.7633 0.553006 3.43806
    endloop
  endfacet
  facet normal 0.442061 -0.896985 -6.46519e-05
    outer loop
      vertex 42.7633 0.553006 3.43806
      vertex 43.272 0.803848 1.5
      vertex 42.822 0.581933 3.46699
    endloop
  endfacet
  facet normal 0.442172 -0.89693 -3.29097e-05
    outer loop
      vertex 42.822 0.581933 3.46699
      vertex 43.272 0.803848 1.5
      vertex 42.8764 0.60875 3.50332
    endloop
  endfacet
  facet normal 0.442132 -0.89695 -4.28331e-05
    outer loop
      vertex 42.8764 0.60875 3.50332
      vertex 43.272 0.803848 1.5
      vertex 42.9256 0.633 3.54645
    endloop
  endfacet
  facet normal 0.442457 -0.89679 2.55109e-05
    outer loop
      vertex 42.9256 0.633 3.54645
      vertex 43.272 0.803848 1.5
      vertex 42.9687 0.654266 3.59562
    endloop
  endfacet
  facet normal 0.442584 -0.896727 4.84971e-05
    outer loop
      vertex 42.9687 0.654266 3.59562
      vertex 43.272 0.803848 1.5
      vertex 43.005 0.672185 3.65
    endloop
  endfacet
  facet normal 0.442546 -0.896746 4.25831e-05
    outer loop
      vertex 43.005 0.672185 3.65
      vertex 43.272 0.803848 1.5
      vertex 43.0339 0.68645 3.70866
    endloop
  endfacet
  facet normal 0.442288 -0.896873 0
    outer loop
      vertex 43.072 0.705219 3.9
      vertex 43.272 0.803848 1.5
      vertex 43.272 0.803848 7
    endloop
  endfacet
  facet normal 0.441434 -0.897294 -8.84816e-05
    outer loop
      vertex 43.0677 0.70311 3.83474
      vertex 43.272 0.803848 1.5
      vertex 43.072 0.705219 3.9
    endloop
  endfacet
  facet normal 0.443459 -0.896295 0.000131798
    outer loop
      vertex 43.055 0.696817 3.77059
      vertex 43.272 0.803848 1.5
      vertex 43.0677 0.70311 3.83474
    endloop
  endfacet
  facet normal 0.441277 -0.897371 -0.00012748
    outer loop
      vertex 43.0339 0.68645 3.70866
      vertex 43.272 0.803848 1.5
      vertex 43.055 0.696817 3.77059
    endloop
  endfacet
  facet normal 0.0544152 -0.830235 -0.554751
    outer loop
      vertex 41.0147 0.358649 0.586858
      vertex 40.272 0.200962 0.75
      vertex 40.272 0.309971 0.586858
    endloop
  endfacet
  facet normal -0.0492173 -0.750928 -0.658547
    outer loop
      vertex 6 0.309971 0.586858
      vertex 5.2573 0.358649 0.586858
      vertex 6 0.439341 0.43934
    endloop
  endfacet
  facet normal 0.175041 -0.879991 -0.441561
    outer loop
      vertex 41.7954 0.314735 0.925975
      vertex 41.0403 0.164536 0.925975
      vertex 41.7729 0.39856 0.75
    endloop
  endfacet
  facet normal 0 -0.19509 -0.980785
    outer loop
      vertex 6 1.11177 0.0511112
      vertex 40.272 1.30421 0.0128326
      vertex 40.272 1.11177 0.0511112
    endloop
  endfacet
  facet normal -0 -0.19509 -0.980785
    outer loop
      vertex 40.272 1.30421 0.0128326
      vertex 6 1.11177 0.0511112
      vertex 6 1.30421 0.0128326
    endloop
  endfacet
  facet normal 0.0210706 -0.0620678 -0.997849
    outer loop
      vertex 42.069 1.66166 0.0128326
      vertex 41.4874 1.46422 0.0128326
      vertex 41.9941 1.84254 0
    endloop
  endfacet
  facet normal 0.0492861 -0.0432231 -0.997849
    outer loop
      vertex 43.5924 2.67958 0.0128326
      vertex 43.454 2.81802 0
      vertex 43.9974 3.14139 0.0128326
    endloop
  endfacet
  facet normal 0.0432228 -0.0492846 -0.997849
    outer loop
      vertex 43.5924 2.67958 0.0128326
      vertex 43.1306 2.27458 0.0128326
      vertex 43.454 2.81802 0
    endloop
  endfacet
  facet normal 0.366818 -0.418269 -0.830961
    outer loop
      vertex 44.0997 2.17233 0.30997
      vertex 43.468 1.8349 0.200961
      vertex 43.9843 2.28769 0.200961
    endloop
  endfacet
  facet normal 0.212332 -0.242119 -0.946728
    outer loop
      vertex 43.8599 2.41212 0.114181
      vertex 43.3609 1.97451 0.114181
      vertex 43.7285 2.5435 0.0511112
    endloop
  endfacet
  facet normal -0.0210641 -0.321372 -0.946719
    outer loop
      vertex 6 1.11177 0.0511112
      vertex 5.33771 0.969384 0.114181
      vertex 5.36196 1.15359 0.0511112
    endloop
  endfacet
  facet normal -0.142444 -0.288852 -0.946718
    outer loop
      vertex 4.12936 1.48387 0.0511112
      vertex 3.46299 1.60577 0.114181
      vertex 3.55589 1.76667 0.0511112
    endloop
  endfacet
  facet normal -0.0544169 -0.830238 -0.554746
    outer loop
      vertex 6 0.200962 0.75
      vertex 5.24307 0.250574 0.75
      vertex 5.2573 0.358649 0.586858
    endloop
  endfacet
  facet normal -0.178929 -0.267786 -0.946718
    outer loop
      vertex 3.46299 1.60577 0.114181
      vertex 2.91113 1.97451 0.114181
      vertex 3.55589 1.76667 0.0511112
    endloop
  endfacet
  facet normal -0.0127862 -0.195077 -0.980705
    outer loop
      vertex 6 1.11177 0.0511112
      vertex 5.36196 1.15359 0.0511112
      vertex 5.38708 1.34438 0.0128326
    endloop
  endfacet
  facet normal 0.944875 -0.320819 -0.0654744
    outer loop
      vertex 45.8153 3.7039 1.5
      vertex 45.8034 3.70881 1.30421
      vertex 46.0552 4.45041 1.30421
    endloop
  endfacet
  facet normal 0.62451 -0.712067 -0.320854
    outer loop
      vertex 43.8935 1.28043 1.11177
      vertex 43.8551 1.33047 0.925975
      vertex 44.4339 1.8381 0.925975
    endloop
  endfacet
  facet normal 0.242121 -0.212325 -0.946729
    outer loop
      vertex 43.8599 2.41212 0.114181
      vertex 43.7285 2.5435 0.0511112
      vertex 44.2975 2.91113 0.114181
    endloop
  endfacet
  facet normal 0.658525 -0.0431523 -0.75132
    outer loop
      vertex 45.8327 6 0.43934
      vertex 45.6388 5.29344 0.30997
      vertex 45.6851 6 0.30997
    endloop
  endfacet
  facet normal 0.555305 -0.0363884 -0.830851
    outer loop
      vertex 45.6388 5.29344 0.30997
      vertex 45.522 6 0.200961
      vertex 45.6851 6 0.30997
    endloop
  endfacet
  facet normal 0.659139 0 -0.752021
    outer loop
      vertex 45.6851 6 0.30997
      vertex 45.8327 112.196 0.43934
      vertex 45.8327 6 0.43934
    endloop
  endfacet
  facet normal 0.659139 0 -0.752021
    outer loop
      vertex 45.8327 112.196 0.43934
      vertex 45.6851 6 0.30997
      vertex 45.6851 112.196 0.30997
    endloop
  endfacet
  facet normal 0.980764 0 -0.195195
    outer loop
      vertex 46.2592 6 1.30421
      vertex 46.2209 112.196 1.11177
      vertex 46.2592 112.196 1.30421
    endloop
  endfacet
  facet normal 0.980764 0 -0.195195
    outer loop
      vertex 46.2209 112.196 1.11177
      vertex 46.2592 6 1.30421
      vertex 46.2209 6 1.11177
    endloop
  endfacet
  facet normal -0.12879 -0.647461 -0.751137
    outer loop
      vertex 5.29344 0.633168 0.30997
      vertex 4.5608 0.628816 0.43934
      vertex 4.59898 0.771307 0.30997
    endloop
  endfacet
  facet normal 0.0363871 -0.555208 -0.830915
    outer loop
      vertex 40.9786 0.633168 0.30997
      vertex 40.272 0.586859 0.30997
      vertex 40.272 0.75 0.200961
    endloop
  endfacet
  facet normal 0.291989 -0.592144 -0.751071
    outer loop
      vertex 43.0523 1.18433 0.43934
      vertex 42.3435 0.998909 0.30997
      vertex 42.9786 1.31208 0.30997
    endloop
  endfacet
  facet normal 0.526171 -0.787526 -0.320852
    outer loop
      vertex 43.8935 1.28043 1.11177
      vertex 43.2149 0.902732 0.925975
      vertex 43.8551 1.33047 0.925975
    endloop
  endfacet
  facet normal 0.657988 -0.750199 -0.0652195
    outer loop
      vertex 43.9246 1.23988 1.5
      vertex 43.9168 1.25006 1.30421
      vertex 44.5146 1.75736 1.5
    endloop
  endfacet
  facet normal 0.435245 -0.496331 -0.751144
    outer loop
      vertex 43.6571 1.58843 0.43934
      vertex 43.5673 1.70547 0.30997
      vertex 44.204 2.06802 0.43934
    endloop
  endfacet
  facet normal 0.305054 -0.103588 -0.946685
    outer loop
      vertex 45.1731 4.68675 0.114181
      vertex 44.7881 4.12936 0.0511112
      vertex 44.9937 4.73483 0.0511112
    endloop
  endfacet
  facet normal 0.242135 -0.212348 -0.94672
    outer loop
      vertex 44.2975 2.91113 0.114181
      vertex 43.7285 2.5435 0.0511112
      vertex 44.1501 3.02424 0.0511112
    endloop
  endfacet
  facet normal 0.175334 -0.0864433 -0.980707
    outer loop
      vertex 44.7881 4.12936 0.0511112
      vertex 44.3387 3.65211 0.0128326
      vertex 44.6103 4.203 0.0128326
    endloop
  endfacet
  facet normal 0.267791 -0.178914 -0.946719
    outer loop
      vertex 44.2975 2.91113 0.114181
      vertex 44.1501 3.02424 0.0511112
      vertex 44.5053 3.55589 0.0511112
    endloop
  endfacet
  facet normal 0.0653984 -0.00428933 -0.99785
    outer loop
      vertex 44.9276 5.38708 0.0128326
      vertex 44.772 6 0
      vertex 44.9678 6 0.0128326
    endloop
  endfacet
  facet normal 0.162533 -0.10859 -0.980709
    outer loop
      vertex 44.1501 3.02424 0.0511112
      vertex 43.9974 3.14139 0.0128326
      vertex 44.5053 3.55589 0.0511112
    endloop
  endfacet
  facet normal 0.0588035 -0.0290046 -0.997848
    outer loop
      vertex 44.6103 4.203 0.0128326
      vertex 44.1691 3.75 0
      vertex 44.4295 4.27793 0
    endloop
  endfacet
  facet normal -0.0652637 -0.995731 -0.065268
    outer loop
      vertex 6 0 1.5
      vertex 5.21852 0.0640545 1.30421
      vertex 6 0.0128336 1.30421
    endloop
  endfacet
  facet normal 0.555551 -0.831482 0
    outer loop
      vertex 43.272 0.803848 1.5
      vertex 43.9246 1.23988 7
      vertex 43.272 0.803848 7
    endloop
  endfacet
  facet normal 0.555551 -0.831482 0
    outer loop
      vertex 43.9246 1.23988 7
      vertex 43.272 0.803848 1.5
      vertex 43.9246 1.23988 1.5
    endloop
  endfacet
  facet normal 0.97869 -0.194563 -0.0656525
    outer loop
      vertex 46.2207 5.21684 1.5
      vertex 46.0552 4.45041 1.30421
      vertex 46.2079 5.21852 1.30421
    endloop
  endfacet
  facet normal 0.995708 -0.0652227 -0.0656553
    outer loop
      vertex 46.2207 5.21684 1.5
      vertex 46.2079 5.21852 1.30421
      vertex 46.272 6 1.5
    endloop
  endfacet
  facet normal 0.565781 -0.496129 -0.658596
    outer loop
      vertex 44.2955 1.97654 0.586858
      vertex 44.204 2.06802 0.43934
      vertex 44.7862 2.53613 0.586858
    endloop
  endfacet
  facet normal 0.978696 -0.194658 -0.0652847
    outer loop
      vertex 46.0676 4.44709 1.5
      vertex 46.0552 4.45041 1.30421
      vertex 46.2207 5.21684 1.5
    endloop
  endfacet
  facet normal 0.896885 -0.442263 0
    outer loop
      vertex 45.4682 3 7
      vertex 45.8153 3.7039 1.5
      vertex 45.8153 3.7039 7
    endloop
  endfacet
  facet normal 0.896885 -0.442263 0
    outer loop
      vertex 45.8153 3.7039 1.5
      vertex 45.4682 3 7
      vertex 45.4682 3 1.5
    endloop
  endfacet
  facet normal -0.880007 -0.175042 -0.441529
    outer loop
      vertex 0.314735 4.47664 0.925975
      vertex 0.164536 5.23175 0.925975
      vertex 0.39856 4.4991 0.75
    endloop
  endfacet
  facet normal -0.830235 -0.0544152 -0.554751
    outer loop
      vertex 0.358649 5.2573 0.586858
      vertex 0.200962 6 0.75
      vertex 0.309971 6 0.586858
    endloop
  endfacet
  facet normal -0.980785 0 -0.19509
    outer loop
      vertex 0.0511122 6 1.11177
      vertex 0.0128336 112.196 1.30421
      vertex 0.0511122 112.196 1.11177
    endloop
  endfacet
  facet normal -0.980785 -0 -0.19509
    outer loop
      vertex 0.0128336 112.196 1.30421
      vertex 0.0511122 6 1.11177
      vertex 0.0128336 6 1.30421
    endloop
  endfacet
  facet normal -0.94511 -0.0619445 -0.320826
    outer loop
      vertex 0.102005 5.22351 1.11177
      vertex 0.0511122 6 1.11177
      vertex 0.114182 6 0.925975
    endloop
  endfacet
  facet normal -0.212343 -0.242136 -0.946721
    outer loop
      vertex 2.91113 1.97451 0.114181
      vertex 2.41212 2.41212 0.114181
      vertex 2.5435 2.5435 0.0511112
    endloop
  endfacet
  facet normal -0.292114 -0.3331 -0.896501
    outer loop
      vertex 2.804 1.8349 0.200961
      vertex 2.41212 2.41212 0.114181
      vertex 2.91113 1.97451 0.114181
    endloop
  endfacet
  facet normal -0.366752 -0.548884 -0.751145
    outer loop
      vertex 3.21967 1.18433 0.43934
      vertex 2.61489 1.58843 0.43934
      vertex 2.70469 1.70547 0.30997
    endloop
  endfacet
  facet normal -0.418328 -0.366859 -0.830913
    outer loop
      vertex 2.17233 2.17233 0.30997
      vertex 1.70547 2.70469 0.30997
      vertex 1.8349 2.804 0.200961
    endloop
  endfacet
  facet normal -0.978694 -0.194677 -0.0652599
    outer loop
      vertex 0.204446 4.44709 1.5
      vertex 0.0513315 5.21684 1.5
      vertex 0.216841 4.45041 1.30421
    endloop
  endfacet
  facet normal -0.944912 -0.320752 -0.0652591
    outer loop
      vertex 0.456723 3.7039 1.5
      vertex 0.204446 4.44709 1.5
      vertex 0.216841 4.45041 1.30421
    endloop
  endfacet
  facet normal -0.896459 0.304326 -0.322097
    outer loop
      vertex 0.562213 114.448 0.925975
      vertex 0.314735 113.719 0.925975
      vertex 0.503944 114.473 1.11177
    endloop
  endfacet
  facet normal -0.816128 0.162337 -0.554601
    outer loop
      vertex 0.503854 113.669 0.586858
      vertex 0.358649 112.939 0.586858
      vertex 0.39856 113.697 0.75
    endloop
  endfacet
  facet normal -0.830238 -0.0544169 -0.554746
    outer loop
      vertex 0.250574 5.24307 0.75
      vertex 0.200962 6 0.75
      vertex 0.358649 5.2573 0.586858
    endloop
  endfacet
  facet normal -0.880012 -0.175047 -0.441517
    outer loop
      vertex 0.39856 4.4991 0.75
      vertex 0.164536 5.23175 0.925975
      vertex 0.250574 5.24307 0.75
    endloop
  endfacet
  facet normal -0.565549 0.495853 -0.659002
    outer loop
      vertex 1.58843 115.581 0.43934
      vertex 1.4858 115.66 0.586858
      vertex 2.06802 116.128 0.43934
    endloop
  endfacet
  facet normal -0.849879 0.288612 -0.440918
    outer loop
      vertex 0.39856 113.697 0.75
      vertex 0.314735 113.719 0.925975
      vertex 0.642387 114.415 0.75
    endloop
  endfacet
  facet normal -0.849757 0.288472 -0.441245
    outer loop
      vertex 0.642387 114.415 0.75
      vertex 0.314735 113.719 0.925975
      vertex 0.562213 114.448 0.925975
    endloop
  endfacet
  facet normal -0.750909 0.0492042 -0.658571
    outer loop
      vertex 0.439341 112.196 0.43934
      vertex 0.358649 112.939 0.586858
      vertex 0.486913 112.922 0.43934
    endloop
  endfacet
  facet normal -0.18511 -0.0628395 -0.980707
    outer loop
      vertex 1.48387 4.12936 0.0511112
      vertex 1.27833 4.73483 0.0511112
      vertex 1.46422 4.78464 0.0128326
    endloop
  endfacet
  facet normal -0.162669 0.108632 -0.980682
    outer loop
      vertex 1.93333 114.544 0.0128326
      vertex 1.76667 114.64 0.0511112
      vertex 2.27458 115.055 0.0128326
    endloop
  endfacet
  facet normal -0.434356 0.0863948 -0.896589
    outer loop
      vertex 0.969384 112.858 0.114181
      vertex 0.92889 113.555 0.200961
      vertex 1.09887 113.509 0.114181
    endloop
  endfacet
  facet normal -0.321374 -0.0210636 -0.946718
    outer loop
      vertex 0.969384 5.33771 0.114181
      vertex 0.925976 6 0.114181
      vertex 1.11177 6 0.0511112
    endloop
  endfacet
  facet normal -0.195077 -0.0127862 -0.980705
    outer loop
      vertex 1.15359 5.36196 0.0511112
      vertex 1.11177 6 0.0511112
      vertex 1.34438 5.38708 0.0128326
    endloop
  endfacet
  facet normal -0.0587839 -0.0289894 -0.99785
    outer loop
      vertex 2.10289 3.75 0
      vertex 1.66166 4.203 0.0128326
      vertex 1.84254 4.27793 0
    endloop
  endfacet
  facet normal -0.0642814 -0.0127871 -0.99785
    outer loop
      vertex 1.46422 4.78464 0.0128326
      vertex 1.34438 5.38708 0.0128326
      vertex 1.5385 5.41263 0
    endloop
  endfacet
  facet normal 0 0 -1
    outer loop
      vertex 40.272 1.5 0
      vertex 44.772 6 0
      vertex 44.7335 5.41263 0
    endloop
  endfacet
  facet normal 0 0 -1
    outer loop
      vertex 44.772 6 0
      vertex 37.919 110.831 0
      vertex 44.772 112.196 0
    endloop
  endfacet
  facet normal 0 0 -1
    outer loop
      vertex 40.272 1.5 0
      vertex 44.7335 5.41263 0
      vertex 44.6187 4.83531 0
    endloop
  endfacet
  facet normal 0 -0 -1
    outer loop
      vertex 38.522 111.081 0
      vertex 44.772 112.196 0
      vertex 38.2287 110.936 0
    endloop
  endfacet
  facet normal 0 0 -1
    outer loop
      vertex 40.272 1.5 0
      vertex 44.6187 4.83531 0
      vertex 44.4295 4.27793 0
    endloop
  endfacet
  facet normal 0 -0 -1
    outer loop
      vertex 38.7939 111.263 0
      vertex 44.772 112.196 0
      vertex 38.522 111.081 0
    endloop
  endfacet
  facet normal 0 0 -1
    outer loop
      vertex 40.272 1.5 0
      vertex 44.4295 4.27793 0
      vertex 44.1691 3.75 0
    endloop
  endfacet
  facet normal 0 -0 -1
    outer loop
      vertex 39.2554 111.724 0
      vertex 44.772 112.196 0
      vertex 39.0398 111.478 0
    endloop
  endfacet
  facet normal 0 0 -1
    outer loop
      vertex 40.272 1.5 0
      vertex 44.1691 3.75 0
      vertex 43.8421 3.26057 0
    endloop
  endfacet
  facet normal 0 -0 -1
    outer loop
      vertex 39.5817 112.289 0
      vertex 44.772 112.196 0
      vertex 39.4371 111.996 0
    endloop
  endfacet
  facet normal 0 0 -1
    outer loop
      vertex 40.272 1.5 0
      vertex 43.8421 3.26057 0
      vertex 43.454 2.81802 0
    endloop
  endfacet
  facet normal 0 -0 -1
    outer loop
      vertex 39.6868 112.599 0
      vertex 44.772 112.196 0
      vertex 39.5817 112.289 0
    endloop
  endfacet
  facet normal 0 0 -1
    outer loop
      vertex 40.272 1.5 0
      vertex 43.454 2.81802 0
      vertex 43.0114 2.42991 0
    endloop
  endfacet
  facet normal 0 0 -1
    outer loop
      vertex 44.772 112.196 0
      vertex 39.7506 112.92 0
      vertex 44.7335 112.783 0
    endloop
  endfacet
  facet normal 0 0 -1
    outer loop
      vertex 40.272 1.5 0
      vertex 43.0114 2.42991 0
      vertex 42.522 2.10289 0
    endloop
  endfacet
  facet normal -0 0 -1
    outer loop
      vertex 44.6187 113.361 0
      vertex 39.7506 112.92 0
      vertex 44.4295 113.918 0
    endloop
  endfacet
  facet normal 0 0 -1
    outer loop
      vertex 40.272 1.5 0
      vertex 42.522 2.10289 0
      vertex 41.9941 1.84254 0
    endloop
  endfacet
  facet normal 0 -0 -1
    outer loop
      vertex 39.772 113.246 0
      vertex 44.4295 113.918 0
      vertex 39.7506 112.92 0
    endloop
  endfacet
  facet normal 0 0 -1
    outer loop
      vertex 40.272 1.5 0
      vertex 41.9941 1.84254 0
      vertex 41.4367 1.65333 0
    endloop
  endfacet
  facet normal -0 0 -1
    outer loop
      vertex 44.1691 114.446 0
      vertex 39.772 113.246 0
      vertex 43.8421 114.935 0
    endloop
  endfacet
  facet normal 0 0 -1
    outer loop
      vertex 40.272 1.5 0
      vertex 41.4367 1.65333 0
      vertex 40.8594 1.5385 0
    endloop
  endfacet
  facet normal -0 0 -1
    outer loop
      vertex 43.8421 114.935 0
      vertex 39.7506 113.572 0
      vertex 43.454 115.378 0
    endloop
  endfacet
  facet normal -0 0 -1
    outer loop
      vertex 44.772 6 0
      vertex 40.272 1.5 0
      vertex 1.5 6 0
    endloop
  endfacet
  facet normal 0 0 -1
    outer loop
      vertex 39.6868 113.893 0
      vertex 43.0114 115.766 0
      vertex 39.7506 113.572 0
    endloop
  endfacet
  facet normal -0 0 -1
    outer loop
      vertex 42.522 116.093 0
      vertex 39.6868 113.893 0
      vertex 41.9941 116.353 0
    endloop
  endfacet
  facet normal 0 0 -1
    outer loop
      vertex 39.5817 114.203 0
      vertex 41.9941 116.353 0
      vertex 39.6868 113.893 0
    endloop
  endfacet
  facet normal -0 0 -1
    outer loop
      vertex 43.0114 115.766 0
      vertex 39.6868 113.893 0
      vertex 42.522 116.093 0
    endloop
  endfacet
  facet normal -0 0 -1
    outer loop
      vertex 43.454 115.378 0
      vertex 39.7506 113.572 0
      vertex 43.0114 115.766 0
    endloop
  endfacet
  facet normal 0 0 -1
    outer loop
      vertex 39.7506 113.572 0
      vertex 43.8421 114.935 0
      vertex 39.772 113.246 0
    endloop
  endfacet
  facet normal -0 0 -1
    outer loop
      vertex 44.4295 113.918 0
      vertex 39.772 113.246 0
      vertex 44.1691 114.446 0
    endloop
  endfacet
  facet normal 0 0 -1
    outer loop
      vertex 44.7335 112.783 0
      vertex 39.7506 112.92 0
      vertex 44.6187 113.361 0
    endloop
  endfacet
  facet normal 0 -0 -1
    outer loop
      vertex 39.7506 112.92 0
      vertex 44.772 112.196 0
      vertex 39.6868 112.599 0
    endloop
  endfacet
  facet normal 0 -0 -1
    outer loop
      vertex 39.4371 111.996 0
      vertex 44.772 112.196 0
      vertex 39.2554 111.724 0
    endloop
  endfacet
  facet normal 0 -0 -1
    outer loop
      vertex 39.0398 111.478 0
      vertex 44.772 112.196 0
      vertex 38.7939 111.263 0
    endloop
  endfacet
  facet normal 0 0 -1
    outer loop
      vertex 44.772 112.196 0
      vertex 37.919 110.831 0
      vertex 38.2287 110.936 0
    endloop
  endfacet
  facet normal 0 0 -1
    outer loop
      vertex 44.772 6 0
      vertex 37.5983 110.767 0
      vertex 37.919 110.831 0
    endloop
  endfacet
  facet normal 0 0 -1
    outer loop
      vertex 44.772 6 0
      vertex 37.272 110.746 0
      vertex 37.5983 110.767 0
    endloop
  endfacet
  facet normal 0 0 -1
    outer loop
      vertex 44.772 6 0
      vertex 36.9457 110.767 0
      vertex 37.272 110.746 0
    endloop
  endfacet
  facet normal 0 0 -1
    outer loop
      vertex 44.772 6 0
      vertex 1.5 6 0
      vertex 30.5762 111.759 0
    endloop
  endfacet
  facet normal 0 0 -1
    outer loop
      vertex 44.772 6 0
      vertex 36.625 110.831 0
      vertex 36.9457 110.767 0
    endloop
  endfacet
  facet normal 0 0 -1
    outer loop
      vertex 44.772 6 0
      vertex 30.5762 111.759 0
      vertex 36.625 110.831 0
    endloop
  endfacet
  facet normal 0 0 -1
    outer loop
      vertex 36.625 110.831 0
      vertex 30.772 111.746 0
      vertex 36.3153 110.936 0
    endloop
  endfacet
  facet normal 0 0 -1
    outer loop
      vertex 36.3153 110.936 0
      vertex 30.9678 111.759 0
      vertex 36.022 111.081 0
    endloop
  endfacet
  facet normal 0 -0 -1
    outer loop
      vertex 31.1602 111.797 0
      vertex 36.022 111.081 0
      vertex 30.9678 111.759 0
    endloop
  endfacet
  facet normal 0 0 -1
    outer loop
      vertex 36.022 111.081 0
      vertex 31.1602 111.797 0
      vertex 35.7501 111.263 0
    endloop
  endfacet
  facet normal 0 0 -1
    outer loop
      vertex 35.7501 111.263 0
      vertex 31.346 111.86 0
      vertex 35.5042 111.478 0
    endloop
  endfacet
  facet normal 0 -0 -1
    outer loop
      vertex 31.522 111.947 0
      vertex 35.5042 111.478 0
      vertex 31.346 111.86 0
    endloop
  endfacet
  facet normal 0 0 -1
    outer loop
      vertex 35.5042 111.478 0
      vertex 31.6851 112.056 0
      vertex 35.2886 111.724 0
    endloop
  endfacet
  facet normal 0 0 -1
    outer loop
      vertex 35.2886 111.724 0
      vertex 31.8327 112.185 0
      vertex 35.1069 111.996 0
    endloop
  endfacet
  facet normal 0 -0 -1
    outer loop
      vertex 31.962 112.333 0
      vertex 35.1069 111.996 0
      vertex 31.8327 112.185 0
    endloop
  endfacet
  facet normal -0 0 -1
    outer loop
      vertex 34.772 113.246 0
      vertex 32.2592 113.05 0
      vertex 32.272 113.246 0
    endloop
  endfacet
  facet normal 0 0 -1
    outer loop
      vertex 34.7934 112.92 0
      vertex 32.2592 113.05 0
      vertex 34.772 113.246 0
    endloop
  endfacet
  facet normal 0 -0 -1
    outer loop
      vertex 32.2592 113.05 0
      vertex 34.7934 112.92 0
      vertex 32.2209 112.858 0
    endloop
  endfacet
  facet normal 0 0 -1
    outer loop
      vertex 34.8572 112.599 0
      vertex 32.2209 112.858 0
      vertex 34.7934 112.92 0
    endloop
  endfacet
  facet normal 0 -0 -1
    outer loop
      vertex 32.2209 112.858 0
      vertex 34.8572 112.599 0
      vertex 32.1578 112.672 0
    endloop
  endfacet
  facet normal 0 0 -1
    outer loop
      vertex 34.9623 112.289 0
      vertex 32.1578 112.672 0
      vertex 34.8572 112.599 0
    endloop
  endfacet
  facet normal 0 -0 -1
    outer loop
      vertex 32.1578 112.672 0
      vertex 34.9623 112.289 0
      vertex 32.071 112.496 0
    endloop
  endfacet
  facet normal 0 -0 -1
    outer loop
      vertex 32.071 112.496 0
      vertex 34.9623 112.289 0
      vertex 31.962 112.333 0
    endloop
  endfacet
  facet normal 0 0 -1
    outer loop
      vertex 35.1069 111.996 0
      vertex 31.962 112.333 0
      vertex 34.9623 112.289 0
    endloop
  endfacet
  facet normal 0 -0 -1
    outer loop
      vertex 31.8327 112.185 0
      vertex 35.2886 111.724 0
      vertex 31.6851 112.056 0
    endloop
  endfacet
  facet normal 0 -0 -1
    outer loop
      vertex 31.6851 112.056 0
      vertex 35.5042 111.478 0
      vertex 31.522 111.947 0
    endloop
  endfacet
  facet normal 0 -0 -1
    outer loop
      vertex 31.346 111.86 0
      vertex 35.7501 111.263 0
      vertex 31.1602 111.797 0
    endloop
  endfacet
  facet normal 0 -0 -1
    outer loop
      vertex 30.9678 111.759 0
      vertex 36.3153 110.936 0
      vertex 30.772 111.746 0
    endloop
  endfacet
  facet normal -0 -0 -1
    outer loop
      vertex 30.772 111.746 0
      vertex 36.625 110.831 0
      vertex 30.5762 111.759 0
    endloop
  endfacet
  facet normal -0 0 -1
    outer loop
      vertex 30.5762 111.759 0
      vertex 1.5 6 0
      vertex 30.3838 111.797 0
    endloop
  endfacet
  facet normal 0 0 -1
    outer loop
      vertex 1.5 112.196 0
      vertex 30.3838 111.797 0
      vertex 1.5 6 0
    endloop
  endfacet
  facet normal 0 0 -1
    outer loop
      vertex 30.3838 111.797 0
      vertex 1.5 112.196 0
      vertex 30.198 111.86 0
    endloop
  endfacet
  facet normal 0 0 -1
    outer loop
      vertex 30.198 111.86 0
      vertex 1.5 112.196 0
      vertex 30.022 111.947 0
    endloop
  endfacet
  facet normal 0 0 -1
    outer loop
      vertex 30.022 111.947 0
      vertex 1.5 112.196 0
      vertex 29.8589 112.056 0
    endloop
  endfacet
  facet normal 0 0 -1
    outer loop
      vertex 29.8589 112.056 0
      vertex 1.5 112.196 0
      vertex 29.7113 112.185 0
    endloop
  endfacet
  facet normal 0 0 -1
    outer loop
      vertex 29.7113 112.185 0
      vertex 1.5 112.196 0
      vertex 29.582 112.333 0
    endloop
  endfacet
  facet normal 0 -0 -1
    outer loop
      vertex 6 116.696 0
      vertex 29.582 112.333 0
      vertex 1.5 112.196 0
    endloop
  endfacet
  facet normal 0 0 -1
    outer loop
      vertex 29.582 112.333 0
      vertex 6 116.696 0
      vertex 29.473 112.496 0
    endloop
  endfacet
  facet normal 0 0 -1
    outer loop
      vertex 29.473 112.496 0
      vertex 6 116.696 0
      vertex 29.3862 112.672 0
    endloop
  endfacet
  facet normal 0 0 -1
    outer loop
      vertex 1.5 6 0
      vertex 40.272 1.5 0
      vertex 6 1.5 0
    endloop
  endfacet
  facet normal -0 0 -1
    outer loop
      vertex 41.9941 116.353 0
      vertex 39.5817 114.203 0
      vertex 41.4367 116.543 0
    endloop
  endfacet
  facet normal 0 0 -1
    outer loop
      vertex 39.4371 114.496 0
      vertex 41.4367 116.543 0
      vertex 39.5817 114.203 0
    endloop
  endfacet
  facet normal -0 0 -1
    outer loop
      vertex 41.4367 116.543 0
      vertex 39.4371 114.496 0
      vertex 40.8594 116.658 0
    endloop
  endfacet
  facet normal -0 0 -1
    outer loop
      vertex 40.8594 116.658 0
      vertex 39.4371 114.496 0
      vertex 40.272 116.696 0
    endloop
  endfacet
  facet normal 0 0 -1
    outer loop
      vertex 39.2554 114.768 0
      vertex 40.272 116.696 0
      vertex 39.4371 114.496 0
    endloop
  endfacet
  facet normal 0 0 -1
    outer loop
      vertex 39.0398 115.014 0
      vertex 40.272 116.696 0
      vertex 39.2554 114.768 0
    endloop
  endfacet
  facet normal 0 0 -1
    outer loop
      vertex 38.7939 115.229 0
      vertex 40.272 116.696 0
      vertex 39.0398 115.014 0
    endloop
  endfacet
  facet normal 0 0 -1
    outer loop
      vertex 38.522 115.411 0
      vertex 40.272 116.696 0
      vertex 38.7939 115.229 0
    endloop
  endfacet
  facet normal 0 0 -1
    outer loop
      vertex 38.2287 115.556 0
      vertex 40.272 116.696 0
      vertex 38.522 115.411 0
    endloop
  endfacet
  facet normal 0 0 -1
    outer loop
      vertex 37.919 115.661 0
      vertex 40.272 116.696 0
      vertex 38.2287 115.556 0
    endloop
  endfacet
  facet normal 0 0 -1
    outer loop
      vertex 37.5983 115.725 0
      vertex 40.272 116.696 0
      vertex 37.919 115.661 0
    endloop
  endfacet
  facet normal 0 0 -1
    outer loop
      vertex 37.272 115.746 0
      vertex 40.272 116.696 0
      vertex 37.5983 115.725 0
    endloop
  endfacet
  facet normal 0 0 -1
    outer loop
      vertex 36.9457 115.725 0
      vertex 40.272 116.696 0
      vertex 37.272 115.746 0
    endloop
  endfacet
  facet normal 0 0 -1
    outer loop
      vertex 36.625 115.661 0
      vertex 40.272 116.696 0
      vertex 36.9457 115.725 0
    endloop
  endfacet
  facet normal 0 0 -1
    outer loop
      vertex 32.2592 113.442 0
      vertex 34.772 113.246 0
      vertex 32.272 113.246 0
    endloop
  endfacet
  facet normal 0 0 -1
    outer loop
      vertex 34.772 113.246 0
      vertex 32.2592 113.442 0
      vertex 34.7934 113.572 0
    endloop
  endfacet
  facet normal 0 0 -1
    outer loop
      vertex 32.2209 113.634 0
      vertex 34.7934 113.572 0
      vertex 32.2592 113.442 0
    endloop
  endfacet
  facet normal 0 0 -1
    outer loop
      vertex 34.7934 113.572 0
      vertex 32.2209 113.634 0
      vertex 34.8572 113.893 0
    endloop
  endfacet
  facet normal 0 0 -1
    outer loop
      vertex 32.1578 113.82 0
      vertex 34.8572 113.893 0
      vertex 32.2209 113.634 0
    endloop
  endfacet
  facet normal -0 0 -1
    outer loop
      vertex 34.8572 113.893 0
      vertex 32.1578 113.82 0
      vertex 34.9623 114.203 0
    endloop
  endfacet
  facet normal 0 0 -1
    outer loop
      vertex 32.071 113.996 0
      vertex 34.9623 114.203 0
      vertex 32.1578 113.82 0
    endloop
  endfacet
  facet normal 0 0 -1
    outer loop
      vertex 31.962 114.159 0
      vertex 34.9623 114.203 0
      vertex 32.071 113.996 0
    endloop
  endfacet
  facet normal -0 0 -1
    outer loop
      vertex 34.9623 114.203 0
      vertex 31.962 114.159 0
      vertex 35.1069 114.496 0
    endloop
  endfacet
  facet normal 0 0 -1
    outer loop
      vertex 31.8327 114.307 0
      vertex 35.1069 114.496 0
      vertex 31.962 114.159 0
    endloop
  endfacet
  facet normal -0 0 -1
    outer loop
      vertex 35.1069 114.496 0
      vertex 31.8327 114.307 0
      vertex 35.2886 114.768 0
    endloop
  endfacet
  facet normal 0 0 -1
    outer loop
      vertex 31.6851 114.436 0
      vertex 35.2886 114.768 0
      vertex 31.8327 114.307 0
    endloop
  endfacet
  facet normal -0 0 -1
    outer loop
      vertex 35.2886 114.768 0
      vertex 31.6851 114.436 0
      vertex 35.5042 115.014 0
    endloop
  endfacet
  facet normal 0 0 -1
    outer loop
      vertex 31.522 114.545 0
      vertex 35.5042 115.014 0
      vertex 31.6851 114.436 0
    endloop
  endfacet
  facet normal -0 0 -1
    outer loop
      vertex 35.5042 115.014 0
      vertex 31.522 114.545 0
      vertex 35.7501 115.229 0
    endloop
  endfacet
  facet normal 0 0 -1
    outer loop
      vertex 31.346 114.632 0
      vertex 35.7501 115.229 0
      vertex 31.522 114.545 0
    endloop
  endfacet
  facet normal 0 0 -1
    outer loop
      vertex 31.1602 114.695 0
      vertex 35.7501 115.229 0
      vertex 31.346 114.632 0
    endloop
  endfacet
  facet normal -0 0 -1
    outer loop
      vertex 35.7501 115.229 0
      vertex 31.1602 114.695 0
      vertex 36.022 115.411 0
    endloop
  endfacet
  facet normal 0 0 -1
    outer loop
      vertex 30.9678 114.733 0
      vertex 36.022 115.411 0
      vertex 31.1602 114.695 0
    endloop
  endfacet
  facet normal -0 0 -1
    outer loop
      vertex 36.022 115.411 0
      vertex 30.9678 114.733 0
      vertex 36.3153 115.556 0
    endloop
  endfacet
  facet normal 0 0 -1
    outer loop
      vertex 30.772 114.746 0
      vertex 36.3153 115.556 0
      vertex 30.9678 114.733 0
    endloop
  endfacet
  facet normal -0 0 -1
    outer loop
      vertex 36.3153 115.556 0
      vertex 30.772 114.746 0
      vertex 36.625 115.661 0
    endloop
  endfacet
  facet normal 0 0 -1
    outer loop
      vertex 30.5762 114.733 0
      vertex 36.625 115.661 0
      vertex 30.772 114.746 0
    endloop
  endfacet
  facet normal -0 0 -1
    outer loop
      vertex 36.625 115.661 0
      vertex 30.5762 114.733 0
      vertex 40.272 116.696 0
    endloop
  endfacet
  facet normal 0 0 -1
    outer loop
      vertex 6 116.696 0
      vertex 30.5762 114.733 0
      vertex 30.3838 114.695 0
    endloop
  endfacet
  facet normal 0 0 -1
    outer loop
      vertex 29.3862 112.672 0
      vertex 6 116.696 0
      vertex 29.3231 112.858 0
    endloop
  endfacet
  facet normal 0 0 -1
    outer loop
      vertex 29.3231 112.858 0
      vertex 6 116.696 0
      vertex 29.2848 113.05 0
    endloop
  endfacet
  facet normal 0 0 -1
    outer loop
      vertex 30.5762 114.733 0
      vertex 6 116.696 0
      vertex 40.272 116.696 0
    endloop
  endfacet
  facet normal 0 0 -1
    outer loop
      vertex 30.198 114.632 0
      vertex 6 116.696 0
      vertex 30.3838 114.695 0
    endloop
  endfacet
  facet normal 0 0 -1
    outer loop
      vertex 30.022 114.545 0
      vertex 6 116.696 0
      vertex 30.198 114.632 0
    endloop
  endfacet
  facet normal 0 0 -1
    outer loop
      vertex 29.8589 114.436 0
      vertex 6 116.696 0
      vertex 30.022 114.545 0
    endloop
  endfacet
  facet normal 0 0 -1
    outer loop
      vertex 29.7113 114.307 0
      vertex 6 116.696 0
      vertex 29.8589 114.436 0
    endloop
  endfacet
  facet normal 0 0 -1
    outer loop
      vertex 29.582 114.159 0
      vertex 6 116.696 0
      vertex 29.7113 114.307 0
    endloop
  endfacet
  facet normal 0 0 -1
    outer loop
      vertex 29.473 113.996 0
      vertex 6 116.696 0
      vertex 29.582 114.159 0
    endloop
  endfacet
  facet normal 0 0 -1
    outer loop
      vertex 29.3862 113.82 0
      vertex 6 116.696 0
      vertex 29.473 113.996 0
    endloop
  endfacet
  facet normal 0 0 -1
    outer loop
      vertex 29.3231 113.634 0
      vertex 6 116.696 0
      vertex 29.3862 113.82 0
    endloop
  endfacet
  facet normal 0 0 -1
    outer loop
      vertex 29.2848 113.05 0
      vertex 6 116.696 0
      vertex 29.272 113.246 0
    endloop
  endfacet
  facet normal 0 0 -1
    outer loop
      vertex 1.5 6 0
      vertex 6 1.5 0
      vertex 5.41263 1.5385 0
    endloop
  endfacet
  facet normal 0 0 -1
    outer loop
      vertex 29.272 113.246 0
      vertex 6 116.696 0
      vertex 29.2848 113.442 0
    endloop
  endfacet
  facet normal 0 0 -1
    outer loop
      vertex 1.5 6 0
      vertex 5.41263 1.5385 0
      vertex 4.83531 1.65333 0
    endloop
  endfacet
  facet normal 0 0 -1
    outer loop
      vertex 29.2848 113.442 0
      vertex 6 116.696 0
      vertex 29.3231 113.634 0
    endloop
  endfacet
  facet normal 0 0 -1
    outer loop
      vertex 1.5 6 0
      vertex 4.83531 1.65333 0
      vertex 4.27793 1.84254 0
    endloop
  endfacet
  facet normal 0 0 -1
    outer loop
      vertex 6 116.696 0
      vertex 1.5 112.196 0
      vertex 5.41263 116.658 0
    endloop
  endfacet
  facet normal 0 0 -1
    outer loop
      vertex 1.5 6 0
      vertex 4.27793 1.84254 0
      vertex 3.75 2.10289 0
    endloop
  endfacet
  facet normal 0 0 -1
    outer loop
      vertex 5.41263 116.658 0
      vertex 1.5 112.196 0
      vertex 4.83531 116.543 0
    endloop
  endfacet
  facet normal 0 0 -1
    outer loop
      vertex 1.5 6 0
      vertex 3.75 2.10289 0
      vertex 3.26057 2.42991 0
    endloop
  endfacet
  facet normal 0 0 -1
    outer loop
      vertex 4.83531 116.543 0
      vertex 1.5 112.196 0
      vertex 4.27793 116.353 0
    endloop
  endfacet
  facet normal 0 0 -1
    outer loop
      vertex 1.5 6 0
      vertex 3.26057 2.42991 0
      vertex 2.81802 2.81802 0
    endloop
  endfacet
  facet normal 0 0 -1
    outer loop
      vertex 4.27793 116.353 0
      vertex 1.5 112.196 0
      vertex 3.75 116.093 0
    endloop
  endfacet
  facet normal 0 0 -1
    outer loop
      vertex 1.5 6 0
      vertex 2.81802 2.81802 0
      vertex 2.42991 3.26057 0
    endloop
  endfacet
  facet normal 0 0 -1
    outer loop
      vertex 3.75 116.093 0
      vertex 1.5 112.196 0
      vertex 3.26057 115.766 0
    endloop
  endfacet
  facet normal 0 0 -1
    outer loop
      vertex 1.5 6 0
      vertex 2.42991 3.26057 0
      vertex 2.10289 3.75 0
    endloop
  endfacet
  facet normal 0 0 -1
    outer loop
      vertex 3.26057 115.766 0
      vertex 1.5 112.196 0
      vertex 2.81802 115.378 0
    endloop
  endfacet
  facet normal 0 0 -1
    outer loop
      vertex 1.5 6 0
      vertex 2.10289 3.75 0
      vertex 1.84254 4.27793 0
    endloop
  endfacet
  facet normal 0 0 -1
    outer loop
      vertex 2.81802 115.378 0
      vertex 1.5 112.196 0
      vertex 2.42991 114.935 0
    endloop
  endfacet
  facet normal 0 0 -1
    outer loop
      vertex 1.5 6 0
      vertex 1.84254 4.27793 0
      vertex 1.65333 4.83531 0
    endloop
  endfacet
  facet normal 0 0 -1
    outer loop
      vertex 2.42991 114.935 0
      vertex 1.5 112.196 0
      vertex 2.10289 114.446 0
    endloop
  endfacet
  facet normal 0 0 -1
    outer loop
      vertex 1.5 6 0
      vertex 1.65333 4.83531 0
      vertex 1.5385 5.41263 0
    endloop
  endfacet
  facet normal 0 0 -1
    outer loop
      vertex 2.10289 114.446 0
      vertex 1.5 112.196 0
      vertex 1.84254 113.918 0
    endloop
  endfacet
  facet normal 0 0 -1
    outer loop
      vertex 1.84254 113.918 0
      vertex 1.5 112.196 0
      vertex 1.65333 113.361 0
    endloop
  endfacet
  facet normal 0 0 -1
    outer loop
      vertex 1.65333 113.361 0
      vertex 1.5 112.196 0
      vertex 1.5385 112.783 0
    endloop
  endfacet
  facet normal -0.879152 0.434112 -0.196565
    outer loop
      vertex 0.848112 115.17 1.11177
      vertex 0.503944 114.473 1.11177
      vertex 0.814961 115.19 1.30421
    endloop
  endfacet
  facet normal -0.497755 0.746225 -0.442028
    outer loop
      vertex 2.46977 116.797 0.75
      vertex 2.41694 116.866 0.925975
      vertex 3.05709 117.293 0.925975
    endloop
  endfacet
  facet normal -0.496118 0.434978 -0.751439
    outer loop
      vertex 1.70547 115.491 0.30997
      vertex 1.58843 115.581 0.43934
      vertex 2.06802 116.128 0.43934
    endloop
  endfacet
  facet normal -0.674504 0.591362 -0.441967
    outer loop
      vertex 1.39931 115.726 0.75
      vertex 1.33047 115.779 0.925975
      vertex 1.8381 116.358 0.925975
    endloop
  endfacet
  facet normal -0.544825 0.815989 -0.193201
    outer loop
      vertex 2.37855 116.916 1.11177
      vertex 2.35524 116.946 1.30421
      vertex 3.02556 117.348 1.11177
    endloop
  endfacet
  facet normal -0.0594041 0.894847 -0.442402
    outer loop
      vertex 6 117.995 0.75
      vertex 5.23175 118.031 0.925975
      vertex 6 118.082 0.925975
    endloop
  endfacet
  facet normal -0.591866 0.675094 -0.44039
    outer loop
      vertex 1.89946 116.297 0.75
      vertex 1.8381 116.358 0.925975
      vertex 2.46977 116.797 0.75
    endloop
  endfacet
  facet normal -0.547425 0.624404 -0.557177
    outer loop
      vertex 1.97654 116.219 0.586858
      vertex 1.89946 116.297 0.75
      vertex 2.46977 116.797 0.75
    endloop
  endfacet
  facet normal -0.554311 0.829784 -0.0647954
    outer loop
      vertex 3.00642 117.381 1.30421
      vertex 2.35524 116.946 1.30421
      vertex 3 117.392 1.5
    endloop
  endfacet
  facet normal -0.433715 0.879912 -0.194026
    outer loop
      vertex 3.02556 117.348 1.11177
      vertex 3.00642 117.381 1.30421
      vertex 3.72346 117.692 1.11177
    endloop
  endfacet
  facet normal 0.194964 0.98081 -0
    outer loop
      vertex 41.8249 117.992 1.5
      vertex 41.0552 118.145 7
      vertex 41.8249 117.992 7
    endloop
  endfacet
  facet normal 0.194964 0.98081 0
    outer loop
      vertex 41.0552 118.145 7
      vertex 41.8249 117.992 1.5
      vertex 41.0552 118.145 1.5
    endloop
  endfacet
  facet normal 0.0648353 0.995666 -0.0666729
    outer loop
      vertex 41.0535 118.132 1.30421
      vertex 40.272 118.196 1.5
      vertex 41.0552 118.145 1.5
    endloop
  endfacet
  facet normal 0 0.981056 -0.193723
    outer loop
      vertex 40.272 118.145 1.11177
      vertex 6 118.183 1.30421
      vertex 40.272 118.183 1.30421
    endloop
  endfacet
  facet normal 0 0.981056 -0.193723
    outer loop
      vertex 6 118.183 1.30421
      vertex 40.272 118.145 1.11177
      vertex 6 118.145 1.11177
    endloop
  endfacet
  facet normal 0.321038 0.944768 -0.0659395
    outer loop
      vertex 42.5632 117.727 1.30421
      vertex 41.8216 117.979 1.30421
      vertex 42.5681 117.739 1.5
    endloop
  endfacet
  facet normal -0.0626887 0.944325 -0.322985
    outer loop
      vertex 5.23175 118.031 0.925975
      vertex 5.22351 118.094 1.11177
      vertex 6 118.082 0.925975
    endloop
  endfacet
  facet normal 0.0497028 0.751547 -0.657804
    outer loop
      vertex 40.9978 117.709 0.43934
      vertex 40.272 117.757 0.43934
      vertex 41.0147 117.837 0.586858
    endloop
  endfacet
  facet normal 0.292662 0.333557 -0.896152
    outer loop
      vertex 43.8599 115.784 0.114181
      vertex 43.468 116.361 0.200961
      vertex 43.9843 115.908 0.200961
    endloop
  endfacet
  facet normal 0.0629413 0.184882 -0.980743
    outer loop
      vertex 42.069 116.534 0.0128326
      vertex 41.4874 116.732 0.0128326
      vertex 42.1426 116.712 0.0511112
    endloop
  endfacet
  facet normal 0.646004 0.737146 -0.198227
    outer loop
      vertex 44.4785 116.402 1.11177
      vertex 43.9168 116.946 1.30421
      vertex 44.5056 116.43 1.30421
    endloop
  endfacet
  facet normal 0.831599 0.555376 0
    outer loop
      vertex 45.4682 115.196 7
      vertex 45.0321 115.849 1.5
      vertex 45.0321 115.849 7
    endloop
  endfacet
  facet normal 0.831599 0.555376 0
    outer loop
      vertex 45.0321 115.849 1.5
      vertex 45.4682 115.196 7
      vertex 45.4682 115.196 1.5
    endloop
  endfacet
  facet normal 0.944786 0.321049 -0.0656224
    outer loop
      vertex 46.0552 113.746 1.30421
      vertex 45.8034 114.487 1.30421
      vertex 45.8153 114.492 1.5
    endloop
  endfacet
  facet normal 0.746096 0.499055 -0.440777
    outer loop
      vertex 45.2941 115.096 0.75
      vertex 44.8727 115.726 0.75
      vertex 45.3693 115.139 0.925975
    endloop
  endfacet
  facet normal 0.674567 0.591382 -0.441844
    outer loop
      vertex 44.8727 115.726 0.75
      vertex 44.4339 116.358 0.925975
      vertex 44.9415 115.779 0.925975
    endloop
  endfacet
  facet normal 0.418961 0.366925 -0.830565
    outer loop
      vertex 44.4371 115.392 0.200961
      vertex 44.0997 116.024 0.30997
      vertex 44.5665 115.491 0.30997
    endloop
  endfacet
  facet normal 0.0653967 0.00428922 -0.99785
    outer loop
      vertex 44.772 112.196 0
      vertex 44.7335 112.783 0
      vertex 44.9276 112.809 0.0128326
    endloop
  endfacet
  facet normal 0.0621346 0.0211057 -0.997845
    outer loop
      vertex 44.6187 113.361 0
      vertex 44.4295 113.918 0
      vertex 44.8078 113.411 0.0128326
    endloop
  endfacet
  facet normal 0.175432 0.0865831 -0.980677
    outer loop
      vertex 44.7881 114.067 0.0511112
      vertex 44.3387 114.544 0.0128326
      vertex 44.5053 114.64 0.0511112
    endloop
  endfacet
  facet normal 0.625275 0.21209 -0.751032
    outer loop
      vertex 45.5007 113.597 0.30997
      vertex 45.2731 114.268 0.30997
      vertex 45.6432 113.635 0.43934
    endloop
  endfacet
  facet normal 0.879176 0.434164 -0.196342
    outer loop
      vertex 45.7681 114.473 1.11177
      vertex 45.4239 115.17 1.11177
      vertex 45.457 115.19 1.30421
    endloop
  endfacet
  facet normal -0.0626131 0.316666 -0.946468
    outer loop
      vertex 4.73483 116.918 0.0511112
      vertex 4.68675 117.097 0.114181
      vertex 5.36196 117.042 0.0511112
    endloop
  endfacet
  facet normal -0.108452 0.545125 -0.83131
    outer loop
      vertex 5.31474 117.401 0.200961
      vertex 4.6412 117.267 0.200961
      vertex 5.29344 117.563 0.30997
    endloop
  endfacet
  facet normal -0.0383399 0.192479 -0.980552
    outer loop
      vertex 5.38708 116.852 0.0128326
      vertex 4.78464 116.732 0.0128326
      vertex 5.36196 117.042 0.0511112
    endloop
  endfacet
  facet normal -0.212911 0.626127 -0.750089
    outer loop
      vertex 4.59898 117.425 0.30997
      vertex 3.92848 117.197 0.30997
      vertex 4.5608 117.567 0.43934
    endloop
  endfacet
  facet normal -0.0128116 0.0643165 -0.997847
    outer loop
      vertex 4.83531 116.543 0
      vertex 4.78464 116.732 0.0128326
      vertex 5.41263 116.658 0
    endloop
  endfacet
  facet normal -0.142409 0.288339 -0.946879
    outer loop
      vertex 4.12936 116.712 0.0511112
      vertex 3.46299 116.59 0.114181
      vertex 4.05826 116.884 0.114181
    endloop
  endfacet
  facet normal -0.0432895 0.0493617 -0.997842
    outer loop
      vertex 2.81802 115.378 0
      vertex 2.67958 115.516 0.0128326
      vertex 3.14139 115.921 0.0128326
    endloop
  endfacet
  facet normal -0.0289412 0.0587651 -0.997852
    outer loop
      vertex 4.27793 116.353 0
      vertex 3.75 116.093 0
      vertex 4.203 116.534 0.0128326
    endloop
  endfacet
  facet normal -0.0493111 0.043321 -0.997844
    outer loop
      vertex 2.81802 115.378 0
      vertex 2.27458 115.055 0.0128326
      vertex 2.67958 115.516 0.0128326
    endloop
  endfacet
  facet normal -0.26792 0.178902 -0.946685
    outer loop
      vertex 2.12191 115.172 0.0511112
      vertex 1.76667 114.64 0.0511112
      vertex 1.97451 115.285 0.114181
    endloop
  endfacet
  facet normal -0.0587759 0.0289817 -0.99785
    outer loop
      vertex 1.84254 113.918 0
      vertex 1.66166 113.993 0.0128326
      vertex 2.10289 114.446 0
    endloop
  endfacet
  facet normal 0.442233 0 -0.8969
    outer loop
      vertex 45.346 6 0.114181
      vertex 45.522 112.196 0.200961
      vertex 45.522 6 0.200961
    endloop
  endfacet
  facet normal 0.442233 0 -0.8969
    outer loop
      vertex 45.522 112.196 0.200961
      vertex 45.346 6 0.114181
      vertex 45.346 112.196 0.114181
    endloop
  endfacet
  facet normal 0.0543637 0.0363537 -0.997859
    outer loop
      vertex 44.1691 114.446 0
      vertex 43.8421 114.935 0
      vertex 43.9974 115.055 0.0128326
    endloop
  endfacet
  facet normal 0.52703 0.178766 -0.830832
    outer loop
      vertex 45.3431 113.555 0.200961
      vertex 45.2731 114.268 0.30997
      vertex 45.5007 113.597 0.30997
    endloop
  endfacet
  facet normal 0.545759 0.108601 -0.830875
    outer loop
      vertex 45.6388 112.903 0.30997
      vertex 45.3431 113.555 0.200961
      vertex 45.5007 113.597 0.30997
    endloop
  endfacet
  facet normal 0.830217 0.0543973 -0.55478
    outer loop
      vertex 46.071 112.196 0.75
      vertex 45.9133 112.939 0.586858
      vertex 46.0214 112.953 0.75
    endloop
  endfacet
  facet normal 0.816078 0.162338 -0.554675
    outer loop
      vertex 45.9133 112.939 0.586858
      vertex 45.8734 113.697 0.75
      vertex 46.0214 112.953 0.75
    endloop
  endfacet
  facet normal 0.751104 0.0492312 -0.658345
    outer loop
      vertex 45.962 112.196 0.586858
      vertex 45.8327 112.196 0.43934
      vertex 45.9133 112.939 0.586858
    endloop
  endfacet
  facet normal 0.830256 0.0544192 -0.554719
    outer loop
      vertex 45.962 112.196 0.586858
      vertex 45.9133 112.939 0.586858
      vertex 46.071 112.196 0.75
    endloop
  endfacet
  facet normal 0.526496 0.178766 -0.831171
    outer loop
      vertex 45.3431 113.555 0.200961
      vertex 45.1224 114.205 0.200961
      vertex 45.2731 114.268 0.30997
    endloop
  endfacet
  facet normal 0.712369 0.24173 -0.65886
    outer loop
      vertex 45.6432 113.635 0.43934
      vertex 45.4094 114.324 0.43934
      vertex 45.7681 113.669 0.586858
    endloop
  endfacet
  facet normal 0.658526 0.0431255 -0.751321
    outer loop
      vertex 45.6851 112.196 0.30997
      vertex 45.6388 112.903 0.30997
      vertex 45.8327 112.196 0.43934
    endloop
  endfacet
  facet normal 0.555305 0.0363658 -0.830851
    outer loop
      vertex 45.6851 112.196 0.30997
      vertex 45.522 112.196 0.200961
      vertex 45.6388 112.903 0.30997
    endloop
  endfacet
  facet normal -0.787895 0.526463 -0.319466
    outer loop
      vertex 0.902732 115.139 0.925975
      vertex 0.848112 115.17 1.11177
      vertex 1.28043 115.817 1.11177
    endloop
  endfacet
  facet normal -0.787735 0.526476 -0.319838
    outer loop
      vertex 1.33047 115.779 0.925975
      vertex 0.902732 115.139 0.925975
      vertex 1.28043 115.817 1.11177
    endloop
  endfacet
  facet normal -0.0649798 0.995694 -0.0661118
    outer loop
      vertex 6 118.183 1.30421
      vertex 5.21852 118.132 1.30421
      vertex 6 118.196 1.5
    endloop
  endfacet
  facet normal -0.322263 0.94665 0
    outer loop
      vertex 4.44709 117.992 1.5
      vertex 3.7039 117.739 7
      vertex 4.44709 117.992 7
    endloop
  endfacet
  facet normal -0.322263 0.94665 0
    outer loop
      vertex 3.7039 117.739 7
      vertex 4.44709 117.992 1.5
      vertex 3.7039 117.739 1.5
    endloop
  endfacet
  facet normal -0.0638731 0.978737 -0.194922
    outer loop
      vertex 5.22351 118.094 1.11177
      vertex 5.21852 118.132 1.30421
      vertex 6 118.183 1.30421
    endloop
  endfacet
  facet normal -0.191606 0.961923 -0.194914
    outer loop
      vertex 5.22351 118.094 1.11177
      vertex 4.45041 117.979 1.30421
      vertex 5.21852 118.132 1.30421
    endloop
  endfacet
  facet normal -0.174752 0.879714 -0.442227
    outer loop
      vertex 4.4991 117.797 0.75
      vertex 4.47664 117.881 0.925975
      vertex 5.23175 118.031 0.925975
    endloop
  endfacet
  facet normal -0.267409 0.788564 -0.553768
    outer loop
      vertex 4.52731 117.692 0.586858
      vertex 3.82252 117.453 0.586858
      vertex 4.4991 117.797 0.75
    endloop
  endfacet
  facet normal -0.241309 0.711599 -0.659846
    outer loop
      vertex 3.87203 117.333 0.43934
      vertex 3.82252 117.453 0.586858
      vertex 4.52731 117.692 0.586858
    endloop
  endfacet
  facet normal -0.162369 0.816199 -0.554486
    outer loop
      vertex 5.2573 117.837 0.586858
      vertex 4.4991 117.797 0.75
      vertex 5.24307 117.945 0.75
    endloop
  endfacet
  facet normal 0 0.752775 -0.658278
    outer loop
      vertex 40.272 117.757 0.43934
      vertex 6 117.886 0.586858
      vertex 40.272 117.886 0.586858
    endloop
  endfacet
  facet normal 0 0.752775 -0.658278
    outer loop
      vertex 6 117.886 0.586858
      vertex 40.272 117.757 0.43934
      vertex 6 117.757 0.43934
    endloop
  endfacet
  facet normal -0.751838 -0.659348 0
    outer loop
      vertex 1.75736 1.75736 1.5
      vertex 1.23988 2.34743 7
      vertex 1.23988 2.34743 1.5
    endloop
  endfacet
  facet normal -0.751838 -0.659348 0
    outer loop
      vertex 1.23988 2.34743 7
      vertex 1.75736 1.75736 1.5
      vertex 1.75736 1.75736 7
    endloop
  endfacet
  facet normal -0.83147 -0.555569 0
    outer loop
      vertex 1.23988 2.34743 1.5
      vertex 0.803848 3 7
      vertex 0.803848 3 1.5
    endloop
  endfacet
  facet normal -0.83147 -0.555569 0
    outer loop
      vertex 0.803848 3 7
      vertex 1.23988 2.34743 1.5
      vertex 1.23988 2.34743 7
    endloop
  endfacet
  facet normal -0.75024 -0.65794 -0.0652341
    outer loop
      vertex 1.75736 1.75736 1.5
      vertex 1.25006 2.35524 1.30421
      vertex 1.76643 1.76643 1.30421
    endloop
  endfacet
  facet normal -0.712597 -0.241892 -0.658554
    outer loop
      vertex 0.86262 3.87203 0.43934
      vertex 0.503854 4.52731 0.586858
      vertex 0.628816 4.5608 0.43934
    endloop
  endfacet
  facet normal -0.659348 -0.751838 0
    outer loop
      vertex 1.75736 1.75736 1.5
      vertex 2.34743 1.23988 7
      vertex 1.75736 1.75736 7
    endloop
  endfacet
  facet normal -0.659348 -0.751838 -0
    outer loop
      vertex 2.34743 1.23988 7
      vertex 1.75736 1.75736 1.5
      vertex 2.34743 1.23988 1.5
    endloop
  endfacet
  facet normal -0.657942 -0.750236 -0.0652532
    outer loop
      vertex 2.34743 1.23988 1.5
      vertex 1.75736 1.75736 1.5
      vertex 2.35524 1.25006 1.30421
    endloop
  endfacet
  facet normal -0.184775 -0.928936 -0.320837
    outer loop
      vertex 5.22351 0.102005 1.11177
      vertex 4.47664 0.314735 0.925975
      vertex 5.23175 0.164536 0.925975
    endloop
  endfacet
  facet normal -0.194674 -0.978694 -0.0652688
    outer loop
      vertex 5.21684 0.0513315 1.5
      vertex 4.45041 0.216841 1.30421
      vertex 5.21852 0.0640545 1.30421
    endloop
  endfacet
  facet normal -0.320752 -0.944912 -0.0652591
    outer loop
      vertex 4.44709 0.204446 1.5
      vertex 3.7039 0.456723 1.5
      vertex 4.45041 0.216841 1.30421
    endloop
  endfacet
  facet normal 0 -0.896875 -0.442283
    outer loop
      vertex 6 0.200962 0.75
      vertex 40.272 0.114182 0.925975
      vertex 6 0.114182 0.925975
    endloop
  endfacet
  facet normal 0 -0.896875 -0.442283
    outer loop
      vertex 40.272 0.114182 0.925975
      vertex 6 0.200962 0.75
      vertex 40.272 0.200962 0.75
    endloop
  endfacet
  facet normal -0.0654037 -0.997859 0
    outer loop
      vertex 5.21684 0.0513315 1.5
      vertex 6 0 7
      vertex 5.21684 0.0513315 7
    endloop
  endfacet
  facet normal -0.0654037 -0.997859 -0
    outer loop
      vertex 6 0 7
      vertex 5.21684 0.0513315 1.5
      vertex 6 0 1.5
    endloop
  endfacet
  facet normal -0.320753 -0.944912 -0.0652626
    outer loop
      vertex 4.45041 0.216841 1.30421
      vertex 3.7039 0.456723 1.5
      vertex 3.70881 0.468579 1.30421
    endloop
  endfacet
  facet normal -0.184779 -0.92894 -0.320824
    outer loop
      vertex 5.22351 0.102005 1.11177
      vertex 4.46031 0.253816 1.11177
      vertex 4.47664 0.314735 0.925975
    endloop
  endfacet
  facet normal 0.418921 -0.849483 -0.320755
    outer loop
      vertex 43.2464 0.848112 1.11177
      vertex 42.5485 0.503944 1.11177
      vertex 43.2149 0.902732 0.925975
    endloop
  endfacet
  facet normal 0.288399 -0.849607 -0.441581
    outer loop
      vertex 41.7954 0.314735 0.925975
      vertex 41.7729 0.39856 0.75
      vertex 42.4912 0.642387 0.75
    endloop
  endfacet
  facet normal 0.184779 -0.928947 -0.320801
    outer loop
      vertex 41.0485 0.102005 1.11177
      vertex 41.0403 0.164536 0.925975
      vertex 41.7954 0.314735 0.925975
    endloop
  endfacet
  facet normal 0.320749 -0.944916 -0.0652265
    outer loop
      vertex 41.8249 0.204446 1.5
      vertex 41.8216 0.216841 1.30421
      vertex 42.5681 0.456723 1.5
    endloop
  endfacet
  facet normal 0.554371 -0.829711 -0.0652155
    outer loop
      vertex 43.272 0.803848 1.5
      vertex 43.2656 0.814961 1.30421
      vertex 43.9168 1.25006 1.30421
    endloop
  endfacet
  facet normal 0 -0.751839 -0.659346
    outer loop
      vertex 6 0.439341 0.43934
      vertex 40.272 0.309971 0.586858
      vertex 6 0.309971 0.586858
    endloop
  endfacet
  facet normal 0 -0.751839 -0.659346
    outer loop
      vertex 40.272 0.309971 0.586858
      vertex 6 0.439341 0.43934
      vertex 40.272 0.439341 0.43934
    endloop
  endfacet
  facet normal -0.0363892 -0.555208 -0.830915
    outer loop
      vertex 6 0.586859 0.30997
      vertex 5.29344 0.633168 0.30997
      vertex 6 0.75 0.200961
    endloop
  endfacet
  facet normal 0.128793 -0.64749 -0.751112
    outer loop
      vertex 40.9978 0.486913 0.43934
      vertex 40.9786 0.633168 0.30997
      vertex 41.7112 0.628816 0.43934
    endloop
  endfacet
  facet normal 0.0628472 -0.185111 -0.980706
    outer loop
      vertex 41.5372 1.27833 0.0511112
      vertex 41.4874 1.46422 0.0128326
      vertex 42.1426 1.48387 0.0511112
    endloop
  endfacet
  facet normal 0.0628476 -0.18513 -0.980702
    outer loop
      vertex 42.1426 1.48387 0.0511112
      vertex 41.4874 1.46422 0.0128326
      vertex 42.069 1.66166 0.0128326
    endloop
  endfacet
  facet normal 0.108561 -0.545715 -0.830909
    outer loop
      vertex 41.673 0.771307 0.30997
      vertex 40.9786 0.633168 0.30997
      vertex 41.6308 0.92889 0.200961
    endloop
  endfacet
  facet normal 0.0381324 -0.191732 -0.980706
    outer loop
      vertex 41.5372 1.27833 0.0511112
      vertex 40.91 1.15359 0.0511112
      vertex 41.4874 1.46422 0.0128326
    endloop
  endfacet
  facet normal 0.0210676 -0.0620638 -0.99785
    outer loop
      vertex 41.4874 1.46422 0.0128326
      vertex 41.4367 1.65333 0
      vertex 41.9941 1.84254 0
    endloop
  endfacet
  facet normal 0.128887 -0.146963 -0.980709
    outer loop
      vertex 43.7285 2.5435 0.0511112
      vertex 43.1306 2.27458 0.0128326
      vertex 43.5924 2.67958 0.0128326
    endloop
  endfacet
  facet normal 0.0364134 -0.0544948 -0.99785
    outer loop
      vertex 42.6199 1.93333 0.0128326
      vertex 42.522 2.10289 0
      vertex 43.1306 2.27458 0.0128326
    endloop
  endfacet
  facet normal 0.0289878 -0.0587822 -0.99785
    outer loop
      vertex 42.6199 1.93333 0.0128326
      vertex 42.069 1.66166 0.0128326
      vertex 42.522 2.10289 0
    endloop
  endfacet
  facet normal 0.21219 -0.625098 -0.751151
    outer loop
      vertex 41.7112 0.628816 0.43934
      vertex 41.673 0.771307 0.30997
      vertex 42.3435 0.998909 0.30997
    endloop
  endfacet
  facet normal 0.366853 -0.418353 -0.830903
    outer loop
      vertex 43.5673 1.70547 0.30997
      vertex 43.468 1.8349 0.200961
      vertex 44.0997 2.17233 0.30997
    endloop
  endfacet
  facet normal 0.10859 -0.16253 -0.98071
    outer loop
      vertex 43.2478 2.12191 0.0511112
      vertex 42.7161 1.76667 0.0511112
      vertex 43.1306 2.27458 0.0128326
    endloop
  endfacet
  facet normal 0.128882 -0.146953 -0.980711
    outer loop
      vertex 43.2478 2.12191 0.0511112
      vertex 43.1306 2.27458 0.0128326
      vertex 43.7285 2.5435 0.0511112
    endloop
  endfacet
  facet normal -0.30912 -0.462631 -0.830914
    outer loop
      vertex 3.375 1.45337 0.200961
      vertex 2.70469 1.70547 0.30997
      vertex 2.804 1.8349 0.200961
    endloop
  endfacet
  facet normal -0.178927 -0.267781 -0.94672
    outer loop
      vertex 3.55589 1.76667 0.0511112
      vertex 2.91113 1.97451 0.114181
      vertex 3.02424 2.12191 0.0511112
    endloop
  endfacet
  facet normal -0.246083 -0.499009 -0.830923
    outer loop
      vertex 3.92848 0.998909 0.30997
      vertex 3.29343 1.31208 0.30997
      vertex 3.375 1.45337 0.200961
    endloop
  endfacet
  facet normal -0.246096 -0.499022 -0.830912
    outer loop
      vertex 3.92848 0.998909 0.30997
      vertex 3.375 1.45337 0.200961
      vertex 3.99091 1.14963 0.200961
    endloop
  endfacet
  facet normal -0.212195 -0.625113 -0.751137
    outer loop
      vertex 4.5608 0.628816 0.43934
      vertex 3.92848 0.998909 0.30997
      vertex 4.59898 0.771307 0.30997
    endloop
  endfacet
  facet normal -0.142442 -0.288838 -0.946722
    outer loop
      vertex 4.05826 1.31221 0.114181
      vertex 3.46299 1.60577 0.114181
      vertex 4.12936 1.48387 0.0511112
    endloop
  endfacet
  facet normal -0.128897 -0.146982 -0.980705
    outer loop
      vertex 3.02424 2.12191 0.0511112
      vertex 2.5435 2.5435 0.0511112
      vertex 3.14139 2.27458 0.0128326
    endloop
  endfacet
  facet normal -0.0864656 -0.175334 -0.980705
    outer loop
      vertex 4.12936 1.48387 0.0511112
      vertex 3.65211 1.93333 0.0128326
      vertex 4.203 1.66166 0.0128326
    endloop
  endfacet
  facet normal 0.737479 -0.646661 -0.194818
    outer loop
      vertex 44.5056 1.76643 1.30421
      vertex 44.4785 1.7935 1.11177
      vertex 45.0219 2.35524 1.30421
    endloop
  endfacet
  facet normal 0.646757 -0.73743 -0.194685
    outer loop
      vertex 43.9168 1.25006 1.30421
      vertex 43.8935 1.28043 1.11177
      vertex 44.4785 1.7935 1.11177
    endloop
  endfacet
  facet normal 0.691811 -0.462224 -0.554749
    outer loop
      vertex 45.2941 3.10048 0.75
      vertex 44.8727 2.46977 0.75
      vertex 45.1997 3.15499 0.586858
    endloop
  endfacet
  facet normal 0.751104 -0.049251 -0.658345
    outer loop
      vertex 45.9133 5.2573 0.586858
      vertex 45.8327 6 0.43934
      vertex 45.962 6 0.586858
    endloop
  endfacet
  facet normal 0.849579 -0.288418 -0.441623
    outer loop
      vertex 45.7098 3.74759 0.925975
      vertex 45.6296 3.7808 0.75
      vertex 45.9573 4.47664 0.925975
    endloop
  endfacet
  facet normal 0.625772 -0.418126 -0.658468
    outer loop
      vertex 44.7862 2.53613 0.586858
      vertex 44.6836 2.61489 0.43934
      vertex 45.0877 3.21967 0.43934
    endloop
  endfacet
  facet normal 0.462692 -0.309137 -0.830873
    outer loop
      vertex 44.5665 2.70469 0.30997
      vertex 44.4371 2.804 0.200961
      vertex 44.8186 3.375 0.200961
    endloop
  endfacet
  facet normal 0.746226 -0.36801 -0.554721
    outer loop
      vertex 45.6296 3.7808 0.75
      vertex 45.1997 3.15499 0.586858
      vertex 45.5289 3.82252 0.586858
    endloop
  endfacet
  facet normal 0.191723 -0.0381226 -0.980708
    outer loop
      vertex 44.9937 4.73483 0.0511112
      vertex 44.8078 4.78464 0.0128326
      vertex 45.1184 5.36196 0.0511112
    endloop
  endfacet
  facet normal 0.545676 -0.108513 -0.830941
    outer loop
      vertex 45.5007 4.59898 0.30997
      vertex 45.3431 4.6412 0.200961
      vertex 45.6388 5.29344 0.30997
    endloop
  endfacet
  facet normal 0.830181 -0.0544 -0.554834
    outer loop
      vertex 46.0214 5.24307 0.75
      vertex 45.9133 5.2573 0.586858
      vertex 46.071 6 0.75
    endloop
  endfacet
  facet normal 0.787893 -0.267421 -0.554717
    outer loop
      vertex 45.6296 3.7808 0.75
      vertex 45.5289 3.82252 0.586858
      vertex 45.8734 4.4991 0.75
    endloop
  endfacet
  facet normal 0.896835 0 -0.442365
    outer loop
      vertex 46.1578 6 0.925975
      vertex 46.071 112.196 0.75
      vertex 46.1578 112.196 0.925975
    endloop
  endfacet
  facet normal 0.896835 0 -0.442365
    outer loop
      vertex 46.071 112.196 0.75
      vertex 46.1578 6 0.925975
      vertex 46.071 6 0.75
    endloop
  endfacet
  facet normal 0 -0.442281 -0.896876
    outer loop
      vertex 6 0.75 0.200961
      vertex 40.272 0.925976 0.114181
      vertex 40.272 0.75 0.200961
    endloop
  endfacet
  facet normal -0 -0.442281 -0.896876
    outer loop
      vertex 40.272 0.925976 0.114181
      vertex 6 0.75 0.200961
      vertex 6 0.925976 0.114181
    endloop
  endfacet
  facet normal 0.194676 -0.978692 -0.0652886
    outer loop
      vertex 41.0552 0.0513315 1.5
      vertex 41.0535 0.0640545 1.30421
      vertex 41.8216 0.216841 1.30421
    endloop
  endfacet
  facet normal 0.544905 -0.815543 -0.194857
    outer loop
      vertex 43.2656 0.814961 1.30421
      vertex 43.2464 0.848112 1.11177
      vertex 43.9168 1.25006 1.30421
    endloop
  endfacet
  facet normal 0.28843 -0.849634 -0.441508
    outer loop
      vertex 42.5244 0.562213 0.925975
      vertex 41.7954 0.314735 0.925975
      vertex 42.4912 0.642387 0.75
    endloop
  endfacet
  facet normal 0.0492173 -0.750928 -0.658547
    outer loop
      vertex 41.0147 0.358649 0.586858
      vertex 40.272 0.309971 0.586858
      vertex 40.272 0.439341 0.43934
    endloop
  endfacet
  facet normal 0.54863 -0.625613 -0.55463
    outer loop
      vertex 43.8022 1.39931 0.75
      vertex 43.7359 1.4858 0.586858
      vertex 44.2955 1.97654 0.586858
    endloop
  endfacet
  facet normal 0.498424 -0.745996 -0.441659
    outer loop
      vertex 43.8551 1.33047 0.925975
      vertex 43.2149 0.902732 0.925975
      vertex 43.8022 1.39931 0.75
    endloop
  endfacet
  facet normal 0.674978 -0.332854 -0.658493
    outer loop
      vertex 45.5289 3.82252 0.586858
      vertex 45.0877 3.21967 0.43934
      vertex 45.4094 3.87203 0.43934
    endloop
  endfacet
  facet normal 0.496373 -0.435244 -0.751117
    outer loop
      vertex 44.204 2.06802 0.43934
      vertex 44.0997 2.17233 0.30997
      vertex 44.5665 2.70469 0.30997
    endloop
  endfacet
  facet normal 0.0654068 -0.00428718 -0.997849
    outer loop
      vertex 44.9276 5.38708 0.0128326
      vertex 44.7335 5.41263 0
      vertex 44.772 6 0
    endloop
  endfacet
  facet normal 0.0620699 -0.0210693 -0.997849
    outer loop
      vertex 44.8078 4.78464 0.0128326
      vertex 44.4295 4.27793 0
      vertex 44.6187 4.83531 0
    endloop
  endfacet
  facet normal 0.0544854 -0.0364111 -0.99785
    outer loop
      vertex 44.3387 3.65211 0.0128326
      vertex 43.9974 3.14139 0.0128326
      vertex 44.1691 3.75 0
    endloop
  endfacet
  facet normal 0.0545063 -0.036417 -0.997849
    outer loop
      vertex 43.9974 3.14139 0.0128326
      vertex 43.8421 3.26057 0
      vertex 44.1691 3.75 0
    endloop
  endfacet
  facet normal 0.0620869 -0.021082 -0.997848
    outer loop
      vertex 44.6103 4.203 0.0128326
      vertex 44.4295 4.27793 0
      vertex 44.8078 4.78464 0.0128326
    endloop
  endfacet
  facet normal 0.185104 -0.0628535 -0.980707
    outer loop
      vertex 44.7881 4.12936 0.0511112
      vertex 44.6103 4.203 0.0128326
      vertex 44.8078 4.78464 0.0128326
    endloop
  endfacet
  facet normal 0.961998 -0.191341 -0.194805
    outer loop
      vertex 46.0552 4.45041 1.30421
      vertex 46.0182 4.46031 1.11177
      vertex 46.17 5.22351 1.11177
    endloop
  endfacet
  facet normal 0.879861 -0.175014 -0.441831
    outer loop
      vertex 45.9573 4.47664 0.925975
      vertex 45.8734 4.4991 0.75
      vertex 46.1075 5.23175 0.925975
    endloop
  endfacet
  facet normal -0.928936 -0.184775 -0.320837
    outer loop
      vertex 0.314735 4.47664 0.925975
      vertex 0.102005 5.22351 1.11177
      vertex 0.164536 5.23175 0.925975
    endloop
  endfacet
  facet normal -0.945108 -0.061946 -0.320832
    outer loop
      vertex 0.164536 5.23175 0.925975
      vertex 0.102005 5.22351 1.11177
      vertex 0.114182 6 0.925975
    endloop
  endfacet
  facet normal -0.92894 -0.184779 -0.320824
    outer loop
      vertex 0.253816 4.46031 1.11177
      vertex 0.102005 5.22351 1.11177
      vertex 0.314735 4.47664 0.925975
    endloop
  endfacet
  facet normal -0.565789 -0.496176 -0.658554
    outer loop
      vertex 1.97654 1.97654 0.586858
      vertex 1.4858 2.53613 0.586858
      vertex 2.06802 2.06802 0.43934
    endloop
  endfacet
  facet normal -0.96202 -0.191358 -0.194679
    outer loop
      vertex 0.216841 4.45041 1.30421
      vertex 0.0640545 5.21852 1.30421
      vertex 0.102005 5.22351 1.11177
    endloop
  endfacet
  facet normal -0.978694 -0.194674 -0.0652688
    outer loop
      vertex 0.216841 4.45041 1.30421
      vertex 0.0513315 5.21684 1.5
      vertex 0.0640545 5.21852 1.30421
    endloop
  endfacet
  facet normal -0.544936 -0.815555 -0.194715
    outer loop
      vertex 3.02556 0.848112 1.11177
      vertex 2.35524 1.25006 1.30421
      vertex 2.37855 1.28043 1.11177
    endloop
  endfacet
  facet normal -0.548574 -0.625538 -0.554769
    outer loop
      vertex 2.46977 1.39931 0.75
      vertex 1.97654 1.97654 0.586858
      vertex 2.53613 1.4858 0.586858
    endloop
  endfacet
  facet normal -0.366859 -0.418328 -0.830913
    outer loop
      vertex 2.70469 1.70547 0.30997
      vertex 2.17233 2.17233 0.30997
      vertex 2.804 1.8349 0.200961
    endloop
  endfacet
  facet normal -0.246141 -0.368377 -0.8965
    outer loop
      vertex 3.46299 1.60577 0.114181
      vertex 2.804 1.8349 0.200961
      vertex 2.91113 1.97451 0.114181
    endloop
  endfacet
  facet normal -0.978765 -0.0641503 -0.194688
    outer loop
      vertex 0.102005 5.22351 1.11177
      vertex 0.0128336 6 1.30421
      vertex 0.0511122 6 1.11177
    endloop
  endfacet
  facet normal -0.831467 0 -0.555574
    outer loop
      vertex 0.309971 6 0.586858
      vertex 0.200962 112.196 0.75
      vertex 0.309971 112.196 0.586858
    endloop
  endfacet
  facet normal -0.831467 -0 -0.555574
    outer loop
      vertex 0.200962 112.196 0.75
      vertex 0.309971 6 0.586858
      vertex 0.200962 6 0.75
    endloop
  endfacet
  facet normal -0.78793 0.267766 -0.554497
    outer loop
      vertex 0.503854 113.669 0.586858
      vertex 0.39856 113.697 0.75
      vertex 0.743098 114.373 0.586858
    endloop
  endfacet
  facet normal -0.830274 0.0544142 -0.554693
    outer loop
      vertex 0.358649 112.939 0.586858
      vertex 0.200962 112.196 0.75
      vertex 0.250574 112.953 0.75
    endloop
  endfacet
  facet normal -0.929002 0.184815 -0.320622
    outer loop
      vertex 0.164536 112.964 0.925975
      vertex 0.102005 112.972 1.11177
      vertex 0.314735 113.719 0.925975
    endloop
  endfacet
  facet normal -0.896875 0 -0.442283
    outer loop
      vertex 0.200962 6 0.75
      vertex 0.114182 112.196 0.925975
      vertex 0.200962 112.196 0.75
    endloop
  endfacet
  facet normal -0.896875 -0 -0.442283
    outer loop
      vertex 0.114182 112.196 0.925975
      vertex 0.200962 6 0.75
      vertex 0.114182 6 0.925975
    endloop
  endfacet
  facet normal -0.162548 -0.108612 -0.980705
    outer loop
      vertex 2.12191 3.02424 0.0511112
      vertex 1.76667 3.55589 0.0511112
      vertex 2.27458 3.14139 0.0128326
    endloop
  endfacet
  facet normal -0.315873 -0.062832 -0.946719
    outer loop
      vertex 1.09887 4.68675 0.114181
      vertex 0.969384 5.33771 0.114181
      vertex 1.15359 5.36196 0.0511112
    endloop
  endfacet
  facet normal -0.658732 -0.0431743 -0.751138
    outer loop
      vertex 0.633168 5.29344 0.30997
      vertex 0.439341 6 0.43934
      vertex 0.586859 6 0.30997
    endloop
  endfacet
  facet normal -0.555208 -0.0363892 -0.830915
    outer loop
      vertex 0.633168 5.29344 0.30997
      vertex 0.586859 6 0.30997
      vertex 0.75 6 0.200961
    endloop
  endfacet
  facet normal -0.185067 0.06277 -0.980719
    outer loop
      vertex 1.46422 113.411 0.0128326
      vertex 1.27833 113.461 0.0511112
      vertex 1.48387 114.067 0.0511112
    endloop
  endfacet
  facet normal -0.625484 0.212251 -0.750813
    outer loop
      vertex 0.998909 114.268 0.30997
      vertex 0.628816 113.635 0.43934
      vertex 0.86262 114.324 0.43934
    endloop
  endfacet
  facet normal -0.712228 0.241686 -0.659029
    outer loop
      vertex 0.628816 113.635 0.43934
      vertex 0.503854 113.669 0.586858
      vertex 0.86262 114.324 0.43934
    endloop
  endfacet
  facet normal -0.242071 0.212614 -0.946677
    outer loop
      vertex 2.12191 115.172 0.0511112
      vertex 1.97451 115.285 0.114181
      vertex 2.5435 115.652 0.0511112
    endloop
  endfacet
  facet normal -0.3662 0.417379 -0.831681
    outer loop
      vertex 2.28769 115.908 0.200961
      vertex 2.17233 116.024 0.30997
      vertex 2.804 116.361 0.200961
    endloop
  endfacet
  facet normal -0.625113 -0.212195 -0.751137
    outer loop
      vertex 0.998909 3.92848 0.30997
      vertex 0.628816 4.5608 0.43934
      vertex 0.771307 4.59898 0.30997
    endloop
  endfacet
  facet normal -0.321372 -0.0210641 -0.946719
    outer loop
      vertex 1.15359 5.36196 0.0511112
      vertex 0.969384 5.33771 0.114181
      vertex 1.11177 6 0.0511112
    endloop
  endfacet
  facet normal -0.0544982 -0.0364138 -0.99785
    outer loop
      vertex 2.27458 3.14139 0.0128326
      vertex 2.10289 3.75 0
      vertex 2.42991 3.26057 0
    endloop
  endfacet
  facet normal -0.0642859 -0.0127866 -0.99785
    outer loop
      vertex 1.65333 4.83531 0
      vertex 1.46422 4.78464 0.0128326
      vertex 1.5385 5.41263 0
    endloop
  endfacet
  facet normal -0.0654002 -0.00428675 -0.99785
    outer loop
      vertex 1.5385 5.41263 0
      vertex 1.34438 5.38708 0.0128326
      vertex 1.5 6 0
    endloop
  endfacet
  facet normal -0.712527 0.624917 -0.319035
    outer loop
      vertex 1.8381 116.358 0.925975
      vertex 1.28043 115.817 1.11177
      vertex 1.7935 116.402 1.11177
    endloop
  endfacet
  facet normal -0.894974 0.441289 -0.0654643
    outer loop
      vertex 0.468579 114.487 1.30421
      vertex 0.456723 114.492 1.5
      vertex 0.803848 115.196 1.5
    endloop
  endfacet
  facet normal -0.73709 0.64646 -0.196947
    outer loop
      vertex 1.28043 115.817 1.11177
      vertex 1.25006 115.841 1.30421
      vertex 1.7935 116.402 1.11177
    endloop
  endfacet
  facet normal -0.418486 0.625566 -0.658435
    outer loop
      vertex 3.21967 117.012 0.43934
      vertex 2.53613 116.71 0.586858
      vertex 3.15499 117.124 0.586858
    endloop
  endfacet
  facet normal -0.750357 0.65783 -0.0649992
    outer loop
      vertex 1.76643 116.43 1.30421
      vertex 1.25006 115.841 1.30421
      vertex 1.75736 116.439 1.5
    endloop
  endfacet
  facet normal -0.647563 0.737076 -0.193343
    outer loop
      vertex 2.37855 116.916 1.11177
      vertex 1.7935 116.402 1.11177
      vertex 2.35524 116.946 1.30421
    endloop
  endfacet
  facet normal -0.625579 0.712052 -0.318798
    outer loop
      vertex 1.8381 116.358 0.925975
      vertex 1.7935 116.402 1.11177
      vertex 2.37855 116.916 1.11177
    endloop
  endfacet
  facet normal -0.44097 0.895183 -0.0647533
    outer loop
      vertex 3.00642 117.381 1.30421
      vertex 3 117.392 1.5
      vertex 3.70881 117.727 1.30421
    endloop
  endfacet
  facet normal -0.419555 0.849568 -0.319701
    outer loop
      vertex 3.74759 117.634 0.925975
      vertex 3.05709 117.293 0.925975
      vertex 3.72346 117.692 1.11177
    endloop
  endfacet
  facet normal -0.304047 0.897432 -0.319641
    outer loop
      vertex 3.74759 117.634 0.925975
      vertex 3.72346 117.692 1.11177
      vertex 4.47664 117.881 0.925975
    endloop
  endfacet
  facet normal -0.657685 0.750487 -0.0649654
    outer loop
      vertex 1.76643 116.43 1.30421
      vertex 1.75736 116.439 1.5
      vertex 2.35524 116.946 1.30421
    endloop
  endfacet
  facet normal -0.657627 0.750572 -0.0645681
    outer loop
      vertex 2.35524 116.946 1.30421
      vertex 1.75736 116.439 1.5
      vertex 2.34743 116.956 1.5
    endloop
  endfacet
  facet normal 0.441199 0.894986 -0.0658957
    outer loop
      vertex 43.272 117.392 1.5
      vertex 42.5632 117.727 1.30421
      vertex 42.5681 117.739 1.5
    endloop
  endfacet
  facet normal 0.266429 0.787556 -0.555671
    outer loop
      vertex 42.4495 117.453 0.586858
      vertex 41.7729 117.797 0.75
      vertex 42.4912 117.554 0.75
    endloop
  endfacet
  facet normal 0 0.997803 -0.0662518
    outer loop
      vertex 40.272 118.183 1.30421
      vertex 6 118.196 1.5
      vertex 40.272 118.196 1.5
    endloop
  endfacet
  facet normal 0 0.997803 -0.0662518
    outer loop
      vertex 6 118.196 1.5
      vertex 40.272 118.183 1.30421
      vertex 6 118.183 1.30421
    endloop
  endfacet
  facet normal 0.108458 0.545124 -0.83131
    outer loop
      vertex 41.6308 117.267 0.200961
      vertex 40.9573 117.401 0.200961
      vertex 40.9786 117.563 0.30997
    endloop
  endfacet
  facet normal 0.129002 0.648097 -0.750552
    outer loop
      vertex 41.7112 117.567 0.43934
      vertex 40.9786 117.563 0.30997
      vertex 40.9978 117.709 0.43934
    endloop
  endfacet
  facet normal 0.108269 0.544795 -0.831551
    outer loop
      vertex 41.6308 117.267 0.200961
      vertex 40.9786 117.563 0.30997
      vertex 41.673 117.425 0.30997
    endloop
  endfacet
  facet normal 0.0496035 0.751848 -0.657468
    outer loop
      vertex 41.0147 117.837 0.586858
      vertex 40.272 117.757 0.43934
      vertex 40.272 117.886 0.586858
    endloop
  endfacet
  facet normal 0.267408 0.788572 -0.553757
    outer loop
      vertex 42.4495 117.453 0.586858
      vertex 41.7447 117.692 0.586858
      vertex 41.7729 117.797 0.75
    endloop
  endfacet
  facet normal 0.0626849 0.94433 -0.322973
    outer loop
      vertex 41.0403 118.031 0.925975
      vertex 40.272 118.082 0.925975
      vertex 41.0485 118.094 1.11177
    endloop
  endfacet
  facet normal 0 0.89643 -0.443185
    outer loop
      vertex 40.272 117.995 0.75
      vertex 6 118.082 0.925975
      vertex 40.272 118.082 0.925975
    endloop
  endfacet
  facet normal 0 0.89643 -0.443185
    outer loop
      vertex 6 118.082 0.925975
      vertex 40.272 117.995 0.75
      vertex 6 117.995 0.75
    endloop
  endfacet
  facet normal 0.0287003 0.442051 -0.896531
    outer loop
      vertex 40.9343 117.227 0.114181
      vertex 40.272 117.27 0.114181
      vertex 40.272 117.446 0.200961
    endloop
  endfacet
  facet normal 0.0290919 0.443037 -0.896031
    outer loop
      vertex 40.9343 117.227 0.114181
      vertex 40.272 117.446 0.200961
      vertex 40.9573 117.401 0.200961
    endloop
  endfacet
  facet normal 0.0128926 0.195845 -0.98055
    outer loop
      vertex 40.8849 116.852 0.0128326
      vertex 40.272 117.084 0.0511112
      vertex 40.91 117.042 0.0511112
    endloop
  endfacet
  facet normal 0.212555 0.625674 -0.750568
    outer loop
      vertex 42.3435 117.197 0.30997
      vertex 41.7112 117.567 0.43934
      vertex 42.4 117.333 0.43934
    endloop
  endfacet
  facet normal 0.849702 0.288479 -0.441346
    outer loop
      vertex 45.9573 113.719 0.925975
      vertex 45.6296 114.415 0.75
      vertex 45.7098 114.448 0.925975
    endloop
  endfacet
  facet normal 0.978728 0.194602 -0.0649678
    outer loop
      vertex 46.2207 112.979 1.5
      vertex 46.0552 113.746 1.30421
      vertex 46.0676 113.749 1.5
    endloop
  endfacet
  facet normal 0.675421 0.333256 -0.657834
    outer loop
      vertex 45.4094 114.324 0.43934
      vertex 45.0877 114.976 0.43934
      vertex 45.5289 114.373 0.586858
    endloop
  endfacet
  facet normal 0.962128 0.191049 -0.19445
    outer loop
      vertex 46.17 112.972 1.11177
      vertex 46.0552 113.746 1.30421
      vertex 46.2079 112.977 1.30421
    endloop
  endfacet
  facet normal 0.946897 0.321537 0
    outer loop
      vertex 46.0676 113.749 7
      vertex 45.8153 114.492 1.5
      vertex 45.8153 114.492 7
    endloop
  endfacet
  facet normal 0.946897 0.321537 0
    outer loop
      vertex 45.8153 114.492 1.5
      vertex 46.0676 113.749 7
      vertex 46.0676 113.749 1.5
    endloop
  endfacet
  facet normal 0.980801 0.195014 0
    outer loop
      vertex 46.2207 112.979 7
      vertex 46.0676 113.749 1.5
      vertex 46.0676 113.749 7
    endloop
  endfacet
  facet normal 0.980801 0.195014 0
    outer loop
      vertex 46.0676 113.749 1.5
      vertex 46.2207 112.979 7
      vertex 46.2207 112.979 1.5
    endloop
  endfacet
  facet normal 0.0493186 0.0433277 -0.997843
    outer loop
      vertex 43.9974 115.055 0.0128326
      vertex 43.454 115.378 0
      vertex 43.5924 115.516 0.0128326
    endloop
  endfacet
  facet normal 0.108392 0.162344 -0.980763
    outer loop
      vertex 43.1306 115.921 0.0128326
      vertex 42.7161 116.429 0.0511112
      vertex 43.2478 116.074 0.0511112
    endloop
  endfacet
  facet normal 0.498276 0.746467 -0.44103
    outer loop
      vertex 43.8022 116.797 0.75
      vertex 43.1715 117.218 0.75
      vertex 43.2149 117.293 0.925975
    endloop
  endfacet
  facet normal 0.647599 0.737053 -0.19331
    outer loop
      vertex 44.4785 116.402 1.11177
      vertex 43.8935 116.916 1.11177
      vertex 43.9168 116.946 1.30421
    endloop
  endfacet
  facet normal 0.419206 0.142337 -0.896664
    outer loop
      vertex 45.1731 113.509 0.114181
      vertex 45.1224 114.205 0.200961
      vertex 45.3431 113.555 0.200961
    endloop
  endfacet
  facet normal 0.434315 0.0863959 -0.896608
    outer loop
      vertex 45.3026 112.858 0.114181
      vertex 45.1731 113.509 0.114181
      vertex 45.3431 113.555 0.200961
    endloop
  endfacet
  facet normal 0.195113 0.0127953 -0.980697
    outer loop
      vertex 44.9678 112.196 0.0128326
      vertex 44.9276 112.809 0.0128326
      vertex 45.1602 112.196 0.0511112
    endloop
  endfacet
  facet normal 0.195076 0.0127808 -0.980705
    outer loop
      vertex 45.1602 112.196 0.0511112
      vertex 44.9276 112.809 0.0128326
      vertex 45.1184 112.834 0.0511112
    endloop
  endfacet
  facet normal 0.185011 0.062783 -0.980729
    outer loop
      vertex 44.8078 113.411 0.0128326
      vertex 44.6103 113.993 0.0128326
      vertex 44.7881 114.067 0.0511112
    endloop
  endfacet
  facet normal 0.291512 0.33287 -0.896782
    outer loop
      vertex 43.8599 115.784 0.114181
      vertex 43.3609 116.221 0.114181
      vertex 43.468 116.361 0.200961
    endloop
  endfacet
  facet normal 0.461962 0.309075 -0.831302
    outer loop
      vertex 44.8186 114.821 0.200961
      vertex 44.5665 115.491 0.30997
      vertex 44.9599 114.903 0.30997
    endloop
  endfacet
  facet normal -0.0361683 0.555545 -0.8307
    outer loop
      vertex 6 117.446 0.200961
      vertex 5.29344 117.563 0.30997
      vertex 6 117.609 0.30997
    endloop
  endfacet
  facet normal -0.0629334 0.184872 -0.980746
    outer loop
      vertex 4.203 116.534 0.0128326
      vertex 4.12936 116.712 0.0511112
      vertex 4.78464 116.732 0.0128326
    endloop
  endfacet
  facet normal -0.020845 0.321056 -0.946831
    outer loop
      vertex 6 117.084 0.0511112
      vertex 5.33771 117.227 0.114181
      vertex 6 117.27 0.114181
    endloop
  endfacet
  facet normal -0.0629355 0.184978 -0.980725
    outer loop
      vertex 4.78464 116.732 0.0128326
      vertex 4.12936 116.712 0.0511112
      vertex 4.73483 116.918 0.0511112
    endloop
  endfacet
  facet normal -0.245796 0.367408 -0.896993
    outer loop
      vertex 3.46299 116.59 0.114181
      vertex 2.804 116.361 0.200961
      vertex 3.375 116.743 0.200961
    endloop
  endfacet
  facet normal -0.103213 0.304545 -0.946889
    outer loop
      vertex 4.12936 116.712 0.0511112
      vertex 4.05826 116.884 0.114181
      vertex 4.68675 117.097 0.114181
    endloop
  endfacet
  facet normal -0.0128114 0.0643177 -0.997847
    outer loop
      vertex 5.41263 116.658 0
      vertex 4.78464 116.732 0.0128326
      vertex 5.38708 116.852 0.0128326
    endloop
  endfacet
  facet normal -0.00423413 0.0654474 -0.997847
    outer loop
      vertex 5.41263 116.658 0
      vertex 5.38708 116.852 0.0128326
      vertex 6 116.696 0
    endloop
  endfacet
  facet normal -0.108414 0.162362 -0.980757
    outer loop
      vertex 3.14139 115.921 0.0128326
      vertex 3.02424 116.074 0.0511112
      vertex 3.55589 116.429 0.0511112
    endloop
  endfacet
  facet normal -0.128933 0.147018 -0.980695
    outer loop
      vertex 2.67958 115.516 0.0128326
      vertex 2.5435 115.652 0.0511112
      vertex 3.14139 115.921 0.0128326
    endloop
  endfacet
  facet normal -0.0867672 0.175825 -0.98059
    outer loop
      vertex 3.65211 116.263 0.0128326
      vertex 3.55589 116.429 0.0511112
      vertex 4.12936 116.712 0.0511112
    endloop
  endfacet
  facet normal -0.308755 0.461516 -0.831669
    outer loop
      vertex 2.804 116.361 0.200961
      vertex 2.70469 116.491 0.30997
      vertex 3.375 116.743 0.200961
    endloop
  endfacet
  facet normal -0.0364633 0.0545757 -0.997844
    outer loop
      vertex 3.26057 115.766 0
      vertex 3.14139 115.921 0.0128326
      vertex 3.75 116.093 0
    endloop
  endfacet
  facet normal -0.0654023 0 -0.997859
    outer loop
      vertex 1.30421 6 0.0128326
      vertex 1.5 112.196 0
      vertex 1.5 6 0
    endloop
  endfacet
  facet normal -0.0654023 0 -0.997859
    outer loop
      vertex 1.5 112.196 0
      vertex 1.30421 6 0.0128326
      vertex 1.30421 112.196 0.0128326
    endloop
  endfacet
  facet normal -0.0643325 0.0127808 -0.997847
    outer loop
      vertex 1.5385 112.783 0
      vertex 1.46422 113.411 0.0128326
      vertex 1.65333 113.361 0
    endloop
  endfacet
  facet normal -0.0621313 0.0211057 -0.997845
    outer loop
      vertex 1.65333 113.361 0
      vertex 1.46422 113.411 0.0128326
      vertex 1.84254 113.918 0
    endloop
  endfacet
  facet normal -0.0620628 0.0210544 -0.99785
    outer loop
      vertex 1.84254 113.918 0
      vertex 1.46422 113.411 0.0128326
      vertex 1.66166 113.993 0.0128326
    endloop
  endfacet
  facet normal -0.0543557 0.0363505 -0.99786
    outer loop
      vertex 2.42991 114.935 0
      vertex 2.10289 114.446 0
      vertex 2.27458 115.055 0.0128326
    endloop
  endfacet
  facet normal -0.0491634 0.0430718 -0.997862
    outer loop
      vertex 2.42991 114.935 0
      vertex 2.27458 115.055 0.0128326
      vertex 2.81802 115.378 0
    endloop
  endfacet
  facet normal 0.1752 0.0863601 -0.980738
    outer loop
      vertex 44.6103 113.993 0.0128326
      vertex 44.3387 114.544 0.0128326
      vertex 44.7881 114.067 0.0511112
    endloop
  endfacet
  facet normal 0.185053 0.0627838 -0.980721
    outer loop
      vertex 44.8078 113.411 0.0128326
      vertex 44.7881 114.067 0.0511112
      vertex 44.9937 113.461 0.0511112
    endloop
  endfacet
  facet normal 0.315956 0.0628515 -0.94669
    outer loop
      vertex 45.3026 112.858 0.114181
      vertex 45.1184 112.834 0.0511112
      vertex 45.1731 113.509 0.114181
    endloop
  endfacet
  facet normal 0.315998 0.0628468 -0.946676
    outer loop
      vertex 45.1184 112.834 0.0511112
      vertex 44.9937 113.461 0.0511112
      vertex 45.1731 113.509 0.114181
    endloop
  endfacet
  facet normal 0.545501 0.108453 -0.831064
    outer loop
      vertex 45.4771 112.881 0.200961
      vertex 45.3431 113.555 0.200961
      vertex 45.6388 112.903 0.30997
    endloop
  endfacet
  facet normal 0.555206 0.0363923 -0.830917
    outer loop
      vertex 45.522 112.196 0.200961
      vertex 45.4771 112.881 0.200961
      vertex 45.6388 112.903 0.30997
    endloop
  endfacet
  facet normal 0.658661 0.043185 -0.751199
    outer loop
      vertex 45.8327 112.196 0.43934
      vertex 45.6388 112.903 0.30997
      vertex 45.7851 112.922 0.43934
    endloop
  endfacet
  facet normal 0.647466 0.128858 -0.751121
    outer loop
      vertex 45.7851 112.922 0.43934
      vertex 45.6388 112.903 0.30997
      vertex 45.6432 113.635 0.43934
    endloop
  endfacet
  facet normal -0.315138 0.928839 -0.194798
    outer loop
      vertex 4.46031 117.942 1.11177
      vertex 3.72346 117.692 1.11177
      vertex 4.45041 117.979 1.30421
    endloop
  endfacet
  facet normal -0.315689 0.929027 -0.192999
    outer loop
      vertex 3.72346 117.692 1.11177
      vertex 3.70881 117.727 1.30421
      vertex 4.45041 117.979 1.30421
    endloop
  endfacet
  facet normal -0.146597 0.738029 -0.658653
    outer loop
      vertex 4.5608 117.567 0.43934
      vertex 4.52731 117.692 0.586858
      vertex 5.2573 117.837 0.586858
    endloop
  endfacet
  facet normal -0.128999 0.648072 -0.750574
    outer loop
      vertex 5.29344 117.563 0.30997
      vertex 4.5608 117.567 0.43934
      vertex 5.27419 117.709 0.43934
    endloop
  endfacet
  facet normal -0.397439 0.804784 -0.440868
    outer loop
      vertex 3.7808 117.554 0.75
      vertex 3.05709 117.293 0.925975
      vertex 3.74759 117.634 0.925975
    endloop
  endfacet
  facet normal -0.28802 0.850125 -0.440831
    outer loop
      vertex 3.7808 117.554 0.75
      vertex 3.74759 117.634 0.925975
      vertex 4.47664 117.881 0.925975
    endloop
  endfacet
  facet normal -0.0497022 0.751549 -0.657803
    outer loop
      vertex 5.27419 117.709 0.43934
      vertex 5.2573 117.837 0.586858
      vertex 6 117.757 0.43934
    endloop
  endfacet
  facet normal -0.147038 0.738701 -0.657799
    outer loop
      vertex 5.27419 117.709 0.43934
      vertex 4.5608 117.567 0.43934
      vertex 5.2573 117.837 0.586858
    endloop
  endfacet
  facet normal -0.0428077 0.657527 -0.752214
    outer loop
      vertex 6 117.609 0.30997
      vertex 5.29344 117.563 0.30997
      vertex 6 117.757 0.43934
    endloop
  endfacet
  facet normal 0.0547755 0.83024 -0.554708
    outer loop
      vertex 41.0147 117.837 0.586858
      vertex 40.272 117.886 0.586858
      vertex 40.272 117.995 0.75
    endloop
  endfacet
  facet normal -0.737452 -0.646725 -0.194708
    outer loop
      vertex 1.76643 1.76643 1.30421
      vertex 1.25006 2.35524 1.30421
      vertex 1.7935 1.7935 1.11177
    endloop
  endfacet
  facet normal -0.928811 -0.315287 -0.194691
    outer loop
      vertex 0.468579 3.70881 1.30421
      vertex 0.216841 4.45041 1.30421
      vertex 0.503944 3.72346 1.11177
    endloop
  endfacet
  facet normal -0.418912 -0.849465 -0.320816
    outer loop
      vertex 3.72346 0.503944 1.11177
      vertex 3.02556 0.848112 1.11177
      vertex 3.05709 0.902732 0.925975
    endloop
  endfacet
  facet normal -0.194677 -0.978694 -0.0652599
    outer loop
      vertex 5.21684 0.0513315 1.5
      vertex 4.44709 0.204446 1.5
      vertex 4.45041 0.216841 1.30421
    endloop
  endfacet
  facet normal -0.0586833 -0.89533 -0.441521
    outer loop
      vertex 6 0.114182 0.925975
      vertex 5.23175 0.164536 0.925975
      vertex 6 0.200962 0.75
    endloop
  endfacet
  facet normal -0.441347 -0.89496 -0.0652696
    outer loop
      vertex 3.70881 0.468579 1.30421
      vertex 3 0.803848 1.5
      vertex 3.00642 0.814961 1.30421
    endloop
  endfacet
  facet normal -0.195092 -0.980785 0
    outer loop
      vertex 4.44709 0.204446 1.5
      vertex 5.21684 0.0513315 7
      vertex 4.44709 0.204446 7
    endloop
  endfacet
  facet normal -0.195092 -0.980785 -0
    outer loop
      vertex 5.21684 0.0513315 7
      vertex 4.44709 0.204446 1.5
      vertex 5.21684 0.0513315 1.5
    endloop
  endfacet
  facet normal -0.433827 -0.87971 -0.194693
    outer loop
      vertex 3.72346 0.503944 1.11177
      vertex 3.00642 0.814961 1.30421
      vertex 3.02556 0.848112 1.11177
    endloop
  endfacet
  facet normal -0.441346 -0.894961 -0.0652621
    outer loop
      vertex 3.7039 0.456723 1.5
      vertex 3 0.803848 1.5
      vertex 3.70881 0.468579 1.30421
    endloop
  endfacet
  facet normal 0.0619422 -0.945113 -0.32082
    outer loop
      vertex 41.0485 0.102005 1.11177
      vertex 40.272 0.114182 0.925975
      vertex 41.0403 0.164536 0.925975
    endloop
  endfacet
  facet normal 0.0586795 -0.89533 -0.441521
    outer loop
      vertex 41.0403 0.164536 0.925975
      vertex 40.272 0.114182 0.925975
      vertex 40.272 0.200962 0.75
    endloop
  endfacet
  facet normal 0.0652609 -0.995731 -0.0652721
    outer loop
      vertex 41.0552 0.0513315 1.5
      vertex 40.272 0 1.5
      vertex 41.0535 0.0640545 1.30421
    endloop
  endfacet
  facet normal 0.06415 -0.978766 -0.194686
    outer loop
      vertex 41.0535 0.0640545 1.30421
      vertex 40.272 0.0128336 1.30421
      vertex 41.0485 0.102005 1.11177
    endloop
  endfacet
  facet normal 0.14681 -0.738071 -0.658557
    outer loop
      vertex 41.7447 0.503854 0.586858
      vertex 41.0147 0.358649 0.586858
      vertex 41.7112 0.628816 0.43934
    endloop
  endfacet
  facet normal 0.14681 -0.738071 -0.658557
    outer loop
      vertex 41.0147 0.358649 0.586858
      vertex 40.9978 0.486913 0.43934
      vertex 41.7112 0.628816 0.43934
    endloop
  endfacet
  facet normal -0.0431743 -0.658732 -0.751138
    outer loop
      vertex 6 0.439341 0.43934
      vertex 5.29344 0.633168 0.30997
      vertex 6 0.586859 0.30997
    endloop
  endfacet
  facet normal -0.12879 -0.647465 -0.751134
    outer loop
      vertex 5.27419 0.486913 0.43934
      vertex 4.5608 0.628816 0.43934
      vertex 5.29344 0.633168 0.30997
    endloop
  endfacet
  facet normal 0.0381386 -0.191743 -0.980704
    outer loop
      vertex 40.91 1.15359 0.0511112
      vertex 40.8849 1.34438 0.0128326
      vertex 41.4874 1.46422 0.0128326
    endloop
  endfacet
  facet normal 0.0628231 -0.315878 -0.946718
    outer loop
      vertex 41.5853 1.09887 0.114181
      vertex 40.91 1.15359 0.0511112
      vertex 41.5372 1.27833 0.0511112
    endloop
  endfacet
  facet normal 0.0864366 -0.434522 -0.896504
    outer loop
      vertex 40.9573 0.794915 0.200961
      vertex 40.9343 0.969384 0.114181
      vertex 41.6308 0.92889 0.200961
    endloop
  endfacet
  facet normal 0.0628253 -0.315859 -0.946724
    outer loop
      vertex 40.9343 0.969384 0.114181
      vertex 40.91 1.15359 0.0511112
      vertex 41.5853 1.09887 0.114181
    endloop
  endfacet
  facet normal 0.0127871 -0.195079 -0.980704
    outer loop
      vertex 40.91 1.15359 0.0511112
      vertex 40.272 1.11177 0.0511112
      vertex 40.8849 1.34438 0.0128326
    endloop
  endfacet
  facet normal 0.0127853 -0.195074 -0.980705
    outer loop
      vertex 40.8849 1.34438 0.0128326
      vertex 40.272 1.11177 0.0511112
      vertex 40.272 1.30421 0.0128326
    endloop
  endfacet
  facet normal 0.0127866 -0.0642839 -0.99785
    outer loop
      vertex 41.4874 1.46422 0.0128326
      vertex 40.8594 1.5385 0
      vertex 41.4367 1.65333 0
    endloop
  endfacet
  facet normal 0.0864626 -0.175341 -0.980704
    outer loop
      vertex 42.7161 1.76667 0.0511112
      vertex 42.1426 1.48387 0.0511112
      vertex 42.6199 1.93333 0.0128326
    endloop
  endfacet
  facet normal 0.086472 -0.17535 -0.980701
    outer loop
      vertex 42.1426 1.48387 0.0511112
      vertex 42.069 1.66166 0.0128326
      vertex 42.6199 1.93333 0.0128326
    endloop
  endfacet
  facet normal 0.435256 -0.496359 -0.75112
    outer loop
      vertex 44.204 2.06802 0.43934
      vertex 43.5673 1.70547 0.30997
      vertex 44.0997 2.17233 0.30997
    endloop
  endfacet
  facet normal 0.309127 -0.462642 -0.830905
    outer loop
      vertex 43.5673 1.70547 0.30997
      vertex 42.897 1.45337 0.200961
      vertex 43.468 1.8349 0.200961
    endloop
  endfacet
  facet normal 0.496125 -0.565756 -0.658619
    outer loop
      vertex 43.7359 1.4858 0.586858
      vertex 43.6571 1.58843 0.43934
      vertex 44.204 2.06802 0.43934
    endloop
  endfacet
  facet normal 0.366743 -0.54889 -0.751145
    outer loop
      vertex 43.6571 1.58843 0.43934
      vertex 43.0523 1.18433 0.43934
      vertex 43.5673 1.70547 0.30997
    endloop
  endfacet
  facet normal 0.368005 -0.746213 -0.554742
    outer loop
      vertex 43.1715 0.977886 0.75
      vertex 42.4912 0.642387 0.75
      vertex 43.117 1.07229 0.586858
    endloop
  endfacet
  facet normal 0.46226 -0.691864 -0.554653
    outer loop
      vertex 43.8022 1.39931 0.75
      vertex 43.117 1.07229 0.586858
      vertex 43.7359 1.4858 0.586858
    endloop
  endfacet
  facet normal -0.0210683 -0.0620652 -0.99785
    outer loop
      vertex 4.78464 1.46422 0.0128326
      vertex 4.203 1.66166 0.0128326
      vertex 4.27793 1.84254 0
    endloop
  endfacet
  facet normal -0.108612 -0.162548 -0.980705
    outer loop
      vertex 3.55589 1.76667 0.0511112
      vertex 3.02424 2.12191 0.0511112
      vertex 3.14139 2.27458 0.0128326
    endloop
  endfacet
  facet normal -0.00428635 -0.0654017 -0.99785
    outer loop
      vertex 6 1.30421 0.0128326
      vertex 5.38708 1.34438 0.0128326
      vertex 6 1.5 0
    endloop
  endfacet
  facet normal -0.103518 -0.30496 -0.946722
    outer loop
      vertex 4.68675 1.09887 0.114181
      vertex 4.05826 1.31221 0.114181
      vertex 4.12936 1.48387 0.0511112
    endloop
  endfacet
  facet normal -0.178848 -0.526873 -0.830914
    outer loop
      vertex 4.59898 0.771307 0.30997
      vertex 3.92848 0.998909 0.30997
      vertex 4.6412 0.92889 0.200961
    endloop
  endfacet
  facet normal -0.0628397 -0.18512 -0.980705
    outer loop
      vertex 4.78464 1.46422 0.0128326
      vertex 4.12936 1.48387 0.0511112
      vertex 4.203 1.66166 0.0128326
    endloop
  endfacet
  facet normal -0.0864339 -0.434534 -0.896498
    outer loop
      vertex 5.31474 0.794915 0.200961
      vertex 4.6412 0.92889 0.200961
      vertex 5.33771 0.969384 0.114181
    endloop
  endfacet
  facet normal -0.291977 -0.592068 -0.751136
    outer loop
      vertex 3.87203 0.86262 0.43934
      vertex 3.21967 1.18433 0.43934
      vertex 3.92848 0.998909 0.30997
    endloop
  endfacet
  facet normal -0.33284 -0.67493 -0.658549
    outer loop
      vertex 3.82252 0.743098 0.586858
      vertex 3.21967 1.18433 0.43934
      vertex 3.87203 0.86262 0.43934
    endloop
  endfacet
  facet normal -0.16232 -0.816033 -0.554746
    outer loop
      vertex 5.2573 0.358649 0.586858
      vertex 4.4991 0.39856 0.75
      vertex 4.52731 0.503854 0.586858
    endloop
  endfacet
  facet normal -0.267444 -0.787866 -0.554744
    outer loop
      vertex 4.4991 0.39856 0.75
      vertex 3.82252 0.743098 0.586858
      vertex 4.52731 0.503854 0.586858
    endloop
  endfacet
  facet normal -0.0432165 -0.0492785 -0.99785
    outer loop
      vertex 3.14139 2.27458 0.0128326
      vertex 2.67958 2.67958 0.0128326
      vertex 2.81802 2.81802 0
    endloop
  endfacet
  facet normal -0.128894 -0.146974 -0.980706
    outer loop
      vertex 3.14139 2.27458 0.0128326
      vertex 2.5435 2.5435 0.0511112
      vertex 2.67958 2.67958 0.0128326
    endloop
  endfacet
  facet normal 0.751826 -0.659362 0
    outer loop
      vertex 44.5146 1.75736 7
      vertex 45.0321 2.34743 1.5
      vertex 45.0321 2.34743 7
    endloop
  endfacet
  facet normal 0.751826 -0.659362 0
    outer loop
      vertex 45.0321 2.34743 1.5
      vertex 44.5146 1.75736 7
      vertex 44.5146 1.75736 1.5
    endloop
  endfacet
  facet normal 0.659392 -0.751799 0
    outer loop
      vertex 43.9246 1.23988 1.5
      vertex 44.5146 1.75736 7
      vertex 43.9246 1.23988 7
    endloop
  endfacet
  facet normal 0.659392 -0.751799 0
    outer loop
      vertex 44.5146 1.75736 7
      vertex 43.9246 1.23988 1.5
      vertex 44.5146 1.75736 1.5
    endloop
  endfacet
  facet normal 0.946922 -0.321463 0
    outer loop
      vertex 45.8153 3.7039 7
      vertex 46.0676 4.44709 1.5
      vertex 46.0676 4.44709 7
    endloop
  endfacet
  facet normal 0.946922 -0.321463 0
    outer loop
      vertex 46.0676 4.44709 1.5
      vertex 45.8153 3.7039 7
      vertex 45.8153 3.7039 1.5
    endloop
  endfacet
  facet normal 0.928801 -0.315252 -0.194796
    outer loop
      vertex 46.0552 4.45041 1.30421
      vertex 45.7681 3.72346 1.11177
      vertex 46.0182 4.46031 1.11177
    endloop
  endfacet
  facet normal 0.815613 -0.544952 -0.194429
    outer loop
      vertex 45.0219 2.35524 1.30421
      vertex 44.9916 2.37855 1.11177
      vertex 45.4239 3.02556 1.11177
    endloop
  endfacet
  facet normal 0.737472 -0.646777 -0.194459
    outer loop
      vertex 45.0219 2.35524 1.30421
      vertex 44.4785 1.7935 1.11177
      vertex 44.9916 2.37855 1.11177
    endloop
  endfacet
  facet normal 0.315977 -0.0628297 -0.946684
    outer loop
      vertex 45.1731 4.68675 0.114181
      vertex 44.9937 4.73483 0.0511112
      vertex 45.1184 5.36196 0.0511112
    endloop
  endfacet
  facet normal 0.625546 -0.548537 -0.554797
    outer loop
      vertex 44.8727 2.46977 0.75
      vertex 44.2955 1.97654 0.586858
      vertex 44.7862 2.53613 0.586858
    endloop
  endfacet
  facet normal 0.962088 -0.191263 -0.194437
    outer loop
      vertex 46.2079 5.21852 1.30421
      vertex 46.0552 4.45041 1.30421
      vertex 46.17 5.22351 1.11177
    endloop
  endfacet
  facet normal 0.928844 -0.315376 -0.19439
    outer loop
      vertex 45.8034 3.70881 1.30421
      vertex 45.7681 3.72346 1.11177
      vertex 46.0552 4.45041 1.30421
    endloop
  endfacet
  facet normal 0.288852 -0.142444 -0.946718
    outer loop
      vertex 44.6662 3.46299 0.114181
      vertex 44.5053 3.55589 0.0511112
      vertex 44.7881 4.12936 0.0511112
    endloop
  endfacet
  facet normal 0.267795 -0.178915 -0.946718
    outer loop
      vertex 44.6662 3.46299 0.114181
      vertex 44.2975 2.91113 0.114181
      vertex 44.5053 3.55589 0.0511112
    endloop
  endfacet
  facet normal 0.592049 -0.291959 -0.751158
    outer loop
      vertex 45.4094 3.87203 0.43934
      vertex 45.0877 3.21967 0.43934
      vertex 45.2731 3.92848 0.30997
    endloop
  endfacet
  facet normal 0.738232 -0.146841 -0.65837
    outer loop
      vertex 45.9133 5.2573 0.586858
      vertex 45.6432 4.5608 0.43934
      vertex 45.7851 5.27419 0.43934
    endloop
  endfacet
  facet normal 0.895206 -0.0586609 -0.441775
    outer loop
      vertex 46.1075 5.23175 0.925975
      vertex 46.0214 5.24307 0.75
      vertex 46.071 6 0.75
    endloop
  endfacet
  facet normal 0.830255 -0.0544411 -0.554718
    outer loop
      vertex 46.071 6 0.75
      vertex 45.9133 5.2573 0.586858
      vertex 45.962 6 0.586858
    endloop
  endfacet
  facet normal 0.304471 -0.896884 -0.320774
    outer loop
      vertex 42.5485 0.503944 1.11177
      vertex 41.7954 0.314735 0.925975
      vertex 42.5244 0.562213 0.925975
    endloop
  endfacet
  facet normal 0.526167 -0.787575 -0.320739
    outer loop
      vertex 43.2464 0.848112 1.11177
      vertex 43.2149 0.902732 0.925975
      vertex 43.8935 1.28043 1.11177
    endloop
  endfacet
  facet normal 0.46225 -0.691801 -0.55474
    outer loop
      vertex 43.1715 0.977886 0.75
      vertex 43.117 1.07229 0.586858
      vertex 43.8022 1.39931 0.75
    endloop
  endfacet
  facet normal 0.368015 -0.746221 -0.554725
    outer loop
      vertex 42.4912 0.642387 0.75
      vertex 42.4495 0.743098 0.586858
      vertex 43.117 1.07229 0.586858
    endloop
  endfacet
  facet normal 0.496149 -0.565768 -0.658591
    outer loop
      vertex 44.2955 1.97654 0.586858
      vertex 43.7359 1.4858 0.586858
      vertex 44.204 2.06802 0.43934
    endloop
  endfacet
  facet normal 0.712062 -0.624426 -0.321031
    outer loop
      vertex 44.9916 2.37855 1.11177
      vertex 44.4339 1.8381 0.925975
      vertex 44.9415 2.41694 0.925975
    endloop
  endfacet
  facet normal 0.787414 -0.526214 -0.321057
    outer loop
      vertex 44.9916 2.37855 1.11177
      vertex 44.9415 2.41694 0.925975
      vertex 45.3693 3.05709 0.925975
    endloop
  endfacet
  facet normal 0.591575 -0.674548 -0.441614
    outer loop
      vertex 44.4339 1.8381 0.925975
      vertex 43.8022 1.39931 0.75
      vertex 44.3725 1.89946 0.75
    endloop
  endfacet
  facet normal 0.418391 -0.366866 -0.830878
    outer loop
      vertex 44.5665 2.70469 0.30997
      vertex 44.0997 2.17233 0.30997
      vertex 44.4371 2.804 0.200961
    endloop
  endfacet
  facet normal 0.418262 -0.366812 -0.830967
    outer loop
      vertex 44.0997 2.17233 0.30997
      vertex 43.9843 2.28769 0.200961
      vertex 44.4371 2.804 0.200961
    endloop
  endfacet
  facet normal 0.565831 -0.496229 -0.658477
    outer loop
      vertex 44.7862 2.53613 0.586858
      vertex 44.204 2.06802 0.43934
      vertex 44.6836 2.61489 0.43934
    endloop
  endfacet
  facet normal 0.496229 -0.435189 -0.751244
    outer loop
      vertex 44.6836 2.61489 0.43934
      vertex 44.204 2.06802 0.43934
      vertex 44.5665 2.70469 0.30997
    endloop
  endfacet
  facet normal 0.0642883 -0.0127842 -0.997849
    outer loop
      vertex 44.8078 4.78464 0.0128326
      vertex 44.7335 5.41263 0
      vertex 44.9276 5.38708 0.0128326
    endloop
  endfacet
  facet normal 0.06429 -0.0127841 -0.997849
    outer loop
      vertex 44.8078 4.78464 0.0128326
      vertex 44.6187 4.83531 0
      vertex 44.7335 5.41263 0
    endloop
  endfacet
  facet normal 0.195105 -0.980782 0
    outer loop
      vertex 41.0552 0.0513315 4.02844
      vertex 41.8249 0.204446 7
      vertex 41.0552 0.0513315 7
    endloop
  endfacet
  facet normal 0.195533 -0.980697 -0.000115339
    outer loop
      vertex 41.0677 0.0538312 3.96526
      vertex 41.8249 0.204446 7
      vertex 41.0552 0.0513315 4.02844
    endloop
  endfacet
  facet normal 0.194881 -0.980827 5.36683e-05
    outer loop
      vertex 41.072 0.054682 3.9
      vertex 41.8249 0.204446 7
      vertex 41.0677 0.0538312 3.96526
    endloop
  endfacet
  facet normal 0.194921 -0.980819 -5.63849e-05
    outer loop
      vertex 41.8249 0.204446 1.5
      vertex 41.072 0.054682 3.9
      vertex 41.0677 0.0538312 3.83474
    endloop
  endfacet
  facet normal 0.195469 -0.98071 0.000128443
    outer loop
      vertex 41.8249 0.204446 1.5
      vertex 41.0677 0.0538312 3.83474
      vertex 41.0552 0.0513315 3.77156
    endloop
  endfacet
  facet normal 0.195105 -0.980782 0
    outer loop
      vertex 41.8249 0.204446 1.5
      vertex 41.0552 0.0513315 3.77156
      vertex 41.0552 0.0513315 1.5
    endloop
  endfacet
  facet normal 0.195094 -0.980785 0
    outer loop
      vertex 41.072 0.054682 3.9
      vertex 41.8249 0.204446 1.5
      vertex 41.8249 0.204446 7
    endloop
  endfacet
  facet normal 0.19136 -0.962018 -0.194688
    outer loop
      vertex 41.0535 0.0640545 1.30421
      vertex 41.0485 0.102005 1.11177
      vertex 41.8216 0.216841 1.30421
    endloop
  endfacet
  facet normal 0.194689 -0.978693 -0.0652402
    outer loop
      vertex 41.8249 0.204446 1.5
      vertex 41.0552 0.0513315 1.5
      vertex 41.8216 0.216841 1.30421
    endloop
  endfacet
  facet normal 0.896909 -0.304427 -0.320746
    outer loop
      vertex 46.0182 4.46031 1.11177
      vertex 45.7681 3.72346 1.11177
      vertex 45.9573 4.47664 0.925975
    endloop
  endfacet
  facet normal 0.928971 -0.184772 -0.320739
    outer loop
      vertex 46.0182 4.46031 1.11177
      vertex 45.9573 4.47664 0.925975
      vertex 46.17 5.22351 1.11177
    endloop
  endfacet
  facet normal -0.978766 -0.0641517 -0.194683
    outer loop
      vertex 0.0640545 5.21852 1.30421
      vertex 0.0128336 6 1.30421
      vertex 0.102005 5.22351 1.11177
    endloop
  endfacet
  facet normal -0.995731 -0.0652637 -0.065268
    outer loop
      vertex 0.0640545 5.21852 1.30421
      vertex 0 6 1.5
      vertex 0.0128336 6 1.30421
    endloop
  endfacet
  facet normal -0.544934 -0.815562 -0.194693
    outer loop
      vertex 3.00642 0.814961 1.30421
      vertex 2.35524 1.25006 1.30421
      vertex 3.02556 0.848112 1.11177
    endloop
  endfacet
  facet normal -0.555569 -0.83147 0
    outer loop
      vertex 2.34743 1.23988 1.5
      vertex 3 0.803848 7
      vertex 2.34743 1.23988 7
    endloop
  endfacet
  facet normal -0.555569 -0.83147 -0
    outer loop
      vertex 3 0.803848 7
      vertex 2.34743 1.23988 1.5
      vertex 3 0.803848 1.5
    endloop
  endfacet
  facet normal -0.978763 0.0641907 -0.194688
    outer loop
      vertex 0.0511122 112.196 1.11177
      vertex 0.0128336 112.196 1.30421
      vertex 0.102005 112.972 1.11177
    endloop
  endfacet
  facet normal -0.995729 0.0653036 -0.0652678
    outer loop
      vertex 0.0128336 112.196 1.30421
      vertex 0 112.196 1.5
      vertex 0.0640545 112.977 1.30421
    endloop
  endfacet
  facet normal -0.745902 0.367474 -0.555511
    outer loop
      vertex 1.07229 115.041 0.586858
      vertex 0.642387 114.415 0.75
      vertex 0.977886 115.096 0.75
    endloop
  endfacet
  facet normal -0.712904 0.24227 -0.658082
    outer loop
      vertex 0.86262 114.324 0.43934
      vertex 0.503854 113.669 0.586858
      vertex 0.743098 114.373 0.586858
    endloop
  endfacet
  facet normal -0.737829 0.146762 -0.658839
    outer loop
      vertex 0.628816 113.635 0.43934
      vertex 0.358649 112.939 0.586858
      vertex 0.503854 113.669 0.586858
    endloop
  endfacet
  facet normal -0.945108 0.0619835 -0.320825
    outer loop
      vertex 0.114182 112.196 0.925975
      vertex 0.0511122 112.196 1.11177
      vertex 0.102005 112.972 1.11177
    endloop
  endfacet
  facet normal -0.88018 0.175102 -0.441161
    outer loop
      vertex 0.39856 113.697 0.75
      vertex 0.164536 112.964 0.925975
      vertex 0.314735 113.719 0.925975
    endloop
  endfacet
  facet normal -0.880137 0.175064 -0.441261
    outer loop
      vertex 0.250574 112.953 0.75
      vertex 0.164536 112.964 0.925975
      vertex 0.39856 113.697 0.75
    endloop
  endfacet
  facet normal -0.267781 -0.178927 -0.94672
    outer loop
      vertex 1.97451 2.91113 0.114181
      vertex 1.76667 3.55589 0.0511112
      vertex 2.12191 3.02424 0.0511112
    endloop
  endfacet
  facet normal -0.304978 -0.103531 -0.946715
    outer loop
      vertex 1.48387 4.12936 0.0511112
      vertex 1.09887 4.68675 0.114181
      vertex 1.27833 4.73483 0.0511112
    endloop
  endfacet
  facet normal -0.659346 0 -0.751839
    outer loop
      vertex 0.439341 6 0.43934
      vertex 0.586859 112.196 0.30997
      vertex 0.586859 6 0.30997
    endloop
  endfacet
  facet normal -0.659346 0 -0.751839
    outer loop
      vertex 0.586859 112.196 0.30997
      vertex 0.439341 6 0.43934
      vertex 0.439341 112.196 0.43934
    endloop
  endfacet
  facet normal -0.498599 0.2459 -0.831223
    outer loop
      vertex 1.45337 114.821 0.200961
      vertex 0.998909 114.268 0.30997
      vertex 1.31208 114.903 0.30997
    endloop
  endfacet
  facet normal -0.545397 0.108412 -0.831137
    outer loop
      vertex 0.794915 112.881 0.200961
      vertex 0.633168 112.903 0.30997
      vertex 0.92889 113.555 0.200961
    endloop
  endfacet
  facet normal -0.19509 0 -0.980785
    outer loop
      vertex 1.11177 6 0.0511112
      vertex 1.30421 112.196 0.0128326
      vertex 1.30421 6 0.0128326
    endloop
  endfacet
  facet normal -0.19509 0 -0.980785
    outer loop
      vertex 1.30421 112.196 0.0128326
      vertex 1.11177 6 0.0511112
      vertex 1.11177 112.196 0.0511112
    endloop
  endfacet
  facet normal -0.321445 0 -0.946928
    outer loop
      vertex 0.925976 6 0.114181
      vertex 1.11177 112.196 0.0511112
      vertex 1.11177 6 0.0511112
    endloop
  endfacet
  facet normal -0.321445 0 -0.946928
    outer loop
      vertex 1.11177 112.196 0.0511112
      vertex 0.925976 6 0.114181
      vertex 0.925976 112.196 0.114181
    endloop
  endfacet
  facet normal -0.592828 0.292372 -0.750382
    outer loop
      vertex 1.31208 114.903 0.30997
      vertex 0.998909 114.268 0.30997
      vertex 1.18433 114.976 0.43934
    endloop
  endfacet
  facet normal -0.592461 0.292332 -0.750688
    outer loop
      vertex 0.998909 114.268 0.30997
      vertex 0.86262 114.324 0.43934
      vertex 1.18433 114.976 0.43934
    endloop
  endfacet
  facet normal -0.288877 0.142526 -0.946698
    outer loop
      vertex 1.48387 114.067 0.0511112
      vertex 1.31221 114.138 0.114181
      vertex 1.60577 114.733 0.114181
    endloop
  endfacet
  facet normal -0.0544883 0.0363877 -0.997851
    outer loop
      vertex 2.10289 114.446 0
      vertex 1.93333 114.544 0.0128326
      vertex 2.27458 115.055 0.0128326
    endloop
  endfacet
  facet normal -0.417457 0.366318 -0.831589
    outer loop
      vertex 2.28769 115.908 0.200961
      vertex 1.8349 115.392 0.200961
      vertex 2.17233 116.024 0.30997
    endloop
  endfacet
  facet normal -0.146963 0.12908 -0.980684
    outer loop
      vertex 2.27458 115.055 0.0128326
      vertex 2.12191 115.172 0.0511112
      vertex 2.5435 115.652 0.0511112
    endloop
  endfacet
  facet normal -0.442099 -0.0289771 -0.896498
    outer loop
      vertex 0.794915 5.31474 0.200961
      vertex 0.75 6 0.200961
      vertex 0.969384 5.33771 0.114181
    endloop
  endfacet
  facet normal -0.442096 -0.028976 -0.8965
    outer loop
      vertex 0.969384 5.33771 0.114181
      vertex 0.75 6 0.200961
      vertex 0.925976 6 0.114181
    endloop
  endfacet
  facet normal -0.191729 -0.0381361 -0.980707
    outer loop
      vertex 1.27833 4.73483 0.0511112
      vertex 1.15359 5.36196 0.0511112
      vertex 1.46422 4.78464 0.0128326
    endloop
  endfacet
  facet normal -0.191739 -0.0381416 -0.980705
    outer loop
      vertex 1.46422 4.78464 0.0128326
      vertex 1.15359 5.36196 0.0511112
      vertex 1.34438 5.38708 0.0128326
    endloop
  endfacet
  facet normal -0.831639 0.555316 0
    outer loop
      vertex 0.803848 115.196 1.5
      vertex 1.23988 115.849 7
      vertex 1.23988 115.849 1.5
    endloop
  endfacet
  facet normal -0.831639 0.555316 0
    outer loop
      vertex 1.23988 115.849 7
      vertex 0.803848 115.196 1.5
      vertex 0.803848 115.196 7
    endloop
  endfacet
  facet normal -0.691027 0.462246 -0.555707
    outer loop
      vertex 1.07229 115.041 0.586858
      vertex 0.977886 115.096 0.75
      vertex 1.39931 115.726 0.75
    endloop
  endfacet
  facet normal -0.746147 0.499118 -0.44062
    outer loop
      vertex 0.977886 115.096 0.75
      vertex 0.902732 115.139 0.925975
      vertex 1.39931 115.726 0.75
    endloop
  endfacet
  facet normal -0.497221 0.56649 -0.657161
    outer loop
      vertex 2.61489 116.608 0.43934
      vertex 2.06802 116.128 0.43934
      vertex 2.53613 116.71 0.586858
    endloop
  endfacet
  facet normal -0.418757 0.626871 -0.65702
    outer loop
      vertex 2.61489 116.608 0.43934
      vertex 2.53613 116.71 0.586858
      vertex 3.21967 117.012 0.43934
    endloop
  endfacet
  facet normal -0.496923 0.56634 -0.657516
    outer loop
      vertex 2.06802 116.128 0.43934
      vertex 1.97654 116.219 0.586858
      vertex 2.53613 116.71 0.586858
    endloop
  endfacet
  facet normal -0.566122 0.496993 -0.65765
    outer loop
      vertex 2.06802 116.128 0.43934
      vertex 1.4858 115.66 0.586858
      vertex 1.97654 116.219 0.586858
    endloop
  endfacet
  facet normal -0.462055 0.690695 -0.556279
    outer loop
      vertex 2.53613 116.71 0.586858
      vertex 2.46977 116.797 0.75
      vertex 3.15499 117.124 0.586858
    endloop
  endfacet
  facet normal -0.548146 0.624719 -0.556114
    outer loop
      vertex 2.53613 116.71 0.586858
      vertex 1.97654 116.219 0.586858
      vertex 2.46977 116.797 0.75
    endloop
  endfacet
  facet normal -0.525663 0.787289 -0.322264
    outer loop
      vertex 3.05709 117.293 0.925975
      vertex 2.37855 116.916 1.11177
      vertex 3.02556 117.348 1.11177
    endloop
  endfacet
  facet normal -0.591691 0.674202 -0.441989
    outer loop
      vertex 2.46977 116.797 0.75
      vertex 1.8381 116.358 0.925975
      vertex 2.41694 116.866 0.925975
    endloop
  endfacet
  facet normal -0.71248 0.624657 -0.31965
    outer loop
      vertex 1.33047 115.779 0.925975
      vertex 1.28043 115.817 1.11177
      vertex 1.8381 116.358 0.925975
    endloop
  endfacet
  facet normal -0.74583 0.498468 -0.441891
    outer loop
      vertex 1.39931 115.726 0.75
      vertex 0.902732 115.139 0.925975
      vertex 1.33047 115.779 0.925975
    endloop
  endfacet
  facet normal -0.646011 0.737166 -0.19813
    outer loop
      vertex 1.7935 116.402 1.11177
      vertex 1.76643 116.43 1.30421
      vertex 2.35524 116.946 1.30421
    endloop
  endfacet
  facet normal -0.737104 0.646211 -0.19771
    outer loop
      vertex 1.7935 116.402 1.11177
      vertex 1.25006 115.841 1.30421
      vertex 1.76643 116.43 1.30421
    endloop
  endfacet
  facet normal -0.525608 0.787981 -0.32066
    outer loop
      vertex 2.41694 116.866 0.925975
      vertex 2.37855 116.916 1.11177
      vertex 3.05709 117.293 0.925975
    endloop
  endfacet
  facet normal -0.624782 0.711907 -0.32068
    outer loop
      vertex 2.41694 116.866 0.925975
      vertex 1.8381 116.358 0.925975
      vertex 2.37855 116.916 1.11177
    endloop
  endfacet
  facet normal 0.555523 0.831501 -0
    outer loop
      vertex 43.9246 116.956 1.5
      vertex 43.272 117.392 7
      vertex 43.9246 116.956 7
    endloop
  endfacet
  facet normal 0.555523 0.831501 0
    outer loop
      vertex 43.272 117.392 7
      vertex 43.9246 116.956 1.5
      vertex 43.272 117.392 1.5
    endloop
  endfacet
  facet normal 0.659046 0.752103 -0
    outer loop
      vertex 44.5146 116.439 1.5
      vertex 43.9246 116.956 7
      vertex 44.5146 116.439 7
    endloop
  endfacet
  facet normal 0.659046 0.752103 0
    outer loop
      vertex 43.9246 116.956 7
      vertex 44.5146 116.439 1.5
      vertex 43.9246 116.956 1.5
    endloop
  endfacet
  facet normal 0.0436051 0.659346 -0.750574
    outer loop
      vertex 40.9786 117.563 0.30997
      vertex 40.272 117.757 0.43934
      vertex 40.9978 117.709 0.43934
    endloop
  endfacet
  facet normal 0.0361662 0.555545 -0.8307
    outer loop
      vertex 40.9786 117.563 0.30997
      vertex 40.272 117.446 0.200961
      vertex 40.272 117.609 0.30997
    endloop
  endfacet
  facet normal 0.10397 0.30555 -0.946483
    outer loop
      vertex 42.1426 116.712 0.0511112
      vertex 41.5372 116.918 0.0511112
      vertex 41.5853 117.097 0.114181
    endloop
  endfacet
  facet normal 0.0866346 0.435436 -0.896041
    outer loop
      vertex 41.6308 117.267 0.200961
      vertex 40.9343 117.227 0.114181
      vertex 40.9573 117.401 0.200961
    endloop
  endfacet
  facet normal 0.0638715 0.978736 -0.194925
    outer loop
      vertex 41.0485 118.094 1.11177
      vertex 40.272 118.183 1.30421
      vertex 41.0535 118.132 1.30421
    endloop
  endfacet
  facet normal 0.322259 0.946652 -0
    outer loop
      vertex 42.5681 117.739 1.5
      vertex 41.8249 117.992 7
      vertex 42.5681 117.739 7
    endloop
  endfacet
  facet normal 0.322259 0.946652 0
    outer loop
      vertex 41.8249 117.992 7
      vertex 42.5681 117.739 1.5
      vertex 41.8249 117.992 1.5
    endloop
  endfacet
  facet normal 0.142455 0.288685 -0.946767
    outer loop
      vertex 42.7161 116.429 0.0511112
      vertex 42.1426 116.712 0.0511112
      vertex 42.809 116.59 0.114181
    endloop
  endfacet
  facet normal 0.418523 0.849091 -0.322309
    outer loop
      vertex 43.2149 117.293 0.925975
      vertex 42.5485 117.692 1.11177
      vertex 43.2464 117.348 1.11177
    endloop
  endfacet
  facet normal 0.184404 0.928292 -0.322907
    outer loop
      vertex 41.7954 117.881 0.925975
      vertex 41.0403 118.031 0.925975
      vertex 41.0485 118.094 1.11177
    endloop
  endfacet
  facet normal 0.178838 0.525924 -0.831518
    outer loop
      vertex 42.3435 117.197 0.30997
      vertex 41.6308 117.267 0.200961
      vertex 41.673 117.425 0.30997
    endloop
  endfacet
  facet normal 0.242034 0.71245 -0.658661
    outer loop
      vertex 42.4 117.333 0.43934
      vertex 41.7112 117.567 0.43934
      vertex 41.7447 117.692 0.586858
    endloop
  endfacet
  facet normal 0.212906 0.626112 -0.750103
    outer loop
      vertex 42.3435 117.197 0.30997
      vertex 41.673 117.425 0.30997
      vertex 41.7112 117.567 0.43934
    endloop
  endfacet
  facet normal 0.0620808 0.94521 -0.320505
    outer loop
      vertex 41.0485 118.094 1.11177
      vertex 40.272 118.082 0.925975
      vertex 40.272 118.145 1.11177
    endloop
  endfacet
  facet normal 0.0594003 0.894847 -0.442402
    outer loop
      vertex 41.0403 118.031 0.925975
      vertex 40.272 117.995 0.75
      vertex 40.272 118.082 0.925975
    endloop
  endfacet
  facet normal 0.0649781 0.995694 -0.0661118
    outer loop
      vertex 41.0535 118.132 1.30421
      vertex 40.272 118.183 1.30421
      vertex 40.272 118.196 1.5
    endloop
  endfacet
  facet normal 0.162231 0.816751 -0.553713
    outer loop
      vertex 41.7447 117.692 0.586858
      vertex 41.0147 117.837 0.586858
      vertex 41.7729 117.797 0.75
    endloop
  endfacet
  facet normal -0.175077 0.880083 -0.441364
    outer loop
      vertex 5.24307 117.945 0.75
      vertex 4.4991 117.797 0.75
      vertex 5.23175 118.031 0.925975
    endloop
  endfacet
  facet normal -0.287419 0.8496 -0.442232
    outer loop
      vertex 4.4991 117.797 0.75
      vertex 3.7808 117.554 0.75
      vertex 4.47664 117.881 0.925975
    endloop
  endfacet
  facet normal 0.0210743 0.320129 -0.94714
    outer loop
      vertex 40.91 117.042 0.0511112
      vertex 40.272 117.084 0.0511112
      vertex 40.9343 117.227 0.114181
    endloop
  endfacet
  facet normal 0.0629432 0.18498 -0.980725
    outer loop
      vertex 42.1426 116.712 0.0511112
      vertex 41.4874 116.732 0.0128326
      vertex 41.5372 116.918 0.0511112
    endloop
  endfacet
  facet normal 0.0211108 0.0620102 -0.997852
    outer loop
      vertex 41.9941 116.353 0
      vertex 41.4874 116.732 0.0128326
      vertex 42.069 116.534 0.0128326
    endloop
  endfacet
  facet normal 0.0289445 0.0587685 -0.997852
    outer loop
      vertex 42.522 116.093 0
      vertex 41.9941 116.353 0
      vertex 42.069 116.534 0.0128326
    endloop
  endfacet
  facet normal 0.00426379 0.065332 -0.997854
    outer loop
      vertex 40.8849 116.852 0.0128326
      vertex 40.272 116.696 0
      vertex 40.272 116.892 0.0128326
    endloop
  endfacet
  facet normal 0.804964 0.396657 -0.441243
    outer loop
      vertex 45.6296 114.415 0.75
      vertex 45.3693 115.139 0.925975
      vertex 45.7098 114.448 0.925975
    endloop
  endfacet
  facet normal 0.944909 0.320862 -0.0647605
    outer loop
      vertex 46.0552 113.746 1.30421
      vertex 45.8153 114.492 1.5
      vertex 46.0676 113.749 1.5
    endloop
  endfacet
  facet normal 0.816115 0.162329 -0.554622
    outer loop
      vertex 45.9133 112.939 0.586858
      vertex 45.7681 113.669 0.586858
      vertex 45.8734 113.697 0.75
    endloop
  endfacet
  facet normal 0.712969 0.242247 -0.658021
    outer loop
      vertex 45.7681 113.669 0.586858
      vertex 45.4094 114.324 0.43934
      vertex 45.5289 114.373 0.586858
    endloop
  endfacet
  facet normal 0.737131 0.646147 -0.197819
    outer loop
      vertex 45.0219 115.841 1.30421
      vertex 44.4785 116.402 1.11177
      vertex 44.5056 116.43 1.30421
    endloop
  endfacet
  facet normal 0.849582 0.419549 -0.319671
    outer loop
      vertex 45.7681 114.473 1.11177
      vertex 45.3693 115.139 0.925975
      vertex 45.4239 115.17 1.11177
    endloop
  endfacet
  facet normal 0.895134 0.441073 -0.0647221
    outer loop
      vertex 45.8034 114.487 1.30421
      vertex 45.457 115.19 1.30421
      vertex 45.4682 115.196 1.5
    endloop
  endfacet
  facet normal 0.929048 0.184825 -0.320483
    outer loop
      vertex 46.1075 112.964 0.925975
      vertex 45.9573 113.719 0.925975
      vertex 46.17 112.972 1.11177
    endloop
  endfacet
  facet normal 0.92879 0.315184 -0.194955
    outer loop
      vertex 46.0182 113.736 1.11177
      vertex 45.7681 114.473 1.11177
      vertex 46.0552 113.746 1.30421
    endloop
  endfacet
  facet normal 0.288821 0.142517 -0.946716
    outer loop
      vertex 44.7881 114.067 0.0511112
      vertex 44.6662 114.733 0.114181
      vertex 44.9598 114.138 0.114181
    endloop
  endfacet
  facet normal 0.146945 0.129067 -0.980688
    outer loop
      vertex 43.9974 115.055 0.0128326
      vertex 43.7285 115.652 0.0511112
      vertex 44.1501 115.172 0.0511112
    endloop
  endfacet
  facet normal 0.0867675 0.175834 -0.980588
    outer loop
      vertex 42.6199 116.263 0.0128326
      vertex 42.1426 116.712 0.0511112
      vertex 42.7161 116.429 0.0511112
    endloop
  endfacet
  facet normal 0.245359 0.498735 -0.831302
    outer loop
      vertex 42.897 116.743 0.200961
      vertex 42.2811 117.046 0.200961
      vertex 42.3435 117.197 0.30997
    endloop
  endfacet
  facet normal 0.750149 0.65797 -0.065965
    outer loop
      vertex 45.0219 115.841 1.30421
      vertex 44.5146 116.439 1.5
      vertex 45.0321 115.849 1.5
    endloop
  endfacet
  facet normal 0.829793 0.55417 -0.0658729
    outer loop
      vertex 45.4682 115.196 1.5
      vertex 45.0219 115.841 1.30421
      vertex 45.0321 115.849 1.5
    endloop
  endfacet
  facet normal 0.625686 0.549238 -0.553944
    outer loop
      vertex 44.7862 115.66 0.586858
      vertex 44.2955 116.219 0.586858
      vertex 44.8727 115.726 0.75
    endloop
  endfacet
  facet normal 0.592442 0.292314 -0.75071
    outer loop
      vertex 45.2731 114.268 0.30997
      vertex 45.0877 114.976 0.43934
      vertex 45.4094 114.324 0.43934
    endloop
  endfacet
  facet normal 0.442047 0.0289801 -0.896524
    outer loop
      vertex 45.346 112.196 0.114181
      vertex 45.3026 112.858 0.114181
      vertex 45.522 112.196 0.200961
    endloop
  endfacet
  facet normal 0.397557 0.196173 -0.896362
    outer loop
      vertex 44.9598 114.138 0.114181
      vertex 44.6662 114.733 0.114181
      vertex 45.1224 114.205 0.200961
    endloop
  endfacet
  facet normal 0.549491 0.367636 -0.750269
    outer loop
      vertex 44.9599 114.903 0.30997
      vertex 44.5665 115.491 0.30997
      vertex 45.0877 114.976 0.43934
    endloop
  endfacet
  facet normal 0.288738 0.142505 -0.946743
    outer loop
      vertex 44.7881 114.067 0.0511112
      vertex 44.5053 114.64 0.0511112
      vertex 44.6662 114.733 0.114181
    endloop
  endfacet
  facet normal 0.49857 0.245909 -0.831238
    outer loop
      vertex 45.2731 114.268 0.30997
      vertex 44.8186 114.821 0.200961
      vertex 44.9599 114.903 0.30997
    endloop
  endfacet
  facet normal -0.128904 0.648687 -0.750059
    outer loop
      vertex 4.59898 117.425 0.30997
      vertex 4.5608 117.567 0.43934
      vertex 5.29344 117.563 0.30997
    endloop
  endfacet
  facet normal -0.245892 0.367745 -0.896828
    outer loop
      vertex 2.91113 116.221 0.114181
      vertex 2.804 116.361 0.200961
      vertex 3.46299 116.59 0.114181
    endloop
  endfacet
  facet normal 0 0.321126 -0.947037
    outer loop
      vertex 6 117.084 0.0511112
      vertex 40.272 117.27 0.114181
      vertex 40.272 117.084 0.0511112
    endloop
  endfacet
  facet normal 0 0.321126 -0.947037
    outer loop
      vertex 40.272 117.27 0.114181
      vertex 6 117.084 0.0511112
      vertex 6 117.27 0.114181
    endloop
  endfacet
  facet normal -0.103962 0.305563 -0.946479
    outer loop
      vertex 4.73483 116.918 0.0511112
      vertex 4.12936 116.712 0.0511112
      vertex 4.68675 117.097 0.114181
    endloop
  endfacet
  facet normal -0.0379006 0.191683 -0.980725
    outer loop
      vertex 4.78464 116.732 0.0128326
      vertex 4.73483 116.918 0.0511112
      vertex 5.36196 117.042 0.0511112
    endloop
  endfacet
  facet normal -0.0290938 0.443041 -0.896029
    outer loop
      vertex 5.33771 117.227 0.114181
      vertex 5.31474 117.401 0.200961
      vertex 6 117.446 0.200961
    endloop
  endfacet
  facet normal -0.086632 0.435448 -0.896035
    outer loop
      vertex 5.33771 117.227 0.114181
      vertex 4.6412 117.267 0.200961
      vertex 5.31474 117.401 0.200961
    endloop
  endfacet
  facet normal -0.0862073 0.175243 -0.980744
    outer loop
      vertex 4.203 116.534 0.0128326
      vertex 3.65211 116.263 0.0128326
      vertex 4.12936 116.712 0.0511112
    endloop
  endfacet
  facet normal -0.36853 0.246181 -0.896426
    outer loop
      vertex 1.97451 115.285 0.114181
      vertex 1.60577 114.733 0.114181
      vertex 1.8349 115.392 0.200961
    endloop
  endfacet
  facet normal -0.496988 0.435317 -0.750667
    outer loop
      vertex 2.17233 116.024 0.30997
      vertex 1.70547 115.491 0.30997
      vertex 2.06802 116.128 0.43934
    endloop
  endfacet
  facet normal -0.366257 0.417518 -0.831586
    outer loop
      vertex 2.804 116.361 0.200961
      vertex 2.17233 116.024 0.30997
      vertex 2.70469 116.491 0.30997
    endloop
  endfacet
  facet normal -0.212777 0.242394 -0.946557
    outer loop
      vertex 3.02424 116.074 0.0511112
      vertex 2.5435 115.652 0.0511112
      vertex 2.91113 116.221 0.114181
    endloop
  endfacet
  facet normal -0.128812 0.146742 -0.980752
    outer loop
      vertex 3.14139 115.921 0.0128326
      vertex 2.5435 115.652 0.0511112
      vertex 3.02424 116.074 0.0511112
    endloop
  endfacet
  facet normal -0.245342 0.498708 -0.831323
    outer loop
      vertex 3.99091 117.046 0.200961
      vertex 3.375 116.743 0.200961
      vertex 3.92848 117.197 0.30997
    endloop
  endfacet
  facet normal -0.178833 0.526214 -0.831334
    outer loop
      vertex 3.99091 117.046 0.200961
      vertex 3.92848 117.197 0.30997
      vertex 4.6412 117.267 0.200961
    endloop
  endfacet
  facet normal 0.0653984 0.00428877 -0.99785
    outer loop
      vertex 44.9678 112.196 0.0128326
      vertex 44.772 112.196 0
      vertex 44.9276 112.809 0.0128326
    endloop
  endfacet
  facet normal 0.0620845 0.0210682 -0.997849
    outer loop
      vertex 44.8078 113.411 0.0128326
      vertex 44.4295 113.918 0
      vertex 44.6103 113.993 0.0128326
    endloop
  endfacet
  facet normal 0.0587955 0.0289969 -0.997849
    outer loop
      vertex 44.4295 113.918 0
      vertex 44.1691 114.446 0
      vertex 44.6103 113.993 0.0128326
    endloop
  endfacet
  facet normal -0.194918 0.978553 -0.0666461
    outer loop
      vertex 5.21852 118.132 1.30421
      vertex 4.45041 117.979 1.30421
      vertex 5.21684 118.145 1.5
    endloop
  endfacet
  facet normal -0.0648386 0.995666 -0.0666663
    outer loop
      vertex 5.21852 118.132 1.30421
      vertex 5.21684 118.145 1.5
      vertex 6 118.196 1.5
    endloop
  endfacet
  facet normal -0.266425 0.787542 -0.555694
    outer loop
      vertex 3.82252 117.453 0.586858
      vertex 3.7808 117.554 0.75
      vertex 4.4991 117.797 0.75
    endloop
  endfacet
  facet normal -0.367548 0.745743 -0.555676
    outer loop
      vertex 3.82252 117.453 0.586858
      vertex 3.15499 117.124 0.586858
      vertex 3.7808 117.554 0.75
    endloop
  endfacet
  facet normal -0.896873 -0.304449 -0.320828
    outer loop
      vertex 0.503944 3.72346 1.11177
      vertex 0.253816 4.46031 1.11177
      vertex 0.314735 4.47664 0.925975
    endloop
  endfacet
  facet normal -0.894961 -0.441346 -0.0652621
    outer loop
      vertex 0.803848 3 1.5
      vertex 0.456723 3.7039 1.5
      vertex 0.468579 3.70881 1.30421
    endloop
  endfacet
  facet normal -0.712094 -0.624484 -0.320845
    outer loop
      vertex 1.7935 1.7935 1.11177
      vertex 1.28043 2.37855 1.11177
      vertex 1.8381 1.8381 0.925975
    endloop
  endfacet
  facet normal -0.674594 -0.591605 -0.441506
    outer loop
      vertex 1.8381 1.8381 0.925975
      vertex 1.39931 2.46977 0.75
      vertex 1.89946 1.89946 0.75
    endloop
  endfacet
  facet normal -0.849465 -0.418912 -0.320815
    outer loop
      vertex 0.902732 3.05709 0.925975
      vertex 0.503944 3.72346 1.11177
      vertex 0.562213 3.74759 0.925975
    endloop
  endfacet
  facet normal -0.787866 -0.267444 -0.554744
    outer loop
      vertex 0.743098 3.82252 0.586858
      vertex 0.39856 4.4991 0.75
      vertex 0.503854 4.52731 0.586858
    endloop
  endfacet
  facet normal -0.267439 -0.78786 -0.554754
    outer loop
      vertex 4.4991 0.39856 0.75
      vertex 3.7808 0.642387 0.75
      vertex 3.82252 0.743098 0.586858
    endloop
  endfacet
  facet normal -0.175042 -0.880007 -0.441529
    outer loop
      vertex 5.23175 0.164536 0.925975
      vertex 4.47664 0.314735 0.925975
      vertex 4.4991 0.39856 0.75
    endloop
  endfacet
  facet normal -0.061946 -0.945108 -0.320832
    outer loop
      vertex 6 0.114182 0.925975
      vertex 5.22351 0.102005 1.11177
      vertex 5.23175 0.164536 0.925975
    endloop
  endfacet
  facet normal -0.0619445 -0.94511 -0.320826
    outer loop
      vertex 6 0.0511122 1.11177
      vertex 5.22351 0.102005 1.11177
      vertex 6 0.114182 0.925975
    endloop
  endfacet
  facet normal -0.315291 -0.928812 -0.19468
    outer loop
      vertex 4.45041 0.216841 1.30421
      vertex 3.72346 0.503944 1.11177
      vertex 4.46031 0.253816 1.11177
    endloop
  endfacet
  facet normal -0.191359 -0.962019 -0.194685
    outer loop
      vertex 5.22351 0.102005 1.11177
      vertex 4.45041 0.216841 1.30421
      vertex 4.46031 0.253816 1.11177
    endloop
  endfacet
  facet normal -0.526204 -0.787514 -0.320828
    outer loop
      vertex 3.05709 0.902732 0.925975
      vertex 2.37855 1.28043 1.11177
      vertex 2.41694 1.33047 0.925975
    endloop
  endfacet
  facet normal -0.646725 -0.737452 -0.194708
    outer loop
      vertex 2.35524 1.25006 1.30421
      vertex 1.76643 1.76643 1.30421
      vertex 1.7935 1.7935 1.11177
    endloop
  endfacet
  facet normal -0.433827 -0.87971 -0.194692
    outer loop
      vertex 3.70881 0.468579 1.30421
      vertex 3.00642 0.814961 1.30421
      vertex 3.72346 0.503944 1.11177
    endloop
  endfacet
  facet normal -0.315287 -0.928811 -0.194691
    outer loop
      vertex 4.45041 0.216841 1.30421
      vertex 3.70881 0.468579 1.30421
      vertex 3.72346 0.503944 1.11177
    endloop
  endfacet
  facet normal 0.175034 -0.879982 -0.441582
    outer loop
      vertex 41.0403 0.164536 0.925975
      vertex 41.0289 0.250574 0.75
      vertex 41.7729 0.39856 0.75
    endloop
  endfacet
  facet normal 0.0586849 -0.895319 -0.441543
    outer loop
      vertex 41.0403 0.164536 0.925975
      vertex 40.272 0.200962 0.75
      vertex 41.0289 0.250574 0.75
    endloop
  endfacet
  facet normal 0 -0.980785 -0.19509
    outer loop
      vertex 6 0.0511122 1.11177
      vertex 40.272 0.0128336 1.30421
      vertex 6 0.0128336 1.30421
    endloop
  endfacet
  facet normal 0 -0.980785 -0.19509
    outer loop
      vertex 40.272 0.0128336 1.30421
      vertex 6 0.0511122 1.11177
      vertex 40.272 0.0511122 1.11177
    endloop
  endfacet
  facet normal 0.267444 -0.787875 -0.554732
    outer loop
      vertex 42.4912 0.642387 0.75
      vertex 41.7729 0.39856 0.75
      vertex 42.4495 0.743098 0.586858
    endloop
  endfacet
  facet normal 0.128799 -0.647449 -0.751146
    outer loop
      vertex 41.7112 0.628816 0.43934
      vertex 40.9786 0.633168 0.30997
      vertex 41.673 0.771307 0.30997
    endloop
  endfacet
  facet normal 0.33287 -0.674928 -0.658536
    outer loop
      vertex 42.4495 0.743098 0.586858
      vertex 42.4 0.86262 0.43934
      vertex 43.0523 1.18433 0.43934
    endloop
  endfacet
  facet normal 0.241895 -0.71261 -0.658539
    outer loop
      vertex 42.4495 0.743098 0.586858
      vertex 41.7447 0.503854 0.586858
      vertex 42.4 0.86262 0.43934
    endloop
  endfacet
  facet normal -0.0431757 -0.658735 -0.751135
    outer loop
      vertex 6 0.439341 0.43934
      vertex 5.27419 0.486913 0.43934
      vertex 5.29344 0.633168 0.30997
    endloop
  endfacet
  facet normal -0.0492182 -0.750926 -0.65855
    outer loop
      vertex 6 0.439341 0.43934
      vertex 5.2573 0.358649 0.586858
      vertex 5.27419 0.486913 0.43934
    endloop
  endfacet
  facet normal 0 -0.555576 -0.831466
    outer loop
      vertex 6 0.586859 0.30997
      vertex 40.272 0.75 0.200961
      vertex 40.272 0.586859 0.30997
    endloop
  endfacet
  facet normal -0 -0.555576 -0.831466
    outer loop
      vertex 40.272 0.75 0.200961
      vertex 6 0.586859 0.30997
      vertex 6 0.75 0.200961
    endloop
  endfacet
  facet normal 0 -0.659346 -0.751839
    outer loop
      vertex 6 0.439341 0.43934
      vertex 40.272 0.586859 0.30997
      vertex 40.272 0.439341 0.43934
    endloop
  endfacet
  facet normal -0 -0.659346 -0.751839
    outer loop
      vertex 40.272 0.586859 0.30997
      vertex 6 0.439341 0.43934
      vertex 6 0.586859 0.30997
    endloop
  endfacet
  facet normal 0.108553 -0.545701 -0.830919
    outer loop
      vertex 40.9786 0.633168 0.30997
      vertex 40.9573 0.794915 0.200961
      vertex 41.6308 0.92889 0.200961
    endloop
  endfacet
  facet normal 0.0289755 -0.442096 -0.8965
    outer loop
      vertex 40.9343 0.969384 0.114181
      vertex 40.272 0.75 0.200961
      vertex 40.272 0.925976 0.114181
    endloop
  endfacet
  facet normal 0.0127865 -0.0642847 -0.99785
    outer loop
      vertex 40.8849 1.34438 0.0128326
      vertex 40.8594 1.5385 0
      vertex 41.4874 1.46422 0.0128326
    endloop
  endfacet
  facet normal 0.0042866 -0.0654013 -0.99785
    outer loop
      vertex 40.8849 1.34438 0.0128326
      vertex 40.272 1.5 0
      vertex 40.8594 1.5385 0
    endloop
  endfacet
  facet normal 0.0432108 -0.0492775 -0.99785
    outer loop
      vertex 43.1306 2.27458 0.0128326
      vertex 43.0114 2.42991 0
      vertex 43.454 2.81802 0
    endloop
  endfacet
  facet normal 0.0364132 -0.054494 -0.99785
    outer loop
      vertex 43.1306 2.27458 0.0128326
      vertex 42.522 2.10289 0
      vertex 43.0114 2.42991 0
    endloop
  endfacet
  facet normal 0.291974 -0.592008 -0.751184
    outer loop
      vertex 42.4 0.86262 0.43934
      vertex 42.3435 0.998909 0.30997
      vertex 43.0523 1.18433 0.43934
    endloop
  endfacet
  facet normal 0.212174 -0.625078 -0.751172
    outer loop
      vertex 42.4 0.86262 0.43934
      vertex 41.7112 0.628816 0.43934
      vertex 42.3435 0.998909 0.30997
    endloop
  endfacet
  facet normal 0.195926 -0.397312 -0.896524
    outer loop
      vertex 42.2811 1.14963 0.200961
      vertex 42.2137 1.31221 0.114181
      vertex 42.809 1.60577 0.114181
    endloop
  endfacet
  facet normal 0.246113 -0.499049 -0.83089
    outer loop
      vertex 42.3435 0.998909 0.30997
      vertex 42.2811 1.14963 0.200961
      vertex 42.897 1.45337 0.200961
    endloop
  endfacet
  facet normal 0.292144 -0.333128 -0.896481
    outer loop
      vertex 43.468 1.8349 0.200961
      vertex 43.3609 1.97451 0.114181
      vertex 43.8599 2.41212 0.114181
    endloop
  endfacet
  facet normal 0.292156 -0.333134 -0.896475
    outer loop
      vertex 43.9843 2.28769 0.200961
      vertex 43.468 1.8349 0.200961
      vertex 43.8599 2.41212 0.114181
    endloop
  endfacet
  facet normal -0.0127849 -0.195074 -0.980705
    outer loop
      vertex 6 1.11177 0.0511112
      vertex 5.38708 1.34438 0.0128326
      vertex 6 1.30421 0.0128326
    endloop
  endfacet
  facet normal -0.0210693 -0.0620666 -0.99785
    outer loop
      vertex 4.78464 1.46422 0.0128326
      vertex 4.27793 1.84254 0
      vertex 4.83531 1.65333 0
    endloop
  endfacet
  facet normal -0.10855 -0.545708 -0.830915
    outer loop
      vertex 5.29344 0.633168 0.30997
      vertex 4.59898 0.771307 0.30997
      vertex 4.6412 0.92889 0.200961
    endloop
  endfacet
  facet normal -0.00428675 -0.0654002 -0.99785
    outer loop
      vertex 6 1.5 0
      vertex 5.38708 1.34438 0.0128326
      vertex 5.41263 1.5385 0
    endloop
  endfacet
  facet normal -0.195956 -0.39735 -0.896501
    outer loop
      vertex 3.99091 1.14963 0.200961
      vertex 3.375 1.45337 0.200961
      vertex 3.46299 1.60577 0.114181
    endloop
  endfacet
  facet normal -0.246141 -0.368376 -0.896501
    outer loop
      vertex 3.375 1.45337 0.200961
      vertex 2.804 1.8349 0.200961
      vertex 3.46299 1.60577 0.114181
    endloop
  endfacet
  facet normal -0.0628309 -0.315882 -0.946716
    outer loop
      vertex 5.36196 1.15359 0.0511112
      vertex 4.68675 1.09887 0.114181
      vertex 4.73483 1.27833 0.0511112
    endloop
  endfacet
  facet normal -0.0210636 -0.321374 -0.946718
    outer loop
      vertex 6 0.925976 0.114181
      vertex 5.33771 0.969384 0.114181
      vertex 6 1.11177 0.0511112
    endloop
  endfacet
  facet normal -0.212196 -0.625113 -0.751137
    outer loop
      vertex 4.5608 0.628816 0.43934
      vertex 3.87203 0.86262 0.43934
      vertex 3.92848 0.998909 0.30997
    endloop
  endfacet
  facet normal -0.332842 -0.674931 -0.658547
    outer loop
      vertex 3.82252 0.743098 0.586858
      vertex 3.15499 1.07229 0.586858
      vertex 3.21967 1.18433 0.43934
    endloop
  endfacet
  facet normal -0.366765 -0.548894 -0.751131
    outer loop
      vertex 3.21967 1.18433 0.43934
      vertex 2.70469 1.70547 0.30997
      vertex 3.29343 1.31208 0.30997
    endloop
  endfacet
  facet normal -0.291978 -0.592074 -0.751131
    outer loop
      vertex 3.92848 0.998909 0.30997
      vertex 3.21967 1.18433 0.43934
      vertex 3.29343 1.31208 0.30997
    endloop
  endfacet
  facet normal -0.175047 -0.880012 -0.441517
    outer loop
      vertex 5.23175 0.164536 0.925975
      vertex 4.4991 0.39856 0.75
      vertex 5.24307 0.250574 0.75
    endloop
  endfacet
  facet normal -0.16232 -0.816032 -0.554747
    outer loop
      vertex 5.24307 0.250574 0.75
      vertex 4.4991 0.39856 0.75
      vertex 5.2573 0.358649 0.586858
    endloop
  endfacet
  facet normal -0.304449 -0.896873 -0.320828
    outer loop
      vertex 4.46031 0.253816 1.11177
      vertex 3.72346 0.503944 1.11177
      vertex 4.47664 0.314735 0.925975
    endloop
  endfacet
  facet normal -0.396846 -0.804719 -0.441522
    outer loop
      vertex 3.74759 0.562213 0.925975
      vertex 3.05709 0.902732 0.925975
      vertex 3.7808 0.642387 0.75
    endloop
  endfacet
  facet normal -0.241892 -0.712597 -0.658554
    outer loop
      vertex 4.52731 0.503854 0.586858
      vertex 3.87203 0.86262 0.43934
      vertex 4.5608 0.628816 0.43934
    endloop
  endfacet
  facet normal -0.146813 -0.738076 -0.658551
    outer loop
      vertex 5.2573 0.358649 0.586858
      vertex 4.52731 0.503854 0.586858
      vertex 4.5608 0.628816 0.43934
    endloop
  endfacet
  facet normal -0.0289888 -0.0587833 -0.99785
    outer loop
      vertex 4.203 1.66166 0.0128326
      vertex 3.65211 1.93333 0.0128326
      vertex 3.75 2.10289 0
    endloop
  endfacet
  facet normal -0.0364138 -0.0544982 -0.99785
    outer loop
      vertex 3.75 2.10289 0
      vertex 3.14139 2.27458 0.0128326
      vertex 3.26057 2.42991 0
    endloop
  endfacet
  facet normal -0.146974 -0.128894 -0.980706
    outer loop
      vertex 2.5435 2.5435 0.0511112
      vertex 2.27458 3.14139 0.0128326
      vertex 2.67958 2.67958 0.0128326
    endloop
  endfacet
  facet normal -0.0492785 -0.0432165 -0.99785
    outer loop
      vertex 2.67958 2.67958 0.0128326
      vertex 2.27458 3.14139 0.0128326
      vertex 2.81802 2.81802 0
    endloop
  endfacet
  facet normal 0.657956 -0.750246 -0.0649999
    outer loop
      vertex 44.5146 1.75736 1.5
      vertex 43.9168 1.25006 1.30421
      vertex 44.5056 1.76643 1.30421
    endloop
  endfacet
  facet normal 0.646718 -0.737432 -0.194805
    outer loop
      vertex 44.5056 1.76643 1.30421
      vertex 43.9168 1.25006 1.30421
      vertex 44.4785 1.7935 1.11177
    endloop
  endfacet
  facet normal 0.879733 -0.433879 -0.194469
    outer loop
      vertex 45.457 3.00642 1.30421
      vertex 45.4239 3.02556 1.11177
      vertex 45.7681 3.72346 1.11177
    endloop
  endfacet
  facet normal 0.804643 -0.39681 -0.441692
    outer loop
      vertex 45.3693 3.05709 0.925975
      vertex 45.2941 3.10048 0.75
      vertex 45.6296 3.7808 0.75
    endloop
  endfacet
  facet normal 0.75022 -0.657953 -0.0653295
    outer loop
      vertex 45.0321 2.34743 1.5
      vertex 44.5146 1.75736 1.5
      vertex 45.0219 2.35524 1.30421
    endloop
  endfacet
  facet normal 0.750297 -0.657901 -0.0649667
    outer loop
      vertex 44.5146 1.75736 1.5
      vertex 44.5056 1.76643 1.30421
      vertex 45.0219 2.35524 1.30421
    endloop
  endfacet
  facet normal 0.804685 -0.396807 -0.441618
    outer loop
      vertex 45.7098 3.74759 0.925975
      vertex 45.3693 3.05709 0.925975
      vertex 45.6296 3.7808 0.75
    endloop
  endfacet
  facet normal 0.849435 -0.418874 -0.320942
    outer loop
      vertex 45.7681 3.72346 1.11177
      vertex 45.3693 3.05709 0.925975
      vertex 45.7098 3.74759 0.925975
    endloop
  endfacet
  facet normal 0.945063 -0.0619502 -0.320964
    outer loop
      vertex 46.17 5.22351 1.11177
      vertex 46.1578 6 0.925975
      vertex 46.2209 6 1.11177
    endloop
  endfacet
  facet normal 0.978744 -0.064158 -0.194793
    outer loop
      vertex 46.2592 6 1.30421
      vertex 46.17 5.22351 1.11177
      vertex 46.2209 6 1.11177
    endloop
  endfacet
  facet normal 0.162579 -0.108647 -0.980696
    outer loop
      vertex 44.5053 3.55589 0.0511112
      vertex 43.9974 3.14139 0.0128326
      vertex 44.3387 3.65211 0.0128326
    endloop
  endfacet
  facet normal 0.175378 -0.0864856 -0.980695
    outer loop
      vertex 44.5053 3.55589 0.0511112
      vertex 44.3387 3.65211 0.0128326
      vertex 44.7881 4.12936 0.0511112
    endloop
  endfacet
  facet normal 0.625093 -0.212187 -0.751156
    outer loop
      vertex 45.6432 4.5608 0.43934
      vertex 45.2731 3.92848 0.30997
      vertex 45.5007 4.59898 0.30997
    endloop
  endfacet
  facet normal 0.288781 -0.142433 -0.946741
    outer loop
      vertex 44.9598 4.05826 0.114181
      vertex 44.6662 3.46299 0.114181
      vertex 44.7881 4.12936 0.0511112
    endloop
  endfacet
  facet normal 0.879889 -0.175039 -0.441766
    outer loop
      vertex 46.1075 5.23175 0.925975
      vertex 45.8734 4.4991 0.75
      vertex 46.0214 5.24307 0.75
    endloop
  endfacet
  facet normal 0.849505 -0.288333 -0.441821
    outer loop
      vertex 45.9573 4.47664 0.925975
      vertex 45.6296 3.7808 0.75
      vertex 45.8734 4.4991 0.75
    endloop
  endfacet
  facet normal 0.499044 -0.246155 -0.83088
    outer loop
      vertex 45.2731 3.92848 0.30997
      vertex 44.8186 3.375 0.200961
      vertex 45.1224 3.99091 0.200961
    endloop
  endfacet
  facet normal 0.746215 -0.367996 -0.554745
    outer loop
      vertex 45.2941 3.10048 0.75
      vertex 45.1997 3.15499 0.586858
      vertex 45.6296 3.7808 0.75
    endloop
  endfacet
  facet normal 0.433816 -0.879686 -0.194823
    outer loop
      vertex 43.2656 0.814961 1.30421
      vertex 42.5485 0.503944 1.11177
      vertex 43.2464 0.848112 1.11177
    endloop
  endfacet
  facet normal 0.441343 -0.894965 -0.0652247
    outer loop
      vertex 43.272 0.803848 1.5
      vertex 42.5632 0.468579 1.30421
      vertex 43.2656 0.814961 1.30421
    endloop
  endfacet
  facet normal 0.498482 -0.746025 -0.441545
    outer loop
      vertex 43.2149 0.902732 0.925975
      vertex 43.1715 0.977886 0.75
      vertex 43.8022 1.39931 0.75
    endloop
  endfacet
  facet normal 0.396851 -0.804705 -0.441541
    outer loop
      vertex 43.2149 0.902732 0.925975
      vertex 42.4912 0.642387 0.75
      vertex 43.1715 0.977886 0.75
    endloop
  endfacet
  facet normal 0.712076 -0.624504 -0.320846
    outer loop
      vertex 44.4785 1.7935 1.11177
      vertex 44.4339 1.8381 0.925975
      vertex 44.9916 2.37855 1.11177
    endloop
  endfacet
  facet normal 0.624514 -0.712068 -0.320846
    outer loop
      vertex 44.4785 1.7935 1.11177
      vertex 43.8935 1.28043 1.11177
      vertex 44.4339 1.8381 0.925975
    endloop
  endfacet
  facet normal 0.674518 -0.591598 -0.44163
    outer loop
      vertex 44.4339 1.8381 0.925975
      vertex 44.3725 1.89946 0.75
      vertex 44.8727 2.46977 0.75
    endloop
  endfacet
  facet normal 0.548677 -0.625633 -0.55456
    outer loop
      vertex 44.3725 1.89946 0.75
      vertex 43.8022 1.39931 0.75
      vertex 44.2955 1.97654 0.586858
    endloop
  endfacet
  facet normal 0.691774 -0.462218 -0.5548
    outer loop
      vertex 44.8727 2.46977 0.75
      vertex 44.7862 2.53613 0.586858
      vertex 45.1997 3.15499 0.586858
    endloop
  endfacet
  facet normal 0.745987 -0.49842 -0.44168
    outer loop
      vertex 45.3693 3.05709 0.925975
      vertex 44.8727 2.46977 0.75
      vertex 45.2941 3.10048 0.75
    endloop
  endfacet
  facet normal 0.548803 -0.366714 -0.751223
    outer loop
      vertex 45.0877 3.21967 0.43934
      vertex 44.5665 2.70469 0.30997
      vertex 44.9599 3.29343 0.30997
    endloop
  endfacet
  facet normal 0.591961 -0.291949 -0.751231
    outer loop
      vertex 45.0877 3.21967 0.43934
      vertex 44.9599 3.29343 0.30997
      vertex 45.2731 3.92848 0.30997
    endloop
  endfacet
  facet normal 0.31531 -0.928805 -0.19468
    outer loop
      vertex 41.8216 0.216841 1.30421
      vertex 41.8117 0.253816 1.11177
      vertex 42.5485 0.503944 1.11177
    endloop
  endfacet
  facet normal 0.191359 -0.962019 -0.194685
    outer loop
      vertex 41.8216 0.216841 1.30421
      vertex 41.0485 0.102005 1.11177
      vertex 41.8117 0.253816 1.11177
    endloop
  endfacet
  facet normal -0.498494 -0.746043 -0.441501
    outer loop
      vertex 3.05709 0.902732 0.925975
      vertex 2.41694 1.33047 0.925975
      vertex 2.46977 1.39931 0.75
    endloop
  endfacet
  facet normal -0.591605 -0.674595 -0.441504
    outer loop
      vertex 2.41694 1.33047 0.925975
      vertex 1.8381 1.8381 0.925975
      vertex 2.46977 1.39931 0.75
    endloop
  endfacet
  facet normal -0.96206 0.191144 -0.194691
    outer loop
      vertex 0.102005 112.972 1.11177
      vertex 0.0640545 112.977 1.30421
      vertex 0.216841 113.746 1.30421
    endloop
  endfacet
  facet normal -0.978727 0.19462 -0.0649429
    outer loop
      vertex 0.216841 113.746 1.30421
      vertex 0.0513315 112.979 1.5
      vertex 0.204446 113.749 1.5
    endloop
  endfacet
  facet normal -0.816137 0.162334 -0.554588
    outer loop
      vertex 0.358649 112.939 0.586858
      vertex 0.250574 112.953 0.75
      vertex 0.39856 113.697 0.75
    endloop
  endfacet
  facet normal -0.895372 0.0586806 -0.441435
    outer loop
      vertex 0.200962 112.196 0.75
      vertex 0.164536 112.964 0.925975
      vertex 0.250574 112.953 0.75
    endloop
  endfacet
  facet normal -0.895329 0.0587023 -0.441521
    outer loop
      vertex 0.200962 112.196 0.75
      vertex 0.114182 112.196 0.925975
      vertex 0.164536 112.964 0.925975
    endloop
  endfacet
  facet normal -0.945131 0.0619676 -0.320761
    outer loop
      vertex 0.114182 112.196 0.925975
      vertex 0.102005 112.972 1.11177
      vertex 0.164536 112.964 0.925975
    endloop
  endfacet
  facet normal -0.162545 -0.108608 -0.980706
    outer loop
      vertex 2.27458 3.14139 0.0128326
      vertex 1.76667 3.55589 0.0511112
      vertex 1.93333 3.65211 0.0128326
    endloop
  endfacet
  facet normal -0.175331 -0.0864623 -0.980706
    outer loop
      vertex 1.76667 3.55589 0.0511112
      vertex 1.48387 4.12936 0.0511112
      vertex 1.93333 3.65211 0.0128326
    endloop
  endfacet
  facet normal -0.746209 -0.367992 -0.554756
    outer loop
      vertex 1.07229 3.15499 0.586858
      vertex 0.642387 3.7808 0.75
      vertex 0.743098 3.82252 0.586858
    endloop
  endfacet
  facet normal -0.434529 -0.0864345 -0.896501
    outer loop
      vertex 1.09887 4.68675 0.114181
      vertex 0.92889 4.6412 0.200961
      vertex 0.969384 5.33771 0.114181
    endloop
  endfacet
  facet normal -0.647529 0.128889 -0.751062
    outer loop
      vertex 0.633168 112.903 0.30997
      vertex 0.628816 113.635 0.43934
      vertex 0.771307 113.597 0.30997
    endloop
  endfacet
  facet normal -0.555209 0.0363666 -0.830916
    outer loop
      vertex 0.75 112.196 0.200961
      vertex 0.586859 112.196 0.30997
      vertex 0.633168 112.903 0.30997
    endloop
  endfacet
  facet normal -0.658732 0.0431474 -0.751139
    outer loop
      vertex 0.586859 112.196 0.30997
      vertex 0.439341 112.196 0.43934
      vertex 0.633168 112.903 0.30997
    endloop
  endfacet
  facet normal -0.419236 0.142372 -0.896645
    outer loop
      vertex 1.09887 113.509 0.114181
      vertex 0.92889 113.555 0.200961
      vertex 1.14963 114.205 0.200961
    endloop
  endfacet
  facet normal -0.52644 0.178779 -0.831203
    outer loop
      vertex 1.14963 114.205 0.200961
      vertex 0.92889 113.555 0.200961
      vertex 0.998909 114.268 0.30997
    endloop
  endfacet
  facet normal -0.434531 0.0863743 -0.896506
    outer loop
      vertex 0.969384 112.858 0.114181
      vertex 0.794915 112.881 0.200961
      vertex 0.92889 113.555 0.200961
    endloop
  endfacet
  facet normal -0.442096 0.0289886 -0.896499
    outer loop
      vertex 0.925976 112.196 0.114181
      vertex 0.75 112.196 0.200961
      vertex 0.969384 112.858 0.114181
    endloop
  endfacet
  facet normal -0.06539 0.00428878 -0.997851
    outer loop
      vertex 1.5 112.196 0
      vertex 1.34438 112.809 0.0128326
      vertex 1.5385 112.783 0
    endloop
  endfacet
  facet normal -0.0654017 0.00428579 -0.99785
    outer loop
      vertex 1.5 112.196 0
      vertex 1.30421 112.196 0.0128326
      vertex 1.34438 112.809 0.0128326
    endloop
  endfacet
  facet normal -0.288738 0.142505 -0.946743
    outer loop
      vertex 1.76667 114.64 0.0511112
      vertex 1.48387 114.067 0.0511112
      vertex 1.60577 114.733 0.114181
    endloop
  endfacet
  facet normal -0.267734 0.178848 -0.946748
    outer loop
      vertex 1.76667 114.64 0.0511112
      vertex 1.60577 114.733 0.114181
      vertex 1.97451 115.285 0.114181
    endloop
  endfacet
  facet normal -0.185027 0.0627692 -0.980727
    outer loop
      vertex 1.66166 113.993 0.0128326
      vertex 1.46422 113.411 0.0128326
      vertex 1.48387 114.067 0.0511112
    endloop
  endfacet
  facet normal -0.0587713 0.0289771 -0.997851
    outer loop
      vertex 2.10289 114.446 0
      vertex 1.66166 113.993 0.0128326
      vertex 1.93333 114.544 0.0128326
    endloop
  endfacet
  facet normal -0.191692 0.0381365 -0.980714
    outer loop
      vertex 1.46422 113.411 0.0128326
      vertex 1.15359 112.834 0.0511112
      vertex 1.27833 113.461 0.0511112
    endloop
  endfacet
  facet normal -0.315903 0.0628481 -0.946708
    outer loop
      vertex 1.15359 112.834 0.0511112
      vertex 1.09887 113.509 0.114181
      vertex 1.27833 113.461 0.0511112
    endloop
  endfacet
  facet normal -0.211707 0.241748 -0.946963
    outer loop
      vertex 2.5435 115.652 0.0511112
      vertex 2.41212 115.784 0.114181
      vertex 2.91113 116.221 0.114181
    endloop
  endfacet
  facet normal -0.241656 0.211926 -0.946937
    outer loop
      vertex 2.5435 115.652 0.0511112
      vertex 1.97451 115.285 0.114181
      vertex 2.41212 115.784 0.114181
    endloop
  endfacet
  facet normal -0.242138 -0.212345 -0.94672
    outer loop
      vertex 2.5435 2.5435 0.0511112
      vertex 1.97451 2.91113 0.114181
      vertex 2.12191 3.02424 0.0511112
    endloop
  endfacet
  facet normal -0.67493 -0.33284 -0.658549
    outer loop
      vertex 1.18433 3.21967 0.43934
      vertex 0.743098 3.82252 0.586858
      vertex 0.86262 3.87203 0.43934
    endloop
  endfacet
  facet normal -0.0620652 -0.0210683 -0.99785
    outer loop
      vertex 1.66166 4.203 0.0128326
      vertex 1.46422 4.78464 0.0128326
      vertex 1.84254 4.27793 0
    endloop
  endfacet
  facet normal -0.18512 -0.0628397 -0.980705
    outer loop
      vertex 1.48387 4.12936 0.0511112
      vertex 1.46422 4.78464 0.0128326
      vertex 1.66166 4.203 0.0128326
    endloop
  endfacet
  facet normal -0.829838 0.554113 -0.0657881
    outer loop
      vertex 1.25006 115.841 1.30421
      vertex 0.803848 115.196 1.5
      vertex 1.23988 115.849 1.5
    endloop
  endfacet
  facet normal -0.880108 0.433647 -0.193287
    outer loop
      vertex 0.503944 114.473 1.11177
      vertex 0.468579 114.487 1.30421
      vertex 0.814961 115.19 1.30421
    endloop
  endfacet
  facet normal -0.804998 0.396696 -0.441147
    outer loop
      vertex 0.642387 114.415 0.75
      vertex 0.562213 114.448 0.925975
      vertex 0.902732 115.139 0.925975
    endloop
  endfacet
  facet normal -0.849048 0.418404 -0.322577
    outer loop
      vertex 0.562213 114.448 0.925975
      vertex 0.503944 114.473 1.11177
      vertex 0.902732 115.139 0.925975
    endloop
  endfacet
  facet normal -0.944824 0.320982 -0.0654106
    outer loop
      vertex 0.468579 114.487 1.30421
      vertex 0.216841 113.746 1.30421
      vertex 0.456723 114.492 1.5
    endloop
  endfacet
  facet normal -0.895166 0.441066 -0.064326
    outer loop
      vertex 0.814961 115.19 1.30421
      vertex 0.468579 114.487 1.30421
      vertex 0.803848 115.196 1.5
    endloop
  endfacet
  facet normal -0.548715 0.366506 -0.751389
    outer loop
      vertex 1.70547 115.491 0.30997
      vertex 1.18433 114.976 0.43934
      vertex 1.58843 115.581 0.43934
    endloop
  endfacet
  facet normal -0.549582 0.367688 -0.750177
    outer loop
      vertex 1.31208 114.903 0.30997
      vertex 1.18433 114.976 0.43934
      vertex 1.70547 115.491 0.30997
    endloop
  endfacet
  facet normal -0.624808 0.547281 -0.556865
    outer loop
      vertex 1.97654 116.219 0.586858
      vertex 1.39931 115.726 0.75
      vertex 1.89946 116.297 0.75
    endloop
  endfacet
  facet normal -0.625678 0.549276 -0.553917
    outer loop
      vertex 1.4858 115.66 0.586858
      vertex 1.39931 115.726 0.75
      vertex 1.97654 116.219 0.586858
    endloop
  endfacet
  facet normal -0.435723 0.496705 -0.750619
    outer loop
      vertex 2.17233 116.024 0.30997
      vertex 2.06802 116.128 0.43934
      vertex 2.70469 116.491 0.30997
    endloop
  endfacet
  facet normal -0.435526 0.4962 -0.751068
    outer loop
      vertex 2.70469 116.491 0.30997
      vertex 2.06802 116.128 0.43934
      vertex 2.61489 116.608 0.43934
    endloop
  endfacet
  facet normal -0.368807 0.746745 -0.553492
    outer loop
      vertex 3.15499 117.124 0.586858
      vertex 3.10048 117.218 0.75
      vertex 3.7808 117.554 0.75
    endloop
  endfacet
  facet normal -0.462351 0.692659 -0.553584
    outer loop
      vertex 3.15499 117.124 0.586858
      vertex 2.46977 116.797 0.75
      vertex 3.10048 117.218 0.75
    endloop
  endfacet
  facet normal 0.544776 0.816029 -0.193173
    outer loop
      vertex 43.8935 116.916 1.11177
      vertex 43.2464 117.348 1.11177
      vertex 43.9168 116.946 1.30421
    endloop
  endfacet
  facet normal 0.554368 0.829771 -0.0644659
    outer loop
      vertex 43.9168 116.946 1.30421
      vertex 43.272 117.392 1.5
      vertex 43.9246 116.956 1.5
    endloop
  endfacet
  facet normal 0 0.65813 -0.752904
    outer loop
      vertex 6 117.609 0.30997
      vertex 40.272 117.757 0.43934
      vertex 40.272 117.609 0.30997
    endloop
  endfacet
  facet normal 0 0.65813 -0.752904
    outer loop
      vertex 40.272 117.757 0.43934
      vertex 6 117.609 0.30997
      vertex 6 117.757 0.43934
    endloop
  endfacet
  facet normal 0.0628314 0.31464 -0.947129
    outer loop
      vertex 41.5853 117.097 0.114181
      vertex 40.91 117.042 0.0511112
      vertex 40.9343 117.227 0.114181
    endloop
  endfacet
  facet normal 0.0626052 0.316661 -0.94647
    outer loop
      vertex 41.5372 116.918 0.0511112
      vertex 40.91 117.042 0.0511112
      vertex 41.5853 117.097 0.114181
    endloop
  endfacet
  facet normal 0.44216 0.896936 -0
    outer loop
      vertex 43.272 117.392 1.5
      vertex 42.5681 117.739 7
      vertex 43.272 117.392 7
    endloop
  endfacet
  facet normal 0.44216 0.896936 0
    outer loop
      vertex 42.5681 117.739 7
      vertex 43.272 117.392 1.5
      vertex 42.5681 117.739 1.5
    endloop
  endfacet
  facet normal 0.315158 0.928832 -0.194798
    outer loop
      vertex 42.5485 117.692 1.11177
      vertex 41.8117 117.942 1.11177
      vertex 41.8216 117.979 1.30421
    endloop
  endfacet
  facet normal 0.525626 0.787344 -0.322189
    outer loop
      vertex 43.8935 116.916 1.11177
      vertex 43.2149 117.293 0.925975
      vertex 43.2464 117.348 1.11177
    endloop
  endfacet
  facet normal 0.525575 0.787993 -0.320685
    outer loop
      vertex 43.8551 116.866 0.925975
      vertex 43.2149 117.293 0.925975
      vertex 43.8935 116.916 1.11177
    endloop
  endfacet
  facet normal 0.19492 0.978551 -0.0666659
    outer loop
      vertex 41.8216 117.979 1.30421
      vertex 41.0535 118.132 1.30421
      vertex 41.0552 118.145 1.5
    endloop
  endfacet
  facet normal 0.19451 0.978523 -0.0682501
    outer loop
      vertex 41.8216 117.979 1.30421
      vertex 41.0552 118.145 1.5
      vertex 41.8249 117.992 1.5
    endloop
  endfacet
  facet normal 0.417399 0.366276 -0.831637
    outer loop
      vertex 44.4371 115.392 0.200961
      vertex 43.9843 115.908 0.200961
      vertex 44.0997 116.024 0.30997
    endloop
  endfacet
  facet normal 0.548202 0.624794 -0.555975
    outer loop
      vertex 44.2955 116.219 0.586858
      vertex 43.7359 116.71 0.586858
      vertex 43.8022 116.797 0.75
    endloop
  endfacet
  facet normal 0.315684 0.929013 -0.193078
    outer loop
      vertex 42.5485 117.692 1.11177
      vertex 41.8216 117.979 1.30421
      vertex 42.5632 117.727 1.30421
    endloop
  endfacet
  facet normal 0.32151 0.944452 -0.0681284
    outer loop
      vertex 42.5681 117.739 1.5
      vertex 41.8216 117.979 1.30421
      vertex 41.8249 117.992 1.5
    endloop
  endfacet
  facet normal -0.184976 0.928773 -0.321192
    outer loop
      vertex 4.47664 117.881 0.925975
      vertex 4.46031 117.942 1.11177
      vertex 5.22351 118.094 1.11177
    endloop
  endfacet
  facet normal -0.1844 0.928281 -0.322943
    outer loop
      vertex 5.23175 118.031 0.925975
      vertex 4.47664 117.881 0.925975
      vertex 5.22351 118.094 1.11177
    endloop
  endfacet
  facet normal -0.0620816 0.94521 -0.320505
    outer loop
      vertex 6 118.082 0.925975
      vertex 5.22351 118.094 1.11177
      vertex 6 118.145 1.11177
    endloop
  endfacet
  facet normal 0 0.947037 -0.321125
    outer loop
      vertex 40.272 118.082 0.925975
      vertex 6 118.145 1.11177
      vertex 40.272 118.145 1.11177
    endloop
  endfacet
  facet normal 0 0.947037 -0.321125
    outer loop
      vertex 6 118.145 1.11177
      vertex 40.272 118.082 0.925975
      vertex 6 118.082 0.925975
    endloop
  endfacet
  facet normal 0.0862136 0.175259 -0.98074
    outer loop
      vertex 42.6199 116.263 0.0128326
      vertex 42.069 116.534 0.0128326
      vertex 42.1426 116.712 0.0511112
    endloop
  endfacet
  facet normal 0.0127593 0.195504 -0.98062
    outer loop
      vertex 40.8849 116.852 0.0128326
      vertex 40.272 116.892 0.0128326
      vertex 40.272 117.084 0.0511112
    endloop
  endfacet
  facet normal 0.0211594 0.0620751 -0.997847
    outer loop
      vertex 41.9941 116.353 0
      vertex 41.4367 116.543 0
      vertex 41.4874 116.732 0.0128326
    endloop
  endfacet
  facet normal 0.038337 0.192483 -0.980551
    outer loop
      vertex 41.4874 116.732 0.0128326
      vertex 40.8849 116.852 0.0128326
      vertex 40.91 117.042 0.0511112
    endloop
  endfacet
  facet normal 0.00423398 0.0654485 -0.997847
    outer loop
      vertex 40.8594 116.658 0
      vertex 40.272 116.696 0
      vertex 40.8849 116.852 0.0128326
    endloop
  endfacet
  facet normal 0.592714 0.292344 -0.750483
    outer loop
      vertex 45.2731 114.268 0.30997
      vertex 44.9599 114.903 0.30997
      vertex 45.0877 114.976 0.43934
    endloop
  endfacet
  facet normal 0.692215 0.462408 -0.554091
    outer loop
      vertex 45.1997 115.041 0.586858
      vertex 44.7862 115.66 0.586858
      vertex 44.8727 115.726 0.75
    endloop
  endfacet
  facet normal 0.880034 0.175074 -0.441463
    outer loop
      vertex 46.1075 112.964 0.925975
      vertex 45.8734 113.697 0.75
      vertex 45.9573 113.719 0.925975
    endloop
  endfacet
  facet normal 0.849753 0.288537 -0.441211
    outer loop
      vertex 45.8734 113.697 0.75
      vertex 45.6296 114.415 0.75
      vertex 45.9573 113.719 0.925975
    endloop
  endfacet
  facet normal 0.815138 0.544803 -0.196826
    outer loop
      vertex 45.4239 115.17 1.11177
      vertex 45.0219 115.841 1.30421
      vertex 45.457 115.19 1.30421
    endloop
  endfacet
  facet normal 0.88015 0.43369 -0.193
    outer loop
      vertex 45.7681 114.473 1.11177
      vertex 45.457 115.19 1.30421
      vertex 45.8034 114.487 1.30421
    endloop
  endfacet
  facet normal 0.196636 0.398155 -0.895995
    outer loop
      vertex 42.809 116.59 0.114181
      vertex 42.2137 116.884 0.114181
      vertex 42.2811 117.046 0.200961
    endloop
  endfacet
  facet normal 0.24579 0.367398 -0.896998
    outer loop
      vertex 43.468 116.361 0.200961
      vertex 42.809 116.59 0.114181
      vertex 42.897 116.743 0.200961
    endloop
  endfacet
  facet normal 0.0491695 0.0430761 -0.997861
    outer loop
      vertex 43.8421 114.935 0
      vertex 43.454 115.378 0
      vertex 43.9974 115.055 0.0128326
    endloop
  endfacet
  facet normal 0.211696 0.24173 -0.94697
    outer loop
      vertex 43.7285 115.652 0.0511112
      vertex 43.3609 116.221 0.114181
      vertex 43.8599 115.784 0.114181
    endloop
  endfacet
  facet normal 0.195099 0.396573 -0.897032
    outer loop
      vertex 42.809 116.59 0.114181
      vertex 42.2811 117.046 0.200961
      vertex 42.897 116.743 0.200961
    endloop
  endfacet
  facet normal 0.142403 0.288341 -0.94688
    outer loop
      vertex 42.809 116.59 0.114181
      vertex 42.1426 116.712 0.0511112
      vertex 42.2137 116.884 0.114181
    endloop
  endfacet
  facet normal 0.657701 0.750493 -0.0647313
    outer loop
      vertex 44.5056 116.43 1.30421
      vertex 43.9168 116.946 1.30421
      vertex 44.5146 116.439 1.5
    endloop
  endfacet
  facet normal 0.750414 0.657791 -0.0647318
    outer loop
      vertex 45.0219 115.841 1.30421
      vertex 44.5056 116.43 1.30421
      vertex 44.5146 116.439 1.5
    endloop
  endfacet
  facet normal 0.291613 0.591703 -0.751564
    outer loop
      vertex 42.9786 116.884 0.30997
      vertex 42.3435 117.197 0.30997
      vertex 43.0523 117.012 0.43934
    endloop
  endfacet
  facet normal 0.497161 0.566453 -0.657238
    outer loop
      vertex 44.204 116.128 0.43934
      vertex 43.6571 116.608 0.43934
      vertex 43.7359 116.71 0.586858
    endloop
  endfacet
  facet normal 0.624886 0.547405 -0.556655
    outer loop
      vertex 44.8727 115.726 0.75
      vertex 44.2955 116.219 0.586858
      vertex 44.3725 116.297 0.75
    endloop
  endfacet
  facet normal 0.547512 0.624492 -0.556992
    outer loop
      vertex 44.2955 116.219 0.586858
      vertex 43.8022 116.797 0.75
      vertex 44.3725 116.297 0.75
    endloop
  endfacet
  facet normal 0.321407 0.0210577 -0.946707
    outer loop
      vertex 45.1602 112.196 0.0511112
      vertex 45.1184 112.834 0.0511112
      vertex 45.3026 112.858 0.114181
    endloop
  endfacet
  facet normal 0.321364 0.0210683 -0.946721
    outer loop
      vertex 45.346 112.196 0.114181
      vertex 45.1602 112.196 0.0511112
      vertex 45.3026 112.858 0.114181
    endloop
  endfacet
  facet normal 0.498524 0.245863 -0.831279
    outer loop
      vertex 45.1224 114.205 0.200961
      vertex 44.8186 114.821 0.200961
      vertex 45.2731 114.268 0.30997
    endloop
  endfacet
  facet normal 0.397338 0.19596 -0.896506
    outer loop
      vertex 45.1224 114.205 0.200961
      vertex 44.6662 114.733 0.114181
      vertex 44.8186 114.821 0.200961
    endloop
  endfacet
  facet normal 0.267742 0.178834 -0.946748
    outer loop
      vertex 44.5053 114.64 0.0511112
      vertex 44.2975 115.285 0.114181
      vertex 44.6662 114.733 0.114181
    endloop
  endfacet
  facet normal 0.128797 0.146713 -0.980758
    outer loop
      vertex 43.7285 115.652 0.0511112
      vertex 43.1306 115.921 0.0128326
      vertex 43.2478 116.074 0.0511112
    endloop
  endfacet
  facet normal 0 0.442233 -0.8969
    outer loop
      vertex 6 117.27 0.114181
      vertex 40.272 117.446 0.200961
      vertex 40.272 117.27 0.114181
    endloop
  endfacet
  facet normal 0 0.442233 -0.8969
    outer loop
      vertex 40.272 117.446 0.200961
      vertex 6 117.27 0.114181
      vertex 6 117.446 0.200961
    endloop
  endfacet
  facet normal -0.142549 0.41945 -0.896516
    outer loop
      vertex 4.68675 117.097 0.114181
      vertex 3.99091 117.046 0.200961
      vertex 4.6412 117.267 0.200961
    endloop
  endfacet
  facet normal -0.0210733 0.320134 -0.947138
    outer loop
      vertex 5.36196 117.042 0.0511112
      vertex 5.33771 117.227 0.114181
      vertex 6 117.084 0.0511112
    endloop
  endfacet
  facet normal -0.0867533 0.434407 -0.896529
    outer loop
      vertex 4.68675 117.097 0.114181
      vertex 4.6412 117.267 0.200961
      vertex 5.33771 117.227 0.114181
    endloop
  endfacet
  facet normal -0.0628381 0.314655 -0.947124
    outer loop
      vertex 5.36196 117.042 0.0511112
      vertex 4.68675 117.097 0.114181
      vertex 5.33771 117.227 0.114181
    endloop
  endfacet
  facet normal -0.0364033 0.0543623 -0.997857
    outer loop
      vertex 3.75 116.093 0
      vertex 3.14139 115.921 0.0128326
      vertex 3.65211 116.263 0.0128326
    endloop
  endfacet
  facet normal -0.10908 0.162893 -0.980596
    outer loop
      vertex 3.65211 116.263 0.0128326
      vertex 3.14139 115.921 0.0128326
      vertex 3.55589 116.429 0.0511112
    endloop
  endfacet
  facet normal -0.333228 0.292232 -0.896415
    outer loop
      vertex 1.97451 115.285 0.114181
      vertex 1.8349 115.392 0.200961
      vertex 2.41212 115.784 0.114181
    endloop
  endfacet
  facet normal -0.333448 0.2926 -0.896213
    outer loop
      vertex 2.41212 115.784 0.114181
      vertex 1.8349 115.392 0.200961
      vertex 2.28769 115.908 0.200961
    endloop
  endfacet
  facet normal -0.195101 0.396582 -0.897027
    outer loop
      vertex 3.46299 116.59 0.114181
      vertex 3.375 116.743 0.200961
      vertex 3.99091 117.046 0.200961
    endloop
  endfacet
  facet normal -0.179135 0.268273 -0.946541
    outer loop
      vertex 3.02424 116.074 0.0511112
      vertex 2.91113 116.221 0.114181
      vertex 3.55589 116.429 0.0511112
    endloop
  endfacet
  facet normal -0.291739 0.592893 -0.750577
    outer loop
      vertex 3.92848 117.197 0.30997
      vertex 3.21967 117.012 0.43934
      vertex 3.87203 117.333 0.43934
    endloop
  endfacet
  facet normal -0.331762 0.674232 -0.659807
    outer loop
      vertex 3.87203 117.333 0.43934
      vertex 3.21967 117.012 0.43934
      vertex 3.82252 117.453 0.586858
    endloop
  endfacet
  facet normal -0.142461 0.288682 -0.946767
    outer loop
      vertex 3.55589 116.429 0.0511112
      vertex 3.46299 116.59 0.114181
      vertex 4.12936 116.712 0.0511112
    endloop
  endfacet
  facet normal -0.178947 0.267626 -0.94676
    outer loop
      vertex 3.55589 116.429 0.0511112
      vertex 2.91113 116.221 0.114181
      vertex 3.46299 116.59 0.114181
    endloop
  endfacet
  facet normal 0.0643366 0.0127783 -0.997846
    outer loop
      vertex 44.7335 112.783 0
      vertex 44.6187 113.361 0
      vertex 44.8078 113.411 0.0128326
    endloop
  endfacet
  facet normal 0.0642584 0.0127876 -0.997851
    outer loop
      vertex 44.9276 112.809 0.0128326
      vertex 44.7335 112.783 0
      vertex 44.8078 113.411 0.0128326
    endloop
  endfacet
  facet normal -0.804719 -0.396846 -0.441522
    outer loop
      vertex 0.902732 3.05709 0.925975
      vertex 0.562213 3.74759 0.925975
      vertex 0.642387 3.7808 0.75
    endloop
  endfacet
  facet normal -0.8297 -0.554381 -0.0652719
    outer loop
      vertex 1.25006 2.35524 1.30421
      vertex 0.803848 3 1.5
      vertex 0.814961 3.00642 1.30421
    endloop
  endfacet
  facet normal -0.738076 -0.146813 -0.658552
    outer loop
      vertex 0.628816 4.5608 0.43934
      vertex 0.358649 5.2573 0.586858
      vertex 0.486913 5.27419 0.43934
    endloop
  endfacet
  facet normal -0.434534 -0.0864339 -0.896498
    outer loop
      vertex 0.92889 4.6412 0.200961
      vertex 0.794915 5.31474 0.200961
      vertex 0.969384 5.33771 0.114181
    endloop
  endfacet
  facet normal -0.565793 -0.496185 -0.658543
    outer loop
      vertex 2.06802 2.06802 0.43934
      vertex 1.4858 2.53613 0.586858
      vertex 1.58843 2.61489 0.43934
    endloop
  endfacet
  facet normal -0.737452 -0.646722 -0.194718
    outer loop
      vertex 1.7935 1.7935 1.11177
      vertex 1.25006 2.35524 1.30421
      vertex 1.28043 2.37855 1.11177
    endloop
  endfacet
  facet normal -0.526204 -0.78752 -0.320814
    outer loop
      vertex 3.02556 0.848112 1.11177
      vertex 2.37855 1.28043 1.11177
      vertex 3.05709 0.902732 0.925975
    endloop
  endfacet
  facet normal -0.849465 -0.418912 -0.320816
    outer loop
      vertex 0.848112 3.02556 1.11177
      vertex 0.503944 3.72346 1.11177
      vertex 0.902732 3.05709 0.925975
    endloop
  endfacet
  facet normal -0.829698 -0.554385 -0.065254
    outer loop
      vertex 1.23988 2.34743 1.5
      vertex 0.803848 3 1.5
      vertex 1.25006 2.35524 1.30421
    endloop
  endfacet
  facet normal -0.746043 -0.498494 -0.441501
    outer loop
      vertex 1.33047 2.41694 0.925975
      vertex 0.902732 3.05709 0.925975
      vertex 1.39931 2.46977 0.75
    endloop
  endfacet
  facet normal -0.849634 -0.288411 -0.441521
    outer loop
      vertex 0.562213 3.74759 0.925975
      vertex 0.314735 4.47664 0.925975
      vertex 0.642387 3.7808 0.75
    endloop
  endfacet
  facet normal -0.78786 -0.267439 -0.554754
    outer loop
      vertex 0.642387 3.7808 0.75
      vertex 0.39856 4.4991 0.75
      vertex 0.743098 3.82252 0.586858
    endloop
  endfacet
  facet normal -0.498483 -0.746038 -0.441522
    outer loop
      vertex 3.05709 0.902732 0.925975
      vertex 2.46977 1.39931 0.75
      vertex 3.10048 0.977886 0.75
    endloop
  endfacet
  facet normal -0.462238 -0.691793 -0.55476
    outer loop
      vertex 3.10048 0.977886 0.75
      vertex 2.46977 1.39931 0.75
      vertex 3.15499 1.07229 0.586858
    endloop
  endfacet
  facet normal -0.554381 -0.8297 -0.0652719
    outer loop
      vertex 3 0.803848 1.5
      vertex 2.35524 1.25006 1.30421
      vertex 3.00642 0.814961 1.30421
    endloop
  endfacet
  facet normal -0.554385 -0.829698 -0.065254
    outer loop
      vertex 3 0.803848 1.5
      vertex 2.34743 1.23988 1.5
      vertex 2.35524 1.25006 1.30421
    endloop
  endfacet
  facet normal 0.24188 -0.712593 -0.658564
    outer loop
      vertex 41.7447 0.503854 0.586858
      vertex 41.7112 0.628816 0.43934
      vertex 42.4 0.86262 0.43934
    endloop
  endfacet
  facet normal 0.162317 -0.816047 -0.554726
    outer loop
      vertex 41.0289 0.250574 0.75
      vertex 41.0147 0.358649 0.586858
      vertex 41.7729 0.39856 0.75
    endloop
  endfacet
  facet normal 0.267443 -0.787874 -0.554733
    outer loop
      vertex 41.7729 0.39856 0.75
      vertex 41.7447 0.503854 0.586858
      vertex 42.4495 0.743098 0.586858
    endloop
  endfacet
  facet normal 0.162319 -0.816037 -0.554739
    outer loop
      vertex 41.7729 0.39856 0.75
      vertex 41.0147 0.358649 0.586858
      vertex 41.7447 0.503854 0.586858
    endloop
  endfacet
  facet normal 0.246148 -0.368414 -0.896483
    outer loop
      vertex 43.468 1.8349 0.200961
      vertex 42.809 1.60577 0.114181
      vertex 43.3609 1.97451 0.114181
    endloop
  endfacet
  facet normal 0.0864333 -0.43455 -0.896491
    outer loop
      vertex 41.6308 0.92889 0.200961
      vertex 40.9343 0.969384 0.114181
      vertex 41.5853 1.09887 0.114181
    endloop
  endfacet
  facet normal 0.0363884 -0.555203 -0.830918
    outer loop
      vertex 40.9786 0.633168 0.30997
      vertex 40.272 0.75 0.200961
      vertex 40.9573 0.794915 0.200961
    endloop
  endfacet
  facet normal 0.0289752 -0.442095 -0.8965
    outer loop
      vertex 40.9573 0.794915 0.200961
      vertex 40.272 0.75 0.200961
      vertex 40.9343 0.969384 0.114181
    endloop
  endfacet
  facet normal 0.418056 -0.625704 -0.658578
    outer loop
      vertex 43.117 1.07229 0.586858
      vertex 43.0523 1.18433 0.43934
      vertex 43.7359 1.4858 0.586858
    endloop
  endfacet
  facet normal 0.332844 -0.674905 -0.658573
    outer loop
      vertex 43.117 1.07229 0.586858
      vertex 42.4495 0.743098 0.586858
      vertex 43.0523 1.18433 0.43934
    endloop
  endfacet
  facet normal 0.178852 -0.526899 -0.830896
    outer loop
      vertex 42.3435 0.998909 0.30997
      vertex 41.6308 0.92889 0.200961
      vertex 42.2811 1.14963 0.200961
    endloop
  endfacet
  facet normal 0.142417 -0.419561 -0.896485
    outer loop
      vertex 41.6308 0.92889 0.200961
      vertex 41.5853 1.09887 0.114181
      vertex 42.2811 1.14963 0.200961
    endloop
  endfacet
  facet normal 0.178921 -0.267797 -0.946716
    outer loop
      vertex 43.3609 1.97451 0.114181
      vertex 42.7161 1.76667 0.0511112
      vertex 43.2478 2.12191 0.0511112
    endloop
  endfacet
  facet normal 0.103531 -0.304955 -0.946723
    outer loop
      vertex 42.2137 1.31221 0.114181
      vertex 41.5853 1.09887 0.114181
      vertex 42.1426 1.48387 0.0511112
    endloop
  endfacet
  facet normal -0.0127871 -0.0642814 -0.99785
    outer loop
      vertex 5.38708 1.34438 0.0128326
      vertex 4.78464 1.46422 0.0128326
      vertex 5.41263 1.5385 0
    endloop
  endfacet
  facet normal -0.0127866 -0.0642859 -0.99785
    outer loop
      vertex 5.41263 1.5385 0
      vertex 4.78464 1.46422 0.0128326
      vertex 4.83531 1.65333 0
    endloop
  endfacet
  facet normal -0.103531 -0.304978 -0.946715
    outer loop
      vertex 4.68675 1.09887 0.114181
      vertex 4.12936 1.48387 0.0511112
      vertex 4.73483 1.27833 0.0511112
    endloop
  endfacet
  facet normal -0.0381416 -0.191739 -0.980705
    outer loop
      vertex 5.36196 1.15359 0.0511112
      vertex 4.78464 1.46422 0.0128326
      vertex 5.38708 1.34438 0.0128326
    endloop
  endfacet
  facet normal -0.178848 -0.526877 -0.830912
    outer loop
      vertex 4.6412 0.92889 0.200961
      vertex 3.92848 0.998909 0.30997
      vertex 3.99091 1.14963 0.200961
    endloop
  endfacet
  facet normal -0.142409 -0.41953 -0.896501
    outer loop
      vertex 4.6412 0.92889 0.200961
      vertex 3.99091 1.14963 0.200961
      vertex 4.68675 1.09887 0.114181
    endloop
  endfacet
  facet normal -0.142409 -0.41953 -0.896501
    outer loop
      vertex 4.68675 1.09887 0.114181
      vertex 3.99091 1.14963 0.200961
      vertex 4.05826 1.31221 0.114181
    endloop
  endfacet
  facet normal -0.195954 -0.397349 -0.896502
    outer loop
      vertex 3.99091 1.14963 0.200961
      vertex 3.46299 1.60577 0.114181
      vertex 4.05826 1.31221 0.114181
    endloop
  endfacet
  facet normal -0.304447 -0.896877 -0.320818
    outer loop
      vertex 4.47664 0.314735 0.925975
      vertex 3.72346 0.503944 1.11177
      vertex 3.74759 0.562213 0.925975
    endloop
  endfacet
  facet normal -0.418912 -0.849465 -0.320815
    outer loop
      vertex 3.72346 0.503944 1.11177
      vertex 3.05709 0.902732 0.925975
      vertex 3.74759 0.562213 0.925975
    endloop
  endfacet
  facet normal -0.108608 -0.162545 -0.980706
    outer loop
      vertex 3.55589 1.76667 0.0511112
      vertex 3.14139 2.27458 0.0128326
      vertex 3.65211 1.93333 0.0128326
    endloop
  endfacet
  facet normal -0.0364134 -0.0544969 -0.99785
    outer loop
      vertex 3.65211 1.93333 0.0128326
      vertex 3.14139 2.27458 0.0128326
      vertex 3.75 2.10289 0
    endloop
  endfacet
  facet normal -0.0432166 -0.0492786 -0.99785
    outer loop
      vertex 3.14139 2.27458 0.0128326
      vertex 2.81802 2.81802 0
      vertex 3.26057 2.42991 0
    endloop
  endfacet
  facet normal 0.815596 -0.544958 -0.194485
    outer loop
      vertex 45.457 3.00642 1.30421
      vertex 45.0219 2.35524 1.30421
      vertex 45.4239 3.02556 1.11177
    endloop
  endfacet
  facet normal 0.894962 -0.441314 -0.0654625
    outer loop
      vertex 45.8153 3.7039 1.5
      vertex 45.4682 3 1.5
      vertex 45.8034 3.70881 1.30421
    endloop
  endfacet
  facet normal 0.895293 -0.0586179 -0.441605
    outer loop
      vertex 46.1075 5.23175 0.925975
      vertex 46.071 6 0.75
      vertex 46.1578 6 0.925975
    endloop
  endfacet
  facet normal 0.945161 -0.061883 -0.320689
    outer loop
      vertex 46.17 5.22351 1.11177
      vertex 46.1075 5.23175 0.925975
      vertex 46.1578 6 0.925975
    endloop
  endfacet
  facet normal 0.712666 -0.241873 -0.658487
    outer loop
      vertex 45.5289 3.82252 0.586858
      vertex 45.4094 3.87203 0.43934
      vertex 45.7681 4.52731 0.586858
    endloop
  endfacet
  facet normal 0.647356 -0.128765 -0.751232
    outer loop
      vertex 45.6432 4.5608 0.43934
      vertex 45.6388 5.29344 0.30997
      vertex 45.7851 5.27419 0.43934
    endloop
  endfacet
  facet normal 0.321382 -0.0210547 -0.946716
    outer loop
      vertex 45.3026 5.33771 0.114181
      vertex 45.1184 5.36196 0.0511112
      vertex 45.1602 6 0.0511112
    endloop
  endfacet
  facet normal 0.442047 -0.0289675 -0.896524
    outer loop
      vertex 45.522 6 0.200961
      vertex 45.3026 5.33771 0.114181
      vertex 45.346 6 0.114181
    endloop
  endfacet
  facet normal 0.81602 -0.162312 -0.554767
    outer loop
      vertex 45.8734 4.4991 0.75
      vertex 45.7681 4.52731 0.586858
      vertex 45.9133 5.2573 0.586858
    endloop
  endfacet
  facet normal 0.787867 -0.267396 -0.554766
    outer loop
      vertex 45.8734 4.4991 0.75
      vertex 45.5289 3.82252 0.586858
      vertex 45.7681 4.52731 0.586858
    endloop
  endfacet
  facet normal 0.39685 -0.804727 -0.441503
    outer loop
      vertex 42.5244 0.562213 0.925975
      vertex 42.4912 0.642387 0.75
      vertex 43.2149 0.902732 0.925975
    endloop
  endfacet
  facet normal 0.418921 -0.849483 -0.320754
    outer loop
      vertex 42.5485 0.503944 1.11177
      vertex 42.5244 0.562213 0.925975
      vertex 43.2149 0.902732 0.925975
    endloop
  endfacet
  facet normal 0.674658 -0.591625 -0.441381
    outer loop
      vertex 44.9415 2.41694 0.925975
      vertex 44.4339 1.8381 0.925975
      vertex 44.8727 2.46977 0.75
    endloop
  endfacet
  facet normal 0.746065 -0.498581 -0.441366
    outer loop
      vertex 44.9415 2.41694 0.925975
      vertex 44.8727 2.46977 0.75
      vertex 45.3693 3.05709 0.925975
    endloop
  endfacet
  facet normal 0.320753 -0.944913 -0.0652463
    outer loop
      vertex 42.5681 0.456723 1.5
      vertex 41.8216 0.216841 1.30421
      vertex 42.5632 0.468579 1.30421
    endloop
  endfacet
  facet normal 0.315282 -0.928796 -0.19477
    outer loop
      vertex 42.5632 0.468579 1.30421
      vertex 41.8216 0.216841 1.30421
      vertex 42.5485 0.503944 1.11177
    endloop
  endfacet
  facet normal 0.184781 -0.928948 -0.320797
    outer loop
      vertex 41.8117 0.253816 1.11177
      vertex 41.0485 0.102005 1.11177
      vertex 41.7954 0.314735 0.925975
    endloop
  endfacet
  facet normal 0.304472 -0.896881 -0.320783
    outer loop
      vertex 41.8117 0.253816 1.11177
      vertex 41.7954 0.314735 0.925975
      vertex 42.5485 0.503944 1.11177
    endloop
  endfacet
  facet normal -0.496185 -0.565793 -0.658543
    outer loop
      vertex 2.53613 1.4858 0.586858
      vertex 2.06802 2.06802 0.43934
      vertex 2.61489 1.58843 0.43934
    endloop
  endfacet
  facet normal -0.418091 -0.62572 -0.65854
    outer loop
      vertex 3.21967 1.18433 0.43934
      vertex 2.53613 1.4858 0.586858
      vertex 2.61489 1.58843 0.43934
    endloop
  endfacet
  facet normal -0.928802 0.315223 -0.194838
    outer loop
      vertex 0.253816 113.736 1.11177
      vertex 0.216841 113.746 1.30421
      vertex 0.503944 114.473 1.11177
    endloop
  endfacet
  facet normal -0.896575 0.304286 -0.321813
    outer loop
      vertex 0.314735 113.719 0.925975
      vertex 0.253816 113.736 1.11177
      vertex 0.503944 114.473 1.11177
    endloop
  endfacet
  facet normal -0.995724 0.0652771 -0.0653718
    outer loop
      vertex 0.0640545 112.977 1.30421
      vertex 0 112.196 1.5
      vertex 0.0513315 112.979 1.5
    endloop
  endfacet
  facet normal -0.978717 0.194453 -0.0655862
    outer loop
      vertex 0.0640545 112.977 1.30421
      vertex 0.0513315 112.979 1.5
      vertex 0.216841 113.746 1.30421
    endloop
  endfacet
  facet normal -0.242136 -0.212343 -0.946721
    outer loop
      vertex 2.41212 2.41212 0.114181
      vertex 1.97451 2.91113 0.114181
      vertex 2.5435 2.5435 0.0511112
    endloop
  endfacet
  facet normal -0.292126 -0.333107 -0.896494
    outer loop
      vertex 2.804 1.8349 0.200961
      vertex 2.28769 2.28769 0.200961
      vertex 2.41212 2.41212 0.114181
    endloop
  endfacet
  facet normal -0.830236 0.0543933 -0.554751
    outer loop
      vertex 0.309971 112.196 0.586858
      vertex 0.200962 112.196 0.75
      vertex 0.358649 112.939 0.586858
    endloop
  endfacet
  facet normal -0.750929 0.0491975 -0.658548
    outer loop
      vertex 0.439341 112.196 0.43934
      vertex 0.309971 112.196 0.586858
      vertex 0.358649 112.939 0.586858
    endloop
  endfacet
  facet normal -0.647575 0.128882 -0.751023
    outer loop
      vertex 0.633168 112.903 0.30997
      vertex 0.486913 112.922 0.43934
      vertex 0.628816 113.635 0.43934
    endloop
  endfacet
  facet normal -0.658777 0.0431671 -0.751099
    outer loop
      vertex 0.633168 112.903 0.30997
      vertex 0.439341 112.196 0.43934
      vertex 0.486913 112.922 0.43934
    endloop
  endfacet
  facet normal -0.527066 0.17878 -0.830806
    outer loop
      vertex 0.92889 113.555 0.200961
      vertex 0.771307 113.597 0.30997
      vertex 0.998909 114.268 0.30997
    endloop
  endfacet
  facet normal -0.54579 0.108638 -0.830849
    outer loop
      vertex 0.92889 113.555 0.200961
      vertex 0.633168 112.903 0.30997
      vertex 0.771307 113.597 0.30997
    endloop
  endfacet
  facet normal -0.368366 0.246134 -0.896507
    outer loop
      vertex 1.60577 114.733 0.114181
      vertex 1.45337 114.821 0.200961
      vertex 1.8349 115.392 0.200961
    endloop
  endfacet
  facet normal -0.397355 0.19593 -0.896505
    outer loop
      vertex 1.60577 114.733 0.114181
      vertex 1.14963 114.205 0.200961
      vertex 1.45337 114.821 0.200961
    endloop
  endfacet
  facet normal -0.305037 0.103461 -0.946704
    outer loop
      vertex 1.48387 114.067 0.0511112
      vertex 1.09887 113.509 0.114181
      vertex 1.31221 114.138 0.114181
    endloop
  endfacet
  facet normal -0.419786 0.14238 -0.896386
    outer loop
      vertex 1.31221 114.138 0.114181
      vertex 1.09887 113.509 0.114181
      vertex 1.14963 114.205 0.200961
    endloop
  endfacet
  facet normal -0.442093 0.0289878 -0.8965
    outer loop
      vertex 0.969384 112.858 0.114181
      vertex 0.75 112.196 0.200961
      vertex 0.794915 112.881 0.200961
    endloop
  endfacet
  facet normal -0.555094 0.0363971 -0.830991
    outer loop
      vertex 0.75 112.196 0.200961
      vertex 0.633168 112.903 0.30997
      vertex 0.794915 112.881 0.200961
    endloop
  endfacet
  facet normal -0.1752 0.0863824 -0.980736
    outer loop
      vertex 1.66166 113.993 0.0128326
      vertex 1.48387 114.067 0.0511112
      vertex 1.93333 114.544 0.0128326
    endloop
  endfacet
  facet normal -0.175385 0.0865598 -0.980687
    outer loop
      vertex 1.93333 114.544 0.0128326
      vertex 1.48387 114.067 0.0511112
      vertex 1.76667 114.64 0.0511112
    endloop
  endfacet
  facet normal -0.0642514 0.0127905 -0.997852
    outer loop
      vertex 1.5385 112.783 0
      vertex 1.34438 112.809 0.0128326
      vertex 1.46422 113.411 0.0128326
    endloop
  endfacet
  facet normal -0.321397 0.0210671 -0.94671
    outer loop
      vertex 1.11177 112.196 0.0511112
      vertex 0.969384 112.858 0.114181
      vertex 1.15359 112.834 0.0511112
    endloop
  endfacet
  facet normal -0.292632 0.333529 -0.896172
    outer loop
      vertex 2.41212 115.784 0.114181
      vertex 2.28769 115.908 0.200961
      vertex 2.804 116.361 0.200961
    endloop
  endfacet
  facet normal -0.291482 0.332843 -0.896802
    outer loop
      vertex 2.91113 116.221 0.114181
      vertex 2.41212 115.784 0.114181
      vertex 2.804 116.361 0.200961
    endloop
  endfacet
  facet normal -0.829693 0.554529 -0.0640868
    outer loop
      vertex 0.814961 115.19 1.30421
      vertex 0.803848 115.196 1.5
      vertex 1.25006 115.841 1.30421
    endloop
  endfacet
  facet normal -0.815104 0.544779 -0.197033
    outer loop
      vertex 0.848112 115.17 1.11177
      vertex 0.814961 115.19 1.30421
      vertex 1.25006 115.841 1.30421
    endloop
  endfacet
  facet normal -0.674709 0.332498 -0.658948
    outer loop
      vertex 1.18433 114.976 0.43934
      vertex 0.743098 114.373 0.586858
      vertex 1.07229 115.041 0.586858
    endloop
  endfacet
  facet normal -0.746046 0.367653 -0.5552
    outer loop
      vertex 0.743098 114.373 0.586858
      vertex 0.642387 114.415 0.75
      vertex 1.07229 115.041 0.586858
    endloop
  endfacet
  facet normal 0.440967 0.895188 -0.0647084
    outer loop
      vertex 43.2656 117.381 1.30421
      vertex 42.5632 117.727 1.30421
      vertex 43.272 117.392 1.5
    endloop
  endfacet
  facet normal 0.554301 0.829795 -0.0647391
    outer loop
      vertex 43.9168 116.946 1.30421
      vertex 43.2656 117.381 1.30421
      vertex 43.272 117.392 1.5
    endloop
  endfacet
  facet normal 0.496896 0.566319 -0.657554
    outer loop
      vertex 44.204 116.128 0.43934
      vertex 43.7359 116.71 0.586858
      vertex 44.2955 116.219 0.586858
    endloop
  endfacet
  facet normal 0.36628 0.548675 -0.751528
    outer loop
      vertex 43.5673 116.491 0.30997
      vertex 42.9786 116.884 0.30997
      vertex 43.0523 117.012 0.43934
    endloop
  endfacet
  facet normal 0.174751 0.879698 -0.442259
    outer loop
      vertex 41.7729 117.797 0.75
      vertex 41.0403 118.031 0.925975
      vertex 41.7954 117.881 0.925975
    endloop
  endfacet
  facet normal 0.28741 0.849576 -0.442285
    outer loop
      vertex 42.4912 117.554 0.75
      vertex 41.7729 117.797 0.75
      vertex 41.7954 117.881 0.925975
    endloop
  endfacet
  facet normal 0.304294 0.896815 -0.321137
    outer loop
      vertex 42.5485 117.692 1.11177
      vertex 41.7954 117.881 0.925975
      vertex 41.8117 117.942 1.11177
    endloop
  endfacet
  facet normal 0.191608 0.961921 -0.194923
    outer loop
      vertex 41.8216 117.979 1.30421
      vertex 41.0485 118.094 1.11177
      vertex 41.0535 118.132 1.30421
    endloop
  endfacet
  facet normal 0.24622 0.499599 -0.830528
    outer loop
      vertex 42.897 116.743 0.200961
      vertex 42.3435 117.197 0.30997
      vertex 42.9786 116.884 0.30997
    endloop
  endfacet
  facet normal 0.418717 0.626831 -0.657084
    outer loop
      vertex 43.6571 116.608 0.43934
      vertex 43.0523 117.012 0.43934
      vertex 43.7359 116.71 0.586858
    endloop
  endfacet
  facet normal 0.331792 0.674231 -0.659793
    outer loop
      vertex 43.0523 117.012 0.43934
      vertex 42.4 117.333 0.43934
      vertex 42.4495 117.453 0.586858
    endloop
  endfacet
  facet normal 0.366729 0.549004 -0.751069
    outer loop
      vertex 43.5673 116.491 0.30997
      vertex 43.0523 117.012 0.43934
      vertex 43.6571 116.608 0.43934
    endloop
  endfacet
  facet normal 0.0432958 0.0493679 -0.997842
    outer loop
      vertex 43.454 115.378 0
      vertex 43.1306 115.921 0.0128326
      vertex 43.5924 115.516 0.0128326
    endloop
  endfacet
  facet normal 0.0364627 0.0545714 -0.997844
    outer loop
      vertex 43.0114 115.766 0
      vertex 42.522 116.093 0
      vertex 43.1306 115.921 0.0128326
    endloop
  endfacet
  facet normal 0.0128108 0.0643211 -0.997847
    outer loop
      vertex 41.4874 116.732 0.0128326
      vertex 40.8594 116.658 0
      vertex 40.8849 116.852 0.0128326
    endloop
  endfacet
  facet normal 0.0128116 0.0643144 -0.997847
    outer loop
      vertex 41.4367 116.543 0
      vertex 40.8594 116.658 0
      vertex 41.4874 116.732 0.0128326
    endloop
  endfacet
  facet normal 0.805116 0.396647 -0.440975
    outer loop
      vertex 45.6296 114.415 0.75
      vertex 45.2941 115.096 0.75
      vertex 45.3693 115.139 0.925975
    endloop
  endfacet
  facet normal 0.746063 0.367671 -0.555165
    outer loop
      vertex 45.5289 114.373 0.586858
      vertex 45.1997 115.041 0.586858
      vertex 45.6296 114.415 0.75
    endloop
  endfacet
  facet normal 0.928957 0.31567 -0.193367
    outer loop
      vertex 46.0552 113.746 1.30421
      vertex 45.7681 114.473 1.11177
      vertex 45.8034 114.487 1.30421
    endloop
  endfacet
  facet normal 0.896612 0.304264 -0.321732
    outer loop
      vertex 45.9573 113.719 0.925975
      vertex 45.7681 114.473 1.11177
      vertex 46.0182 113.736 1.11177
    endloop
  endfacet
  facet normal 0.73711 0.646515 -0.196689
    outer loop
      vertex 44.9916 115.817 1.11177
      vertex 44.4785 116.402 1.11177
      vertex 45.0219 115.841 1.30421
    endloop
  endfacet
  facet normal 0.815298 0.54475 -0.196308
    outer loop
      vertex 45.4239 115.17 1.11177
      vertex 44.9916 115.817 1.11177
      vertex 45.0219 115.841 1.30421
    endloop
  endfacet
  facet normal 0.178938 0.267631 -0.94676
    outer loop
      vertex 43.3609 116.221 0.114181
      vertex 42.7161 116.429 0.0511112
      vertex 42.809 116.59 0.114181
    endloop
  endfacet
  facet normal 0.245899 0.367782 -0.896811
    outer loop
      vertex 43.3609 116.221 0.114181
      vertex 42.809 116.59 0.114181
      vertex 43.468 116.361 0.200961
    endloop
  endfacet
  facet normal 0.0587639 0.028966 -0.997852
    outer loop
      vertex 44.6103 113.993 0.0128326
      vertex 44.1691 114.446 0
      vertex 44.3387 114.544 0.0128326
    endloop
  endfacet
  facet normal 0.0544768 0.0363854 -0.997852
    outer loop
      vertex 44.1691 114.446 0
      vertex 43.9974 115.055 0.0128326
      vertex 44.3387 114.544 0.0128326
    endloop
  endfacet
  facet normal 0.0867521 0.434428 -0.896519
    outer loop
      vertex 41.5853 117.097 0.114181
      vertex 40.9343 117.227 0.114181
      vertex 41.6308 117.267 0.200961
    endloop
  endfacet
  facet normal 0.142558 0.419482 -0.8965
    outer loop
      vertex 42.2811 117.046 0.200961
      vertex 41.5853 117.097 0.114181
      vertex 41.6308 117.267 0.200961
    endloop
  endfacet
  facet normal 0.46303 0.309362 -0.830601
    outer loop
      vertex 44.8186 114.821 0.200961
      vertex 44.4371 115.392 0.200961
      vertex 44.5665 115.491 0.30997
    endloop
  endfacet
  facet normal 0.368374 0.246121 -0.896507
    outer loop
      vertex 44.6662 114.733 0.114181
      vertex 44.4371 115.392 0.200961
      vertex 44.8186 114.821 0.200961
    endloop
  endfacet
  facet normal 0.566115 0.496945 -0.657693
    outer loop
      vertex 44.7862 115.66 0.586858
      vertex 44.204 116.128 0.43934
      vertex 44.2955 116.219 0.586858
    endloop
  endfacet
  facet normal 0.565587 0.495897 -0.658937
    outer loop
      vertex 44.6836 115.581 0.43934
      vertex 44.204 116.128 0.43934
      vertex 44.7862 115.66 0.586858
    endloop
  endfacet
  facet normal 0.712509 0.624938 -0.319035
    outer loop
      vertex 44.9916 115.817 1.11177
      vertex 44.4339 116.358 0.925975
      vertex 44.4785 116.402 1.11177
    endloop
  endfacet
  facet normal 0.712446 0.62459 -0.319858
    outer loop
      vertex 44.9415 115.779 0.925975
      vertex 44.4339 116.358 0.925975
      vertex 44.9916 115.817 1.11177
    endloop
  endfacet
  facet normal 0.241642 0.211908 -0.946945
    outer loop
      vertex 44.2975 115.285 0.114181
      vertex 43.7285 115.652 0.0511112
      vertex 43.8599 115.784 0.114181
    endloop
  endfacet
  facet normal 0.242069 0.212617 -0.946677
    outer loop
      vertex 44.1501 115.172 0.0511112
      vertex 43.7285 115.652 0.0511112
      vertex 44.2975 115.285 0.114181
    endloop
  endfacet
  facet normal 0.435512 0.496211 -0.751068
    outer loop
      vertex 44.204 116.128 0.43934
      vertex 43.5673 116.491 0.30997
      vertex 43.6571 116.608 0.43934
    endloop
  endfacet
  facet normal 0.366162 0.417328 -0.831722
    outer loop
      vertex 43.9843 115.908 0.200961
      vertex 43.468 116.361 0.200961
      vertex 44.0997 116.024 0.30997
    endloop
  endfacet
  facet normal -0.196664 0.398192 -0.895972
    outer loop
      vertex 4.05826 116.884 0.114181
      vertex 3.46299 116.59 0.114181
      vertex 3.99091 117.046 0.200961
    endloop
  endfacet
  facet normal -0.142567 0.420667 -0.895943
    outer loop
      vertex 4.05826 116.884 0.114181
      vertex 3.99091 117.046 0.200961
      vertex 4.68675 117.097 0.114181
    endloop
  endfacet
  facet normal -0.108258 0.544788 -0.831557
    outer loop
      vertex 4.6412 117.267 0.200961
      vertex 4.59898 117.425 0.30997
      vertex 5.29344 117.563 0.30997
    endloop
  endfacet
  facet normal -0.178833 0.525909 -0.831528
    outer loop
      vertex 4.6412 117.267 0.200961
      vertex 3.92848 117.197 0.30997
      vertex 4.59898 117.425 0.30997
    endloop
  endfacet
  facet normal -0.366216 0.548616 -0.751603
    outer loop
      vertex 3.29343 116.884 0.30997
      vertex 2.70469 116.491 0.30997
      vertex 3.21967 117.012 0.43934
    endloop
  endfacet
  facet normal -0.291601 0.591634 -0.751624
    outer loop
      vertex 3.29343 116.884 0.30997
      vertex 3.21967 117.012 0.43934
      vertex 3.92848 117.197 0.30997
    endloop
  endfacet
  facet normal -0.242047 0.712455 -0.658652
    outer loop
      vertex 4.5608 117.567 0.43934
      vertex 3.87203 117.333 0.43934
      vertex 4.52731 117.692 0.586858
    endloop
  endfacet
  facet normal -0.212576 0.625709 -0.750533
    outer loop
      vertex 3.92848 117.197 0.30997
      vertex 3.87203 117.333 0.43934
      vertex 4.5608 117.567 0.43934
    endloop
  endfacet
  facet normal -0.78752 -0.526204 -0.320814
    outer loop
      vertex 1.28043 2.37855 1.11177
      vertex 0.848112 3.02556 1.11177
      vertex 0.902732 3.05709 0.925975
    endloop
  endfacet
  facet normal -0.815555 -0.544936 -0.194715
    outer loop
      vertex 1.25006 2.35524 1.30421
      vertex 0.848112 3.02556 1.11177
      vertex 1.28043 2.37855 1.11177
    endloop
  endfacet
  facet normal -0.545702 -0.108547 -0.830919
    outer loop
      vertex 0.92889 4.6412 0.200961
      vertex 0.633168 5.29344 0.30997
      vertex 0.794915 5.31474 0.200961
    endloop
  endfacet
  facet normal -0.647465 -0.12879 -0.751134
    outer loop
      vertex 0.628816 4.5608 0.43934
      vertex 0.486913 5.27419 0.43934
      vertex 0.633168 5.29344 0.30997
    endloop
  endfacet
  facet normal -0.435262 -0.496329 -0.751135
    outer loop
      vertex 2.70469 1.70547 0.30997
      vertex 2.06802 2.06802 0.43934
      vertex 2.17233 2.17233 0.30997
    endloop
  endfacet
  facet normal -0.435259 -0.49632 -0.751144
    outer loop
      vertex 2.61489 1.58843 0.43934
      vertex 2.06802 2.06802 0.43934
      vertex 2.70469 1.70547 0.30997
    endloop
  endfacet
  facet normal -0.746038 -0.498483 -0.441522
    outer loop
      vertex 1.39931 2.46977 0.75
      vertex 0.902732 3.05709 0.925975
      vertex 0.977886 3.10048 0.75
    endloop
  endfacet
  facet normal -0.804718 -0.396846 -0.441523
    outer loop
      vertex 0.902732 3.05709 0.925975
      vertex 0.642387 3.7808 0.75
      vertex 0.977886 3.10048 0.75
    endloop
  endfacet
  facet normal -0.787514 -0.526204 -0.320828
    outer loop
      vertex 1.28043 2.37855 1.11177
      vertex 0.902732 3.05709 0.925975
      vertex 1.33047 2.41694 0.925975
    endloop
  endfacet
  facet normal -0.712096 -0.624493 -0.320824
    outer loop
      vertex 1.8381 1.8381 0.925975
      vertex 1.28043 2.37855 1.11177
      vertex 1.33047 2.41694 0.925975
    endloop
  endfacet
  facet normal -0.816032 -0.16232 -0.554747
    outer loop
      vertex 0.39856 4.4991 0.75
      vertex 0.250574 5.24307 0.75
      vertex 0.358649 5.2573 0.586858
    endloop
  endfacet
  facet normal -0.816033 -0.16232 -0.554746
    outer loop
      vertex 0.39856 4.4991 0.75
      vertex 0.358649 5.2573 0.586858
      vertex 0.503854 4.52731 0.586858
    endloop
  endfacet
  facet normal -0.367992 -0.746208 -0.554757
    outer loop
      vertex 3.7808 0.642387 0.75
      vertex 3.10048 0.977886 0.75
      vertex 3.15499 1.07229 0.586858
    endloop
  endfacet
  facet normal -0.396846 -0.804718 -0.441523
    outer loop
      vertex 3.7808 0.642387 0.75
      vertex 3.05709 0.902732 0.925975
      vertex 3.10048 0.977886 0.75
    endloop
  endfacet
  facet normal -0.646722 -0.737452 -0.194718
    outer loop
      vertex 2.35524 1.25006 1.30421
      vertex 1.7935 1.7935 1.11177
      vertex 2.37855 1.28043 1.11177
    endloop
  endfacet
  facet normal -0.624484 -0.712094 -0.320845
    outer loop
      vertex 2.37855 1.28043 1.11177
      vertex 1.7935 1.7935 1.11177
      vertex 1.8381 1.8381 0.925975
    endloop
  endfacet
  facet normal 0.30911 -0.462576 -0.830948
    outer loop
      vertex 42.9786 1.31208 0.30997
      vertex 42.897 1.45337 0.200961
      vertex 43.5673 1.70547 0.30997
    endloop
  endfacet
  facet normal 0.36683 -0.548953 -0.751056
    outer loop
      vertex 43.0523 1.18433 0.43934
      vertex 42.9786 1.31208 0.30997
      vertex 43.5673 1.70547 0.30997
    endloop
  endfacet
  facet normal 0.142436 -0.288841 -0.946722
    outer loop
      vertex 42.2137 1.31221 0.114181
      vertex 42.1426 1.48387 0.0511112
      vertex 42.809 1.60577 0.114181
    endloop
  endfacet
  facet normal 0.178919 -0.267792 -0.946718
    outer loop
      vertex 42.809 1.60577 0.114181
      vertex 42.7161 1.76667 0.0511112
      vertex 43.3609 1.97451 0.114181
    endloop
  endfacet
  facet normal -0.0864345 -0.434529 -0.896501
    outer loop
      vertex 5.33771 0.969384 0.114181
      vertex 4.6412 0.92889 0.200961
      vertex 4.68675 1.09887 0.114181
    endloop
  endfacet
  facet normal -0.062832 -0.315873 -0.946719
    outer loop
      vertex 5.33771 0.969384 0.114181
      vertex 4.68675 1.09887 0.114181
      vertex 5.36196 1.15359 0.0511112
    endloop
  endfacet
  facet normal -0.0628395 -0.18511 -0.980707
    outer loop
      vertex 4.73483 1.27833 0.0511112
      vertex 4.12936 1.48387 0.0511112
      vertex 4.78464 1.46422 0.0128326
    endloop
  endfacet
  facet normal -0.0381361 -0.191729 -0.980707
    outer loop
      vertex 5.36196 1.15359 0.0511112
      vertex 4.73483 1.27833 0.0511112
      vertex 4.78464 1.46422 0.0128326
    endloop
  endfacet
  facet normal 0.879752 -0.43387 -0.194406
    outer loop
      vertex 45.8034 3.70881 1.30421
      vertex 45.457 3.00642 1.30421
      vertex 45.7681 3.72346 1.11177
    endloop
  endfacet
  facet normal 0.894927 -0.441354 -0.0656656
    outer loop
      vertex 45.4682 3 1.5
      vertex 45.457 3.00642 1.30421
      vertex 45.8034 3.70881 1.30421
    endloop
  endfacet
  facet normal 0.658619 -0.0431935 -0.751236
    outer loop
      vertex 45.7851 5.27419 0.43934
      vertex 45.6388 5.29344 0.30997
      vertex 45.8327 6 0.43934
    endloop
  endfacet
  facet normal 0.751084 -0.0492575 -0.658367
    outer loop
      vertex 45.9133 5.2573 0.586858
      vertex 45.7851 5.27419 0.43934
      vertex 45.8327 6 0.43934
    endloop
  endfacet
  facet normal 0.526837 -0.178834 -0.83094
    outer loop
      vertex 45.5007 4.59898 0.30997
      vertex 45.2731 3.92848 0.30997
      vertex 45.3431 4.6412 0.200961
    endloop
  endfacet
  facet normal 0.62509 -0.212184 -0.75116
    outer loop
      vertex 45.4094 3.87203 0.43934
      vertex 45.2731 3.92848 0.30997
      vertex 45.6432 4.5608 0.43934
    endloop
  endfacet
  facet normal 0.4195 -0.142373 -0.896521
    outer loop
      vertex 45.3431 4.6412 0.200961
      vertex 45.1224 3.99091 0.200961
      vertex 45.1731 4.68675 0.114181
    endloop
  endfacet
  facet normal 0.397307 -0.19596 -0.896519
    outer loop
      vertex 45.1224 3.99091 0.200961
      vertex 44.6662 3.46299 0.114181
      vertex 44.9598 4.05826 0.114181
    endloop
  endfacet
  facet normal 0.434471 -0.0864376 -0.896528
    outer loop
      vertex 45.3431 4.6412 0.200961
      vertex 45.3026 5.33771 0.114181
      vertex 45.4771 5.31474 0.200961
    endloop
  endfacet
  facet normal 0.442037 -0.0289634 -0.896529
    outer loop
      vertex 45.4771 5.31474 0.200961
      vertex 45.3026 5.33771 0.114181
      vertex 45.522 6 0.200961
    endloop
  endfacet
  facet normal 0.625789 -0.41813 -0.658449
    outer loop
      vertex 45.1997 3.15499 0.586858
      vertex 44.7862 2.53613 0.586858
      vertex 45.0877 3.21967 0.43934
    endloop
  endfacet
  facet normal 0.675009 -0.332888 -0.658443
    outer loop
      vertex 45.1997 3.15499 0.586858
      vertex 45.0877 3.21967 0.43934
      vertex 45.5289 3.82252 0.586858
    endloop
  endfacet
  facet normal 0.712739 -0.241936 -0.658384
    outer loop
      vertex 45.7681 4.52731 0.586858
      vertex 45.4094 3.87203 0.43934
      vertex 45.6432 4.5608 0.43934
    endloop
  endfacet
  facet normal 0.738228 -0.146839 -0.658376
    outer loop
      vertex 45.7681 4.52731 0.586858
      vertex 45.6432 4.5608 0.43934
      vertex 45.9133 5.2573 0.586858
    endloop
  endfacet
  facet normal -0.928779 0.184554 -0.321417
    outer loop
      vertex 0.314735 113.719 0.925975
      vertex 0.102005 112.972 1.11177
      vertex 0.253816 113.736 1.11177
    endloop
  endfacet
  facet normal -0.962039 0.191162 -0.194778
    outer loop
      vertex 0.253816 113.736 1.11177
      vertex 0.102005 112.972 1.11177
      vertex 0.216841 113.746 1.30421
    endloop
  endfacet
  facet normal -0.418319 -0.366855 -0.830919
    outer loop
      vertex 2.17233 2.17233 0.30997
      vertex 1.8349 2.804 0.200961
      vertex 2.28769 2.28769 0.200961
    endloop
  endfacet
  facet normal -0.462631 -0.30912 -0.830914
    outer loop
      vertex 1.70547 2.70469 0.30997
      vertex 1.45337 3.375 0.200961
      vertex 1.8349 2.804 0.200961
    endloop
  endfacet
  facet normal -0.195074 0.0127832 -0.980705
    outer loop
      vertex 1.30421 112.196 0.0128326
      vertex 1.11177 112.196 0.0511112
      vertex 1.34438 112.809 0.0128326
    endloop
  endfacet
  facet normal -0.195085 0.0127875 -0.980703
    outer loop
      vertex 1.34438 112.809 0.0128326
      vertex 1.11177 112.196 0.0511112
      vertex 1.15359 112.834 0.0511112
    endloop
  endfacet
  facet normal -0.692226 0.462427 -0.554062
    outer loop
      vertex 1.4858 115.66 0.586858
      vertex 1.07229 115.041 0.586858
      vertex 1.39931 115.726 0.75
    endloop
  endfacet
  facet normal -0.625383 0.417774 -0.65906
    outer loop
      vertex 1.18433 114.976 0.43934
      vertex 1.07229 115.041 0.586858
      vertex 1.4858 115.66 0.586858
    endloop
  endfacet
  facet normal 0.433704 0.879889 -0.194156
    outer loop
      vertex 43.2464 117.348 1.11177
      vertex 42.5485 117.692 1.11177
      vertex 43.2656 117.381 1.30421
    endloop
  endfacet
  facet normal 0.433567 0.880167 -0.193199
    outer loop
      vertex 43.2656 117.381 1.30421
      vertex 42.5485 117.692 1.11177
      vertex 42.5632 117.727 1.30421
    endloop
  endfacet
  facet normal 0.591653 0.674112 -0.442177
    outer loop
      vertex 44.4339 116.358 0.925975
      vertex 43.8022 116.797 0.75
      vertex 43.8551 116.866 0.925975
    endloop
  endfacet
  facet normal 0.497685 0.746178 -0.442187
    outer loop
      vertex 43.8022 116.797 0.75
      vertex 43.2149 117.293 0.925975
      vertex 43.8551 116.866 0.925975
    endloop
  endfacet
  facet normal 0.397443 0.804792 -0.44085
    outer loop
      vertex 43.2149 117.293 0.925975
      vertex 42.4912 117.554 0.75
      vertex 42.5244 117.634 0.925975
    endloop
  endfacet
  facet normal 0.28804 0.850125 -0.440818
    outer loop
      vertex 42.4912 117.554 0.75
      vertex 41.7954 117.881 0.925975
      vertex 42.5244 117.634 0.925975
    endloop
  endfacet
  facet normal 0.146594 0.738024 -0.658658
    outer loop
      vertex 41.7112 117.567 0.43934
      vertex 41.0147 117.837 0.586858
      vertex 41.7447 117.692 0.586858
    endloop
  endfacet
  facet normal 0.147035 0.738697 -0.657805
    outer loop
      vertex 41.7112 117.567 0.43934
      vertex 40.9978 117.709 0.43934
      vertex 41.0147 117.837 0.586858
    endloop
  endfacet
  facet normal 0.184978 0.928782 -0.321165
    outer loop
      vertex 41.7954 117.881 0.925975
      vertex 41.0485 118.094 1.11177
      vertex 41.8117 117.942 1.11177
    endloop
  endfacet
  facet normal 0.191583 0.961949 -0.194808
    outer loop
      vertex 41.8117 117.942 1.11177
      vertex 41.0485 118.094 1.11177
      vertex 41.8216 117.979 1.30421
    endloop
  endfacet
  facet normal 0.36882 0.74675 -0.553476
    outer loop
      vertex 43.117 117.124 0.586858
      vertex 42.4912 117.554 0.75
      vertex 43.1715 117.218 0.75
    endloop
  endfacet
  facet normal 0.397448 0.804714 -0.440988
    outer loop
      vertex 43.1715 117.218 0.75
      vertex 42.4912 117.554 0.75
      vertex 43.2149 117.293 0.925975
    endloop
  endfacet
  facet normal 0.367571 0.745755 -0.555645
    outer loop
      vertex 43.117 117.124 0.586858
      vertex 42.4495 117.453 0.586858
      vertex 42.4912 117.554 0.75
    endloop
  endfacet
  facet normal 0.291736 0.592833 -0.750626
    outer loop
      vertex 43.0523 117.012 0.43934
      vertex 42.3435 117.197 0.30997
      vertex 42.4 117.333 0.43934
    endloop
  endfacet
  facet normal 0.109089 0.1629 -0.980593
    outer loop
      vertex 43.1306 115.921 0.0128326
      vertex 42.6199 116.263 0.0128326
      vertex 42.7161 116.429 0.0511112
    endloop
  endfacet
  facet normal 0.0364033 0.0543601 -0.997858
    outer loop
      vertex 43.1306 115.921 0.0128326
      vertex 42.522 116.093 0
      vertex 42.6199 116.263 0.0128326
    endloop
  endfacet
  facet normal 0.0432582 0.0493456 -0.997845
    outer loop
      vertex 43.454 115.378 0
      vertex 43.0114 115.766 0
      vertex 43.1306 115.921 0.0128326
    endloop
  endfacet
  facet normal 0.625458 0.417814 -0.658965
    outer loop
      vertex 45.0877 114.976 0.43934
      vertex 44.7862 115.66 0.586858
      vertex 45.1997 115.041 0.586858
    endloop
  endfacet
  facet normal 0.674787 0.332545 -0.658845
    outer loop
      vertex 45.5289 114.373 0.586858
      vertex 45.0877 114.976 0.43934
      vertex 45.1997 115.041 0.586858
    endloop
  endfacet
  facet normal 0.74591 0.367478 -0.555499
    outer loop
      vertex 45.6296 114.415 0.75
      vertex 45.1997 115.041 0.586858
      vertex 45.2941 115.096 0.75
    endloop
  endfacet
  facet normal 0.691045 0.462232 -0.555696
    outer loop
      vertex 45.1997 115.041 0.586858
      vertex 44.8727 115.726 0.75
      vertex 45.2941 115.096 0.75
    endloop
  endfacet
  facet normal 0.962018 0.191144 -0.194898
    outer loop
      vertex 46.17 112.972 1.11177
      vertex 46.0182 113.736 1.11177
      vertex 46.0552 113.746 1.30421
    endloop
  endfacet
  facet normal 0.92881 0.184546 -0.321332
    outer loop
      vertex 46.17 112.972 1.11177
      vertex 45.9573 113.719 0.925975
      vertex 46.0182 113.736 1.11177
    endloop
  endfacet
  facet normal 0.787636 0.526485 -0.320068
    outer loop
      vertex 45.3693 115.139 0.925975
      vertex 44.9415 115.779 0.925975
      vertex 44.9916 115.817 1.11177
    endloop
  endfacet
  facet normal 0.745852 0.498555 -0.441756
    outer loop
      vertex 45.3693 115.139 0.925975
      vertex 44.8727 115.726 0.75
      vertex 44.9415 115.779 0.925975
    endloop
  endfacet
  facet normal 0.103226 0.30454 -0.94689
    outer loop
      vertex 42.1426 116.712 0.0511112
      vertex 41.5853 117.097 0.114181
      vertex 42.2137 116.884 0.114181
    endloop
  endfacet
  facet normal 0.142575 0.420629 -0.89596
    outer loop
      vertex 42.2137 116.884 0.114181
      vertex 41.5853 117.097 0.114181
      vertex 42.2811 117.046 0.200961
    endloop
  endfacet
  facet normal 0.212794 0.242394 -0.946554
    outer loop
      vertex 43.7285 115.652 0.0511112
      vertex 43.2478 116.074 0.0511112
      vertex 43.3609 116.221 0.114181
    endloop
  endfacet
  facet normal 0.179129 0.268289 -0.946538
    outer loop
      vertex 43.2478 116.074 0.0511112
      vertex 42.7161 116.429 0.0511112
      vertex 43.3609 116.221 0.114181
    endloop
  endfacet
  facet normal 0.333243 0.292239 -0.896407
    outer loop
      vertex 44.2975 115.285 0.114181
      vertex 43.8599 115.784 0.114181
      vertex 44.4371 115.392 0.200961
    endloop
  endfacet
  facet normal 0.368558 0.246172 -0.896417
    outer loop
      vertex 44.6662 114.733 0.114181
      vertex 44.2975 115.285 0.114181
      vertex 44.4371 115.392 0.200961
    endloop
  endfacet
  facet normal 0.308762 0.461526 -0.831661
    outer loop
      vertex 43.468 116.361 0.200961
      vertex 42.897 116.743 0.200961
      vertex 43.5673 116.491 0.30997
    endloop
  endfacet
  facet normal 0.309208 0.463182 -0.830574
    outer loop
      vertex 43.5673 116.491 0.30997
      vertex 42.897 116.743 0.200961
      vertex 42.9786 116.884 0.30997
    endloop
  endfacet
  facet normal 0.591836 0.675049 -0.440499
    outer loop
      vertex 44.3725 116.297 0.75
      vertex 43.8022 116.797 0.75
      vertex 44.4339 116.358 0.925975
    endloop
  endfacet
  facet normal 0.675238 0.591513 -0.440642
    outer loop
      vertex 44.8727 115.726 0.75
      vertex 44.3725 116.297 0.75
      vertex 44.4339 116.358 0.925975
    endloop
  endfacet
  facet normal 0.128926 0.147007 -0.980697
    outer loop
      vertex 43.5924 115.516 0.0128326
      vertex 43.1306 115.921 0.0128326
      vertex 43.7285 115.652 0.0511112
    endloop
  endfacet
  facet normal 0.146881 0.129039 -0.980701
    outer loop
      vertex 43.9974 115.055 0.0128326
      vertex 43.5924 115.516 0.0128326
      vertex 43.7285 115.652 0.0511112
    endloop
  endfacet
  facet normal -0.746208 -0.367992 -0.554757
    outer loop
      vertex 0.977886 3.10048 0.75
      vertex 0.642387 3.7808 0.75
      vertex 1.07229 3.15499 0.586858
    endloop
  endfacet
  facet normal -0.691793 -0.462238 -0.55476
    outer loop
      vertex 1.39931 2.46977 0.75
      vertex 0.977886 3.10048 0.75
      vertex 1.07229 3.15499 0.586858
    endloop
  endfacet
  facet normal -0.592074 -0.291978 -0.751131
    outer loop
      vertex 1.18433 3.21967 0.43934
      vertex 0.998909 3.92848 0.30997
      vertex 1.31208 3.29343 0.30997
    endloop
  endfacet
  facet normal -0.674931 -0.332842 -0.658547
    outer loop
      vertex 1.07229 3.15499 0.586858
      vertex 0.743098 3.82252 0.586858
      vertex 1.18433 3.21967 0.43934
    endloop
  endfacet
  facet normal -0.366855 -0.418319 -0.830919
    outer loop
      vertex 2.804 1.8349 0.200961
      vertex 2.17233 2.17233 0.30997
      vertex 2.28769 2.28769 0.200961
    endloop
  endfacet
  facet normal -0.333107 -0.292126 -0.896494
    outer loop
      vertex 2.28769 2.28769 0.200961
      vertex 1.8349 2.804 0.200961
      vertex 2.41212 2.41212 0.114181
    endloop
  endfacet
  facet normal -0.496176 -0.565789 -0.658554
    outer loop
      vertex 2.53613 1.4858 0.586858
      vertex 1.97654 1.97654 0.586858
      vertex 2.06802 2.06802 0.43934
    endloop
  endfacet
  facet normal -0.625538 -0.548574 -0.554769
    outer loop
      vertex 1.97654 1.97654 0.586858
      vertex 1.39931 2.46977 0.75
      vertex 1.4858 2.53613 0.586858
    endloop
  endfacet
  facet normal -0.62572 -0.418091 -0.65854
    outer loop
      vertex 1.4858 2.53613 0.586858
      vertex 1.18433 3.21967 0.43934
      vertex 1.58843 2.61489 0.43934
    endloop
  endfacet
  facet normal -0.691785 -0.462237 -0.554771
    outer loop
      vertex 1.39931 2.46977 0.75
      vertex 1.07229 3.15499 0.586858
      vertex 1.4858 2.53613 0.586858
    endloop
  endfacet
  facet normal -0.54859 -0.625545 -0.554746
    outer loop
      vertex 2.46977 1.39931 0.75
      vertex 1.89946 1.89946 0.75
      vertex 1.97654 1.97654 0.586858
    endloop
  endfacet
  facet normal -0.591605 -0.674594 -0.441506
    outer loop
      vertex 2.46977 1.39931 0.75
      vertex 1.8381 1.8381 0.925975
      vertex 1.89946 1.89946 0.75
    endloop
  endfacet
  facet normal -0.89496 -0.441347 -0.0652696
    outer loop
      vertex 0.803848 3 1.5
      vertex 0.468579 3.70881 1.30421
      vertex 0.814961 3.00642 1.30421
    endloop
  endfacet
  facet normal -0.87971 -0.433827 -0.194692
    outer loop
      vertex 0.814961 3.00642 1.30421
      vertex 0.468579 3.70881 1.30421
      vertex 0.503944 3.72346 1.11177
    endloop
  endfacet
  facet normal 0.246134 -0.368366 -0.896507
    outer loop
      vertex 42.897 1.45337 0.200961
      vertex 42.809 1.60577 0.114181
      vertex 43.468 1.8349 0.200961
    endloop
  endfacet
  facet normal 0.195954 -0.397341 -0.896505
    outer loop
      vertex 42.897 1.45337 0.200961
      vertex 42.2811 1.14963 0.200961
      vertex 42.809 1.60577 0.114181
    endloop
  endfacet
  facet normal -0.028976 -0.442096 -0.8965
    outer loop
      vertex 6 0.75 0.200961
      vertex 5.33771 0.969384 0.114181
      vertex 6 0.925976 0.114181
    endloop
  endfacet
  facet normal -0.0363905 -0.555203 -0.830918
    outer loop
      vertex 6 0.75 0.200961
      vertex 5.29344 0.633168 0.30997
      vertex 5.31474 0.794915 0.200961
    endloop
  endfacet
  facet normal -0.108547 -0.545702 -0.830919
    outer loop
      vertex 5.29344 0.633168 0.30997
      vertex 4.6412 0.92889 0.200961
      vertex 5.31474 0.794915 0.200961
    endloop
  endfacet
  facet normal 0.498981 -0.246092 -0.830938
    outer loop
      vertex 44.9599 3.29343 0.30997
      vertex 44.8186 3.375 0.200961
      vertex 45.2731 3.92848 0.30997
    endloop
  endfacet
  facet normal 0.526932 -0.178834 -0.830879
    outer loop
      vertex 45.2731 3.92848 0.30997
      vertex 45.1224 3.99091 0.200961
      vertex 45.3431 4.6412 0.200961
    endloop
  endfacet
  facet normal 0.368384 -0.246127 -0.896501
    outer loop
      vertex 44.8186 3.375 0.200961
      vertex 44.4371 2.804 0.200961
      vertex 44.6662 3.46299 0.114181
    endloop
  endfacet
  facet normal 0.397333 -0.195986 -0.896502
    outer loop
      vertex 44.8186 3.375 0.200961
      vertex 44.6662 3.46299 0.114181
      vertex 45.1224 3.99091 0.200961
    endloop
  endfacet
  facet normal 0.304911 -0.103482 -0.946742
    outer loop
      vertex 44.9598 4.05826 0.114181
      vertex 44.7881 4.12936 0.0511112
      vertex 45.1731 4.68675 0.114181
    endloop
  endfacet
  facet normal 0.419503 -0.142373 -0.89652
    outer loop
      vertex 45.1224 3.99091 0.200961
      vertex 44.9598 4.05826 0.114181
      vertex 45.1731 4.68675 0.114181
    endloop
  endfacet
  facet normal 0.555315 -0.0363857 -0.830844
    outer loop
      vertex 45.6388 5.29344 0.30997
      vertex 45.4771 5.31474 0.200961
      vertex 45.522 6 0.200961
    endloop
  endfacet
  facet normal 0.545806 -0.108587 -0.830846
    outer loop
      vertex 45.6388 5.29344 0.30997
      vertex 45.3431 4.6412 0.200961
      vertex 45.4771 5.31474 0.200961
    endloop
  endfacet
  facet normal -0.3331 -0.292114 -0.896501
    outer loop
      vertex 2.41212 2.41212 0.114181
      vertex 1.8349 2.804 0.200961
      vertex 1.97451 2.91113 0.114181
    endloop
  endfacet
  facet normal -0.462618 -0.309117 -0.830922
    outer loop
      vertex 1.70547 2.70469 0.30997
      vertex 1.31208 3.29343 0.30997
      vertex 1.45337 3.375 0.200961
    endloop
  endfacet
  facet normal 0.304071 0.89744 -0.319598
    outer loop
      vertex 42.5244 117.634 0.925975
      vertex 41.7954 117.881 0.925975
      vertex 42.5485 117.692 1.11177
    endloop
  endfacet
  facet normal 0.419564 0.849586 -0.31964
    outer loop
      vertex 43.2149 117.293 0.925975
      vertex 42.5244 117.634 0.925975
      vertex 42.5485 117.692 1.11177
    endloop
  endfacet
  facet normal 0.162365 0.816214 -0.554466
    outer loop
      vertex 41.7729 117.797 0.75
      vertex 41.0147 117.837 0.586858
      vertex 41.0289 117.945 0.75
    endloop
  endfacet
  facet normal 0.0548542 0.830382 -0.554488
    outer loop
      vertex 41.0147 117.837 0.586858
      vertex 40.272 117.995 0.75
      vertex 41.0289 117.945 0.75
    endloop
  endfacet
  facet normal 0.462364 0.692667 -0.553564
    outer loop
      vertex 43.8022 116.797 0.75
      vertex 43.117 117.124 0.586858
      vertex 43.1715 117.218 0.75
    endloop
  endfacet
  facet normal 0.462079 0.690774 -0.556161
    outer loop
      vertex 43.7359 116.71 0.586858
      vertex 43.117 117.124 0.586858
      vertex 43.8022 116.797 0.75
    endloop
  endfacet
  facet normal 0.625565 0.417836 -0.658849
    outer loop
      vertex 45.0877 114.976 0.43934
      vertex 44.6836 115.581 0.43934
      vertex 44.7862 115.66 0.586858
    endloop
  endfacet
  facet normal 0.548611 0.366436 -0.751499
    outer loop
      vertex 45.0877 114.976 0.43934
      vertex 44.5665 115.491 0.30997
      vertex 44.6836 115.581 0.43934
    endloop
  endfacet
  facet normal 0.333479 0.292634 -0.89619
    outer loop
      vertex 44.4371 115.392 0.200961
      vertex 43.8599 115.784 0.114181
      vertex 43.9843 115.908 0.200961
    endloop
  endfacet
  facet normal 0.366251 0.417542 -0.831576
    outer loop
      vertex 44.0997 116.024 0.30997
      vertex 43.468 116.361 0.200961
      vertex 43.5673 116.491 0.30997
    endloop
  endfacet
  facet normal 0.26793 0.178888 -0.946685
    outer loop
      vertex 44.5053 114.64 0.0511112
      vertex 44.1501 115.172 0.0511112
      vertex 44.2975 115.285 0.114181
    endloop
  endfacet
  facet normal 0.162637 0.108588 -0.980692
    outer loop
      vertex 44.5053 114.64 0.0511112
      vertex 43.9974 115.055 0.0128326
      vertex 44.1501 115.172 0.0511112
    endloop
  endfacet
  facet normal 0.435716 0.496735 -0.750604
    outer loop
      vertex 44.0997 116.024 0.30997
      vertex 43.5673 116.491 0.30997
      vertex 44.204 116.128 0.43934
    endloop
  endfacet
  facet normal 0.497032 0.435299 -0.750649
    outer loop
      vertex 44.5665 115.491 0.30997
      vertex 44.0997 116.024 0.30997
      vertex 44.204 116.128 0.43934
    endloop
  endfacet
  facet normal -0.750926 -0.0492182 -0.65855
    outer loop
      vertex 0.486913 5.27419 0.43934
      vertex 0.358649 5.2573 0.586858
      vertex 0.439341 6 0.43934
    endloop
  endfacet
  facet normal -0.658735 -0.0431757 -0.751135
    outer loop
      vertex 0.486913 5.27419 0.43934
      vertex 0.439341 6 0.43934
      vertex 0.633168 5.29344 0.30997
    endloop
  endfacet
  facet normal -0.41953 -0.142409 -0.896501
    outer loop
      vertex 1.14963 3.99091 0.200961
      vertex 0.92889 4.6412 0.200961
      vertex 1.09887 4.68675 0.114181
    endloop
  endfacet
  facet normal -0.647461 -0.12879 -0.751137
    outer loop
      vertex 0.771307 4.59898 0.30997
      vertex 0.628816 4.5608 0.43934
      vertex 0.633168 5.29344 0.30997
    endloop
  endfacet
  facet normal -0.30496 -0.103518 -0.946722
    outer loop
      vertex 1.31221 4.05826 0.114181
      vertex 1.09887 4.68675 0.114181
      vertex 1.48387 4.12936 0.0511112
    endloop
  endfacet
  facet normal -0.625715 -0.41809 -0.658545
    outer loop
      vertex 1.4858 2.53613 0.586858
      vertex 1.07229 3.15499 0.586858
      vertex 1.18433 3.21967 0.43934
    endloop
  endfacet
  facet normal -0.815562 -0.544934 -0.194693
    outer loop
      vertex 1.25006 2.35524 1.30421
      vertex 0.814961 3.00642 1.30421
      vertex 0.848112 3.02556 1.11177
    endloop
  endfacet
  facet normal -0.87971 -0.433827 -0.194693
    outer loop
      vertex 0.814961 3.00642 1.30421
      vertex 0.503944 3.72346 1.11177
      vertex 0.848112 3.02556 1.11177
    endloop
  endfacet
  facet normal 0.315881 -0.0628404 -0.946716
    outer loop
      vertex 45.1731 4.68675 0.114181
      vertex 45.1184 5.36196 0.0511112
      vertex 45.3026 5.33771 0.114181
    endloop
  endfacet
  facet normal 0.434488 -0.0864357 -0.896521
    outer loop
      vertex 45.3431 4.6412 0.200961
      vertex 45.1731 4.68675 0.114181
      vertex 45.3026 5.33771 0.114181
    endloop
  endfacet
  facet normal -0.496329 -0.435262 -0.751135
    outer loop
      vertex 2.06802 2.06802 0.43934
      vertex 1.70547 2.70469 0.30997
      vertex 2.17233 2.17233 0.30997
    endloop
  endfacet
  facet normal -0.49632 -0.435259 -0.751144
    outer loop
      vertex 2.06802 2.06802 0.43934
      vertex 1.58843 2.61489 0.43934
      vertex 1.70547 2.70469 0.30997
    endloop
  endfacet
  facet normal -0.288852 -0.142444 -0.946718
    outer loop
      vertex 1.60577 3.46299 0.114181
      vertex 1.48387 4.12936 0.0511112
      vertex 1.76667 3.55589 0.0511112
    endloop
  endfacet
  facet normal -0.267786 -0.178929 -0.946718
    outer loop
      vertex 1.97451 2.91113 0.114181
      vertex 1.60577 3.46299 0.114181
      vertex 1.76667 3.55589 0.0511112
    endloop
  endfacet
  facet normal 0.0591465 0.895359 -0.441399
    outer loop
      vertex 41.0289 117.945 0.75
      vertex 40.272 117.995 0.75
      vertex 41.0403 118.031 0.925975
    endloop
  endfacet
  facet normal 0.175064 0.880053 -0.441428
    outer loop
      vertex 41.7729 117.797 0.75
      vertex 41.0289 117.945 0.75
      vertex 41.0403 118.031 0.925975
    endloop
  endfacet
  facet normal 0.33273 0.675068 -0.658464
    outer loop
      vertex 43.0523 117.012 0.43934
      vertex 42.4495 117.453 0.586858
      vertex 43.117 117.124 0.586858
    endloop
  endfacet
  facet normal 0.418451 0.625554 -0.658468
    outer loop
      vertex 43.7359 116.71 0.586858
      vertex 43.0523 117.012 0.43934
      vertex 43.117 117.124 0.586858
    endloop
  endfacet
  facet normal -0.288838 -0.142442 -0.946722
    outer loop
      vertex 1.60577 3.46299 0.114181
      vertex 1.31221 4.05826 0.114181
      vertex 1.48387 4.12936 0.0511112
    endloop
  endfacet
  facet normal -0.545708 -0.10855 -0.830915
    outer loop
      vertex 0.771307 4.59898 0.30997
      vertex 0.633168 5.29344 0.30997
      vertex 0.92889 4.6412 0.200961
    endloop
  endfacet
  facet normal -0.526877 -0.178848 -0.830912
    outer loop
      vertex 0.998909 3.92848 0.30997
      vertex 0.92889 4.6412 0.200961
      vertex 1.14963 3.99091 0.200961
    endloop
  endfacet
  facet normal -0.712601 -0.241896 -0.658549
    outer loop
      vertex 0.743098 3.82252 0.586858
      vertex 0.503854 4.52731 0.586858
      vertex 0.86262 3.87203 0.43934
    endloop
  endfacet
  facet normal -0.548894 -0.366765 -0.751131
    outer loop
      vertex 1.70547 2.70469 0.30997
      vertex 1.18433 3.21967 0.43934
      vertex 1.31208 3.29343 0.30997
    endloop
  endfacet
  facet normal -0.548884 -0.366752 -0.751145
    outer loop
      vertex 1.58843 2.61489 0.43934
      vertex 1.18433 3.21967 0.43934
      vertex 1.70547 2.70469 0.30997
    endloop
  endfacet
  facet normal -0.368376 -0.246141 -0.896501
    outer loop
      vertex 1.8349 2.804 0.200961
      vertex 1.45337 3.375 0.200961
      vertex 1.60577 3.46299 0.114181
    endloop
  endfacet
  facet normal -0.368377 -0.246141 -0.8965
    outer loop
      vertex 1.8349 2.804 0.200961
      vertex 1.60577 3.46299 0.114181
      vertex 1.97451 2.91113 0.114181
    endloop
  endfacet
  facet normal -0.39735 -0.195956 -0.896501
    outer loop
      vertex 1.45337 3.375 0.200961
      vertex 1.14963 3.99091 0.200961
      vertex 1.60577 3.46299 0.114181
    endloop
  endfacet
  facet normal -0.526873 -0.178848 -0.830914
    outer loop
      vertex 0.998909 3.92848 0.30997
      vertex 0.771307 4.59898 0.30997
      vertex 0.92889 4.6412 0.200961
    endloop
  endfacet
  facet normal -0.499022 -0.246096 -0.830912
    outer loop
      vertex 1.45337 3.375 0.200961
      vertex 0.998909 3.92848 0.30997
      vertex 1.14963 3.99091 0.200961
    endloop
  endfacet
  facet normal -0.499009 -0.246083 -0.830923
    outer loop
      vertex 1.31208 3.29343 0.30997
      vertex 0.998909 3.92848 0.30997
      vertex 1.45337 3.375 0.200961
    endloop
  endfacet
  facet normal -0.397349 -0.195954 -0.896502
    outer loop
      vertex 1.60577 3.46299 0.114181
      vertex 1.14963 3.99091 0.200961
      vertex 1.31221 4.05826 0.114181
    endloop
  endfacet
  facet normal -0.41953 -0.142409 -0.896501
    outer loop
      vertex 1.14963 3.99091 0.200961
      vertex 1.09887 4.68675 0.114181
      vertex 1.31221 4.05826 0.114181
    endloop
  endfacet
  facet normal 0.75183 0.659357 0
    outer loop
      vertex 2.46447 2.46447 7
      vertex 2.03323 2.95619 1
      vertex 2.03323 2.95619 7
    endloop
  endfacet
  facet normal 0.75183 0.659357 0
    outer loop
      vertex 2.03323 2.95619 1
      vertex 2.46447 2.46447 7
      vertex 2.46447 2.46447 1
    endloop
  endfacet
  facet normal -1 0 0
    outer loop
      vertex 45.272 98.2336 3.23926
      vertex 45.272 112.196 1
      vertex 45.272 98.246 3.05
    endloop
  endfacet
  facet normal -1 0 0
    outer loop
      vertex 45.272 112.196 1
      vertex 45.272 98.2336 2.86074
      vertex 45.272 98.246 3.05
    endloop
  endfacet
  facet normal -1 0 0
    outer loop
      vertex 45.272 112.196 1
      vertex 45.272 98.1966 2.67471
      vertex 45.272 98.2336 2.86074
    endloop
  endfacet
  facet normal -1 0 0
    outer loop
      vertex 45.272 112.196 1
      vertex 45.272 98.1356 2.49511
      vertex 45.272 98.1966 2.67471
    endloop
  endfacet
  facet normal -1 0 0
    outer loop
      vertex 45.272 112.196 1
      vertex 45.272 98.0517 2.325
      vertex 45.272 98.1356 2.49511
    endloop
  endfacet
  facet normal -1 0 0
    outer loop
      vertex 45.272 112.196 1
      vertex 45.272 97.9464 2.1673
      vertex 45.272 98.0517 2.325
    endloop
  endfacet
  facet normal -1 0 0
    outer loop
      vertex 45.272 112.196 1
      vertex 45.272 97.8213 2.02469
      vertex 45.272 97.9464 2.1673
    endloop
  endfacet
  facet normal -1 0 0
    outer loop
      vertex 45.272 112.196 1
      vertex 45.272 97.6787 1.89964
      vertex 45.272 97.8213 2.02469
    endloop
  endfacet
  facet normal -1 0 0
    outer loop
      vertex 45.272 112.196 1
      vertex 45.272 97.521 1.79426
      vertex 45.272 97.6787 1.89964
    endloop
  endfacet
  facet normal -1 0 0
    outer loop
      vertex 45.272 112.196 1
      vertex 45.272 97.3509 1.71037
      vertex 45.272 97.521 1.79426
    endloop
  endfacet
  facet normal -1 0 0
    outer loop
      vertex 45.272 112.196 1
      vertex 45.272 97.1713 1.64941
      vertex 45.272 97.3509 1.71037
    endloop
  endfacet
  facet normal -1 0 0
    outer loop
      vertex 45.272 112.196 1
      vertex 45.272 96.9853 1.6124
      vertex 45.272 97.1713 1.64941
    endloop
  endfacet
  facet normal -1 0 0
    outer loop
      vertex 45.272 112.196 1
      vertex 45.272 96.796 1.6
      vertex 45.272 96.9853 1.6124
    endloop
  endfacet
  facet normal -1 0 0
    outer loop
      vertex 45.272 112.196 1
      vertex 45.272 90.196 1.6
      vertex 45.272 96.796 1.6
    endloop
  endfacet
  facet normal -1 0 0
    outer loop
      vertex 45.272 88.7584 2.86074
      vertex 45.272 87.646 3.05
      vertex 45.272 88.746 3.05
    endloop
  endfacet
  facet normal -1 0 0
    outer loop
      vertex 45.272 87.6336 2.86074
      vertex 45.272 88.7584 2.86074
      vertex 45.272 88.7954 2.67471
    endloop
  endfacet
  facet normal -1 0 0
    outer loop
      vertex 45.272 87.5966 2.67471
      vertex 45.272 88.7954 2.67471
      vertex 45.272 88.8564 2.49511
    endloop
  endfacet
  facet normal -1 0 0
    outer loop
      vertex 45.272 87.5356 2.49511
      vertex 45.272 88.8564 2.49511
      vertex 45.272 88.9403 2.325
    endloop
  endfacet
  facet normal -1 0 0
    outer loop
      vertex 45.272 87.4517 2.325
      vertex 45.272 88.9403 2.325
      vertex 45.272 89.0456 2.1673
    endloop
  endfacet
  facet normal -1 0 0
    outer loop
      vertex 45.272 87.3464 2.1673
      vertex 45.272 89.0456 2.1673
      vertex 45.272 89.1707 2.02469
    endloop
  endfacet
  facet normal -1 0 0
    outer loop
      vertex 45.272 87.2213 2.02469
      vertex 45.272 89.1707 2.02469
      vertex 45.272 89.3133 1.89964
    endloop
  endfacet
  facet normal -1 0 0
    outer loop
      vertex 45.272 88.7584 2.86074
      vertex 45.272 87.6336 2.86074
      vertex 45.272 87.646 3.05
    endloop
  endfacet
  facet normal -1 0 0
    outer loop
      vertex 45.272 87.0787 1.89964
      vertex 45.272 89.3133 1.89964
      vertex 45.272 89.471 1.79426
    endloop
  endfacet
  facet normal -1 0 0
    outer loop
      vertex 45.272 88.7954 2.67471
      vertex 45.272 87.5966 2.67471
      vertex 45.272 87.6336 2.86074
    endloop
  endfacet
  facet normal -1 0 0
    outer loop
      vertex 45.272 86.921 1.79426
      vertex 45.272 89.471 1.79426
      vertex 45.272 89.6411 1.71037
    endloop
  endfacet
  facet normal -1 0 0
    outer loop
      vertex 45.272 88.8564 2.49511
      vertex 45.272 87.5356 2.49511
      vertex 45.272 87.5966 2.67471
    endloop
  endfacet
  facet normal -1 0 0
    outer loop
      vertex 45.272 88.9403 2.325
      vertex 45.272 87.4517 2.325
      vertex 45.272 87.5356 2.49511
    endloop
  endfacet
  facet normal -1 0 0
    outer loop
      vertex 45.272 86.7509 1.71037
      vertex 45.272 89.6411 1.71037
      vertex 45.272 89.8207 1.64941
    endloop
  endfacet
  facet normal -1 0 0
    outer loop
      vertex 45.272 89.0456 2.1673
      vertex 45.272 87.3464 2.1673
      vertex 45.272 87.4517 2.325
    endloop
  endfacet
  facet normal -1 0 0
    outer loop
      vertex 45.272 89.1707 2.02469
      vertex 45.272 87.2213 2.02469
      vertex 45.272 87.3464 2.1673
    endloop
  endfacet
  facet normal -1 0 0
    outer loop
      vertex 45.272 86.5713 1.64941
      vertex 45.272 89.8207 1.64941
      vertex 45.272 90.0067 1.6124
    endloop
  endfacet
  facet normal -1 0 0
    outer loop
      vertex 45.272 89.3133 1.89964
      vertex 45.272 87.0787 1.89964
      vertex 45.272 87.2213 2.02469
    endloop
  endfacet
  facet normal -1 0 0
    outer loop
      vertex 45.272 89.471 1.79426
      vertex 45.272 86.921 1.79426
      vertex 45.272 87.0787 1.89964
    endloop
  endfacet
  facet normal -1 0 0
    outer loop
      vertex 45.272 86.3853 1.6124
      vertex 45.272 90.0067 1.6124
      vertex 45.272 90.196 1.6
    endloop
  endfacet
  facet normal -1 0 0
    outer loop
      vertex 45.272 89.6411 1.71037
      vertex 45.272 86.7509 1.71037
      vertex 45.272 86.921 1.79426
    endloop
  endfacet
  facet normal -1 0 0
    outer loop
      vertex 45.272 89.8207 1.64941
      vertex 45.272 86.5713 1.64941
      vertex 45.272 86.7509 1.71037
    endloop
  endfacet
  facet normal -1 0 0
    outer loop
      vertex 45.272 86.196 1.6
      vertex 45.272 90.196 1.6
      vertex 45.272 112.196 1
    endloop
  endfacet
  facet normal -1 0 0
    outer loop
      vertex 45.272 90.0067 1.6124
      vertex 45.272 86.3853 1.6124
      vertex 45.272 86.5713 1.64941
    endloop
  endfacet
  facet normal -1 0 0
    outer loop
      vertex 45.272 90.196 1.6
      vertex 45.272 86.196 1.6
      vertex 45.272 86.3853 1.6124
    endloop
  endfacet
  facet normal -1 0 0
    outer loop
      vertex 45.272 112.196 1
      vertex 45.272 79.596 1.6
      vertex 45.272 86.196 1.6
    endloop
  endfacet
  facet normal -1 0 0
    outer loop
      vertex 45.272 78.1584 2.86074
      vertex 45.272 73.646 3.05
      vertex 45.272 78.146 3.05
    endloop
  endfacet
  facet normal -1 0 0
    outer loop
      vertex 45.272 73.6336 2.86074
      vertex 45.272 78.1584 2.86074
      vertex 45.272 78.1954 2.67471
    endloop
  endfacet
  facet normal -1 0 0
    outer loop
      vertex 45.272 73.5966 2.67471
      vertex 45.272 78.1954 2.67471
      vertex 45.272 78.2564 2.49511
    endloop
  endfacet
  facet normal -1 0 0
    outer loop
      vertex 45.272 73.5356 2.49511
      vertex 45.272 78.2564 2.49511
      vertex 45.272 78.3403 2.325
    endloop
  endfacet
  facet normal -1 0 0
    outer loop
      vertex 45.272 73.4517 2.325
      vertex 45.272 78.3403 2.325
      vertex 45.272 78.4456 2.1673
    endloop
  endfacet
  facet normal -1 0 0
    outer loop
      vertex 45.272 73.3464 2.1673
      vertex 45.272 78.4456 2.1673
      vertex 45.272 78.5707 2.02469
    endloop
  endfacet
  facet normal -1 0 0
    outer loop
      vertex 45.272 73.2213 2.02469
      vertex 45.272 78.5707 2.02469
      vertex 45.272 78.7133 1.89964
    endloop
  endfacet
  facet normal -1 0 0
    outer loop
      vertex 45.272 73.0787 1.89964
      vertex 45.272 78.7133 1.89964
      vertex 45.272 78.871 1.79426
    endloop
  endfacet
  facet normal -1 0 0
    outer loop
      vertex 45.272 72.921 1.79426
      vertex 45.272 78.871 1.79426
      vertex 45.272 79.0411 1.71037
    endloop
  endfacet
  facet normal -1 0 0
    outer loop
      vertex 45.272 72.7509 1.71037
      vertex 45.272 79.0411 1.71037
      vertex 45.272 79.2207 1.64941
    endloop
  endfacet
  facet normal -1 0 0
    outer loop
      vertex 45.272 78.1584 2.86074
      vertex 45.272 73.6336 2.86074
      vertex 45.272 73.646 3.05
    endloop
  endfacet
  facet normal -1 0 0
    outer loop
      vertex 45.272 78.1954 2.67471
      vertex 45.272 73.5966 2.67471
      vertex 45.272 73.6336 2.86074
    endloop
  endfacet
  facet normal -1 0 0
    outer loop
      vertex 45.272 72.5713 1.64941
      vertex 45.272 79.2207 1.64941
      vertex 45.272 79.4067 1.6124
    endloop
  endfacet
  facet normal -1 0 0
    outer loop
      vertex 45.272 78.2564 2.49511
      vertex 45.272 73.5356 2.49511
      vertex 45.272 73.5966 2.67471
    endloop
  endfacet
  facet normal -1 0 0
    outer loop
      vertex 45.272 78.3403 2.325
      vertex 45.272 73.4517 2.325
      vertex 45.272 73.5356 2.49511
    endloop
  endfacet
  facet normal -1 0 0
    outer loop
      vertex 45.272 78.4456 2.1673
      vertex 45.272 73.3464 2.1673
      vertex 45.272 73.4517 2.325
    endloop
  endfacet
  facet normal -1 0 0
    outer loop
      vertex 45.272 78.5707 2.02469
      vertex 45.272 73.2213 2.02469
      vertex 45.272 73.3464 2.1673
    endloop
  endfacet
  facet normal -1 0 0
    outer loop
      vertex 45.272 78.7133 1.89964
      vertex 45.272 73.0787 1.89964
      vertex 45.272 73.2213 2.02469
    endloop
  endfacet
  facet normal -1 0 0
    outer loop
      vertex 45.272 72.3853 1.6124
      vertex 45.272 79.4067 1.6124
      vertex 45.272 79.596 1.6
    endloop
  endfacet
  facet normal -1 0 0
    outer loop
      vertex 45.272 78.871 1.79426
      vertex 45.272 72.921 1.79426
      vertex 45.272 73.0787 1.89964
    endloop
  endfacet
  facet normal -1 0 0
    outer loop
      vertex 45.272 79.0411 1.71037
      vertex 45.272 72.7509 1.71037
      vertex 45.272 72.921 1.79426
    endloop
  endfacet
  facet normal -1 0 0
    outer loop
      vertex 45.272 72.196 1.6
      vertex 45.272 79.596 1.6
      vertex 45.272 112.196 1
    endloop
  endfacet
  facet normal -1 0 0
    outer loop
      vertex 45.272 79.2207 1.64941
      vertex 45.272 72.5713 1.64941
      vertex 45.272 72.7509 1.71037
    endloop
  endfacet
  facet normal -1 0 0
    outer loop
      vertex 45.272 79.4067 1.6124
      vertex 45.272 72.3853 1.6124
      vertex 45.272 72.5713 1.64941
    endloop
  endfacet
  facet normal -1 0 0
    outer loop
      vertex 45.272 79.596 1.6
      vertex 45.272 72.196 1.6
      vertex 45.272 72.3853 1.6124
    endloop
  endfacet
  facet normal -1 0 0
    outer loop
      vertex 45.272 112.196 1
      vertex 45.272 67.596 1.6
      vertex 45.272 72.196 1.6
    endloop
  endfacet
  facet normal -1 -0 0
    outer loop
      vertex 45.272 66.1584 2.86074
      vertex 45.272 6 1
      vertex 45.272 66.146 3.05
    endloop
  endfacet
  facet normal -1 -0 0
    outer loop
      vertex 45.272 66.1954 2.67471
      vertex 45.272 6 1
      vertex 45.272 66.1584 2.86074
    endloop
  endfacet
  facet normal -1 -0 0
    outer loop
      vertex 45.272 66.2564 2.49511
      vertex 45.272 6 1
      vertex 45.272 66.1954 2.67471
    endloop
  endfacet
  facet normal -1 -0 0
    outer loop
      vertex 45.272 66.3403 2.325
      vertex 45.272 6 1
      vertex 45.272 66.2564 2.49511
    endloop
  endfacet
  facet normal -1 -0 0
    outer loop
      vertex 45.272 66.4456 2.1673
      vertex 45.272 6 1
      vertex 45.272 66.3403 2.325
    endloop
  endfacet
  facet normal -1 -0 0
    outer loop
      vertex 45.272 66.5707 2.02469
      vertex 45.272 6 1
      vertex 45.272 66.4456 2.1673
    endloop
  endfacet
  facet normal -1 -0 0
    outer loop
      vertex 45.272 66.7133 1.89964
      vertex 45.272 6 1
      vertex 45.272 66.5707 2.02469
    endloop
  endfacet
  facet normal -1 -0 0
    outer loop
      vertex 45.272 66.871 1.79426
      vertex 45.272 6 1
      vertex 45.272 66.7133 1.89964
    endloop
  endfacet
  facet normal -1 -0 0
    outer loop
      vertex 45.272 67.0411 1.71037
      vertex 45.272 6 1
      vertex 45.272 66.871 1.79426
    endloop
  endfacet
  facet normal -1 -0 0
    outer loop
      vertex 45.272 67.2207 1.64941
      vertex 45.272 6 1
      vertex 45.272 67.0411 1.71037
    endloop
  endfacet
  facet normal -1 -0 0
    outer loop
      vertex 45.272 67.4067 1.6124
      vertex 45.272 6 1
      vertex 45.272 67.2207 1.64941
    endloop
  endfacet
  facet normal -1 -0 0
    outer loop
      vertex 45.272 67.596 1.6
      vertex 45.272 6 1
      vertex 45.272 67.4067 1.6124
    endloop
  endfacet
  facet normal -1 0 0
    outer loop
      vertex 45.272 6 1
      vertex 45.272 67.596 1.6
      vertex 45.272 112.196 1
    endloop
  endfacet
  facet normal -1 0 0
    outer loop
      vertex 45.272 112.196 1
      vertex 45.272 98.2336 3.23926
      vertex 45.272 112.196 7
    endloop
  endfacet
  facet normal -1 0 0
    outer loop
      vertex 45.272 98.1966 3.42529
      vertex 45.272 112.196 7
      vertex 45.272 98.2336 3.23926
    endloop
  endfacet
  facet normal -1 0 0
    outer loop
      vertex 45.272 98.1356 3.60489
      vertex 45.272 112.196 7
      vertex 45.272 98.1966 3.42529
    endloop
  endfacet
  facet normal -1 0 0
    outer loop
      vertex 45.272 98.0517 3.775
      vertex 45.272 112.196 7
      vertex 45.272 98.1356 3.60489
    endloop
  endfacet
  facet normal -1 0 0
    outer loop
      vertex 45.272 97.9464 3.9327
      vertex 45.272 112.196 7
      vertex 45.272 98.0517 3.775
    endloop
  endfacet
  facet normal -1 0 0
    outer loop
      vertex 45.272 97.8213 4.0753
      vertex 45.272 112.196 7
      vertex 45.272 97.9464 3.9327
    endloop
  endfacet
  facet normal -1 0 0
    outer loop
      vertex 45.272 97.6787 4.20036
      vertex 45.272 112.196 7
      vertex 45.272 97.8213 4.0753
    endloop
  endfacet
  facet normal -1 0 0
    outer loop
      vertex 45.272 97.521 4.30574
      vertex 45.272 112.196 7
      vertex 45.272 97.6787 4.20036
    endloop
  endfacet
  facet normal -1 0 0
    outer loop
      vertex 45.272 97.3509 4.38962
      vertex 45.272 112.196 7
      vertex 45.272 97.521 4.30574
    endloop
  endfacet
  facet normal -1 0 0
    outer loop
      vertex 45.272 97.1713 4.45059
      vertex 45.272 112.196 7
      vertex 45.272 97.3509 4.38962
    endloop
  endfacet
  facet normal -1 0 0
    outer loop
      vertex 45.272 96.9853 4.48759
      vertex 45.272 112.196 7
      vertex 45.272 97.1713 4.45059
    endloop
  endfacet
  facet normal -1 0 0
    outer loop
      vertex 45.272 96.796 4.5
      vertex 45.272 112.196 7
      vertex 45.272 96.9853 4.48759
    endloop
  endfacet
  facet normal -1 0 0
    outer loop
      vertex 45.272 90.196 4.5
      vertex 45.272 112.196 7
      vertex 45.272 96.796 4.5
    endloop
  endfacet
  facet normal -1 0 0
    outer loop
      vertex 45.272 86.196 4.5
      vertex 45.272 90.196 4.5
      vertex 45.272 90.0067 4.48759
    endloop
  endfacet
  facet normal -1 0 0
    outer loop
      vertex 45.272 87.646 3.05
      vertex 45.272 88.7584 3.23926
      vertex 45.272 88.746 3.05
    endloop
  endfacet
  facet normal -1 0 0
    outer loop
      vertex 45.272 87.6336 3.23926
      vertex 45.272 88.7584 3.23926
      vertex 45.272 87.646 3.05
    endloop
  endfacet
  facet normal -1 0 0
    outer loop
      vertex 45.272 88.7584 3.23926
      vertex 45.272 87.6336 3.23926
      vertex 45.272 88.7954 3.42529
    endloop
  endfacet
  facet normal -1 0 0
    outer loop
      vertex 45.272 87.5966 3.42529
      vertex 45.272 88.7954 3.42529
      vertex 45.272 87.6336 3.23926
    endloop
  endfacet
  facet normal -1 0 0
    outer loop
      vertex 45.272 88.7954 3.42529
      vertex 45.272 87.5966 3.42529
      vertex 45.272 88.8564 3.60489
    endloop
  endfacet
  facet normal -1 0 0
    outer loop
      vertex 45.272 87.5356 3.60489
      vertex 45.272 88.8564 3.60489
      vertex 45.272 87.5966 3.42529
    endloop
  endfacet
  facet normal -1 0 0
    outer loop
      vertex 45.272 88.8564 3.60489
      vertex 45.272 87.5356 3.60489
      vertex 45.272 88.9403 3.775
    endloop
  endfacet
  facet normal -1 0 0
    outer loop
      vertex 45.272 87.4517 3.775
      vertex 45.272 88.9403 3.775
      vertex 45.272 87.5356 3.60489
    endloop
  endfacet
  facet normal -1 0 0
    outer loop
      vertex 45.272 88.9403 3.775
      vertex 45.272 87.4517 3.775
      vertex 45.272 89.0456 3.9327
    endloop
  endfacet
  facet normal -1 0 0
    outer loop
      vertex 45.272 87.3464 3.9327
      vertex 45.272 89.0456 3.9327
      vertex 45.272 87.4517 3.775
    endloop
  endfacet
  facet normal -1 0 0
    outer loop
      vertex 45.272 89.0456 3.9327
      vertex 45.272 87.3464 3.9327
      vertex 45.272 89.1707 4.0753
    endloop
  endfacet
  facet normal -1 0 0
    outer loop
      vertex 45.272 87.2213 4.0753
      vertex 45.272 89.1707 4.0753
      vertex 45.272 87.3464 3.9327
    endloop
  endfacet
  facet normal -1 0 0
    outer loop
      vertex 45.272 89.1707 4.0753
      vertex 45.272 87.2213 4.0753
      vertex 45.272 89.3133 4.20036
    endloop
  endfacet
  facet normal -1 0 0
    outer loop
      vertex 45.272 87.0787 4.20036
      vertex 45.272 89.3133 4.20036
      vertex 45.272 87.2213 4.0753
    endloop
  endfacet
  facet normal -1 0 0
    outer loop
      vertex 45.272 89.3133 4.20036
      vertex 45.272 87.0787 4.20036
      vertex 45.272 89.471 4.30574
    endloop
  endfacet
  facet normal -1 0 0
    outer loop
      vertex 45.272 86.921 4.30574
      vertex 45.272 89.471 4.30574
      vertex 45.272 87.0787 4.20036
    endloop
  endfacet
  facet normal -1 0 0
    outer loop
      vertex 45.272 89.471 4.30574
      vertex 45.272 86.921 4.30574
      vertex 45.272 89.6411 4.38962
    endloop
  endfacet
  facet normal -1 0 0
    outer loop
      vertex 45.272 86.7509 4.38962
      vertex 45.272 89.6411 4.38962
      vertex 45.272 86.921 4.30574
    endloop
  endfacet
  facet normal -1 0 0
    outer loop
      vertex 45.272 89.6411 4.38962
      vertex 45.272 86.7509 4.38962
      vertex 45.272 89.8207 4.45059
    endloop
  endfacet
  facet normal -1 0 0
    outer loop
      vertex 45.272 86.5713 4.45059
      vertex 45.272 89.8207 4.45059
      vertex 45.272 86.7509 4.38962
    endloop
  endfacet
  facet normal -1 0 0
    outer loop
      vertex 45.272 89.8207 4.45059
      vertex 45.272 86.5713 4.45059
      vertex 45.272 90.0067 4.48759
    endloop
  endfacet
  facet normal -1 0 0
    outer loop
      vertex 45.272 86.3853 4.48759
      vertex 45.272 90.0067 4.48759
      vertex 45.272 86.5713 4.45059
    endloop
  endfacet
  facet normal -1 0 0
    outer loop
      vertex 45.272 86.196 4.5
      vertex 45.272 90.0067 4.48759
      vertex 45.272 86.3853 4.48759
    endloop
  endfacet
  facet normal -1 0 0
    outer loop
      vertex 45.272 90.196 4.5
      vertex 45.272 86.196 4.5
      vertex 45.272 112.196 7
    endloop
  endfacet
  facet normal -1 0 0
    outer loop
      vertex 45.272 79.596 4.5
      vertex 45.272 112.196 7
      vertex 45.272 86.196 4.5
    endloop
  endfacet
  facet normal -1 0 0
    outer loop
      vertex 45.272 72.196 4.5
      vertex 45.272 79.596 4.5
      vertex 45.272 79.4067 4.48759
    endloop
  endfacet
  facet normal -1 0 0
    outer loop
      vertex 45.272 73.646 3.05
      vertex 45.272 78.1584 3.23926
      vertex 45.272 78.146 3.05
    endloop
  endfacet
  facet normal -1 0 0
    outer loop
      vertex 45.272 73.6336 3.23926
      vertex 45.272 78.1584 3.23926
      vertex 45.272 73.646 3.05
    endloop
  endfacet
  facet normal -1 0 0
    outer loop
      vertex 45.272 78.1584 3.23926
      vertex 45.272 73.6336 3.23926
      vertex 45.272 78.1954 3.42529
    endloop
  endfacet
  facet normal -1 0 0
    outer loop
      vertex 45.272 73.5966 3.42529
      vertex 45.272 78.1954 3.42529
      vertex 45.272 73.6336 3.23926
    endloop
  endfacet
  facet normal -1 0 0
    outer loop
      vertex 45.272 78.1954 3.42529
      vertex 45.272 73.5966 3.42529
      vertex 45.272 78.2564 3.60489
    endloop
  endfacet
  facet normal -1 0 0
    outer loop
      vertex 45.272 73.5356 3.60489
      vertex 45.272 78.2564 3.60489
      vertex 45.272 73.5966 3.42529
    endloop
  endfacet
  facet normal -1 0 0
    outer loop
      vertex 45.272 78.2564 3.60489
      vertex 45.272 73.5356 3.60489
      vertex 45.272 78.3403 3.775
    endloop
  endfacet
  facet normal -1 0 0
    outer loop
      vertex 45.272 73.4517 3.775
      vertex 45.272 78.3403 3.775
      vertex 45.272 73.5356 3.60489
    endloop
  endfacet
  facet normal -1 0 0
    outer loop
      vertex 45.272 78.3403 3.775
      vertex 45.272 73.4517 3.775
      vertex 45.272 78.4456 3.9327
    endloop
  endfacet
  facet normal -1 0 0
    outer loop
      vertex 45.272 73.3464 3.9327
      vertex 45.272 78.4456 3.9327
      vertex 45.272 73.4517 3.775
    endloop
  endfacet
  facet normal -1 0 0
    outer loop
      vertex 45.272 78.4456 3.9327
      vertex 45.272 73.3464 3.9327
      vertex 45.272 78.5707 4.0753
    endloop
  endfacet
  facet normal -1 0 0
    outer loop
      vertex 45.272 73.2213 4.0753
      vertex 45.272 78.5707 4.0753
      vertex 45.272 73.3464 3.9327
    endloop
  endfacet
  facet normal -1 0 0
    outer loop
      vertex 45.272 78.5707 4.0753
      vertex 45.272 73.2213 4.0753
      vertex 45.272 78.7133 4.20036
    endloop
  endfacet
  facet normal -1 0 0
    outer loop
      vertex 45.272 73.0787 4.20036
      vertex 45.272 78.7133 4.20036
      vertex 45.272 73.2213 4.0753
    endloop
  endfacet
  facet normal -1 0 0
    outer loop
      vertex 45.272 78.7133 4.20036
      vertex 45.272 73.0787 4.20036
      vertex 45.272 78.871 4.30574
    endloop
  endfacet
  facet normal -1 0 0
    outer loop
      vertex 45.272 72.921 4.30574
      vertex 45.272 78.871 4.30574
      vertex 45.272 73.0787 4.20036
    endloop
  endfacet
  facet normal -1 0 0
    outer loop
      vertex 45.272 78.871 4.30574
      vertex 45.272 72.921 4.30574
      vertex 45.272 79.0411 4.38962
    endloop
  endfacet
  facet normal -1 0 0
    outer loop
      vertex 45.272 72.7509 4.38962
      vertex 45.272 79.0411 4.38962
      vertex 45.272 72.921 4.30574
    endloop
  endfacet
  facet normal -1 0 0
    outer loop
      vertex 45.272 79.0411 4.38962
      vertex 45.272 72.7509 4.38962
      vertex 45.272 79.2207 4.45059
    endloop
  endfacet
  facet normal -1 0 0
    outer loop
      vertex 45.272 72.5713 4.45059
      vertex 45.272 79.2207 4.45059
      vertex 45.272 72.7509 4.38962
    endloop
  endfacet
  facet normal -1 0 0
    outer loop
      vertex 45.272 79.2207 4.45059
      vertex 45.272 72.5713 4.45059
      vertex 45.272 79.4067 4.48759
    endloop
  endfacet
  facet normal -1 0 0
    outer loop
      vertex 45.272 72.3853 4.48759
      vertex 45.272 79.4067 4.48759
      vertex 45.272 72.5713 4.45059
    endloop
  endfacet
  facet normal -1 0 0
    outer loop
      vertex 45.272 72.196 4.5
      vertex 45.272 79.4067 4.48759
      vertex 45.272 72.3853 4.48759
    endloop
  endfacet
  facet normal -1 0 0
    outer loop
      vertex 45.272 79.596 4.5
      vertex 45.272 72.196 4.5
      vertex 45.272 112.196 7
    endloop
  endfacet
  facet normal -1 0 0
    outer loop
      vertex 45.272 67.596 4.5
      vertex 45.272 112.196 7
      vertex 45.272 72.196 4.5
    endloop
  endfacet
  facet normal -1 0 0
    outer loop
      vertex 45.272 6 7
      vertex 45.272 66.146 3.05
      vertex 45.272 6 1
    endloop
  endfacet
  facet normal -1 0 0
    outer loop
      vertex 45.272 66.146 3.05
      vertex 45.272 6 7
      vertex 45.272 66.1584 3.23926
    endloop
  endfacet
  facet normal -1 0 0
    outer loop
      vertex 45.272 66.1584 3.23926
      vertex 45.272 6 7
      vertex 45.272 66.1954 3.42529
    endloop
  endfacet
  facet normal -1 0 0
    outer loop
      vertex 45.272 66.1954 3.42529
      vertex 45.272 6 7
      vertex 45.272 66.2564 3.60489
    endloop
  endfacet
  facet normal -1 0 0
    outer loop
      vertex 45.272 66.2564 3.60489
      vertex 45.272 6 7
      vertex 45.272 66.3403 3.775
    endloop
  endfacet
  facet normal -1 0 0
    outer loop
      vertex 45.272 66.3403 3.775
      vertex 45.272 6 7
      vertex 45.272 66.4456 3.9327
    endloop
  endfacet
  facet normal -1 0 0
    outer loop
      vertex 45.272 66.4456 3.9327
      vertex 45.272 6 7
      vertex 45.272 66.5707 4.0753
    endloop
  endfacet
  facet normal -1 0 0
    outer loop
      vertex 45.272 66.5707 4.0753
      vertex 45.272 6 7
      vertex 45.272 66.7133 4.20036
    endloop
  endfacet
  facet normal -1 0 0
    outer loop
      vertex 45.272 66.7133 4.20036
      vertex 45.272 6 7
      vertex 45.272 66.871 4.30574
    endloop
  endfacet
  facet normal -1 0 0
    outer loop
      vertex 45.272 66.871 4.30574
      vertex 45.272 6 7
      vertex 45.272 67.0411 4.38962
    endloop
  endfacet
  facet normal -1 0 0
    outer loop
      vertex 45.272 67.0411 4.38962
      vertex 45.272 6 7
      vertex 45.272 67.2207 4.45059
    endloop
  endfacet
  facet normal -1 0 0
    outer loop
      vertex 45.272 67.2207 4.45059
      vertex 45.272 6 7
      vertex 45.272 67.4067 4.48759
    endloop
  endfacet
  facet normal -1 0 0
    outer loop
      vertex 45.272 67.596 4.5
      vertex 45.272 6 7
      vertex 45.272 112.196 7
    endloop
  endfacet
  facet normal -1 0 0
    outer loop
      vertex 45.272 67.4067 4.48759
      vertex 45.272 6 7
      vertex 45.272 67.596 4.5
    endloop
  endfacet
  facet normal -0.751784 0.659409 0
    outer loop
      vertex 43.8075 2.46447 1
      vertex 44.2388 2.95619 7
      vertex 44.2388 2.95619 1
    endloop
  endfacet
  facet normal -0.751784 0.659409 0
    outer loop
      vertex 44.2388 2.95619 7
      vertex 43.8075 2.46447 1
      vertex 43.8075 2.46447 7
    endloop
  endfacet
  facet normal 0 1 0
    outer loop
      vertex 34.6373 1 4.39572
      vertex 40.272 1 7
      vertex 36.5067 1 4.39572
    endloop
  endfacet
  facet normal 0 1 0
    outer loop
      vertex 40.272 1 7
      vertex 34.6373 1 4.39572
      vertex 34.572 1 4.4
    endloop
  endfacet
  facet normal 0 1 -0
    outer loop
      vertex 36.4426 1 4.38296
      vertex 34.6373 1 4.39572
      vertex 36.5067 1 4.39572
    endloop
  endfacet
  facet normal 0 1 0
    outer loop
      vertex 36.4426 1 4.38296
      vertex 34.7014 1 4.38296
      vertex 34.6373 1 4.39572
    endloop
  endfacet
  facet normal 0 1 -0
    outer loop
      vertex 36.3807 1 4.36194
      vertex 34.7014 1 4.38296
      vertex 36.4426 1 4.38296
    endloop
  endfacet
  facet normal 0 1 0
    outer loop
      vertex 36.3807 1 4.36194
      vertex 34.7633 1 4.36194
      vertex 34.7014 1 4.38296
    endloop
  endfacet
  facet normal 0 1 -0
    outer loop
      vertex 36.322 1 4.33301
      vertex 34.7633 1 4.36194
      vertex 36.3807 1 4.36194
    endloop
  endfacet
  facet normal 0 1 0
    outer loop
      vertex 36.322 1 4.33301
      vertex 34.822 1 4.33301
      vertex 34.7633 1 4.36194
    endloop
  endfacet
  facet normal 0 1 -0
    outer loop
      vertex 36.2676 1 4.29668
      vertex 34.822 1 4.33301
      vertex 36.322 1 4.33301
    endloop
  endfacet
  facet normal 0 1 0
    outer loop
      vertex 36.2676 1 4.29668
      vertex 34.8764 1 4.29668
      vertex 34.822 1 4.33301
    endloop
  endfacet
  facet normal 0 1 -0
    outer loop
      vertex 36.2184 1 4.25355
      vertex 34.8764 1 4.29668
      vertex 36.2676 1 4.29668
    endloop
  endfacet
  facet normal 0 1 0
    outer loop
      vertex 36.2184 1 4.25355
      vertex 34.9256 1 4.25355
      vertex 34.8764 1 4.29668
    endloop
  endfacet
  facet normal 0 1 -0
    outer loop
      vertex 36.1753 1 4.20438
      vertex 34.9256 1 4.25355
      vertex 36.2184 1 4.25355
    endloop
  endfacet
  facet normal 0 1 0
    outer loop
      vertex 36.1753 1 4.20438
      vertex 34.9687 1 4.20438
      vertex 34.9256 1 4.25355
    endloop
  endfacet
  facet normal 0 1 -0
    outer loop
      vertex 36.139 1 4.15
      vertex 34.9687 1 4.20438
      vertex 36.1753 1 4.20438
    endloop
  endfacet
  facet normal 0 1 0
    outer loop
      vertex 36.139 1 4.15
      vertex 35.005 1 4.15
      vertex 34.9687 1 4.20438
    endloop
  endfacet
  facet normal 0 1 -0
    outer loop
      vertex 36.1101 1 4.09134
      vertex 35.005 1 4.15
      vertex 36.139 1 4.15
    endloop
  endfacet
  facet normal 0 1 0
    outer loop
      vertex 36.1101 1 4.09134
      vertex 35.0339 1 4.09134
      vertex 35.005 1 4.15
    endloop
  endfacet
  facet normal 0 1 -0
    outer loop
      vertex 36.089 1 4.02941
      vertex 35.0339 1 4.09134
      vertex 36.1101 1 4.09134
    endloop
  endfacet
  facet normal 0 1 0
    outer loop
      vertex 36.089 1 4.02941
      vertex 35.055 1 4.02941
      vertex 35.0339 1 4.09134
    endloop
  endfacet
  facet normal 0 1 -0
    outer loop
      vertex 36.0763 1 3.96526
      vertex 35.055 1 4.02941
      vertex 36.089 1 4.02941
    endloop
  endfacet
  facet normal 0 1 0
    outer loop
      vertex 36.0763 1 3.96526
      vertex 35.0677 1 3.96526
      vertex 35.055 1 4.02941
    endloop
  endfacet
  facet normal 0 1 -0
    outer loop
      vertex 36.072 1 3.9
      vertex 35.0677 1 3.96526
      vertex 36.0763 1 3.96526
    endloop
  endfacet
  facet normal 0 1 0
    outer loop
      vertex 36.072 1 3.9
      vertex 35.072 1 3.9
      vertex 35.0677 1 3.96526
    endloop
  endfacet
  facet normal 0 1 0
    outer loop
      vertex 36.0763 1 3.83474
      vertex 35.072 1 3.9
      vertex 36.072 1 3.9
    endloop
  endfacet
  facet normal 0 1 0
    outer loop
      vertex 36.0763 1 3.83474
      vertex 35.0677 1 3.83474
      vertex 35.072 1 3.9
    endloop
  endfacet
  facet normal 0 1 0
    outer loop
      vertex 36.089 1 3.77059
      vertex 35.0677 1 3.83474
      vertex 36.0763 1 3.83474
    endloop
  endfacet
  facet normal 0 1 0
    outer loop
      vertex 36.089 1 3.77059
      vertex 35.055 1 3.77059
      vertex 35.0677 1 3.83474
    endloop
  endfacet
  facet normal 0 1 0
    outer loop
      vertex 36.1101 1 3.70866
      vertex 35.055 1 3.77059
      vertex 36.089 1 3.77059
    endloop
  endfacet
  facet normal 0 1 0
    outer loop
      vertex 36.1101 1 3.70866
      vertex 35.0339 1 3.70866
      vertex 35.055 1 3.77059
    endloop
  endfacet
  facet normal 0 1 0
    outer loop
      vertex 36.139 1 3.65
      vertex 35.0339 1 3.70866
      vertex 36.1101 1 3.70866
    endloop
  endfacet
  facet normal 0 1 0
    outer loop
      vertex 36.139 1 3.65
      vertex 35.005 1 3.65
      vertex 35.0339 1 3.70866
    endloop
  endfacet
  facet normal 0 1 0
    outer loop
      vertex 36.1753 1 3.59562
      vertex 35.005 1 3.65
      vertex 36.139 1 3.65
    endloop
  endfacet
  facet normal 0 1 0
    outer loop
      vertex 36.1753 1 3.59562
      vertex 34.9687 1 3.59562
      vertex 35.005 1 3.65
    endloop
  endfacet
  facet normal 0 1 0
    outer loop
      vertex 36.2184 1 3.54645
      vertex 34.9687 1 3.59562
      vertex 36.1753 1 3.59562
    endloop
  endfacet
  facet normal 0 1 0
    outer loop
      vertex 36.2184 1 3.54645
      vertex 34.9256 1 3.54645
      vertex 34.9687 1 3.59562
    endloop
  endfacet
  facet normal 0 1 0
    outer loop
      vertex 36.2676 1 3.50332
      vertex 34.9256 1 3.54645
      vertex 36.2184 1 3.54645
    endloop
  endfacet
  facet normal 0 1 0
    outer loop
      vertex 36.2676 1 3.50332
      vertex 34.8764 1 3.50332
      vertex 34.9256 1 3.54645
    endloop
  endfacet
  facet normal 0 1 0
    outer loop
      vertex 36.322 1 3.46699
      vertex 34.8764 1 3.50332
      vertex 36.2676 1 3.50332
    endloop
  endfacet
  facet normal 0 1 0
    outer loop
      vertex 36.322 1 3.46699
      vertex 34.822 1 3.46699
      vertex 34.8764 1 3.50332
    endloop
  endfacet
  facet normal 0 1 0
    outer loop
      vertex 36.3807 1 3.43806
      vertex 34.822 1 3.46699
      vertex 36.322 1 3.46699
    endloop
  endfacet
  facet normal 0 1 0
    outer loop
      vertex 36.3807 1 3.43806
      vertex 34.7633 1 3.43806
      vertex 34.822 1 3.46699
    endloop
  endfacet
  facet normal 0 1 0
    outer loop
      vertex 36.4426 1 3.41704
      vertex 34.7633 1 3.43806
      vertex 36.3807 1 3.43806
    endloop
  endfacet
  facet normal 0 1 0
    outer loop
      vertex 36.4426 1 3.41704
      vertex 34.7014 1 3.41704
      vertex 34.7633 1 3.43806
    endloop
  endfacet
  facet normal 0 1 0
    outer loop
      vertex 36.5067 1 3.40428
      vertex 34.7014 1 3.41704
      vertex 36.4426 1 3.41704
    endloop
  endfacet
  facet normal 0 1 0
    outer loop
      vertex 36.5067 1 3.40428
      vertex 34.6373 1 3.40428
      vertex 34.7014 1 3.41704
    endloop
  endfacet
  facet normal 0 1 0
    outer loop
      vertex 40.272 1 1
      vertex 36.5067 1 3.40428
      vertex 36.572 1 3.4
    endloop
  endfacet
  facet normal 0 1 0
    outer loop
      vertex 36.5067 1 3.40428
      vertex 40.272 1 1
      vertex 34.6373 1 3.40428
    endloop
  endfacet
  facet normal 0 1 0
    outer loop
      vertex 38.4426 1 4.38296
      vertex 40.272 1 7
      vertex 38.5067 1 4.39572
    endloop
  endfacet
  facet normal 0 1 0
    outer loop
      vertex 40.272 1 7
      vertex 36.6373 1 4.39572
      vertex 36.572 1 4.4
    endloop
  endfacet
  facet normal 0 1 0
    outer loop
      vertex 36.7014 1 4.38296
      vertex 40.272 1 7
      vertex 38.4426 1 4.38296
    endloop
  endfacet
  facet normal 0 1 0
    outer loop
      vertex 40.272 1 7
      vertex 36.7014 1 4.38296
      vertex 36.6373 1 4.39572
    endloop
  endfacet
  facet normal 0 1 -0
    outer loop
      vertex 38.3807 1 4.36194
      vertex 36.7014 1 4.38296
      vertex 38.4426 1 4.38296
    endloop
  endfacet
  facet normal 0 1 0
    outer loop
      vertex 38.3807 1 4.36194
      vertex 36.7633 1 4.36194
      vertex 36.7014 1 4.38296
    endloop
  endfacet
  facet normal 0 1 -0
    outer loop
      vertex 38.322 1 4.33301
      vertex 36.7633 1 4.36194
      vertex 38.3807 1 4.36194
    endloop
  endfacet
  facet normal 0 1 0
    outer loop
      vertex 38.322 1 4.33301
      vertex 36.822 1 4.33301
      vertex 36.7633 1 4.36194
    endloop
  endfacet
  facet normal 0 1 -0
    outer loop
      vertex 38.2676 1 4.29668
      vertex 36.822 1 4.33301
      vertex 38.322 1 4.33301
    endloop
  endfacet
  facet normal 0 1 0
    outer loop
      vertex 38.2676 1 4.29668
      vertex 36.8764 1 4.29668
      vertex 36.822 1 4.33301
    endloop
  endfacet
  facet normal 0 1 -0
    outer loop
      vertex 38.2184 1 4.25355
      vertex 36.8764 1 4.29668
      vertex 38.2676 1 4.29668
    endloop
  endfacet
  facet normal 0 1 0
    outer loop
      vertex 38.2184 1 4.25355
      vertex 36.9256 1 4.25355
      vertex 36.8764 1 4.29668
    endloop
  endfacet
  facet normal 0 1 -0
    outer loop
      vertex 38.1753 1 4.20438
      vertex 36.9256 1 4.25355
      vertex 38.2184 1 4.25355
    endloop
  endfacet
  facet normal 0 1 0
    outer loop
      vertex 38.1753 1 4.20438
      vertex 36.9687 1 4.20438
      vertex 36.9256 1 4.25355
    endloop
  endfacet
  facet normal 0 1 -0
    outer loop
      vertex 38.139 1 4.15
      vertex 36.9687 1 4.20438
      vertex 38.1753 1 4.20438
    endloop
  endfacet
  facet normal 0 1 0
    outer loop
      vertex 38.139 1 4.15
      vertex 37.005 1 4.15
      vertex 36.9687 1 4.20438
    endloop
  endfacet
  facet normal 0 1 -0
    outer loop
      vertex 38.1101 1 4.09134
      vertex 37.005 1 4.15
      vertex 38.139 1 4.15
    endloop
  endfacet
  facet normal 0 1 0
    outer loop
      vertex 38.1101 1 4.09134
      vertex 37.0339 1 4.09134
      vertex 37.005 1 4.15
    endloop
  endfacet
  facet normal 0 1 -0
    outer loop
      vertex 38.089 1 4.02941
      vertex 37.0339 1 4.09134
      vertex 38.1101 1 4.09134
    endloop
  endfacet
  facet normal 0 1 0
    outer loop
      vertex 38.089 1 4.02941
      vertex 37.055 1 4.02941
      vertex 37.0339 1 4.09134
    endloop
  endfacet
  facet normal 0 1 -0
    outer loop
      vertex 38.0763 1 3.96526
      vertex 37.055 1 4.02941
      vertex 38.089 1 4.02941
    endloop
  endfacet
  facet normal 0 1 0
    outer loop
      vertex 38.0763 1 3.96526
      vertex 37.0677 1 3.96526
      vertex 37.055 1 4.02941
    endloop
  endfacet
  facet normal 0 1 -0
    outer loop
      vertex 38.072 1 3.9
      vertex 37.0677 1 3.96526
      vertex 38.0763 1 3.96526
    endloop
  endfacet
  facet normal 0 1 0
    outer loop
      vertex 38.072 1 3.9
      vertex 37.072 1 3.9
      vertex 37.0677 1 3.96526
    endloop
  endfacet
  facet normal 0 1 0
    outer loop
      vertex 38.0763 1 3.83474
      vertex 37.072 1 3.9
      vertex 38.072 1 3.9
    endloop
  endfacet
  facet normal 0 1 0
    outer loop
      vertex 38.0763 1 3.83474
      vertex 37.0677 1 3.83474
      vertex 37.072 1 3.9
    endloop
  endfacet
  facet normal 0 1 0
    outer loop
      vertex 38.089 1 3.77059
      vertex 37.0677 1 3.83474
      vertex 38.0763 1 3.83474
    endloop
  endfacet
  facet normal 0 1 0
    outer loop
      vertex 38.089 1 3.77059
      vertex 37.055 1 3.77059
      vertex 37.0677 1 3.83474
    endloop
  endfacet
  facet normal 0 1 0
    outer loop
      vertex 38.1101 1 3.70866
      vertex 37.055 1 3.77059
      vertex 38.089 1 3.77059
    endloop
  endfacet
  facet normal 0 1 0
    outer loop
      vertex 38.1101 1 3.70866
      vertex 37.0339 1 3.70866
      vertex 37.055 1 3.77059
    endloop
  endfacet
  facet normal 0 1 0
    outer loop
      vertex 38.139 1 3.65
      vertex 37.0339 1 3.70866
      vertex 38.1101 1 3.70866
    endloop
  endfacet
  facet normal 0 1 0
    outer loop
      vertex 38.139 1 3.65
      vertex 37.005 1 3.65
      vertex 37.0339 1 3.70866
    endloop
  endfacet
  facet normal 0 1 0
    outer loop
      vertex 38.1753 1 3.59562
      vertex 37.005 1 3.65
      vertex 38.139 1 3.65
    endloop
  endfacet
  facet normal 0 1 0
    outer loop
      vertex 38.1753 1 3.59562
      vertex 36.9687 1 3.59562
      vertex 37.005 1 3.65
    endloop
  endfacet
  facet normal 0 1 0
    outer loop
      vertex 38.2184 1 3.54645
      vertex 36.9687 1 3.59562
      vertex 38.1753 1 3.59562
    endloop
  endfacet
  facet normal 0 1 0
    outer loop
      vertex 38.2184 1 3.54645
      vertex 36.9256 1 3.54645
      vertex 36.9687 1 3.59562
    endloop
  endfacet
  facet normal 0 1 0
    outer loop
      vertex 38.2676 1 3.50332
      vertex 36.9256 1 3.54645
      vertex 38.2184 1 3.54645
    endloop
  endfacet
  facet normal 0 1 0
    outer loop
      vertex 38.2676 1 3.50332
      vertex 36.8764 1 3.50332
      vertex 36.9256 1 3.54645
    endloop
  endfacet
  facet normal 0 1 0
    outer loop
      vertex 38.322 1 3.46699
      vertex 36.8764 1 3.50332
      vertex 38.2676 1 3.50332
    endloop
  endfacet
  facet normal 0 1 0
    outer loop
      vertex 38.322 1 3.46699
      vertex 36.822 1 3.46699
      vertex 36.8764 1 3.50332
    endloop
  endfacet
  facet normal 0 1 0
    outer loop
      vertex 38.3807 1 3.43806
      vertex 36.822 1 3.46699
      vertex 38.322 1 3.46699
    endloop
  endfacet
  facet normal 0 1 0
    outer loop
      vertex 38.3807 1 3.43806
      vertex 36.7633 1 3.43806
      vertex 36.822 1 3.46699
    endloop
  endfacet
  facet normal 0 1 0
    outer loop
      vertex 38.4426 1 3.41704
      vertex 36.7633 1 3.43806
      vertex 38.3807 1 3.43806
    endloop
  endfacet
  facet normal 0 1 0
    outer loop
      vertex 38.4426 1 3.41704
      vertex 36.7014 1 3.41704
      vertex 36.7633 1 3.43806
    endloop
  endfacet
  facet normal 0 1 0
    outer loop
      vertex 40.272 1 1
      vertex 38.4426 1 3.41704
      vertex 38.5067 1 3.40428
    endloop
  endfacet
  facet normal 0 1 0
    outer loop
      vertex 38.4426 1 3.41704
      vertex 40.272 1 1
      vertex 36.7014 1 3.41704
    endloop
  endfacet
  facet normal 0 1 0
    outer loop
      vertex 40.272 1 1
      vertex 38.5067 1 3.40428
      vertex 38.572 1 3.4
    endloop
  endfacet
  facet normal 0 1 0
    outer loop
      vertex 36.7014 1 3.41704
      vertex 40.272 1 1
      vertex 36.6373 1 3.40428
    endloop
  endfacet
  facet normal 0 1 0
    outer loop
      vertex 40.272 1 7
      vertex 27.636 1 5.55
      vertex 6 1 7
    endloop
  endfacet
  facet normal 0 1 0
    outer loop
      vertex 40.272 1 7
      vertex 29.856 1 5.3
      vertex 27.636 1 5.55
    endloop
  endfacet
  facet normal 0 1 0
    outer loop
      vertex 40.272 1 7
      vertex 29.9082 1 5.29658
      vertex 29.856 1 5.3
    endloop
  endfacet
  facet normal 0 1 0
    outer loop
      vertex 40.272 1 7
      vertex 29.9595 1 5.28637
      vertex 29.9082 1 5.29658
    endloop
  endfacet
  facet normal 0 1 0
    outer loop
      vertex 40.272 1 7
      vertex 30.0091 1 5.26955
      vertex 29.9595 1 5.28637
    endloop
  endfacet
  facet normal 0 1 -0
    outer loop
      vertex 34.5067 1 4.39572
      vertex 30.0091 1 5.26955
      vertex 40.272 1 7
    endloop
  endfacet
  facet normal 0 1 0
    outer loop
      vertex 30.0091 1 5.26955
      vertex 34.5067 1 4.39572
      vertex 30.056 1 5.24641
    endloop
  endfacet
  facet normal 0 1 -0
    outer loop
      vertex 34.4426 1 4.38296
      vertex 30.056 1 5.24641
      vertex 34.5067 1 4.39572
    endloop
  endfacet
  facet normal 0 1 0
    outer loop
      vertex 30.056 1 5.24641
      vertex 34.4426 1 4.38296
      vertex 30.0995 1 5.21734
    endloop
  endfacet
  facet normal 0 1 -0
    outer loop
      vertex 34.3807 1 4.36194
      vertex 30.0995 1 5.21734
      vertex 34.4426 1 4.38296
    endloop
  endfacet
  facet normal 0 1 0
    outer loop
      vertex 30.0995 1 5.21734
      vertex 34.3807 1 4.36194
      vertex 30.1388 1 5.18284
    endloop
  endfacet
  facet normal 0 1 0
    outer loop
      vertex 30.1388 1 5.18284
      vertex 34.3807 1 4.36194
      vertex 30.1733 1 5.14351
    endloop
  endfacet
  facet normal 0 1 -0
    outer loop
      vertex 34.322 1 4.33301
      vertex 30.1733 1 5.14351
      vertex 34.3807 1 4.36194
    endloop
  endfacet
  facet normal 0 1 0
    outer loop
      vertex 30.1733 1 5.14351
      vertex 34.322 1 4.33301
      vertex 30.2024 1 5.1
    endloop
  endfacet
  facet normal 0 1 -0
    outer loop
      vertex 34.2676 1 4.29668
      vertex 30.2024 1 5.1
      vertex 34.322 1 4.33301
    endloop
  endfacet
  facet normal 0 1 0
    outer loop
      vertex 30.2024 1 5.1
      vertex 34.2676 1 4.29668
      vertex 30.2256 1 5.05307
    endloop
  endfacet
  facet normal 0 1 -0
    outer loop
      vertex 34.2184 1 4.25355
      vertex 30.2256 1 5.05307
      vertex 34.2676 1 4.29668
    endloop
  endfacet
  facet normal 0 1 0
    outer loop
      vertex 30.2256 1 5.05307
      vertex 34.2184 1 4.25355
      vertex 30.2424 1 5.00353
    endloop
  endfacet
  facet normal 0 1 -0
    outer loop
      vertex 34.1753 1 4.20438
      vertex 30.2424 1 5.00353
      vertex 34.2184 1 4.25355
    endloop
  endfacet
  facet normal 0 1 0
    outer loop
      vertex 30.2424 1 5.00353
      vertex 34.1753 1 4.20438
      vertex 30.2526 1 4.95221
    endloop
  endfacet
  facet normal 0 1 -0
    outer loop
      vertex 34.139 1 4.15
      vertex 30.2526 1 4.95221
      vertex 34.1753 1 4.20438
    endloop
  endfacet
  facet normal 0 1 0
    outer loop
      vertex 30.2526 1 4.95221
      vertex 34.139 1 4.15
      vertex 30.256 1 4.9
    endloop
  endfacet
  facet normal 0 1 -0
    outer loop
      vertex 34.1101 1 4.09134
      vertex 30.256 1 4.9
      vertex 34.139 1 4.15
    endloop
  endfacet
  facet normal 0 1 0
    outer loop
      vertex 30.256 1 4.9
      vertex 34.1101 1 4.09134
      vertex 30.2526 1 4.84779
    endloop
  endfacet
  facet normal 0 1 0
    outer loop
      vertex 34.5067 1 4.39572
      vertex 40.272 1 7
      vertex 34.572 1 4.4
    endloop
  endfacet
  facet normal 0 1 0
    outer loop
      vertex 36.5067 1 4.39572
      vertex 40.272 1 7
      vertex 36.572 1 4.4
    endloop
  endfacet
  facet normal 0 1 0
    outer loop
      vertex 38.5067 1 4.39572
      vertex 40.272 1 7
      vertex 38.572 1 4.4
    endloop
  endfacet
  facet normal 0 1 0
    outer loop
      vertex 40.272 1 7
      vertex 38.6373 1 4.39572
      vertex 38.572 1 4.4
    endloop
  endfacet
  facet normal 0 1 0
    outer loop
      vertex 40.272 1 7
      vertex 38.7014 1 4.38296
      vertex 38.6373 1 4.39572
    endloop
  endfacet
  facet normal 0 1 0
    outer loop
      vertex 40.272 1 7
      vertex 38.7633 1 4.36194
      vertex 38.7014 1 4.38296
    endloop
  endfacet
  facet normal 0 1 0
    outer loop
      vertex 40.272 1 7
      vertex 38.822 1 4.33301
      vertex 38.7633 1 4.36194
    endloop
  endfacet
  facet normal 0 1 -0
    outer loop
      vertex 40.272 1 4.2996
      vertex 38.822 1 4.33301
      vertex 40.272 1 7
    endloop
  endfacet
  facet normal 0 1 0
    outer loop
      vertex 38.8764 1 4.29668
      vertex 40.272 1 4.2996
      vertex 40.2676 1 4.29668
    endloop
  endfacet
  facet normal 0 1 0
    outer loop
      vertex 40.272 1 4.2996
      vertex 38.8764 1 4.29668
      vertex 38.822 1 4.33301
    endloop
  endfacet
  facet normal 0 1 -0
    outer loop
      vertex 40.2184 1 4.25355
      vertex 38.8764 1 4.29668
      vertex 40.2676 1 4.29668
    endloop
  endfacet
  facet normal 0 1 0
    outer loop
      vertex 40.2184 1 4.25355
      vertex 38.9256 1 4.25355
      vertex 38.8764 1 4.29668
    endloop
  endfacet
  facet normal 0 1 -0
    outer loop
      vertex 40.1753 1 4.20438
      vertex 38.9256 1 4.25355
      vertex 40.2184 1 4.25355
    endloop
  endfacet
  facet normal 0 1 0
    outer loop
      vertex 40.1753 1 4.20438
      vertex 38.9687 1 4.20438
      vertex 38.9256 1 4.25355
    endloop
  endfacet
  facet normal 0 1 -0
    outer loop
      vertex 40.139 1 4.15
      vertex 38.9687 1 4.20438
      vertex 40.1753 1 4.20438
    endloop
  endfacet
  facet normal 0 1 0
    outer loop
      vertex 40.139 1 4.15
      vertex 39.005 1 4.15
      vertex 38.9687 1 4.20438
    endloop
  endfacet
  facet normal 0 1 -0
    outer loop
      vertex 40.1101 1 4.09134
      vertex 39.005 1 4.15
      vertex 40.139 1 4.15
    endloop
  endfacet
  facet normal 0 1 0
    outer loop
      vertex 40.1101 1 4.09134
      vertex 39.0339 1 4.09134
      vertex 39.005 1 4.15
    endloop
  endfacet
  facet normal 0 1 -0
    outer loop
      vertex 40.089 1 4.02941
      vertex 39.0339 1 4.09134
      vertex 40.1101 1 4.09134
    endloop
  endfacet
  facet normal 0 1 0
    outer loop
      vertex 40.089 1 4.02941
      vertex 39.055 1 4.02941
      vertex 39.0339 1 4.09134
    endloop
  endfacet
  facet normal 0 1 -0
    outer loop
      vertex 40.0763 1 3.96526
      vertex 39.055 1 4.02941
      vertex 40.089 1 4.02941
    endloop
  endfacet
  facet normal 0 1 0
    outer loop
      vertex 40.0763 1 3.96526
      vertex 39.0677 1 3.96526
      vertex 39.055 1 4.02941
    endloop
  endfacet
  facet normal 0 1 -0
    outer loop
      vertex 40.072 1 3.9
      vertex 39.0677 1 3.96526
      vertex 40.0763 1 3.96526
    endloop
  endfacet
  facet normal 0 1 0
    outer loop
      vertex 40.072 1 3.9
      vertex 39.072 1 3.9
      vertex 39.0677 1 3.96526
    endloop
  endfacet
  facet normal 0 1 0
    outer loop
      vertex 40.0763 1 3.83474
      vertex 39.072 1 3.9
      vertex 40.072 1 3.9
    endloop
  endfacet
  facet normal 0 1 0
    outer loop
      vertex 40.0763 1 3.83474
      vertex 39.0677 1 3.83474
      vertex 39.072 1 3.9
    endloop
  endfacet
  facet normal 0 1 0
    outer loop
      vertex 40.089 1 3.77059
      vertex 39.0677 1 3.83474
      vertex 40.0763 1 3.83474
    endloop
  endfacet
  facet normal 0 1 0
    outer loop
      vertex 40.089 1 3.77059
      vertex 39.055 1 3.77059
      vertex 39.0677 1 3.83474
    endloop
  endfacet
  facet normal 0 1 0
    outer loop
      vertex 40.1101 1 3.70866
      vertex 39.055 1 3.77059
      vertex 40.089 1 3.77059
    endloop
  endfacet
  facet normal 0 1 0
    outer loop
      vertex 40.1101 1 3.70866
      vertex 39.0339 1 3.70866
      vertex 39.055 1 3.77059
    endloop
  endfacet
  facet normal 0 1 0
    outer loop
      vertex 40.139 1 3.65
      vertex 39.0339 1 3.70866
      vertex 40.1101 1 3.70866
    endloop
  endfacet
  facet normal 0 1 0
    outer loop
      vertex 40.139 1 3.65
      vertex 39.005 1 3.65
      vertex 39.0339 1 3.70866
    endloop
  endfacet
  facet normal 0 1 0
    outer loop
      vertex 40.1753 1 3.59562
      vertex 39.005 1 3.65
      vertex 40.139 1 3.65
    endloop
  endfacet
  facet normal 0 1 0
    outer loop
      vertex 40.1753 1 3.59562
      vertex 38.9687 1 3.59562
      vertex 39.005 1 3.65
    endloop
  endfacet
  facet normal 0 1 0
    outer loop
      vertex 40.2184 1 3.54645
      vertex 38.9687 1 3.59562
      vertex 40.1753 1 3.59562
    endloop
  endfacet
  facet normal 0 1 0
    outer loop
      vertex 40.2184 1 3.54645
      vertex 38.9256 1 3.54645
      vertex 38.9687 1 3.59562
    endloop
  endfacet
  facet normal 0 1 0
    outer loop
      vertex 40.2676 1 3.50332
      vertex 38.9256 1 3.54645
      vertex 40.2184 1 3.54645
    endloop
  endfacet
  facet normal 0 1 0
    outer loop
      vertex 40.2676 1 3.50332
      vertex 38.8764 1 3.50332
      vertex 38.9256 1 3.54645
    endloop
  endfacet
  facet normal 0 1 0
    outer loop
      vertex 40.272 1 3.5004
      vertex 38.8764 1 3.50332
      vertex 40.2676 1 3.50332
    endloop
  endfacet
  facet normal 0 1 0
    outer loop
      vertex 40.272 1 3.5004
      vertex 38.822 1 3.46699
      vertex 38.8764 1 3.50332
    endloop
  endfacet
  facet normal 0 1 -0
    outer loop
      vertex 40.272 1 1
      vertex 38.822 1 3.46699
      vertex 40.272 1 3.5004
    endloop
  endfacet
  facet normal 0 1 0
    outer loop
      vertex 38.822 1 3.46699
      vertex 40.272 1 1
      vertex 38.7633 1 3.43806
    endloop
  endfacet
  facet normal 0 1 0
    outer loop
      vertex 38.7633 1 3.43806
      vertex 40.272 1 1
      vertex 38.7014 1 3.41704
    endloop
  endfacet
  facet normal 0 1 0
    outer loop
      vertex 38.7014 1 3.41704
      vertex 40.272 1 1
      vertex 38.6373 1 3.40428
    endloop
  endfacet
  facet normal 0 1 0
    outer loop
      vertex 36.6373 1 3.40428
      vertex 40.272 1 1
      vertex 36.572 1 3.4
    endloop
  endfacet
  facet normal 0 1 0
    outer loop
      vertex 34.6373 1 3.40428
      vertex 40.272 1 1
      vertex 34.572 1 3.4
    endloop
  endfacet
  facet normal 0 1 0
    outer loop
      vertex 38.6373 1 3.40428
      vertex 40.272 1 1
      vertex 38.572 1 3.4
    endloop
  endfacet
  facet normal 0 1 0
    outer loop
      vertex 27.636 1 2.05
      vertex 40.272 1 1
      vertex 18.636 1 2.05
    endloop
  endfacet
  facet normal 0 1 0
    outer loop
      vertex 34.572 1 3.4
      vertex 40.272 1 1
      vertex 27.636 1 2.05
    endloop
  endfacet
  facet normal 0 1 -0
    outer loop
      vertex 18.636 1 5.55
      vertex 6 1 7
      vertex 27.636 1 5.55
    endloop
  endfacet
  facet normal 0 1 0
    outer loop
      vertex 6 1 1
      vertex 18.636 1 5.55
      vertex 18.636 1 2.05
    endloop
  endfacet
  facet normal 0 1 0
    outer loop
      vertex 18.636 1 5.55
      vertex 6 1 1
      vertex 6 1 7
    endloop
  endfacet
  facet normal 0 1 0
    outer loop
      vertex 6 1 1
      vertex 18.636 1 2.05
      vertex 40.272 1 1
    endloop
  endfacet
  facet normal 0 1 -0
    outer loop
      vertex 29.8038 1 5.29658
      vertex 27.636 1 5.55
      vertex 29.856 1 5.3
    endloop
  endfacet
  facet normal 0 1 -0
    outer loop
      vertex 29.7525 1 5.28637
      vertex 27.636 1 5.55
      vertex 29.8038 1 5.29658
    endloop
  endfacet
  facet normal 0 1 -0
    outer loop
      vertex 29.7029 1 5.26955
      vertex 27.636 1 5.55
      vertex 29.7525 1 5.28637
    endloop
  endfacet
  facet normal 0 1 -0
    outer loop
      vertex 29.656 1 5.24641
      vertex 27.636 1 5.55
      vertex 29.7029 1 5.26955
    endloop
  endfacet
  facet normal 0 1 -0
    outer loop
      vertex 29.6125 1 5.21734
      vertex 27.636 1 5.55
      vertex 29.656 1 5.24641
    endloop
  endfacet
  facet normal 0 1 -0
    outer loop
      vertex 29.5732 1 5.18284
      vertex 27.636 1 5.55
      vertex 29.6125 1 5.21734
    endloop
  endfacet
  facet normal 0 1 -0
    outer loop
      vertex 29.5387 1 5.14351
      vertex 27.636 1 5.55
      vertex 29.5732 1 5.18284
    endloop
  endfacet
  facet normal 0 1 -0
    outer loop
      vertex 29.5096 1 5.1
      vertex 27.636 1 5.55
      vertex 29.5387 1 5.14351
    endloop
  endfacet
  facet normal 0 1 -0
    outer loop
      vertex 29.4864 1 5.05307
      vertex 27.636 1 5.55
      vertex 29.5096 1 5.1
    endloop
  endfacet
  facet normal 0 1 -0
    outer loop
      vertex 29.4696 1 5.00353
      vertex 27.636 1 5.55
      vertex 29.4864 1 5.05307
    endloop
  endfacet
  facet normal 0 1 -0
    outer loop
      vertex 29.4594 1 4.95221
      vertex 27.636 1 5.55
      vertex 29.4696 1 5.00353
    endloop
  endfacet
  facet normal 0 1 -0
    outer loop
      vertex 29.456 1 4.9
      vertex 27.636 1 5.55
      vertex 29.4594 1 4.95221
    endloop
  endfacet
  facet normal 0 1 0
    outer loop
      vertex 29.4594 1 4.84779
      vertex 27.636 1 5.55
      vertex 29.456 1 4.9
    endloop
  endfacet
  facet normal 0 1 0
    outer loop
      vertex 29.4696 1 4.79647
      vertex 27.636 1 5.55
      vertex 29.4594 1 4.84779
    endloop
  endfacet
  facet normal 0 1 0
    outer loop
      vertex 29.4864 1 4.74693
      vertex 27.636 1 5.55
      vertex 29.4696 1 4.79647
    endloop
  endfacet
  facet normal 0 1 0
    outer loop
      vertex 29.5096 1 4.7
      vertex 27.636 1 5.55
      vertex 29.4864 1 4.74693
    endloop
  endfacet
  facet normal 0 1 0
    outer loop
      vertex 27.636 1 2.05
      vertex 29.5096 1 4.7
      vertex 29.5387 1 4.6565
    endloop
  endfacet
  facet normal 0 1 0
    outer loop
      vertex 27.636 1 2.05
      vertex 29.5387 1 4.6565
      vertex 29.5732 1 4.61716
    endloop
  endfacet
  facet normal 0 1 0
    outer loop
      vertex 27.636 1 2.05
      vertex 29.5732 1 4.61716
      vertex 29.6125 1 4.58266
    endloop
  endfacet
  facet normal 0 1 0
    outer loop
      vertex 27.636 1 2.05
      vertex 29.6125 1 4.58266
      vertex 29.656 1 4.55359
    endloop
  endfacet
  facet normal 0 1 -0
    outer loop
      vertex 34.089 1 4.02941
      vertex 30.2526 1 4.84779
      vertex 34.1101 1 4.09134
    endloop
  endfacet
  facet normal 0 1 0
    outer loop
      vertex 30.2526 1 4.84779
      vertex 34.089 1 4.02941
      vertex 30.2424 1 4.79647
    endloop
  endfacet
  facet normal 0 1 -0
    outer loop
      vertex 34.0763 1 3.96526
      vertex 30.2424 1 4.79647
      vertex 34.089 1 4.02941
    endloop
  endfacet
  facet normal 0 1 0
    outer loop
      vertex 30.2424 1 4.79647
      vertex 34.0763 1 3.96526
      vertex 30.2256 1 4.74693
    endloop
  endfacet
  facet normal 0 1 -0
    outer loop
      vertex 34.072 1 3.9
      vertex 30.2256 1 4.74693
      vertex 34.0763 1 3.96526
    endloop
  endfacet
  facet normal 0 1 0
    outer loop
      vertex 30.2256 1 4.74693
      vertex 34.072 1 3.9
      vertex 30.2024 1 4.7
    endloop
  endfacet
  facet normal 0 1 0
    outer loop
      vertex 34.0763 1 3.83474
      vertex 30.2024 1 4.7
      vertex 34.072 1 3.9
    endloop
  endfacet
  facet normal 0 1 0
    outer loop
      vertex 30.2024 1 4.7
      vertex 34.0763 1 3.83474
      vertex 30.1733 1 4.6565
    endloop
  endfacet
  facet normal 0 1 0
    outer loop
      vertex 34.089 1 3.77059
      vertex 30.1733 1 4.6565
      vertex 34.0763 1 3.83474
    endloop
  endfacet
  facet normal 0 1 0
    outer loop
      vertex 30.1733 1 4.6565
      vertex 34.089 1 3.77059
      vertex 30.1388 1 4.61716
    endloop
  endfacet
  facet normal 0 1 0
    outer loop
      vertex 34.1101 1 3.70866
      vertex 30.1388 1 4.61716
      vertex 34.089 1 3.77059
    endloop
  endfacet
  facet normal 0 1 0
    outer loop
      vertex 30.1388 1 4.61716
      vertex 34.1101 1 3.70866
      vertex 30.0995 1 4.58266
    endloop
  endfacet
  facet normal 0 1 0
    outer loop
      vertex 34.139 1 3.65
      vertex 30.0995 1 4.58266
      vertex 34.1101 1 3.70866
    endloop
  endfacet
  facet normal 0 1 0
    outer loop
      vertex 30.0995 1 4.58266
      vertex 34.139 1 3.65
      vertex 30.056 1 4.55359
    endloop
  endfacet
  facet normal 0 1 0
    outer loop
      vertex 34.1753 1 3.59562
      vertex 30.056 1 4.55359
      vertex 34.139 1 3.65
    endloop
  endfacet
  facet normal 0 1 0
    outer loop
      vertex 30.056 1 4.55359
      vertex 34.1753 1 3.59562
      vertex 30.0091 1 4.53045
    endloop
  endfacet
  facet normal 0 1 0
    outer loop
      vertex 34.2184 1 3.54645
      vertex 30.0091 1 4.53045
      vertex 34.1753 1 3.59562
    endloop
  endfacet
  facet normal 0 1 0
    outer loop
      vertex 27.636 1 2.05
      vertex 30.0091 1 4.53045
      vertex 34.2184 1 3.54645
    endloop
  endfacet
  facet normal 0 1 0
    outer loop
      vertex 30.0091 1 4.53045
      vertex 27.636 1 2.05
      vertex 29.9595 1 4.51363
    endloop
  endfacet
  facet normal 0 1 0
    outer loop
      vertex 29.9595 1 4.51363
      vertex 27.636 1 2.05
      vertex 29.9082 1 4.50342
    endloop
  endfacet
  facet normal 0 1 0
    outer loop
      vertex 29.9082 1 4.50342
      vertex 27.636 1 2.05
      vertex 29.856 1 4.5
    endloop
  endfacet
  facet normal 0 1 0
    outer loop
      vertex 29.856 1 4.5
      vertex 27.636 1 2.05
      vertex 29.8038 1 4.50342
    endloop
  endfacet
  facet normal 0 1 0
    outer loop
      vertex 27.636 1 2.05
      vertex 34.2184 1 3.54645
      vertex 34.2676 1 3.50332
    endloop
  endfacet
  facet normal 0 1 0
    outer loop
      vertex 27.636 1 2.05
      vertex 34.2676 1 3.50332
      vertex 34.322 1 3.46699
    endloop
  endfacet
  facet normal 0 1 0
    outer loop
      vertex 27.636 1 2.05
      vertex 34.322 1 3.46699
      vertex 34.3807 1 3.43806
    endloop
  endfacet
  facet normal 0 1 0
    outer loop
      vertex 27.636 1 2.05
      vertex 34.3807 1 3.43806
      vertex 34.4426 1 3.41704
    endloop
  endfacet
  facet normal 0 1 0
    outer loop
      vertex 29.5096 1 4.7
      vertex 27.636 1 2.05
      vertex 27.636 1 5.55
    endloop
  endfacet
  facet normal 0 1 0
    outer loop
      vertex 29.7029 1 4.53045
      vertex 27.636 1 2.05
      vertex 29.656 1 4.55359
    endloop
  endfacet
  facet normal 0 1 0
    outer loop
      vertex 29.7525 1 4.51363
      vertex 27.636 1 2.05
      vertex 29.7029 1 4.53045
    endloop
  endfacet
  facet normal 0 1 0
    outer loop
      vertex 29.8038 1 4.50342
      vertex 27.636 1 2.05
      vertex 29.7525 1 4.51363
    endloop
  endfacet
  facet normal 0 1 0
    outer loop
      vertex 34.5067 1 3.40428
      vertex 27.636 1 2.05
      vertex 34.4426 1 3.41704
    endloop
  endfacet
  facet normal 0 1 0
    outer loop
      vertex 27.636 1 2.05
      vertex 34.5067 1 3.40428
      vertex 34.572 1 3.4
    endloop
  endfacet
  facet normal 1 -0 0
    outer loop
      vertex 1 6 7
      vertex 1 112.196 1
      vertex 1 112.196 7
    endloop
  endfacet
  facet normal 1 0 0
    outer loop
      vertex 1 112.196 1
      vertex 1 6 7
      vertex 1 6 1
    endloop
  endfacet
  facet normal -0.997856 0.0654402 0
    outer loop
      vertex 45.2292 5.34737 1
      vertex 45.272 6 7
      vertex 45.272 6 1
    endloop
  endfacet
  facet normal -0.997856 0.0654402 0
    outer loop
      vertex 45.272 6 7
      vertex 45.2292 5.34737 1
      vertex 45.2292 5.34737 7
    endloop
  endfacet
  facet normal -0.831603 -0.55537 0
    outer loop
      vertex 44.6021 114.696 1
      vertex 44.2388 115.24 7
      vertex 44.2388 115.24 1
    endloop
  endfacet
  facet normal -0.831603 -0.55537 0
    outer loop
      vertex 44.2388 115.24 7
      vertex 44.6021 114.696 1
      vertex 44.6021 114.696 7
    endloop
  endfacet
  facet normal 0.0657447 -0.997836 0
    outer loop
      vertex 5.34737 117.153 1
      vertex 6 117.196 7
      vertex 5.34737 117.153 7
    endloop
  endfacet
  facet normal 0.0657447 -0.997836 0
    outer loop
      vertex 6 117.196 7
      vertex 5.34737 117.153 1
      vertex 6 117.196 1
    endloop
  endfacet
  facet normal -0.0654036 0.997859 3.8343e-06
    outer loop
      vertex 40.6373 1.02394 3.40428
      vertex 40.9246 1.04278 1
      vertex 40.572 1.01966 3.4
    endloop
  endfacet
  facet normal -0.0653837 0.99786 6.22318e-06
    outer loop
      vertex 40.7014 1.02814 3.41704
      vertex 40.9246 1.04278 1
      vertex 40.6373 1.02394 3.40428
    endloop
  endfacet
  facet normal -0.0654491 0.997856 1.55201e-07
    outer loop
      vertex 40.7633 1.0322 3.43806
      vertex 40.9246 1.04278 1
      vertex 40.7014 1.02814 3.41704
    endloop
  endfacet
  facet normal -0.0654473 0.997856 2.76844e-07
    outer loop
      vertex 40.822 1.03605 3.46699
      vertex 40.9246 1.04278 1
      vertex 40.7633 1.0322 3.43806
    endloop
  endfacet
  facet normal -0.0653056 0.997865 6.19272e-06
    outer loop
      vertex 40.8764 1.03961 3.50332
      vertex 40.9246 1.04278 1
      vertex 40.822 1.03605 3.46699
    endloop
  endfacet
  facet normal -0.0656259 0.997844 0
    outer loop
      vertex 40.9246 1.04278 1
      vertex 40.8764 1.03961 3.50332
      vertex 40.9246 1.04278 3.54564
    endloop
  endfacet
  facet normal -0.0654128 0.997858 2.47451e-06
    outer loop
      vertex 40.272 1 1
      vertex 40.572 1.01966 3.4
      vertex 40.9246 1.04278 1
    endloop
  endfacet
  facet normal -0.0652523 0.997869 -1.76707e-05
    outer loop
      vertex 40.572 1.01966 3.4
      vertex 40.272 1 1
      vertex 40.5067 1.01539 3.40428
    endloop
  endfacet
  facet normal -0.0655354 0.99785 1.00859e-05
    outer loop
      vertex 40.5067 1.01539 3.40428
      vertex 40.272 1 1
      vertex 40.4426 1.01118 3.41704
    endloop
  endfacet
  facet normal -0.0654477 0.997856 3.86895e-06
    outer loop
      vertex 40.4426 1.01118 3.41704
      vertex 40.272 1 1
      vertex 40.3807 1.00712 3.43806
    endloop
  endfacet
  facet normal -0.0652796 0.997867 -3.65692e-06
    outer loop
      vertex 40.3807 1.00712 3.43806
      vertex 40.272 1 1
      vertex 40.322 1.00328 3.46699
    endloop
  endfacet
  facet normal -0.0654593 0.997855 0
    outer loop
      vertex 40.322 1.00328 3.46699
      vertex 40.272 1 1
      vertex 40.272 1 3.5004
    endloop
  endfacet
  facet normal -0.0654128 0.997858 -2.28417e-06
    outer loop
      vertex 40.9246 1.04278 7
      vertex 40.572 1.01966 4.4
      vertex 40.272 1 7
    endloop
  endfacet
  facet normal -0.0654035 0.997859 -3.54195e-06
    outer loop
      vertex 40.9246 1.04278 7
      vertex 40.6373 1.02394 4.39572
      vertex 40.572 1.01966 4.4
    endloop
  endfacet
  facet normal -0.0653836 0.99786 -5.75553e-06
    outer loop
      vertex 40.9246 1.04278 7
      vertex 40.7014 1.02814 4.38296
      vertex 40.6373 1.02394 4.39572
    endloop
  endfacet
  facet normal -0.0654491 0.997856 -1.43674e-07
    outer loop
      vertex 40.9246 1.04278 7
      vertex 40.7633 1.0322 4.36194
      vertex 40.7014 1.02814 4.38296
    endloop
  endfacet
  facet normal -0.0654472 0.997856 -2.56469e-07
    outer loop
      vertex 40.9246 1.04278 7
      vertex 40.822 1.03605 4.33301
      vertex 40.7633 1.0322 4.36194
    endloop
  endfacet
  facet normal -0.0653053 0.997865 -5.73996e-06
    outer loop
      vertex 40.9246 1.04278 7
      vertex 40.8764 1.03961 4.29668
      vertex 40.822 1.03605 4.33301
    endloop
  endfacet
  facet normal -0.0656259 0.997844 0
    outer loop
      vertex 40.8764 1.03961 4.29668
      vertex 40.9246 1.04278 7
      vertex 40.9246 1.04278 4.25436
    endloop
  endfacet
  facet normal -0.0652522 0.997869 1.63216e-05
    outer loop
      vertex 40.5067 1.01539 4.39572
      vertex 40.272 1 7
      vertex 40.572 1.01966 4.4
    endloop
  endfacet
  facet normal -0.0655356 0.99785 -9.32498e-06
    outer loop
      vertex 40.4426 1.01118 4.38296
      vertex 40.272 1 7
      vertex 40.5067 1.01539 4.39572
    endloop
  endfacet
  facet normal -0.0654478 0.997856 -3.57968e-06
    outer loop
      vertex 40.3807 1.00712 4.36194
      vertex 40.272 1 7
      vertex 40.4426 1.01118 4.38296
    endloop
  endfacet
  facet normal -0.0652795 0.997867 3.38519e-06
    outer loop
      vertex 40.322 1.00328 4.33301
      vertex 40.272 1 7
      vertex 40.3807 1.00712 4.36194
    endloop
  endfacet
  facet normal -0.0654593 0.997855 0
    outer loop
      vertex 40.272 1 7
      vertex 40.322 1.00328 4.33301
      vertex 40.272 1 4.2996
    endloop
  endfacet
  facet normal 0.98076 -0.195219 0
    outer loop
      vertex 1.04278 112.849 7
      vertex 1.17037 113.49 1
      vertex 1.17037 113.49 7
    endloop
  endfacet
  facet normal 0.98076 -0.195219 0
    outer loop
      vertex 1.17037 113.49 1
      vertex 1.04278 112.849 7
      vertex 1.04278 112.849 1
    endloop
  endfacet
  facet normal 0.322493 -0.946572 0
    outer loop
      vertex 4.08658 116.815 1
      vertex 4.7059 117.026 7
      vertex 4.08658 116.815 7
    endloop
  endfacet
  facet normal 0.322493 -0.946572 0
    outer loop
      vertex 4.7059 117.026 7
      vertex 4.08658 116.815 1
      vertex 4.7059 117.026 1
    endloop
  endfacet
  facet normal -0.659165 -0.751998 0
    outer loop
      vertex 43.3158 116.163 1
      vertex 43.8075 115.732 7
      vertex 43.3158 116.163 7
    endloop
  endfacet
  facet normal -0.659165 -0.751998 -0
    outer loop
      vertex 43.8075 115.732 7
      vertex 43.3158 116.163 1
      vertex 43.8075 115.732 1
    endloop
  endfacet
  facet normal 0.0654098 0.997858 -0
    outer loop
      vertex 6 1 1
      vertex 5.34737 1.04278 7
      vertex 6 1 7
    endloop
  endfacet
  facet normal 0.0654098 0.997858 0
    outer loop
      vertex 5.34737 1.04278 7
      vertex 6 1 1
      vertex 5.34737 1.04278 1
    endloop
  endfacet
  facet normal 0.195081 0.980787 -0
    outer loop
      vertex 5.34737 1.04278 1
      vertex 4.7059 1.17037 7
      vertex 5.34737 1.04278 7
    endloop
  endfacet
  facet normal 0.195081 0.980787 0
    outer loop
      vertex 4.7059 1.17037 7
      vertex 5.34737 1.04278 1
      vertex 4.7059 1.17037 1
    endloop
  endfacet
  facet normal -0.980784 0.195096 0
    outer loop
      vertex 45.1016 4.7059 1
      vertex 45.2292 5.34737 7
      vertex 45.2292 5.34737 1
    endloop
  endfacet
  facet normal -0.980784 0.195096 0
    outer loop
      vertex 45.2292 5.34737 7
      vertex 45.1016 4.7059 1
      vertex 45.1016 4.7059 7
    endloop
  endfacet
  facet normal -0.555575 0.831466 0
    outer loop
      vertex 43.3158 2.03323 1
      vertex 42.772 1.66987 7
      vertex 43.3158 2.03323 7
    endloop
  endfacet
  facet normal -0.555575 0.831466 0
    outer loop
      vertex 42.772 1.66987 7
      vertex 43.3158 2.03323 1
      vertex 42.772 1.66987 1
    endloop
  endfacet
  facet normal -0.195072 0.980789 0
    outer loop
      vertex 41.5661 1.17037 7
      vertex 40.9246 1.04278 4.25436
      vertex 40.9246 1.04278 7
    endloop
  endfacet
  facet normal -0.180016 0.983657 -0.00365115
    outer loop
      vertex 41.5661 1.17037 7
      vertex 40.9256 1.04296 4.25355
      vertex 40.9246 1.04278 4.25436
    endloop
  endfacet
  facet normal -0.195211 0.980761 2.69559e-05
    outer loop
      vertex 41.5661 1.17037 7
      vertex 40.9687 1.05154 4.20438
      vertex 40.9256 1.04296 4.25355
    endloop
  endfacet
  facet normal -0.19508 0.980787 -2.20364e-06
    outer loop
      vertex 41.5661 1.17037 7
      vertex 41.005 1.05876 4.15
      vertex 40.9687 1.05154 4.20438
    endloop
  endfacet
  facet normal -0.195357 0.980732 5.45073e-05
    outer loop
      vertex 41.5661 1.17037 7
      vertex 41.0339 1.06452 4.09134
      vertex 41.005 1.05876 4.15
    endloop
  endfacet
  facet normal -0.194587 0.980885 -9.191e-05
    outer loop
      vertex 41.5661 1.17037 7
      vertex 41.055 1.0687 4.02941
      vertex 41.0339 1.06452 4.09134
    endloop
  endfacet
  facet normal -0.195644 0.980675 9.71446e-05
    outer loop
      vertex 41.5661 1.17037 7
      vertex 41.0677 1.07124 3.96526
      vertex 41.055 1.0687 4.02941
    endloop
  endfacet
  facet normal -0.194745 0.980854 -5.63655e-05
    outer loop
      vertex 41.5661 1.17037 7
      vertex 41.072 1.07209 3.9
      vertex 41.0677 1.07124 3.96526
    endloop
  endfacet
  facet normal -0.195085 0.980786 0
    outer loop
      vertex 41.5661 1.17037 1
      vertex 41.072 1.07209 3.9
      vertex 41.5661 1.17037 7
    endloop
  endfacet
  facet normal -0.194761 0.980851 5.74494e-05
    outer loop
      vertex 41.072 1.07209 3.9
      vertex 41.5661 1.17037 1
      vertex 41.0677 1.07124 3.83474
    endloop
  endfacet
  facet normal -0.195627 0.980678 -0.000100775
    outer loop
      vertex 41.5661 1.17037 1
      vertex 41.055 1.0687 3.77059
      vertex 41.0677 1.07124 3.83474
    endloop
  endfacet
  facet normal -0.194599 0.980883 9.6214e-05
    outer loop
      vertex 41.5661 1.17037 1
      vertex 41.0339 1.06452 3.70866
      vertex 41.055 1.0687 3.77059
    endloop
  endfacet
  facet normal -0.195351 0.980733 -5.73846e-05
    outer loop
      vertex 41.5661 1.17037 1
      vertex 41.005 1.05876 3.65
      vertex 41.0339 1.06452 3.70866
    endloop
  endfacet
  facet normal -0.19508 0.980787 2.32991e-06
    outer loop
      vertex 41.5661 1.17037 1
      vertex 40.9687 1.05154 3.59562
      vertex 41.005 1.05876 3.65
    endloop
  endfacet
  facet normal -0.195209 0.980762 -2.8601e-05
    outer loop
      vertex 41.5661 1.17037 1
      vertex 40.9256 1.04296 3.54645
      vertex 40.9687 1.05154 3.59562
    endloop
  endfacet
  facet normal -0.180202 0.983622 0.00388924
    outer loop
      vertex 41.5661 1.17037 1
      vertex 40.9246 1.04278 3.54564
      vertex 40.9256 1.04296 3.54645
    endloop
  endfacet
  facet normal -0.195072 0.980789 0
    outer loop
      vertex 40.9246 1.04278 3.54564
      vertex 41.5661 1.17037 1
      vertex 40.9246 1.04278 1
    endloop
  endfacet
  facet normal -0.442277 0.896878 0
    outer loop
      vertex 42.772 1.66987 1
      vertex 42.1854 1.3806 7
      vertex 42.772 1.66987 7
    endloop
  endfacet
  facet normal -0.442277 0.896878 0
    outer loop
      vertex 42.1854 1.3806 7
      vertex 42.772 1.66987 1
      vertex 42.1854 1.3806 1
    endloop
  endfacet
  facet normal 0.659357 0.75183 -0
    outer loop
      vertex 2.95619 2.03323 1
      vertex 2.46447 2.46447 7
      vertex 2.95619 2.03323 7
    endloop
  endfacet
  facet normal 0.659357 0.75183 0
    outer loop
      vertex 2.46447 2.46447 7
      vertex 2.95619 2.03323 1
      vertex 2.46447 2.46447 1
    endloop
  endfacet
  facet normal 0.997861 -0.0653729 0
    outer loop
      vertex 1 112.196 7
      vertex 1.04278 112.849 1
      vertex 1.04278 112.849 7
    endloop
  endfacet
  facet normal 0.997861 -0.0653729 0
    outer loop
      vertex 1.04278 112.849 1
      vertex 1 112.196 7
      vertex 1 112.196 1
    endloop
  endfacet
  facet normal -0.441945 -0.897042 0
    outer loop
      vertex 42.1854 116.815 1
      vertex 42.772 116.526 7
      vertex 42.1854 116.815 7
    endloop
  endfacet
  facet normal -0.441945 -0.897042 -0
    outer loop
      vertex 42.772 116.526 7
      vertex 42.1854 116.815 1
      vertex 42.772 116.526 1
    endloop
  endfacet
  facet normal -0.997859 -0.0654033 0
    outer loop
      vertex 45.272 112.196 1
      vertex 45.2292 112.849 7
      vertex 45.2292 112.849 1
    endloop
  endfacet
  facet normal -0.997859 -0.0654033 0
    outer loop
      vertex 45.2292 112.849 7
      vertex 45.272 112.196 1
      vertex 45.272 112.196 7
    endloop
  endfacet
  facet normal -0.89698 -0.442072 0
    outer loop
      vertex 44.8914 114.109 1
      vertex 44.6021 114.696 7
      vertex 44.6021 114.696 1
    endloop
  endfacet
  facet normal -0.89698 -0.442072 0
    outer loop
      vertex 44.6021 114.696 7
      vertex 44.8914 114.109 1
      vertex 44.8914 114.109 7
    endloop
  endfacet
  facet normal 0 -1 0
    outer loop
      vertex 6 117.196 1
      vertex 40.272 117.196 7
      vertex 6 117.196 7
    endloop
  endfacet
  facet normal 0 -1 -0
    outer loop
      vertex 40.272 117.196 7
      vertex 6 117.196 1
      vertex 40.272 117.196 1
    endloop
  endfacet
  facet normal -0.0657477 -0.997836 0
    outer loop
      vertex 40.272 117.196 1
      vertex 40.9246 117.153 7
      vertex 40.272 117.196 7
    endloop
  endfacet
  facet normal -0.0657477 -0.997836 -0
    outer loop
      vertex 40.9246 117.153 7
      vertex 40.272 117.196 1
      vertex 40.9246 117.153 1
    endloop
  endfacet
  facet normal 0.555568 0.831471 -0
    outer loop
      vertex 3.5 1.66987 1
      vertex 2.95619 2.03323 7
      vertex 3.5 1.66987 7
    endloop
  endfacet
  facet normal 0.555568 0.831471 0
    outer loop
      vertex 2.95619 2.03323 7
      vertex 3.5 1.66987 1
      vertex 2.95619 2.03323 1
    endloop
  endfacet
  facet normal 0.321438 0.946931 -0
    outer loop
      vertex 4.7059 1.17037 1
      vertex 4.08658 1.3806 7
      vertex 4.7059 1.17037 7
    endloop
  endfacet
  facet normal 0.321438 0.946931 0
    outer loop
      vertex 4.08658 1.3806 7
      vertex 4.7059 1.17037 1
      vertex 4.08658 1.3806 1
    endloop
  endfacet
  facet normal -0.896854 0.442327 0
    outer loop
      vertex 44.6021 3.5 1
      vertex 44.8914 4.08658 7
      vertex 44.8914 4.08658 1
    endloop
  endfacet
  facet normal -0.896854 0.442327 0
    outer loop
      vertex 44.8914 4.08658 7
      vertex 44.6021 3.5 1
      vertex 44.6021 3.5 7
    endloop
  endfacet
  facet normal -0.831514 0.555504 0
    outer loop
      vertex 44.2388 2.95619 1
      vertex 44.6021 3.5 7
      vertex 44.6021 3.5 1
    endloop
  endfacet
  facet normal -0.831514 0.555504 0
    outer loop
      vertex 44.6021 3.5 7
      vertex 44.2388 2.95619 1
      vertex 44.2388 2.95619 7
    endloop
  endfacet
  facet normal -0.659372 0.751817 0
    outer loop
      vertex 43.8075 2.46447 1
      vertex 43.3158 2.03323 7
      vertex 43.8075 2.46447 7
    endloop
  endfacet
  facet normal -0.659372 0.751817 0
    outer loop
      vertex 43.3158 2.03323 7
      vertex 43.8075 2.46447 1
      vertex 43.3158 2.03323 1
    endloop
  endfacet
  facet normal -0.321448 0.946927 0
    outer loop
      vertex 42.1854 1.3806 1
      vertex 41.5661 1.17037 7
      vertex 42.1854 1.3806 7
    endloop
  endfacet
  facet normal -0.321448 0.946927 0
    outer loop
      vertex 41.5661 1.17037 7
      vertex 42.1854 1.3806 1
      vertex 41.5661 1.17037 1
    endloop
  endfacet
  facet normal 0.997858 0.0654098 0
    outer loop
      vertex 1.04278 5.34737 7
      vertex 1 6 1
      vertex 1 6 7
    endloop
  endfacet
  facet normal 0.997858 0.0654098 0
    outer loop
      vertex 1 6 1
      vertex 1.04278 5.34737 7
      vertex 1.04278 5.34737 1
    endloop
  endfacet
  facet normal 0.946931 0.321438 0
    outer loop
      vertex 1.3806 4.08658 7
      vertex 1.17037 4.7059 1
      vertex 1.17037 4.7059 7
    endloop
  endfacet
  facet normal 0.946931 0.321438 0
    outer loop
      vertex 1.17037 4.7059 1
      vertex 1.3806 4.08658 7
      vertex 1.3806 4.08658 1
    endloop
  endfacet
  facet normal 0.194213 -0.980959 0
    outer loop
      vertex 4.7059 117.026 1
      vertex 5.34737 117.153 7
      vertex 4.7059 117.026 7
    endloop
  endfacet
  facet normal 0.194213 -0.980959 0
    outer loop
      vertex 5.34737 117.153 7
      vertex 4.7059 117.026 1
      vertex 5.34737 117.153 1
    endloop
  endfacet
  facet normal 0.555187 -0.831725 0
    outer loop
      vertex 2.95619 116.163 1
      vertex 3.5 116.526 7
      vertex 2.95619 116.163 7
    endloop
  endfacet
  facet normal 0.555187 -0.831725 0
    outer loop
      vertex 3.5 116.526 7
      vertex 2.95619 116.163 1
      vertex 3.5 116.526 1
    endloop
  endfacet
  facet normal -0.322503 -0.946569 0
    outer loop
      vertex 41.5661 117.026 1
      vertex 42.1854 116.815 7
      vertex 41.5661 117.026 7
    endloop
  endfacet
  facet normal -0.322503 -0.946569 -0
    outer loop
      vertex 42.1854 116.815 7
      vertex 41.5661 117.026 1
      vertex 42.1854 116.815 1
    endloop
  endfacet
  facet normal -0.555194 -0.831721 0
    outer loop
      vertex 42.772 116.526 1
      vertex 43.3158 116.163 7
      vertex 42.772 116.526 7
    endloop
  endfacet
  facet normal -0.555194 -0.831721 -0
    outer loop
      vertex 43.3158 116.163 7
      vertex 42.772 116.526 1
      vertex 43.3158 116.163 1
    endloop
  endfacet
  facet normal -0.75197 -0.659197 0
    outer loop
      vertex 44.2388 115.24 1
      vertex 43.8075 115.732 7
      vertex 43.8075 115.732 1
    endloop
  endfacet
  facet normal -0.75197 -0.659197 0
    outer loop
      vertex 43.8075 115.732 7
      vertex 44.2388 115.24 1
      vertex 44.2388 115.24 7
    endloop
  endfacet
  facet normal -0.980757 -0.195233 0
    outer loop
      vertex 45.2292 112.849 1
      vertex 45.1016 113.49 7
      vertex 45.1016 113.49 1
    endloop
  endfacet
  facet normal -0.980757 -0.195233 0
    outer loop
      vertex 45.1016 113.49 7
      vertex 45.2292 112.849 1
      vertex 45.2292 112.849 7
    endloop
  endfacet
  facet normal -0.946894 -0.321546 0
    outer loop
      vertex 45.1016 113.49 1
      vertex 44.8914 114.109 7
      vertex 44.8914 114.109 1
    endloop
  endfacet
  facet normal -0.946894 -0.321546 0
    outer loop
      vertex 44.8914 114.109 7
      vertex 45.1016 113.49 1
      vertex 45.1016 113.49 7
    endloop
  endfacet
  facet normal 0.44229 0.896872 -0
    outer loop
      vertex 4.08658 1.3806 1
      vertex 3.5 1.66987 7
      vertex 4.08658 1.3806 7
    endloop
  endfacet
  facet normal 0.44229 0.896872 0
    outer loop
      vertex 3.5 1.66987 7
      vertex 4.08658 1.3806 1
      vertex 3.5 1.66987 1
    endloop
  endfacet
  facet normal -0.946944 0.321397 0
    outer loop
      vertex 44.8914 4.08658 1
      vertex 45.1016 4.7059 7
      vertex 45.1016 4.7059 1
    endloop
  endfacet
  facet normal -0.946944 0.321397 0
    outer loop
      vertex 45.1016 4.7059 7
      vertex 44.8914 4.08658 1
      vertex 44.8914 4.08658 7
    endloop
  endfacet
  facet normal 0.896872 0.44229 0
    outer loop
      vertex 1.66987 3.5 7
      vertex 1.3806 4.08658 1
      vertex 1.3806 4.08658 7
    endloop
  endfacet
  facet normal 0.896872 0.44229 0
    outer loop
      vertex 1.3806 4.08658 1
      vertex 1.66987 3.5 7
      vertex 1.66987 3.5 1
    endloop
  endfacet
  facet normal 0 0 1
    outer loop
      vertex 39.7506 112.92 1
      vertex 45.272 112.196 1
      vertex 45.2292 112.849 1
    endloop
  endfacet
  facet normal 0 0 1
    outer loop
      vertex 37.919 110.831 1
      vertex 45.272 112.196 1
      vertex 38.2287 110.936 1
    endloop
  endfacet
  facet normal -0 0 1
    outer loop
      vertex 39.7506 112.92 1
      vertex 45.2292 112.849 1
      vertex 45.1016 113.49 1
    endloop
  endfacet
  facet normal 0 0 1
    outer loop
      vertex 45.272 112.196 1
      vertex 37.919 110.831 1
      vertex 45.272 6 1
    endloop
  endfacet
  facet normal 0 0 1
    outer loop
      vertex 39.772 113.246 1
      vertex 45.1016 113.49 1
      vertex 44.8914 114.109 1
    endloop
  endfacet
  facet normal 0 0 1
    outer loop
      vertex 45.272 112.196 1
      vertex 38.522 111.081 1
      vertex 38.2287 110.936 1
    endloop
  endfacet
  facet normal 0 0 1
    outer loop
      vertex 39.772 113.246 1
      vertex 44.8914 114.109 1
      vertex 44.6021 114.696 1
    endloop
  endfacet
  facet normal 0 0 1
    outer loop
      vertex 45.272 112.196 1
      vertex 38.7939 111.263 1
      vertex 38.522 111.081 1
    endloop
  endfacet
  facet normal 0 0 1
    outer loop
      vertex 39.772 113.246 1
      vertex 44.6021 114.696 1
      vertex 44.2388 115.24 1
    endloop
  endfacet
  facet normal -0 0 1
    outer loop
      vertex 37.5983 110.767 1
      vertex 45.272 6 1
      vertex 37.919 110.831 1
    endloop
  endfacet
  facet normal 0 0 1
    outer loop
      vertex 39.7506 113.572 1
      vertex 44.2388 115.24 1
      vertex 43.8075 115.732 1
    endloop
  endfacet
  facet normal 0 0 1
    outer loop
      vertex 45.272 112.196 1
      vertex 39.0398 111.478 1
      vertex 38.7939 111.263 1
    endloop
  endfacet
  facet normal 0 0 1
    outer loop
      vertex 39.7506 113.572 1
      vertex 43.8075 115.732 1
      vertex 43.3158 116.163 1
    endloop
  endfacet
  facet normal 0 0 1
    outer loop
      vertex 45.272 112.196 1
      vertex 39.2554 111.724 1
      vertex 39.0398 111.478 1
    endloop
  endfacet
  facet normal 0 0 1
    outer loop
      vertex 39.6868 113.893 1
      vertex 43.3158 116.163 1
      vertex 42.772 116.526 1
    endloop
  endfacet
  facet normal -0 0 1
    outer loop
      vertex 37.272 110.746 1
      vertex 45.272 6 1
      vertex 37.5983 110.767 1
    endloop
  endfacet
  facet normal 0 0 1
    outer loop
      vertex 39.5817 114.203 1
      vertex 42.772 116.526 1
      vertex 42.1854 116.815 1
    endloop
  endfacet
  facet normal 0 0 1
    outer loop
      vertex 45.272 112.196 1
      vertex 39.4371 111.996 1
      vertex 39.2554 111.724 1
    endloop
  endfacet
  facet normal 0 0 1
    outer loop
      vertex 39.5817 114.203 1
      vertex 42.1854 116.815 1
      vertex 41.5661 117.026 1
    endloop
  endfacet
  facet normal 0 0 1
    outer loop
      vertex 45.272 112.196 1
      vertex 39.5817 112.289 1
      vertex 39.4371 111.996 1
    endloop
  endfacet
  facet normal 0 0 1
    outer loop
      vertex 39.4371 114.496 1
      vertex 41.5661 117.026 1
      vertex 40.9246 117.153 1
    endloop
  endfacet
  facet normal 0 0 1
    outer loop
      vertex 45.272 112.196 1
      vertex 39.6868 112.599 1
      vertex 39.5817 112.289 1
    endloop
  endfacet
  facet normal 0 0 1
    outer loop
      vertex 39.2554 114.768 1
      vertex 40.9246 117.153 1
      vertex 40.272 117.196 1
    endloop
  endfacet
  facet normal 0 0 1
    outer loop
      vertex 45.272 112.196 1
      vertex 39.7506 112.92 1
      vertex 39.6868 112.599 1
    endloop
  endfacet
  facet normal 0 0 1
    outer loop
      vertex 45.1016 113.49 1
      vertex 39.772 113.246 1
      vertex 39.7506 112.92 1
    endloop
  endfacet
  facet normal 0 0 1
    outer loop
      vertex 44.2388 115.24 1
      vertex 39.7506 113.572 1
      vertex 39.772 113.246 1
    endloop
  endfacet
  facet normal 0 0 1
    outer loop
      vertex 43.3158 116.163 1
      vertex 39.6868 113.893 1
      vertex 39.7506 113.572 1
    endloop
  endfacet
  facet normal 0 0 1
    outer loop
      vertex 42.772 116.526 1
      vertex 39.5817 114.203 1
      vertex 39.6868 113.893 1
    endloop
  endfacet
  facet normal 0 0 1
    outer loop
      vertex 41.5661 117.026 1
      vertex 39.4371 114.496 1
      vertex 39.5817 114.203 1
    endloop
  endfacet
  facet normal 0 0 1
    outer loop
      vertex 40.9246 117.153 1
      vertex 39.2554 114.768 1
      vertex 39.4371 114.496 1
    endloop
  endfacet
  facet normal 0 0 1
    outer loop
      vertex 40.272 117.196 1
      vertex 39.0398 115.014 1
      vertex 39.2554 114.768 1
    endloop
  endfacet
  facet normal 0 0 1
    outer loop
      vertex 40.272 117.196 1
      vertex 38.7939 115.229 1
      vertex 39.0398 115.014 1
    endloop
  endfacet
  facet normal 0 0 1
    outer loop
      vertex 40.272 117.196 1
      vertex 38.522 115.411 1
      vertex 38.7939 115.229 1
    endloop
  endfacet
  facet normal 0 0 1
    outer loop
      vertex 40.272 117.196 1
      vertex 38.2287 115.556 1
      vertex 38.522 115.411 1
    endloop
  endfacet
  facet normal 0 0 1
    outer loop
      vertex 40.272 117.196 1
      vertex 37.919 115.661 1
      vertex 38.2287 115.556 1
    endloop
  endfacet
  facet normal 0 0 1
    outer loop
      vertex 40.272 117.196 1
      vertex 37.5983 115.725 1
      vertex 37.919 115.661 1
    endloop
  endfacet
  facet normal 0 0 1
    outer loop
      vertex 40.272 117.196 1
      vertex 37.272 115.746 1
      vertex 37.5983 115.725 1
    endloop
  endfacet
  facet normal 0 0 1
    outer loop
      vertex 40.272 117.196 1
      vertex 36.9457 115.725 1
      vertex 37.272 115.746 1
    endloop
  endfacet
  facet normal 0 0 1
    outer loop
      vertex 40.272 117.196 1
      vertex 36.625 115.661 1
      vertex 36.9457 115.725 1
    endloop
  endfacet
  facet normal 0 0 1
    outer loop
      vertex 30.772 114.746 1
      vertex 36.625 115.661 1
      vertex 40.272 117.196 1
    endloop
  endfacet
  facet normal -0 0 1
    outer loop
      vertex 32.2592 113.442 1
      vertex 34.772 113.246 1
      vertex 34.7934 113.572 1
    endloop
  endfacet
  facet normal -0 0 1
    outer loop
      vertex 32.2209 113.634 1
      vertex 34.7934 113.572 1
      vertex 34.8572 113.893 1
    endloop
  endfacet
  facet normal 0 0 1
    outer loop
      vertex 32.1578 113.82 1
      vertex 34.8572 113.893 1
      vertex 34.9623 114.203 1
    endloop
  endfacet
  facet normal 0 0 1
    outer loop
      vertex 31.962 114.159 1
      vertex 34.9623 114.203 1
      vertex 35.1069 114.496 1
    endloop
  endfacet
  facet normal 0 0 1
    outer loop
      vertex 31.8327 114.307 1
      vertex 35.1069 114.496 1
      vertex 35.2886 114.768 1
    endloop
  endfacet
  facet normal 0 0 1
    outer loop
      vertex 31.6851 114.436 1
      vertex 35.2886 114.768 1
      vertex 35.5042 115.014 1
    endloop
  endfacet
  facet normal 0 0 1
    outer loop
      vertex 31.522 114.545 1
      vertex 35.5042 115.014 1
      vertex 35.7501 115.229 1
    endloop
  endfacet
  facet normal 0 0 1
    outer loop
      vertex 31.1602 114.695 1
      vertex 35.7501 115.229 1
      vertex 36.022 115.411 1
    endloop
  endfacet
  facet normal 0 0 1
    outer loop
      vertex 34.772 113.246 1
      vertex 32.2592 113.442 1
      vertex 32.272 113.246 1
    endloop
  endfacet
  facet normal 0 0 1
    outer loop
      vertex 34.7934 113.572 1
      vertex 32.2209 113.634 1
      vertex 32.2592 113.442 1
    endloop
  endfacet
  facet normal 0 0 1
    outer loop
      vertex 30.9678 114.733 1
      vertex 36.022 115.411 1
      vertex 36.3153 115.556 1
    endloop
  endfacet
  facet normal 0 0 1
    outer loop
      vertex 34.8572 113.893 1
      vertex 32.1578 113.82 1
      vertex 32.2209 113.634 1
    endloop
  endfacet
  facet normal 0 0 1
    outer loop
      vertex 34.9623 114.203 1
      vertex 32.071 113.996 1
      vertex 32.1578 113.82 1
    endloop
  endfacet
  facet normal 0 0 1
    outer loop
      vertex 36.625 115.661 1
      vertex 30.772 114.746 1
      vertex 36.3153 115.556 1
    endloop
  endfacet
  facet normal 0 0 1
    outer loop
      vertex 34.9623 114.203 1
      vertex 31.962 114.159 1
      vertex 32.071 113.996 1
    endloop
  endfacet
  facet normal 0 0 1
    outer loop
      vertex 35.1069 114.496 1
      vertex 31.8327 114.307 1
      vertex 31.962 114.159 1
    endloop
  endfacet
  facet normal 0 0 1
    outer loop
      vertex 35.2886 114.768 1
      vertex 31.6851 114.436 1
      vertex 31.8327 114.307 1
    endloop
  endfacet
  facet normal 0 0 1
    outer loop
      vertex 35.5042 115.014 1
      vertex 31.522 114.545 1
      vertex 31.6851 114.436 1
    endloop
  endfacet
  facet normal 0 0 1
    outer loop
      vertex 35.7501 115.229 1
      vertex 31.346 114.632 1
      vertex 31.522 114.545 1
    endloop
  endfacet
  facet normal 0 0 1
    outer loop
      vertex 35.7501 115.229 1
      vertex 31.1602 114.695 1
      vertex 31.346 114.632 1
    endloop
  endfacet
  facet normal 0 0 1
    outer loop
      vertex 36.022 115.411 1
      vertex 30.9678 114.733 1
      vertex 31.1602 114.695 1
    endloop
  endfacet
  facet normal 0 0 1
    outer loop
      vertex 36.3153 115.556 1
      vertex 30.772 114.746 1
      vertex 30.9678 114.733 1
    endloop
  endfacet
  facet normal 0 0 1
    outer loop
      vertex 40.272 117.196 1
      vertex 30.5762 114.733 1
      vertex 30.772 114.746 1
    endloop
  endfacet
  facet normal -0 0 1
    outer loop
      vertex 6 117.196 1
      vertex 30.5762 114.733 1
      vertex 40.272 117.196 1
    endloop
  endfacet
  facet normal 0 0 1
    outer loop
      vertex 29.2848 113.442 1
      vertex 6 117.196 1
      vertex 29.272 113.246 1
    endloop
  endfacet
  facet normal 0 0 1
    outer loop
      vertex 29.3231 113.634 1
      vertex 6 117.196 1
      vertex 29.2848 113.442 1
    endloop
  endfacet
  facet normal 0 0 1
    outer loop
      vertex 29.3862 113.82 1
      vertex 6 117.196 1
      vertex 29.3231 113.634 1
    endloop
  endfacet
  facet normal 0 0 1
    outer loop
      vertex 29.473 113.996 1
      vertex 6 117.196 1
      vertex 29.3862 113.82 1
    endloop
  endfacet
  facet normal 0 0 1
    outer loop
      vertex 29.582 114.159 1
      vertex 6 117.196 1
      vertex 29.473 113.996 1
    endloop
  endfacet
  facet normal 0 0 1
    outer loop
      vertex 29.7113 114.307 1
      vertex 6 117.196 1
      vertex 29.582 114.159 1
    endloop
  endfacet
  facet normal 0 0 1
    outer loop
      vertex 29.8589 114.436 1
      vertex 6 117.196 1
      vertex 29.7113 114.307 1
    endloop
  endfacet
  facet normal 0 0 1
    outer loop
      vertex 30.022 114.545 1
      vertex 6 117.196 1
      vertex 29.8589 114.436 1
    endloop
  endfacet
  facet normal 0 0 1
    outer loop
      vertex 30.198 114.632 1
      vertex 6 117.196 1
      vertex 30.022 114.545 1
    endloop
  endfacet
  facet normal 0 0 1
    outer loop
      vertex 30.3838 114.695 1
      vertex 6 117.196 1
      vertex 30.198 114.632 1
    endloop
  endfacet
  facet normal 0 0 1
    outer loop
      vertex 30.5762 114.733 1
      vertex 6 117.196 1
      vertex 30.3838 114.695 1
    endloop
  endfacet
  facet normal 0 0 1
    outer loop
      vertex 36.9457 110.767 1
      vertex 45.272 6 1
      vertex 37.272 110.746 1
    endloop
  endfacet
  facet normal 0 0 1
    outer loop
      vertex 36.625 110.831 1
      vertex 45.272 6 1
      vertex 36.9457 110.767 1
    endloop
  endfacet
  facet normal 0 0 1
    outer loop
      vertex 30.5762 111.759 1
      vertex 45.272 6 1
      vertex 36.625 110.831 1
    endloop
  endfacet
  facet normal 0 0 1
    outer loop
      vertex 1 6 1
      vertex 45.272 6 1
      vertex 30.5762 111.759 1
    endloop
  endfacet
  facet normal 0 -0 1
    outer loop
      vertex 40.272 1 1
      vertex 45.272 6 1
      vertex 1 6 1
    endloop
  endfacet
  facet normal 0 0 1
    outer loop
      vertex 45.1016 4.7059 1
      vertex 40.272 1 1
      vertex 44.8914 4.08658 1
    endloop
  endfacet
  facet normal 0 0 1
    outer loop
      vertex 44.8914 4.08658 1
      vertex 40.272 1 1
      vertex 44.6021 3.5 1
    endloop
  endfacet
  facet normal 0 0 1
    outer loop
      vertex 44.6021 3.5 1
      vertex 40.272 1 1
      vertex 44.2388 2.95619 1
    endloop
  endfacet
  facet normal 0 0 1
    outer loop
      vertex 44.2388 2.95619 1
      vertex 40.272 1 1
      vertex 43.8075 2.46447 1
    endloop
  endfacet
  facet normal 0 0 1
    outer loop
      vertex 43.3158 2.03323 1
      vertex 40.272 1 1
      vertex 42.772 1.66987 1
    endloop
  endfacet
  facet normal 0 0 1
    outer loop
      vertex 42.1854 1.3806 1
      vertex 40.272 1 1
      vertex 41.5661 1.17037 1
    endloop
  endfacet
  facet normal 0 0 1
    outer loop
      vertex 41.5661 1.17037 1
      vertex 40.272 1 1
      vertex 40.9246 1.04278 1
    endloop
  endfacet
  facet normal 0 0 1
    outer loop
      vertex 42.772 1.66987 1
      vertex 40.272 1 1
      vertex 42.1854 1.3806 1
    endloop
  endfacet
  facet normal 0 0 1
    outer loop
      vertex 45.2292 5.34737 1
      vertex 40.272 1 1
      vertex 45.1016 4.7059 1
    endloop
  endfacet
  facet normal 0 0 1
    outer loop
      vertex 30.772 111.746 1
      vertex 36.625 110.831 1
      vertex 36.3153 110.936 1
    endloop
  endfacet
  facet normal 0 0 1
    outer loop
      vertex 30.9678 111.759 1
      vertex 36.3153 110.936 1
      vertex 36.022 111.081 1
    endloop
  endfacet
  facet normal 0 0 1
    outer loop
      vertex 31.1602 111.797 1
      vertex 36.022 111.081 1
      vertex 35.7501 111.263 1
    endloop
  endfacet
  facet normal 0 0 1
    outer loop
      vertex 31.346 111.86 1
      vertex 35.7501 111.263 1
      vertex 35.5042 111.478 1
    endloop
  endfacet
  facet normal 0 0 1
    outer loop
      vertex 31.6851 112.056 1
      vertex 35.5042 111.478 1
      vertex 35.2886 111.724 1
    endloop
  endfacet
  facet normal 0 0 1
    outer loop
      vertex 31.8327 112.185 1
      vertex 35.2886 111.724 1
      vertex 35.1069 111.996 1
    endloop
  endfacet
  facet normal 0 0 1
    outer loop
      vertex 31.962 112.333 1
      vertex 35.1069 111.996 1
      vertex 34.9623 112.289 1
    endloop
  endfacet
  facet normal 0 0 1
    outer loop
      vertex 32.1578 112.672 1
      vertex 34.9623 112.289 1
      vertex 34.8572 112.599 1
    endloop
  endfacet
  facet normal -0 0 1
    outer loop
      vertex 32.2209 112.858 1
      vertex 34.8572 112.599 1
      vertex 34.7934 112.92 1
    endloop
  endfacet
  facet normal -0 0 1
    outer loop
      vertex 32.2592 113.05 1
      vertex 34.7934 112.92 1
      vertex 34.772 113.246 1
    endloop
  endfacet
  facet normal 0 0 1
    outer loop
      vertex 32.2592 113.05 1
      vertex 34.772 113.246 1
      vertex 32.272 113.246 1
    endloop
  endfacet
  facet normal 0 0 1
    outer loop
      vertex 34.7934 112.92 1
      vertex 32.2592 113.05 1
      vertex 32.2209 112.858 1
    endloop
  endfacet
  facet normal 0 0 1
    outer loop
      vertex 34.8572 112.599 1
      vertex 32.2209 112.858 1
      vertex 32.1578 112.672 1
    endloop
  endfacet
  facet normal 0 0 1
    outer loop
      vertex 34.9623 112.289 1
      vertex 32.1578 112.672 1
      vertex 32.071 112.496 1
    endloop
  endfacet
  facet normal 0 0 1
    outer loop
      vertex 34.9623 112.289 1
      vertex 32.071 112.496 1
      vertex 31.962 112.333 1
    endloop
  endfacet
  facet normal 0 0 1
    outer loop
      vertex 35.1069 111.996 1
      vertex 31.962 112.333 1
      vertex 31.8327 112.185 1
    endloop
  endfacet
  facet normal 0 0 1
    outer loop
      vertex 35.2886 111.724 1
      vertex 31.8327 112.185 1
      vertex 31.6851 112.056 1
    endloop
  endfacet
  facet normal 0 0 1
    outer loop
      vertex 35.5042 111.478 1
      vertex 31.6851 112.056 1
      vertex 31.522 111.947 1
    endloop
  endfacet
  facet normal 0 0 1
    outer loop
      vertex 35.5042 111.478 1
      vertex 31.522 111.947 1
      vertex 31.346 111.86 1
    endloop
  endfacet
  facet normal 0 0 1
    outer loop
      vertex 35.7501 111.263 1
      vertex 31.346 111.86 1
      vertex 31.1602 111.797 1
    endloop
  endfacet
  facet normal 0 0 1
    outer loop
      vertex 36.022 111.081 1
      vertex 31.1602 111.797 1
      vertex 30.9678 111.759 1
    endloop
  endfacet
  facet normal 0 0 1
    outer loop
      vertex 36.3153 110.936 1
      vertex 30.9678 111.759 1
      vertex 30.772 111.746 1
    endloop
  endfacet
  facet normal 0 0 1
    outer loop
      vertex 36.625 110.831 1
      vertex 30.772 111.746 1
      vertex 30.5762 111.759 1
    endloop
  endfacet
  facet normal 0 0 1
    outer loop
      vertex 45.272 6 1
      vertex 40.272 1 1
      vertex 45.2292 5.34737 1
    endloop
  endfacet
  facet normal 0 0 1
    outer loop
      vertex 1 6 1
      vertex 30.5762 111.759 1
      vertex 30.3838 111.797 1
    endloop
  endfacet
  facet normal 0 0 1
    outer loop
      vertex 1 112.196 1
      vertex 30.3838 111.797 1
      vertex 30.198 111.86 1
    endloop
  endfacet
  facet normal 0 0 1
    outer loop
      vertex 1 112.196 1
      vertex 30.198 111.86 1
      vertex 30.022 111.947 1
    endloop
  endfacet
  facet normal 0 0 1
    outer loop
      vertex 1 112.196 1
      vertex 30.022 111.947 1
      vertex 29.8589 112.056 1
    endloop
  endfacet
  facet normal 0 0 1
    outer loop
      vertex 1 112.196 1
      vertex 29.8589 112.056 1
      vertex 29.7113 112.185 1
    endloop
  endfacet
  facet normal -0 0 1
    outer loop
      vertex 1 112.196 1
      vertex 29.7113 112.185 1
      vertex 29.582 112.333 1
    endloop
  endfacet
  facet normal 0 0 1
    outer loop
      vertex 1 112.196 1
      vertex 29.582 112.333 1
      vertex 29.473 112.496 1
    endloop
  endfacet
  facet normal 0 0 1
    outer loop
      vertex 6 117.196 1
      vertex 29.473 112.496 1
      vertex 29.3862 112.672 1
    endloop
  endfacet
  facet normal 0 0 1
    outer loop
      vertex 6 117.196 1
      vertex 29.3862 112.672 1
      vertex 29.3231 112.858 1
    endloop
  endfacet
  facet normal 0 0 1
    outer loop
      vertex 6 117.196 1
      vertex 29.3231 112.858 1
      vertex 29.2848 113.05 1
    endloop
  endfacet
  facet normal 0 0 1
    outer loop
      vertex 6 117.196 1
      vertex 29.2848 113.05 1
      vertex 29.272 113.246 1
    endloop
  endfacet
  facet normal 0 0 1
    outer loop
      vertex 29.473 112.496 1
      vertex 6 117.196 1
      vertex 1 112.196 1
    endloop
  endfacet
  facet normal 0 0 1
    outer loop
      vertex 30.3838 111.797 1
      vertex 1 112.196 1
      vertex 1 6 1
    endloop
  endfacet
  facet normal 0 0 1
    outer loop
      vertex 1 112.196 1
      vertex 6 117.196 1
      vertex 5.34737 117.153 1
    endloop
  endfacet
  facet normal 0 0 1
    outer loop
      vertex 43.8075 2.46447 1
      vertex 40.272 1 1
      vertex 43.3158 2.03323 1
    endloop
  endfacet
  facet normal 0 0 1
    outer loop
      vertex 1 112.196 1
      vertex 5.34737 117.153 1
      vertex 4.7059 117.026 1
    endloop
  endfacet
  facet normal 0 0 1
    outer loop
      vertex 40.272 1 1
      vertex 1 6 1
      vertex 6 1 1
    endloop
  endfacet
  facet normal 0 0 1
    outer loop
      vertex 1 112.196 1
      vertex 4.7059 117.026 1
      vertex 4.08658 116.815 1
    endloop
  endfacet
  facet normal 0 0 1
    outer loop
      vertex 6 1 1
      vertex 1 6 1
      vertex 5.34737 1.04278 1
    endloop
  endfacet
  facet normal 0 0 1
    outer loop
      vertex 1 112.196 1
      vertex 4.08658 116.815 1
      vertex 3.5 116.526 1
    endloop
  endfacet
  facet normal 0 0 1
    outer loop
      vertex 5.34737 1.04278 1
      vertex 1 6 1
      vertex 4.7059 1.17037 1
    endloop
  endfacet
  facet normal 0 0 1
    outer loop
      vertex 1 112.196 1
      vertex 3.5 116.526 1
      vertex 2.95619 116.163 1
    endloop
  endfacet
  facet normal 0 0 1
    outer loop
      vertex 4.7059 1.17037 1
      vertex 1 6 1
      vertex 4.08658 1.3806 1
    endloop
  endfacet
  facet normal 0 0 1
    outer loop
      vertex 1 112.196 1
      vertex 2.95619 116.163 1
      vertex 2.46447 115.732 1
    endloop
  endfacet
  facet normal 0 0 1
    outer loop
      vertex 4.08658 1.3806 1
      vertex 1 6 1
      vertex 3.5 1.66987 1
    endloop
  endfacet
  facet normal 0 0 1
    outer loop
      vertex 1 112.196 1
      vertex 2.46447 115.732 1
      vertex 2.03323 115.24 1
    endloop
  endfacet
  facet normal 0 0 1
    outer loop
      vertex 3.5 1.66987 1
      vertex 1 6 1
      vertex 2.95619 2.03323 1
    endloop
  endfacet
  facet normal 0 0 1
    outer loop
      vertex 1 112.196 1
      vertex 2.03323 115.24 1
      vertex 1.66987 114.696 1
    endloop
  endfacet
  facet normal 0 0 1
    outer loop
      vertex 2.95619 2.03323 1
      vertex 1 6 1
      vertex 2.46447 2.46447 1
    endloop
  endfacet
  facet normal 0 0 1
    outer loop
      vertex 1 112.196 1
      vertex 1.66987 114.696 1
      vertex 1.3806 114.109 1
    endloop
  endfacet
  facet normal 0 0 1
    outer loop
      vertex 2.46447 2.46447 1
      vertex 1 6 1
      vertex 2.03323 2.95619 1
    endloop
  endfacet
  facet normal 0 0 1
    outer loop
      vertex 1 112.196 1
      vertex 1.3806 114.109 1
      vertex 1.17037 113.49 1
    endloop
  endfacet
  facet normal 0 0 1
    outer loop
      vertex 2.03323 2.95619 1
      vertex 1 6 1
      vertex 1.66987 3.5 1
    endloop
  endfacet
  facet normal 0 0 1
    outer loop
      vertex 1 112.196 1
      vertex 1.17037 113.49 1
      vertex 1.04278 112.849 1
    endloop
  endfacet
  facet normal 0 0 1
    outer loop
      vertex 1.66987 3.5 1
      vertex 1 6 1
      vertex 1.3806 4.08658 1
    endloop
  endfacet
  facet normal 0 0 1
    outer loop
      vertex 1.3806 4.08658 1
      vertex 1 6 1
      vertex 1.17037 4.7059 1
    endloop
  endfacet
  facet normal 0 0 1
    outer loop
      vertex 1.17037 4.7059 1
      vertex 1 6 1
      vertex 1.04278 5.34737 1
    endloop
  endfacet
  facet normal 0.980787 0.195081 0
    outer loop
      vertex 1.17037 4.7059 7
      vertex 1.04278 5.34737 1
      vertex 1.04278 5.34737 7
    endloop
  endfacet
  facet normal 0.980787 0.195081 0
    outer loop
      vertex 1.04278 5.34737 1
      vertex 1.17037 4.7059 7
      vertex 1.17037 4.7059 1
    endloop
  endfacet
  facet normal 0.441957 -0.897036 0
    outer loop
      vertex 3.5 116.526 1
      vertex 4.08658 116.815 7
      vertex 3.5 116.526 7
    endloop
  endfacet
  facet normal 0.441957 -0.897036 0
    outer loop
      vertex 4.08658 116.815 7
      vertex 3.5 116.526 1
      vertex 4.08658 116.815 1
    endloop
  endfacet
  facet normal 0.94688 -0.321587 0
    outer loop
      vertex 1.17037 113.49 7
      vertex 1.3806 114.109 1
      vertex 1.3806 114.109 7
    endloop
  endfacet
  facet normal 0.94688 -0.321587 0
    outer loop
      vertex 1.3806 114.109 1
      vertex 1.17037 113.49 7
      vertex 1.17037 113.49 1
    endloop
  endfacet
  facet normal 0.752016 -0.659145 0
    outer loop
      vertex 2.03323 115.24 7
      vertex 2.46447 115.732 1
      vertex 2.46447 115.732 7
    endloop
  endfacet
  facet normal 0.752016 -0.659145 0
    outer loop
      vertex 2.46447 115.732 1
      vertex 2.03323 115.24 7
      vertex 2.03323 115.24 1
    endloop
  endfacet
  facet normal 0.65915 -0.752012 0
    outer loop
      vertex 2.46447 115.732 1
      vertex 2.95619 116.163 7
      vertex 2.46447 115.732 7
    endloop
  endfacet
  facet normal 0.65915 -0.752012 0
    outer loop
      vertex 2.95619 116.163 7
      vertex 2.46447 115.732 1
      vertex 2.95619 116.163 1
    endloop
  endfacet
  facet normal -0.194204 -0.980961 0
    outer loop
      vertex 40.9246 117.153 1
      vertex 41.5661 117.026 7
      vertex 40.9246 117.153 7
    endloop
  endfacet
  facet normal -0.194204 -0.980961 -0
    outer loop
      vertex 41.5661 117.026 7
      vertex 40.9246 117.153 1
      vertex 41.5661 117.026 1
    endloop
  endfacet
  facet normal 0.831471 0.555568 0
    outer loop
      vertex 2.03323 2.95619 7
      vertex 1.66987 3.5 1
      vertex 1.66987 3.5 7
    endloop
  endfacet
  facet normal 0.831471 0.555568 0
    outer loop
      vertex 1.66987 3.5 1
      vertex 2.03323 2.95619 7
      vertex 2.03323 2.95619 1
    endloop
  endfacet
  facet normal 0.896998 -0.442035 0
    outer loop
      vertex 1.3806 114.109 7
      vertex 1.66987 114.696 1
      vertex 1.66987 114.696 7
    endloop
  endfacet
  facet normal 0.896998 -0.442035 0
    outer loop
      vertex 1.66987 114.696 1
      vertex 1.3806 114.109 7
      vertex 1.3806 114.109 1
    endloop
  endfacet
  facet normal 0.831561 -0.555434 0
    outer loop
      vertex 1.66987 114.696 7
      vertex 2.03323 115.24 1
      vertex 2.03323 115.24 7
    endloop
  endfacet
  facet normal 0.831561 -0.555434 0
    outer loop
      vertex 2.03323 115.24 1
      vertex 1.66987 114.696 7
      vertex 1.66987 114.696 1
    endloop
  endfacet
  facet normal 1 -0 0
    outer loop
      vertex 18.636 0 5.55
      vertex 18.636 1 2.05
      vertex 18.636 1 5.55
    endloop
  endfacet
  facet normal 1 0 0
    outer loop
      vertex 18.636 1 2.05
      vertex 18.636 0 5.55
      vertex 18.636 0 2.05
    endloop
  endfacet
  facet normal 0 0 -1
    outer loop
      vertex 18.636 0 5.55
      vertex 27.636 1 5.55
      vertex 27.636 0 5.55
    endloop
  endfacet
  facet normal -0 0 -1
    outer loop
      vertex 27.636 1 5.55
      vertex 18.636 0 5.55
      vertex 18.636 1 5.55
    endloop
  endfacet
  facet normal -1 0 0
    outer loop
      vertex 27.636 0 2.05
      vertex 27.636 1 5.55
      vertex 27.636 1 2.05
    endloop
  endfacet
  facet normal -1 -0 0
    outer loop
      vertex 27.636 1 5.55
      vertex 27.636 0 2.05
      vertex 27.636 0 5.55
    endloop
  endfacet
  facet normal -0 0 1
    outer loop
      vertex 18.636 1 2.05
      vertex 27.636 0 2.05
      vertex 27.636 1 2.05
    endloop
  endfacet
  facet normal 0 0 1
    outer loop
      vertex 27.636 0 2.05
      vertex 18.636 1 2.05
      vertex 18.636 0 2.05
    endloop
  endfacet
  facet normal -0.556251 -0.831014 0
    outer loop
      vertex 38.522 115.411 0
      vertex 38.7939 115.229 1
      vertex 38.522 115.411 1
    endloop
  endfacet
  facet normal -0.556251 -0.831014 -0
    outer loop
      vertex 38.7939 115.229 1
      vertex 38.522 115.411 0
      vertex 38.7939 115.229 0
    endloop
  endfacet
  facet normal -0.997852 0.0655032 0
    outer loop
      vertex 39.7506 112.92 0
      vertex 39.772 113.246 1
      vertex 39.772 113.246 0
    endloop
  endfacet
  facet normal -0.997852 0.0655032 0
    outer loop
      vertex 39.772 113.246 1
      vertex 39.7506 112.92 0
      vertex 39.7506 112.92 1
    endloop
  endfacet
  facet normal 0.321086 -0.94705 0
    outer loop
      vertex 36.3153 115.556 0
      vertex 36.625 115.661 1
      vertex 36.3153 115.556 1
    endloop
  endfacet
  facet normal 0.321086 -0.94705 0
    outer loop
      vertex 36.625 115.661 1
      vertex 36.3153 115.556 0
      vertex 36.625 115.661 0
    endloop
  endfacet
  facet normal 0.896741 -0.442556 0
    outer loop
      vertex 34.9623 114.203 1
      vertex 35.1069 114.496 0
      vertex 35.1069 114.496 1
    endloop
  endfacet
  facet normal 0.896741 -0.442556 0
    outer loop
      vertex 35.1069 114.496 0
      vertex 34.9623 114.203 1
      vertex 34.9623 114.203 0
    endloop
  endfacet
  facet normal 0.896741 0.442556 0
    outer loop
      vertex 35.1069 111.996 1
      vertex 34.9623 112.289 0
      vertex 34.9623 112.289 1
    endloop
  endfacet
  facet normal 0.896741 0.442556 0
    outer loop
      vertex 34.9623 112.289 0
      vertex 35.1069 111.996 1
      vertex 35.1069 111.996 0
    endloop
  endfacet
  facet normal -0.947052 -0.321081 0
    outer loop
      vertex 39.6868 113.893 0
      vertex 39.5817 114.203 1
      vertex 39.5817 114.203 0
    endloop
  endfacet
  facet normal -0.947052 -0.321081 0
    outer loop
      vertex 39.5817 114.203 1
      vertex 39.6868 113.893 0
      vertex 39.6868 113.893 1
    endloop
  endfacet
  facet normal -0.831533 -0.555476 0
    outer loop
      vertex 39.4371 114.496 0
      vertex 39.2554 114.768 1
      vertex 39.2554 114.768 0
    endloop
  endfacet
  facet normal -0.831533 -0.555476 0
    outer loop
      vertex 39.2554 114.768 1
      vertex 39.4371 114.496 0
      vertex 39.4371 114.496 1
    endloop
  endfacet
  facet normal -0.752046 -0.65911 0
    outer loop
      vertex 39.2554 114.768 0
      vertex 39.0398 115.014 1
      vertex 39.0398 115.014 0
    endloop
  endfacet
  facet normal -0.752046 -0.65911 0
    outer loop
      vertex 39.0398 115.014 1
      vertex 39.2554 114.768 0
      vertex 39.2554 114.768 1
    endloop
  endfacet
  facet normal -0.443175 -0.896435 0
    outer loop
      vertex 38.2287 115.556 0
      vertex 38.522 115.411 1
      vertex 38.2287 115.556 1
    endloop
  endfacet
  facet normal -0.443175 -0.896435 -0
    outer loop
      vertex 38.522 115.411 1
      vertex 38.2287 115.556 0
      vertex 38.522 115.411 0
    endloop
  endfacet
  facet normal -0.0642251 -0.997935 0
    outer loop
      vertex 37.272 115.746 0
      vertex 37.5983 115.725 1
      vertex 37.272 115.746 1
    endloop
  endfacet
  facet normal -0.0642251 -0.997935 -0
    outer loop
      vertex 37.5983 115.725 1
      vertex 37.272 115.746 0
      vertex 37.5983 115.725 0
    endloop
  endfacet
  facet normal -0.195704 -0.980663 0
    outer loop
      vertex 37.5983 115.725 0
      vertex 37.919 115.661 1
      vertex 37.5983 115.725 1
    endloop
  endfacet
  facet normal -0.195704 -0.980663 -0
    outer loop
      vertex 37.919 115.661 1
      vertex 37.5983 115.725 0
      vertex 37.919 115.661 0
    endloop
  endfacet
  facet normal 0.997852 -0.0655032 0
    outer loop
      vertex 34.772 113.246 1
      vertex 34.7934 113.572 0
      vertex 34.7934 113.572 1
    endloop
  endfacet
  facet normal 0.997852 -0.0655032 0
    outer loop
      vertex 34.7934 113.572 0
      vertex 34.772 113.246 1
      vertex 34.772 113.246 0
    endloop
  endfacet
  facet normal 0.980815 -0.194941 0
    outer loop
      vertex 34.7934 113.572 1
      vertex 34.8572 113.893 0
      vertex 34.8572 113.893 1
    endloop
  endfacet
  facet normal 0.980815 -0.194941 0
    outer loop
      vertex 34.8572 113.893 0
      vertex 34.7934 113.572 1
      vertex 34.7934 113.572 0
    endloop
  endfacet
  facet normal 0.752046 -0.65911 0
    outer loop
      vertex 35.2886 114.768 1
      vertex 35.5042 115.014 0
      vertex 35.5042 115.014 1
    endloop
  endfacet
  facet normal 0.752046 -0.65911 0
    outer loop
      vertex 35.5042 115.014 0
      vertex 35.2886 114.768 1
      vertex 35.2886 114.768 0
    endloop
  endfacet
  facet normal 0.443175 -0.896435 0
    outer loop
      vertex 36.022 115.411 0
      vertex 36.3153 115.556 1
      vertex 36.022 115.411 1
    endloop
  endfacet
  facet normal 0.443175 -0.896435 0
    outer loop
      vertex 36.3153 115.556 1
      vertex 36.022 115.411 0
      vertex 36.3153 115.556 0
    endloop
  endfacet
  facet normal 0.556251 -0.831014 0
    outer loop
      vertex 35.7501 115.229 0
      vertex 36.022 115.411 1
      vertex 35.7501 115.229 1
    endloop
  endfacet
  facet normal 0.556251 -0.831014 0
    outer loop
      vertex 36.022 115.411 1
      vertex 35.7501 115.229 0
      vertex 36.022 115.411 0
    endloop
  endfacet
  facet normal -0.997852 -0.0655032 0
    outer loop
      vertex 39.772 113.246 0
      vertex 39.7506 113.572 1
      vertex 39.7506 113.572 0
    endloop
  endfacet
  facet normal -0.997852 -0.0655032 0
    outer loop
      vertex 39.7506 113.572 1
      vertex 39.772 113.246 0
      vertex 39.772 113.246 1
    endloop
  endfacet
  facet normal -0.0642251 0.997935 0
    outer loop
      vertex 37.5983 110.767 0
      vertex 37.272 110.746 1
      vertex 37.5983 110.767 1
    endloop
  endfacet
  facet normal -0.0642251 0.997935 0
    outer loop
      vertex 37.272 110.746 1
      vertex 37.5983 110.767 0
      vertex 37.272 110.746 0
    endloop
  endfacet
  facet normal -0.896741 0.442556 0
    outer loop
      vertex 39.4371 111.996 0
      vertex 39.5817 112.289 1
      vertex 39.5817 112.289 0
    endloop
  endfacet
  facet normal -0.896741 0.442556 0
    outer loop
      vertex 39.5817 112.289 1
      vertex 39.4371 111.996 0
      vertex 39.4371 111.996 1
    endloop
  endfacet
  facet normal -0.195704 0.980663 0
    outer loop
      vertex 37.919 110.831 0
      vertex 37.5983 110.767 1
      vertex 37.919 110.831 1
    endloop
  endfacet
  facet normal -0.195704 0.980663 0
    outer loop
      vertex 37.5983 110.767 1
      vertex 37.919 110.831 0
      vertex 37.5983 110.767 0
    endloop
  endfacet
  facet normal 0.556251 0.831014 -0
    outer loop
      vertex 36.022 111.081 0
      vertex 35.7501 111.263 1
      vertex 36.022 111.081 1
    endloop
  endfacet
  facet normal 0.556251 0.831014 0
    outer loop
      vertex 35.7501 111.263 1
      vertex 36.022 111.081 0
      vertex 35.7501 111.263 0
    endloop
  endfacet
  facet normal 0.658223 0.752823 -0
    outer loop
      vertex 35.7501 111.263 0
      vertex 35.5042 111.478 1
      vertex 35.7501 111.263 1
    endloop
  endfacet
  facet normal 0.658223 0.752823 0
    outer loop
      vertex 35.5042 111.478 1
      vertex 35.7501 111.263 0
      vertex 35.5042 111.478 0
    endloop
  endfacet
  facet normal 0.997852 0.0655032 0
    outer loop
      vertex 34.7934 112.92 1
      vertex 34.772 113.246 0
      vertex 34.772 113.246 1
    endloop
  endfacet
  facet normal 0.997852 0.0655032 0
    outer loop
      vertex 34.772 113.246 0
      vertex 34.7934 112.92 1
      vertex 34.7934 112.92 0
    endloop
  endfacet
  facet normal -0.980815 -0.194941 0
    outer loop
      vertex 39.7506 113.572 0
      vertex 39.6868 113.893 1
      vertex 39.6868 113.893 0
    endloop
  endfacet
  facet normal -0.980815 -0.194941 0
    outer loop
      vertex 39.6868 113.893 1
      vertex 39.7506 113.572 0
      vertex 39.7506 113.572 1
    endloop
  endfacet
  facet normal -0.896741 -0.442556 0
    outer loop
      vertex 39.5817 114.203 0
      vertex 39.4371 114.496 1
      vertex 39.4371 114.496 0
    endloop
  endfacet
  facet normal -0.896741 -0.442556 0
    outer loop
      vertex 39.4371 114.496 1
      vertex 39.5817 114.203 0
      vertex 39.5817 114.203 1
    endloop
  endfacet
  facet normal -0.658223 -0.752823 0
    outer loop
      vertex 38.7939 115.229 0
      vertex 39.0398 115.014 1
      vertex 38.7939 115.229 1
    endloop
  endfacet
  facet normal -0.658223 -0.752823 -0
    outer loop
      vertex 39.0398 115.014 1
      vertex 38.7939 115.229 0
      vertex 39.0398 115.014 0
    endloop
  endfacet
  facet normal -0.321086 -0.94705 0
    outer loop
      vertex 37.919 115.661 0
      vertex 38.2287 115.556 1
      vertex 37.919 115.661 1
    endloop
  endfacet
  facet normal -0.321086 -0.94705 -0
    outer loop
      vertex 38.2287 115.556 1
      vertex 37.919 115.661 0
      vertex 38.2287 115.556 0
    endloop
  endfacet
  facet normal 0.831533 -0.555476 0
    outer loop
      vertex 35.1069 114.496 1
      vertex 35.2886 114.768 0
      vertex 35.2886 114.768 1
    endloop
  endfacet
  facet normal 0.831533 -0.555476 0
    outer loop
      vertex 35.2886 114.768 0
      vertex 35.1069 114.496 1
      vertex 35.1069 114.496 0
    endloop
  endfacet
  facet normal 0.0642251 -0.997935 0
    outer loop
      vertex 36.9457 115.725 0
      vertex 37.272 115.746 1
      vertex 36.9457 115.725 1
    endloop
  endfacet
  facet normal 0.0642251 -0.997935 0
    outer loop
      vertex 37.272 115.746 1
      vertex 36.9457 115.725 0
      vertex 37.272 115.746 0
    endloop
  endfacet
  facet normal 0.195704 -0.980663 0
    outer loop
      vertex 36.625 115.661 0
      vertex 36.9457 115.725 1
      vertex 36.625 115.661 1
    endloop
  endfacet
  facet normal 0.195704 -0.980663 0
    outer loop
      vertex 36.9457 115.725 1
      vertex 36.625 115.661 0
      vertex 36.9457 115.725 0
    endloop
  endfacet
  facet normal 0.658223 -0.752823 0
    outer loop
      vertex 35.5042 115.014 0
      vertex 35.7501 115.229 1
      vertex 35.5042 115.014 1
    endloop
  endfacet
  facet normal 0.658223 -0.752823 0
    outer loop
      vertex 35.7501 115.229 1
      vertex 35.5042 115.014 0
      vertex 35.7501 115.229 0
    endloop
  endfacet
  facet normal -0.980815 0.194941 0
    outer loop
      vertex 39.6868 112.599 0
      vertex 39.7506 112.92 1
      vertex 39.7506 112.92 0
    endloop
  endfacet
  facet normal -0.980815 0.194941 0
    outer loop
      vertex 39.7506 112.92 1
      vertex 39.6868 112.599 0
      vertex 39.6868 112.599 1
    endloop
  endfacet
  facet normal -0.831533 0.555476 0
    outer loop
      vertex 39.2554 111.724 0
      vertex 39.4371 111.996 1
      vertex 39.4371 111.996 0
    endloop
  endfacet
  facet normal -0.831533 0.555476 0
    outer loop
      vertex 39.4371 111.996 1
      vertex 39.2554 111.724 0
      vertex 39.2554 111.724 1
    endloop
  endfacet
  facet normal -0.443175 0.896435 0
    outer loop
      vertex 38.522 111.081 0
      vertex 38.2287 110.936 1
      vertex 38.522 111.081 1
    endloop
  endfacet
  facet normal -0.443175 0.896435 0
    outer loop
      vertex 38.2287 110.936 1
      vertex 38.522 111.081 0
      vertex 38.2287 110.936 0
    endloop
  endfacet
  facet normal -0.658223 0.752823 0
    outer loop
      vertex 39.0398 111.478 0
      vertex 38.7939 111.263 1
      vertex 39.0398 111.478 1
    endloop
  endfacet
  facet normal -0.658223 0.752823 0
    outer loop
      vertex 38.7939 111.263 1
      vertex 39.0398 111.478 0
      vertex 38.7939 111.263 0
    endloop
  endfacet
  facet normal 0.0642251 0.997935 -0
    outer loop
      vertex 37.272 110.746 0
      vertex 36.9457 110.767 1
      vertex 37.272 110.746 1
    endloop
  endfacet
  facet normal 0.0642251 0.997935 0
    outer loop
      vertex 36.9457 110.767 1
      vertex 37.272 110.746 0
      vertex 36.9457 110.767 0
    endloop
  endfacet
  facet normal 0.321086 0.94705 -0
    outer loop
      vertex 36.625 110.831 0
      vertex 36.3153 110.936 1
      vertex 36.625 110.831 1
    endloop
  endfacet
  facet normal 0.321086 0.94705 0
    outer loop
      vertex 36.3153 110.936 1
      vertex 36.625 110.831 0
      vertex 36.3153 110.936 0
    endloop
  endfacet
  facet normal 0.195704 0.980663 -0
    outer loop
      vertex 36.9457 110.767 0
      vertex 36.625 110.831 1
      vertex 36.9457 110.767 1
    endloop
  endfacet
  facet normal 0.195704 0.980663 0
    outer loop
      vertex 36.625 110.831 1
      vertex 36.9457 110.767 0
      vertex 36.625 110.831 0
    endloop
  endfacet
  facet normal 0.443175 0.896435 -0
    outer loop
      vertex 36.3153 110.936 0
      vertex 36.022 111.081 1
      vertex 36.3153 110.936 1
    endloop
  endfacet
  facet normal 0.443175 0.896435 0
    outer loop
      vertex 36.022 111.081 1
      vertex 36.3153 110.936 0
      vertex 36.022 111.081 0
    endloop
  endfacet
  facet normal 0.980815 0.194941 0
    outer loop
      vertex 34.8572 112.599 1
      vertex 34.7934 112.92 0
      vertex 34.7934 112.92 1
    endloop
  endfacet
  facet normal 0.980815 0.194941 0
    outer loop
      vertex 34.7934 112.92 0
      vertex 34.8572 112.599 1
      vertex 34.8572 112.599 0
    endloop
  endfacet
  facet normal 0.752046 0.65911 0
    outer loop
      vertex 35.5042 111.478 1
      vertex 35.2886 111.724 0
      vertex 35.2886 111.724 1
    endloop
  endfacet
  facet normal 0.752046 0.65911 0
    outer loop
      vertex 35.2886 111.724 0
      vertex 35.5042 111.478 1
      vertex 35.5042 111.478 0
    endloop
  endfacet
  facet normal 0.947052 -0.321081 0
    outer loop
      vertex 34.8572 113.893 1
      vertex 34.9623 114.203 0
      vertex 34.9623 114.203 1
    endloop
  endfacet
  facet normal 0.947052 -0.321081 0
    outer loop
      vertex 34.9623 114.203 0
      vertex 34.8572 113.893 1
      vertex 34.8572 113.893 0
    endloop
  endfacet
  facet normal -0.947052 0.321081 0
    outer loop
      vertex 39.5817 112.289 0
      vertex 39.6868 112.599 1
      vertex 39.6868 112.599 0
    endloop
  endfacet
  facet normal -0.947052 0.321081 0
    outer loop
      vertex 39.6868 112.599 1
      vertex 39.5817 112.289 0
      vertex 39.5817 112.289 1
    endloop
  endfacet
  facet normal -0.752046 0.65911 0
    outer loop
      vertex 39.0398 111.478 0
      vertex 39.2554 111.724 1
      vertex 39.2554 111.724 0
    endloop
  endfacet
  facet normal -0.752046 0.65911 0
    outer loop
      vertex 39.2554 111.724 1
      vertex 39.0398 111.478 0
      vertex 39.0398 111.478 1
    endloop
  endfacet
  facet normal -0.321086 0.94705 0
    outer loop
      vertex 38.2287 110.936 0
      vertex 37.919 110.831 1
      vertex 38.2287 110.936 1
    endloop
  endfacet
  facet normal -0.321086 0.94705 0
    outer loop
      vertex 37.919 110.831 1
      vertex 38.2287 110.936 0
      vertex 37.919 110.831 0
    endloop
  endfacet
  facet normal -0.556251 0.831014 0
    outer loop
      vertex 38.7939 111.263 0
      vertex 38.522 111.081 1
      vertex 38.7939 111.263 1
    endloop
  endfacet
  facet normal -0.556251 0.831014 0
    outer loop
      vertex 38.522 111.081 1
      vertex 38.7939 111.263 0
      vertex 38.522 111.081 0
    endloop
  endfacet
  facet normal 0.947052 0.321081 0
    outer loop
      vertex 34.9623 112.289 1
      vertex 34.8572 112.599 0
      vertex 34.8572 112.599 1
    endloop
  endfacet
  facet normal 0.947052 0.321081 0
    outer loop
      vertex 34.8572 112.599 0
      vertex 34.9623 112.289 1
      vertex 34.9623 112.289 0
    endloop
  endfacet
  facet normal 0.831533 0.555476 0
    outer loop
      vertex 35.2886 111.724 1
      vertex 35.1069 111.996 0
      vertex 35.1069 111.996 1
    endloop
  endfacet
  facet normal 0.831533 0.555476 0
    outer loop
      vertex 35.1069 111.996 0
      vertex 35.2886 111.724 1
      vertex 35.2886 111.724 0
    endloop
  endfacet
  facet normal -0.89686 -0.442315 0
    outer loop
      vertex 32.1578 113.82 0
      vertex 32.071 113.996 1
      vertex 32.071 113.996 0
    endloop
  endfacet
  facet normal -0.89686 -0.442315 0
    outer loop
      vertex 32.071 113.996 1
      vertex 32.1578 113.82 0
      vertex 32.1578 113.82 1
    endloop
  endfacet
  facet normal -0.831265 -0.555877 0
    outer loop
      vertex 32.071 113.996 0
      vertex 31.962 114.159 1
      vertex 31.962 114.159 0
    endloop
  endfacet
  facet normal -0.831265 -0.555877 0
    outer loop
      vertex 31.962 114.159 1
      vertex 32.071 113.996 0
      vertex 32.071 113.996 1
    endloop
  endfacet
  facet normal -0.193762 -0.981049 0
    outer loop
      vertex 30.9678 114.733 0
      vertex 31.1602 114.695 1
      vertex 30.9678 114.733 1
    endloop
  endfacet
  facet normal -0.193762 -0.981049 -0
    outer loop
      vertex 31.1602 114.695 1
      vertex 30.9678 114.733 0
      vertex 31.1602 114.695 0
    endloop
  endfacet
  facet normal -0.321117 -0.94704 0
    outer loop
      vertex 31.1602 114.695 0
      vertex 31.346 114.632 1
      vertex 31.1602 114.695 1
    endloop
  endfacet
  facet normal -0.321117 -0.94704 -0
    outer loop
      vertex 31.346 114.632 1
      vertex 31.1602 114.695 0
      vertex 31.346 114.632 0
    endloop
  endfacet
  facet normal 0.321117 -0.94704 0
    outer loop
      vertex 30.198 114.632 0
      vertex 30.3838 114.695 1
      vertex 30.198 114.632 1
    endloop
  endfacet
  facet normal 0.321117 -0.94704 0
    outer loop
      vertex 30.3838 114.695 1
      vertex 30.198 114.632 0
      vertex 30.3838 114.695 0
    endloop
  endfacet
  facet normal 0.89686 -0.442315 0
    outer loop
      vertex 29.3862 113.82 1
      vertex 29.473 113.996 0
      vertex 29.473 113.996 1
    endloop
  endfacet
  facet normal 0.89686 -0.442315 0
    outer loop
      vertex 29.473 113.996 0
      vertex 29.3862 113.82 1
      vertex 29.3862 113.82 0
    endloop
  endfacet
  facet normal -0.980679 0.195625 0
    outer loop
      vertex 32.2209 112.858 0
      vertex 32.2592 113.05 1
      vertex 32.2592 113.05 0
    endloop
  endfacet
  facet normal -0.980679 0.195625 0
    outer loop
      vertex 32.2592 113.05 1
      vertex 32.2209 112.858 0
      vertex 32.2209 112.858 1
    endloop
  endfacet
  facet normal -0.443134 0.896455 0
    outer loop
      vertex 31.522 111.947 0
      vertex 31.346 111.86 1
      vertex 31.522 111.947 1
    endloop
  endfacet
  facet normal -0.443134 0.896455 0
    outer loop
      vertex 31.346 111.86 1
      vertex 31.522 111.947 0
      vertex 31.346 111.86 0
    endloop
  endfacet
  facet normal -0.658071 -0.752956 0
    outer loop
      vertex 31.6851 114.436 0
      vertex 31.8327 114.307 1
      vertex 31.6851 114.436 1
    endloop
  endfacet
  facet normal -0.658071 -0.752956 -0
    outer loop
      vertex 31.8327 114.307 1
      vertex 31.6851 114.436 0
      vertex 31.8327 114.307 0
    endloop
  endfacet
  facet normal -0.0662484 -0.997803 0
    outer loop
      vertex 30.772 114.746 0
      vertex 30.9678 114.733 1
      vertex 30.772 114.746 1
    endloop
  endfacet
  facet normal -0.0662484 -0.997803 -0
    outer loop
      vertex 30.9678 114.733 1
      vertex 30.772 114.746 0
      vertex 30.9678 114.733 0
    endloop
  endfacet
  facet normal 0.997874 -0.0651673 0
    outer loop
      vertex 29.272 113.246 1
      vertex 29.2848 113.442 0
      vertex 29.2848 113.442 1
    endloop
  endfacet
  facet normal 0.997874 -0.0651673 0
    outer loop
      vertex 29.2848 113.442 0
      vertex 29.272 113.246 1
      vertex 29.272 113.246 0
    endloop
  endfacet
  facet normal 0.980679 -0.195625 0
    outer loop
      vertex 29.2848 113.442 1
      vertex 29.3231 113.634 0
      vertex 29.3231 113.634 1
    endloop
  endfacet
  facet normal 0.980679 -0.195625 0
    outer loop
      vertex 29.3231 113.634 0
      vertex 29.2848 113.442 1
      vertex 29.2848 113.442 0
    endloop
  endfacet
  facet normal 0.753081 -0.657928 0
    outer loop
      vertex 29.582 114.159 1
      vertex 29.7113 114.307 0
      vertex 29.7113 114.307 1
    endloop
  endfacet
  facet normal 0.753081 -0.657928 0
    outer loop
      vertex 29.7113 114.307 0
      vertex 29.582 114.159 1
      vertex 29.582 114.159 0
    endloop
  endfacet
  facet normal 0.193762 -0.981049 0
    outer loop
      vertex 30.3838 114.695 0
      vertex 30.5762 114.733 1
      vertex 30.3838 114.695 1
    endloop
  endfacet
  facet normal 0.193762 -0.981049 0
    outer loop
      vertex 30.5762 114.733 1
      vertex 30.3838 114.695 0
      vertex 30.5762 114.733 0
    endloop
  endfacet
  facet normal 0.658071 -0.752956 0
    outer loop
      vertex 29.7113 114.307 0
      vertex 29.8589 114.436 1
      vertex 29.7113 114.307 1
    endloop
  endfacet
  facet normal 0.658071 -0.752956 0
    outer loop
      vertex 29.8589 114.436 1
      vertex 29.7113 114.307 0
      vertex 29.8589 114.436 0
    endloop
  endfacet
  facet normal -0.94699 0.321264 0
    outer loop
      vertex 32.1578 112.672 0
      vertex 32.2209 112.858 1
      vertex 32.2209 112.858 0
    endloop
  endfacet
  facet normal -0.94699 0.321264 0
    outer loop
      vertex 32.2209 112.858 1
      vertex 32.1578 112.672 0
      vertex 32.1578 112.672 1
    endloop
  endfacet
  facet normal 0.0662484 0.997803 -0
    outer loop
      vertex 30.772 111.746 0
      vertex 30.5762 111.759 1
      vertex 30.772 111.746 1
    endloop
  endfacet
  facet normal 0.0662484 0.997803 0
    outer loop
      vertex 30.5762 111.759 1
      vertex 30.772 111.746 0
      vertex 30.5762 111.759 0
    endloop
  endfacet
  facet normal -0.321117 0.94704 0
    outer loop
      vertex 31.346 111.86 0
      vertex 31.1602 111.797 1
      vertex 31.346 111.86 1
    endloop
  endfacet
  facet normal -0.321117 0.94704 0
    outer loop
      vertex 31.1602 111.797 1
      vertex 31.346 111.86 0
      vertex 31.1602 111.797 0
    endloop
  endfacet
  facet normal -0.94699 -0.321264 0
    outer loop
      vertex 32.2209 113.634 0
      vertex 32.1578 113.82 1
      vertex 32.1578 113.82 0
    endloop
  endfacet
  facet normal -0.94699 -0.321264 0
    outer loop
      vertex 32.1578 113.82 1
      vertex 32.2209 113.634 0
      vertex 32.2209 113.634 1
    endloop
  endfacet
  facet normal -0.753081 -0.657928 0
    outer loop
      vertex 31.962 114.159 0
      vertex 31.8327 114.307 1
      vertex 31.8327 114.307 0
    endloop
  endfacet
  facet normal -0.753081 -0.657928 0
    outer loop
      vertex 31.8327 114.307 1
      vertex 31.962 114.159 0
      vertex 31.962 114.159 1
    endloop
  endfacet
  facet normal 0.0662484 -0.997803 0
    outer loop
      vertex 30.5762 114.733 0
      vertex 30.772 114.746 1
      vertex 30.5762 114.733 1
    endloop
  endfacet
  facet normal 0.0662484 -0.997803 0
    outer loop
      vertex 30.772 114.746 1
      vertex 30.5762 114.733 0
      vertex 30.772 114.746 0
    endloop
  endfacet
  facet normal -0.555641 -0.831422 0
    outer loop
      vertex 31.522 114.545 0
      vertex 31.6851 114.436 1
      vertex 31.522 114.545 1
    endloop
  endfacet
  facet normal -0.555641 -0.831422 -0
    outer loop
      vertex 31.6851 114.436 1
      vertex 31.522 114.545 0
      vertex 31.6851 114.436 0
    endloop
  endfacet
  facet normal -0.443134 -0.896455 0
    outer loop
      vertex 31.346 114.632 0
      vertex 31.522 114.545 1
      vertex 31.346 114.632 1
    endloop
  endfacet
  facet normal -0.443134 -0.896455 -0
    outer loop
      vertex 31.522 114.545 1
      vertex 31.346 114.632 0
      vertex 31.522 114.545 0
    endloop
  endfacet
  facet normal 0.443134 -0.896455 0
    outer loop
      vertex 30.022 114.545 0
      vertex 30.198 114.632 1
      vertex 30.022 114.545 1
    endloop
  endfacet
  facet normal 0.443134 -0.896455 0
    outer loop
      vertex 30.198 114.632 1
      vertex 30.022 114.545 0
      vertex 30.198 114.632 0
    endloop
  endfacet
  facet normal 0.555641 -0.831422 0
    outer loop
      vertex 29.8589 114.436 0
      vertex 30.022 114.545 1
      vertex 29.8589 114.436 1
    endloop
  endfacet
  facet normal 0.555641 -0.831422 0
    outer loop
      vertex 30.022 114.545 1
      vertex 29.8589 114.436 0
      vertex 30.022 114.545 0
    endloop
  endfacet
  facet normal -0.997874 -0.0651673 0
    outer loop
      vertex 32.272 113.246 0
      vertex 32.2592 113.442 1
      vertex 32.2592 113.442 0
    endloop
  endfacet
  facet normal -0.997874 -0.0651673 0
    outer loop
      vertex 32.2592 113.442 1
      vertex 32.272 113.246 0
      vertex 32.272 113.246 1
    endloop
  endfacet
  facet normal 0.997874 0.0651673 0
    outer loop
      vertex 29.2848 113.05 1
      vertex 29.272 113.246 0
      vertex 29.272 113.246 1
    endloop
  endfacet
  facet normal 0.997874 0.0651673 0
    outer loop
      vertex 29.272 113.246 0
      vertex 29.2848 113.05 1
      vertex 29.2848 113.05 0
    endloop
  endfacet
  facet normal 0.980679 0.195625 0
    outer loop
      vertex 29.3231 112.858 1
      vertex 29.2848 113.05 0
      vertex 29.2848 113.05 1
    endloop
  endfacet
  facet normal 0.980679 0.195625 0
    outer loop
      vertex 29.2848 113.05 0
      vertex 29.3231 112.858 1
      vertex 29.3231 112.858 0
    endloop
  endfacet
  facet normal -0.193762 0.981049 0
    outer loop
      vertex 31.1602 111.797 0
      vertex 30.9678 111.759 1
      vertex 31.1602 111.797 1
    endloop
  endfacet
  facet normal -0.193762 0.981049 0
    outer loop
      vertex 30.9678 111.759 1
      vertex 31.1602 111.797 0
      vertex 30.9678 111.759 0
    endloop
  endfacet
  facet normal -0.980679 -0.195625 0
    outer loop
      vertex 32.2592 113.442 0
      vertex 32.2209 113.634 1
      vertex 32.2209 113.634 0
    endloop
  endfacet
  facet normal -0.980679 -0.195625 0
    outer loop
      vertex 32.2209 113.634 1
      vertex 32.2592 113.442 0
      vertex 32.2592 113.442 1
    endloop
  endfacet
  facet normal 0.94699 -0.321264 0
    outer loop
      vertex 29.3231 113.634 1
      vertex 29.3862 113.82 0
      vertex 29.3862 113.82 1
    endloop
  endfacet
  facet normal 0.94699 -0.321264 0
    outer loop
      vertex 29.3862 113.82 0
      vertex 29.3231 113.634 1
      vertex 29.3231 113.634 0
    endloop
  endfacet
  facet normal 0.831265 -0.555877 0
    outer loop
      vertex 29.473 113.996 1
      vertex 29.582 114.159 0
      vertex 29.582 114.159 1
    endloop
  endfacet
  facet normal 0.831265 -0.555877 0
    outer loop
      vertex 29.582 114.159 0
      vertex 29.473 113.996 1
      vertex 29.473 113.996 0
    endloop
  endfacet
  facet normal -0.997874 0.0651673 0
    outer loop
      vertex 32.2592 113.05 0
      vertex 32.272 113.246 1
      vertex 32.272 113.246 0
    endloop
  endfacet
  facet normal -0.997874 0.0651673 0
    outer loop
      vertex 32.272 113.246 1
      vertex 32.2592 113.05 0
      vertex 32.2592 113.05 1
    endloop
  endfacet
  facet normal -0.555641 0.831422 0
    outer loop
      vertex 31.6851 112.056 0
      vertex 31.522 111.947 1
      vertex 31.6851 112.056 1
    endloop
  endfacet
  facet normal -0.555641 0.831422 0
    outer loop
      vertex 31.522 111.947 1
      vertex 31.6851 112.056 0
      vertex 31.522 111.947 0
    endloop
  endfacet
  facet normal -0.753081 0.657928 0
    outer loop
      vertex 31.8327 112.185 0
      vertex 31.962 112.333 1
      vertex 31.962 112.333 0
    endloop
  endfacet
  facet normal -0.753081 0.657928 0
    outer loop
      vertex 31.962 112.333 1
      vertex 31.8327 112.185 0
      vertex 31.8327 112.185 1
    endloop
  endfacet
  facet normal -0.831265 0.555877 0
    outer loop
      vertex 31.962 112.333 0
      vertex 32.071 112.496 1
      vertex 32.071 112.496 0
    endloop
  endfacet
  facet normal -0.831265 0.555877 0
    outer loop
      vertex 32.071 112.496 1
      vertex 31.962 112.333 0
      vertex 31.962 112.333 1
    endloop
  endfacet
  facet normal 0.658071 0.752956 -0
    outer loop
      vertex 29.8589 112.056 0
      vertex 29.7113 112.185 1
      vertex 29.8589 112.056 1
    endloop
  endfacet
  facet normal 0.658071 0.752956 0
    outer loop
      vertex 29.7113 112.185 1
      vertex 29.8589 112.056 0
      vertex 29.7113 112.185 0
    endloop
  endfacet
  facet normal 0.443134 0.896455 -0
    outer loop
      vertex 30.198 111.86 0
      vertex 30.022 111.947 1
      vertex 30.198 111.86 1
    endloop
  endfacet
  facet normal 0.443134 0.896455 0
    outer loop
      vertex 30.022 111.947 1
      vertex 30.198 111.86 0
      vertex 30.022 111.947 0
    endloop
  endfacet
  facet normal 0.94699 0.321264 0
    outer loop
      vertex 29.3862 112.672 1
      vertex 29.3231 112.858 0
      vertex 29.3231 112.858 1
    endloop
  endfacet
  facet normal 0.94699 0.321264 0
    outer loop
      vertex 29.3231 112.858 0
      vertex 29.3862 112.672 1
      vertex 29.3862 112.672 0
    endloop
  endfacet
  facet normal 0.753081 0.657928 0
    outer loop
      vertex 29.7113 112.185 1
      vertex 29.582 112.333 0
      vertex 29.582 112.333 1
    endloop
  endfacet
  facet normal 0.753081 0.657928 0
    outer loop
      vertex 29.582 112.333 0
      vertex 29.7113 112.185 1
      vertex 29.7113 112.185 0
    endloop
  endfacet
  facet normal -0.658071 0.752956 0
    outer loop
      vertex 31.8327 112.185 0
      vertex 31.6851 112.056 1
      vertex 31.8327 112.185 1
    endloop
  endfacet
  facet normal -0.658071 0.752956 0
    outer loop
      vertex 31.6851 112.056 1
      vertex 31.8327 112.185 0
      vertex 31.6851 112.056 0
    endloop
  endfacet
  facet normal -0.89686 0.442315 0
    outer loop
      vertex 32.071 112.496 0
      vertex 32.1578 112.672 1
      vertex 32.1578 112.672 0
    endloop
  endfacet
  facet normal -0.89686 0.442315 0
    outer loop
      vertex 32.1578 112.672 1
      vertex 32.071 112.496 0
      vertex 32.071 112.496 1
    endloop
  endfacet
  facet normal -0.0662484 0.997803 0
    outer loop
      vertex 30.9678 111.759 0
      vertex 30.772 111.746 1
      vertex 30.9678 111.759 1
    endloop
  endfacet
  facet normal -0.0662484 0.997803 0
    outer loop
      vertex 30.772 111.746 1
      vertex 30.9678 111.759 0
      vertex 30.772 111.746 0
    endloop
  endfacet
  facet normal 0.321117 0.94704 -0
    outer loop
      vertex 30.3838 111.797 0
      vertex 30.198 111.86 1
      vertex 30.3838 111.797 1
    endloop
  endfacet
  facet normal 0.321117 0.94704 0
    outer loop
      vertex 30.198 111.86 1
      vertex 30.3838 111.797 0
      vertex 30.198 111.86 0
    endloop
  endfacet
  facet normal 0.555641 0.831422 -0
    outer loop
      vertex 30.022 111.947 0
      vertex 29.8589 112.056 1
      vertex 30.022 111.947 1
    endloop
  endfacet
  facet normal 0.555641 0.831422 0
    outer loop
      vertex 29.8589 112.056 1
      vertex 30.022 111.947 0
      vertex 29.8589 112.056 0
    endloop
  endfacet
  facet normal 0.831265 0.555877 0
    outer loop
      vertex 29.582 112.333 1
      vertex 29.473 112.496 0
      vertex 29.473 112.496 1
    endloop
  endfacet
  facet normal 0.831265 0.555877 0
    outer loop
      vertex 29.473 112.496 0
      vertex 29.582 112.333 1
      vertex 29.582 112.333 0
    endloop
  endfacet
  facet normal 0.89686 0.442315 0
    outer loop
      vertex 29.473 112.496 1
      vertex 29.3862 112.672 0
      vertex 29.3862 112.672 1
    endloop
  endfacet
  facet normal 0.89686 0.442315 0
    outer loop
      vertex 29.3862 112.672 0
      vertex 29.473 112.496 1
      vertex 29.473 112.496 0
    endloop
  endfacet
  facet normal 0.193762 0.981049 -0
    outer loop
      vertex 30.5762 111.759 0
      vertex 30.3838 111.797 1
      vertex 30.5762 111.759 1
    endloop
  endfacet
  facet normal 0.193762 0.981049 0
    outer loop
      vertex 30.3838 111.797 1
      vertex 30.5762 111.759 0
      vertex 30.3838 111.797 0
    endloop
  endfacet
  facet normal -0.997836 0 0.0657477
    outer loop
      vertex 35.0677 0 3.83474
      vertex 35.072 1 3.9
      vertex 35.0677 1 3.83474
    endloop
  endfacet
  facet normal -0.997836 0 0.0657477
    outer loop
      vertex 35.072 1 3.9
      vertex 35.0677 0 3.83474
      vertex 35.072 0 3.9
    endloop
  endfacet
  facet normal 0.997836 -0 0.0657477
    outer loop
      vertex 34.072 0 3.9
      vertex 34.0763 1 3.83474
      vertex 34.072 1 3.9
    endloop
  endfacet
  facet normal 0.997836 0 0.0657477
    outer loop
      vertex 34.0763 1 3.83474
      vertex 34.072 0 3.9
      vertex 34.0763 0 3.83474
    endloop
  endfacet
  facet normal 0.0654033 0 0.997859
    outer loop
      vertex 34.5067 1 3.40428
      vertex 34.572 0 3.4
      vertex 34.572 1 3.4
    endloop
  endfacet
  facet normal 0.0654033 0 0.997859
    outer loop
      vertex 34.572 0 3.4
      vertex 34.5067 1 3.40428
      vertex 34.5067 0 3.40428
    endloop
  endfacet
  facet normal -0.0654033 0 -0.997859
    outer loop
      vertex 34.572 0 4.4
      vertex 34.6373 1 4.39572
      vertex 34.6373 0 4.39572
    endloop
  endfacet
  facet normal -0.0654033 0 -0.997859
    outer loop
      vertex 34.6373 1 4.39572
      vertex 34.572 0 4.4
      vertex 34.572 1 4.4
    endloop
  endfacet
  facet normal -0.659197 0 0.75197
    outer loop
      vertex 34.8764 1 3.50332
      vertex 34.9256 0 3.54645
      vertex 34.9256 1 3.54645
    endloop
  endfacet
  facet normal -0.659197 0 0.75197
    outer loop
      vertex 34.9256 0 3.54645
      vertex 34.8764 1 3.50332
      vertex 34.8764 0 3.50332
    endloop
  endfacet
  facet normal 0.659197 0 0.75197
    outer loop
      vertex 34.2184 1 3.54645
      vertex 34.2676 0 3.50332
      vertex 34.2676 1 3.50332
    endloop
  endfacet
  facet normal 0.659197 0 0.75197
    outer loop
      vertex 34.2676 0 3.50332
      vertex 34.2184 1 3.54645
      vertex 34.2184 0 3.54645
    endloop
  endfacet
  facet normal 0.442072 0 0.89698
    outer loop
      vertex 34.322 1 3.46699
      vertex 34.3807 0 3.43806
      vertex 34.3807 1 3.43806
    endloop
  endfacet
  facet normal 0.442072 0 0.89698
    outer loop
      vertex 34.3807 0 3.43806
      vertex 34.322 1 3.46699
      vertex 34.322 0 3.46699
    endloop
  endfacet
  facet normal -0.831721 0 -0.555194
    outer loop
      vertex 35.005 0 4.15
      vertex 34.9687 1 4.20438
      vertex 35.005 1 4.15
    endloop
  endfacet
  facet normal -0.831721 -0 -0.555194
    outer loop
      vertex 34.9687 1 4.20438
      vertex 35.005 0 4.15
      vertex 34.9687 0 4.20438
    endloop
  endfacet
  facet normal -0.897042 0 0.441945
    outer loop
      vertex 35.005 0 3.65
      vertex 35.0339 1 3.70866
      vertex 35.005 1 3.65
    endloop
  endfacet
  facet normal -0.897042 0 0.441945
    outer loop
      vertex 35.0339 1 3.70866
      vertex 35.005 0 3.65
      vertex 35.0339 0 3.70866
    endloop
  endfacet
  facet normal -0.321546 0 0.946894
    outer loop
      vertex 34.7014 1 3.41704
      vertex 34.7633 0 3.43806
      vertex 34.7633 1 3.43806
    endloop
  endfacet
  facet normal -0.321546 0 0.946894
    outer loop
      vertex 34.7633 0 3.43806
      vertex 34.7014 1 3.41704
      vertex 34.7014 0 3.41704
    endloop
  endfacet
  facet normal -0.195233 0 0.980757
    outer loop
      vertex 34.6373 1 3.40428
      vertex 34.7014 0 3.41704
      vertex 34.7014 1 3.41704
    endloop
  endfacet
  facet normal -0.195233 0 0.980757
    outer loop
      vertex 34.7014 0 3.41704
      vertex 34.6373 1 3.40428
      vertex 34.6373 0 3.40428
    endloop
  endfacet
  facet normal -0.55537 0 0.831603
    outer loop
      vertex 34.822 1 3.46699
      vertex 34.8764 0 3.50332
      vertex 34.8764 1 3.50332
    endloop
  endfacet
  facet normal -0.55537 0 0.831603
    outer loop
      vertex 34.8764 0 3.50332
      vertex 34.822 1 3.46699
      vertex 34.822 0 3.46699
    endloop
  endfacet
  facet normal 0.897042 -0 0.441945
    outer loop
      vertex 34.1101 0 3.70866
      vertex 34.139 1 3.65
      vertex 34.1101 1 3.70866
    endloop
  endfacet
  facet normal 0.897042 0 0.441945
    outer loop
      vertex 34.139 1 3.65
      vertex 34.1101 0 3.70866
      vertex 34.139 0 3.65
    endloop
  endfacet
  facet normal 0.55537 0 0.831603
    outer loop
      vertex 34.2676 1 3.50332
      vertex 34.322 0 3.46699
      vertex 34.322 1 3.46699
    endloop
  endfacet
  facet normal 0.55537 0 0.831603
    outer loop
      vertex 34.322 0 3.46699
      vertex 34.2676 1 3.50332
      vertex 34.2676 0 3.50332
    endloop
  endfacet
  facet normal 0.321546 0 0.946894
    outer loop
      vertex 34.3807 1 3.43806
      vertex 34.4426 0 3.41704
      vertex 34.4426 1 3.41704
    endloop
  endfacet
  facet normal 0.321546 0 0.946894
    outer loop
      vertex 34.4426 0 3.41704
      vertex 34.3807 1 3.43806
      vertex 34.3807 0 3.43806
    endloop
  endfacet
  facet normal -0.980961 0 -0.194204
    outer loop
      vertex 35.0677 0 3.96526
      vertex 35.055 1 4.02941
      vertex 35.0677 1 3.96526
    endloop
  endfacet
  facet normal -0.980961 -0 -0.194204
    outer loop
      vertex 35.055 1 4.02941
      vertex 35.0677 0 3.96526
      vertex 35.055 0 4.02941
    endloop
  endfacet
  facet normal -0.195233 0 -0.980757
    outer loop
      vertex 34.6373 0 4.39572
      vertex 34.7014 1 4.38296
      vertex 34.7014 0 4.38296
    endloop
  endfacet
  facet normal -0.195233 0 -0.980757
    outer loop
      vertex 34.7014 1 4.38296
      vertex 34.6373 0 4.39572
      vertex 34.6373 1 4.39572
    endloop
  endfacet
  facet normal -0.946569 0 0.322503
    outer loop
      vertex 35.0339 0 3.70866
      vertex 35.055 1 3.77059
      vertex 35.0339 1 3.70866
    endloop
  endfacet
  facet normal -0.946569 0 0.322503
    outer loop
      vertex 35.055 1 3.77059
      vertex 35.0339 0 3.70866
      vertex 35.055 0 3.77059
    endloop
  endfacet
  facet normal -0.980961 0 0.194204
    outer loop
      vertex 35.055 0 3.77059
      vertex 35.0677 1 3.83474
      vertex 35.055 1 3.77059
    endloop
  endfacet
  facet normal -0.980961 0 0.194204
    outer loop
      vertex 35.0677 1 3.83474
      vertex 35.055 0 3.77059
      vertex 35.0677 0 3.83474
    endloop
  endfacet
  facet normal -0.751998 0 0.659165
    outer loop
      vertex 34.9256 0 3.54645
      vertex 34.9687 1 3.59562
      vertex 34.9256 1 3.54645
    endloop
  endfacet
  facet normal -0.751998 0 0.659165
    outer loop
      vertex 34.9687 1 3.59562
      vertex 34.9256 0 3.54645
      vertex 34.9687 0 3.59562
    endloop
  endfacet
  facet normal -0.831721 0 0.555194
    outer loop
      vertex 34.9687 0 3.59562
      vertex 35.005 1 3.65
      vertex 34.9687 1 3.59562
    endloop
  endfacet
  facet normal -0.831721 0 0.555194
    outer loop
      vertex 35.005 1 3.65
      vertex 34.9687 0 3.59562
      vertex 35.005 0 3.65
    endloop
  endfacet
  facet normal -0.0654033 0 0.997859
    outer loop
      vertex 34.572 1 3.4
      vertex 34.6373 0 3.40428
      vertex 34.6373 1 3.40428
    endloop
  endfacet
  facet normal -0.0654033 0 0.997859
    outer loop
      vertex 34.6373 0 3.40428
      vertex 34.572 1 3.4
      vertex 34.572 0 3.4
    endloop
  endfacet
  facet normal -0.442072 0 0.89698
    outer loop
      vertex 34.7633 1 3.43806
      vertex 34.822 0 3.46699
      vertex 34.822 1 3.46699
    endloop
  endfacet
  facet normal -0.442072 0 0.89698
    outer loop
      vertex 34.822 0 3.46699
      vertex 34.7633 1 3.43806
      vertex 34.7633 0 3.43806
    endloop
  endfacet
  facet normal 0.831721 -0 0.555194
    outer loop
      vertex 34.139 0 3.65
      vertex 34.1753 1 3.59562
      vertex 34.139 1 3.65
    endloop
  endfacet
  facet normal 0.831721 0 0.555194
    outer loop
      vertex 34.1753 1 3.59562
      vertex 34.139 0 3.65
      vertex 34.1753 0 3.59562
    endloop
  endfacet
  facet normal 0.751998 -0 0.659165
    outer loop
      vertex 34.1753 0 3.59562
      vertex 34.2184 1 3.54645
      vertex 34.1753 1 3.59562
    endloop
  endfacet
  facet normal 0.751998 0 0.659165
    outer loop
      vertex 34.2184 1 3.54645
      vertex 34.1753 0 3.59562
      vertex 34.2184 0 3.54645
    endloop
  endfacet
  facet normal 0.946569 -0 0.322503
    outer loop
      vertex 34.089 0 3.77059
      vertex 34.1101 1 3.70866
      vertex 34.089 1 3.77059
    endloop
  endfacet
  facet normal 0.946569 0 0.322503
    outer loop
      vertex 34.1101 1 3.70866
      vertex 34.089 0 3.77059
      vertex 34.1101 0 3.70866
    endloop
  endfacet
  facet normal 0.980961 -0 0.194204
    outer loop
      vertex 34.0763 0 3.83474
      vertex 34.089 1 3.77059
      vertex 34.0763 1 3.83474
    endloop
  endfacet
  facet normal 0.980961 0 0.194204
    outer loop
      vertex 34.089 1 3.77059
      vertex 34.0763 0 3.83474
      vertex 34.089 0 3.77059
    endloop
  endfacet
  facet normal 0.195233 0 0.980757
    outer loop
      vertex 34.4426 1 3.41704
      vertex 34.5067 0 3.40428
      vertex 34.5067 1 3.40428
    endloop
  endfacet
  facet normal 0.195233 0 0.980757
    outer loop
      vertex 34.5067 0 3.40428
      vertex 34.4426 1 3.41704
      vertex 34.4426 0 3.41704
    endloop
  endfacet
  facet normal -0.997836 0 -0.0657477
    outer loop
      vertex 35.072 0 3.9
      vertex 35.0677 1 3.96526
      vertex 35.072 1 3.9
    endloop
  endfacet
  facet normal -0.997836 -0 -0.0657477
    outer loop
      vertex 35.0677 1 3.96526
      vertex 35.072 0 3.9
      vertex 35.0677 0 3.96526
    endloop
  endfacet
  facet normal -0.751998 0 -0.659165
    outer loop
      vertex 34.9687 0 4.20438
      vertex 34.9256 1 4.25355
      vertex 34.9687 1 4.20438
    endloop
  endfacet
  facet normal -0.751998 -0 -0.659165
    outer loop
      vertex 34.9256 1 4.25355
      vertex 34.9687 0 4.20438
      vertex 34.9256 0 4.25355
    endloop
  endfacet
  facet normal 0.659197 0 -0.75197
    outer loop
      vertex 34.2184 0 4.25355
      vertex 34.2676 1 4.29668
      vertex 34.2676 0 4.29668
    endloop
  endfacet
  facet normal 0.659197 0 -0.75197
    outer loop
      vertex 34.2676 1 4.29668
      vertex 34.2184 0 4.25355
      vertex 34.2184 1 4.25355
    endloop
  endfacet
  facet normal 0.897042 0 -0.441945
    outer loop
      vertex 34.139 0 4.15
      vertex 34.1101 1 4.09134
      vertex 34.139 1 4.15
    endloop
  endfacet
  facet normal 0.897042 0 -0.441945
    outer loop
      vertex 34.1101 1 4.09134
      vertex 34.139 0 4.15
      vertex 34.1101 0 4.09134
    endloop
  endfacet
  facet normal 0.831721 0 -0.555194
    outer loop
      vertex 34.1753 0 4.20438
      vertex 34.139 1 4.15
      vertex 34.1753 1 4.20438
    endloop
  endfacet
  facet normal 0.831721 0 -0.555194
    outer loop
      vertex 34.139 1 4.15
      vertex 34.1753 0 4.20438
      vertex 34.139 0 4.15
    endloop
  endfacet
  facet normal 0.997836 0 -0.0657477
    outer loop
      vertex 34.0763 0 3.96526
      vertex 34.072 1 3.9
      vertex 34.0763 1 3.96526
    endloop
  endfacet
  facet normal 0.997836 0 -0.0657477
    outer loop
      vertex 34.072 1 3.9
      vertex 34.0763 0 3.96526
      vertex 34.072 0 3.9
    endloop
  endfacet
  facet normal -0.897042 0 -0.441945
    outer loop
      vertex 35.0339 0 4.09134
      vertex 35.005 1 4.15
      vertex 35.0339 1 4.09134
    endloop
  endfacet
  facet normal -0.897042 -0 -0.441945
    outer loop
      vertex 35.005 1 4.15
      vertex 35.0339 0 4.09134
      vertex 35.005 0 4.15
    endloop
  endfacet
  facet normal -0.946569 0 -0.322503
    outer loop
      vertex 35.055 0 4.02941
      vertex 35.0339 1 4.09134
      vertex 35.055 1 4.02941
    endloop
  endfacet
  facet normal -0.946569 -0 -0.322503
    outer loop
      vertex 35.0339 1 4.09134
      vertex 35.055 0 4.02941
      vertex 35.0339 0 4.09134
    endloop
  endfacet
  facet normal 0.321546 0 -0.946894
    outer loop
      vertex 34.3807 0 4.36194
      vertex 34.4426 1 4.38296
      vertex 34.4426 0 4.38296
    endloop
  endfacet
  facet normal 0.321546 0 -0.946894
    outer loop
      vertex 34.4426 1 4.38296
      vertex 34.3807 0 4.36194
      vertex 34.3807 1 4.36194
    endloop
  endfacet
  facet normal 0.751998 0 -0.659165
    outer loop
      vertex 34.2184 0 4.25355
      vertex 34.1753 1 4.20438
      vertex 34.2184 1 4.25355
    endloop
  endfacet
  facet normal 0.751998 0 -0.659165
    outer loop
      vertex 34.1753 1 4.20438
      vertex 34.2184 0 4.25355
      vertex 34.1753 0 4.20438
    endloop
  endfacet
  facet normal 0.980961 0 -0.194204
    outer loop
      vertex 34.089 0 4.02941
      vertex 34.0763 1 3.96526
      vertex 34.089 1 4.02941
    endloop
  endfacet
  facet normal 0.980961 0 -0.194204
    outer loop
      vertex 34.0763 1 3.96526
      vertex 34.089 0 4.02941
      vertex 34.0763 0 3.96526
    endloop
  endfacet
  facet normal 0.946569 0 -0.322503
    outer loop
      vertex 34.1101 0 4.09134
      vertex 34.089 1 4.02941
      vertex 34.1101 1 4.09134
    endloop
  endfacet
  facet normal 0.946569 0 -0.322503
    outer loop
      vertex 34.089 1 4.02941
      vertex 34.1101 0 4.09134
      vertex 34.089 0 4.02941
    endloop
  endfacet
  facet normal -0.442072 0 -0.89698
    outer loop
      vertex 34.7633 0 4.36194
      vertex 34.822 1 4.33301
      vertex 34.822 0 4.33301
    endloop
  endfacet
  facet normal -0.442072 0 -0.89698
    outer loop
      vertex 34.822 1 4.33301
      vertex 34.7633 0 4.36194
      vertex 34.7633 1 4.36194
    endloop
  endfacet
  facet normal -0.321546 0 -0.946894
    outer loop
      vertex 34.7014 0 4.38296
      vertex 34.7633 1 4.36194
      vertex 34.7633 0 4.36194
    endloop
  endfacet
  facet normal -0.321546 0 -0.946894
    outer loop
      vertex 34.7633 1 4.36194
      vertex 34.7014 0 4.38296
      vertex 34.7014 1 4.38296
    endloop
  endfacet
  facet normal -0.659197 0 -0.75197
    outer loop
      vertex 34.8764 0 4.29668
      vertex 34.9256 1 4.25355
      vertex 34.9256 0 4.25355
    endloop
  endfacet
  facet normal -0.659197 0 -0.75197
    outer loop
      vertex 34.9256 1 4.25355
      vertex 34.8764 0 4.29668
      vertex 34.8764 1 4.29668
    endloop
  endfacet
  facet normal -0.55537 0 -0.831603
    outer loop
      vertex 34.822 0 4.33301
      vertex 34.8764 1 4.29668
      vertex 34.8764 0 4.29668
    endloop
  endfacet
  facet normal -0.55537 0 -0.831603
    outer loop
      vertex 34.8764 1 4.29668
      vertex 34.822 0 4.33301
      vertex 34.822 1 4.33301
    endloop
  endfacet
  facet normal 0.442072 0 -0.89698
    outer loop
      vertex 34.322 0 4.33301
      vertex 34.3807 1 4.36194
      vertex 34.3807 0 4.36194
    endloop
  endfacet
  facet normal 0.442072 0 -0.89698
    outer loop
      vertex 34.3807 1 4.36194
      vertex 34.322 0 4.33301
      vertex 34.322 1 4.33301
    endloop
  endfacet
  facet normal 0.195233 0 -0.980757
    outer loop
      vertex 34.4426 0 4.38296
      vertex 34.5067 1 4.39572
      vertex 34.5067 0 4.39572
    endloop
  endfacet
  facet normal 0.195233 0 -0.980757
    outer loop
      vertex 34.5067 1 4.39572
      vertex 34.4426 0 4.38296
      vertex 34.4426 1 4.38296
    endloop
  endfacet
  facet normal 0.0654033 0 -0.997859
    outer loop
      vertex 34.5067 0 4.39572
      vertex 34.572 1 4.4
      vertex 34.572 0 4.4
    endloop
  endfacet
  facet normal 0.0654033 0 -0.997859
    outer loop
      vertex 34.572 1 4.4
      vertex 34.5067 0 4.39572
      vertex 34.5067 1 4.39572
    endloop
  endfacet
  facet normal 0.55537 0 -0.831603
    outer loop
      vertex 34.2676 0 4.29668
      vertex 34.322 1 4.33301
      vertex 34.322 0 4.33301
    endloop
  endfacet
  facet normal 0.55537 0 -0.831603
    outer loop
      vertex 34.322 1 4.33301
      vertex 34.2676 0 4.29668
      vertex 34.2676 1 4.29668
    endloop
  endfacet
  facet normal -0.997836 0 0.0657477
    outer loop
      vertex 37.0677 0 3.83474
      vertex 37.072 1 3.9
      vertex 37.0677 1 3.83474
    endloop
  endfacet
  facet normal -0.997836 0 0.0657477
    outer loop
      vertex 37.072 1 3.9
      vertex 37.0677 0 3.83474
      vertex 37.072 0 3.9
    endloop
  endfacet
  facet normal 0.997836 -0 0.0657477
    outer loop
      vertex 36.072 0 3.9
      vertex 36.0763 1 3.83474
      vertex 36.072 1 3.9
    endloop
  endfacet
  facet normal 0.997836 0 0.0657477
    outer loop
      vertex 36.0763 1 3.83474
      vertex 36.072 0 3.9
      vertex 36.0763 0 3.83474
    endloop
  endfacet
  facet normal 0.0654033 0 0.997859
    outer loop
      vertex 36.5067 1 3.40428
      vertex 36.572 0 3.4
      vertex 36.572 1 3.4
    endloop
  endfacet
  facet normal 0.0654033 0 0.997859
    outer loop
      vertex 36.572 0 3.4
      vertex 36.5067 1 3.40428
      vertex 36.5067 0 3.40428
    endloop
  endfacet
  facet normal -0.0654033 0 -0.997859
    outer loop
      vertex 36.572 0 4.4
      vertex 36.6373 1 4.39572
      vertex 36.6373 0 4.39572
    endloop
  endfacet
  facet normal -0.0654033 0 -0.997859
    outer loop
      vertex 36.6373 1 4.39572
      vertex 36.572 0 4.4
      vertex 36.572 1 4.4
    endloop
  endfacet
  facet normal -0.659197 0 0.75197
    outer loop
      vertex 36.8764 1 3.50332
      vertex 36.9256 0 3.54645
      vertex 36.9256 1 3.54645
    endloop
  endfacet
  facet normal -0.659197 0 0.75197
    outer loop
      vertex 36.9256 0 3.54645
      vertex 36.8764 1 3.50332
      vertex 36.8764 0 3.50332
    endloop
  endfacet
  facet normal 0.659197 0 0.75197
    outer loop
      vertex 36.2184 1 3.54645
      vertex 36.2676 0 3.50332
      vertex 36.2676 1 3.50332
    endloop
  endfacet
  facet normal 0.659197 0 0.75197
    outer loop
      vertex 36.2676 0 3.50332
      vertex 36.2184 1 3.54645
      vertex 36.2184 0 3.54645
    endloop
  endfacet
  facet normal 0.442072 0 0.89698
    outer loop
      vertex 36.322 1 3.46699
      vertex 36.3807 0 3.43806
      vertex 36.3807 1 3.43806
    endloop
  endfacet
  facet normal 0.442072 0 0.89698
    outer loop
      vertex 36.3807 0 3.43806
      vertex 36.322 1 3.46699
      vertex 36.322 0 3.46699
    endloop
  endfacet
  facet normal -0.831721 0 -0.555194
    outer loop
      vertex 37.005 0 4.15
      vertex 36.9687 1 4.20438
      vertex 37.005 1 4.15
    endloop
  endfacet
  facet normal -0.831721 -0 -0.555194
    outer loop
      vertex 36.9687 1 4.20438
      vertex 37.005 0 4.15
      vertex 36.9687 0 4.20438
    endloop
  endfacet
  facet normal -0.897042 0 0.441945
    outer loop
      vertex 37.005 0 3.65
      vertex 37.0339 1 3.70866
      vertex 37.005 1 3.65
    endloop
  endfacet
  facet normal -0.897042 0 0.441945
    outer loop
      vertex 37.0339 1 3.70866
      vertex 37.005 0 3.65
      vertex 37.0339 0 3.70866
    endloop
  endfacet
  facet normal -0.321546 0 0.946894
    outer loop
      vertex 36.7014 1 3.41704
      vertex 36.7633 0 3.43806
      vertex 36.7633 1 3.43806
    endloop
  endfacet
  facet normal -0.321546 0 0.946894
    outer loop
      vertex 36.7633 0 3.43806
      vertex 36.7014 1 3.41704
      vertex 36.7014 0 3.41704
    endloop
  endfacet
  facet normal -0.195233 0 0.980757
    outer loop
      vertex 36.6373 1 3.40428
      vertex 36.7014 0 3.41704
      vertex 36.7014 1 3.41704
    endloop
  endfacet
  facet normal -0.195233 0 0.980757
    outer loop
      vertex 36.7014 0 3.41704
      vertex 36.6373 1 3.40428
      vertex 36.6373 0 3.40428
    endloop
  endfacet
  facet normal -0.55537 0 0.831603
    outer loop
      vertex 36.822 1 3.46699
      vertex 36.8764 0 3.50332
      vertex 36.8764 1 3.50332
    endloop
  endfacet
  facet normal -0.55537 0 0.831603
    outer loop
      vertex 36.8764 0 3.50332
      vertex 36.822 1 3.46699
      vertex 36.822 0 3.46699
    endloop
  endfacet
  facet normal 0.897042 -0 0.441945
    outer loop
      vertex 36.1101 0 3.70866
      vertex 36.139 1 3.65
      vertex 36.1101 1 3.70866
    endloop
  endfacet
  facet normal 0.897042 0 0.441945
    outer loop
      vertex 36.139 1 3.65
      vertex 36.1101 0 3.70866
      vertex 36.139 0 3.65
    endloop
  endfacet
  facet normal 0.55537 0 0.831603
    outer loop
      vertex 36.2676 1 3.50332
      vertex 36.322 0 3.46699
      vertex 36.322 1 3.46699
    endloop
  endfacet
  facet normal 0.55537 0 0.831603
    outer loop
      vertex 36.322 0 3.46699
      vertex 36.2676 1 3.50332
      vertex 36.2676 0 3.50332
    endloop
  endfacet
  facet normal 0.321546 0 0.946894
    outer loop
      vertex 36.3807 1 3.43806
      vertex 36.4426 0 3.41704
      vertex 36.4426 1 3.41704
    endloop
  endfacet
  facet normal 0.321546 0 0.946894
    outer loop
      vertex 36.4426 0 3.41704
      vertex 36.3807 1 3.43806
      vertex 36.3807 0 3.43806
    endloop
  endfacet
  facet normal -0.980961 0 -0.194204
    outer loop
      vertex 37.0677 0 3.96526
      vertex 37.055 1 4.02941
      vertex 37.0677 1 3.96526
    endloop
  endfacet
  facet normal -0.980961 -0 -0.194204
    outer loop
      vertex 37.055 1 4.02941
      vertex 37.0677 0 3.96526
      vertex 37.055 0 4.02941
    endloop
  endfacet
  facet normal -0.195233 0 -0.980757
    outer loop
      vertex 36.6373 0 4.39572
      vertex 36.7014 1 4.38296
      vertex 36.7014 0 4.38296
    endloop
  endfacet
  facet normal -0.195233 0 -0.980757
    outer loop
      vertex 36.7014 1 4.38296
      vertex 36.6373 0 4.39572
      vertex 36.6373 1 4.39572
    endloop
  endfacet
  facet normal -0.442072 0 -0.89698
    outer loop
      vertex 36.7633 0 4.36194
      vertex 36.822 1 4.33301
      vertex 36.822 0 4.33301
    endloop
  endfacet
  facet normal -0.442072 0 -0.89698
    outer loop
      vertex 36.822 1 4.33301
      vertex 36.7633 0 4.36194
      vertex 36.7633 1 4.36194
    endloop
  endfacet
  facet normal -0.946569 0 0.322503
    outer loop
      vertex 37.0339 0 3.70866
      vertex 37.055 1 3.77059
      vertex 37.0339 1 3.70866
    endloop
  endfacet
  facet normal -0.946569 0 0.322503
    outer loop
      vertex 37.055 1 3.77059
      vertex 37.0339 0 3.70866
      vertex 37.055 0 3.77059
    endloop
  endfacet
  facet normal -0.980961 0 0.194204
    outer loop
      vertex 37.055 0 3.77059
      vertex 37.0677 1 3.83474
      vertex 37.055 1 3.77059
    endloop
  endfacet
  facet normal -0.980961 0 0.194204
    outer loop
      vertex 37.0677 1 3.83474
      vertex 37.055 0 3.77059
      vertex 37.0677 0 3.83474
    endloop
  endfacet
  facet normal -0.751998 0 0.659165
    outer loop
      vertex 36.9256 0 3.54645
      vertex 36.9687 1 3.59562
      vertex 36.9256 1 3.54645
    endloop
  endfacet
  facet normal -0.751998 0 0.659165
    outer loop
      vertex 36.9687 1 3.59562
      vertex 36.9256 0 3.54645
      vertex 36.9687 0 3.59562
    endloop
  endfacet
  facet normal -0.831721 0 0.555194
    outer loop
      vertex 36.9687 0 3.59562
      vertex 37.005 1 3.65
      vertex 36.9687 1 3.59562
    endloop
  endfacet
  facet normal -0.831721 0 0.555194
    outer loop
      vertex 37.005 1 3.65
      vertex 36.9687 0 3.59562
      vertex 37.005 0 3.65
    endloop
  endfacet
  facet normal -0.0654033 0 0.997859
    outer loop
      vertex 36.572 1 3.4
      vertex 36.6373 0 3.40428
      vertex 36.6373 1 3.40428
    endloop
  endfacet
  facet normal -0.0654033 0 0.997859
    outer loop
      vertex 36.6373 0 3.40428
      vertex 36.572 1 3.4
      vertex 36.572 0 3.4
    endloop
  endfacet
  facet normal -0.442072 0 0.89698
    outer loop
      vertex 36.7633 1 3.43806
      vertex 36.822 0 3.46699
      vertex 36.822 1 3.46699
    endloop
  endfacet
  facet normal -0.442072 0 0.89698
    outer loop
      vertex 36.822 0 3.46699
      vertex 36.7633 1 3.43806
      vertex 36.7633 0 3.43806
    endloop
  endfacet
  facet normal 0.831721 -0 0.555194
    outer loop
      vertex 36.139 0 3.65
      vertex 36.1753 1 3.59562
      vertex 36.139 1 3.65
    endloop
  endfacet
  facet normal 0.831721 0 0.555194
    outer loop
      vertex 36.1753 1 3.59562
      vertex 36.139 0 3.65
      vertex 36.1753 0 3.59562
    endloop
  endfacet
  facet normal 0.751998 -0 0.659165
    outer loop
      vertex 36.1753 0 3.59562
      vertex 36.2184 1 3.54645
      vertex 36.1753 1 3.59562
    endloop
  endfacet
  facet normal 0.751998 0 0.659165
    outer loop
      vertex 36.2184 1 3.54645
      vertex 36.1753 0 3.59562
      vertex 36.2184 0 3.54645
    endloop
  endfacet
  facet normal 0.946569 -0 0.322503
    outer loop
      vertex 36.089 0 3.77059
      vertex 36.1101 1 3.70866
      vertex 36.089 1 3.77059
    endloop
  endfacet
  facet normal 0.946569 0 0.322503
    outer loop
      vertex 36.1101 1 3.70866
      vertex 36.089 0 3.77059
      vertex 36.1101 0 3.70866
    endloop
  endfacet
  facet normal 0.980961 -0 0.194204
    outer loop
      vertex 36.0763 0 3.83474
      vertex 36.089 1 3.77059
      vertex 36.0763 1 3.83474
    endloop
  endfacet
  facet normal 0.980961 0 0.194204
    outer loop
      vertex 36.089 1 3.77059
      vertex 36.0763 0 3.83474
      vertex 36.089 0 3.77059
    endloop
  endfacet
  facet normal 0.195233 0 0.980757
    outer loop
      vertex 36.4426 1 3.41704
      vertex 36.5067 0 3.40428
      vertex 36.5067 1 3.40428
    endloop
  endfacet
  facet normal 0.195233 0 0.980757
    outer loop
      vertex 36.5067 0 3.40428
      vertex 36.4426 1 3.41704
      vertex 36.4426 0 3.41704
    endloop
  endfacet
  facet normal -0.997836 0 -0.0657477
    outer loop
      vertex 37.072 0 3.9
      vertex 37.0677 1 3.96526
      vertex 37.072 1 3.9
    endloop
  endfacet
  facet normal -0.997836 -0 -0.0657477
    outer loop
      vertex 37.0677 1 3.96526
      vertex 37.072 0 3.9
      vertex 37.0677 0 3.96526
    endloop
  endfacet
  facet normal -0.55537 0 -0.831603
    outer loop
      vertex 36.822 0 4.33301
      vertex 36.8764 1 4.29668
      vertex 36.8764 0 4.29668
    endloop
  endfacet
  facet normal -0.55537 0 -0.831603
    outer loop
      vertex 36.8764 1 4.29668
      vertex 36.822 0 4.33301
      vertex 36.822 1 4.33301
    endloop
  endfacet
  facet normal -0.751998 0 -0.659165
    outer loop
      vertex 36.9687 0 4.20438
      vertex 36.9256 1 4.25355
      vertex 36.9687 1 4.20438
    endloop
  endfacet
  facet normal -0.751998 -0 -0.659165
    outer loop
      vertex 36.9256 1 4.25355
      vertex 36.9687 0 4.20438
      vertex 36.9256 0 4.25355
    endloop
  endfacet
  facet normal 0.659197 0 -0.75197
    outer loop
      vertex 36.2184 0 4.25355
      vertex 36.2676 1 4.29668
      vertex 36.2676 0 4.29668
    endloop
  endfacet
  facet normal 0.659197 0 -0.75197
    outer loop
      vertex 36.2676 1 4.29668
      vertex 36.2184 0 4.25355
      vertex 36.2184 1 4.25355
    endloop
  endfacet
  facet normal 0.897042 0 -0.441945
    outer loop
      vertex 36.139 0 4.15
      vertex 36.1101 1 4.09134
      vertex 36.139 1 4.15
    endloop
  endfacet
  facet normal 0.897042 0 -0.441945
    outer loop
      vertex 36.1101 1 4.09134
      vertex 36.139 0 4.15
      vertex 36.1101 0 4.09134
    endloop
  endfacet
  facet normal 0.831721 0 -0.555194
    outer loop
      vertex 36.1753 0 4.20438
      vertex 36.139 1 4.15
      vertex 36.1753 1 4.20438
    endloop
  endfacet
  facet normal 0.831721 0 -0.555194
    outer loop
      vertex 36.139 1 4.15
      vertex 36.1753 0 4.20438
      vertex 36.139 0 4.15
    endloop
  endfacet
  facet normal -0.897042 0 -0.441945
    outer loop
      vertex 37.0339 0 4.09134
      vertex 37.005 1 4.15
      vertex 37.0339 1 4.09134
    endloop
  endfacet
  facet normal -0.897042 -0 -0.441945
    outer loop
      vertex 37.005 1 4.15
      vertex 37.0339 0 4.09134
      vertex 37.005 0 4.15
    endloop
  endfacet
  facet normal -0.946569 0 -0.322503
    outer loop
      vertex 37.055 0 4.02941
      vertex 37.0339 1 4.09134
      vertex 37.055 1 4.02941
    endloop
  endfacet
  facet normal -0.946569 -0 -0.322503
    outer loop
      vertex 37.0339 1 4.09134
      vertex 37.055 0 4.02941
      vertex 37.0339 0 4.09134
    endloop
  endfacet
  facet normal 0.751998 0 -0.659165
    outer loop
      vertex 36.2184 0 4.25355
      vertex 36.1753 1 4.20438
      vertex 36.2184 1 4.25355
    endloop
  endfacet
  facet normal 0.751998 0 -0.659165
    outer loop
      vertex 36.1753 1 4.20438
      vertex 36.2184 0 4.25355
      vertex 36.1753 0 4.20438
    endloop
  endfacet
  facet normal 0.980961 0 -0.194204
    outer loop
      vertex 36.089 0 4.02941
      vertex 36.0763 1 3.96526
      vertex 36.089 1 4.02941
    endloop
  endfacet
  facet normal 0.980961 0 -0.194204
    outer loop
      vertex 36.0763 1 3.96526
      vertex 36.089 0 4.02941
      vertex 36.0763 0 3.96526
    endloop
  endfacet
  facet normal 0.997836 0 -0.0657477
    outer loop
      vertex 36.0763 0 3.96526
      vertex 36.072 1 3.9
      vertex 36.0763 1 3.96526
    endloop
  endfacet
  facet normal 0.997836 0 -0.0657477
    outer loop
      vertex 36.072 1 3.9
      vertex 36.0763 0 3.96526
      vertex 36.072 0 3.9
    endloop
  endfacet
  facet normal 0.946569 0 -0.322503
    outer loop
      vertex 36.1101 0 4.09134
      vertex 36.089 1 4.02941
      vertex 36.1101 1 4.09134
    endloop
  endfacet
  facet normal 0.946569 0 -0.322503
    outer loop
      vertex 36.089 1 4.02941
      vertex 36.1101 0 4.09134
      vertex 36.089 0 4.02941
    endloop
  endfacet
  facet normal -0.321546 0 -0.946894
    outer loop
      vertex 36.7014 0 4.38296
      vertex 36.7633 1 4.36194
      vertex 36.7633 0 4.36194
    endloop
  endfacet
  facet normal -0.321546 0 -0.946894
    outer loop
      vertex 36.7633 1 4.36194
      vertex 36.7014 0 4.38296
      vertex 36.7014 1 4.38296
    endloop
  endfacet
  facet normal -0.659197 0 -0.75197
    outer loop
      vertex 36.8764 0 4.29668
      vertex 36.9256 1 4.25355
      vertex 36.9256 0 4.25355
    endloop
  endfacet
  facet normal -0.659197 0 -0.75197
    outer loop
      vertex 36.9256 1 4.25355
      vertex 36.8764 0 4.29668
      vertex 36.8764 1 4.29668
    endloop
  endfacet
  facet normal 0.0654033 0 -0.997859
    outer loop
      vertex 36.5067 0 4.39572
      vertex 36.572 1 4.4
      vertex 36.572 0 4.4
    endloop
  endfacet
  facet normal 0.0654033 0 -0.997859
    outer loop
      vertex 36.572 1 4.4
      vertex 36.5067 0 4.39572
      vertex 36.5067 1 4.39572
    endloop
  endfacet
  facet normal 0.55537 0 -0.831603
    outer loop
      vertex 36.2676 0 4.29668
      vertex 36.322 1 4.33301
      vertex 36.322 0 4.33301
    endloop
  endfacet
  facet normal 0.55537 0 -0.831603
    outer loop
      vertex 36.322 1 4.33301
      vertex 36.2676 0 4.29668
      vertex 36.2676 1 4.29668
    endloop
  endfacet
  facet normal 0.442072 0 -0.89698
    outer loop
      vertex 36.322 0 4.33301
      vertex 36.3807 1 4.36194
      vertex 36.3807 0 4.36194
    endloop
  endfacet
  facet normal 0.442072 0 -0.89698
    outer loop
      vertex 36.3807 1 4.36194
      vertex 36.322 0 4.33301
      vertex 36.322 1 4.33301
    endloop
  endfacet
  facet normal 0.195233 0 -0.980757
    outer loop
      vertex 36.4426 0 4.38296
      vertex 36.5067 1 4.39572
      vertex 36.5067 0 4.39572
    endloop
  endfacet
  facet normal 0.195233 0 -0.980757
    outer loop
      vertex 36.5067 1 4.39572
      vertex 36.4426 0 4.38296
      vertex 36.4426 1 4.38296
    endloop
  endfacet
  facet normal 0.321546 0 -0.946894
    outer loop
      vertex 36.3807 0 4.36194
      vertex 36.4426 1 4.38296
      vertex 36.4426 0 4.38296
    endloop
  endfacet
  facet normal 0.321546 0 -0.946894
    outer loop
      vertex 36.4426 1 4.38296
      vertex 36.3807 0 4.36194
      vertex 36.3807 1 4.36194
    endloop
  endfacet
  facet normal -0.997836 0 0.0657477
    outer loop
      vertex 39.0677 0 3.83474
      vertex 39.072 1 3.9
      vertex 39.0677 1 3.83474
    endloop
  endfacet
  facet normal -0.997836 0 0.0657477
    outer loop
      vertex 39.072 1 3.9
      vertex 39.0677 0 3.83474
      vertex 39.072 0 3.9
    endloop
  endfacet
  facet normal 0.997836 -0 0.0657477
    outer loop
      vertex 38.072 0 3.9
      vertex 38.0763 1 3.83474
      vertex 38.072 1 3.9
    endloop
  endfacet
  facet normal 0.997836 0 0.0657477
    outer loop
      vertex 38.0763 1 3.83474
      vertex 38.072 0 3.9
      vertex 38.0763 0 3.83474
    endloop
  endfacet
  facet normal 0.0654033 0 0.997859
    outer loop
      vertex 38.5067 1 3.40428
      vertex 38.572 0 3.4
      vertex 38.572 1 3.4
    endloop
  endfacet
  facet normal 0.0654033 0 0.997859
    outer loop
      vertex 38.572 0 3.4
      vertex 38.5067 1 3.40428
      vertex 38.5067 0 3.40428
    endloop
  endfacet
  facet normal -0.0654033 0 -0.997859
    outer loop
      vertex 38.572 0 4.4
      vertex 38.6373 1 4.39572
      vertex 38.6373 0 4.39572
    endloop
  endfacet
  facet normal -0.0654033 0 -0.997859
    outer loop
      vertex 38.6373 1 4.39572
      vertex 38.572 0 4.4
      vertex 38.572 1 4.4
    endloop
  endfacet
  facet normal -0.659197 0 0.75197
    outer loop
      vertex 38.8764 1 3.50332
      vertex 38.9256 0 3.54645
      vertex 38.9256 1 3.54645
    endloop
  endfacet
  facet normal -0.659197 0 0.75197
    outer loop
      vertex 38.9256 0 3.54645
      vertex 38.8764 1 3.50332
      vertex 38.8764 0 3.50332
    endloop
  endfacet
  facet normal 0.659197 0 0.75197
    outer loop
      vertex 38.2184 1 3.54645
      vertex 38.2676 0 3.50332
      vertex 38.2676 1 3.50332
    endloop
  endfacet
  facet normal 0.659197 0 0.75197
    outer loop
      vertex 38.2676 0 3.50332
      vertex 38.2184 1 3.54645
      vertex 38.2184 0 3.54645
    endloop
  endfacet
  facet normal 0.442072 0 0.89698
    outer loop
      vertex 38.322 1 3.46699
      vertex 38.3807 0 3.43806
      vertex 38.3807 1 3.43806
    endloop
  endfacet
  facet normal 0.442072 0 0.89698
    outer loop
      vertex 38.3807 0 3.43806
      vertex 38.322 1 3.46699
      vertex 38.322 0 3.46699
    endloop
  endfacet
  facet normal -0.831721 0 -0.555194
    outer loop
      vertex 39.005 0 4.15
      vertex 38.9687 1 4.20438
      vertex 39.005 1 4.15
    endloop
  endfacet
  facet normal -0.831721 -0 -0.555194
    outer loop
      vertex 38.9687 1 4.20438
      vertex 39.005 0 4.15
      vertex 38.9687 0 4.20438
    endloop
  endfacet
  facet normal -0.897042 0 0.441945
    outer loop
      vertex 39.005 0 3.65
      vertex 39.0339 1 3.70866
      vertex 39.005 1 3.65
    endloop
  endfacet
  facet normal -0.897042 0 0.441945
    outer loop
      vertex 39.0339 1 3.70866
      vertex 39.005 0 3.65
      vertex 39.0339 0 3.70866
    endloop
  endfacet
  facet normal -0.321546 0 0.946894
    outer loop
      vertex 38.7014 1 3.41704
      vertex 38.7633 0 3.43806
      vertex 38.7633 1 3.43806
    endloop
  endfacet
  facet normal -0.321546 0 0.946894
    outer loop
      vertex 38.7633 0 3.43806
      vertex 38.7014 1 3.41704
      vertex 38.7014 0 3.41704
    endloop
  endfacet
  facet normal -0.195233 0 0.980757
    outer loop
      vertex 38.6373 1 3.40428
      vertex 38.7014 0 3.41704
      vertex 38.7014 1 3.41704
    endloop
  endfacet
  facet normal -0.195233 0 0.980757
    outer loop
      vertex 38.7014 0 3.41704
      vertex 38.6373 1 3.40428
      vertex 38.6373 0 3.40428
    endloop
  endfacet
  facet normal -0.55537 0 0.831603
    outer loop
      vertex 38.822 1 3.46699
      vertex 38.8764 0 3.50332
      vertex 38.8764 1 3.50332
    endloop
  endfacet
  facet normal -0.55537 0 0.831603
    outer loop
      vertex 38.8764 0 3.50332
      vertex 38.822 1 3.46699
      vertex 38.822 0 3.46699
    endloop
  endfacet
  facet normal 0.897042 -0 0.441945
    outer loop
      vertex 38.1101 0 3.70866
      vertex 38.139 1 3.65
      vertex 38.1101 1 3.70866
    endloop
  endfacet
  facet normal 0.897042 0 0.441945
    outer loop
      vertex 38.139 1 3.65
      vertex 38.1101 0 3.70866
      vertex 38.139 0 3.65
    endloop
  endfacet
  facet normal 0.55537 0 0.831603
    outer loop
      vertex 38.2676 1 3.50332
      vertex 38.322 0 3.46699
      vertex 38.322 1 3.46699
    endloop
  endfacet
  facet normal 0.55537 0 0.831603
    outer loop
      vertex 38.322 0 3.46699
      vertex 38.2676 1 3.50332
      vertex 38.2676 0 3.50332
    endloop
  endfacet
  facet normal 0.321546 0 0.946894
    outer loop
      vertex 38.3807 1 3.43806
      vertex 38.4426 0 3.41704
      vertex 38.4426 1 3.41704
    endloop
  endfacet
  facet normal 0.321546 0 0.946894
    outer loop
      vertex 38.4426 0 3.41704
      vertex 38.3807 1 3.43806
      vertex 38.3807 0 3.43806
    endloop
  endfacet
  facet normal -0.980961 0 -0.194204
    outer loop
      vertex 39.0677 0 3.96526
      vertex 39.055 1 4.02941
      vertex 39.0677 1 3.96526
    endloop
  endfacet
  facet normal -0.980961 -0 -0.194204
    outer loop
      vertex 39.055 1 4.02941
      vertex 39.0677 0 3.96526
      vertex 39.055 0 4.02941
    endloop
  endfacet
  facet normal -0.195233 0 -0.980757
    outer loop
      vertex 38.6373 0 4.39572
      vertex 38.7014 1 4.38296
      vertex 38.7014 0 4.38296
    endloop
  endfacet
  facet normal -0.195233 0 -0.980757
    outer loop
      vertex 38.7014 1 4.38296
      vertex 38.6373 0 4.39572
      vertex 38.6373 1 4.39572
    endloop
  endfacet
  facet normal -0.442072 0 -0.89698
    outer loop
      vertex 38.7633 0 4.36194
      vertex 38.822 1 4.33301
      vertex 38.822 0 4.33301
    endloop
  endfacet
  facet normal -0.442072 0 -0.89698
    outer loop
      vertex 38.822 1 4.33301
      vertex 38.7633 0 4.36194
      vertex 38.7633 1 4.36194
    endloop
  endfacet
  facet normal -0.946569 0 0.322503
    outer loop
      vertex 39.0339 0 3.70866
      vertex 39.055 1 3.77059
      vertex 39.0339 1 3.70866
    endloop
  endfacet
  facet normal -0.946569 0 0.322503
    outer loop
      vertex 39.055 1 3.77059
      vertex 39.0339 0 3.70866
      vertex 39.055 0 3.77059
    endloop
  endfacet
  facet normal -0.980961 0 0.194204
    outer loop
      vertex 39.055 0 3.77059
      vertex 39.0677 1 3.83474
      vertex 39.055 1 3.77059
    endloop
  endfacet
  facet normal -0.980961 0 0.194204
    outer loop
      vertex 39.0677 1 3.83474
      vertex 39.055 0 3.77059
      vertex 39.0677 0 3.83474
    endloop
  endfacet
  facet normal -0.751998 0 0.659165
    outer loop
      vertex 38.9256 0 3.54645
      vertex 38.9687 1 3.59562
      vertex 38.9256 1 3.54645
    endloop
  endfacet
  facet normal -0.751998 0 0.659165
    outer loop
      vertex 38.9687 1 3.59562
      vertex 38.9256 0 3.54645
      vertex 38.9687 0 3.59562
    endloop
  endfacet
  facet normal -0.831721 0 0.555194
    outer loop
      vertex 38.9687 0 3.59562
      vertex 39.005 1 3.65
      vertex 38.9687 1 3.59562
    endloop
  endfacet
  facet normal -0.831721 0 0.555194
    outer loop
      vertex 39.005 1 3.65
      vertex 38.9687 0 3.59562
      vertex 39.005 0 3.65
    endloop
  endfacet
  facet normal -0.0654033 0 0.997859
    outer loop
      vertex 38.572 1 3.4
      vertex 38.6373 0 3.40428
      vertex 38.6373 1 3.40428
    endloop
  endfacet
  facet normal -0.0654033 0 0.997859
    outer loop
      vertex 38.6373 0 3.40428
      vertex 38.572 1 3.4
      vertex 38.572 0 3.4
    endloop
  endfacet
  facet normal -0.442072 0 0.89698
    outer loop
      vertex 38.7633 1 3.43806
      vertex 38.822 0 3.46699
      vertex 38.822 1 3.46699
    endloop
  endfacet
  facet normal -0.442072 0 0.89698
    outer loop
      vertex 38.822 0 3.46699
      vertex 38.7633 1 3.43806
      vertex 38.7633 0 3.43806
    endloop
  endfacet
  facet normal 0.831721 -0 0.555194
    outer loop
      vertex 38.139 0 3.65
      vertex 38.1753 1 3.59562
      vertex 38.139 1 3.65
    endloop
  endfacet
  facet normal 0.831721 0 0.555194
    outer loop
      vertex 38.1753 1 3.59562
      vertex 38.139 0 3.65
      vertex 38.1753 0 3.59562
    endloop
  endfacet
  facet normal 0.751998 -0 0.659165
    outer loop
      vertex 38.1753 0 3.59562
      vertex 38.2184 1 3.54645
      vertex 38.1753 1 3.59562
    endloop
  endfacet
  facet normal 0.751998 0 0.659165
    outer loop
      vertex 38.2184 1 3.54645
      vertex 38.1753 0 3.59562
      vertex 38.2184 0 3.54645
    endloop
  endfacet
  facet normal 0.946569 -0 0.322503
    outer loop
      vertex 38.089 0 3.77059
      vertex 38.1101 1 3.70866
      vertex 38.089 1 3.77059
    endloop
  endfacet
  facet normal 0.946569 0 0.322503
    outer loop
      vertex 38.1101 1 3.70866
      vertex 38.089 0 3.77059
      vertex 38.1101 0 3.70866
    endloop
  endfacet
  facet normal 0.980961 -0 0.194204
    outer loop
      vertex 38.0763 0 3.83474
      vertex 38.089 1 3.77059
      vertex 38.0763 1 3.83474
    endloop
  endfacet
  facet normal 0.980961 0 0.194204
    outer loop
      vertex 38.089 1 3.77059
      vertex 38.0763 0 3.83474
      vertex 38.089 0 3.77059
    endloop
  endfacet
  facet normal 0.195233 0 0.980757
    outer loop
      vertex 38.4426 1 3.41704
      vertex 38.5067 0 3.40428
      vertex 38.5067 1 3.40428
    endloop
  endfacet
  facet normal 0.195233 0 0.980757
    outer loop
      vertex 38.5067 0 3.40428
      vertex 38.4426 1 3.41704
      vertex 38.4426 0 3.41704
    endloop
  endfacet
  facet normal -0.997836 0 -0.0657477
    outer loop
      vertex 39.072 0 3.9
      vertex 39.0677 1 3.96526
      vertex 39.072 1 3.9
    endloop
  endfacet
  facet normal -0.997836 -0 -0.0657477
    outer loop
      vertex 39.0677 1 3.96526
      vertex 39.072 0 3.9
      vertex 39.0677 0 3.96526
    endloop
  endfacet
  facet normal -0.55537 0 -0.831603
    outer loop
      vertex 38.822 0 4.33301
      vertex 38.8764 1 4.29668
      vertex 38.8764 0 4.29668
    endloop
  endfacet
  facet normal -0.55537 0 -0.831603
    outer loop
      vertex 38.8764 1 4.29668
      vertex 38.822 0 4.33301
      vertex 38.822 1 4.33301
    endloop
  endfacet
  facet normal -0.751998 0 -0.659165
    outer loop
      vertex 38.9687 0 4.20438
      vertex 38.9256 1 4.25355
      vertex 38.9687 1 4.20438
    endloop
  endfacet
  facet normal -0.751998 -0 -0.659165
    outer loop
      vertex 38.9256 1 4.25355
      vertex 38.9687 0 4.20438
      vertex 38.9256 0 4.25355
    endloop
  endfacet
  facet normal 0.659197 0 -0.75197
    outer loop
      vertex 38.2184 0 4.25355
      vertex 38.2676 1 4.29668
      vertex 38.2676 0 4.29668
    endloop
  endfacet
  facet normal 0.659197 0 -0.75197
    outer loop
      vertex 38.2676 1 4.29668
      vertex 38.2184 0 4.25355
      vertex 38.2184 1 4.25355
    endloop
  endfacet
  facet normal 0.897042 0 -0.441945
    outer loop
      vertex 38.139 0 4.15
      vertex 38.1101 1 4.09134
      vertex 38.139 1 4.15
    endloop
  endfacet
  facet normal 0.897042 0 -0.441945
    outer loop
      vertex 38.1101 1 4.09134
      vertex 38.139 0 4.15
      vertex 38.1101 0 4.09134
    endloop
  endfacet
  facet normal 0.831721 0 -0.555194
    outer loop
      vertex 38.1753 0 4.20438
      vertex 38.139 1 4.15
      vertex 38.1753 1 4.20438
    endloop
  endfacet
  facet normal 0.831721 0 -0.555194
    outer loop
      vertex 38.139 1 4.15
      vertex 38.1753 0 4.20438
      vertex 38.139 0 4.15
    endloop
  endfacet
  facet normal -0.897042 0 -0.441945
    outer loop
      vertex 39.0339 0 4.09134
      vertex 39.005 1 4.15
      vertex 39.0339 1 4.09134
    endloop
  endfacet
  facet normal -0.897042 -0 -0.441945
    outer loop
      vertex 39.005 1 4.15
      vertex 39.0339 0 4.09134
      vertex 39.005 0 4.15
    endloop
  endfacet
  facet normal -0.946569 0 -0.322503
    outer loop
      vertex 39.055 0 4.02941
      vertex 39.0339 1 4.09134
      vertex 39.055 1 4.02941
    endloop
  endfacet
  facet normal -0.946569 -0 -0.322503
    outer loop
      vertex 39.0339 1 4.09134
      vertex 39.055 0 4.02941
      vertex 39.0339 0 4.09134
    endloop
  endfacet
  facet normal 0.751998 0 -0.659165
    outer loop
      vertex 38.2184 0 4.25355
      vertex 38.1753 1 4.20438
      vertex 38.2184 1 4.25355
    endloop
  endfacet
  facet normal 0.751998 0 -0.659165
    outer loop
      vertex 38.1753 1 4.20438
      vertex 38.2184 0 4.25355
      vertex 38.1753 0 4.20438
    endloop
  endfacet
  facet normal 0.980961 0 -0.194204
    outer loop
      vertex 38.089 0 4.02941
      vertex 38.0763 1 3.96526
      vertex 38.089 1 4.02941
    endloop
  endfacet
  facet normal 0.980961 0 -0.194204
    outer loop
      vertex 38.0763 1 3.96526
      vertex 38.089 0 4.02941
      vertex 38.0763 0 3.96526
    endloop
  endfacet
  facet normal 0.997836 0 -0.0657477
    outer loop
      vertex 38.0763 0 3.96526
      vertex 38.072 1 3.9
      vertex 38.0763 1 3.96526
    endloop
  endfacet
  facet normal 0.997836 0 -0.0657477
    outer loop
      vertex 38.072 1 3.9
      vertex 38.0763 0 3.96526
      vertex 38.072 0 3.9
    endloop
  endfacet
  facet normal 0.946569 0 -0.322503
    outer loop
      vertex 38.1101 0 4.09134
      vertex 38.089 1 4.02941
      vertex 38.1101 1 4.09134
    endloop
  endfacet
  facet normal 0.946569 0 -0.322503
    outer loop
      vertex 38.089 1 4.02941
      vertex 38.1101 0 4.09134
      vertex 38.089 0 4.02941
    endloop
  endfacet
  facet normal -0.321546 0 -0.946894
    outer loop
      vertex 38.7014 0 4.38296
      vertex 38.7633 1 4.36194
      vertex 38.7633 0 4.36194
    endloop
  endfacet
  facet normal -0.321546 0 -0.946894
    outer loop
      vertex 38.7633 1 4.36194
      vertex 38.7014 0 4.38296
      vertex 38.7014 1 4.38296
    endloop
  endfacet
  facet normal -0.659197 0 -0.75197
    outer loop
      vertex 38.8764 0 4.29668
      vertex 38.9256 1 4.25355
      vertex 38.9256 0 4.25355
    endloop
  endfacet
  facet normal -0.659197 0 -0.75197
    outer loop
      vertex 38.9256 1 4.25355
      vertex 38.8764 0 4.29668
      vertex 38.8764 1 4.29668
    endloop
  endfacet
  facet normal 0.0654033 0 -0.997859
    outer loop
      vertex 38.5067 0 4.39572
      vertex 38.572 1 4.4
      vertex 38.572 0 4.4
    endloop
  endfacet
  facet normal 0.0654033 0 -0.997859
    outer loop
      vertex 38.572 1 4.4
      vertex 38.5067 0 4.39572
      vertex 38.5067 1 4.39572
    endloop
  endfacet
  facet normal 0.55537 0 -0.831603
    outer loop
      vertex 38.2676 0 4.29668
      vertex 38.322 1 4.33301
      vertex 38.322 0 4.33301
    endloop
  endfacet
  facet normal 0.55537 0 -0.831603
    outer loop
      vertex 38.322 1 4.33301
      vertex 38.2676 0 4.29668
      vertex 38.2676 1 4.29668
    endloop
  endfacet
  facet normal 0.442072 0 -0.89698
    outer loop
      vertex 38.322 0 4.33301
      vertex 38.3807 1 4.36194
      vertex 38.3807 0 4.36194
    endloop
  endfacet
  facet normal 0.442072 0 -0.89698
    outer loop
      vertex 38.3807 1 4.36194
      vertex 38.322 0 4.33301
      vertex 38.322 1 4.33301
    endloop
  endfacet
  facet normal 0.195233 0 -0.980757
    outer loop
      vertex 38.4426 0 4.38296
      vertex 38.5067 1 4.39572
      vertex 38.5067 0 4.39572
    endloop
  endfacet
  facet normal 0.195233 0 -0.980757
    outer loop
      vertex 38.5067 1 4.39572
      vertex 38.4426 0 4.38296
      vertex 38.4426 1 4.38296
    endloop
  endfacet
  facet normal 0.321546 0 -0.946894
    outer loop
      vertex 38.3807 0 4.36194
      vertex 38.4426 1 4.38296
      vertex 38.4426 0 4.38296
    endloop
  endfacet
  facet normal 0.321546 0 -0.946894
    outer loop
      vertex 38.4426 1 4.38296
      vertex 38.3807 0 4.36194
      vertex 38.3807 1 4.36194
    endloop
  endfacet
  facet normal -0.997836 0 0.0657477
    outer loop
      vertex 41.0677 1.07124 3.83474
      vertex 41.072 0.054682 3.9
      vertex 41.072 1.07209 3.9
    endloop
  endfacet
  facet normal -0.997836 0 0.0657477
    outer loop
      vertex 41.072 0.054682 3.9
      vertex 41.0677 1.07124 3.83474
      vertex 41.0677 0.0538312 3.83474
    endloop
  endfacet
  facet normal 0.997836 -0 0.0657477
    outer loop
      vertex 40.072 0 3.9
      vertex 40.0763 1 3.83474
      vertex 40.072 1 3.9
    endloop
  endfacet
  facet normal 0.997836 0 0.0657477
    outer loop
      vertex 40.0763 1 3.83474
      vertex 40.072 0 3.9
      vertex 40.0763 0 3.83474
    endloop
  endfacet
  facet normal 0.0654033 0 0.997859
    outer loop
      vertex 40.5067 1.01539 3.40428
      vertex 40.572 0.0196633 3.4
      vertex 40.572 1.01966 3.4
    endloop
  endfacet
  facet normal 0.0654033 0 0.997859
    outer loop
      vertex 40.572 0.0196633 3.4
      vertex 40.5067 1.01539 3.40428
      vertex 40.5067 0.0153857 3.40428
    endloop
  endfacet
  facet normal -0.0654033 -0 -0.997859
    outer loop
      vertex 40.572 1.01966 4.4
      vertex 40.6373 0.0239409 4.39572
      vertex 40.572 0.0196633 4.4
    endloop
  endfacet
  facet normal -0.0654033 0 -0.997859
    outer loop
      vertex 40.6373 0.0239409 4.39572
      vertex 40.572 1.01966 4.4
      vertex 40.6373 1.02394 4.39572
    endloop
  endfacet
  facet normal -0.629422 0 0.777064
    outer loop
      vertex 40.9246 1.04278 3.54564
      vertex 40.9256 0.0428368 3.54645
      vertex 40.9256 1.04296 3.54645
    endloop
  endfacet
  facet normal -0.659782 -5.11049e-05 0.751457
    outer loop
      vertex 40.8764 1.03961 3.50332
      vertex 40.9256 0.0428368 3.54645
      vertex 40.9246 1.04278 3.54564
    endloop
  endfacet
  facet normal -0.659197 0 0.75197
    outer loop
      vertex 40.9256 0.0428368 3.54645
      vertex 40.8764 1.03961 3.50332
      vertex 40.8764 0.0396138 3.50332
    endloop
  endfacet
  facet normal 0.659197 0 0.75197
    outer loop
      vertex 40.2184 1 3.54645
      vertex 40.2676 0 3.50332
      vertex 40.2676 1 3.50332
    endloop
  endfacet
  facet normal 0.659197 0 0.75197
    outer loop
      vertex 40.2676 0 3.50332
      vertex 40.2184 1 3.54645
      vertex 40.2184 0 3.54645
    endloop
  endfacet
  facet normal 0.442072 0 0.89698
    outer loop
      vertex 40.322 1.00328 3.46699
      vertex 40.3807 0.00712198 3.43806
      vertex 40.3807 1.00712 3.43806
    endloop
  endfacet
  facet normal 0.442072 0 0.89698
    outer loop
      vertex 40.3807 0.00712198 3.43806
      vertex 40.322 1.00328 3.46699
      vertex 40.322 0.00327723 3.46699
    endloop
  endfacet
  facet normal -0.831721 0 -0.555194
    outer loop
      vertex 41.005 0.0480449 4.15
      vertex 40.9687 1.05154 4.20438
      vertex 41.005 1.05876 4.15
    endloop
  endfacet
  facet normal -0.831721 -0 -0.555194
    outer loop
      vertex 40.9687 1.05154 4.20438
      vertex 41.005 0.0480449 4.15
      vertex 40.9687 0.0456633 4.20438
    endloop
  endfacet
  facet normal -0.897042 0 0.441945
    outer loop
      vertex 41.005 1.05876 3.65
      vertex 41.0339 0.0499409 3.70866
      vertex 41.0339 1.06452 3.70866
    endloop
  endfacet
  facet normal -0.897042 0 0.441945
    outer loop
      vertex 41.0339 0.0499409 3.70866
      vertex 41.005 1.05876 3.65
      vertex 41.005 0.0480449 3.65
    endloop
  endfacet
  facet normal -0.321546 0 0.946894
    outer loop
      vertex 40.7014 1.02814 3.41704
      vertex 40.7633 0.0322047 3.43806
      vertex 40.7633 1.0322 3.43806
    endloop
  endfacet
  facet normal -0.321546 0 0.946894
    outer loop
      vertex 40.7633 0.0322047 3.43806
      vertex 40.7014 1.02814 3.41704
      vertex 40.7014 0.0281454 3.41704
    endloop
  endfacet
  facet normal -0.195233 0 0.980757
    outer loop
      vertex 40.6373 1.02394 3.40428
      vertex 40.7014 0.0281454 3.41704
      vertex 40.7014 1.02814 3.41704
    endloop
  endfacet
  facet normal -0.195233 0 0.980757
    outer loop
      vertex 40.7014 0.0281454 3.41704
      vertex 40.6373 1.02394 3.40428
      vertex 40.6373 0.0239409 3.40428
    endloop
  endfacet
  facet normal -0.55537 0 0.831603
    outer loop
      vertex 40.822 1.03605 3.46699
      vertex 40.8764 0.0396138 3.50332
      vertex 40.8764 1.03961 3.50332
    endloop
  endfacet
  facet normal -0.55537 0 0.831603
    outer loop
      vertex 40.8764 0.0396138 3.50332
      vertex 40.822 1.03605 3.46699
      vertex 40.822 0.0360494 3.46699
    endloop
  endfacet
  facet normal 0.897042 -0 0.441945
    outer loop
      vertex 40.1101 0 3.70866
      vertex 40.139 1 3.65
      vertex 40.1101 1 3.70866
    endloop
  endfacet
  facet normal 0.897042 0 0.441945
    outer loop
      vertex 40.139 1 3.65
      vertex 40.1101 0 3.70866
      vertex 40.139 0 3.65
    endloop
  endfacet
  facet normal 0.555583 0 0.831461
    outer loop
      vertex 40.272 1 3.5004
      vertex 40.322 0.00327723 3.46699
      vertex 40.322 1.00328 3.46699
    endloop
  endfacet
  facet normal 0.552951 -0.000190749 0.833214
    outer loop
      vertex 40.2676 1 3.50332
      vertex 40.322 0.00327723 3.46699
      vertex 40.272 1 3.5004
    endloop
  endfacet
  facet normal 0.55537 -0 0.831603
    outer loop
      vertex 40.2676 0 3.50332
      vertex 40.322 0.00327723 3.46699
      vertex 40.2676 1 3.50332
    endloop
  endfacet
  facet normal 0.552023 0.0579163 0.831815
    outer loop
      vertex 40.322 0.00327723 3.46699
      vertex 40.2676 0 3.50332
      vertex 40.272 0 3.5004
    endloop
  endfacet
  facet normal 0.321546 0 0.946894
    outer loop
      vertex 40.3807 1.00712 3.43806
      vertex 40.4426 0.0111812 3.41704
      vertex 40.4426 1.01118 3.41704
    endloop
  endfacet
  facet normal 0.321546 0 0.946894
    outer loop
      vertex 40.4426 0.0111812 3.41704
      vertex 40.3807 1.00712 3.43806
      vertex 40.3807 0.00712198 3.43806
    endloop
  endfacet
  facet normal -0.980961 0 -0.194204
    outer loop
      vertex 41.0677 0.0538312 3.96526
      vertex 41.055 1.0687 4.02941
      vertex 41.0677 1.07124 3.96526
    endloop
  endfacet
  facet normal -0.980985 -7.79846e-06 -0.194086
    outer loop
      vertex 41.0552 0.0513315 4.02844
      vertex 41.055 1.0687 4.02941
      vertex 41.0677 0.0538312 3.96526
    endloop
  endfacet
  facet normal -0.979398 -0 -0.201938
    outer loop
      vertex 41.055 1.0687 4.02941
      vertex 41.0552 0.0513315 4.02844
      vertex 41.055 0.0513188 4.02941
    endloop
  endfacet
  facet normal -0.195233 -0 -0.980757
    outer loop
      vertex 40.6373 1.02394 4.39572
      vertex 40.7014 0.0281454 4.38296
      vertex 40.6373 0.0239409 4.39572
    endloop
  endfacet
  facet normal -0.195233 0 -0.980757
    outer loop
      vertex 40.7014 0.0281454 4.38296
      vertex 40.6373 1.02394 4.39572
      vertex 40.7014 1.02814 4.38296
    endloop
  endfacet
  facet normal -0.946569 0 0.322503
    outer loop
      vertex 41.0339 1.06452 3.70866
      vertex 41.055 0.0513188 3.77059
      vertex 41.055 1.0687 3.77059
    endloop
  endfacet
  facet normal -0.946569 0 0.322503
    outer loop
      vertex 41.055 0.0513188 3.77059
      vertex 41.0339 1.06452 3.70866
      vertex 41.0339 0.0499409 3.70866
    endloop
  endfacet
  facet normal -0.980961 0 0.194204
    outer loop
      vertex 41.055 1.0687 3.77059
      vertex 41.0677 0.0538312 3.83474
      vertex 41.0677 1.07124 3.83474
    endloop
  endfacet
  facet normal -0.980985 -7.79846e-06 0.194086
    outer loop
      vertex 41.055 1.0687 3.77059
      vertex 41.0552 0.0513315 3.77156
      vertex 41.0677 0.0538312 3.83474
    endloop
  endfacet
  facet normal -0.979398 0 0.201938
    outer loop
      vertex 41.0552 0.0513315 3.77156
      vertex 41.055 1.0687 3.77059
      vertex 41.055 0.0513188 3.77059
    endloop
  endfacet
  facet normal -0.751998 0 0.659165
    outer loop
      vertex 40.9256 1.04296 3.54645
      vertex 40.9687 0.0456633 3.59562
      vertex 40.9687 1.05154 3.59562
    endloop
  endfacet
  facet normal -0.751998 0 0.659165
    outer loop
      vertex 40.9687 0.0456633 3.59562
      vertex 40.9256 1.04296 3.54645
      vertex 40.9256 0.0428368 3.54645
    endloop
  endfacet
  facet normal -0.831721 0 0.555194
    outer loop
      vertex 40.9687 1.05154 3.59562
      vertex 41.005 0.0480449 3.65
      vertex 41.005 1.05876 3.65
    endloop
  endfacet
  facet normal -0.831721 0 0.555194
    outer loop
      vertex 41.005 0.0480449 3.65
      vertex 40.9687 1.05154 3.59562
      vertex 40.9687 0.0456633 3.59562
    endloop
  endfacet
  facet normal -0.0654033 0 0.997859
    outer loop
      vertex 40.572 1.01966 3.4
      vertex 40.6373 0.0239409 3.40428
      vertex 40.6373 1.02394 3.40428
    endloop
  endfacet
  facet normal -0.0654033 0 0.997859
    outer loop
      vertex 40.6373 0.0239409 3.40428
      vertex 40.572 1.01966 3.4
      vertex 40.572 0.0196633 3.4
    endloop
  endfacet
  facet normal -0.442072 0 0.89698
    outer loop
      vertex 40.7633 1.0322 3.43806
      vertex 40.822 0.0360494 3.46699
      vertex 40.822 1.03605 3.46699
    endloop
  endfacet
  facet normal -0.442072 0 0.89698
    outer loop
      vertex 40.822 0.0360494 3.46699
      vertex 40.7633 1.0322 3.43806
      vertex 40.7633 0.0322047 3.43806
    endloop
  endfacet
  facet normal 0.831721 -0 0.555194
    outer loop
      vertex 40.139 0 3.65
      vertex 40.1753 1 3.59562
      vertex 40.139 1 3.65
    endloop
  endfacet
  facet normal 0.831721 0 0.555194
    outer loop
      vertex 40.1753 1 3.59562
      vertex 40.139 0 3.65
      vertex 40.1753 0 3.59562
    endloop
  endfacet
  facet normal 0.751998 -0 0.659165
    outer loop
      vertex 40.1753 0 3.59562
      vertex 40.2184 1 3.54645
      vertex 40.1753 1 3.59562
    endloop
  endfacet
  facet normal 0.751998 0 0.659165
    outer loop
      vertex 40.2184 1 3.54645
      vertex 40.1753 0 3.59562
      vertex 40.2184 0 3.54645
    endloop
  endfacet
  facet normal 0.946569 -0 0.322503
    outer loop
      vertex 40.089 0 3.77059
      vertex 40.1101 1 3.70866
      vertex 40.089 1 3.77059
    endloop
  endfacet
  facet normal 0.946569 0 0.322503
    outer loop
      vertex 40.1101 1 3.70866
      vertex 40.089 0 3.77059
      vertex 40.1101 0 3.70866
    endloop
  endfacet
  facet normal 0.980961 -0 0.194204
    outer loop
      vertex 40.0763 0 3.83474
      vertex 40.089 1 3.77059
      vertex 40.0763 1 3.83474
    endloop
  endfacet
  facet normal 0.980961 0 0.194204
    outer loop
      vertex 40.089 1 3.77059
      vertex 40.0763 0 3.83474
      vertex 40.089 0 3.77059
    endloop
  endfacet
  facet normal 0.195233 0 0.980757
    outer loop
      vertex 40.4426 1.01118 3.41704
      vertex 40.5067 0.0153857 3.40428
      vertex 40.5067 1.01539 3.40428
    endloop
  endfacet
  facet normal 0.195233 0 0.980757
    outer loop
      vertex 40.5067 0.0153857 3.40428
      vertex 40.4426 1.01118 3.41704
      vertex 40.4426 0.0111812 3.41704
    endloop
  endfacet
  facet normal -0.997836 0 -0.0657477
    outer loop
      vertex 41.072 0.054682 3.9
      vertex 41.0677 1.07124 3.96526
      vertex 41.072 1.07209 3.9
    endloop
  endfacet
  facet normal -0.997836 -0 -0.0657477
    outer loop
      vertex 41.0677 1.07124 3.96526
      vertex 41.072 0.054682 3.9
      vertex 41.0677 0.0538312 3.96526
    endloop
  endfacet
  facet normal -0.751998 0 -0.659165
    outer loop
      vertex 40.9687 0.0456633 4.20438
      vertex 40.9256 1.04296 4.25355
      vertex 40.9687 1.05154 4.20438
    endloop
  endfacet
  facet normal -0.751998 -0 -0.659165
    outer loop
      vertex 40.9256 1.04296 4.25355
      vertex 40.9687 0.0456633 4.20438
      vertex 40.9256 0.0428368 4.25355
    endloop
  endfacet
  facet normal 0.659197 0 -0.75197
    outer loop
      vertex 40.2184 0 4.25355
      vertex 40.2676 1 4.29668
      vertex 40.2676 0 4.29668
    endloop
  endfacet
  facet normal 0.659197 0 -0.75197
    outer loop
      vertex 40.2676 1 4.29668
      vertex 40.2184 0 4.25355
      vertex 40.2184 1 4.25355
    endloop
  endfacet
  facet normal 0.897042 0 -0.441945
    outer loop
      vertex 40.139 0 4.15
      vertex 40.1101 1 4.09134
      vertex 40.139 1 4.15
    endloop
  endfacet
  facet normal 0.897042 0 -0.441945
    outer loop
      vertex 40.1101 1 4.09134
      vertex 40.139 0 4.15
      vertex 40.1101 0 4.09134
    endloop
  endfacet
  facet normal 0.831721 0 -0.555194
    outer loop
      vertex 40.1753 0 4.20438
      vertex 40.139 1 4.15
      vertex 40.1753 1 4.20438
    endloop
  endfacet
  facet normal 0.831721 0 -0.555194
    outer loop
      vertex 40.139 1 4.15
      vertex 40.1753 0 4.20438
      vertex 40.139 0 4.15
    endloop
  endfacet
  facet normal 0.997836 0 -0.0657477
    outer loop
      vertex 40.0763 0 3.96526
      vertex 40.072 1 3.9
      vertex 40.0763 1 3.96526
    endloop
  endfacet
  facet normal 0.997836 0 -0.0657477
    outer loop
      vertex 40.072 1 3.9
      vertex 40.0763 0 3.96526
      vertex 40.072 0 3.9
    endloop
  endfacet
  facet normal -0.897042 0 -0.441945
    outer loop
      vertex 41.0339 0.0499409 4.09134
      vertex 41.005 1.05876 4.15
      vertex 41.0339 1.06452 4.09134
    endloop
  endfacet
  facet normal -0.897042 -0 -0.441945
    outer loop
      vertex 41.005 1.05876 4.15
      vertex 41.0339 0.0499409 4.09134
      vertex 41.005 0.0480449 4.15
    endloop
  endfacet
  facet normal -0.946569 0 -0.322503
    outer loop
      vertex 41.055 0.0513188 4.02941
      vertex 41.0339 1.06452 4.09134
      vertex 41.055 1.0687 4.02941
    endloop
  endfacet
  facet normal -0.946569 -0 -0.322503
    outer loop
      vertex 41.0339 1.06452 4.09134
      vertex 41.055 0.0513188 4.02941
      vertex 41.0339 0.0499409 4.09134
    endloop
  endfacet
  facet normal 0.751998 0 -0.659165
    outer loop
      vertex 40.2184 0 4.25355
      vertex 40.1753 1 4.20438
      vertex 40.2184 1 4.25355
    endloop
  endfacet
  facet normal 0.751998 0 -0.659165
    outer loop
      vertex 40.1753 1 4.20438
      vertex 40.2184 0 4.25355
      vertex 40.1753 0 4.20438
    endloop
  endfacet
  facet normal 0.980961 0 -0.194204
    outer loop
      vertex 40.089 0 4.02941
      vertex 40.0763 1 3.96526
      vertex 40.089 1 4.02941
    endloop
  endfacet
  facet normal 0.980961 0 -0.194204
    outer loop
      vertex 40.0763 1 3.96526
      vertex 40.089 0 4.02941
      vertex 40.0763 0 3.96526
    endloop
  endfacet
  facet normal 0.946569 0 -0.322503
    outer loop
      vertex 40.1101 0 4.09134
      vertex 40.089 1 4.02941
      vertex 40.1101 1 4.09134
    endloop
  endfacet
  facet normal 0.946569 0 -0.322503
    outer loop
      vertex 40.089 1 4.02941
      vertex 40.1101 0 4.09134
      vertex 40.089 0 4.02941
    endloop
  endfacet
  facet normal -0.442072 -0 -0.89698
    outer loop
      vertex 40.7633 1.0322 4.36194
      vertex 40.822 0.0360494 4.33301
      vertex 40.7633 0.0322047 4.36194
    endloop
  endfacet
  facet normal -0.442072 0 -0.89698
    outer loop
      vertex 40.822 0.0360494 4.33301
      vertex 40.7633 1.0322 4.36194
      vertex 40.822 1.03605 4.33301
    endloop
  endfacet
  facet normal -0.321546 -0 -0.946894
    outer loop
      vertex 40.7014 1.02814 4.38296
      vertex 40.7633 0.0322047 4.36194
      vertex 40.7014 0.0281454 4.38296
    endloop
  endfacet
  facet normal -0.321546 0 -0.946894
    outer loop
      vertex 40.7633 0.0322047 4.36194
      vertex 40.7014 1.02814 4.38296
      vertex 40.7633 1.0322 4.36194
    endloop
  endfacet
  facet normal -0.629422 0 -0.777064
    outer loop
      vertex 40.9256 0.0428368 4.25355
      vertex 40.9246 1.04278 4.25436
      vertex 40.9256 1.04296 4.25355
    endloop
  endfacet
  facet normal -0.659197 -0 -0.75197
    outer loop
      vertex 40.8764 1.03961 4.29668
      vertex 40.9256 0.0428368 4.25355
      vertex 40.8764 0.0396138 4.29668
    endloop
  endfacet
  facet normal -0.659782 -5.11049e-05 -0.751457
    outer loop
      vertex 40.9256 0.0428368 4.25355
      vertex 40.8764 1.03961 4.29668
      vertex 40.9246 1.04278 4.25436
    endloop
  endfacet
  facet normal -0.55537 -0 -0.831603
    outer loop
      vertex 40.822 1.03605 4.33301
      vertex 40.8764 0.0396138 4.29668
      vertex 40.822 0.0360494 4.33301
    endloop
  endfacet
  facet normal -0.55537 0 -0.831603
    outer loop
      vertex 40.8764 0.0396138 4.29668
      vertex 40.822 1.03605 4.33301
      vertex 40.8764 1.03961 4.29668
    endloop
  endfacet
  facet normal 0.0654033 0 -0.997859
    outer loop
      vertex 40.5067 1.01539 4.39572
      vertex 40.572 0.0196633 4.4
      vertex 40.5067 0.0153857 4.39572
    endloop
  endfacet
  facet normal 0.0654033 0 -0.997859
    outer loop
      vertex 40.572 0.0196633 4.4
      vertex 40.5067 1.01539 4.39572
      vertex 40.572 1.01966 4.4
    endloop
  endfacet
  facet normal 0.552023 0.0579163 -0.831815
    outer loop
      vertex 40.2676 0 4.29668
      vertex 40.322 0.00327723 4.33301
      vertex 40.272 0 4.2996
    endloop
  endfacet
  facet normal 0.555583 0 -0.831461
    outer loop
      vertex 40.322 0.00327723 4.33301
      vertex 40.272 1 4.2996
      vertex 40.322 1.00328 4.33301
    endloop
  endfacet
  facet normal 0.55537 0 -0.831603
    outer loop
      vertex 40.2676 1 4.29668
      vertex 40.322 0.00327723 4.33301
      vertex 40.2676 0 4.29668
    endloop
  endfacet
  facet normal 0.552951 -0.000190749 -0.833214
    outer loop
      vertex 40.322 0.00327723 4.33301
      vertex 40.2676 1 4.29668
      vertex 40.272 1 4.2996
    endloop
  endfacet
  facet normal 0.442072 0 -0.89698
    outer loop
      vertex 40.322 1.00328 4.33301
      vertex 40.3807 0.00712198 4.36194
      vertex 40.322 0.00327723 4.33301
    endloop
  endfacet
  facet normal 0.442072 0 -0.89698
    outer loop
      vertex 40.3807 0.00712198 4.36194
      vertex 40.322 1.00328 4.33301
      vertex 40.3807 1.00712 4.36194
    endloop
  endfacet
  facet normal 0.195233 0 -0.980757
    outer loop
      vertex 40.4426 1.01118 4.38296
      vertex 40.5067 0.0153857 4.39572
      vertex 40.4426 0.0111812 4.38296
    endloop
  endfacet
  facet normal 0.195233 0 -0.980757
    outer loop
      vertex 40.5067 0.0153857 4.39572
      vertex 40.4426 1.01118 4.38296
      vertex 40.5067 1.01539 4.39572
    endloop
  endfacet
  facet normal 0.321546 0 -0.946894
    outer loop
      vertex 40.3807 1.00712 4.36194
      vertex 40.4426 0.0111812 4.38296
      vertex 40.3807 0.00712198 4.36194
    endloop
  endfacet
  facet normal 0.321546 0 -0.946894
    outer loop
      vertex 40.4426 0.0111812 4.38296
      vertex 40.3807 1.00712 4.36194
      vertex 40.4426 1.01118 4.38296
    endloop
  endfacet
  facet normal -0.997836 0 0.0657477
    outer loop
      vertex 43.0677 1.2 3.83474
      vertex 43.072 0.705219 3.9
      vertex 43.072 1.2 3.9
    endloop
  endfacet
  facet normal -0.997836 0 0.0657477
    outer loop
      vertex 43.072 0.705219 3.9
      vertex 43.0677 1.2 3.83474
      vertex 43.0677 0.70311 3.83474
    endloop
  endfacet
  facet normal 0.997836 0 0.0657477
    outer loop
      vertex 42.072 1.2 3.9
      vertex 42.0763 0.289772 3.83474
      vertex 42.0763 1.2 3.83474
    endloop
  endfacet
  facet normal 0.997836 0 0.0657477
    outer loop
      vertex 42.0763 0.289772 3.83474
      vertex 42.072 1.2 3.9
      vertex 42.072 0.28832 3.9
    endloop
  endfacet
  facet normal 0.0654033 0 0.997859
    outer loop
      vertex 42.5067 1.2 3.40428
      vertex 42.572 0.458647 3.4
      vertex 42.572 1.2 3.4
    endloop
  endfacet
  facet normal 0.0654033 -0 0.997859
    outer loop
      vertex 42.5067 0.435894 3.40428
      vertex 42.572 0.458647 3.4
      vertex 42.5067 1.2 3.40428
    endloop
  endfacet
  facet normal 0.0627174 0.00773508 0.998001
    outer loop
      vertex 42.572 0.458647 3.4
      vertex 42.5067 0.435894 3.40428
      vertex 42.5681 0.456723 3.40026
    endloop
  endfacet
  facet normal -0.0654033 -0 -0.997859
    outer loop
      vertex 42.572 1.2 4.4
      vertex 42.6373 0.490831 4.39572
      vertex 42.572 0.458647 4.4
    endloop
  endfacet
  facet normal -0.0654033 0 -0.997859
    outer loop
      vertex 42.6373 0.490831 4.39572
      vertex 42.572 1.2 4.4
      vertex 42.6373 1.2 4.39572
    endloop
  endfacet
  facet normal -0.659197 0 0.75197
    outer loop
      vertex 42.8764 1.2 3.50332
      vertex 42.9256 0.633 3.54645
      vertex 42.9256 1.2 3.54645
    endloop
  endfacet
  facet normal -0.659197 0 0.75197
    outer loop
      vertex 42.9256 0.633 3.54645
      vertex 42.8764 1.2 3.50332
      vertex 42.8764 0.60875 3.50332
    endloop
  endfacet
  facet normal 0.659197 0 0.75197
    outer loop
      vertex 42.2184 1.2 3.54645
      vertex 42.2676 0.354724 3.50332
      vertex 42.2676 1.2 3.50332
    endloop
  endfacet
  facet normal 0.659197 0 0.75197
    outer loop
      vertex 42.2676 0.354724 3.50332
      vertex 42.2184 1.2 3.54645
      vertex 42.2184 0.338032 3.54645
    endloop
  endfacet
  facet normal 0.442072 0 0.89698
    outer loop
      vertex 42.322 1.2 3.46699
      vertex 42.3807 0.393096 3.43806
      vertex 42.3807 1.2 3.43806
    endloop
  endfacet
  facet normal 0.442072 0 0.89698
    outer loop
      vertex 42.3807 0.393096 3.43806
      vertex 42.322 1.2 3.46699
      vertex 42.322 0.373184 3.46699
    endloop
  endfacet
  facet normal -0.831721 0 -0.555194
    outer loop
      vertex 43.005 0.672185 4.15
      vertex 42.9687 1.2 4.20438
      vertex 43.005 1.2 4.15
    endloop
  endfacet
  facet normal -0.831721 -0 -0.555194
    outer loop
      vertex 42.9687 1.2 4.20438
      vertex 43.005 0.672185 4.15
      vertex 42.9687 0.654266 4.20438
    endloop
  endfacet
  facet normal -0.897042 0 0.441945
    outer loop
      vertex 43.005 1.2 3.65
      vertex 43.0339 0.68645 3.70866
      vertex 43.0339 1.2 3.70866
    endloop
  endfacet
  facet normal -0.897042 0 0.441945
    outer loop
      vertex 43.0339 0.68645 3.70866
      vertex 43.005 1.2 3.65
      vertex 43.005 0.672185 3.65
    endloop
  endfacet
  facet normal -0.321546 0 0.946894
    outer loop
      vertex 42.7014 1.2 3.41704
      vertex 42.7633 0.553006 3.43806
      vertex 42.7633 1.2 3.43806
    endloop
  endfacet
  facet normal -0.321546 0 0.946894
    outer loop
      vertex 42.7633 0.553006 3.43806
      vertex 42.7014 1.2 3.41704
      vertex 42.7014 0.522465 3.41704
    endloop
  endfacet
  facet normal -0.195233 0 0.980757
    outer loop
      vertex 42.6373 1.2 3.40428
      vertex 42.7014 0.522465 3.41704
      vertex 42.7014 1.2 3.41704
    endloop
  endfacet
  facet normal -0.195233 0 0.980757
    outer loop
      vertex 42.7014 0.522465 3.41704
      vertex 42.6373 1.2 3.40428
      vertex 42.6373 0.490831 3.40428
    endloop
  endfacet
  facet normal -0.55537 0 0.831603
    outer loop
      vertex 42.822 1.2 3.46699
      vertex 42.8764 0.60875 3.50332
      vertex 42.8764 1.2 3.50332
    endloop
  endfacet
  facet normal -0.55537 0 0.831603
    outer loop
      vertex 42.8764 0.60875 3.50332
      vertex 42.822 1.2 3.46699
      vertex 42.822 0.581933 3.46699
    endloop
  endfacet
  facet normal 0.897042 0 0.441945
    outer loop
      vertex 42.1101 1.2 3.70866
      vertex 42.139 0.311059 3.65
      vertex 42.139 1.2 3.65
    endloop
  endfacet
  facet normal 0.897042 0 0.441945
    outer loop
      vertex 42.139 0.311059 3.65
      vertex 42.1101 1.2 3.70866
      vertex 42.1101 0.30124 3.70866
    endloop
  endfacet
  facet normal 0 -1 0
    outer loop
      vertex 42.5067 1.2 4.39572
      vertex 42.6373 1.2 4.39572
      vertex 42.572 1.2 4.4
    endloop
  endfacet
  facet normal 0 -1 0
    outer loop
      vertex 42.4426 1.2 4.38296
      vertex 42.6373 1.2 4.39572
      vertex 42.5067 1.2 4.39572
    endloop
  endfacet
  facet normal 0 -1 0
    outer loop
      vertex 42.4426 1.2 4.38296
      vertex 42.7014 1.2 4.38296
      vertex 42.6373 1.2 4.39572
    endloop
  endfacet
  facet normal 0 -1 0
    outer loop
      vertex 42.3807 1.2 4.36194
      vertex 42.7014 1.2 4.38296
      vertex 42.4426 1.2 4.38296
    endloop
  endfacet
  facet normal 0 -1 0
    outer loop
      vertex 42.3807 1.2 4.36194
      vertex 42.7633 1.2 4.36194
      vertex 42.7014 1.2 4.38296
    endloop
  endfacet
  facet normal 0 -1 0
    outer loop
      vertex 42.322 1.2 4.33301
      vertex 42.7633 1.2 4.36194
      vertex 42.3807 1.2 4.36194
    endloop
  endfacet
  facet normal 0 -1 0
    outer loop
      vertex 42.322 1.2 4.33301
      vertex 42.822 1.2 4.33301
      vertex 42.7633 1.2 4.36194
    endloop
  endfacet
  facet normal 0 -1 0
    outer loop
      vertex 42.2676 1.2 4.29668
      vertex 42.822 1.2 4.33301
      vertex 42.322 1.2 4.33301
    endloop
  endfacet
  facet normal 0 -1 0
    outer loop
      vertex 42.2676 1.2 4.29668
      vertex 42.8764 1.2 4.29668
      vertex 42.822 1.2 4.33301
    endloop
  endfacet
  facet normal 0 -1 0
    outer loop
      vertex 42.2184 1.2 4.25355
      vertex 42.8764 1.2 4.29668
      vertex 42.2676 1.2 4.29668
    endloop
  endfacet
  facet normal 0 -1 0
    outer loop
      vertex 42.2184 1.2 4.25355
      vertex 42.9256 1.2 4.25355
      vertex 42.8764 1.2 4.29668
    endloop
  endfacet
  facet normal 0 -1 0
    outer loop
      vertex 42.1753 1.2 4.20438
      vertex 42.9256 1.2 4.25355
      vertex 42.2184 1.2 4.25355
    endloop
  endfacet
  facet normal 0 -1 0
    outer loop
      vertex 42.1753 1.2 4.20438
      vertex 42.9687 1.2 4.20438
      vertex 42.9256 1.2 4.25355
    endloop
  endfacet
  facet normal 0 -1 0
    outer loop
      vertex 42.139 1.2 4.15
      vertex 42.9687 1.2 4.20438
      vertex 42.1753 1.2 4.20438
    endloop
  endfacet
  facet normal 0 -1 0
    outer loop
      vertex 42.139 1.2 4.15
      vertex 43.005 1.2 4.15
      vertex 42.9687 1.2 4.20438
    endloop
  endfacet
  facet normal 0 -1 0
    outer loop
      vertex 42.1101 1.2 4.09134
      vertex 43.005 1.2 4.15
      vertex 42.139 1.2 4.15
    endloop
  endfacet
  facet normal 0 -1 0
    outer loop
      vertex 42.1101 1.2 4.09134
      vertex 43.0339 1.2 4.09134
      vertex 43.005 1.2 4.15
    endloop
  endfacet
  facet normal 0 -1 0
    outer loop
      vertex 42.089 1.2 4.02941
      vertex 43.0339 1.2 4.09134
      vertex 42.1101 1.2 4.09134
    endloop
  endfacet
  facet normal 0 -1 0
    outer loop
      vertex 42.089 1.2 4.02941
      vertex 43.055 1.2 4.02941
      vertex 43.0339 1.2 4.09134
    endloop
  endfacet
  facet normal 0 -1 0
    outer loop
      vertex 42.0763 1.2 3.96526
      vertex 43.055 1.2 4.02941
      vertex 42.089 1.2 4.02941
    endloop
  endfacet
  facet normal 0 -1 0
    outer loop
      vertex 42.0763 1.2 3.96526
      vertex 43.0677 1.2 3.96526
      vertex 43.055 1.2 4.02941
    endloop
  endfacet
  facet normal 0 -1 0
    outer loop
      vertex 42.072 1.2 3.9
      vertex 43.0677 1.2 3.96526
      vertex 42.0763 1.2 3.96526
    endloop
  endfacet
  facet normal 0 -1 0
    outer loop
      vertex 42.072 1.2 3.9
      vertex 43.072 1.2 3.9
      vertex 43.0677 1.2 3.96526
    endloop
  endfacet
  facet normal 0 -1 0
    outer loop
      vertex 42.0763 1.2 3.83474
      vertex 43.072 1.2 3.9
      vertex 42.072 1.2 3.9
    endloop
  endfacet
  facet normal 0 -1 0
    outer loop
      vertex 42.0763 1.2 3.83474
      vertex 43.0677 1.2 3.83474
      vertex 43.072 1.2 3.9
    endloop
  endfacet
  facet normal 0 -1 0
    outer loop
      vertex 42.089 1.2 3.77059
      vertex 43.0677 1.2 3.83474
      vertex 42.0763 1.2 3.83474
    endloop
  endfacet
  facet normal 0 -1 0
    outer loop
      vertex 42.089 1.2 3.77059
      vertex 43.055 1.2 3.77059
      vertex 43.0677 1.2 3.83474
    endloop
  endfacet
  facet normal 0 -1 0
    outer loop
      vertex 42.1101 1.2 3.70866
      vertex 43.055 1.2 3.77059
      vertex 42.089 1.2 3.77059
    endloop
  endfacet
  facet normal 0 -1 0
    outer loop
      vertex 42.1101 1.2 3.70866
      vertex 43.0339 1.2 3.70866
      vertex 43.055 1.2 3.77059
    endloop
  endfacet
  facet normal 0 -1 0
    outer loop
      vertex 42.139 1.2 3.65
      vertex 43.0339 1.2 3.70866
      vertex 42.1101 1.2 3.70866
    endloop
  endfacet
  facet normal 0 -1 0
    outer loop
      vertex 42.139 1.2 3.65
      vertex 43.005 1.2 3.65
      vertex 43.0339 1.2 3.70866
    endloop
  endfacet
  facet normal 0 -1 0
    outer loop
      vertex 42.1753 1.2 3.59562
      vertex 43.005 1.2 3.65
      vertex 42.139 1.2 3.65
    endloop
  endfacet
  facet normal 0 -1 0
    outer loop
      vertex 42.1753 1.2 3.59562
      vertex 42.9687 1.2 3.59562
      vertex 43.005 1.2 3.65
    endloop
  endfacet
  facet normal 0 -1 0
    outer loop
      vertex 42.2184 1.2 3.54645
      vertex 42.9687 1.2 3.59562
      vertex 42.1753 1.2 3.59562
    endloop
  endfacet
  facet normal 0 -1 0
    outer loop
      vertex 42.2184 1.2 3.54645
      vertex 42.9256 1.2 3.54645
      vertex 42.9687 1.2 3.59562
    endloop
  endfacet
  facet normal 0 -1 0
    outer loop
      vertex 42.2676 1.2 3.50332
      vertex 42.9256 1.2 3.54645
      vertex 42.2184 1.2 3.54645
    endloop
  endfacet
  facet normal 0 -1 0
    outer loop
      vertex 42.2676 1.2 3.50332
      vertex 42.8764 1.2 3.50332
      vertex 42.9256 1.2 3.54645
    endloop
  endfacet
  facet normal 0 -1 0
    outer loop
      vertex 42.322 1.2 3.46699
      vertex 42.8764 1.2 3.50332
      vertex 42.2676 1.2 3.50332
    endloop
  endfacet
  facet normal 0 -1 0
    outer loop
      vertex 42.322 1.2 3.46699
      vertex 42.822 1.2 3.46699
      vertex 42.8764 1.2 3.50332
    endloop
  endfacet
  facet normal 0 -1 0
    outer loop
      vertex 42.3807 1.2 3.43806
      vertex 42.822 1.2 3.46699
      vertex 42.322 1.2 3.46699
    endloop
  endfacet
  facet normal 0 -1 0
    outer loop
      vertex 42.3807 1.2 3.43806
      vertex 42.7633 1.2 3.43806
      vertex 42.822 1.2 3.46699
    endloop
  endfacet
  facet normal 0 -1 0
    outer loop
      vertex 42.4426 1.2 3.41704
      vertex 42.7633 1.2 3.43806
      vertex 42.3807 1.2 3.43806
    endloop
  endfacet
  facet normal 0 -1 0
    outer loop
      vertex 42.4426 1.2 3.41704
      vertex 42.7014 1.2 3.41704
      vertex 42.7633 1.2 3.43806
    endloop
  endfacet
  facet normal 0 -1 0
    outer loop
      vertex 42.5067 1.2 3.40428
      vertex 42.7014 1.2 3.41704
      vertex 42.4426 1.2 3.41704
    endloop
  endfacet
  facet normal 0 -1 0
    outer loop
      vertex 42.5067 1.2 3.40428
      vertex 42.6373 1.2 3.40428
      vertex 42.7014 1.2 3.41704
    endloop
  endfacet
  facet normal -0 -1 0
    outer loop
      vertex 42.6373 1.2 3.40428
      vertex 42.5067 1.2 3.40428
      vertex 42.572 1.2 3.4
    endloop
  endfacet
  facet normal 0.55537 0 0.831603
    outer loop
      vertex 42.2676 1.2 3.50332
      vertex 42.322 0.373184 3.46699
      vertex 42.322 1.2 3.46699
    endloop
  endfacet
  facet normal 0.55537 0 0.831603
    outer loop
      vertex 42.322 0.373184 3.46699
      vertex 42.2676 1.2 3.50332
      vertex 42.2676 0.354724 3.50332
    endloop
  endfacet
  facet normal 0.321546 0 0.946894
    outer loop
      vertex 42.3807 1.2 3.43806
      vertex 42.4426 0.414119 3.41704
      vertex 42.4426 1.2 3.41704
    endloop
  endfacet
  facet normal 0.321546 0 0.946894
    outer loop
      vertex 42.4426 0.414119 3.41704
      vertex 42.3807 1.2 3.43806
      vertex 42.3807 0.393096 3.43806
    endloop
  endfacet
  facet normal -0.980961 0 -0.194204
    outer loop
      vertex 43.0677 0.70311 3.96526
      vertex 43.055 1.2 4.02941
      vertex 43.0677 1.2 3.96526
    endloop
  endfacet
  facet normal -0.980961 -0 -0.194204
    outer loop
      vertex 43.055 1.2 4.02941
      vertex 43.0677 0.70311 3.96526
      vertex 43.055 0.696817 4.02941
    endloop
  endfacet
  facet normal -0.195233 -0 -0.980757
    outer loop
      vertex 42.6373 1.2 4.39572
      vertex 42.7014 0.522465 4.38296
      vertex 42.6373 0.490831 4.39572
    endloop
  endfacet
  facet normal -0.195233 0 -0.980757
    outer loop
      vertex 42.7014 0.522465 4.38296
      vertex 42.6373 1.2 4.39572
      vertex 42.7014 1.2 4.38296
    endloop
  endfacet
  facet normal -0.442072 -0 -0.89698
    outer loop
      vertex 42.7633 1.2 4.36194
      vertex 42.822 0.581933 4.33301
      vertex 42.7633 0.553006 4.36194
    endloop
  endfacet
  facet normal -0.442072 0 -0.89698
    outer loop
      vertex 42.822 0.581933 4.33301
      vertex 42.7633 1.2 4.36194
      vertex 42.822 1.2 4.33301
    endloop
  endfacet
  facet normal -0.946569 0 0.322503
    outer loop
      vertex 43.0339 1.2 3.70866
      vertex 43.055 0.696817 3.77059
      vertex 43.055 1.2 3.77059
    endloop
  endfacet
  facet normal -0.946569 0 0.322503
    outer loop
      vertex 43.055 0.696817 3.77059
      vertex 43.0339 1.2 3.70866
      vertex 43.0339 0.68645 3.70866
    endloop
  endfacet
  facet normal -0.980961 0 0.194204
    outer loop
      vertex 43.055 1.2 3.77059
      vertex 43.0677 0.70311 3.83474
      vertex 43.0677 1.2 3.83474
    endloop
  endfacet
  facet normal -0.980961 0 0.194204
    outer loop
      vertex 43.0677 0.70311 3.83474
      vertex 43.055 1.2 3.77059
      vertex 43.055 0.696817 3.77059
    endloop
  endfacet
  facet normal -0.751998 0 0.659165
    outer loop
      vertex 42.9256 1.2 3.54645
      vertex 42.9687 0.654266 3.59562
      vertex 42.9687 1.2 3.59562
    endloop
  endfacet
  facet normal -0.751998 0 0.659165
    outer loop
      vertex 42.9687 0.654266 3.59562
      vertex 42.9256 1.2 3.54645
      vertex 42.9256 0.633 3.54645
    endloop
  endfacet
  facet normal -0.831721 0 0.555194
    outer loop
      vertex 42.9687 1.2 3.59562
      vertex 43.005 0.672185 3.65
      vertex 43.005 1.2 3.65
    endloop
  endfacet
  facet normal -0.831721 0 0.555194
    outer loop
      vertex 43.005 0.672185 3.65
      vertex 42.9687 1.2 3.59562
      vertex 42.9687 0.654266 3.59562
    endloop
  endfacet
  facet normal -0.0654033 0 0.997859
    outer loop
      vertex 42.572 1.2 3.4
      vertex 42.6373 0.490831 3.40428
      vertex 42.6373 1.2 3.40428
    endloop
  endfacet
  facet normal -0.0654033 0 0.997859
    outer loop
      vertex 42.6373 0.490831 3.40428
      vertex 42.572 1.2 3.4
      vertex 42.572 0.458647 3.4
    endloop
  endfacet
  facet normal -0.442072 0 0.89698
    outer loop
      vertex 42.7633 1.2 3.43806
      vertex 42.822 0.581933 3.46699
      vertex 42.822 1.2 3.46699
    endloop
  endfacet
  facet normal -0.442072 0 0.89698
    outer loop
      vertex 42.822 0.581933 3.46699
      vertex 42.7633 1.2 3.43806
      vertex 42.7633 0.553006 3.43806
    endloop
  endfacet
  facet normal 0.831721 0 0.555194
    outer loop
      vertex 42.139 1.2 3.65
      vertex 42.1753 0.323394 3.59562
      vertex 42.1753 1.2 3.59562
    endloop
  endfacet
  facet normal 0.831721 0 0.555194
    outer loop
      vertex 42.1753 0.323394 3.59562
      vertex 42.139 1.2 3.65
      vertex 42.139 0.311059 3.65
    endloop
  endfacet
  facet normal 0.751998 0 0.659165
    outer loop
      vertex 42.1753 1.2 3.59562
      vertex 42.2184 0.338032 3.54645
      vertex 42.2184 1.2 3.54645
    endloop
  endfacet
  facet normal 0.751998 0 0.659165
    outer loop
      vertex 42.2184 0.338032 3.54645
      vertex 42.1753 1.2 3.59562
      vertex 42.1753 0.323394 3.59562
    endloop
  endfacet
  facet normal 0.946569 0 0.322503
    outer loop
      vertex 42.089 1.2 3.77059
      vertex 42.1101 0.30124 3.70866
      vertex 42.1101 1.2 3.70866
    endloop
  endfacet
  facet normal 0.946569 0 0.322503
    outer loop
      vertex 42.1101 0.30124 3.70866
      vertex 42.089 1.2 3.77059
      vertex 42.089 0.294104 3.77059
    endloop
  endfacet
  facet normal 0.980961 0 0.194204
    outer loop
      vertex 42.0763 1.2 3.83474
      vertex 42.089 0.294104 3.77059
      vertex 42.089 1.2 3.77059
    endloop
  endfacet
  facet normal 0.980961 0 0.194204
    outer loop
      vertex 42.089 0.294104 3.77059
      vertex 42.0763 1.2 3.83474
      vertex 42.0763 0.289772 3.83474
    endloop
  endfacet
  facet normal 0.195233 0 0.980757
    outer loop
      vertex 42.4426 1.2 3.41704
      vertex 42.5067 0.435894 3.40428
      vertex 42.5067 1.2 3.40428
    endloop
  endfacet
  facet normal 0.195233 0 0.980757
    outer loop
      vertex 42.5067 0.435894 3.40428
      vertex 42.4426 1.2 3.41704
      vertex 42.4426 0.414119 3.41704
    endloop
  endfacet
  facet normal -0.997836 0 -0.0657477
    outer loop
      vertex 43.072 0.705219 3.9
      vertex 43.0677 1.2 3.96526
      vertex 43.072 1.2 3.9
    endloop
  endfacet
  facet normal -0.997836 -0 -0.0657477
    outer loop
      vertex 43.0677 1.2 3.96526
      vertex 43.072 0.705219 3.9
      vertex 43.0677 0.70311 3.96526
    endloop
  endfacet
  facet normal -0.55537 -0 -0.831603
    outer loop
      vertex 42.822 1.2 4.33301
      vertex 42.8764 0.60875 4.29668
      vertex 42.822 0.581933 4.33301
    endloop
  endfacet
  facet normal -0.55537 0 -0.831603
    outer loop
      vertex 42.8764 0.60875 4.29668
      vertex 42.822 1.2 4.33301
      vertex 42.8764 1.2 4.29668
    endloop
  endfacet
  facet normal -0.751998 0 -0.659165
    outer loop
      vertex 42.9687 0.654266 4.20438
      vertex 42.9256 1.2 4.25355
      vertex 42.9687 1.2 4.20438
    endloop
  endfacet
  facet normal -0.751998 -0 -0.659165
    outer loop
      vertex 42.9256 1.2 4.25355
      vertex 42.9687 0.654266 4.20438
      vertex 42.9256 0.633 4.25355
    endloop
  endfacet
  facet normal 0.659197 0 -0.75197
    outer loop
      vertex 42.2184 1.2 4.25355
      vertex 42.2676 0.354724 4.29668
      vertex 42.2184 0.338032 4.25355
    endloop
  endfacet
  facet normal 0.659197 0 -0.75197
    outer loop
      vertex 42.2676 0.354724 4.29668
      vertex 42.2184 1.2 4.25355
      vertex 42.2676 1.2 4.29668
    endloop
  endfacet
  facet normal 0.897042 0 -0.441945
    outer loop
      vertex 42.139 0.311059 4.15
      vertex 42.1101 1.2 4.09134
      vertex 42.139 1.2 4.15
    endloop
  endfacet
  facet normal 0.897042 0 -0.441945
    outer loop
      vertex 42.1101 1.2 4.09134
      vertex 42.139 0.311059 4.15
      vertex 42.1101 0.30124 4.09134
    endloop
  endfacet
  facet normal 0.831721 0 -0.555194
    outer loop
      vertex 42.1753 0.323394 4.20438
      vertex 42.139 1.2 4.15
      vertex 42.1753 1.2 4.20438
    endloop
  endfacet
  facet normal 0.831721 0 -0.555194
    outer loop
      vertex 42.139 1.2 4.15
      vertex 42.1753 0.323394 4.20438
      vertex 42.139 0.311059 4.15
    endloop
  endfacet
  facet normal 0.997836 0 -0.0657477
    outer loop
      vertex 42.0763 0.289772 3.96526
      vertex 42.072 1.2 3.9
      vertex 42.0763 1.2 3.96526
    endloop
  endfacet
  facet normal 0.997836 0 -0.0657477
    outer loop
      vertex 42.072 1.2 3.9
      vertex 42.0763 0.289772 3.96526
      vertex 42.072 0.28832 3.9
    endloop
  endfacet
  facet normal -0.897042 0 -0.441945
    outer loop
      vertex 43.0339 0.68645 4.09134
      vertex 43.005 1.2 4.15
      vertex 43.0339 1.2 4.09134
    endloop
  endfacet
  facet normal -0.897042 -0 -0.441945
    outer loop
      vertex 43.005 1.2 4.15
      vertex 43.0339 0.68645 4.09134
      vertex 43.005 0.672185 4.15
    endloop
  endfacet
  facet normal -0.946569 0 -0.322503
    outer loop
      vertex 43.055 0.696817 4.02941
      vertex 43.0339 1.2 4.09134
      vertex 43.055 1.2 4.02941
    endloop
  endfacet
  facet normal -0.946569 -0 -0.322503
    outer loop
      vertex 43.0339 1.2 4.09134
      vertex 43.055 0.696817 4.02941
      vertex 43.0339 0.68645 4.09134
    endloop
  endfacet
  facet normal 0.751998 0 -0.659165
    outer loop
      vertex 42.2184 0.338032 4.25355
      vertex 42.1753 1.2 4.20438
      vertex 42.2184 1.2 4.25355
    endloop
  endfacet
  facet normal 0.751998 0 -0.659165
    outer loop
      vertex 42.1753 1.2 4.20438
      vertex 42.2184 0.338032 4.25355
      vertex 42.1753 0.323394 4.20438
    endloop
  endfacet
  facet normal 0.980961 0 -0.194204
    outer loop
      vertex 42.089 0.294104 4.02941
      vertex 42.0763 1.2 3.96526
      vertex 42.089 1.2 4.02941
    endloop
  endfacet
  facet normal 0.980961 0 -0.194204
    outer loop
      vertex 42.0763 1.2 3.96526
      vertex 42.089 0.294104 4.02941
      vertex 42.0763 0.289772 3.96526
    endloop
  endfacet
  facet normal 0.946569 0 -0.322503
    outer loop
      vertex 42.1101 0.30124 4.09134
      vertex 42.089 1.2 4.02941
      vertex 42.1101 1.2 4.09134
    endloop
  endfacet
  facet normal 0.946569 0 -0.322503
    outer loop
      vertex 42.089 1.2 4.02941
      vertex 42.1101 0.30124 4.09134
      vertex 42.089 0.294104 4.02941
    endloop
  endfacet
  facet normal -0.321546 -0 -0.946894
    outer loop
      vertex 42.7014 1.2 4.38296
      vertex 42.7633 0.553006 4.36194
      vertex 42.7014 0.522465 4.38296
    endloop
  endfacet
  facet normal -0.321546 0 -0.946894
    outer loop
      vertex 42.7633 0.553006 4.36194
      vertex 42.7014 1.2 4.38296
      vertex 42.7633 1.2 4.36194
    endloop
  endfacet
  facet normal -0.659197 -0 -0.75197
    outer loop
      vertex 42.8764 1.2 4.29668
      vertex 42.9256 0.633 4.25355
      vertex 42.8764 0.60875 4.29668
    endloop
  endfacet
  facet normal -0.659197 0 -0.75197
    outer loop
      vertex 42.9256 0.633 4.25355
      vertex 42.8764 1.2 4.29668
      vertex 42.9256 1.2 4.25355
    endloop
  endfacet
  facet normal 0.0627174 0.00773508 -0.998001
    outer loop
      vertex 42.5067 0.435894 4.39572
      vertex 42.572 0.458647 4.4
      vertex 42.5681 0.456723 4.39974
    endloop
  endfacet
  facet normal 0.0654033 0 -0.997859
    outer loop
      vertex 42.572 0.458647 4.4
      vertex 42.5067 0.435894 4.39572
      vertex 42.5067 1.2 4.39572
    endloop
  endfacet
  facet normal 0.0654033 0 -0.997859
    outer loop
      vertex 42.572 0.458647 4.4
      vertex 42.5067 1.2 4.39572
      vertex 42.572 1.2 4.4
    endloop
  endfacet
  facet normal 0.55537 0 -0.831603
    outer loop
      vertex 42.2676 1.2 4.29668
      vertex 42.322 0.373184 4.33301
      vertex 42.2676 0.354724 4.29668
    endloop
  endfacet
  facet normal 0.55537 0 -0.831603
    outer loop
      vertex 42.322 0.373184 4.33301
      vertex 42.2676 1.2 4.29668
      vertex 42.322 1.2 4.33301
    endloop
  endfacet
  facet normal 0.442072 0 -0.89698
    outer loop
      vertex 42.322 1.2 4.33301
      vertex 42.3807 0.393096 4.36194
      vertex 42.322 0.373184 4.33301
    endloop
  endfacet
  facet normal 0.442072 0 -0.89698
    outer loop
      vertex 42.3807 0.393096 4.36194
      vertex 42.322 1.2 4.33301
      vertex 42.3807 1.2 4.36194
    endloop
  endfacet
  facet normal 0.195233 0 -0.980757
    outer loop
      vertex 42.4426 1.2 4.38296
      vertex 42.5067 0.435894 4.39572
      vertex 42.4426 0.414119 4.38296
    endloop
  endfacet
  facet normal 0.195233 0 -0.980757
    outer loop
      vertex 42.5067 0.435894 4.39572
      vertex 42.4426 1.2 4.38296
      vertex 42.5067 1.2 4.39572
    endloop
  endfacet
  facet normal 0.321546 0 -0.946894
    outer loop
      vertex 42.3807 1.2 4.36194
      vertex 42.4426 0.414119 4.38296
      vertex 42.3807 0.393096 4.36194
    endloop
  endfacet
  facet normal 0.321546 0 -0.946894
    outer loop
      vertex 42.4426 0.414119 4.38296
      vertex 42.3807 1.2 4.36194
      vertex 42.4426 1.2 4.38296
    endloop
  endfacet
  facet normal -0.997886 0 0.064984
    outer loop
      vertex 30.2526 0 4.84779
      vertex 30.256 1 4.9
      vertex 30.2526 1 4.84779
    endloop
  endfacet
  facet normal -0.997886 0 0.064984
    outer loop
      vertex 30.256 1 4.9
      vertex 30.2526 0 4.84779
      vertex 30.256 0 4.9
    endloop
  endfacet
  facet normal 0.997886 -0 0.064984
    outer loop
      vertex 29.456 0 4.9
      vertex 29.4594 1 4.84779
      vertex 29.456 1 4.9
    endloop
  endfacet
  facet normal 0.997886 0 0.064984
    outer loop
      vertex 29.4594 1 4.84779
      vertex 29.456 0 4.9
      vertex 29.4594 0 4.84779
    endloop
  endfacet
  facet normal -0.0653771 0 0.997861
    outer loop
      vertex 29.856 1 4.5
      vertex 29.9082 0 4.50342
      vertex 29.9082 1 4.50342
    endloop
  endfacet
  facet normal -0.0653771 0 0.997861
    outer loop
      vertex 29.9082 0 4.50342
      vertex 29.856 1 4.5
      vertex 29.856 0 4.5
    endloop
  endfacet
  facet normal -0.0653771 0 -0.997861
    outer loop
      vertex 29.856 0 5.3
      vertex 29.9082 1 5.29658
      vertex 29.9082 0 5.29658
    endloop
  endfacet
  facet normal -0.0653771 0 -0.997861
    outer loop
      vertex 29.9082 1 5.29658
      vertex 29.856 0 5.3
      vertex 29.856 1 5.3
    endloop
  endfacet
  facet normal -0.659722 0 0.75151
    outer loop
      vertex 30.0995 1 4.58266
      vertex 30.1388 0 4.61716
      vertex 30.1388 1 4.61716
    endloop
  endfacet
  facet normal -0.659722 0 0.75151
    outer loop
      vertex 30.1388 0 4.61716
      vertex 30.0995 1 4.58266
      vertex 30.0995 0 4.58266
    endloop
  endfacet
  facet normal 0.659722 0 0.75151
    outer loop
      vertex 29.5732 1 4.61716
      vertex 29.6125 0 4.58266
      vertex 29.6125 1 4.58266
    endloop
  endfacet
  facet normal 0.659722 0 0.75151
    outer loop
      vertex 29.6125 0 4.58266
      vertex 29.5732 1 4.61716
      vertex 29.5732 0 4.61716
    endloop
  endfacet
  facet normal 0.32115 0 0.947028
    outer loop
      vertex 29.7029 1 4.53045
      vertex 29.7525 0 4.51363
      vertex 29.7525 1 4.51363
    endloop
  endfacet
  facet normal 0.32115 0 0.947028
    outer loop
      vertex 29.7525 0 4.51363
      vertex 29.7029 1 4.53045
      vertex 29.7029 0 4.53045
    endloop
  endfacet
  facet normal -0.896443 0 0.443159
    outer loop
      vertex 30.2024 0 4.7
      vertex 30.2256 1 4.74693
      vertex 30.2024 1 4.7
    endloop
  endfacet
  facet normal -0.896443 0 0.443159
    outer loop
      vertex 30.2256 1 4.74693
      vertex 30.2024 0 4.7
      vertex 30.2256 0 4.74693
    endloop
  endfacet
  facet normal -0.32115 0 0.947028
    outer loop
      vertex 29.9595 1 4.51363
      vertex 30.0091 0 4.53045
      vertex 30.0091 1 4.53045
    endloop
  endfacet
  facet normal -0.32115 0 0.947028
    outer loop
      vertex 30.0091 0 4.53045
      vertex 29.9595 1 4.51363
      vertex 29.9595 0 4.51363
    endloop
  endfacet
  facet normal -0.195197 0 0.980764
    outer loop
      vertex 29.9082 1 4.50342
      vertex 29.9595 0 4.51363
      vertex 29.9595 1 4.51363
    endloop
  endfacet
  facet normal -0.195197 0 0.980764
    outer loop
      vertex 29.9595 0 4.51363
      vertex 29.9082 1 4.50342
      vertex 29.9082 0 4.50342
    endloop
  endfacet
  facet normal -0.442465 0 0.896786
    outer loop
      vertex 30.0091 1 4.53045
      vertex 30.056 0 4.55359
      vertex 30.056 1 4.55359
    endloop
  endfacet
  facet normal -0.442465 0 0.896786
    outer loop
      vertex 30.056 0 4.55359
      vertex 30.0091 1 4.53045
      vertex 30.0091 0 4.53045
    endloop
  endfacet
  facet normal 0.896443 -0 0.443159
    outer loop
      vertex 29.4864 0 4.74693
      vertex 29.5096 1 4.7
      vertex 29.4864 1 4.74693
    endloop
  endfacet
  facet normal 0.896443 0 0.443159
    outer loop
      vertex 29.5096 1 4.7
      vertex 29.4864 0 4.74693
      vertex 29.5096 0 4.7
    endloop
  endfacet
  facet normal 0.195197 0 0.980764
    outer loop
      vertex 29.7525 1 4.51363
      vertex 29.8038 0 4.50342
      vertex 29.8038 1 4.50342
    endloop
  endfacet
  facet normal 0.195197 0 0.980764
    outer loop
      vertex 29.8038 0 4.50342
      vertex 29.7525 1 4.51363
      vertex 29.7525 0 4.51363
    endloop
  endfacet
  facet normal -0.195197 0 -0.980764
    outer loop
      vertex 29.9082 0 5.29658
      vertex 29.9595 1 5.28637
      vertex 29.9595 0 5.28637
    endloop
  endfacet
  facet normal -0.195197 0 -0.980764
    outer loop
      vertex 29.9595 1 5.28637
      vertex 29.9082 0 5.29658
      vertex 29.9082 1 5.29658
    endloop
  endfacet
  facet normal -0.442465 0 -0.896786
    outer loop
      vertex 30.0091 0 5.26955
      vertex 30.056 1 5.24641
      vertex 30.056 0 5.24641
    endloop
  endfacet
  facet normal -0.442465 0 -0.896786
    outer loop
      vertex 30.056 1 5.24641
      vertex 30.0091 0 5.26955
      vertex 30.0091 1 5.26955
    endloop
  endfacet
  facet normal -0.947026 0 0.321156
    outer loop
      vertex 30.2256 0 4.74693
      vertex 30.2424 1 4.79647
      vertex 30.2256 1 4.74693
    endloop
  endfacet
  facet normal -0.947026 0 0.321156
    outer loop
      vertex 30.2424 1 4.79647
      vertex 30.2256 0 4.74693
      vertex 30.2424 0 4.79647
    endloop
  endfacet
  facet normal -0.980815 0 0.19494
    outer loop
      vertex 30.2424 0 4.79647
      vertex 30.2526 1 4.84779
      vertex 30.2424 1 4.79647
    endloop
  endfacet
  facet normal -0.980815 0 0.19494
    outer loop
      vertex 30.2526 1 4.84779
      vertex 30.2424 0 4.79647
      vertex 30.2526 0 4.84779
    endloop
  endfacet
  facet normal -0.751842 0 0.659343
    outer loop
      vertex 30.1388 0 4.61716
      vertex 30.1733 1 4.6565
      vertex 30.1388 1 4.61716
    endloop
  endfacet
  facet normal -0.751842 0 0.659343
    outer loop
      vertex 30.1733 1 4.6565
      vertex 30.1388 0 4.61716
      vertex 30.1733 0 4.6565
    endloop
  endfacet
  facet normal -0.831167 0 0.556022
    outer loop
      vertex 30.1733 0 4.6565
      vertex 30.2024 1 4.7
      vertex 30.1733 1 4.6565
    endloop
  endfacet
  facet normal -0.831167 0 0.556022
    outer loop
      vertex 30.2024 1 4.7
      vertex 30.1733 0 4.6565
      vertex 30.2024 0 4.7
    endloop
  endfacet
  facet normal -0.555626 0 0.831432
    outer loop
      vertex 30.056 1 4.55359
      vertex 30.0995 0 4.58266
      vertex 30.0995 1 4.58266
    endloop
  endfacet
  facet normal -0.555626 0 0.831432
    outer loop
      vertex 30.0995 0 4.58266
      vertex 30.056 1 4.55359
      vertex 30.056 0 4.55359
    endloop
  endfacet
  facet normal 0.831167 -0 0.556022
    outer loop
      vertex 29.5096 0 4.7
      vertex 29.5387 1 4.6565
      vertex 29.5096 1 4.7
    endloop
  endfacet
  facet normal 0.831167 0 0.556022
    outer loop
      vertex 29.5387 1 4.6565
      vertex 29.5096 0 4.7
      vertex 29.5387 0 4.6565
    endloop
  endfacet
  facet normal 0.751842 -0 0.659343
    outer loop
      vertex 29.5387 0 4.6565
      vertex 29.5732 1 4.61716
      vertex 29.5387 1 4.6565
    endloop
  endfacet
  facet normal 0.751842 0 0.659343
    outer loop
      vertex 29.5732 1 4.61716
      vertex 29.5387 0 4.6565
      vertex 29.5732 0 4.61716
    endloop
  endfacet
  facet normal 0.947026 -0 0.321156
    outer loop
      vertex 29.4696 0 4.79647
      vertex 29.4864 1 4.74693
      vertex 29.4696 1 4.79647
    endloop
  endfacet
  facet normal 0.947026 0 0.321156
    outer loop
      vertex 29.4864 1 4.74693
      vertex 29.4696 0 4.79647
      vertex 29.4864 0 4.74693
    endloop
  endfacet
  facet normal 0.980815 -0 0.19494
    outer loop
      vertex 29.4594 0 4.84779
      vertex 29.4696 1 4.79647
      vertex 29.4594 1 4.84779
    endloop
  endfacet
  facet normal 0.980815 0 0.19494
    outer loop
      vertex 29.4696 1 4.79647
      vertex 29.4594 0 4.84779
      vertex 29.4696 0 4.79647
    endloop
  endfacet
  facet normal 0.442465 0 0.896786
    outer loop
      vertex 29.656 1 4.55359
      vertex 29.7029 0 4.53045
      vertex 29.7029 1 4.53045
    endloop
  endfacet
  facet normal 0.442465 0 0.896786
    outer loop
      vertex 29.7029 0 4.53045
      vertex 29.656 1 4.55359
      vertex 29.656 0 4.55359
    endloop
  endfacet
  facet normal 0.555626 0 0.831432
    outer loop
      vertex 29.6125 1 4.58266
      vertex 29.656 0 4.55359
      vertex 29.656 1 4.55359
    endloop
  endfacet
  facet normal 0.555626 0 0.831432
    outer loop
      vertex 29.656 0 4.55359
      vertex 29.6125 1 4.58266
      vertex 29.6125 0 4.58266
    endloop
  endfacet
  facet normal 0.0653771 0 0.997861
    outer loop
      vertex 29.8038 1 4.50342
      vertex 29.856 0 4.5
      vertex 29.856 1 4.5
    endloop
  endfacet
  facet normal 0.0653771 0 0.997861
    outer loop
      vertex 29.856 0 4.5
      vertex 29.8038 1 4.50342
      vertex 29.8038 0 4.50342
    endloop
  endfacet
  facet normal -0.555626 0 -0.831432
    outer loop
      vertex 30.056 0 5.24641
      vertex 30.0995 1 5.21734
      vertex 30.0995 0 5.21734
    endloop
  endfacet
  facet normal -0.555626 0 -0.831432
    outer loop
      vertex 30.0995 1 5.21734
      vertex 30.056 0 5.24641
      vertex 30.056 1 5.24641
    endloop
  endfacet
  facet normal -0.751759 0 -0.659438
    outer loop
      vertex 30.1733 0 5.14351
      vertex 30.1388 1 5.18284
      vertex 30.1733 1 5.14351
    endloop
  endfacet
  facet normal -0.751759 -0 -0.659438
    outer loop
      vertex 30.1388 1 5.18284
      vertex 30.1733 0 5.14351
      vertex 30.1388 0 5.18284
    endloop
  endfacet
  facet normal -0.947026 0 -0.321156
    outer loop
      vertex 30.2424 0 5.00353
      vertex 30.2256 1 5.05307
      vertex 30.2424 1 5.00353
    endloop
  endfacet
  facet normal -0.947026 -0 -0.321156
    outer loop
      vertex 30.2256 1 5.05307
      vertex 30.2424 0 5.00353
      vertex 30.2256 0 5.05307
    endloop
  endfacet
  facet normal -0.980815 0 -0.19494
    outer loop
      vertex 30.2526 0 4.95221
      vertex 30.2424 1 5.00353
      vertex 30.2526 1 4.95221
    endloop
  endfacet
  facet normal -0.980815 -0 -0.19494
    outer loop
      vertex 30.2424 1 5.00353
      vertex 30.2526 0 4.95221
      vertex 30.2424 0 5.00353
    endloop
  endfacet
  facet normal 0.659722 0 -0.75151
    outer loop
      vertex 29.5732 0 5.18284
      vertex 29.6125 1 5.21734
      vertex 29.6125 0 5.21734
    endloop
  endfacet
  facet normal 0.659722 0 -0.75151
    outer loop
      vertex 29.6125 1 5.21734
      vertex 29.5732 0 5.18284
      vertex 29.5732 1 5.18284
    endloop
  endfacet
  facet normal 0.896443 0 -0.443159
    outer loop
      vertex 29.5096 0 5.1
      vertex 29.4864 1 5.05307
      vertex 29.5096 1 5.1
    endloop
  endfacet
  facet normal 0.896443 0 -0.443159
    outer loop
      vertex 29.4864 1 5.05307
      vertex 29.5096 0 5.1
      vertex 29.4864 0 5.05307
    endloop
  endfacet
  facet normal 0.831226 0 -0.555934
    outer loop
      vertex 29.5387 0 5.14351
      vertex 29.5096 1 5.1
      vertex 29.5387 1 5.14351
    endloop
  endfacet
  facet normal 0.831226 0 -0.555934
    outer loop
      vertex 29.5096 1 5.1
      vertex 29.5387 0 5.14351
      vertex 29.5096 0 5.1
    endloop
  endfacet
  facet normal -0.831226 0 -0.555934
    outer loop
      vertex 30.2024 0 5.1
      vertex 30.1733 1 5.14351
      vertex 30.2024 1 5.1
    endloop
  endfacet
  facet normal -0.831226 -0 -0.555934
    outer loop
      vertex 30.1733 1 5.14351
      vertex 30.2024 0 5.1
      vertex 30.1733 0 5.14351
    endloop
  endfacet
  facet normal -0.997886 0 -0.064984
    outer loop
      vertex 30.256 0 4.9
      vertex 30.2526 1 4.95221
      vertex 30.256 1 4.9
    endloop
  endfacet
  facet normal -0.997886 -0 -0.064984
    outer loop
      vertex 30.2526 1 4.95221
      vertex 30.256 0 4.9
      vertex 30.2526 0 4.95221
    endloop
  endfacet
  facet normal 0.195197 0 -0.980764
    outer loop
      vertex 29.7525 0 5.28637
      vertex 29.8038 1 5.29658
      vertex 29.8038 0 5.29658
    endloop
  endfacet
  facet normal 0.195197 0 -0.980764
    outer loop
      vertex 29.8038 1 5.29658
      vertex 29.7525 0 5.28637
      vertex 29.7525 1 5.28637
    endloop
  endfacet
  facet normal 0.751759 0 -0.659438
    outer loop
      vertex 29.5732 0 5.18284
      vertex 29.5387 1 5.14351
      vertex 29.5732 1 5.18284
    endloop
  endfacet
  facet normal 0.751759 0 -0.659438
    outer loop
      vertex 29.5387 1 5.14351
      vertex 29.5732 0 5.18284
      vertex 29.5387 0 5.14351
    endloop
  endfacet
  facet normal 0.980815 0 -0.19494
    outer loop
      vertex 29.4696 0 5.00353
      vertex 29.4594 1 4.95221
      vertex 29.4696 1 5.00353
    endloop
  endfacet
  facet normal 0.980815 0 -0.19494
    outer loop
      vertex 29.4594 1 4.95221
      vertex 29.4696 0 5.00353
      vertex 29.4594 0 4.95221
    endloop
  endfacet
  facet normal 0.997886 0 -0.064984
    outer loop
      vertex 29.4594 0 4.95221
      vertex 29.456 1 4.9
      vertex 29.4594 1 4.95221
    endloop
  endfacet
  facet normal 0.997886 0 -0.064984
    outer loop
      vertex 29.456 1 4.9
      vertex 29.4594 0 4.95221
      vertex 29.456 0 4.9
    endloop
  endfacet
  facet normal 0.947026 0 -0.321156
    outer loop
      vertex 29.4864 0 5.05307
      vertex 29.4696 1 5.00353
      vertex 29.4864 1 5.05307
    endloop
  endfacet
  facet normal 0.947026 0 -0.321156
    outer loop
      vertex 29.4696 1 5.00353
      vertex 29.4864 0 5.05307
      vertex 29.4696 0 5.00353
    endloop
  endfacet
  facet normal -0.32115 0 -0.947028
    outer loop
      vertex 29.9595 0 5.28637
      vertex 30.0091 1 5.26955
      vertex 30.0091 0 5.26955
    endloop
  endfacet
  facet normal -0.32115 0 -0.947028
    outer loop
      vertex 30.0091 1 5.26955
      vertex 29.9595 0 5.28637
      vertex 29.9595 1 5.28637
    endloop
  endfacet
  facet normal -0.896443 0 -0.443159
    outer loop
      vertex 30.2256 0 5.05307
      vertex 30.2024 1 5.1
      vertex 30.2256 1 5.05307
    endloop
  endfacet
  facet normal -0.896443 -0 -0.443159
    outer loop
      vertex 30.2024 1 5.1
      vertex 30.2256 0 5.05307
      vertex 30.2024 0 5.1
    endloop
  endfacet
  facet normal -0.659722 0 -0.75151
    outer loop
      vertex 30.0995 0 5.21734
      vertex 30.1388 1 5.18284
      vertex 30.1388 0 5.18284
    endloop
  endfacet
  facet normal -0.659722 0 -0.75151
    outer loop
      vertex 30.1388 1 5.18284
      vertex 30.0995 0 5.21734
      vertex 30.0995 1 5.21734
    endloop
  endfacet
  facet normal 0.0653771 0 -0.997861
    outer loop
      vertex 29.8038 0 5.29658
      vertex 29.856 1 5.3
      vertex 29.856 0 5.3
    endloop
  endfacet
  facet normal 0.0653771 0 -0.997861
    outer loop
      vertex 29.856 1 5.3
      vertex 29.8038 0 5.29658
      vertex 29.8038 1 5.29658
    endloop
  endfacet
  facet normal 0.555626 0 -0.831432
    outer loop
      vertex 29.6125 0 5.21734
      vertex 29.656 1 5.24641
      vertex 29.656 0 5.24641
    endloop
  endfacet
  facet normal 0.555626 0 -0.831432
    outer loop
      vertex 29.656 1 5.24641
      vertex 29.6125 0 5.21734
      vertex 29.6125 1 5.21734
    endloop
  endfacet
  facet normal 0.32115 0 -0.947028
    outer loop
      vertex 29.7029 0 5.26955
      vertex 29.7525 1 5.28637
      vertex 29.7525 0 5.28637
    endloop
  endfacet
  facet normal 0.32115 0 -0.947028
    outer loop
      vertex 29.7525 1 5.28637
      vertex 29.7029 0 5.26955
      vertex 29.7029 1 5.26955
    endloop
  endfacet
  facet normal 0.442465 0 -0.896786
    outer loop
      vertex 29.656 0 5.24641
      vertex 29.7029 1 5.26955
      vertex 29.7029 0 5.26955
    endloop
  endfacet
  facet normal 0.442465 0 -0.896786
    outer loop
      vertex 29.7029 1 5.26955
      vertex 29.656 0 5.24641
      vertex 29.656 1 5.24641
    endloop
  endfacet
endsolid OpenSCAD_Model
