solid OpenSCAD_Model
  facet normal -0.554381 -0.8297 -0.0652592
    outer loop
      vertex 4 1.0718 1.5
      vertex 3.13772 1.66335 1.30421
      vertex 4.00642 1.08291 1.30421
    endloop
  endfacet
  facet normal -0.441349 -0.89496 -0.0652559
    outer loop
      vertex 4.93853 0.608964 1.5
      vertex 4 1.0718 1.5
      vertex 4.00642 1.08291 1.30421
    endloop
  endfacet
  facet normal -0.0864319 -0.434526 -0.896503
    outer loop
      vertex 7.05369 0.812025 0.200961
      vertex 6.12356 0.997038 0.200961
      vertex 6.16911 1.16702 0.114181
    endloop
  endfacet
  facet normal -0.146811 -0.738078 -0.658549
    outer loop
      vertex 6.99625 0.37576 0.586858
      vertex 6.00967 0.572001 0.586858
      vertex 7.01314 0.504023 0.43934
    endloop
  endfacet
  facet normal -0.441348 -0.89496 -0.0652621
    outer loop
      vertex 4.93853 0.608964 1.5
      vertex 4.00642 1.08291 1.30421
      vertex 4.94344 0.62082 1.30421
    endloop
  endfacet
  facet normal -0.178848 -0.526873 -0.830914
    outer loop
      vertex 6.08134 0.839455 0.30997
      vertex 5.16311 1.15115 0.30997
      vertex 6.12356 0.997038 0.200961
    endloop
  endfacet
  facet normal 0.0587986 -0.0289981 -0.997849
    outer loop
      vertex 82.221 4.65211 0.0128326
      vertex 82.0515 4.75 0
      vertex 82.6084 5.43763 0.0128326
    endloop
  endfacet
  facet normal -0.435261 -0.49632 -0.751142
    outer loop
      vertex 3.39736 2.00173 0.43934
      vertex 2.75812 2.75812 0.30997
      vertex 3.48717 2.11876 0.30997
    endloop
  endfacet
  facet normal -0.997862 0.0653541 0
    outer loop
      vertex 0 146.622 1.5
      vertex 0.0684414 147.667 7.5
      vertex 0.0684414 147.667 1.5
    endloop
  endfacet
  facet normal -0.997862 0.0653541 0
    outer loop
      vertex 0.0684414 147.667 7.5
      vertex 0 146.622 1.5
      vertex 0 146.622 7.5
    endloop
  endfacet
  facet normal 0.142079 0.288478 -0.946887
    outer loop
      vertex 79.8664 152.588 0.0511112
      vertex 79.0583 152.986 0.0511112
      vertex 79.1294 153.158 0.114181
    endloop
  endfacet
  facet normal -0.288795 0.142404 -0.946741
    outer loop
      vertex 2.03462 150.066 0.0511112
      vertex 1.46445 149.329 0.114181
      vertex 1.87372 150.159 0.114181
    endloop
  endfacet
  facet normal 0.292061 0.59281 -0.750517
    outer loop
      vertex 80.2026 153.17 0.43934
      vertex 79.2592 153.471 0.30997
      vertex 79.3156 153.607 0.43934
    endloop
  endfacet
  facet normal -0.0641515 -0.978765 -0.194688
    outer loop
      vertex 8 0.0511122 1.11177
      vertex 6.95747 0.0811644 1.30421
      vertex 6.96246 0.119116 1.11177
    endloop
  endfacet
  facet normal 0.175296 -0.086452 -0.980713
    outer loop
      vertex 82.3877 4.55589 0.0511112
      vertex 82.221 4.65211 0.0128326
      vertex 82.6084 5.43763 0.0128326
    endloop
  endfacet
  facet normal -0.288412 -0.849632 -0.441525
    outer loop
      vertex 5.98146 0.466708 0.75
      vertex 4.98223 0.714454 0.925975
      vertex 5.01544 0.794629 0.75
    endloop
  endfacet
  facet normal 0.175356 0.0865388 -0.980694
    outer loop
      vertex 82.6084 149.185 0.0128326
      vertex 82.221 149.97 0.0128326
      vertex 82.3877 150.066 0.0511112
    endloop
  endfacet
  facet normal 0 0.947037 -0.321125
    outer loop
      vertex 76.4223 154.508 0.925975
      vertex 8 154.571 1.11177
      vertex 76.4223 154.571 1.11177
    endloop
  endfacet
  facet normal 0 0.947037 -0.321125
    outer loop
      vertex 8 154.571 1.11177
      vertex 76.4223 154.508 0.925975
      vertex 8 154.508 0.925975
    endloop
  endfacet
  facet normal -0.94511 -0.0619444 -0.320826
    outer loop
      vertex 0.181645 6.97069 0.925975
      vertex 0.0511122 8 1.11177
      vertex 0.114182 8 0.925975
    endloop
  endfacet
  facet normal -0.555576 0 -0.831466
    outer loop
      vertex 0.586859 8 0.30997
      vertex 0.75 146.622 0.200961
      vertex 0.75 8 0.200961
    endloop
  endfacet
  facet normal -0.555576 0 -0.831466
    outer loop
      vertex 0.75 146.622 0.200961
      vertex 0.586859 8 0.30997
      vertex 0.586859 146.622 0.30997
    endloop
  endfacet
  facet normal -0.750928 -0.0492182 -0.658547
    outer loop
      vertex 0.37576 6.99625 0.586858
      vertex 0.309971 8 0.586858
      vertex 0.504023 7.01314 0.43934
    endloop
  endfacet
  facet normal -0.978661 0.194732 -0.0655854
    outer loop
      vertex 0.0811644 147.665 1.30421
      vertex 0.0684414 147.667 1.5
      vertex 0.272593 148.693 1.5
    endloop
  endfacet
  facet normal -0.75004 0.658191 -0.0650012
    outer loop
      vertex 2.35222 152.27 1.30421
      vertex 1.66335 151.485 1.30421
      vertex 2.34315 152.279 1.5
    endloop
  endfacet
  facet normal -0.0638597 0.979054 -0.193328
    outer loop
      vertex 8 154.571 1.11177
      vertex 6.95747 154.541 1.30421
      vertex 8 154.609 1.30421
    endloop
  endfacet
  facet normal -0.32144 -0.94693 3.33145e-06
    outer loop
      vertex 4.952 0.604393 1.91625
      vertex 4.93853 0.608964 1.5
      vertex 5.2 0.520208 1.9
    endloop
  endfacet
  facet normal -0.321348 -0.946961 0
    outer loop
      vertex 4.93853 0.608964 1.5
      vertex 4.952 0.604393 1.91625
      vertex 4.93853 0.608964 1.91893
    endloop
  endfacet
  facet normal -0.321441 -0.94693 3.62961e-06
    outer loop
      vertex 4.93853 0.608964 1.5
      vertex 5.448 0.436023 1.91625
      vertex 5.2 0.520208 1.9
    endloop
  endfacet
  facet normal -0.321439 -0.94693 5.45586e-07
    outer loop
      vertex 5.92945 0.272593 1.5
      vertex 5.448 0.436023 1.91625
      vertex 4.93853 0.608964 1.5
    endloop
  endfacet
  facet normal -0.321436 -0.946931 4.53699e-06
    outer loop
      vertex 5.448 0.436023 1.91625
      vertex 5.92945 0.272593 1.5
      vertex 5.69176 0.353279 1.96474
    endloop
  endfacet
  facet normal -0.321443 -0.946929 4.75969e-07
    outer loop
      vertex 5.69176 0.353279 1.96474
      vertex 5.92945 0.272593 1.5
      vertex 5.9271 0.273391 2.04463
    endloop
  endfacet
  facet normal -0.321542 -0.946895 0
    outer loop
      vertex 5.9271 0.273391 2.04463
      vertex 5.92945 0.272593 1.5
      vertex 5.92945 0.272593 2.04579
    endloop
  endfacet
  facet normal -0.321441 -0.94693 -7.79451e-07
    outer loop
      vertex 5.448 0.436023 5.68375
      vertex 4.93853 0.608964 7.5
      vertex 5.2 0.520208 5.7
    endloop
  endfacet
  facet normal -0.321441 -0.94693 -7.64753e-07
    outer loop
      vertex 4.93853 0.608964 7.5
      vertex 4.952 0.604393 5.68375
      vertex 5.2 0.520208 5.7
    endloop
  endfacet
  facet normal -0.321348 -0.946961 0
    outer loop
      vertex 4.952 0.604393 5.68375
      vertex 4.93853 0.608964 7.5
      vertex 4.93853 0.608964 5.68107
    endloop
  endfacet
  facet normal -0.321439 -0.94693 -1.25038e-07
    outer loop
      vertex 4.93853 0.608964 7.5
      vertex 5.448 0.436023 5.68375
      vertex 5.92945 0.272593 7.5
    endloop
  endfacet
  facet normal -0.321435 -0.946932 -1.21497e-06
    outer loop
      vertex 5.69176 0.353279 5.63526
      vertex 5.92945 0.272593 7.5
      vertex 5.448 0.436023 5.68375
    endloop
  endfacet
  facet normal -0.321443 -0.946929 -1.33445e-07
    outer loop
      vertex 5.9271 0.273391 5.55537
      vertex 5.92945 0.272593 7.5
      vertex 5.69176 0.353279 5.63526
    endloop
  endfacet
  facet normal -0.321542 -0.946895 -0
    outer loop
      vertex 5.92945 0.272593 7.5
      vertex 5.9271 0.273391 5.55537
      vertex 5.92945 0.272593 5.55421
    endloop
  endfacet
  facet normal 0 -0.0654023 -0.997859
    outer loop
      vertex 8 1.30421 0.0128326
      vertex 76.4223 1.5 0
      vertex 76.4223 1.30421 0.0128326
    endloop
  endfacet
  facet normal -0 -0.0654023 -0.997859
    outer loop
      vertex 76.4223 1.5 0
      vertex 8 1.30421 0.0128326
      vertex 8 1.5 0
    endloop
  endfacet
  facet normal 0 -0.980785 -0.19509
    outer loop
      vertex 8 0.0511122 1.11177
      vertex 76.4223 0.0128336 1.30421
      vertex 8 0.0128336 1.30421
    endloop
  endfacet
  facet normal 0 -0.980785 -0.19509
    outer loop
      vertex 76.4223 0.0128336 1.30421
      vertex 8 0.0511122 1.11177
      vertex 76.4223 0.0511122 1.11177
    endloop
  endfacet
  facet normal -0.0864365 -0.434536 -0.896497
    outer loop
      vertex 7.05369 0.812025 0.200961
      vertex 6.16911 1.16702 0.114181
      vertex 7.07665 0.986495 0.114181
    endloop
  endfacet
  facet normal -0.320753 -0.944912 -0.0652626
    outer loop
      vertex 5.92945 0.272593 1.5
      vertex 4.93853 0.608964 1.5
      vertex 4.94344 0.62082 1.30421
    endloop
  endfacet
  facet normal 0.659343 0.751842 -0
    outer loop
      vertex 82.0792 152.279 1.5
      vertex 81.2924 152.969 7.5
      vertex 82.0792 152.279 7.5
    endloop
  endfacet
  facet normal 0.659343 0.751842 0
    outer loop
      vertex 81.2924 152.969 7.5
      vertex 82.0792 152.279 1.5
      vertex 81.2924 152.969 1.5
    endloop
  endfacet
  facet normal -0.554382 -0.8297 -0.065254
    outer loop
      vertex 4 1.0718 1.5
      vertex 3.12991 1.65317 1.5
      vertex 3.13772 1.66335 1.30421
    endloop
  endfacet
  facet normal -0.496182 -0.565783 -0.658554
    outer loop
      vertex 3.39736 2.00173 0.43934
      vertex 2.56233 2.56233 0.586858
      vertex 2.65381 2.65381 0.43934
    endloop
  endfacet
  facet normal -0.896871 -0.442292 0
    outer loop
      vertex 1.0718 4 1.5
      vertex 0.608964 4.93853 7.5
      vertex 0.608964 4.93853 1.5
    endloop
  endfacet
  facet normal -0.896871 -0.442292 0
    outer loop
      vertex 0.608964 4.93853 7.5
      vertex 1.0718 4 1.5
      vertex 1.0718 4 7.5
    endloop
  endfacet
  facet normal 0 0 1
    outer loop
      vertex 83.4223 146.622 7.5
      vertex 84.4223 146.622 7.5
      vertex 84.3539 147.667 7.5
    endloop
  endfacet
  facet normal 0 0 1
    outer loop
      vertex 84.4223 146.622 7.5
      vertex 83.4223 146.622 7.5
      vertex 84.4223 8 7.5
    endloop
  endfacet
  facet normal 0 0 1
    outer loop
      vertex 83.3624 147.536 7.5
      vertex 84.3539 147.667 7.5
      vertex 84.1497 148.693 7.5
    endloop
  endfacet
  facet normal 0 0 1
    outer loop
      vertex 83.4223 8 7.5
      vertex 84.4223 8 7.5
      vertex 83.4223 146.622 7.5
    endloop
  endfacet
  facet normal 0 0 1
    outer loop
      vertex 83.1838 148.434 7.5
      vertex 84.1497 148.693 7.5
      vertex 83.8133 149.684 7.5
    endloop
  endfacet
  facet normal 0 0 1
    outer loop
      vertex 84.4223 8 7.5
      vertex 83.4223 8 7.5
      vertex 84.3539 6.95579 7.5
    endloop
  endfacet
  facet normal -0 0 1
    outer loop
      vertex 83.3624 7.08632 7.5
      vertex 84.3539 6.95579 7.5
      vertex 83.4223 8 7.5
    endloop
  endfacet
  facet normal 0 0 1
    outer loop
      vertex 84.3539 147.667 7.5
      vertex 83.3624 147.536 7.5
      vertex 83.4223 146.622 7.5
    endloop
  endfacet
  facet normal 0 0 1
    outer loop
      vertex 82.8895 149.301 7.5
      vertex 83.8133 149.684 7.5
      vertex 83.3505 150.622 7.5
    endloop
  endfacet
  facet normal 0 0 1
    outer loop
      vertex 84.1497 148.693 7.5
      vertex 83.1838 148.434 7.5
      vertex 83.3624 147.536 7.5
    endloop
  endfacet
  facet normal 0 0 1
    outer loop
      vertex 83.8133 149.684 7.5
      vertex 82.8895 149.301 7.5
      vertex 83.1838 148.434 7.5
    endloop
  endfacet
  facet normal 0 0 1
    outer loop
      vertex 82.4845 150.122 7.5
      vertex 83.3505 150.622 7.5
      vertex 82.7691 151.492 7.5
    endloop
  endfacet
  facet normal 0 0 1
    outer loop
      vertex 83.3505 150.622 7.5
      vertex 82.4845 150.122 7.5
      vertex 82.8895 149.301 7.5
    endloop
  endfacet
  facet normal 0 0 1
    outer loop
      vertex 81.9758 150.884 7.5
      vertex 82.7691 151.492 7.5
      vertex 82.0792 152.279 7.5
    endloop
  endfacet
  facet normal 0 0 1
    outer loop
      vertex 82.7691 151.492 7.5
      vertex 81.9758 150.884 7.5
      vertex 82.4845 150.122 7.5
    endloop
  endfacet
  facet normal 0 0 1
    outer loop
      vertex 82.0792 152.279 7.5
      vertex 81.3721 151.572 7.5
      vertex 81.9758 150.884 7.5
    endloop
  endfacet
  facet normal 0 0 1
    outer loop
      vertex 81.2924 152.969 7.5
      vertex 81.3721 151.572 7.5
      vertex 82.0792 152.279 7.5
    endloop
  endfacet
  facet normal 0 0 1
    outer loop
      vertex 81.2924 152.969 7.5
      vertex 80.6836 152.176 7.5
      vertex 81.3721 151.572 7.5
    endloop
  endfacet
  facet normal 0 0 1
    outer loop
      vertex 80.4223 153.551 7.5
      vertex 80.6836 152.176 7.5
      vertex 81.2924 152.969 7.5
    endloop
  endfacet
  facet normal 0 0 1
    outer loop
      vertex 80.4223 153.551 7.5
      vertex 79.9223 152.684 7.5
      vertex 80.6836 152.176 7.5
    endloop
  endfacet
  facet normal 0 0 1
    outer loop
      vertex 79.4838 154.013 7.5
      vertex 79.9223 152.684 7.5
      vertex 80.4223 153.551 7.5
    endloop
  endfacet
  facet normal 0 0 1
    outer loop
      vertex 79.4838 154.013 7.5
      vertex 79.1011 153.089 7.5
      vertex 79.9223 152.684 7.5
    endloop
  endfacet
  facet normal 0 0 1
    outer loop
      vertex 78.4929 154.35 7.5
      vertex 79.1011 153.089 7.5
      vertex 79.4838 154.013 7.5
    endloop
  endfacet
  facet normal 0 0 1
    outer loop
      vertex 78.4929 154.35 7.5
      vertex 78.234 153.384 7.5
      vertex 79.1011 153.089 7.5
    endloop
  endfacet
  facet normal 0 0 1
    outer loop
      vertex 77.4665 154.554 7.5
      vertex 78.234 153.384 7.5
      vertex 78.4929 154.35 7.5
    endloop
  endfacet
  facet normal 0 0 1
    outer loop
      vertex 77.4665 154.554 7.5
      vertex 77.336 153.562 7.5
      vertex 78.234 153.384 7.5
    endloop
  endfacet
  facet normal 0 0 1
    outer loop
      vertex 76.4223 154.622 7.5
      vertex 77.336 153.562 7.5
      vertex 77.4665 154.554 7.5
    endloop
  endfacet
  facet normal 0 0 1
    outer loop
      vertex 76.4223 154.622 7.5
      vertex 76.4223 153.622 7.5
      vertex 77.336 153.562 7.5
    endloop
  endfacet
  facet normal -0 0 1
    outer loop
      vertex 8 154.622 7.5
      vertex 76.4223 153.622 7.5
      vertex 76.4223 154.622 7.5
    endloop
  endfacet
  facet normal 0 0 1
    outer loop
      vertex 8 154.622 7.5
      vertex 8 153.622 7.5
      vertex 76.4223 153.622 7.5
    endloop
  endfacet
  facet normal 0 0 1
    outer loop
      vertex 8 154.622 7.5
      vertex 7.08632 153.562 7.5
      vertex 8 153.622 7.5
    endloop
  endfacet
  facet normal -0 0 1
    outer loop
      vertex 6.95579 154.554 7.5
      vertex 7.08632 153.562 7.5
      vertex 8 154.622 7.5
    endloop
  endfacet
  facet normal 0 0 1
    outer loop
      vertex 6.95579 154.554 7.5
      vertex 6.18827 153.384 7.5
      vertex 7.08632 153.562 7.5
    endloop
  endfacet
  facet normal -0 0 1
    outer loop
      vertex 5.92945 154.35 7.5
      vertex 6.18827 153.384 7.5
      vertex 6.95579 154.554 7.5
    endloop
  endfacet
  facet normal 0 0 1
    outer loop
      vertex 5.92945 154.35 7.5
      vertex 5.32122 153.089 7.5
      vertex 6.18827 153.384 7.5
    endloop
  endfacet
  facet normal -0 0 1
    outer loop
      vertex 4.93853 154.013 7.5
      vertex 5.32122 153.089 7.5
      vertex 5.92945 154.35 7.5
    endloop
  endfacet
  facet normal 0 0 1
    outer loop
      vertex 4.93853 154.013 7.5
      vertex 4.5 152.684 7.5
      vertex 5.32122 153.089 7.5
    endloop
  endfacet
  facet normal -0 0 1
    outer loop
      vertex 4 153.551 7.5
      vertex 4.5 152.684 7.5
      vertex 4.93853 154.013 7.5
    endloop
  endfacet
  facet normal 0 0 1
    outer loop
      vertex 4 153.551 7.5
      vertex 3.73867 152.176 7.5
      vertex 4.5 152.684 7.5
    endloop
  endfacet
  facet normal -0 0 1
    outer loop
      vertex 3.12991 152.969 7.5
      vertex 3.73867 152.176 7.5
      vertex 4 153.551 7.5
    endloop
  endfacet
  facet normal 0 0 1
    outer loop
      vertex 3.12991 152.969 7.5
      vertex 3.05025 151.572 7.5
      vertex 3.73867 152.176 7.5
    endloop
  endfacet
  facet normal -0 0 1
    outer loop
      vertex 2.34315 152.279 7.5
      vertex 3.05025 151.572 7.5
      vertex 3.12991 152.969 7.5
    endloop
  endfacet
  facet normal 0 0 1
    outer loop
      vertex 3.05025 151.572 7.5
      vertex 2.34315 152.279 7.5
      vertex 2.44653 150.884 7.5
    endloop
  endfacet
  facet normal -0 0 1
    outer loop
      vertex 1.65317 151.492 7.5
      vertex 2.44653 150.884 7.5
      vertex 2.34315 152.279 7.5
    endloop
  endfacet
  facet normal 0 0 1
    outer loop
      vertex 2.44653 150.884 7.5
      vertex 1.65317 151.492 7.5
      vertex 1.93782 150.122 7.5
    endloop
  endfacet
  facet normal -0 0 1
    outer loop
      vertex 1.0718 150.622 7.5
      vertex 1.93782 150.122 7.5
      vertex 1.65317 151.492 7.5
    endloop
  endfacet
  facet normal 0 0 1
    outer loop
      vertex 1.93782 150.122 7.5
      vertex 1.0718 150.622 7.5
      vertex 1.53284 149.301 7.5
    endloop
  endfacet
  facet normal -0 0 1
    outer loop
      vertex 0.608964 149.684 7.5
      vertex 1.53284 149.301 7.5
      vertex 1.0718 150.622 7.5
    endloop
  endfacet
  facet normal 0 0 1
    outer loop
      vertex 1.53284 149.301 7.5
      vertex 0.608964 149.684 7.5
      vertex 1.23852 148.434 7.5
    endloop
  endfacet
  facet normal -0 0 1
    outer loop
      vertex 0.272593 148.693 7.5
      vertex 1.23852 148.434 7.5
      vertex 0.608964 149.684 7.5
    endloop
  endfacet
  facet normal -0 0 1
    outer loop
      vertex 0.0684414 147.667 7.5
      vertex 1.05989 147.536 7.5
      vertex 0.272593 148.693 7.5
    endloop
  endfacet
  facet normal 0 0 1
    outer loop
      vertex 1.23852 148.434 7.5
      vertex 0.272593 148.693 7.5
      vertex 1.05989 147.536 7.5
    endloop
  endfacet
  facet normal 0 0 1
    outer loop
      vertex 84.3539 6.95579 7.5
      vertex 83.3624 7.08632 7.5
      vertex 84.1497 5.92945 7.5
    endloop
  endfacet
  facet normal -0 0 1
    outer loop
      vertex 83.1838 6.18827 7.5
      vertex 84.1497 5.92945 7.5
      vertex 83.3624 7.08632 7.5
    endloop
  endfacet
  facet normal 0 0 1
    outer loop
      vertex 84.1497 5.92945 7.5
      vertex 83.1838 6.18827 7.5
      vertex 83.8133 4.93853 7.5
    endloop
  endfacet
  facet normal -0 0 1
    outer loop
      vertex 82.8895 5.32122 7.5
      vertex 83.8133 4.93853 7.5
      vertex 83.1838 6.18827 7.5
    endloop
  endfacet
  facet normal 0 0 1
    outer loop
      vertex 83.8133 4.93853 7.5
      vertex 82.8895 5.32122 7.5
      vertex 83.3505 4 7.5
    endloop
  endfacet
  facet normal -0 0 1
    outer loop
      vertex 82.4845 4.5 7.5
      vertex 83.3505 4 7.5
      vertex 82.8895 5.32122 7.5
    endloop
  endfacet
  facet normal 0 0 1
    outer loop
      vertex 83.3505 4 7.5
      vertex 82.4845 4.5 7.5
      vertex 82.7691 3.12991 7.5
    endloop
  endfacet
  facet normal -0 0 1
    outer loop
      vertex 81.9758 3.73867 7.5
      vertex 82.7691 3.12991 7.5
      vertex 82.4845 4.5 7.5
    endloop
  endfacet
  facet normal 0 0 1
    outer loop
      vertex 82.7691 3.12991 7.5
      vertex 81.9758 3.73867 7.5
      vertex 82.0792 2.34315 7.5
    endloop
  endfacet
  facet normal -0 0 1
    outer loop
      vertex 81.3721 3.05025 7.5
      vertex 82.0792 2.34315 7.5
      vertex 81.9758 3.73867 7.5
    endloop
  endfacet
  facet normal 0 0 1
    outer loop
      vertex 81.3721 3.05025 7.5
      vertex 81.2924 1.65317 7.5
      vertex 82.0792 2.34315 7.5
    endloop
  endfacet
  facet normal -0 0 1
    outer loop
      vertex 80.6836 2.44653 7.5
      vertex 81.2924 1.65317 7.5
      vertex 81.3721 3.05025 7.5
    endloop
  endfacet
  facet normal 0 0 1
    outer loop
      vertex 80.6836 2.44653 7.5
      vertex 80.4223 1.0718 7.5
      vertex 81.2924 1.65317 7.5
    endloop
  endfacet
  facet normal -0 0 1
    outer loop
      vertex 79.9223 1.93782 7.5
      vertex 80.4223 1.0718 7.5
      vertex 80.6836 2.44653 7.5
    endloop
  endfacet
  facet normal 0 0 1
    outer loop
      vertex 79.9223 1.93782 7.5
      vertex 79.4838 0.608964 7.5
      vertex 80.4223 1.0718 7.5
    endloop
  endfacet
  facet normal -0 0 1
    outer loop
      vertex 79.1011 1.53284 7.5
      vertex 79.4838 0.608964 7.5
      vertex 79.9223 1.93782 7.5
    endloop
  endfacet
  facet normal 0 0 1
    outer loop
      vertex 79.1011 1.53284 7.5
      vertex 78.4929 0.272593 7.5
      vertex 79.4838 0.608964 7.5
    endloop
  endfacet
  facet normal -0 0 1
    outer loop
      vertex 78.234 1.23852 7.5
      vertex 78.4929 0.272593 7.5
      vertex 79.1011 1.53284 7.5
    endloop
  endfacet
  facet normal 0 0 1
    outer loop
      vertex 78.234 1.23852 7.5
      vertex 77.4665 0.0684414 7.5
      vertex 78.4929 0.272593 7.5
    endloop
  endfacet
  facet normal -0 0 1
    outer loop
      vertex 77.336 1.05989 7.5
      vertex 77.4665 0.0684414 7.5
      vertex 78.234 1.23852 7.5
    endloop
  endfacet
  facet normal -0 0 1
    outer loop
      vertex 76.4223 1 7.5
      vertex 77.4665 0.0684414 7.5
      vertex 77.336 1.05989 7.5
    endloop
  endfacet
  facet normal 0 0 1
    outer loop
      vertex 76.4223 1 7.5
      vertex 76.4223 0 7.5
      vertex 77.4665 0.0684414 7.5
    endloop
  endfacet
  facet normal -0 0 1
    outer loop
      vertex 8 1 7.5
      vertex 76.4223 0 7.5
      vertex 76.4223 1 7.5
    endloop
  endfacet
  facet normal 0 0 1
    outer loop
      vertex 8 1 7.5
      vertex 8 0 7.5
      vertex 76.4223 0 7.5
    endloop
  endfacet
  facet normal 0 0 1
    outer loop
      vertex 7.08632 1.05989 7.5
      vertex 8 0 7.5
      vertex 8 1 7.5
    endloop
  endfacet
  facet normal 0 0 1
    outer loop
      vertex 7.08632 1.05989 7.5
      vertex 6.95579 0.0684414 7.5
      vertex 8 0 7.5
    endloop
  endfacet
  facet normal 0 0 1
    outer loop
      vertex 6.18827 1.23852 7.5
      vertex 6.95579 0.0684414 7.5
      vertex 7.08632 1.05989 7.5
    endloop
  endfacet
  facet normal 0 0 1
    outer loop
      vertex 6.18827 1.23852 7.5
      vertex 5.92945 0.272593 7.5
      vertex 6.95579 0.0684414 7.5
    endloop
  endfacet
  facet normal 0 0 1
    outer loop
      vertex 5.32122 1.53284 7.5
      vertex 5.92945 0.272593 7.5
      vertex 6.18827 1.23852 7.5
    endloop
  endfacet
  facet normal 0 0 1
    outer loop
      vertex 5.32122 1.53284 7.5
      vertex 4.93853 0.608964 7.5
      vertex 5.92945 0.272593 7.5
    endloop
  endfacet
  facet normal 0 0 1
    outer loop
      vertex 4.5 1.93782 7.5
      vertex 4.93853 0.608964 7.5
      vertex 5.32122 1.53284 7.5
    endloop
  endfacet
  facet normal 0 0 1
    outer loop
      vertex 4.5 1.93782 7.5
      vertex 4 1.0718 7.5
      vertex 4.93853 0.608964 7.5
    endloop
  endfacet
  facet normal 0 0 1
    outer loop
      vertex 3.73867 2.44653 7.5
      vertex 4 1.0718 7.5
      vertex 4.5 1.93782 7.5
    endloop
  endfacet
  facet normal 0 0 1
    outer loop
      vertex 3.73867 2.44653 7.5
      vertex 3.12991 1.65317 7.5
      vertex 4 1.0718 7.5
    endloop
  endfacet
  facet normal 0 0 1
    outer loop
      vertex 3.05025 3.05025 7.5
      vertex 3.12991 1.65317 7.5
      vertex 3.73867 2.44653 7.5
    endloop
  endfacet
  facet normal 0 0 1
    outer loop
      vertex 2.34315 2.34315 7.5
      vertex 3.05025 3.05025 7.5
      vertex 2.44653 3.73867 7.5
    endloop
  endfacet
  facet normal 0 0 1
    outer loop
      vertex 3.05025 3.05025 7.5
      vertex 2.34315 2.34315 7.5
      vertex 3.12991 1.65317 7.5
    endloop
  endfacet
  facet normal 0 0 1
    outer loop
      vertex 1.65317 3.12991 7.5
      vertex 2.44653 3.73867 7.5
      vertex 1.93782 4.5 7.5
    endloop
  endfacet
  facet normal 0 0 1
    outer loop
      vertex 2.44653 3.73867 7.5
      vertex 1.65317 3.12991 7.5
      vertex 2.34315 2.34315 7.5
    endloop
  endfacet
  facet normal 0 0 1
    outer loop
      vertex 1.0718 4 7.5
      vertex 1.93782 4.5 7.5
      vertex 1.53284 5.32122 7.5
    endloop
  endfacet
  facet normal 0 0 1
    outer loop
      vertex 0.608964 4.93853 7.5
      vertex 1.53284 5.32122 7.5
      vertex 1.23852 6.18827 7.5
    endloop
  endfacet
  facet normal 0 0 1
    outer loop
      vertex 1.93782 4.5 7.5
      vertex 1.0718 4 7.5
      vertex 1.65317 3.12991 7.5
    endloop
  endfacet
  facet normal 0 0 1
    outer loop
      vertex 0.272593 5.92945 7.5
      vertex 1.23852 6.18827 7.5
      vertex 1.05989 7.08632 7.5
    endloop
  endfacet
  facet normal 0 0 1
    outer loop
      vertex 0.0684414 6.95579 7.5
      vertex 1.05989 7.08632 7.5
      vertex 1 8 7.5
    endloop
  endfacet
  facet normal 0 0 1
    outer loop
      vertex 1.53284 5.32122 7.5
      vertex 0.608964 4.93853 7.5
      vertex 1.0718 4 7.5
    endloop
  endfacet
  facet normal 0 0 1
    outer loop
      vertex 1 146.622 7.5
      vertex 0 146.622 7.5
      vertex 1 8 7.5
    endloop
  endfacet
  facet normal 0 0 1
    outer loop
      vertex 1.05989 147.536 7.5
      vertex 0.0684414 147.667 7.5
      vertex 1 146.622 7.5
    endloop
  endfacet
  facet normal 0 0 1
    outer loop
      vertex 0 8 7.5
      vertex 1 8 7.5
      vertex 0 146.622 7.5
    endloop
  endfacet
  facet normal 0 0 1
    outer loop
      vertex 1 146.622 7.5
      vertex 0.0684414 147.667 7.5
      vertex 0 146.622 7.5
    endloop
  endfacet
  facet normal 0 -0 1
    outer loop
      vertex 0.0684414 6.95579 7.5
      vertex 1 8 7.5
      vertex 0 8 7.5
    endloop
  endfacet
  facet normal 0 0 1
    outer loop
      vertex 1.23852 6.18827 7.5
      vertex 0.272593 5.92945 7.5
      vertex 0.608964 4.93853 7.5
    endloop
  endfacet
  facet normal 0 0 1
    outer loop
      vertex 1.05989 7.08632 7.5
      vertex 0.0684414 6.95579 7.5
      vertex 0.272593 5.92945 7.5
    endloop
  endfacet
  facet normal -0.659362 0.751826 0
    outer loop
      vertex 3.12991 152.969 1.5
      vertex 2.34315 152.279 7.5
      vertex 3.12991 152.969 7.5
    endloop
  endfacet
  facet normal -0.659362 0.751826 0
    outer loop
      vertex 2.34315 152.279 7.5
      vertex 3.12991 152.969 1.5
      vertex 2.34315 152.279 1.5
    endloop
  endfacet
  facet normal -0.0128034 0.064318 -0.997847
    outer loop
      vertex 6.31768 152.901 0
      vertex 6.267 153.09 0.0128326
      vertex 7.12602 153.261 0.0128326
    endloop
  endfacet
  facet normal -0.442096 -0.0289762 -0.8965
    outer loop
      vertex 0.986495 7.07665 0.114181
      vertex 0.75 8 0.200961
      vertex 0.925976 8 0.114181
    endloop
  endfacet
  facet normal -0.0654034 -0.997859 0
    outer loop
      vertex 6.95579 0.0684414 4.52586
      vertex 8 0 7.5
      vertex 6.95579 0.0684414 7.5
    endloop
  endfacet
  facet normal -0.0654024 -0.997859 -3.44208e-07
    outer loop
      vertex 7.03526 0.0632328 4.29176
      vertex 8 0 7.5
      vertex 6.95579 0.0684414 4.52586
    endloop
  endfacet
  facet normal -0.0654017 -0.997859 -5.48437e-07
    outer loop
      vertex 7.08375 0.0600548 4.048
      vertex 8 0 7.5
      vertex 7.03526 0.0632328 4.29176
    endloop
  endfacet
  facet normal -0.0653996 -0.997859 1.51565e-06
    outer loop
      vertex 8 0 1.5
      vertex 7.08375 0.0600548 4.048
      vertex 7.1 0.0589894 3.8
    endloop
  endfacet
  facet normal -0.0654062 -0.997859 -1.08086e-06
    outer loop
      vertex 8 0 1.5
      vertex 7.1 0.0589894 3.8
      vertex 7.08375 0.0600548 3.552
    endloop
  endfacet
  facet normal -0.0654023 -0.997859 6.63759e-07
    outer loop
      vertex 8 0 1.5
      vertex 7.08375 0.0600548 3.552
      vertex 7.03526 0.0632328 3.30824
    endloop
  endfacet
  facet normal -0.0654034 -0.997859 0
    outer loop
      vertex 8 0 1.5
      vertex 6.95579 0.0684414 3.07414
      vertex 6.95579 0.0684414 1.5
    endloop
  endfacet
  facet normal -0.0654027 -0.997859 4.47838e-07
    outer loop
      vertex 6.95579 0.0684414 3.07414
      vertex 8 0 1.5
      vertex 7.03526 0.0632328 3.30824
    endloop
  endfacet
  facet normal -0.0654038 -0.997859 0
    outer loop
      vertex 7.08375 0.0600548 4.048
      vertex 8 0 1.5
      vertex 8 0 7.5
    endloop
  endfacet
  facet normal -0.442324 -0.896855 0
    outer loop
      vertex 4 1.0718 1.5
      vertex 4.04335 1.05042 2.29263
      vertex 4 1.0718 2.33065
    endloop
  endfacet
  facet normal -0.442292 -0.896871 -2.22841e-06
    outer loop
      vertex 4 1.0718 1.5
      vertex 4.25 0.948511 2.15455
      vertex 4.04335 1.05042 2.29263
    endloop
  endfacet
  facet normal -0.442292 -0.896871 -1.90414e-06
    outer loop
      vertex 4 1.0718 1.5
      vertex 4.4729 0.838588 2.04463
      vertex 4.25 0.948511 2.15455
    endloop
  endfacet
  facet normal -0.442293 -0.896871 -1.53419e-06
    outer loop
      vertex 4 1.0718 1.5
      vertex 4.70824 0.72253 1.96474
      vertex 4.4729 0.838588 2.04463
    endloop
  endfacet
  facet normal -0.442292 -0.896871 -2.88789e-06
    outer loop
      vertex 4.93853 0.608964 1.5
      vertex 4.70824 0.72253 1.96474
      vertex 4 1.0718 1.5
    endloop
  endfacet
  facet normal -0.442287 -0.896873 0
    outer loop
      vertex 4.70824 0.72253 1.96474
      vertex 4.93853 0.608964 1.5
      vertex 4.93853 0.608964 1.91893
    endloop
  endfacet
  facet normal -0.442292 -0.896871 7.19736e-07
    outer loop
      vertex 4.70824 0.72253 5.63526
      vertex 4.93853 0.608964 7.5
      vertex 4 1.0718 7.5
    endloop
  endfacet
  facet normal -0.442287 -0.896873 -0
    outer loop
      vertex 4.93853 0.608964 7.5
      vertex 4.70824 0.72253 5.63526
      vertex 4.93853 0.608964 5.68107
    endloop
  endfacet
  facet normal -0.442292 -0.896871 5.13905e-07
    outer loop
      vertex 4 1.0718 7.5
      vertex 4.4729 0.838588 5.55537
      vertex 4.70824 0.72253 5.63526
    endloop
  endfacet
  facet normal -0.442292 -0.896871 6.80082e-07
    outer loop
      vertex 4 1.0718 7.5
      vertex 4.25 0.948511 5.44545
      vertex 4.4729 0.838588 5.55537
    endloop
  endfacet
  facet normal -0.442291 -0.896872 8.24115e-07
    outer loop
      vertex 4 1.0718 7.5
      vertex 4.04335 1.05042 5.30737
      vertex 4.25 0.948511 5.44545
    endloop
  endfacet
  facet normal -0.442324 -0.896855 0
    outer loop
      vertex 4.04335 1.05042 5.30737
      vertex 4 1.0718 7.5
      vertex 4 1.0718 5.26935
    endloop
  endfacet
  facet normal 0.746103 -0.49855 -0.441338
    outer loop
      vertex 83.2516 4.05709 0.925975
      vertex 82.6785 3.19942 0.925975
      vertex 83.1765 4.10048 0.75
    endloop
  endfacet
  facet normal -0.433827 -0.87971 -0.194692
    outer loop
      vertex 4.94344 0.62082 1.30421
      vertex 4.00642 1.08291 1.30421
      vertex 4.95809 0.656185 1.11177
    endloop
  endfacet
  facet normal -0.418912 -0.849465 -0.320816
    outer loop
      vertex 4.95809 0.656185 1.11177
      vertex 4.02556 1.11606 1.11177
      vertex 4.05709 1.17068 0.925975
    endloop
  endfacet
  facet normal -0.267446 -0.787867 -0.554741
    outer loop
      vertex 5.98146 0.466708 0.75
      vertex 5.01544 0.794629 0.75
      vertex 6.00967 0.572001 0.586858
    endloop
  endfacet
  facet normal -0.433827 -0.87971 -0.194688
    outer loop
      vertex 4.95809 0.656185 1.11177
      vertex 4.00642 1.08291 1.30421
      vertex 4.02556 1.11606 1.11177
    endloop
  endfacet
  facet normal -0.332843 -0.674931 -0.658547
    outer loop
      vertex 5.05715 0.895339 0.586858
      vertex 4.21967 1.45228 0.43934
      vertex 5.10666 1.01486 0.43934
    endloop
  endfacet
  facet normal 0 -0.555576 -0.831466
    outer loop
      vertex 8 0.586859 0.30997
      vertex 76.4223 0.75 0.200961
      vertex 76.4223 0.586859 0.30997
    endloop
  endfacet
  facet normal -0 -0.555576 -0.831466
    outer loop
      vertex 76.4223 0.75 0.200961
      vertex 8 0.586859 0.30997
      vertex 8 0.75 0.200961
    endloop
  endfacet
  facet normal 0.804843 -0.396897 -0.441249
    outer loop
      vertex 83.7078 4.98223 0.925975
      vertex 83.1765 4.10048 0.75
      vertex 83.6277 5.01544 0.75
    endloop
  endfacet
  facet normal 0.896786 0.442465 0
    outer loop
      vertex 83.8133 149.684 7.5
      vertex 83.3505 150.622 1.5
      vertex 83.3505 150.622 7.5
    endloop
  endfacet
  facet normal 0.896786 0.442465 0
    outer loop
      vertex 83.3505 150.622 1.5
      vertex 83.8133 149.684 7.5
      vertex 83.8133 149.684 1.5
    endloop
  endfacet
  facet normal 0.315838 0.0628543 -0.946729
    outer loop
      vertex 83.4358 147.546 0.114181
      vertex 83.0758 148.405 0.0511112
      vertex 83.2553 148.453 0.114181
    endloop
  endfacet
  facet normal 0.368273 0.745427 -0.555621
    outer loop
      vertex 80.3218 153.376 0.75
      vertex 79.3652 153.727 0.586858
      vertex 79.4069 153.828 0.75
    endloop
  endfacet
  facet normal 0.418192 0.625717 -0.658478
    outer loop
      vertex 81.1037 152.723 0.586858
      vertex 80.2026 153.17 0.43934
      vertex 80.2673 153.282 0.586858
    endloop
  endfacet
  facet normal -0.0642841 -0.0127867 -0.99785
    outer loop
      vertex 1.72148 6.31768 0
      vertex 1.3615 7.12602 0.0128326
      vertex 1.55561 7.15158 0
    endloop
  endfacet
  facet normal -0.997859 -0.0654034 0
    outer loop
      vertex 0.0684414 6.95579 1.5
      vertex 0 8 7.5
      vertex 0 8 1.5
    endloop
  endfacet
  facet normal -0.997859 -0.0654034 0
    outer loop
      vertex 0 8 7.5
      vertex 0.0684414 6.95579 1.5
      vertex 0.0684414 6.95579 7.5
    endloop
  endfacet
  facet normal -0.73783 0.14676 -0.658839
    outer loop
      vertex 0.696963 148.579 0.43934
      vertex 0.504023 147.609 0.43934
      vertex 0.572001 148.613 0.586858
    endloop
  endfacet
  facet normal -0.658732 -0.0431752 -0.751138
    outer loop
      vertex 0.650279 7.03239 0.30997
      vertex 0.504023 7.01314 0.43934
      vertex 0.586859 8 0.30997
    endloop
  endfacet
  facet normal -0.195074 -0.0127872 -0.980705
    outer loop
      vertex 1.3615 7.12602 0.0128326
      vertex 1.11177 8 0.0511112
      vertex 1.30421 8 0.0128326
    endloop
  endfacet
  facet normal -0.978726 0.194623 -0.0649479
    outer loop
      vertex 0.284989 148.69 1.30421
      vertex 0.0811644 147.665 1.30421
      vertex 0.272593 148.693 1.5
    endloop
  endfacet
  facet normal -0.194517 0.978632 -0.066648
    outer loop
      vertex 6.95747 154.541 1.30421
      vertex 5.92945 154.35 1.5
      vertex 6.95579 154.554 1.5
    endloop
  endfacet
  facet normal -0.980773 0.195152 0
    outer loop
      vertex 0.0684414 147.667 1.5
      vertex 0.272593 148.693 7.5
      vertex 0.272593 148.693 1.5
    endloop
  endfacet
  facet normal -0.980773 0.195152 0
    outer loop
      vertex 0.272593 148.693 7.5
      vertex 0.0684414 147.667 1.5
      vertex 0.0684414 147.667 7.5
    endloop
  endfacet
  facet normal -0.712241 0.241643 -0.659031
    outer loop
      vertex 0.696963 148.579 0.43934
      vertex 0.572001 148.613 0.586858
      vertex 1.01486 149.516 0.43934
    endloop
  endfacet
  facet normal 0.304395 0.897327 -0.319604
    outer loop
      vertex 79.4401 153.908 0.925975
      vertex 78.4796 154.3 1.11177
      vertex 79.4642 153.966 1.11177
    endloop
  endfacet
  facet normal -0.736908 0.646668 -0.196944
    outer loop
      vertex 1.69372 151.461 1.11177
      vertex 1.66335 151.485 1.30421
      vertex 2.35222 152.27 1.30421
    endloop
  endfacet
  facet normal -0.646979 0.737594 -0.19332
    outer loop
      vertex 3.16102 152.929 1.11177
      vertex 2.35222 152.27 1.30421
      vertex 3.13772 152.959 1.30421
    endloop
  endfacet
  facet normal -0.751935 0.659238 0
    outer loop
      vertex 1.65317 151.492 1.5
      vertex 2.34315 152.279 7.5
      vertex 2.34315 152.279 1.5
    endloop
  endfacet
  facet normal -0.751935 0.659238 0
    outer loop
      vertex 2.34315 152.279 7.5
      vertex 1.65317 151.492 1.5
      vertex 1.65317 151.492 7.5
    endloop
  endfacet
  facet normal -0.657986 0.750257 -0.0645663
    outer loop
      vertex 3.13772 152.959 1.30421
      vertex 2.34315 152.279 1.5
      vertex 3.12991 152.969 1.5
    endloop
  endfacet
  facet normal 0.419402 0.850202 -0.318211
    outer loop
      vertex 80.3652 153.452 0.925975
      vertex 79.4642 153.966 1.11177
      vertex 80.3967 153.506 1.11177
    endloop
  endfacet
  facet normal 0.0638615 0.979054 -0.193328
    outer loop
      vertex 77.4648 154.541 1.30421
      vertex 76.4223 154.571 1.11177
      vertex 76.4223 154.609 1.30421
    endloop
  endfacet
  facet normal 0.0649471 0.995696 -0.0661119
    outer loop
      vertex 77.4648 154.541 1.30421
      vertex 76.4223 154.609 1.30421
      vertex 76.4223 154.622 1.5
    endloop
  endfacet
  facet normal -0.555567 -0.831472 0
    outer loop
      vertex 3.12991 1.65317 7.5
      vertex 4 1.0718 5.26935
      vertex 4 1.0718 7.5
    endloop
  endfacet
  facet normal -0.555558 -0.831477 4.57894e-06
    outer loop
      vertex 3.12991 1.65317 7.5
      vertex 3.8565 1.16768 5.1435
      vertex 4 1.0718 5.26935
    endloop
  endfacet
  facet normal -0.555572 -0.831469 -1.28184e-06
    outer loop
      vertex 3.12991 1.65317 7.5
      vertex 3.80813 1.2 5.08835
      vertex 3.8565 1.16768 5.1435
    endloop
  endfacet
  facet normal -0.555568 -0.831471 0
    outer loop
      vertex 3.12991 1.65317 1.5
      vertex 3.80813 1.2 5.08835
      vertex 3.12991 1.65317 7.5
    endloop
  endfacet
  facet normal -0.555568 -0.831471 -0
    outer loop
      vertex 3.80813 1.2 5.08835
      vertex 3.12991 1.65317 1.5
      vertex 3.80813 1.2 2.51165
    endloop
  endfacet
  facet normal -0.555571 -0.831469 2.28724e-06
    outer loop
      vertex 3.12991 1.65317 1.5
      vertex 3.8565 1.16768 2.4565
      vertex 3.80813 1.2 2.51165
    endloop
  endfacet
  facet normal -0.555561 -0.831476 -8.60128e-06
    outer loop
      vertex 3.12991 1.65317 1.5
      vertex 4 1.0718 2.33065
      vertex 3.8565 1.16768 2.4565
    endloop
  endfacet
  facet normal -0.555567 -0.831472 -0
    outer loop
      vertex 4 1.0718 2.33065
      vertex 3.12991 1.65317 1.5
      vertex 4 1.0718 1.5
    endloop
  endfacet
  facet normal -0.304446 -0.896872 -0.320833
    outer loop
      vertex 5.94268 0.321963 1.11177
      vertex 4.95809 0.656185 1.11177
      vertex 4.98223 0.714454 0.925975
    endloop
  endfacet
  facet normal -0.0652639 -0.995731 -0.0652655
    outer loop
      vertex 8 0 1.5
      vertex 6.95579 0.0684414 1.5
      vertex 6.95747 0.0811644 1.30421
    endloop
  endfacet
  facet normal -0.526199 -0.787508 -0.320853
    outer loop
      vertex 4.05709 1.17068 0.925975
      vertex 3.16102 1.69372 1.11177
      vertex 3.19942 1.74376 0.925975
    endloop
  endfacet
  facet normal -0.291979 -0.592073 -0.751131
    outer loop
      vertex 5.16311 1.15115 0.30997
      vertex 4.21967 1.45228 0.43934
      vertex 4.29343 1.58003 0.30997
    endloop
  endfacet
  facet normal -0.544935 -0.815563 -0.194689
    outer loop
      vertex 4.00642 1.08291 1.30421
      vertex 3.16102 1.69372 1.11177
      vertex 4.02556 1.11606 1.11177
    endloop
  endfacet
  facet normal -0.396845 -0.804717 -0.441525
    outer loop
      vertex 4.98223 0.714454 0.925975
      vertex 4.10048 1.24584 0.75
      vertex 5.01544 0.794629 0.75
    endloop
  endfacet
  facet normal -0.544935 -0.815563 -0.194687
    outer loop
      vertex 4.00642 1.08291 1.30421
      vertex 3.13772 1.66335 1.30421
      vertex 3.16102 1.69372 1.11177
    endloop
  endfacet
  facet normal -0.751835 -0.659351 0
    outer loop
      vertex 2.34315 2.34315 1.5
      vertex 1.65317 3.12991 7.5
      vertex 1.65317 3.12991 1.5
    endloop
  endfacet
  facet normal -0.751835 -0.659351 0
    outer loop
      vertex 1.65317 3.12991 7.5
      vertex 2.34315 2.34315 1.5
      vertex 2.34315 2.34315 7.5
    endloop
  endfacet
  facet normal -0.178848 -0.526871 -0.830915
    outer loop
      vertex 6.12356 0.997038 0.200961
      vertex 5.16311 1.15115 0.30997
      vertex 5.22555 1.30187 0.200961
    endloop
  endfacet
  facet normal 0.0652653 -0.995731 -0.065268
    outer loop
      vertex 77.4648 0.0811644 1.30421
      vertex 76.4223 0 1.5
      vertex 76.4223 0.0128336 1.30421
    endloop
  endfacet
  facet normal -0.241893 -0.712597 -0.658554
    outer loop
      vertex 6.00967 0.572001 0.586858
      vertex 5.10666 1.01486 0.43934
      vertex 6.04316 0.696963 0.43934
    endloop
  endfacet
  facet normal -0.367997 -0.74622 -0.554737
    outer loop
      vertex 5.01544 0.794629 0.75
      vertex 4.10048 1.24584 0.75
      vertex 5.05715 0.895339 0.586858
    endloop
  endfacet
  facet normal 0.108612 -0.162555 -0.980703
    outer loop
      vertex 79.8664 2.03462 0.0511112
      vertex 79.7702 2.20128 0.0128326
      vertex 80.6156 2.5352 0.0511112
    endloop
  endfacet
  facet normal 0.108543 -0.545671 -0.83094
    outer loop
      vertex 78.341 0.839455 0.30997
      vertex 77.3686 0.812025 0.200961
      vertex 78.2987 0.997038 0.200961
    endloop
  endfacet
  facet normal 0.442047 -0.028964 -0.896524
    outer loop
      vertex 83.6723 8 0.200961
      vertex 83.4358 7.07665 0.114181
      vertex 83.4963 8 0.114181
    endloop
  endfacet
  facet normal 0 -1 0
    outer loop
      vertex 73.8517 0 4.88296
      vertex 76.4223 0 7.5
      vertex 73.7876 0 4.89572
    endloop
  endfacet
  facet normal 0 -1 0
    outer loop
      vertex 76.4223 0 7.5
      vertex 75.657 0 4.89572
      vertex 75.7223 0 4.9
    endloop
  endfacet
  facet normal 0 -1 0
    outer loop
      vertex 73.9137 0 4.86194
      vertex 76.4223 0 7.5
      vertex 73.8517 0 4.88296
    endloop
  endfacet
  facet normal 0 -1 0
    outer loop
      vertex 76.4223 0 7.5
      vertex 75.5929 0 4.88296
      vertex 75.657 0 4.89572
    endloop
  endfacet
  facet normal 0 -1 0
    outer loop
      vertex 75.531 0 4.86194
      vertex 76.4223 0 7.5
      vertex 73.9137 0 4.86194
    endloop
  endfacet
  facet normal 0 -1 0
    outer loop
      vertex 76.4223 0 7.5
      vertex 75.531 0 4.86194
      vertex 75.5929 0 4.88296
    endloop
  endfacet
  facet normal 0 -1 0
    outer loop
      vertex 73.9723 0 4.83301
      vertex 75.531 0 4.86194
      vertex 73.9137 0 4.86194
    endloop
  endfacet
  facet normal 0 -1 0
    outer loop
      vertex 73.9723 0 4.83301
      vertex 75.4723 0 4.83301
      vertex 75.531 0 4.86194
    endloop
  endfacet
  facet normal 0 -1 0
    outer loop
      vertex 74.0267 0 4.79668
      vertex 75.4723 0 4.83301
      vertex 73.9723 0 4.83301
    endloop
  endfacet
  facet normal 0 -1 0
    outer loop
      vertex 74.0267 0 4.79668
      vertex 75.4179 0 4.79668
      vertex 75.4723 0 4.83301
    endloop
  endfacet
  facet normal 0 -1 0
    outer loop
      vertex 74.0759 0 4.75355
      vertex 75.4179 0 4.79668
      vertex 74.0267 0 4.79668
    endloop
  endfacet
  facet normal 0 -1 0
    outer loop
      vertex 74.0759 0 4.75355
      vertex 75.3688 0 4.75355
      vertex 75.4179 0 4.79668
    endloop
  endfacet
  facet normal 0 -1 0
    outer loop
      vertex 74.119 0 4.70438
      vertex 75.3688 0 4.75355
      vertex 74.0759 0 4.75355
    endloop
  endfacet
  facet normal 0 -1 0
    outer loop
      vertex 74.119 0 4.70438
      vertex 75.3256 0 4.70438
      vertex 75.3688 0 4.75355
    endloop
  endfacet
  facet normal 0 -1 0
    outer loop
      vertex 74.1553 0 4.65
      vertex 75.3256 0 4.70438
      vertex 74.119 0 4.70438
    endloop
  endfacet
  facet normal 0 -1 0
    outer loop
      vertex 74.1553 0 4.65
      vertex 75.2893 0 4.65
      vertex 75.3256 0 4.70438
    endloop
  endfacet
  facet normal 0 -1 0
    outer loop
      vertex 74.1842 0 4.59134
      vertex 75.2893 0 4.65
      vertex 74.1553 0 4.65
    endloop
  endfacet
  facet normal 0 -1 0
    outer loop
      vertex 74.1842 0 4.59134
      vertex 75.2604 0 4.59134
      vertex 75.2893 0 4.65
    endloop
  endfacet
  facet normal 0 -1 0
    outer loop
      vertex 74.2053 0 4.52941
      vertex 75.2604 0 4.59134
      vertex 74.1842 0 4.59134
    endloop
  endfacet
  facet normal 0 -1 0
    outer loop
      vertex 74.2053 0 4.52941
      vertex 75.2393 0 4.52941
      vertex 75.2604 0 4.59134
    endloop
  endfacet
  facet normal 0 -1 0
    outer loop
      vertex 74.218 0 4.46526
      vertex 75.2393 0 4.52941
      vertex 74.2053 0 4.52941
    endloop
  endfacet
  facet normal 0 -1 0
    outer loop
      vertex 74.218 0 4.46526
      vertex 75.2266 0 4.46526
      vertex 75.2393 0 4.52941
    endloop
  endfacet
  facet normal 0 -1 0
    outer loop
      vertex 74.2223 0 4.4
      vertex 75.2266 0 4.46526
      vertex 74.218 0 4.46526
    endloop
  endfacet
  facet normal 0 -1 0
    outer loop
      vertex 74.2223 0 4.4
      vertex 75.2223 0 4.4
      vertex 75.2266 0 4.46526
    endloop
  endfacet
  facet normal 0 -1 0
    outer loop
      vertex 74.218 0 4.33474
      vertex 75.2223 0 4.4
      vertex 74.2223 0 4.4
    endloop
  endfacet
  facet normal 0 -1 0
    outer loop
      vertex 74.218 0 4.33474
      vertex 75.2266 0 4.33474
      vertex 75.2223 0 4.4
    endloop
  endfacet
  facet normal 0 -1 0
    outer loop
      vertex 74.2053 0 4.27059
      vertex 75.2266 0 4.33474
      vertex 74.218 0 4.33474
    endloop
  endfacet
  facet normal 0 -1 0
    outer loop
      vertex 74.2053 0 4.27059
      vertex 75.2393 0 4.27059
      vertex 75.2266 0 4.33474
    endloop
  endfacet
  facet normal 0 -1 0
    outer loop
      vertex 74.1842 0 4.20866
      vertex 75.2393 0 4.27059
      vertex 74.2053 0 4.27059
    endloop
  endfacet
  facet normal 0 -1 0
    outer loop
      vertex 74.1842 0 4.20866
      vertex 75.2604 0 4.20866
      vertex 75.2393 0 4.27059
    endloop
  endfacet
  facet normal 0 -1 0
    outer loop
      vertex 74.1553 0 4.15
      vertex 75.2604 0 4.20866
      vertex 74.1842 0 4.20866
    endloop
  endfacet
  facet normal 0 -1 0
    outer loop
      vertex 74.1553 0 4.15
      vertex 75.2893 0 4.15
      vertex 75.2604 0 4.20866
    endloop
  endfacet
  facet normal 0 -1 0
    outer loop
      vertex 74.119 0 4.09562
      vertex 75.2893 0 4.15
      vertex 74.1553 0 4.15
    endloop
  endfacet
  facet normal 0 -1 0
    outer loop
      vertex 74.119 0 4.09562
      vertex 75.3256 0 4.09562
      vertex 75.2893 0 4.15
    endloop
  endfacet
  facet normal 0 -1 0
    outer loop
      vertex 74.0759 0 4.04645
      vertex 75.3256 0 4.09562
      vertex 74.119 0 4.09562
    endloop
  endfacet
  facet normal 0 -1 0
    outer loop
      vertex 74.0759 0 4.04645
      vertex 75.3688 0 4.04645
      vertex 75.3256 0 4.09562
    endloop
  endfacet
  facet normal 0 -1 0
    outer loop
      vertex 74.0267 0 4.00332
      vertex 75.3688 0 4.04645
      vertex 74.0759 0 4.04645
    endloop
  endfacet
  facet normal 0 -1 0
    outer loop
      vertex 74.0267 0 4.00332
      vertex 75.4179 0 4.00332
      vertex 75.3688 0 4.04645
    endloop
  endfacet
  facet normal 0 -1 0
    outer loop
      vertex 73.9723 0 3.96699
      vertex 75.4179 0 4.00332
      vertex 74.0267 0 4.00332
    endloop
  endfacet
  facet normal 0 -1 0
    outer loop
      vertex 73.9723 0 3.96699
      vertex 75.4723 0 3.96699
      vertex 75.4179 0 4.00332
    endloop
  endfacet
  facet normal 0 -1 0
    outer loop
      vertex 73.9137 0 3.93806
      vertex 75.4723 0 3.96699
      vertex 73.9723 0 3.96699
    endloop
  endfacet
  facet normal 0 -1 0
    outer loop
      vertex 73.9137 0 3.93806
      vertex 75.531 0 3.93806
      vertex 75.4723 0 3.96699
    endloop
  endfacet
  facet normal 0 -1 0
    outer loop
      vertex 76.4223 0 1.5
      vertex 73.9137 0 3.93806
      vertex 73.8517 0 3.91704
    endloop
  endfacet
  facet normal 0 -1 0
    outer loop
      vertex 73.9137 0 3.93806
      vertex 76.4223 0 1.5
      vertex 75.531 0 3.93806
    endloop
  endfacet
  facet normal 0 -1 0
    outer loop
      vertex 76.4223 0 1.5
      vertex 73.8517 0 3.91704
      vertex 73.7876 0 3.90428
    endloop
  endfacet
  facet normal 0 -1 0
    outer loop
      vertex 75.531 0 3.93806
      vertex 76.4223 0 1.5
      vertex 75.5929 0 3.91704
    endloop
  endfacet
  facet normal 0 -1 0
    outer loop
      vertex 76.4223 0 1.5
      vertex 73.7876 0 3.90428
      vertex 73.7223 0 3.9
    endloop
  endfacet
  facet normal 0 -1 0
    outer loop
      vertex 75.5929 0 3.91704
      vertex 76.4223 0 1.5
      vertex 75.657 0 3.90428
    endloop
  endfacet
  facet normal 0 -1 0
    outer loop
      vertex 71.8517 0 4.88296
      vertex 76.4223 0 7.5
      vertex 71.7876 0 4.89572
    endloop
  endfacet
  facet normal 0 -1 0
    outer loop
      vertex 76.4223 0 7.5
      vertex 73.657 0 4.89572
      vertex 73.7223 0 4.9
    endloop
  endfacet
  facet normal 0 -1 0
    outer loop
      vertex 73.5929 0 4.88296
      vertex 76.4223 0 7.5
      vertex 71.8517 0 4.88296
    endloop
  endfacet
  facet normal 0 -1 0
    outer loop
      vertex 76.4223 0 7.5
      vertex 73.5929 0 4.88296
      vertex 73.657 0 4.89572
    endloop
  endfacet
  facet normal 0 -1 0
    outer loop
      vertex 71.9137 0 4.86194
      vertex 73.5929 0 4.88296
      vertex 71.8517 0 4.88296
    endloop
  endfacet
  facet normal 0 -1 0
    outer loop
      vertex 71.9137 0 4.86194
      vertex 73.531 0 4.86194
      vertex 73.5929 0 4.88296
    endloop
  endfacet
  facet normal 0 -1 0
    outer loop
      vertex 71.9723 0 4.83301
      vertex 73.531 0 4.86194
      vertex 71.9137 0 4.86194
    endloop
  endfacet
  facet normal 0 -1 0
    outer loop
      vertex 71.9723 0 4.83301
      vertex 73.4723 0 4.83301
      vertex 73.531 0 4.86194
    endloop
  endfacet
  facet normal 0 -1 0
    outer loop
      vertex 72.0267 0 4.79668
      vertex 73.4723 0 4.83301
      vertex 71.9723 0 4.83301
    endloop
  endfacet
  facet normal 0 -1 0
    outer loop
      vertex 72.0267 0 4.79668
      vertex 73.4179 0 4.79668
      vertex 73.4723 0 4.83301
    endloop
  endfacet
  facet normal 0 -1 0
    outer loop
      vertex 72.0759 0 4.75355
      vertex 73.4179 0 4.79668
      vertex 72.0267 0 4.79668
    endloop
  endfacet
  facet normal 0 -1 0
    outer loop
      vertex 72.0759 0 4.75355
      vertex 73.3688 0 4.75355
      vertex 73.4179 0 4.79668
    endloop
  endfacet
  facet normal 0 -1 0
    outer loop
      vertex 72.119 0 4.70438
      vertex 73.3688 0 4.75355
      vertex 72.0759 0 4.75355
    endloop
  endfacet
  facet normal 0 -1 0
    outer loop
      vertex 72.119 0 4.70438
      vertex 73.3256 0 4.70438
      vertex 73.3688 0 4.75355
    endloop
  endfacet
  facet normal 0 -1 0
    outer loop
      vertex 72.1553 0 4.65
      vertex 73.3256 0 4.70438
      vertex 72.119 0 4.70438
    endloop
  endfacet
  facet normal 0 -1 0
    outer loop
      vertex 72.1553 0 4.65
      vertex 73.2893 0 4.65
      vertex 73.3256 0 4.70438
    endloop
  endfacet
  facet normal 0 -1 0
    outer loop
      vertex 72.1842 0 4.59134
      vertex 73.2893 0 4.65
      vertex 72.1553 0 4.65
    endloop
  endfacet
  facet normal 0 -1 0
    outer loop
      vertex 72.1842 0 4.59134
      vertex 73.2604 0 4.59134
      vertex 73.2893 0 4.65
    endloop
  endfacet
  facet normal 0 -1 0
    outer loop
      vertex 72.2053 0 4.52941
      vertex 73.2604 0 4.59134
      vertex 72.1842 0 4.59134
    endloop
  endfacet
  facet normal 0 -1 0
    outer loop
      vertex 72.2053 0 4.52941
      vertex 73.2393 0 4.52941
      vertex 73.2604 0 4.59134
    endloop
  endfacet
  facet normal 0 -1 0
    outer loop
      vertex 72.218 0 4.46526
      vertex 73.2393 0 4.52941
      vertex 72.2053 0 4.52941
    endloop
  endfacet
  facet normal 0 -1 0
    outer loop
      vertex 72.218 0 4.46526
      vertex 73.2266 0 4.46526
      vertex 73.2393 0 4.52941
    endloop
  endfacet
  facet normal 0 -1 0
    outer loop
      vertex 72.2223 0 4.4
      vertex 73.2266 0 4.46526
      vertex 72.218 0 4.46526
    endloop
  endfacet
  facet normal 0 -1 0
    outer loop
      vertex 72.2223 0 4.4
      vertex 73.2223 0 4.4
      vertex 73.2266 0 4.46526
    endloop
  endfacet
  facet normal 0 -1 0
    outer loop
      vertex 72.218 0 4.33474
      vertex 73.2223 0 4.4
      vertex 72.2223 0 4.4
    endloop
  endfacet
  facet normal 0 -1 0
    outer loop
      vertex 72.218 0 4.33474
      vertex 73.2266 0 4.33474
      vertex 73.2223 0 4.4
    endloop
  endfacet
  facet normal 0 -1 0
    outer loop
      vertex 72.2053 0 4.27059
      vertex 73.2266 0 4.33474
      vertex 72.218 0 4.33474
    endloop
  endfacet
  facet normal 0 -1 0
    outer loop
      vertex 72.2053 0 4.27059
      vertex 73.2393 0 4.27059
      vertex 73.2266 0 4.33474
    endloop
  endfacet
  facet normal 0 -1 0
    outer loop
      vertex 72.1842 0 4.20866
      vertex 73.2393 0 4.27059
      vertex 72.2053 0 4.27059
    endloop
  endfacet
  facet normal 0 -1 0
    outer loop
      vertex 72.1842 0 4.20866
      vertex 73.2604 0 4.20866
      vertex 73.2393 0 4.27059
    endloop
  endfacet
  facet normal 0 -1 0
    outer loop
      vertex 72.1553 0 4.15
      vertex 73.2604 0 4.20866
      vertex 72.1842 0 4.20866
    endloop
  endfacet
  facet normal 0 -1 0
    outer loop
      vertex 72.1553 0 4.15
      vertex 73.2893 0 4.15
      vertex 73.2604 0 4.20866
    endloop
  endfacet
  facet normal 0 -1 0
    outer loop
      vertex 72.119 0 4.09562
      vertex 73.2893 0 4.15
      vertex 72.1553 0 4.15
    endloop
  endfacet
  facet normal 0 -1 0
    outer loop
      vertex 72.119 0 4.09562
      vertex 73.3256 0 4.09562
      vertex 73.2893 0 4.15
    endloop
  endfacet
  facet normal 0 -1 0
    outer loop
      vertex 72.0759 0 4.04645
      vertex 73.3256 0 4.09562
      vertex 72.119 0 4.09562
    endloop
  endfacet
  facet normal 0 -1 0
    outer loop
      vertex 72.0759 0 4.04645
      vertex 73.3688 0 4.04645
      vertex 73.3256 0 4.09562
    endloop
  endfacet
  facet normal 0 -1 0
    outer loop
      vertex 72.0267 0 4.00332
      vertex 73.3688 0 4.04645
      vertex 72.0759 0 4.04645
    endloop
  endfacet
  facet normal 0 -1 0
    outer loop
      vertex 72.0267 0 4.00332
      vertex 73.4179 0 4.00332
      vertex 73.3688 0 4.04645
    endloop
  endfacet
  facet normal 0 -1 0
    outer loop
      vertex 71.9723 0 3.96699
      vertex 73.4179 0 4.00332
      vertex 72.0267 0 4.00332
    endloop
  endfacet
  facet normal 0 -1 0
    outer loop
      vertex 71.9723 0 3.96699
      vertex 73.4723 0 3.96699
      vertex 73.4179 0 4.00332
    endloop
  endfacet
  facet normal 0 -1 0
    outer loop
      vertex 71.9137 0 3.93806
      vertex 73.4723 0 3.96699
      vertex 71.9723 0 3.96699
    endloop
  endfacet
  facet normal 0 -1 0
    outer loop
      vertex 71.9137 0 3.93806
      vertex 73.531 0 3.93806
      vertex 73.4723 0 3.96699
    endloop
  endfacet
  facet normal 0 -1 0
    outer loop
      vertex 71.8517 0 3.91704
      vertex 73.531 0 3.93806
      vertex 71.9137 0 3.93806
    endloop
  endfacet
  facet normal 0 -1 0
    outer loop
      vertex 71.8517 0 3.91704
      vertex 73.5929 0 3.91704
      vertex 73.531 0 3.93806
    endloop
  endfacet
  facet normal 0 -1 0
    outer loop
      vertex 76.4223 0 1.5
      vertex 71.8517 0 3.91704
      vertex 71.7876 0 3.90428
    endloop
  endfacet
  facet normal 0 -1 0
    outer loop
      vertex 71.8517 0 3.91704
      vertex 76.4223 0 1.5
      vertex 73.5929 0 3.91704
    endloop
  endfacet
  facet normal 0 -1 0
    outer loop
      vertex 76.4223 0 1.5
      vertex 71.7876 0 3.90428
      vertex 71.7223 0 3.9
    endloop
  endfacet
  facet normal 0 -1 0
    outer loop
      vertex 73.5929 0 3.91704
      vertex 76.4223 0 1.5
      vertex 73.657 0 3.90428
    endloop
  endfacet
  facet normal 0 -1 0
    outer loop
      vertex 71.657 0 4.89572
      vertex 76.4223 0 7.5
      vertex 69.7876 0 4.89572
    endloop
  endfacet
  facet normal 0 -1 0
    outer loop
      vertex 76.4223 0 7.5
      vertex 71.657 0 4.89572
      vertex 71.7223 0 4.9
    endloop
  endfacet
  facet normal 0 -1 0
    outer loop
      vertex 69.8517 0 4.88296
      vertex 71.657 0 4.89572
      vertex 69.7876 0 4.89572
    endloop
  endfacet
  facet normal 0 -1 0
    outer loop
      vertex 69.8517 0 4.88296
      vertex 71.5929 0 4.88296
      vertex 71.657 0 4.89572
    endloop
  endfacet
  facet normal 0 -1 0
    outer loop
      vertex 69.9137 0 4.86194
      vertex 71.5929 0 4.88296
      vertex 69.8517 0 4.88296
    endloop
  endfacet
  facet normal 0 -1 0
    outer loop
      vertex 69.9137 0 4.86194
      vertex 71.531 0 4.86194
      vertex 71.5929 0 4.88296
    endloop
  endfacet
  facet normal 0 -1 0
    outer loop
      vertex 69.9723 0 4.83301
      vertex 71.531 0 4.86194
      vertex 69.9137 0 4.86194
    endloop
  endfacet
  facet normal 0 -1 0
    outer loop
      vertex 69.9723 0 4.83301
      vertex 71.4723 0 4.83301
      vertex 71.531 0 4.86194
    endloop
  endfacet
  facet normal 0 -1 0
    outer loop
      vertex 70.0267 0 4.79668
      vertex 71.4723 0 4.83301
      vertex 69.9723 0 4.83301
    endloop
  endfacet
  facet normal 0 -1 0
    outer loop
      vertex 70.0267 0 4.79668
      vertex 71.4179 0 4.79668
      vertex 71.4723 0 4.83301
    endloop
  endfacet
  facet normal 0 -1 0
    outer loop
      vertex 70.0759 0 4.75355
      vertex 71.4179 0 4.79668
      vertex 70.0267 0 4.79668
    endloop
  endfacet
  facet normal 0 -1 0
    outer loop
      vertex 70.0759 0 4.75355
      vertex 71.3688 0 4.75355
      vertex 71.4179 0 4.79668
    endloop
  endfacet
  facet normal 0 -1 0
    outer loop
      vertex 70.119 0 4.70438
      vertex 71.3688 0 4.75355
      vertex 70.0759 0 4.75355
    endloop
  endfacet
  facet normal 0 -1 0
    outer loop
      vertex 70.119 0 4.70438
      vertex 71.3256 0 4.70438
      vertex 71.3688 0 4.75355
    endloop
  endfacet
  facet normal 0 -1 0
    outer loop
      vertex 70.1553 0 4.65
      vertex 71.3256 0 4.70438
      vertex 70.119 0 4.70438
    endloop
  endfacet
  facet normal 0 -1 0
    outer loop
      vertex 70.1553 0 4.65
      vertex 71.2893 0 4.65
      vertex 71.3256 0 4.70438
    endloop
  endfacet
  facet normal 0 -1 0
    outer loop
      vertex 70.1842 0 4.59134
      vertex 71.2893 0 4.65
      vertex 70.1553 0 4.65
    endloop
  endfacet
  facet normal 0 -1 0
    outer loop
      vertex 70.1842 0 4.59134
      vertex 71.2604 0 4.59134
      vertex 71.2893 0 4.65
    endloop
  endfacet
  facet normal 0 -1 0
    outer loop
      vertex 70.2053 0 4.52941
      vertex 71.2604 0 4.59134
      vertex 70.1842 0 4.59134
    endloop
  endfacet
  facet normal 0 -1 0
    outer loop
      vertex 70.2053 0 4.52941
      vertex 71.2393 0 4.52941
      vertex 71.2604 0 4.59134
    endloop
  endfacet
  facet normal 0 -1 0
    outer loop
      vertex 70.218 0 4.46526
      vertex 71.2393 0 4.52941
      vertex 70.2053 0 4.52941
    endloop
  endfacet
  facet normal 0 -1 0
    outer loop
      vertex 70.218 0 4.46526
      vertex 71.2266 0 4.46526
      vertex 71.2393 0 4.52941
    endloop
  endfacet
  facet normal 0 -1 0
    outer loop
      vertex 70.2223 0 4.4
      vertex 71.2266 0 4.46526
      vertex 70.218 0 4.46526
    endloop
  endfacet
  facet normal 0 -1 0
    outer loop
      vertex 70.2223 0 4.4
      vertex 71.2223 0 4.4
      vertex 71.2266 0 4.46526
    endloop
  endfacet
  facet normal 0 -1 0
    outer loop
      vertex 70.218 0 4.33474
      vertex 71.2223 0 4.4
      vertex 70.2223 0 4.4
    endloop
  endfacet
  facet normal 0 -1 0
    outer loop
      vertex 70.218 0 4.33474
      vertex 71.2266 0 4.33474
      vertex 71.2223 0 4.4
    endloop
  endfacet
  facet normal 0 -1 0
    outer loop
      vertex 70.2053 0 4.27059
      vertex 71.2266 0 4.33474
      vertex 70.218 0 4.33474
    endloop
  endfacet
  facet normal 0 -1 0
    outer loop
      vertex 70.2053 0 4.27059
      vertex 71.2393 0 4.27059
      vertex 71.2266 0 4.33474
    endloop
  endfacet
  facet normal 0 -1 0
    outer loop
      vertex 70.1842 0 4.20866
      vertex 71.2393 0 4.27059
      vertex 70.2053 0 4.27059
    endloop
  endfacet
  facet normal 0 -1 0
    outer loop
      vertex 70.1842 0 4.20866
      vertex 71.2604 0 4.20866
      vertex 71.2393 0 4.27059
    endloop
  endfacet
  facet normal 0 -1 0
    outer loop
      vertex 70.1553 0 4.15
      vertex 71.2604 0 4.20866
      vertex 70.1842 0 4.20866
    endloop
  endfacet
  facet normal 0 -1 0
    outer loop
      vertex 70.1553 0 4.15
      vertex 71.2893 0 4.15
      vertex 71.2604 0 4.20866
    endloop
  endfacet
  facet normal 0 -1 0
    outer loop
      vertex 70.119 0 4.09562
      vertex 71.2893 0 4.15
      vertex 70.1553 0 4.15
    endloop
  endfacet
  facet normal 0 -1 0
    outer loop
      vertex 70.119 0 4.09562
      vertex 71.3256 0 4.09562
      vertex 71.2893 0 4.15
    endloop
  endfacet
  facet normal 0 -1 0
    outer loop
      vertex 70.0759 0 4.04645
      vertex 71.3256 0 4.09562
      vertex 70.119 0 4.09562
    endloop
  endfacet
  facet normal 0 -1 0
    outer loop
      vertex 70.0759 0 4.04645
      vertex 71.3688 0 4.04645
      vertex 71.3256 0 4.09562
    endloop
  endfacet
  facet normal 0 -1 0
    outer loop
      vertex 70.0267 0 4.00332
      vertex 71.3688 0 4.04645
      vertex 70.0759 0 4.04645
    endloop
  endfacet
  facet normal 0 -1 0
    outer loop
      vertex 70.0267 0 4.00332
      vertex 71.4179 0 4.00332
      vertex 71.3688 0 4.04645
    endloop
  endfacet
  facet normal 0 -1 0
    outer loop
      vertex 69.9723 0 3.96699
      vertex 71.4179 0 4.00332
      vertex 70.0267 0 4.00332
    endloop
  endfacet
  facet normal 0 -1 0
    outer loop
      vertex 69.9723 0 3.96699
      vertex 71.4723 0 3.96699
      vertex 71.4179 0 4.00332
    endloop
  endfacet
  facet normal 0 -1 0
    outer loop
      vertex 69.9137 0 3.93806
      vertex 71.4723 0 3.96699
      vertex 69.9723 0 3.96699
    endloop
  endfacet
  facet normal 0 -1 0
    outer loop
      vertex 69.9137 0 3.93806
      vertex 71.531 0 3.93806
      vertex 71.4723 0 3.96699
    endloop
  endfacet
  facet normal 0 -1 0
    outer loop
      vertex 69.8517 0 3.91704
      vertex 71.531 0 3.93806
      vertex 69.9137 0 3.93806
    endloop
  endfacet
  facet normal 0 -1 0
    outer loop
      vertex 69.8517 0 3.91704
      vertex 71.5929 0 3.91704
      vertex 71.531 0 3.93806
    endloop
  endfacet
  facet normal 0 -1 0
    outer loop
      vertex 69.7876 0 3.90428
      vertex 71.5929 0 3.91704
      vertex 69.8517 0 3.91704
    endloop
  endfacet
  facet normal 0 -1 0
    outer loop
      vertex 69.7876 0 3.90428
      vertex 71.657 0 3.90428
      vertex 71.5929 0 3.91704
    endloop
  endfacet
  facet normal 0 -1 0
    outer loop
      vertex 76.4223 0 1.5
      vertex 69.7876 0 3.90428
      vertex 69.7223 0 3.9
    endloop
  endfacet
  facet normal 0 -1 0
    outer loop
      vertex 69.7876 0 3.90428
      vertex 76.4223 0 1.5
      vertex 71.657 0 3.90428
    endloop
  endfacet
  facet normal 0 -1 0
    outer loop
      vertex 46.7112 0 6.05
      vertex 48.8789 0 5.79658
      vertex 48.9312 0 5.8
    endloop
  endfacet
  facet normal 0 -1 0
    outer loop
      vertex 46.7112 0 6.05
      vertex 48.8276 0 5.78637
      vertex 48.8789 0 5.79658
    endloop
  endfacet
  facet normal 0 -1 0
    outer loop
      vertex 46.7112 0 6.05
      vertex 48.7781 0 5.76955
      vertex 48.8276 0 5.78637
    endloop
  endfacet
  facet normal 0 -1 0
    outer loop
      vertex 46.7112 0 6.05
      vertex 48.7312 0 5.74641
      vertex 48.7781 0 5.76955
    endloop
  endfacet
  facet normal 0 -1 0
    outer loop
      vertex 46.7112 0 6.05
      vertex 48.6876 0 5.71734
      vertex 48.7312 0 5.74641
    endloop
  endfacet
  facet normal 0 -1 0
    outer loop
      vertex 46.7112 0 6.05
      vertex 48.6483 0 5.68284
      vertex 48.6876 0 5.71734
    endloop
  endfacet
  facet normal 0 -1 0
    outer loop
      vertex 46.7112 0 6.05
      vertex 48.6138 0 5.64351
      vertex 48.6483 0 5.68284
    endloop
  endfacet
  facet normal 0 -1 0
    outer loop
      vertex 46.7112 0 6.05
      vertex 48.5847 0 5.6
      vertex 48.6138 0 5.64351
    endloop
  endfacet
  facet normal 0 -1 0
    outer loop
      vertex 46.7112 0 6.05
      vertex 48.5616 0 5.55307
      vertex 48.5847 0 5.6
    endloop
  endfacet
  facet normal 0 -1 0
    outer loop
      vertex 46.7112 0 6.05
      vertex 48.5448 0 5.50353
      vertex 48.5616 0 5.55307
    endloop
  endfacet
  facet normal 0 -1 0
    outer loop
      vertex 46.7112 0 6.05
      vertex 48.5346 0 5.45221
      vertex 48.5448 0 5.50353
    endloop
  endfacet
  facet normal 0 -1 0
    outer loop
      vertex 46.7112 0 6.05
      vertex 48.5312 0 5.4
      vertex 48.5346 0 5.45221
    endloop
  endfacet
  facet normal 0 -1 0
    outer loop
      vertex 46.7112 0 6.05
      vertex 48.5346 0 5.34779
      vertex 48.5312 0 5.4
    endloop
  endfacet
  facet normal 0 -1 0
    outer loop
      vertex 46.7112 0 6.05
      vertex 48.5448 0 5.29647
      vertex 48.5346 0 5.34779
    endloop
  endfacet
  facet normal 0 -1 0
    outer loop
      vertex 46.7112 0 6.05
      vertex 48.5616 0 5.24693
      vertex 48.5448 0 5.29647
    endloop
  endfacet
  facet normal 0 -1 0
    outer loop
      vertex 46.7112 0 6.05
      vertex 48.5847 0 5.2
      vertex 48.5616 0 5.24693
    endloop
  endfacet
  facet normal 0 -1 0
    outer loop
      vertex 46.7112 0 2.55
      vertex 48.5847 0 5.2
      vertex 46.7112 0 6.05
    endloop
  endfacet
  facet normal 0 -1 -0
    outer loop
      vertex 48.5847 0 5.2
      vertex 46.7112 0 2.55
      vertex 48.6138 0 5.1565
    endloop
  endfacet
  facet normal 0 -1 -0
    outer loop
      vertex 48.6138 0 5.1565
      vertex 46.7112 0 2.55
      vertex 48.6483 0 5.11716
    endloop
  endfacet
  facet normal 0 -1 -0
    outer loop
      vertex 48.6483 0 5.11716
      vertex 46.7112 0 2.55
      vertex 48.6876 0 5.08266
    endloop
  endfacet
  facet normal 0 -1 0
    outer loop
      vertex 76.4223 0 7.5
      vertex 69.657 0 4.89572
      vertex 69.7223 0 4.9
    endloop
  endfacet
  facet normal 0 -1 0
    outer loop
      vertex 48.9834 0 5.00342
      vertex 69.5929 0 4.88296
      vertex 69.657 0 4.89572
    endloop
  endfacet
  facet normal 0 -1 0
    outer loop
      vertex 48.9834 0 5.00342
      vertex 69.531 0 4.86194
      vertex 69.5929 0 4.88296
    endloop
  endfacet
  facet normal 0 -1 0
    outer loop
      vertex 48.9834 0 5.00342
      vertex 69.4723 0 4.83301
      vertex 69.531 0 4.86194
    endloop
  endfacet
  facet normal 0 -1 0
    outer loop
      vertex 48.9834 0 5.00342
      vertex 69.4179 0 4.79668
      vertex 69.4723 0 4.83301
    endloop
  endfacet
  facet normal 0 -1 0
    outer loop
      vertex 48.9834 0 5.00342
      vertex 69.3688 0 4.75355
      vertex 69.4179 0 4.79668
    endloop
  endfacet
  facet normal 0 -1 0
    outer loop
      vertex 48.9834 0 5.00342
      vertex 69.3256 0 4.70438
      vertex 69.3688 0 4.75355
    endloop
  endfacet
  facet normal 0 -1 0
    outer loop
      vertex 48.9834 0 5.00342
      vertex 69.2893 0 4.65
      vertex 69.3256 0 4.70438
    endloop
  endfacet
  facet normal 0 -1 0
    outer loop
      vertex 48.9834 0 5.00342
      vertex 69.2604 0 4.59134
      vertex 69.2893 0 4.65
    endloop
  endfacet
  facet normal 0 -1 0
    outer loop
      vertex 48.9834 0 5.00342
      vertex 69.2393 0 4.52941
      vertex 69.2604 0 4.59134
    endloop
  endfacet
  facet normal 0 -1 0
    outer loop
      vertex 48.9834 0 5.00342
      vertex 69.2266 0 4.46526
      vertex 69.2393 0 4.52941
    endloop
  endfacet
  facet normal 0 -1 0
    outer loop
      vertex 48.9834 0 5.00342
      vertex 69.2223 0 4.4
      vertex 69.2266 0 4.46526
    endloop
  endfacet
  facet normal 0 -1 0
    outer loop
      vertex 48.9834 0 5.00342
      vertex 69.2266 0 4.33474
      vertex 69.2223 0 4.4
    endloop
  endfacet
  facet normal 0 -1 0
    outer loop
      vertex 48.9834 0 5.00342
      vertex 69.2393 0 4.27059
      vertex 69.2266 0 4.33474
    endloop
  endfacet
  facet normal 0 -1 0
    outer loop
      vertex 48.9834 0 5.00342
      vertex 69.2604 0 4.20866
      vertex 69.2393 0 4.27059
    endloop
  endfacet
  facet normal 0 -1 0
    outer loop
      vertex 48.9834 0 5.00342
      vertex 69.2893 0 4.15
      vertex 69.2604 0 4.20866
    endloop
  endfacet
  facet normal 0 -1 0
    outer loop
      vertex 48.9834 0 5.00342
      vertex 69.3256 0 4.09562
      vertex 69.2893 0 4.15
    endloop
  endfacet
  facet normal 0 -1 0
    outer loop
      vertex 48.9834 0 5.00342
      vertex 69.3688 0 4.04645
      vertex 69.3256 0 4.09562
    endloop
  endfacet
  facet normal 0 -1 -0
    outer loop
      vertex 48.9834 0 5.00342
      vertex 46.7112 0 2.55
      vertex 69.3688 0 4.04645
    endloop
  endfacet
  facet normal 0 -1 -0
    outer loop
      vertex 69.3688 0 4.04645
      vertex 46.7112 0 2.55
      vertex 69.4179 0 4.00332
    endloop
  endfacet
  facet normal 0 -1 -0
    outer loop
      vertex 69.4179 0 4.00332
      vertex 46.7112 0 2.55
      vertex 69.4723 0 3.96699
    endloop
  endfacet
  facet normal 0 -1 -0
    outer loop
      vertex 69.4723 0 3.96699
      vertex 46.7112 0 2.55
      vertex 69.531 0 3.93806
    endloop
  endfacet
  facet normal 0 -1 -0
    outer loop
      vertex 69.531 0 3.93806
      vertex 46.7112 0 2.55
      vertex 69.5929 0 3.91704
    endloop
  endfacet
  facet normal 0 -1 0
    outer loop
      vertex 76.4223 0 1.5
      vertex 69.5929 0 3.91704
      vertex 46.7112 0 2.55
    endloop
  endfacet
  facet normal 0 -1 0
    outer loop
      vertex 71.657 0 3.90428
      vertex 76.4223 0 1.5
      vertex 71.7223 0 3.9
    endloop
  endfacet
  facet normal 0 -1 0
    outer loop
      vertex 73.657 0 3.90428
      vertex 76.4223 0 1.5
      vertex 73.7223 0 3.9
    endloop
  endfacet
  facet normal 0 -1 0
    outer loop
      vertex 69.657 0 3.90428
      vertex 76.4223 0 1.5
      vertex 69.7223 0 3.9
    endloop
  endfacet
  facet normal 0 -1 0
    outer loop
      vertex 69.5929 0 3.91704
      vertex 76.4223 0 1.5
      vertex 69.657 0 3.90428
    endloop
  endfacet
  facet normal 0 -1 -0
    outer loop
      vertex 48.8789 0 5.00342
      vertex 46.7112 0 2.55
      vertex 48.9312 0 5
    endloop
  endfacet
  facet normal 0 -1 -0
    outer loop
      vertex 48.8276 0 5.01363
      vertex 46.7112 0 2.55
      vertex 48.8789 0 5.00342
    endloop
  endfacet
  facet normal 0 -1 -0
    outer loop
      vertex 48.7781 0 5.03045
      vertex 46.7112 0 2.55
      vertex 48.8276 0 5.01363
    endloop
  endfacet
  facet normal 0 -1 -0
    outer loop
      vertex 48.7312 0 5.05359
      vertex 46.7112 0 2.55
      vertex 48.7781 0 5.03045
    endloop
  endfacet
  facet normal 0 -1 -0
    outer loop
      vertex 48.6876 0 5.08266
      vertex 46.7112 0 2.55
      vertex 48.7312 0 5.05359
    endloop
  endfacet
  facet normal 0 -1 0
    outer loop
      vertex 8 0 7.5
      vertex 37.7112 0 6.05
      vertex 76.4223 0 7.5
    endloop
  endfacet
  facet normal 0 -1 0
    outer loop
      vertex 8 0 1.5
      vertex 37.7112 0 6.05
      vertex 8 0 7.5
    endloop
  endfacet
  facet normal 0 -1 -0
    outer loop
      vertex 37.7112 0 2.55
      vertex 8 0 1.5
      vertex 46.7112 0 2.55
    endloop
  endfacet
  facet normal 0 -1 -0
    outer loop
      vertex 37.7112 0 6.05
      vertex 8 0 1.5
      vertex 37.7112 0 2.55
    endloop
  endfacet
  facet normal 0 -1 0
    outer loop
      vertex 46.7112 0 6.05
      vertex 76.4223 0 7.5
      vertex 37.7112 0 6.05
    endloop
  endfacet
  facet normal 0 -1 0
    outer loop
      vertex 48.9834 0 5.79658
      vertex 46.7112 0 6.05
      vertex 48.9312 0 5.8
    endloop
  endfacet
  facet normal 0 -1 0
    outer loop
      vertex 46.7112 0 6.05
      vertex 48.9834 0 5.79658
      vertex 76.4223 0 7.5
    endloop
  endfacet
  facet normal 0 -1 0
    outer loop
      vertex 49.0347 0 5.78637
      vertex 76.4223 0 7.5
      vertex 48.9834 0 5.79658
    endloop
  endfacet
  facet normal 0 -1 0
    outer loop
      vertex 49.0842 0 5.76955
      vertex 76.4223 0 7.5
      vertex 49.0347 0 5.78637
    endloop
  endfacet
  facet normal 0 -1 0
    outer loop
      vertex 69.657 0 4.89572
      vertex 49.0842 0 5.76955
      vertex 49.1312 0 5.74641
    endloop
  endfacet
  facet normal 0 -1 0
    outer loop
      vertex 69.657 0 4.89572
      vertex 49.1312 0 5.74641
      vertex 49.1747 0 5.71734
    endloop
  endfacet
  facet normal 0 -1 0
    outer loop
      vertex 69.657 0 4.89572
      vertex 49.1747 0 5.71734
      vertex 49.214 0 5.68284
    endloop
  endfacet
  facet normal 0 -1 0
    outer loop
      vertex 69.657 0 4.89572
      vertex 49.214 0 5.68284
      vertex 49.2485 0 5.64351
    endloop
  endfacet
  facet normal 0 -1 0
    outer loop
      vertex 69.657 0 4.89572
      vertex 49.2485 0 5.64351
      vertex 49.2776 0 5.6
    endloop
  endfacet
  facet normal 0 -1 0
    outer loop
      vertex 69.657 0 4.89572
      vertex 49.2776 0 5.6
      vertex 49.3007 0 5.55307
    endloop
  endfacet
  facet normal 0 -1 0
    outer loop
      vertex 69.657 0 4.89572
      vertex 49.3007 0 5.55307
      vertex 49.3175 0 5.50353
    endloop
  endfacet
  facet normal 0 -1 0
    outer loop
      vertex 69.657 0 4.89572
      vertex 49.3175 0 5.50353
      vertex 49.3277 0 5.45221
    endloop
  endfacet
  facet normal 0 -1 0
    outer loop
      vertex 69.657 0 4.89572
      vertex 49.3277 0 5.45221
      vertex 49.3312 0 5.4
    endloop
  endfacet
  facet normal 0 -1 0
    outer loop
      vertex 69.657 0 4.89572
      vertex 49.3312 0 5.4
      vertex 49.3277 0 5.34779
    endloop
  endfacet
  facet normal 0 -1 0
    outer loop
      vertex 69.657 0 4.89572
      vertex 49.3277 0 5.34779
      vertex 49.3175 0 5.29647
    endloop
  endfacet
  facet normal 0 -1 0
    outer loop
      vertex 69.657 0 4.89572
      vertex 49.3175 0 5.29647
      vertex 49.3007 0 5.24693
    endloop
  endfacet
  facet normal 0 -1 0
    outer loop
      vertex 69.657 0 4.89572
      vertex 49.3007 0 5.24693
      vertex 49.2776 0 5.2
    endloop
  endfacet
  facet normal 0 -1 0
    outer loop
      vertex 69.657 0 4.89572
      vertex 49.2776 0 5.2
      vertex 49.2485 0 5.1565
    endloop
  endfacet
  facet normal 0 -1 0
    outer loop
      vertex 69.657 0 4.89572
      vertex 49.2485 0 5.1565
      vertex 49.214 0 5.11716
    endloop
  endfacet
  facet normal 0 -1 0
    outer loop
      vertex 69.657 0 4.89572
      vertex 49.214 0 5.11716
      vertex 49.1747 0 5.08266
    endloop
  endfacet
  facet normal 0 -1 0
    outer loop
      vertex 69.657 0 4.89572
      vertex 49.1747 0 5.08266
      vertex 49.1312 0 5.05359
    endloop
  endfacet
  facet normal 0 -1 0
    outer loop
      vertex 69.657 0 4.89572
      vertex 49.1312 0 5.05359
      vertex 49.0842 0 5.03045
    endloop
  endfacet
  facet normal 0 -1 0
    outer loop
      vertex 69.657 0 4.89572
      vertex 49.0842 0 5.03045
      vertex 49.0347 0 5.01363
    endloop
  endfacet
  facet normal 0 -1 0
    outer loop
      vertex 69.657 0 4.89572
      vertex 49.0347 0 5.01363
      vertex 48.9834 0 5.00342
    endloop
  endfacet
  facet normal 0 -1 0
    outer loop
      vertex 46.7112 0 2.55
      vertex 48.9834 0 5.00342
      vertex 48.9312 0 5
    endloop
  endfacet
  facet normal 0 -1 0
    outer loop
      vertex 69.657 0 4.89572
      vertex 76.4223 0 7.5
      vertex 49.0842 0 5.76955
    endloop
  endfacet
  facet normal 0 -1 0
    outer loop
      vertex 69.7876 0 4.89572
      vertex 76.4223 0 7.5
      vertex 69.7223 0 4.9
    endloop
  endfacet
  facet normal 0 -1 0
    outer loop
      vertex 71.7876 0 4.89572
      vertex 76.4223 0 7.5
      vertex 71.7223 0 4.9
    endloop
  endfacet
  facet normal 0 -1 0
    outer loop
      vertex 73.7876 0 4.89572
      vertex 76.4223 0 7.5
      vertex 73.7223 0 4.9
    endloop
  endfacet
  facet normal 0 -1 0
    outer loop
      vertex 75.7876 0 4.89572
      vertex 76.4223 0 7.5
      vertex 75.7223 0 4.9
    endloop
  endfacet
  facet normal 0 -1 0
    outer loop
      vertex 75.8517 0 4.88296
      vertex 76.4223 0 7.5
      vertex 75.7876 0 4.89572
    endloop
  endfacet
  facet normal 0 -1 0
    outer loop
      vertex 75.9137 0 4.86194
      vertex 76.4223 0 7.5
      vertex 75.8517 0 4.88296
    endloop
  endfacet
  facet normal 0 -1 0
    outer loop
      vertex 75.9723 0 4.83301
      vertex 76.4223 0 7.5
      vertex 75.9137 0 4.86194
    endloop
  endfacet
  facet normal 0 -1 0
    outer loop
      vertex 76.0267 0 4.79668
      vertex 76.4223 0 7.5
      vertex 75.9723 0 4.83301
    endloop
  endfacet
  facet normal 0 -1 0
    outer loop
      vertex 76.0759 0 4.75355
      vertex 76.4223 0 7.5
      vertex 76.0267 0 4.79668
    endloop
  endfacet
  facet normal 0 -1 0
    outer loop
      vertex 76.119 0 4.70438
      vertex 76.4223 0 7.5
      vertex 76.0759 0 4.75355
    endloop
  endfacet
  facet normal 0 -1 0
    outer loop
      vertex 76.1553 0 4.65
      vertex 76.4223 0 7.5
      vertex 76.119 0 4.70438
    endloop
  endfacet
  facet normal 0 -1 0
    outer loop
      vertex 76.1842 0 4.59134
      vertex 76.4223 0 7.5
      vertex 76.1553 0 4.65
    endloop
  endfacet
  facet normal 0 -1 0
    outer loop
      vertex 76.2053 0 4.52941
      vertex 76.4223 0 7.5
      vertex 76.1842 0 4.59134
    endloop
  endfacet
  facet normal 0 -1 0
    outer loop
      vertex 76.218 0 4.46526
      vertex 76.4223 0 7.5
      vertex 76.2053 0 4.52941
    endloop
  endfacet
  facet normal 0 -1 0
    outer loop
      vertex 76.2223 0 4.4
      vertex 76.4223 0 7.5
      vertex 76.218 0 4.46526
    endloop
  endfacet
  facet normal 0 -1 0
    outer loop
      vertex 76.2223 0 4.4
      vertex 76.4223 0 1.5
      vertex 76.4223 0 7.5
    endloop
  endfacet
  facet normal 0 -1 0
    outer loop
      vertex 76.218 0 4.33474
      vertex 76.4223 0 1.5
      vertex 76.2223 0 4.4
    endloop
  endfacet
  facet normal 0 -1 0
    outer loop
      vertex 76.2053 0 4.27059
      vertex 76.4223 0 1.5
      vertex 76.218 0 4.33474
    endloop
  endfacet
  facet normal 0 -1 0
    outer loop
      vertex 76.1842 0 4.20866
      vertex 76.4223 0 1.5
      vertex 76.2053 0 4.27059
    endloop
  endfacet
  facet normal 0 -1 0
    outer loop
      vertex 76.1553 0 4.15
      vertex 76.4223 0 1.5
      vertex 76.1842 0 4.20866
    endloop
  endfacet
  facet normal 0 -1 0
    outer loop
      vertex 76.119 0 4.09562
      vertex 76.4223 0 1.5
      vertex 76.1553 0 4.15
    endloop
  endfacet
  facet normal 0 -1 0
    outer loop
      vertex 76.0759 0 4.04645
      vertex 76.4223 0 1.5
      vertex 76.119 0 4.09562
    endloop
  endfacet
  facet normal 0 -1 0
    outer loop
      vertex 76.0267 0 4.00332
      vertex 76.4223 0 1.5
      vertex 76.0759 0 4.04645
    endloop
  endfacet
  facet normal 0 -1 0
    outer loop
      vertex 75.9723 0 3.96699
      vertex 76.4223 0 1.5
      vertex 76.0267 0 4.00332
    endloop
  endfacet
  facet normal 0 -1 0
    outer loop
      vertex 75.9137 0 3.93806
      vertex 76.4223 0 1.5
      vertex 75.9723 0 3.96699
    endloop
  endfacet
  facet normal 0 -1 0
    outer loop
      vertex 75.8517 0 3.91704
      vertex 76.4223 0 1.5
      vertex 75.9137 0 3.93806
    endloop
  endfacet
  facet normal 0 -1 0
    outer loop
      vertex 75.7876 0 3.90428
      vertex 76.4223 0 1.5
      vertex 75.8517 0 3.91704
    endloop
  endfacet
  facet normal 0 -1 0
    outer loop
      vertex 75.7223 0 3.9
      vertex 76.4223 0 1.5
      vertex 75.7876 0 3.90428
    endloop
  endfacet
  facet normal 0 -1 0
    outer loop
      vertex 75.657 0 3.90428
      vertex 76.4223 0 1.5
      vertex 75.7223 0 3.9
    endloop
  endfacet
  facet normal 0 -1 0
    outer loop
      vertex 76.4223 0 1.5
      vertex 46.7112 0 2.55
      vertex 8 0 1.5
    endloop
  endfacet
  facet normal 0.751973 0.659194 0
    outer loop
      vertex 82.7691 151.492 7.5
      vertex 82.0792 152.279 1.5
      vertex 82.0792 152.279 7.5
    endloop
  endfacet
  facet normal 0.751973 0.659194 0
    outer loop
      vertex 82.0792 152.279 1.5
      vertex 82.7691 151.492 7.5
      vertex 82.7691 151.492 1.5
    endloop
  endfacet
  facet normal 0.592456 0.674669 -0.440247
    outer loop
      vertex 81.9371 152.137 0.75
      vertex 81.2229 152.879 0.925975
      vertex 81.9984 152.198 0.925975
    endloop
  endfacet
  facet normal -0.74573 0.367823 -0.555511
    outer loop
      vertex 1.34024 150.467 0.586858
      vertex 0.895339 149.565 0.586858
      vertex 1.24584 150.522 0.75
    endloop
  endfacet
  facet normal 0.0432608 0.0493713 -0.997843
    outer loop
      vertex 81.1569 151.357 0.0128326
      vertex 80.3793 151.779 0
      vertex 80.4984 151.934 0.0128326
    endloop
  endfacet
  facet normal -0.0648388 0.995666 -0.0666663
    outer loop
      vertex 6.95747 154.541 1.30421
      vertex 6.95579 154.554 1.5
      vertex 8 154.622 1.5
    endloop
  endfacet
  facet normal 0.43398 0.879752 -0.19416
    outer loop
      vertex 80.3967 153.506 1.11177
      vertex 79.4642 153.966 1.11177
      vertex 80.4159 153.539 1.30421
    endloop
  endfacet
  facet normal -0.804717 -0.396845 -0.441525
    outer loop
      vertex 1.24584 4.10048 0.75
      vertex 0.714454 4.98223 0.925975
      vertex 0.794629 5.01544 0.75
    endloop
  endfacet
  facet normal -0.815563 -0.544935 -0.194689
    outer loop
      vertex 1.69372 3.16102 1.11177
      vertex 1.08291 4.00642 1.30421
      vertex 1.11606 4.02556 1.11177
    endloop
  endfacet
  facet normal -0.94693 -0.321439 0
    outer loop
      vertex 0.608964 4.93853 1.5
      vertex 0.272593 5.92945 7.5
      vertex 0.272593 5.92945 1.5
    endloop
  endfacet
  facet normal -0.94693 -0.321439 0
    outer loop
      vertex 0.272593 5.92945 7.5
      vertex 0.608964 4.93853 1.5
      vertex 0.608964 4.93853 7.5
    endloop
  endfacet
  facet normal -0.978694 -0.194674 -0.0652688
    outer loop
      vertex 0.272593 5.92945 1.5
      vertex 0.0684414 6.95579 1.5
      vertex 0.0811644 6.95747 1.30421
    endloop
  endfacet
  facet normal -0.980785 -0.19509 0
    outer loop
      vertex 0.272593 5.92945 1.5
      vertex 0.0684414 6.95579 7.5
      vertex 0.0684414 6.95579 1.5
    endloop
  endfacet
  facet normal -0.980785 -0.19509 0
    outer loop
      vertex 0.0684414 6.95579 7.5
      vertex 0.272593 5.92945 1.5
      vertex 0.272593 5.92945 7.5
    endloop
  endfacet
  facet normal -1 0 0
    outer loop
      vertex 0 8 1.5
      vertex 0 146.622 7.5
      vertex 0 146.622 1.5
    endloop
  endfacet
  facet normal -1 -0 0
    outer loop
      vertex 0 146.622 7.5
      vertex 0 8 1.5
      vertex 0 8 7.5
    endloop
  endfacet
  facet normal -0.944912 -0.320753 -0.0652639
    outer loop
      vertex 0.62082 4.94344 1.30421
      vertex 0.272593 5.92945 1.5
      vertex 0.284989 5.93277 1.30421
    endloop
  endfacet
  facet normal -0.750928 -0.0492183 -0.658547
    outer loop
      vertex 0.504023 7.01314 0.43934
      vertex 0.309971 8 0.586858
      vertex 0.439341 8 0.43934
    endloop
  endfacet
  facet normal -0.945112 -0.0619458 -0.32082
    outer loop
      vertex 0.119116 6.96246 1.11177
      vertex 0.0511122 8 1.11177
      vertex 0.181645 6.97069 0.925975
    endloop
  endfacet
  facet normal -0.750911 0.0492049 -0.658568
    outer loop
      vertex 0.504023 147.609 0.43934
      vertex 0.309971 146.622 0.586858
      vertex 0.37576 147.626 0.586858
    endloop
  endfacet
  facet normal -0.624726 0.211951 -0.751528
    outer loop
      vertex 1.15115 149.459 0.30997
      vertex 0.696963 148.579 0.43934
      vertex 1.01486 149.516 0.43934
    endloop
  endfacet
  facet normal -0.928942 -0.184778 -0.320819
    outer loop
      vertex 0.321963 5.94268 1.11177
      vertex 0.119116 6.96246 1.11177
      vertex 0.181645 6.97069 0.925975
    endloop
  endfacet
  facet normal -0.0544971 -0.0364131 -0.99785
    outer loop
      vertex 2.8432 4.04305 0
      vertex 2.20128 4.65211 0.0128326
      vertex 2.37084 4.75 0
    endloop
  endfacet
  facet normal -0.879726 0.175109 -0.442063
    outer loop
      vertex 0.267684 147.64 0.75
      vertex 0.181645 147.652 0.925975
      vertex 0.382884 148.663 0.925975
    endloop
  endfacet
  facet normal -0.946929 0 -0.321444
    outer loop
      vertex 0.114182 8 0.925975
      vertex 0.0511122 146.622 1.11177
      vertex 0.114182 146.622 0.925975
    endloop
  endfacet
  facet normal -0.946929 -0 -0.321444
    outer loop
      vertex 0.0511122 146.622 1.11177
      vertex 0.114182 8 0.925975
      vertex 0.0511122 8 1.11177
    endloop
  endfacet
  facet normal 0.108524 0.162288 -0.980758
    outer loop
      vertex 80.6156 152.087 0.0511112
      vertex 79.7702 152.421 0.0128326
      vertex 79.8664 152.588 0.0511112
    endloop
  endfacet
  facet normal -0.946938 0.321415 0
    outer loop
      vertex 0.272593 148.693 1.5
      vertex 0.608964 149.684 7.5
      vertex 0.608964 149.684 1.5
    endloop
  endfacet
  facet normal -0.946938 0.321415 0
    outer loop
      vertex 0.608964 149.684 7.5
      vertex 0.272593 148.693 1.5
      vertex 0.272593 148.693 7.5
    endloop
  endfacet
  facet normal -0.896772 0.442493 0
    outer loop
      vertex 0.608964 149.684 1.5
      vertex 1.0718 150.622 7.5
      vertex 1.0718 150.622 1.5
    endloop
  endfacet
  facet normal -0.896772 0.442493 0
    outer loop
      vertex 1.0718 150.622 7.5
      vertex 0.608964 149.684 1.5
      vertex 0.608964 149.684 7.5
    endloop
  endfacet
  facet normal -0.5486 0.366701 -0.751378
    outer loop
      vertex 2.11876 151.135 0.30997
      vertex 1.45228 150.403 0.43934
      vertex 2.00173 151.225 0.43934
    endloop
  endfacet
  facet normal -0.894915 0.441577 -0.0643137
    outer loop
      vertex 1.08291 150.616 1.30421
      vertex 0.608964 149.684 1.5
      vertex 1.0718 150.622 1.5
    endloop
  endfacet
  facet normal -0.750463 0.657947 -0.0625432
    outer loop
      vertex 1.66335 151.485 1.30421
      vertex 1.65317 151.492 1.5
      vertex 2.34315 152.279 1.5
    endloop
  endfacet
  facet normal -0.194951 0.980813 0
    outer loop
      vertex 6.95579 154.554 1.5
      vertex 5.92945 154.35 7.5
      vertex 6.95579 154.554 7.5
    endloop
  endfacet
  facet normal -0.194951 0.980813 0
    outer loop
      vertex 5.92945 154.35 7.5
      vertex 6.95579 154.554 1.5
      vertex 5.92945 154.35 1.5
    endloop
  endfacet
  facet normal 0.0615285 0.945243 -0.320516
    outer loop
      vertex 77.4516 154.441 0.925975
      vertex 76.4223 154.508 0.925975
      vertex 76.4223 154.571 1.11177
    endloop
  endfacet
  facet normal 0.0381455 0.19162 -0.980728
    outer loop
      vertex 78.1553 153.09 0.0128326
      vertex 77.2963 153.261 0.0128326
      vertex 78.2051 153.276 0.0511112
    endloop
  endfacet
  facet normal -0.368451 0.245991 -0.896511
    outer loop
      vertex 1.87372 150.159 0.114181
      vertex 1.72132 150.247 0.200961
      vertex 2.3878 150.929 0.114181
    endloop
  endfacet
  facet normal -0.332102 0.674077 -0.659795
    outer loop
      vertex 5.10666 153.607 0.43934
      vertex 4.21967 153.17 0.43934
      vertex 5.05715 153.727 0.586858
    endloop
  endfacet
  facet normal 0.44166 0.897182 -0
    outer loop
      vertex 80.4223 153.551 1.5
      vertex 79.4838 154.013 7.5
      vertex 80.4223 153.551 7.5
    endloop
  endfacet
  facet normal 0.44166 0.897182 0
    outer loop
      vertex 79.4838 154.013 7.5
      vertex 80.4223 153.551 1.5
      vertex 79.4838 154.013 1.5
    endloop
  endfacet
  facet normal -0.0649834 0.997886 0
    outer loop
      vertex 8 154.622 1.5
      vertex 6.95579 154.554 7.5
      vertex 8 154.622 7.5
    endloop
  endfacet
  facet normal -0.0649834 0.997886 0
    outer loop
      vertex 6.95579 154.554 7.5
      vertex 8 154.622 1.5
      vertex 6.95579 154.554 1.5
    endloop
  endfacet
  facet normal -0.194674 -0.978694 -0.0652649
    outer loop
      vertex 6.95747 0.0811644 1.30421
      vertex 5.92945 0.272593 1.5
      vertex 5.93277 0.284989 1.30421
    endloop
  endfacet
  facet normal -0.320753 -0.944912 -0.0652639
    outer loop
      vertex 5.92945 0.272593 1.5
      vertex 4.94344 0.62082 1.30421
      vertex 5.93277 0.284989 1.30421
    endloop
  endfacet
  facet normal -0.0210682 -0.0620653 -0.99785
    outer loop
      vertex 6.31768 1.72148 0
      vertex 5.43763 1.8139 0.0128326
      vertex 5.51256 1.99478 0
    endloop
  endfacet
  facet normal -0.367997 -0.746215 -0.554745
    outer loop
      vertex 5.05715 0.895339 0.586858
      vertex 4.10048 1.24584 0.75
      vertex 4.15499 1.34024 0.586858
    endloop
  endfacet
  facet normal -0.5262 -0.787523 -0.320814
    outer loop
      vertex 4.02556 1.11606 1.11177
      vertex 3.16102 1.69372 1.11177
      vertex 4.05709 1.17068 0.925975
    endloop
  endfacet
  facet normal -0.787523 -0.5262 -0.320814
    outer loop
      vertex 1.69372 3.16102 1.11177
      vertex 1.11606 4.02556 1.11177
      vertex 1.17068 4.05709 0.925975
    endloop
  endfacet
  facet normal -0.657946 -0.750233 -0.0652532
    outer loop
      vertex 3.12991 1.65317 1.5
      vertex 2.34315 2.34315 1.5
      vertex 3.13772 1.66335 1.30421
    endloop
  endfacet
  facet normal -0.659351 -0.751835 0
    outer loop
      vertex 2.34315 2.34315 1.5
      vertex 3.12991 1.65317 7.5
      vertex 2.34315 2.34315 7.5
    endloop
  endfacet
  facet normal -0.659351 -0.751835 -0
    outer loop
      vertex 3.12991 1.65317 7.5
      vertex 2.34315 2.34315 1.5
      vertex 3.12991 1.65317 1.5
    endloop
  endfacet
  facet normal -0.0364131 -0.0544971 -0.99785
    outer loop
      vertex 4.65211 2.20128 0.0128326
      vertex 4.04305 2.8432 0
      vertex 4.75 2.37084 0
    endloop
  endfacet
  facet normal 0.246164 -0.368403 -0.896484
    outer loop
      vertex 80.8358 2.24819 0.200961
      vertex 80.0473 1.72132 0.200961
      vertex 80.7287 2.3878 0.114181
    endloop
  endfacet
  facet normal 0.194673 -0.978689 -0.0653441
    outer loop
      vertex 78.4929 0.272593 1.5
      vertex 77.4648 0.0811644 1.30421
      vertex 78.4895 0.284989 1.30421
    endloop
  endfacet
  facet normal -0.304449 -0.896875 -0.320822
    outer loop
      vertex 5.94268 0.321963 1.11177
      vertex 4.98223 0.714454 0.925975
      vertex 5.959 0.382884 0.925975
    endloop
  endfacet
  facet normal -0.291978 -0.592065 -0.751138
    outer loop
      vertex 5.10666 1.01486 0.43934
      vertex 4.21967 1.45228 0.43934
      vertex 5.16311 1.15115 0.30997
    endloop
  endfacet
  facet normal -0.212195 -0.625111 -0.751139
    outer loop
      vertex 6.04316 0.696963 0.43934
      vertex 5.10666 1.01486 0.43934
      vertex 5.16311 1.15115 0.30997
    endloop
  endfacet
  facet normal -0.0363904 -0.555206 -0.830917
    outer loop
      vertex 8 0.75 0.200961
      vertex 7.03239 0.650279 0.30997
      vertex 7.05369 0.812025 0.200961
    endloop
  endfacet
  facet normal 0.0642877 -0.0127899 -0.997849
    outer loop
      vertex 82.8899 6.267 0.0128326
      vertex 82.7008 6.31768 0
      vertex 83.0608 7.12602 0.0128326
    endloop
  endfacet
  facet normal 0.315821 -0.0628134 -0.946737
    outer loop
      vertex 83.2553 6.16911 0.114181
      vertex 83.0758 6.2172 0.0511112
      vertex 83.4358 7.07665 0.114181
    endloop
  endfacet
  facet normal 0.291817 0.591593 -0.751572
    outer loop
      vertex 80.1289 153.042 0.30997
      vertex 79.2592 153.471 0.30997
      vertex 80.2026 153.17 0.43934
    endloop
  endfacet
  facet normal 0.442048 0.0289436 -0.896524
    outer loop
      vertex 83.4963 146.622 0.114181
      vertex 83.4358 147.546 0.114181
      vertex 83.6723 146.622 0.200961
    endloop
  endfacet
  facet normal 0.94693 0.32144 0
    outer loop
      vertex 84.1497 148.693 7.5
      vertex 83.8133 149.684 1.5
      vertex 83.8133 149.684 7.5
    endloop
  endfacet
  facet normal 0.94693 0.32144 0
    outer loop
      vertex 83.8133 149.684 1.5
      vertex 84.1497 148.693 7.5
      vertex 84.1497 148.693 1.5
    endloop
  endfacet
  facet normal 0.831432 0.555626 0
    outer loop
      vertex 83.3505 150.622 7.5
      vertex 82.7691 151.492 1.5
      vertex 82.7691 151.492 7.5
    endloop
  endfacet
  facet normal 0.831432 0.555626 0
    outer loop
      vertex 82.7691 151.492 1.5
      vertex 83.3505 150.622 7.5
      vertex 83.3505 150.622 1.5
    endloop
  endfacet
  facet normal 0.646996 0.737255 -0.194552
    outer loop
      vertex 82.043 152.243 1.11177
      vertex 81.2613 152.929 1.11177
      vertex 82.0701 152.27 1.30421
    endloop
  endfacet
  facet normal 0.829778 0.55452 -0.0630542
    outer loop
      vertex 83.3505 150.622 1.5
      vertex 82.7589 151.485 1.30421
      vertex 82.7691 151.492 1.5
    endloop
  endfacet
  facet normal 0.0537643 0.830286 -0.554739
    outer loop
      vertex 77.4261 154.247 0.586858
      vertex 76.4223 154.312 0.586858
      vertex 76.4223 154.421 0.75
    endloop
  endfacet
  facet normal 0.0628981 0.184992 -0.980725
    outer loop
      vertex 78.9847 152.808 0.0128326
      vertex 78.1553 153.09 0.0128326
      vertex 78.2051 153.276 0.0511112
    endloop
  endfacet
  facet normal 0.246476 0.368947 -0.896174
    outer loop
      vertex 80.7287 152.235 0.114181
      vertex 79.9593 152.749 0.114181
      vertex 80.0473 152.901 0.200961
    endloop
  endfacet
  facet normal 0.544527 0.81594 -0.194247
    outer loop
      vertex 81.2613 152.929 1.11177
      vertex 80.3967 153.506 1.11177
      vertex 80.4159 153.539 1.30421
    endloop
  endfacet
  facet normal 0.526164 0.787593 -0.3207
    outer loop
      vertex 81.2229 152.879 0.925975
      vertex 80.3652 153.452 0.925975
      vertex 81.2613 152.929 1.11177
    endloop
  endfacet
  facet normal 0.175349 0.881593 -0.43823
    outer loop
      vertex 78.4408 154.156 0.75
      vertex 77.4403 154.355 0.75
      vertex 78.4633 154.239 0.925975
    endloop
  endfacet
  facet normal 0.553953 0.829687 -0.0689593
    outer loop
      vertex 81.2846 152.959 1.30421
      vertex 80.4159 153.539 1.30421
      vertex 80.4223 153.551 1.5
    endloop
  endfacet
  facet normal 0.4406 0.895028 -0.0692588
    outer loop
      vertex 80.4159 153.539 1.30421
      vertex 79.4838 154.013 1.5
      vertex 80.4223 153.551 1.5
    endloop
  endfacet
  facet normal -0.995731 -0.0652639 -0.0652655
    outer loop
      vertex 0.0684414 6.95579 1.5
      vertex 0 8 1.5
      vertex 0.0811644 6.95747 1.30421
    endloop
  endfacet
  facet normal -0.995731 -0.0652635 -0.065268
    outer loop
      vertex 0.0811644 6.95747 1.30421
      vertex 0 8 1.5
      vertex 0.0128336 8 1.30421
    endloop
  endfacet
  facet normal -0.997859 0 -0.0654074
    outer loop
      vertex 0.0128336 8 1.30421
      vertex 0 146.622 1.5
      vertex 0.0128336 146.622 1.30421
    endloop
  endfacet
  facet normal -0.997859 -0 -0.0654074
    outer loop
      vertex 0 146.622 1.5
      vertex 0.0128336 8 1.30421
      vertex 0 8 1.5
    endloop
  endfacet
  facet normal -0.831467 0 -0.555574
    outer loop
      vertex 0.309971 8 0.586858
      vertex 0.200962 146.622 0.75
      vertex 0.309971 146.622 0.586858
    endloop
  endfacet
  facet normal -0.831467 -0 -0.555574
    outer loop
      vertex 0.200962 146.622 0.75
      vertex 0.309971 8 0.586858
      vertex 0.200962 8 0.75
    endloop
  endfacet
  facet normal -0.751839 0 -0.659346
    outer loop
      vertex 0.439341 8 0.43934
      vertex 0.309971 146.622 0.586858
      vertex 0.439341 146.622 0.43934
    endloop
  endfacet
  facet normal -0.751839 -0 -0.659346
    outer loop
      vertex 0.309971 146.622 0.586858
      vertex 0.439341 8 0.43934
      vertex 0.309971 8 0.586858
    endloop
  endfacet
  facet normal -0.962019 -0.191358 -0.194684
    outer loop
      vertex 0.321963 5.94268 1.11177
      vertex 0.0811644 6.95747 1.30421
      vertex 0.119116 6.96246 1.11177
    endloop
  endfacet
  facet normal -0.895326 -0.0586829 -0.441528
    outer loop
      vertex 0.267684 6.98202 0.75
      vertex 0.181645 6.97069 0.925975
      vertex 0.200962 8 0.75
    endloop
  endfacet
  facet normal -0.0587832 -0.028989 -0.99785
    outer loop
      vertex 2.20128 4.65211 0.0128326
      vertex 1.8139 5.43763 0.0128326
      vertex 2.37084 4.75 0
    endloop
  endfacet
  facet normal -0.0544967 -0.0364127 -0.99785
    outer loop
      vertex 2.68787 3.92386 0.0128326
      vertex 2.20128 4.65211 0.0128326
      vertex 2.8432 4.04305 0
    endloop
  endfacet
  facet normal -0.674931 -0.332843 -0.658547
    outer loop
      vertex 1.45228 4.21967 0.43934
      vertex 0.895339 5.05715 0.586858
      vertex 1.01486 5.10666 0.43934
    endloop
  endfacet
  facet normal -0.19509 0 -0.980785
    outer loop
      vertex 1.11177 8 0.0511112
      vertex 1.30421 146.622 0.0128326
      vertex 1.30421 8 0.0128326
    endloop
  endfacet
  facet normal -0.19509 0 -0.980785
    outer loop
      vertex 1.30421 146.622 0.0128326
      vertex 1.11177 8 0.0511112
      vertex 1.11177 146.622 0.0511112
    endloop
  endfacet
  facet normal -0.746031 -0.498483 -0.441535
    outer loop
      vertex 1.74376 3.19942 0.925975
      vertex 1.24584 4.10048 0.75
      vertex 1.81261 3.25225 0.75
    endloop
  endfacet
  facet normal 0 0 -1
    outer loop
      vertex 76.4223 1.5 0
      vertex 82.9223 8 0
      vertex 82.8667 7.15158 0
    endloop
  endfacet
  facet normal 0 0 -1
    outer loop
      vertex 82.9223 8 0
      vertex 75.4958 143.667 0
      vertex 82.9223 146.622 0
    endloop
  endfacet
  facet normal 0 0 -1
    outer loop
      vertex 76.4223 1.5 0
      vertex 82.8667 7.15158 0
      vertex 82.7008 6.31768 0
    endloop
  endfacet
  facet normal 0 -0 -1
    outer loop
      vertex 76.3885 144.152 0
      vertex 82.9223 146.622 0
      vertex 76.1314 143.98 0
    endloop
  endfacet
  facet normal 0 0 -1
    outer loop
      vertex 76.4223 1.5 0
      vertex 82.7008 6.31768 0
      vertex 82.4275 5.51256 0
    endloop
  endfacet
  facet normal 0 -0 -1
    outer loop
      vertex 77.2535 144.841 0
      vertex 82.9223 146.622 0
      vertex 76.9531 144.578 0
    endloop
  endfacet
  facet normal 0 0 -1
    outer loop
      vertex 76.4223 1.5 0
      vertex 82.4275 5.51256 0
      vertex 82.0515 4.75 0
    endloop
  endfacet
  facet normal 0 -0 -1
    outer loop
      vertex 77.9428 145.706 0
      vertex 82.9223 146.622 0
      vertex 77.7208 145.374 0
    endloop
  endfacet
  facet normal 0 0 -1
    outer loop
      vertex 76.4223 1.5 0
      vertex 82.0515 4.75 0
      vertex 81.5791 4.04305 0
    endloop
  endfacet
  facet normal 0 -0 -1
    outer loop
      vertex 78.1146 145.963 0
      vertex 82.9223 146.622 0
      vertex 77.9428 145.706 0
    endloop
  endfacet
  facet normal 0 0 -1
    outer loop
      vertex 76.4223 1.5 0
      vertex 81.5791 4.04305 0
      vertex 81.0185 3.40381 0
    endloop
  endfacet
  facet normal 0 -0 -1
    outer loop
      vertex 78.5565 146.977 0
      vertex 82.9223 146.622 0
      vertex 78.4281 146.599 0
    endloop
  endfacet
  facet normal 0 0 -1
    outer loop
      vertex 76.4223 1.5 0
      vertex 81.0185 3.40381 0
      vertex 80.3793 2.8432 0
    endloop
  endfacet
  facet normal 0 -0 -1
    outer loop
      vertex 78.7162 147.573 0
      vertex 82.8667 147.471 0
      vertex 78.6559 147.27 0
    endloop
  endfacet
  facet normal 0 0 -1
    outer loop
      vertex 76.4223 1.5 0
      vertex 80.3793 2.8432 0
      vertex 79.6723 2.37084 0
    endloop
  endfacet
  facet normal 0 -0 -1
    outer loop
      vertex 78.8144 148.274 0
      vertex 82.7008 148.305 0
      vertex 78.7941 147.965 0
    endloop
  endfacet
  facet normal 0 0 -1
    outer loop
      vertex 76.4223 1.5 0
      vertex 79.6723 2.37084 0
      vertex 78.9097 1.99478 0
    endloop
  endfacet
  facet normal -0 0 -1
    outer loop
      vertex 82.0515 149.872 0
      vertex 78.8144 149.071 0
      vertex 81.5791 150.579 0
    endloop
  endfacet
  facet normal -0 0 -1
    outer loop
      vertex 81.5791 150.579 0
      vertex 78.7162 149.771 0
      vertex 81.0185 151.219 0
    endloop
  endfacet
  facet normal 0 0 -1
    outer loop
      vertex 78.7162 149.771 0
      vertex 81.5791 150.579 0
      vertex 78.7941 149.38 0
    endloop
  endfacet
  facet normal 0 0 -1
    outer loop
      vertex 78.7941 149.38 0
      vertex 81.5791 150.579 0
      vertex 78.8144 149.071 0
    endloop
  endfacet
  facet normal 0 0 -1
    outer loop
      vertex 78.8144 149.071 0
      vertex 82.0515 149.872 0
      vertex 78.8405 148.672 0
    endloop
  endfacet
  facet normal -0 0 -1
    outer loop
      vertex 82.4275 149.11 0
      vertex 78.8405 148.672 0
      vertex 82.0515 149.872 0
    endloop
  endfacet
  facet normal 0 -0 -1
    outer loop
      vertex 78.8405 148.672 0
      vertex 82.4275 149.11 0
      vertex 78.8144 148.274 0
    endloop
  endfacet
  facet normal -0 0 -1
    outer loop
      vertex 82.7008 148.305 0
      vertex 78.8144 148.274 0
      vertex 82.4275 149.11 0
    endloop
  endfacet
  facet normal 0 0 -1
    outer loop
      vertex 82.8667 147.471 0
      vertex 78.7941 147.965 0
      vertex 82.7008 148.305 0
    endloop
  endfacet
  facet normal 0 -0 -1
    outer loop
      vertex 78.7941 147.965 0
      vertex 82.8667 147.471 0
      vertex 78.7162 147.573 0
    endloop
  endfacet
  facet normal 0 0 -1
    outer loop
      vertex 76.4223 1.5 0
      vertex 78.9097 1.99478 0
      vertex 78.1046 1.72148 0
    endloop
  endfacet
  facet normal 0 0 -1
    outer loop
      vertex 82.9223 146.622 0
      vertex 78.6559 147.27 0
      vertex 82.8667 147.471 0
    endloop
  endfacet
  facet normal 0 -0 -1
    outer loop
      vertex 78.6559 147.27 0
      vertex 82.9223 146.622 0
      vertex 78.5565 146.977 0
    endloop
  endfacet
  facet normal 0 -0 -1
    outer loop
      vertex 78.4281 146.599 0
      vertex 82.9223 146.622 0
      vertex 78.2513 146.241 0
    endloop
  endfacet
  facet normal 0 0 -1
    outer loop
      vertex 76.4223 1.5 0
      vertex 78.1046 1.72148 0
      vertex 77.2707 1.55561 0
    endloop
  endfacet
  facet normal 0 -0 -1
    outer loop
      vertex 78.2513 146.241 0
      vertex 82.9223 146.622 0
      vertex 78.1146 145.963 0
    endloop
  endfacet
  facet normal 0 -0 -1
    outer loop
      vertex 77.7208 145.374 0
      vertex 82.9223 146.622 0
      vertex 77.517 145.141 0
    endloop
  endfacet
  facet normal 0 -0 -1
    outer loop
      vertex 77.517 145.141 0
      vertex 82.9223 146.622 0
      vertex 77.2535 144.841 0
    endloop
  endfacet
  facet normal -0 0 -1
    outer loop
      vertex 82.9223 8 0
      vertex 76.4223 1.5 0
      vertex 1.5 8 0
    endloop
  endfacet
  facet normal 0 -0 -1
    outer loop
      vertex 76.9531 144.578 0
      vertex 82.9223 146.622 0
      vertex 76.7207 144.374 0
    endloop
  endfacet
  facet normal 0 -0 -1
    outer loop
      vertex 76.7207 144.374 0
      vertex 82.9223 146.622 0
      vertex 76.3885 144.152 0
    endloop
  endfacet
  facet normal 0 0 -1
    outer loop
      vertex 82.9223 146.622 0
      vertex 75.8541 143.843 0
      vertex 76.1314 143.98 0
    endloop
  endfacet
  facet normal 0 0 -1
    outer loop
      vertex 82.9223 146.622 0
      vertex 75.4958 143.667 0
      vertex 75.8541 143.843 0
    endloop
  endfacet
  facet normal 0 0 -1
    outer loop
      vertex 82.9223 8 0
      vertex 75.1174 143.538 0
      vertex 75.4958 143.667 0
    endloop
  endfacet
  facet normal 0 0 -1
    outer loop
      vertex 82.9223 8 0
      vertex 74.8246 143.439 0
      vertex 75.1174 143.538 0
    endloop
  endfacet
  facet normal 0 0 -1
    outer loop
      vertex 82.9223 8 0
      vertex 74.5214 143.378 0
      vertex 74.8246 143.439 0
    endloop
  endfacet
  facet normal 0 0 -1
    outer loop
      vertex 82.9223 8 0
      vertex 74.1295 143.3 0
      vertex 74.5214 143.378 0
    endloop
  endfacet
  facet normal 0 0 -1
    outer loop
      vertex 82.9223 8 0
      vertex 73.821 143.28 0
      vertex 74.1295 143.3 0
    endloop
  endfacet
  facet normal 0 0 -1
    outer loop
      vertex 82.9223 8 0
      vertex 73.4223 143.254 0
      vertex 73.821 143.28 0
    endloop
  endfacet
  facet normal 0 0 -1
    outer loop
      vertex 82.9223 8 0
      vertex 73.0236 143.28 0
      vertex 73.4223 143.254 0
    endloop
  endfacet
  facet normal 0 0 -1
    outer loop
      vertex 82.9223 8 0
      vertex 72.7151 143.3 0
      vertex 73.0236 143.28 0
    endloop
  endfacet
  facet normal 0 0 -1
    outer loop
      vertex 82.9223 8 0
      vertex 72.3232 143.378 0
      vertex 72.7151 143.3 0
    endloop
  endfacet
  facet normal 0 0 -1
    outer loop
      vertex 82.9223 8 0
      vertex 72.02 143.439 0
      vertex 72.3232 143.378 0
    endloop
  endfacet
  facet normal 0 0 -1
    outer loop
      vertex 82.9223 8 0
      vertex 71.7272 143.538 0
      vertex 72.02 143.439 0
    endloop
  endfacet
  facet normal 0 0 -1
    outer loop
      vertex 82.9223 8 0
      vertex 71.3489 143.667 0
      vertex 71.7272 143.538 0
    endloop
  endfacet
  facet normal 0 0 -1
    outer loop
      vertex 82.9223 8 0
      vertex 1.5 8 0
      vertex 71.3489 143.667 0
    endloop
  endfacet
  facet normal -0 0 -1
    outer loop
      vertex 71.3489 143.667 0
      vertex 1.5 8 0
      vertex 70.9905 143.843 0
    endloop
  endfacet
  facet normal -0 0 -1
    outer loop
      vertex 70.9905 143.843 0
      vertex 1.5 8 0
      vertex 70.7132 143.98 0
    endloop
  endfacet
  facet normal 0 0 -1
    outer loop
      vertex 1.5 146.622 0
      vertex 70.7132 143.98 0
      vertex 1.5 8 0
    endloop
  endfacet
  facet normal 0 -0 -1
    outer loop
      vertex 64.8483 147.286 0
      vertex 70.7132 143.98 0
      vertex 1.5 146.622 0
    endloop
  endfacet
  facet normal 0 0 -1
    outer loop
      vertex 70.7132 143.98 0
      vertex 64.8483 147.286 0
      vertex 70.4561 144.152 0
    endloop
  endfacet
  facet normal 0 0 -1
    outer loop
      vertex 70.4561 144.152 0
      vertex 64.8483 147.286 0
      vertex 70.1239 144.374 0
    endloop
  endfacet
  facet normal -0 -0 -1
    outer loop
      vertex 65.0341 147.223 0
      vertex 70.1239 144.374 0
      vertex 64.8483 147.286 0
    endloop
  endfacet
  facet normal 0 0 -1
    outer loop
      vertex 69.8915 144.578 0
      vertex 65.0341 147.223 0
      vertex 69.5911 144.841 0
    endloop
  endfacet
  facet normal -0 -0 -1
    outer loop
      vertex 65.2265 147.185 0
      vertex 69.5911 144.841 0
      vertex 65.0341 147.223 0
    endloop
  endfacet
  facet normal 0 0 -1
    outer loop
      vertex 69.5911 144.841 0
      vertex 65.2265 147.185 0
      vertex 69.3276 145.141 0
    endloop
  endfacet
  facet normal 0 -0 -1
    outer loop
      vertex 65.6181 147.185 0
      vertex 69.1238 145.374 0
      vertex 65.4223 147.172 0
    endloop
  endfacet
  facet normal 0 0 -1
    outer loop
      vertex 68.9018 145.706 0
      vertex 65.6181 147.185 0
      vertex 68.73 145.963 0
    endloop
  endfacet
  facet normal 0 0 -1
    outer loop
      vertex 68.73 145.963 0
      vertex 65.8105 147.223 0
      vertex 68.5933 146.241 0
    endloop
  endfacet
  facet normal 0 -0 -1
    outer loop
      vertex 65.9963 147.286 0
      vertex 68.5933 146.241 0
      vertex 65.8105 147.223 0
    endloop
  endfacet
  facet normal 0 -0 -1
    outer loop
      vertex 66.1723 147.373 0
      vertex 68.4166 146.599 0
      vertex 65.9963 147.286 0
    endloop
  endfacet
  facet normal 0 -0 -1
    outer loop
      vertex 66.483 147.612 0
      vertex 68.2881 146.977 0
      vertex 66.3354 147.482 0
    endloop
  endfacet
  facet normal 0 -0 -1
    outer loop
      vertex 66.6123 147.759 0
      vertex 68.1887 147.27 0
      vertex 66.483 147.612 0
    endloop
  endfacet
  facet normal 0 -0 -1
    outer loop
      vertex 66.7213 147.922 0
      vertex 68.1284 147.573 0
      vertex 66.6123 147.759 0
    endloop
  endfacet
  facet normal -0 0 -1
    outer loop
      vertex 68.0041 148.672 0
      vertex 66.9095 148.477 0
      vertex 66.9223 148.672 0
    endloop
  endfacet
  facet normal 0 0 -1
    outer loop
      vertex 68.0303 148.274 0
      vertex 66.9095 148.477 0
      vertex 68.0041 148.672 0
    endloop
  endfacet
  facet normal 0 -0 -1
    outer loop
      vertex 66.9095 148.477 0
      vertex 68.0303 148.274 0
      vertex 66.8712 148.284 0
    endloop
  endfacet
  facet normal 0 0 -1
    outer loop
      vertex 68.0505 147.965 0
      vertex 66.8712 148.284 0
      vertex 68.0303 148.274 0
    endloop
  endfacet
  facet normal 0 -0 -1
    outer loop
      vertex 66.8712 148.284 0
      vertex 68.0505 147.965 0
      vertex 66.8081 148.098 0
    endloop
  endfacet
  facet normal 0 -0 -1
    outer loop
      vertex 66.8081 148.098 0
      vertex 68.0505 147.965 0
      vertex 66.7213 147.922 0
    endloop
  endfacet
  facet normal 0 0 -1
    outer loop
      vertex 68.1284 147.573 0
      vertex 66.7213 147.922 0
      vertex 68.0505 147.965 0
    endloop
  endfacet
  facet normal 0 0 -1
    outer loop
      vertex 68.1887 147.27 0
      vertex 66.6123 147.759 0
      vertex 68.1284 147.573 0
    endloop
  endfacet
  facet normal 0 0 -1
    outer loop
      vertex 68.2881 146.977 0
      vertex 66.483 147.612 0
      vertex 68.1887 147.27 0
    endloop
  endfacet
  facet normal 0 0 -1
    outer loop
      vertex 68.4166 146.599 0
      vertex 66.3354 147.482 0
      vertex 68.2881 146.977 0
    endloop
  endfacet
  facet normal 0 -0 -1
    outer loop
      vertex 66.3354 147.482 0
      vertex 68.4166 146.599 0
      vertex 66.1723 147.373 0
    endloop
  endfacet
  facet normal 0 0 -1
    outer loop
      vertex 68.5933 146.241 0
      vertex 65.9963 147.286 0
      vertex 68.4166 146.599 0
    endloop
  endfacet
  facet normal 0 -0 -1
    outer loop
      vertex 65.8105 147.223 0
      vertex 68.73 145.963 0
      vertex 65.6181 147.185 0
    endloop
  endfacet
  facet normal 0 0 -1
    outer loop
      vertex 69.1238 145.374 0
      vertex 65.6181 147.185 0
      vertex 68.9018 145.706 0
    endloop
  endfacet
  facet normal -0 -0 -1
    outer loop
      vertex 65.4223 147.172 0
      vertex 69.1238 145.374 0
      vertex 65.2265 147.185 0
    endloop
  endfacet
  facet normal 0 0 -1
    outer loop
      vertex 69.3276 145.141 0
      vertex 65.2265 147.185 0
      vertex 69.1238 145.374 0
    endloop
  endfacet
  facet normal 0 0 -1
    outer loop
      vertex 70.1239 144.374 0
      vertex 65.0341 147.223 0
      vertex 69.8915 144.578 0
    endloop
  endfacet
  facet normal -0 0 -1
    outer loop
      vertex 64.8483 147.286 0
      vertex 1.5 146.622 0
      vertex 64.6723 147.373 0
    endloop
  endfacet
  facet normal -0 0 -1
    outer loop
      vertex 64.6723 147.373 0
      vertex 1.5 146.622 0
      vertex 64.5092 147.482 0
    endloop
  endfacet
  facet normal -0 0 -1
    outer loop
      vertex 64.5092 147.482 0
      vertex 1.5 146.622 0
      vertex 64.3616 147.612 0
    endloop
  endfacet
  facet normal -0 0 -1
    outer loop
      vertex 64.3616 147.612 0
      vertex 1.5 146.622 0
      vertex 64.2323 147.759 0
    endloop
  endfacet
  facet normal 0 -0 -1
    outer loop
      vertex 8 153.122 0
      vertex 64.2323 147.759 0
      vertex 1.5 146.622 0
    endloop
  endfacet
  facet normal 0 0 -1
    outer loop
      vertex 64.2323 147.759 0
      vertex 8 153.122 0
      vertex 64.1233 147.922 0
    endloop
  endfacet
  facet normal 0 0 -1
    outer loop
      vertex 64.1233 147.922 0
      vertex 8 153.122 0
      vertex 64.0365 148.098 0
    endloop
  endfacet
  facet normal 0 0 -1
    outer loop
      vertex 1.5 8 0
      vertex 76.4223 1.5 0
      vertex 8 1.5 0
    endloop
  endfacet
  facet normal 0 0 -1
    outer loop
      vertex 78.6559 150.075 0
      vertex 81.0185 151.219 0
      vertex 78.7162 149.771 0
    endloop
  endfacet
  facet normal -0 0 -1
    outer loop
      vertex 81.0185 151.219 0
      vertex 78.6559 150.075 0
      vertex 80.3793 151.779 0
    endloop
  endfacet
  facet normal 0 0 -1
    outer loop
      vertex 78.5565 150.367 0
      vertex 80.3793 151.779 0
      vertex 78.6559 150.075 0
    endloop
  endfacet
  facet normal 0 0 -1
    outer loop
      vertex 78.4281 150.746 0
      vertex 80.3793 151.779 0
      vertex 78.5565 150.367 0
    endloop
  endfacet
  facet normal -0 0 -1
    outer loop
      vertex 80.3793 151.779 0
      vertex 78.4281 150.746 0
      vertex 79.6723 152.251 0
    endloop
  endfacet
  facet normal 0 0 -1
    outer loop
      vertex 78.2513 151.104 0
      vertex 79.6723 152.251 0
      vertex 78.4281 150.746 0
    endloop
  endfacet
  facet normal 0 0 -1
    outer loop
      vertex 78.1146 151.381 0
      vertex 79.6723 152.251 0
      vertex 78.2513 151.104 0
    endloop
  endfacet
  facet normal -0 0 -1
    outer loop
      vertex 79.6723 152.251 0
      vertex 78.1146 151.381 0
      vertex 78.9097 152.628 0
    endloop
  endfacet
  facet normal 0 0 -1
    outer loop
      vertex 77.9428 151.638 0
      vertex 78.9097 152.628 0
      vertex 78.1146 151.381 0
    endloop
  endfacet
  facet normal 0 0 -1
    outer loop
      vertex 77.7208 151.971 0
      vertex 78.9097 152.628 0
      vertex 77.9428 151.638 0
    endloop
  endfacet
  facet normal -0 0 -1
    outer loop
      vertex 78.9097 152.628 0
      vertex 77.7208 151.971 0
      vertex 78.1046 152.901 0
    endloop
  endfacet
  facet normal 0 0 -1
    outer loop
      vertex 77.517 152.203 0
      vertex 78.1046 152.901 0
      vertex 77.7208 151.971 0
    endloop
  endfacet
  facet normal 0 0 -1
    outer loop
      vertex 77.2535 152.504 0
      vertex 78.1046 152.901 0
      vertex 77.517 152.203 0
    endloop
  endfacet
  facet normal -0 0 -1
    outer loop
      vertex 78.1046 152.901 0
      vertex 77.2535 152.504 0
      vertex 77.2707 153.067 0
    endloop
  endfacet
  facet normal 0 0 -1
    outer loop
      vertex 76.9531 152.767 0
      vertex 77.2707 153.067 0
      vertex 77.2535 152.504 0
    endloop
  endfacet
  facet normal 0 0 -1
    outer loop
      vertex 76.7207 152.971 0
      vertex 77.2707 153.067 0
      vertex 76.9531 152.767 0
    endloop
  endfacet
  facet normal -0 0 -1
    outer loop
      vertex 77.2707 153.067 0
      vertex 76.7207 152.971 0
      vertex 76.5018 153.117 0
    endloop
  endfacet
  facet normal 0 0 -1
    outer loop
      vertex 65.0341 150.121 0
      vertex 69.8915 152.767 0
      vertex 69.5911 152.504 0
    endloop
  endfacet
  facet normal 0 0 -1
    outer loop
      vertex 65.2265 150.159 0
      vertex 69.3276 152.203 0
      vertex 69.1238 151.971 0
    endloop
  endfacet
  facet normal 0 0 -1
    outer loop
      vertex 65.6181 150.159 0
      vertex 68.9018 151.638 0
      vertex 68.73 151.381 0
    endloop
  endfacet
  facet normal 0 0 -1
    outer loop
      vertex 65.9963 150.058 0
      vertex 68.5933 151.104 0
      vertex 68.4166 150.746 0
    endloop
  endfacet
  facet normal 0 0 -1
    outer loop
      vertex 66.7213 149.422 0
      vertex 68.1284 149.771 0
      vertex 68.0505 149.38 0
    endloop
  endfacet
  facet normal 0 0 -1
    outer loop
      vertex 66.9095 148.868 0
      vertex 68.0303 149.071 0
      vertex 68.0041 148.672 0
    endloop
  endfacet
  facet normal 0 0 -1
    outer loop
      vertex 66.9095 148.868 0
      vertex 68.0041 148.672 0
      vertex 66.9223 148.672 0
    endloop
  endfacet
  facet normal 0 0 -1
    outer loop
      vertex 66.8712 149.061 0
      vertex 68.0303 149.071 0
      vertex 66.9095 148.868 0
    endloop
  endfacet
  facet normal -0 0 -1
    outer loop
      vertex 68.0303 149.071 0
      vertex 66.8712 149.061 0
      vertex 68.0505 149.38 0
    endloop
  endfacet
  facet normal 0 0 -1
    outer loop
      vertex 66.8081 149.246 0
      vertex 68.0505 149.38 0
      vertex 66.8712 149.061 0
    endloop
  endfacet
  facet normal 0 0 -1
    outer loop
      vertex 66.7213 149.422 0
      vertex 68.0505 149.38 0
      vertex 66.8081 149.246 0
    endloop
  endfacet
  facet normal 0 0 -1
    outer loop
      vertex 66.6123 149.585 0
      vertex 68.1284 149.771 0
      vertex 66.7213 149.422 0
    endloop
  endfacet
  facet normal -0 0 -1
    outer loop
      vertex 68.1284 149.771 0
      vertex 66.6123 149.585 0
      vertex 68.1887 150.075 0
    endloop
  endfacet
  facet normal 0 0 -1
    outer loop
      vertex 66.483 149.733 0
      vertex 68.1887 150.075 0
      vertex 66.6123 149.585 0
    endloop
  endfacet
  facet normal -0 0 -1
    outer loop
      vertex 68.1887 150.075 0
      vertex 66.483 149.733 0
      vertex 68.2881 150.367 0
    endloop
  endfacet
  facet normal 0 0 -1
    outer loop
      vertex 66.3354 149.862 0
      vertex 68.2881 150.367 0
      vertex 66.483 149.733 0
    endloop
  endfacet
  facet normal -0 0 -1
    outer loop
      vertex 68.2881 150.367 0
      vertex 66.3354 149.862 0
      vertex 68.4166 150.746 0
    endloop
  endfacet
  facet normal 0 0 -1
    outer loop
      vertex 66.1723 149.971 0
      vertex 68.4166 150.746 0
      vertex 66.3354 149.862 0
    endloop
  endfacet
  facet normal 0 0 -1
    outer loop
      vertex 65.9963 150.058 0
      vertex 68.4166 150.746 0
      vertex 66.1723 149.971 0
    endloop
  endfacet
  facet normal -0 0 -1
    outer loop
      vertex 68.5933 151.104 0
      vertex 65.9963 150.058 0
      vertex 68.73 151.381 0
    endloop
  endfacet
  facet normal 0 0 -1
    outer loop
      vertex 65.8105 150.121 0
      vertex 68.73 151.381 0
      vertex 65.9963 150.058 0
    endloop
  endfacet
  facet normal 0 0 -1
    outer loop
      vertex 65.6181 150.159 0
      vertex 68.73 151.381 0
      vertex 65.8105 150.121 0
    endloop
  endfacet
  facet normal -0 0 -1
    outer loop
      vertex 68.9018 151.638 0
      vertex 65.6181 150.159 0
      vertex 69.1238 151.971 0
    endloop
  endfacet
  facet normal 0 0 -1
    outer loop
      vertex 65.4223 150.172 0
      vertex 69.1238 151.971 0
      vertex 65.6181 150.159 0
    endloop
  endfacet
  facet normal 0 0 -1
    outer loop
      vertex 65.2265 150.159 0
      vertex 69.1238 151.971 0
      vertex 65.4223 150.172 0
    endloop
  endfacet
  facet normal -0 0 -1
    outer loop
      vertex 69.3276 152.203 0
      vertex 65.2265 150.159 0
      vertex 69.5911 152.504 0
    endloop
  endfacet
  facet normal 0 0 -1
    outer loop
      vertex 65.0341 150.121 0
      vertex 69.5911 152.504 0
      vertex 65.2265 150.159 0
    endloop
  endfacet
  facet normal -0 0 -1
    outer loop
      vertex 69.8915 152.767 0
      vertex 65.0341 150.121 0
      vertex 70.1239 152.971 0
    endloop
  endfacet
  facet normal 0 0 -1
    outer loop
      vertex 64.8483 150.058 0
      vertex 70.1239 152.971 0
      vertex 65.0341 150.121 0
    endloop
  endfacet
  facet normal -0 0 -1
    outer loop
      vertex 70.1239 152.971 0
      vertex 64.8483 150.058 0
      vertex 70.3506 153.122 0
    endloop
  endfacet
  facet normal 0 0 -1
    outer loop
      vertex 64.6723 149.971 0
      vertex 70.3506 153.122 0
      vertex 64.8483 150.058 0
    endloop
  endfacet
  facet normal 0 0 -1
    outer loop
      vertex 64.0365 148.098 0
      vertex 8 153.122 0
      vertex 63.9734 148.284 0
    endloop
  endfacet
  facet normal 0 0 -1
    outer loop
      vertex 63.9734 148.284 0
      vertex 8 153.122 0
      vertex 63.9351 148.477 0
    endloop
  endfacet
  facet normal 0 0 -1
    outer loop
      vertex 63.9351 148.477 0
      vertex 8 153.122 0
      vertex 63.9223 148.672 0
    endloop
  endfacet
  facet normal 0 0 -1
    outer loop
      vertex 64.6723 149.971 0
      vertex 8 153.122 0
      vertex 70.3506 153.122 0
    endloop
  endfacet
  facet normal 0 0 -1
    outer loop
      vertex 64.5092 149.862 0
      vertex 8 153.122 0
      vertex 64.6723 149.971 0
    endloop
  endfacet
  facet normal 0 0 -1
    outer loop
      vertex 64.3616 149.733 0
      vertex 8 153.122 0
      vertex 64.5092 149.862 0
    endloop
  endfacet
  facet normal 0 0 -1
    outer loop
      vertex 64.2323 149.585 0
      vertex 8 153.122 0
      vertex 64.3616 149.733 0
    endloop
  endfacet
  facet normal 0 0 -1
    outer loop
      vertex 64.1233 149.422 0
      vertex 8 153.122 0
      vertex 64.2323 149.585 0
    endloop
  endfacet
  facet normal 0 0 -1
    outer loop
      vertex 64.0365 149.246 0
      vertex 8 153.122 0
      vertex 64.1233 149.422 0
    endloop
  endfacet
  facet normal 0 0 -1
    outer loop
      vertex 63.9223 148.672 0
      vertex 8 153.122 0
      vertex 63.9351 148.868 0
    endloop
  endfacet
  facet normal 0 0 -1
    outer loop
      vertex 1.5 8 0
      vertex 8 1.5 0
      vertex 7.15158 1.55561 0
    endloop
  endfacet
  facet normal 0 0 -1
    outer loop
      vertex 63.9351 148.868 0
      vertex 8 153.122 0
      vertex 63.9734 149.061 0
    endloop
  endfacet
  facet normal 0 0 -1
    outer loop
      vertex 1.5 8 0
      vertex 7.15158 1.55561 0
      vertex 6.31768 1.72148 0
    endloop
  endfacet
  facet normal 0 0 -1
    outer loop
      vertex 63.9734 149.061 0
      vertex 8 153.122 0
      vertex 64.0365 149.246 0
    endloop
  endfacet
  facet normal 0 0 -1
    outer loop
      vertex 1.5 8 0
      vertex 6.31768 1.72148 0
      vertex 5.51256 1.99478 0
    endloop
  endfacet
  facet normal 0 0 -1
    outer loop
      vertex 8 153.122 0
      vertex 1.5 146.622 0
      vertex 7.15158 153.067 0
    endloop
  endfacet
  facet normal 0 0 -1
    outer loop
      vertex 1.5 8 0
      vertex 5.51256 1.99478 0
      vertex 4.75 2.37084 0
    endloop
  endfacet
  facet normal 0 0 -1
    outer loop
      vertex 7.15158 153.067 0
      vertex 1.5 146.622 0
      vertex 6.31768 152.901 0
    endloop
  endfacet
  facet normal 0 0 -1
    outer loop
      vertex 1.5 8 0
      vertex 4.75 2.37084 0
      vertex 4.04305 2.8432 0
    endloop
  endfacet
  facet normal 0 0 -1
    outer loop
      vertex 6.31768 152.901 0
      vertex 1.5 146.622 0
      vertex 5.51256 152.628 0
    endloop
  endfacet
  facet normal 0 0 -1
    outer loop
      vertex 1.5 8 0
      vertex 4.04305 2.8432 0
      vertex 3.40381 3.40381 0
    endloop
  endfacet
  facet normal 0 0 -1
    outer loop
      vertex 5.51256 152.628 0
      vertex 1.5 146.622 0
      vertex 4.75 152.251 0
    endloop
  endfacet
  facet normal 0 0 -1
    outer loop
      vertex 1.5 8 0
      vertex 3.40381 3.40381 0
      vertex 2.8432 4.04305 0
    endloop
  endfacet
  facet normal 0 0 -1
    outer loop
      vertex 4.75 152.251 0
      vertex 1.5 146.622 0
      vertex 4.04305 151.779 0
    endloop
  endfacet
  facet normal 0 0 -1
    outer loop
      vertex 1.5 8 0
      vertex 2.8432 4.04305 0
      vertex 2.37084 4.75 0
    endloop
  endfacet
  facet normal 0 0 -1
    outer loop
      vertex 4.04305 151.779 0
      vertex 1.5 146.622 0
      vertex 3.40381 151.219 0
    endloop
  endfacet
  facet normal 0 0 -1
    outer loop
      vertex 1.5 8 0
      vertex 2.37084 4.75 0
      vertex 1.99478 5.51256 0
    endloop
  endfacet
  facet normal 0 0 -1
    outer loop
      vertex 3.40381 151.219 0
      vertex 1.5 146.622 0
      vertex 2.8432 150.579 0
    endloop
  endfacet
  facet normal 0 0 -1
    outer loop
      vertex 1.5 8 0
      vertex 1.99478 5.51256 0
      vertex 1.72148 6.31768 0
    endloop
  endfacet
  facet normal 0 0 -1
    outer loop
      vertex 2.8432 150.579 0
      vertex 1.5 146.622 0
      vertex 2.37084 149.872 0
    endloop
  endfacet
  facet normal 0 0 -1
    outer loop
      vertex 1.5 8 0
      vertex 1.72148 6.31768 0
      vertex 1.55561 7.15158 0
    endloop
  endfacet
  facet normal 0 0 -1
    outer loop
      vertex 2.37084 149.872 0
      vertex 1.5 146.622 0
      vertex 1.99478 149.11 0
    endloop
  endfacet
  facet normal 0 0 -1
    outer loop
      vertex 1.99478 149.11 0
      vertex 1.5 146.622 0
      vertex 1.72148 148.305 0
    endloop
  endfacet
  facet normal 0 0 -1
    outer loop
      vertex 1.72148 148.305 0
      vertex 1.5 146.622 0
      vertex 1.55561 147.471 0
    endloop
  endfacet
  facet normal -0.831472 -0.555567 0
    outer loop
      vertex 1.65317 3.12991 1.5
      vertex 1.0718 4 7.5
      vertex 1.0718 4 1.5
    endloop
  endfacet
  facet normal -0.831472 -0.555567 0
    outer loop
      vertex 1.0718 4 7.5
      vertex 1.65317 3.12991 1.5
      vertex 1.65317 3.12991 7.5
    endloop
  endfacet
  facet normal -0.830271 0.0544179 -0.554696
    outer loop
      vertex 0.37576 147.626 0.586858
      vertex 0.200962 146.622 0.75
      vertex 0.267684 147.64 0.75
    endloop
  endfacet
  facet normal -0.896875 0 -0.442283
    outer loop
      vertex 0.200962 8 0.75
      vertex 0.114182 146.622 0.925975
      vertex 0.200962 146.622 0.75
    endloop
  endfacet
  facet normal -0.896875 -0 -0.442283
    outer loop
      vertex 0.114182 146.622 0.925975
      vertex 0.200962 8 0.75
      vertex 0.114182 8 0.925975
    endloop
  endfacet
  facet normal -0.0654033 -0.00428688 -0.99785
    outer loop
      vertex 1.55561 7.15158 0
      vertex 1.3615 7.12602 0.0128326
      vertex 1.5 8 0
    endloop
  endfacet
  facet normal -0.0629682 0.316168 -0.946611
    outer loop
      vertex 7.10091 153.452 0.0511112
      vertex 6.2172 153.276 0.0511112
      vertex 7.07665 153.636 0.114181
    endloop
  endfacet
  facet normal -0.418215 0.625736 -0.658446
    outer loop
      vertex 4.21967 153.17 0.43934
      vertex 3.31861 152.723 0.586858
      vertex 4.15499 153.282 0.586858
    endloop
  endfacet
  facet normal -0.995733 0.0652342 -0.0652681
    outer loop
      vertex 0.0128336 146.622 1.30421
      vertex 0 146.622 1.5
      vertex 0.0811644 147.665 1.30421
    endloop
  endfacet
  facet normal -0.804998 0.397039 -0.440837
    outer loop
      vertex 1.24584 150.522 0.75
      vertex 0.714454 149.64 0.925975
      vertex 1.17068 150.565 0.925975
    endloop
  endfacet
  facet normal -0.84926 0.4186 -0.321762
    outer loop
      vertex 1.17068 150.565 0.925975
      vertex 0.656185 149.664 1.11177
      vertex 1.11606 150.597 1.11177
    endloop
  endfacet
  facet normal -0.674414 0.591444 -0.441994
    outer loop
      vertex 1.81261 151.37 0.75
      vertex 1.74376 151.423 0.925975
      vertex 2.48525 152.137 0.75
    endloop
  endfacet
  facet normal -0.0649452 0.995696 -0.0661119
    outer loop
      vertex 8 154.609 1.30421
      vertex 6.95747 154.541 1.30421
      vertex 8 154.622 1.5
    endloop
  endfacet
  facet normal -0.147003 0.736195 -0.660611
    outer loop
      vertex 7.01314 154.118 0.43934
      vertex 6.00967 154.05 0.586858
      vertex 6.99625 154.247 0.586858
    endloop
  endfacet
  facet normal -0.24641 0.49953 -0.830513
    outer loop
      vertex 4.375 152.901 0.200961
      vertex 4.29343 153.042 0.30997
      vertex 5.16311 153.471 0.30997
    endloop
  endfacet
  facet normal -0.87957 0.433768 -0.195451
    outer loop
      vertex 0.656185 149.664 1.11177
      vertex 0.62082 149.679 1.30421
      vertex 1.08291 150.616 1.30421
    endloop
  endfacet
  facet normal -0.896575 0.304276 -0.321822
    outer loop
      vertex 0.382884 148.663 0.925975
      vertex 0.321963 148.68 1.11177
      vertex 0.714454 149.64 0.925975
    endloop
  endfacet
  facet normal -0.831446 0.555606 0
    outer loop
      vertex 1.0718 150.622 1.5
      vertex 1.65317 151.492 7.5
      vertex 1.65317 151.492 1.5
    endloop
  endfacet
  facet normal -0.831446 0.555606 0
    outer loop
      vertex 1.65317 151.492 7.5
      vertex 1.0718 150.622 1.5
      vertex 1.0718 150.622 7.5
    endloop
  endfacet
  facet normal -0.829852 0.554292 -0.0640758
    outer loop
      vertex 1.08291 150.616 1.30421
      vertex 1.0718 150.622 1.5
      vertex 1.66335 151.485 1.30421
    endloop
  endfacet
  facet normal 0 1 0
    outer loop
      vertex 76.4223 154.622 7.5
      vertex 52.7 154.622 4.35
      vertex 8 154.622 7.5
    endloop
  endfacet
  facet normal 0 1 0
    outer loop
      vertex 76.4223 154.622 7.5
      vertex 52.8436 154.622 4.34059
      vertex 52.7 154.622 4.35
    endloop
  endfacet
  facet normal 0 1 0
    outer loop
      vertex 76.4223 154.622 7.5
      vertex 52.9847 154.622 4.31252
      vertex 52.8436 154.622 4.34059
    endloop
  endfacet
  facet normal 0 1 0
    outer loop
      vertex 76.4223 154.622 7.5
      vertex 53.121 154.622 4.26627
      vertex 52.9847 154.622 4.31252
    endloop
  endfacet
  facet normal 0 1 0
    outer loop
      vertex 76.4223 154.622 7.5
      vertex 53.25 154.622 4.20263
      vertex 53.121 154.622 4.26627
    endloop
  endfacet
  facet normal 0 1 0
    outer loop
      vertex 76.4223 154.622 7.5
      vertex 53.3696 154.622 4.12269
      vertex 53.25 154.622 4.20263
    endloop
  endfacet
  facet normal 0 1 0
    outer loop
      vertex 76.4223 154.622 7.5
      vertex 53.4778 154.622 4.02782
      vertex 53.3696 154.622 4.12269
    endloop
  endfacet
  facet normal 0 1 0
    outer loop
      vertex 76.4223 154.622 7.5
      vertex 53.5727 154.622 3.91964
      vertex 53.4778 154.622 4.02782
    endloop
  endfacet
  facet normal 0 1 0
    outer loop
      vertex 76.4223 154.622 7.5
      vertex 53.6526 154.622 3.8
      vertex 53.5727 154.622 3.91964
    endloop
  endfacet
  facet normal 0 1 0
    outer loop
      vertex 76.4223 154.622 7.5
      vertex 53.7163 154.622 3.67095
      vertex 53.6526 154.622 3.8
    endloop
  endfacet
  facet normal 0 1 0
    outer loop
      vertex 76.4223 154.622 7.5
      vertex 53.7625 154.622 3.5347
      vertex 53.7163 154.622 3.67095
    endloop
  endfacet
  facet normal 0 1 0
    outer loop
      vertex 76.4223 154.622 7.5
      vertex 53.7906 154.622 3.39358
      vertex 53.7625 154.622 3.5347
    endloop
  endfacet
  facet normal 0 1 -0
    outer loop
      vertex 76.4223 154.622 1.5
      vertex 53.7906 154.622 3.39358
      vertex 76.4223 154.622 7.5
    endloop
  endfacet
  facet normal 0 1 0
    outer loop
      vertex 53.7906 154.622 3.39358
      vertex 76.4223 154.622 1.5
      vertex 53.8 154.622 3.25
    endloop
  endfacet
  facet normal 0 1 0
    outer loop
      vertex 53.8 154.622 3.25
      vertex 76.4223 154.622 1.5
      vertex 53.7906 154.622 3.10642
    endloop
  endfacet
  facet normal 0 1 0
    outer loop
      vertex 53.7906 154.622 3.10642
      vertex 76.4223 154.622 1.5
      vertex 53.7625 154.622 2.9653
    endloop
  endfacet
  facet normal 0 1 0
    outer loop
      vertex 53.7625 154.622 2.9653
      vertex 76.4223 154.622 1.5
      vertex 53.7163 154.622 2.82905
    endloop
  endfacet
  facet normal 0 1 0
    outer loop
      vertex 53.7163 154.622 2.82905
      vertex 76.4223 154.622 1.5
      vertex 53.6526 154.622 2.7
    endloop
  endfacet
  facet normal 0 1 0
    outer loop
      vertex 53.6526 154.622 2.7
      vertex 76.4223 154.622 1.5
      vertex 53.5727 154.622 2.58036
    endloop
  endfacet
  facet normal 0 1 0
    outer loop
      vertex 53.5727 154.622 2.58036
      vertex 76.4223 154.622 1.5
      vertex 53.4778 154.622 2.47218
    endloop
  endfacet
  facet normal 0 1 0
    outer loop
      vertex 53.4778 154.622 2.47218
      vertex 76.4223 154.622 1.5
      vertex 53.3696 154.622 2.37731
    endloop
  endfacet
  facet normal 0 1 0
    outer loop
      vertex 53.3696 154.622 2.37731
      vertex 76.4223 154.622 1.5
      vertex 53.25 154.622 2.29737
    endloop
  endfacet
  facet normal 0 1 0
    outer loop
      vertex 53.25 154.622 2.29737
      vertex 76.4223 154.622 1.5
      vertex 53.121 154.622 2.23373
    endloop
  endfacet
  facet normal 0 1 0
    outer loop
      vertex 52.8436 154.622 2.15941
      vertex 76.4223 154.622 1.5
      vertex 52.7 154.622 2.15
    endloop
  endfacet
  facet normal 0 1 0
    outer loop
      vertex 52.9847 154.622 2.18748
      vertex 76.4223 154.622 1.5
      vertex 52.8436 154.622 2.15941
    endloop
  endfacet
  facet normal 0 1 0
    outer loop
      vertex 53.121 154.622 2.23373
      vertex 76.4223 154.622 1.5
      vertex 52.9847 154.622 2.18748
    endloop
  endfacet
  facet normal 0 1 -0
    outer loop
      vertex 52.5564 154.622 4.34059
      vertex 8 154.622 7.5
      vertex 52.7 154.622 4.35
    endloop
  endfacet
  facet normal 0 1 -0
    outer loop
      vertex 52.4153 154.622 4.31252
      vertex 8 154.622 7.5
      vertex 52.5564 154.622 4.34059
    endloop
  endfacet
  facet normal 0 1 -0
    outer loop
      vertex 52.279 154.622 4.26627
      vertex 8 154.622 7.5
      vertex 52.4153 154.622 4.31252
    endloop
  endfacet
  facet normal 0 1 -0
    outer loop
      vertex 52.15 154.622 4.20263
      vertex 8 154.622 7.5
      vertex 52.279 154.622 4.26627
    endloop
  endfacet
  facet normal 0 1 -0
    outer loop
      vertex 52.0304 154.622 4.12269
      vertex 8 154.622 7.5
      vertex 52.15 154.622 4.20263
    endloop
  endfacet
  facet normal 0 1 -0
    outer loop
      vertex 51.9222 154.622 4.02782
      vertex 8 154.622 7.5
      vertex 52.0304 154.622 4.12269
    endloop
  endfacet
  facet normal 0 1 -0
    outer loop
      vertex 51.8273 154.622 3.91964
      vertex 8 154.622 7.5
      vertex 51.9222 154.622 4.02782
    endloop
  endfacet
  facet normal 0 1 -0
    outer loop
      vertex 51.7474 154.622 3.8
      vertex 8 154.622 7.5
      vertex 51.8273 154.622 3.91964
    endloop
  endfacet
  facet normal 0 1 -0
    outer loop
      vertex 51.6837 154.622 3.67095
      vertex 8 154.622 7.5
      vertex 51.7474 154.622 3.8
    endloop
  endfacet
  facet normal 0 1 -0
    outer loop
      vertex 51.6375 154.622 3.5347
      vertex 8 154.622 7.5
      vertex 51.6837 154.622 3.67095
    endloop
  endfacet
  facet normal 0 1 -0
    outer loop
      vertex 51.6094 154.622 3.39358
      vertex 8 154.622 7.5
      vertex 51.6375 154.622 3.5347
    endloop
  endfacet
  facet normal 0 1 -0
    outer loop
      vertex 51.6 154.622 3.25
      vertex 8 154.622 7.5
      vertex 51.6094 154.622 3.39358
    endloop
  endfacet
  facet normal 0 1 0
    outer loop
      vertex 8 154.622 1.5
      vertex 51.6 154.622 3.25
      vertex 51.6094 154.622 3.10642
    endloop
  endfacet
  facet normal 0 1 0
    outer loop
      vertex 8 154.622 1.5
      vertex 51.6094 154.622 3.10642
      vertex 51.6375 154.622 2.9653
    endloop
  endfacet
  facet normal 0 1 0
    outer loop
      vertex 8 154.622 1.5
      vertex 51.6375 154.622 2.9653
      vertex 51.6837 154.622 2.82905
    endloop
  endfacet
  facet normal 0 1 0
    outer loop
      vertex 8 154.622 1.5
      vertex 51.6837 154.622 2.82905
      vertex 51.7474 154.622 2.7
    endloop
  endfacet
  facet normal 0 1 0
    outer loop
      vertex 8 154.622 1.5
      vertex 51.7474 154.622 2.7
      vertex 51.8273 154.622 2.58036
    endloop
  endfacet
  facet normal 0 1 0
    outer loop
      vertex 8 154.622 1.5
      vertex 51.8273 154.622 2.58036
      vertex 51.9222 154.622 2.47218
    endloop
  endfacet
  facet normal 0 1 0
    outer loop
      vertex 8 154.622 1.5
      vertex 51.9222 154.622 2.47218
      vertex 52.0304 154.622 2.37731
    endloop
  endfacet
  facet normal 0 1 0
    outer loop
      vertex 8 154.622 1.5
      vertex 52.0304 154.622 2.37731
      vertex 52.15 154.622 2.29737
    endloop
  endfacet
  facet normal 0 1 0
    outer loop
      vertex 8 154.622 1.5
      vertex 52.15 154.622 2.29737
      vertex 52.279 154.622 2.23373
    endloop
  endfacet
  facet normal 0 1 0
    outer loop
      vertex 8 154.622 1.5
      vertex 52.279 154.622 2.23373
      vertex 52.4153 154.622 2.18748
    endloop
  endfacet
  facet normal 0 1 0
    outer loop
      vertex 8 154.622 1.5
      vertex 52.4153 154.622 2.18748
      vertex 52.5564 154.622 2.15941
    endloop
  endfacet
  facet normal 0 1 0
    outer loop
      vertex 51.6 154.622 3.25
      vertex 8 154.622 1.5
      vertex 8 154.622 7.5
    endloop
  endfacet
  facet normal 0 1 0
    outer loop
      vertex 52.7 154.622 2.15
      vertex 8 154.622 1.5
      vertex 52.5564 154.622 2.15941
    endloop
  endfacet
  facet normal 0 1 0
    outer loop
      vertex 8 154.622 1.5
      vertex 52.7 154.622 2.15
      vertex 76.4223 154.622 1.5
    endloop
  endfacet
  facet normal 0.320812 0.944677 -0.0682955
    outer loop
      vertex 79.4789 154.001 1.30421
      vertex 78.4895 154.337 1.30421
      vertex 78.4929 154.35 1.5
    endloop
  endfacet
  facet normal -0.418687 0.367182 -0.830589
    outer loop
      vertex 2.24819 151.036 0.200961
      vertex 2.11876 151.135 0.30997
      vertex 2.87348 151.749 0.200961
    endloop
  endfacet
  facet normal -0.321276 0.944686 -0.0659569
    outer loop
      vertex 4.94344 154.001 1.30421
      vertex 4.93853 154.013 1.5
      vertex 5.92945 154.35 1.5
    endloop
  endfacet
  facet normal 0.0582521 0.894908 -0.442432
    outer loop
      vertex 77.4516 154.441 0.925975
      vertex 76.4223 154.421 0.75
      vertex 76.4223 154.508 0.925975
    endloop
  endfacet
  facet normal 0 0.89643 -0.443185
    outer loop
      vertex 76.4223 154.421 0.75
      vertex 8 154.508 0.925975
      vertex 76.4223 154.508 0.925975
    endloop
  endfacet
  facet normal 0 0.89643 -0.443185
    outer loop
      vertex 8 154.508 0.925975
      vertex 76.4223 154.421 0.75
      vertex 8 154.421 0.75
    endloop
  endfacet
  facet normal -0.815334 0.544594 -0.196591
    outer loop
      vertex 1.69372 151.461 1.11177
      vertex 1.08291 150.616 1.30421
      vertex 1.66335 151.485 1.30421
    endloop
  endfacet
  facet normal -0.658026 0.750188 -0.0649675
    outer loop
      vertex 2.35222 152.27 1.30421
      vertex 2.34315 152.279 1.5
      vertex 3.13772 152.959 1.30421
    endloop
  endfacet
  facet normal 0.0580552 0.895458 -0.441344
    outer loop
      vertex 77.4403 154.355 0.75
      vertex 76.4223 154.421 0.75
      vertex 77.4516 154.441 0.925975
    endloop
  endfacet
  facet normal 0 0.981056 -0.193723
    outer loop
      vertex 76.4223 154.571 1.11177
      vertex 8 154.609 1.30421
      vertex 76.4223 154.609 1.30421
    endloop
  endfacet
  facet normal 0 0.981056 -0.193723
    outer loop
      vertex 8 154.609 1.30421
      vertex 76.4223 154.571 1.11177
      vertex 8 154.571 1.11177
    endloop
  endfacet
  facet normal -0.19509 -0.980785 0
    outer loop
      vertex 5.92945 0.272593 5.55421
      vertex 6.95579 0.0684414 7.5
      vertex 5.92945 0.272593 7.5
    endloop
  endfacet
  facet normal -0.19509 -0.980785 -1.80607e-07
    outer loop
      vertex 6.15 0.228723 5.44545
      vertex 6.95579 0.0684414 7.5
      vertex 5.92945 0.272593 5.55421
    endloop
  endfacet
  facet normal -0.195089 -0.980785 -3.56357e-07
    outer loop
      vertex 6.35665 0.187618 5.30737
      vertex 6.95579 0.0684414 7.5
      vertex 6.15 0.228723 5.44545
    endloop
  endfacet
  facet normal -0.195095 -0.980784 1.32827e-06
    outer loop
      vertex 6.5435 0.15045 5.1435
      vertex 6.95579 0.0684414 7.5
      vertex 6.35665 0.187618 5.30737
    endloop
  endfacet
  facet normal -0.195086 -0.980786 -3.31869e-07
    outer loop
      vertex 6.70737 0.117855 4.95665
      vertex 6.95579 0.0684414 7.5
      vertex 6.5435 0.15045 5.1435
    endloop
  endfacet
  facet normal -0.195085 -0.980786 -4.25402e-07
    outer loop
      vertex 6.84545 0.09039 4.75
      vertex 6.95579 0.0684414 7.5
      vertex 6.70737 0.117855 4.95665
    endloop
  endfacet
  facet normal -0.195096 -0.980784 1.50685e-08
    outer loop
      vertex 6.95537 0.0685249 4.5271
      vertex 6.95579 0.0684414 7.5
      vertex 6.84545 0.09039 4.75
    endloop
  endfacet
  facet normal -0.194993 -0.980805 -0
    outer loop
      vertex 6.95579 0.0684414 7.5
      vertex 6.95537 0.0685249 4.5271
      vertex 6.95579 0.0684414 4.52586
    endloop
  endfacet
  facet normal -0.19509 -0.980785 0
    outer loop
      vertex 5.92945 0.272593 1.5
      vertex 6.15 0.228723 2.15455
      vertex 5.92945 0.272593 2.04579
    endloop
  endfacet
  facet normal -0.19509 -0.980785 1.45382e-07
    outer loop
      vertex 6.95579 0.0684414 1.5
      vertex 6.15 0.228723 2.15455
      vertex 5.92945 0.272593 1.5
    endloop
  endfacet
  facet normal -0.19509 -0.980785 7.74559e-07
    outer loop
      vertex 6.15 0.228723 2.15455
      vertex 6.95579 0.0684414 1.5
      vertex 6.35665 0.187618 2.29263
    endloop
  endfacet
  facet normal -0.195094 -0.980785 -2.73909e-06
    outer loop
      vertex 6.35665 0.187618 2.29263
      vertex 6.95579 0.0684414 1.5
      vertex 6.5435 0.15045 2.4565
    endloop
  endfacet
  facet normal -0.194993 -0.980805 0
    outer loop
      vertex 6.95537 0.0685249 3.0729
      vertex 6.95579 0.0684414 1.5
      vertex 6.95579 0.0684414 3.07414
    endloop
  endfacet
  facet normal -0.195096 -0.980784 -2.84733e-08
    outer loop
      vertex 6.84545 0.09039 2.85
      vertex 6.95579 0.0684414 1.5
      vertex 6.95537 0.0685249 3.0729
    endloop
  endfacet
  facet normal -0.195086 -0.980786 8.18478e-07
    outer loop
      vertex 6.70737 0.117855 2.64335
      vertex 6.95579 0.0684414 1.5
      vertex 6.84545 0.09039 2.85
    endloop
  endfacet
  facet normal -0.195087 -0.980786 6.57549e-07
    outer loop
      vertex 6.5435 0.15045 2.4565
      vertex 6.95579 0.0684414 1.5
      vertex 6.70737 0.117855 2.64335
    endloop
  endfacet
  facet normal -0.315288 -0.928811 -0.194691
    outer loop
      vertex 5.93277 0.284989 1.30421
      vertex 4.94344 0.62082 1.30421
      vertex 5.94268 0.321963 1.11177
    endloop
  endfacet
  facet normal -0.315288 -0.928811 -0.194691
    outer loop
      vertex 5.94268 0.321963 1.11177
      vertex 4.94344 0.62082 1.30421
      vertex 4.95809 0.656185 1.11177
    endloop
  endfacet
  facet normal -0.28885 -0.142448 -0.946718
    outer loop
      vertex 1.87372 4.46299 0.114181
      vertex 1.46445 5.29289 0.114181
      vertex 2.03462 4.55589 0.0511112
    endloop
  endfacet
  facet normal -0.462244 -0.691799 -0.554748
    outer loop
      vertex 4.10048 1.24584 0.75
      vertex 3.31861 1.89909 0.586858
      vertex 4.15499 1.34024 0.586858
    endloop
  endfacet
  facet normal -0.021064 -0.321372 -0.946719
    outer loop
      vertex 8 1.11177 0.0511112
      vertex 7.07665 0.986495 0.114181
      vertex 7.10091 1.1707 0.0511112
    endloop
  endfacet
  facet normal -0.142412 -0.419535 -0.896498
    outer loop
      vertex 6.12356 0.997038 0.200961
      vertex 5.22555 1.30187 0.200961
      vertex 5.29289 1.46445 0.114181
    endloop
  endfacet
  facet normal -0.396837 -0.80471 -0.441544
    outer loop
      vertex 4.98223 0.714454 0.925975
      vertex 4.05709 1.17068 0.925975
      vertex 4.10048 1.24584 0.75
    endloop
  endfacet
  facet normal -0.418905 -0.849461 -0.320835
    outer loop
      vertex 4.95809 0.656185 1.11177
      vertex 4.05709 1.17068 0.925975
      vertex 4.98223 0.714454 0.925975
    endloop
  endfacet
  facet normal -0.737445 -0.646733 -0.194708
    outer loop
      vertex 2.35222 2.35222 1.30421
      vertex 1.69372 3.16102 1.11177
      vertex 2.37929 2.37929 1.11177
    endloop
  endfacet
  facet normal -0.0864641 -0.17533 -0.980706
    outer loop
      vertex 5.43763 1.8139 0.0128326
      vertex 4.55589 2.03462 0.0511112
      vertex 4.65211 2.20128 0.0128326
    endloop
  endfacet
  facet normal -0.0381374 -0.191741 -0.980704
    outer loop
      vertex 7.12602 1.3615 0.0128326
      vertex 6.2172 1.34648 0.0511112
      vertex 6.267 1.53236 0.0128326
    endloop
  endfacet
  facet normal -0.184778 -0.928942 -0.320819
    outer loop
      vertex 6.96246 0.119116 1.11177
      vertex 5.94268 0.321963 1.11177
      vertex 6.97069 0.181645 0.925975
    endloop
  endfacet
  facet normal 0.691757 -0.462242 -0.554801
    outer loop
      vertex 82.6097 3.25225 0.75
      vertex 82.5232 3.31861 0.586858
      vertex 83.1765 4.10048 0.75
    endloop
  endfacet
  facet normal -0.241897 -0.712603 -0.658546
    outer loop
      vertex 6.00967 0.572001 0.586858
      vertex 5.05715 0.895339 0.586858
      vertex 5.10666 1.01486 0.43934
    endloop
  endfacet
  facet normal -0.267446 -0.787868 -0.55474
    outer loop
      vertex 6.00967 0.572001 0.586858
      vertex 5.01544 0.794629 0.75
      vertex 5.05715 0.895339 0.586858
    endloop
  endfacet
  facet normal 0.896835 0 -0.442365
    outer loop
      vertex 84.3081 8 0.925975
      vertex 84.2213 146.622 0.75
      vertex 84.3081 146.622 0.925975
    endloop
  endfacet
  facet normal 0.896835 0 -0.442365
    outer loop
      vertex 84.2213 146.622 0.75
      vertex 84.3081 8 0.925975
      vertex 84.2213 8 0.75
    endloop
  endfacet
  facet normal 0.321444 -0.946928 0
    outer loop
      vertex 78.4929 0.272593 1.5
      vertex 79.4838 0.608964 7.5
      vertex 78.4929 0.272593 7.5
    endloop
  endfacet
  facet normal 0.321444 -0.946928 0
    outer loop
      vertex 79.4838 0.608964 7.5
      vertex 78.4929 0.272593 1.5
      vertex 79.4838 0.608964 1.5
    endloop
  endfacet
  facet normal 0.0544136 -0.830235 -0.554751
    outer loop
      vertex 77.4261 0.37576 0.586858
      vertex 76.4223 0.200962 0.75
      vertex 76.4223 0.309971 0.586858
    endloop
  endfacet
  facet normal 0.65794 -0.750231 -0.0653345
    outer loop
      vertex 82.0792 2.34315 1.5
      vertex 81.2846 1.66335 1.30421
      vertex 82.0701 2.35222 1.30421
    endloop
  endfacet
  facet normal 0 -0.19509 -0.980785
    outer loop
      vertex 8 1.11177 0.0511112
      vertex 76.4223 1.30421 0.0128326
      vertex 76.4223 1.11177 0.0511112
    endloop
  endfacet
  facet normal -0 -0.19509 -0.980785
    outer loop
      vertex 76.4223 1.30421 0.0128326
      vertex 8 1.11177 0.0511112
      vertex 8 1.30421 0.0128326
    endloop
  endfacet
  facet normal 0.0545097 -0.0364246 -0.997849
    outer loop
      vertex 82.221 4.65211 0.0128326
      vertex 81.5791 4.04305 0
      vertex 82.0515 4.75 0
    endloop
  endfacet
  facet normal 0.0545033 -0.0364178 -0.997849
    outer loop
      vertex 81.7344 3.92386 0.0128326
      vertex 81.5791 4.04305 0
      vertex 82.221 4.65211 0.0128326
    endloop
  endfacet
  facet normal 0.0289889 -0.0587815 -0.99785
    outer loop
      vertex 79.7702 2.20128 0.0128326
      vertex 78.9847 1.8139 0.0128326
      vertex 79.6723 2.37084 0
    endloop
  endfacet
  facet normal 0.0652645 -0.995731 -0.0652722
    outer loop
      vertex 77.4665 0.0684414 1.5
      vertex 76.4223 0 1.5
      vertex 77.4648 0.0811644 1.30421
    endloop
  endfacet
  facet normal 0.321365 -0.0210565 -0.946721
    outer loop
      vertex 83.4358 7.07665 0.114181
      vertex 83.3105 8 0.0511112
      vertex 83.4963 8 0.114181
    endloop
  endfacet
  facet normal 0.19172 -0.0381421 -0.980708
    outer loop
      vertex 83.0758 6.2172 0.0511112
      vertex 82.8899 6.267 0.0128326
      vertex 83.0608 7.12602 0.0128326
    endloop
  endfacet
  facet normal 0.737559 0.646638 -0.194591
    outer loop
      vertex 82.7286 151.461 1.11177
      vertex 82.043 152.243 1.11177
      vertex 82.0701 152.27 1.30421
    endloop
  endfacet
  facet normal 0.0653984 0.00428756 -0.99785
    outer loop
      vertex 83.1181 146.622 0.0128326
      vertex 82.9223 146.622 0
      vertex 83.0608 147.496 0.0128326
    endloop
  endfacet
  facet normal 0.178833 0.267693 -0.946763
    outer loop
      vertex 80.7287 152.235 0.114181
      vertex 79.8664 152.588 0.0511112
      vertex 79.9593 152.749 0.114181
    endloop
  endfacet
  facet normal 0.162665 0.108574 -0.980689
    outer loop
      vertex 82.221 149.97 0.0128326
      vertex 81.8871 150.816 0.0511112
      vertex 82.3877 150.066 0.0511112
    endloop
  endfacet
  facet normal 0.646979 0.737594 -0.19332
    outer loop
      vertex 82.0701 152.27 1.30421
      vertex 81.2613 152.929 1.11177
      vertex 81.2846 152.959 1.30421
    endloop
  endfacet
  facet normal 0.288806 0.142385 -0.94674
    outer loop
      vertex 82.9578 149.329 0.114181
      vertex 82.3877 150.066 0.0511112
      vertex 82.5486 150.159 0.114181
    endloop
  endfacet
  facet normal 0.997865 0.0653148 0
    outer loop
      vertex 84.4223 146.622 7.5
      vertex 84.3539 147.667 1.5
      vertex 84.3539 147.667 7.5
    endloop
  endfacet
  facet normal 0.997865 0.0653148 0
    outer loop
      vertex 84.3539 147.667 1.5
      vertex 84.4223 146.622 7.5
      vertex 84.4223 146.622 1.5
    endloop
  endfacet
  facet normal 0.928797 -0.315254 -0.194812
    outer loop
      vertex 84.1373 5.93277 1.30421
      vertex 83.8015 4.94344 1.30421
      vertex 84.1003 5.94268 1.11177
    endloop
  endfacet
  facet normal 0.750497 0.657901 -0.06262
    outer loop
      vertex 82.7589 151.485 1.30421
      vertex 82.0792 152.279 1.5
      vertex 82.7691 151.492 1.5
    endloop
  endfacet
  facet normal 0.73698 0.646665 -0.196687
    outer loop
      vertex 82.7286 151.461 1.11177
      vertex 82.0701 152.27 1.30421
      vertex 82.7589 151.485 1.30421
    endloop
  endfacet
  facet normal 0.246392 0.499504 -0.830534
    outer loop
      vertex 80.0473 152.901 0.200961
      vertex 79.2592 153.471 0.30997
      vertex 80.1289 153.042 0.30997
    endloop
  endfacet
  facet normal 0.309127 0.463231 -0.830577
    outer loop
      vertex 80.9351 152.504 0.30997
      vertex 80.0473 152.901 0.200961
      vertex 80.1289 153.042 0.30997
    endloop
  endfacet
  facet normal 0.185426 0.92869 -0.321174
    outer loop
      vertex 78.4633 154.239 0.925975
      vertex 77.4516 154.441 0.925975
      vertex 78.4796 154.3 1.11177
    endloop
  endfacet
  facet normal 0.147014 0.736188 -0.660616
    outer loop
      vertex 78.4126 154.05 0.586858
      vertex 77.4092 154.118 0.43934
      vertex 77.4261 154.247 0.586858
    endloop
  endfacet
  facet normal 0.944919 0.320757 -0.0651403
    outer loop
      vertex 84.1497 148.693 1.5
      vertex 83.8015 149.679 1.30421
      vertex 83.8133 149.684 1.5
    endloop
  endfacet
  facet normal 0.267773 0.178782 -0.94675
    outer loop
      vertex 82.3877 150.066 0.0511112
      vertex 82.0345 150.929 0.114181
      vertex 82.5486 150.159 0.114181
    endloop
  endfacet
  facet normal 0.162973 0.816106 -0.554447
    outer loop
      vertex 78.4126 154.05 0.586858
      vertex 77.4261 154.247 0.586858
      vertex 77.4403 154.355 0.75
    endloop
  endfacet
  facet normal 0.787644 0.267485 -0.555039
    outer loop
      vertex 83.8503 148.613 0.586858
      vertex 83.527 149.565 0.586858
      vertex 83.6277 149.607 0.75
    endloop
  endfacet
  facet normal 0.0641473 0.978718 -0.194928
    outer loop
      vertex 77.4598 154.503 1.11177
      vertex 76.4223 154.571 1.11177
      vertex 77.4648 154.541 1.30421
    endloop
  endfacet
  facet normal 0.321983 0.946745 -0
    outer loop
      vertex 79.4838 154.013 1.5
      vertex 78.4929 154.35 7.5
      vertex 79.4838 154.013 7.5
    endloop
  endfacet
  facet normal 0.321983 0.946745 0
    outer loop
      vertex 78.4929 154.35 7.5
      vertex 79.4838 154.013 1.5
      vertex 78.4929 154.35 1.5
    endloop
  endfacet
  facet normal 0.526213 0.788499 -0.318387
    outer loop
      vertex 81.2613 152.929 1.11177
      vertex 80.3652 153.452 0.925975
      vertex 80.3967 153.506 1.11177
    endloop
  endfacet
  facet normal 0.49763 0.744882 -0.444428
    outer loop
      vertex 81.2229 152.879 0.925975
      vertex 80.3218 153.376 0.75
      vertex 80.3652 153.452 0.925975
    endloop
  endfacet
  facet normal 0.555978 0.831197 -0
    outer loop
      vertex 81.2924 152.969 1.5
      vertex 80.4223 153.551 7.5
      vertex 81.2924 152.969 7.5
    endloop
  endfacet
  facet normal 0.555978 0.831197 0
    outer loop
      vertex 80.4223 153.551 7.5
      vertex 81.2924 152.969 1.5
      vertex 80.4223 153.551 1.5
    endloop
  endfacet
  facet normal -0.978765 -0.0641515 -0.194688
    outer loop
      vertex 0.0811644 6.95747 1.30421
      vertex 0.0511122 8 1.11177
      vertex 0.119116 6.96246 1.11177
    endloop
  endfacet
  facet normal -0.896875 -0.304449 -0.320822
    outer loop
      vertex 0.714454 4.98223 0.925975
      vertex 0.321963 5.94268 1.11177
      vertex 0.382884 5.959 0.925975
    endloop
  endfacet
  facet normal -0.830235 -0.0544163 -0.554751
    outer loop
      vertex 0.37576 6.99625 0.586858
      vertex 0.200962 8 0.75
      vertex 0.309971 8 0.586858
    endloop
  endfacet
  facet normal -0.658732 -0.0431754 -0.751138
    outer loop
      vertex 0.504023 7.01314 0.43934
      vertex 0.439341 8 0.43934
      vertex 0.586859 8 0.30997
    endloop
  endfacet
  facet normal -0.849632 -0.288412 -0.441525
    outer loop
      vertex 0.714454 4.98223 0.925975
      vertex 0.382884 5.959 0.925975
      vertex 0.466708 5.98146 0.75
    endloop
  endfacet
  facet normal -0.928811 -0.315288 -0.194691
    outer loop
      vertex 0.62082 4.94344 1.30421
      vertex 0.284989 5.93277 1.30421
      vertex 0.321963 5.94268 1.11177
    endloop
  endfacet
  facet normal -0.962018 -0.191356 -0.194689
    outer loop
      vertex 0.284989 5.93277 1.30421
      vertex 0.0811644 6.95747 1.30421
      vertex 0.321963 5.94268 1.11177
    endloop
  endfacet
  facet normal -0.978694 -0.194674 -0.0652649
    outer loop
      vertex 0.272593 5.92945 1.5
      vertex 0.0811644 6.95747 1.30421
      vertex 0.284989 5.93277 1.30421
    endloop
  endfacet
  facet normal -0.191741 -0.0381374 -0.980704
    outer loop
      vertex 1.53236 6.267 0.0128326
      vertex 1.34648 6.2172 0.0511112
      vertex 1.3615 7.12602 0.0128326
    endloop
  endfacet
  facet normal -0.321372 -0.021064 -0.946719
    outer loop
      vertex 1.1707 7.10091 0.0511112
      vertex 0.986495 7.07665 0.114181
      vertex 1.11177 8 0.0511112
    endloop
  endfacet
  facet normal -0.0127858 -0.0642821 -0.99785
    outer loop
      vertex 7.12602 1.3615 0.0128326
      vertex 6.267 1.53236 0.0128326
      vertex 6.31768 1.72148 0
    endloop
  endfacet
  facet normal -0.195957 -0.397357 -0.896498
    outer loop
      vertex 5.22555 1.30187 0.200961
      vertex 4.375 1.72132 0.200961
      vertex 5.29289 1.46445 0.114181
    endloop
  endfacet
  facet normal -0.0864652 -0.175334 -0.980705
    outer loop
      vertex 5.36399 1.63611 0.0511112
      vertex 4.55589 2.03462 0.0511112
      vertex 5.43763 1.8139 0.0128326
    endloop
  endfacet
  facet normal -0.746215 -0.367997 -0.554745
    outer loop
      vertex 1.24584 4.10048 0.75
      vertex 0.895339 5.05715 0.586858
      vertex 1.34024 4.15499 0.586858
    endloop
  endfacet
  facet normal -0.712603 -0.241897 -0.658546
    outer loop
      vertex 0.895339 5.05715 0.586858
      vertex 0.572001 6.00967 0.586858
      vertex 1.01486 5.10666 0.43934
    endloop
  endfacet
  facet normal -0.674931 -0.332843 -0.658547
    outer loop
      vertex 1.34024 4.15499 0.586858
      vertex 0.895339 5.05715 0.586858
      vertex 1.45228 4.21967 0.43934
    endloop
  endfacet
  facet normal -0.434513 0.0864834 -0.896504
    outer loop
      vertex 0.986495 147.546 0.114181
      vertex 0.812025 147.569 0.200961
      vertex 1.16702 148.453 0.114181
    endloop
  endfacet
  facet normal -0.0621357 0.0210767 -0.997845
    outer loop
      vertex 1.72148 148.305 0
      vertex 1.53236 148.355 0.0128326
      vertex 1.8139 149.185 0.0128326
    endloop
  endfacet
  facet normal -0.0654017 0.00428703 -0.99785
    outer loop
      vertex 1.5 146.622 0
      vertex 1.30421 146.622 0.0128326
      vertex 1.3615 147.496 0.0128326
    endloop
  endfacet
  facet normal -0.0538426 0.830464 -0.554464
    outer loop
      vertex 6.99625 154.247 0.586858
      vertex 6.98202 154.355 0.75
      vertex 8 154.421 0.75
    endloop
  endfacet
  facet normal -0.0211097 0.321687 -0.946611
    outer loop
      vertex 7.10091 153.452 0.0511112
      vertex 7.07665 153.636 0.114181
      vertex 8 153.511 0.0511112
    endloop
  endfacet
  facet normal -0.0587672 0.0290026 -0.99785
    outer loop
      vertex 1.99478 149.11 0
      vertex 1.8139 149.185 0.0128326
      vertex 2.37084 149.872 0
    endloop
  endfacet
  facet normal -0.435553 0.496156 -0.751081
    outer loop
      vertex 3.48717 152.504 0.30997
      vertex 2.75812 151.864 0.30997
      vertex 3.39736 152.621 0.43934
    endloop
  endfacet
  facet normal -0.944911 0.32086 -0.0647413
    outer loop
      vertex 0.284989 148.69 1.30421
      vertex 0.272593 148.693 1.5
      vertex 0.62082 149.679 1.30421
    endloop
  endfacet
  facet normal -0.659346 0 -0.751839
    outer loop
      vertex 0.439341 8 0.43934
      vertex 0.586859 146.622 0.30997
      vertex 0.586859 8 0.30997
    endloop
  endfacet
  facet normal -0.659346 0 -0.751839
    outer loop
      vertex 0.586859 146.622 0.30997
      vertex 0.439341 8 0.43934
      vertex 0.439341 146.622 0.43934
    endloop
  endfacet
  facet normal -0.995728 0.0652144 -0.0653714
    outer loop
      vertex 0.0811644 147.665 1.30421
      vertex 0 146.622 1.5
      vertex 0.0684414 147.667 1.5
    endloop
  endfacet
  facet normal -0.928649 0.315422 -0.195245
    outer loop
      vertex 0.656185 149.664 1.11177
      vertex 0.321963 148.68 1.11177
      vertex 0.62082 149.679 1.30421
    endloop
  endfacet
  facet normal -0.978767 0.0641227 -0.194688
    outer loop
      vertex 0.0511122 146.622 1.11177
      vertex 0.0128336 146.622 1.30421
      vertex 0.0811644 147.665 1.30421
    endloop
  endfacet
  facet normal -0.366589 0.549088 -0.751076
    outer loop
      vertex 3.48717 152.504 0.30997
      vertex 3.39736 152.621 0.43934
      vertex 4.21967 153.17 0.43934
    endloop
  endfacet
  facet normal -0.146975 0.128976 -0.980695
    outer loop
      vertex 3.26536 151.357 0.0128326
      vertex 2.5352 150.816 0.0511112
      vertex 3.12929 151.493 0.0511112
    endloop
  endfacet
  facet normal -0.527187 0.178957 -0.830692
    outer loop
      vertex 1.30187 149.397 0.200961
      vertex 0.997038 148.499 0.200961
      vertex 1.15115 149.459 0.30997
    endloop
  endfacet
  facet normal -0.242122 0.212549 -0.946678
    outer loop
      vertex 2.5352 150.816 0.0511112
      vertex 2.3878 150.929 0.114181
      vertex 2.99791 151.624 0.114181
    endloop
  endfacet
  facet normal -0.212763 0.626172 -0.750094
    outer loop
      vertex 6.08134 153.783 0.30997
      vertex 5.16311 153.471 0.30997
      vertex 6.04316 153.925 0.43934
    endloop
  endfacet
  facet normal -0.19151 0.961962 -0.194816
    outer loop
      vertex 5.94268 154.3 1.11177
      vertex 5.93277 154.337 1.30421
      vertex 6.95747 154.541 1.30421
    endloop
  endfacet
  facet normal -0.555983 0.831194 0
    outer loop
      vertex 4 153.551 1.5
      vertex 3.12991 152.969 7.5
      vertex 4 153.551 7.5
    endloop
  endfacet
  facet normal -0.555983 0.831194 0
    outer loop
      vertex 3.12991 152.969 7.5
      vertex 4 153.551 1.5
      vertex 3.12991 152.969 1.5
    endloop
  endfacet
  facet normal -0.745955 0.367851 -0.555191
    outer loop
      vertex 0.895339 149.565 0.586858
      vertex 0.794629 149.607 0.75
      vertex 1.24584 150.522 0.75
    endloop
  endfacet
  facet normal -0.879852 0.433678 -0.194382
    outer loop
      vertex 1.11606 150.597 1.11177
      vertex 0.656185 149.664 1.11177
      vertex 1.08291 150.616 1.30421
    endloop
  endfacet
  facet normal -0.787613 0.267506 -0.555073
    outer loop
      vertex 0.895339 149.565 0.586858
      vertex 0.572001 148.613 0.586858
      vertex 0.794629 149.607 0.75
    endloop
  endfacet
  facet normal -0.816145 0.16227 -0.554596
    outer loop
      vertex 0.572001 148.613 0.586858
      vertex 0.267684 147.64 0.75
      vertex 0.466708 148.641 0.75
    endloop
  endfacet
  facet normal -0.94491 0.320727 -0.0654093
    outer loop
      vertex 0.62082 149.679 1.30421
      vertex 0.272593 148.693 1.5
      vertex 0.608964 149.684 1.5
    endloop
  endfacet
  facet normal -0.894944 0.44135 -0.065464
    outer loop
      vertex 0.62082 149.679 1.30421
      vertex 0.608964 149.684 1.5
      vertex 1.08291 150.616 1.30421
    endloop
  endfacet
  facet normal 0 0.997803 -0.0662518
    outer loop
      vertex 76.4223 154.609 1.30421
      vertex 8 154.622 1.5
      vertex 76.4223 154.622 1.5
    endloop
  endfacet
  facet normal 0 0.997803 -0.0662518
    outer loop
      vertex 8 154.622 1.5
      vertex 76.4223 154.609 1.30421
      vertex 8 154.609 1.30421
    endloop
  endfacet
  facet normal -0.175699 0.879963 -0.441355
    outer loop
      vertex 6.98202 154.355 0.75
      vertex 5.959 154.239 0.925975
      vertex 6.97069 154.441 0.925975
    endloop
  endfacet
  facet normal -0.108335 0.545143 -0.831314
    outer loop
      vertex 7.05369 153.81 0.200961
      vertex 6.08134 153.783 0.30997
      vertex 7.03239 153.972 0.30997
    endloop
  endfacet
  facet normal -0.0433074 0.657513 -0.752198
    outer loop
      vertex 8 154.035 0.30997
      vertex 7.01314 154.118 0.43934
      vertex 8 154.183 0.43934
    endloop
  endfacet
  facet normal -0.0290276 0.44305 -0.896027
    outer loop
      vertex 7.07665 153.636 0.114181
      vertex 7.05369 153.81 0.200961
      vertex 8 153.872 0.200961
    endloop
  endfacet
  facet normal -0.333227 0.292235 -0.896415
    outer loop
      vertex 2.3878 150.929 0.114181
      vertex 2.24819 151.036 0.200961
      vertex 2.87348 151.749 0.200961
    endloop
  endfacet
  facet normal -0.548152 0.624714 -0.556113
    outer loop
      vertex 3.31861 152.723 0.586858
      vertex 2.48525 152.137 0.75
      vertex 3.25225 152.81 0.75
    endloop
  endfacet
  facet normal -0.787888 0.52625 -0.319833
    outer loop
      vertex 1.74376 151.423 0.925975
      vertex 1.17068 150.565 0.925975
      vertex 1.69372 151.461 1.11177
    endloop
  endfacet
  facet normal -0.711895 0.62411 -0.322013
    outer loop
      vertex 2.42388 152.198 0.925975
      vertex 1.69372 151.461 1.11177
      vertex 2.37929 152.243 1.11177
    endloop
  endfacet
  facet normal -0.288412 -0.849632 -0.441525
    outer loop
      vertex 5.959 0.382884 0.925975
      vertex 4.98223 0.714454 0.925975
      vertex 5.98146 0.466708 0.75
    endloop
  endfacet
  facet normal -0.194674 -0.978694 -0.0652688
    outer loop
      vertex 6.95579 0.0684414 1.5
      vertex 5.92945 0.272593 1.5
      vertex 6.95747 0.0811644 1.30421
    endloop
  endfacet
  facet normal -0.462247 -0.691801 -0.554742
    outer loop
      vertex 4.10048 1.24584 0.75
      vertex 3.25225 1.81261 0.75
      vertex 3.31861 1.89909 0.586858
    endloop
  endfacet
  facet normal -0.646732 -0.737452 -0.194685
    outer loop
      vertex 3.13772 1.66335 1.30421
      vertex 2.35222 2.35222 1.30421
      vertex 3.16102 1.69372 1.11177
    endloop
  endfacet
  facet normal -0.24609 -0.499015 -0.830917
    outer loop
      vertex 5.16311 1.15115 0.30997
      vertex 4.375 1.72132 0.200961
      vertex 5.22555 1.30187 0.200961
    endloop
  endfacet
  facet normal -0.212354 -0.242144 -0.946717
    outer loop
      vertex 3.69361 2.3878 0.114181
      vertex 2.99791 2.99791 0.114181
      vertex 3.80671 2.5352 0.0511112
    endloop
  endfacet
  facet normal -0.0628305 -0.315872 -0.946719
    outer loop
      vertex 7.07665 0.986495 0.114181
      vertex 6.2172 1.34648 0.0511112
      vertex 7.10091 1.1707 0.0511112
    endloop
  endfacet
  facet normal -0.195956 -0.39735 -0.896501
    outer loop
      vertex 5.29289 1.46445 0.114181
      vertex 4.375 1.72132 0.200961
      vertex 4.46299 1.87372 0.114181
    endloop
  endfacet
  facet normal -0.8297 -0.554382 -0.065254
    outer loop
      vertex 1.65317 3.12991 1.5
      vertex 1.0718 4 1.5
      vertex 1.66335 3.13772 1.30421
    endloop
  endfacet
  facet normal -0.87971 -0.433827 -0.194692
    outer loop
      vertex 1.08291 4.00642 1.30421
      vertex 0.62082 4.94344 1.30421
      vertex 0.656185 4.95809 1.11177
    endloop
  endfacet
  facet normal 0.0628399 -0.185122 -0.980704
    outer loop
      vertex 78.2051 1.34648 0.0511112
      vertex 78.1553 1.53236 0.0128326
      vertex 78.9847 1.8139 0.0128326
    endloop
  endfacet
  facet normal -0.175045 -0.880006 -0.441529
    outer loop
      vertex 6.97069 0.181645 0.925975
      vertex 5.959 0.382884 0.925975
      vertex 6.98202 0.267684 0.75
    endloop
  endfacet
  facet normal -0.146812 -0.738076 -0.658551
    outer loop
      vertex 7.01314 0.504023 0.43934
      vertex 6.00967 0.572001 0.586858
      vertex 6.04316 0.696963 0.43934
    endloop
  endfacet
  facet normal -0.0289769 -0.442098 -0.896499
    outer loop
      vertex 8 0.75 0.200961
      vertex 7.05369 0.812025 0.200961
      vertex 7.07665 0.986495 0.114181
    endloop
  endfacet
  facet normal -0.184779 -0.92894 -0.320824
    outer loop
      vertex 6.97069 0.181645 0.925975
      vertex 5.94268 0.321963 1.11177
      vertex 5.959 0.382884 0.925975
    endloop
  endfacet
  facet normal -0.0586829 -0.895326 -0.441528
    outer loop
      vertex 8 0.200962 0.75
      vertex 6.97069 0.181645 0.925975
      vertex 6.98202 0.267684 0.75
    endloop
  endfacet
  facet normal -0.418089 -0.625716 -0.658545
    outer loop
      vertex 4.15499 1.34024 0.586858
      vertex 3.31861 1.89909 0.586858
      vertex 4.21967 1.45228 0.43934
    endloop
  endfacet
  facet normal -0.332843 -0.674931 -0.658547
    outer loop
      vertex 5.05715 0.895339 0.586858
      vertex 4.15499 1.34024 0.586858
      vertex 4.21967 1.45228 0.43934
    endloop
  endfacet
  facet normal 0.946922 -0.321463 0
    outer loop
      vertex 83.8133 4.93853 7.5
      vertex 84.1497 5.92945 1.5
      vertex 84.1497 5.92945 7.5
    endloop
  endfacet
  facet normal 0.946922 -0.321463 0
    outer loop
      vertex 84.1497 5.92945 1.5
      vertex 83.8133 4.93853 7.5
      vertex 83.8133 4.93853 1.5
    endloop
  endfacet
  facet normal 0.831459 -0.555586 0
    outer loop
      vertex 82.7691 3.12991 7.5
      vertex 83.3505 4 1.5
      vertex 83.3505 4 7.5
    endloop
  endfacet
  facet normal 0.831459 -0.555586 0
    outer loop
      vertex 83.3505 4 1.5
      vertex 82.7691 3.12991 7.5
      vertex 82.7691 3.12991 1.5
    endloop
  endfacet
  facet normal 0.194663 -0.978695 -0.0652886
    outer loop
      vertex 77.4665 0.0684414 1.5
      vertex 77.4648 0.0811644 1.30421
      vertex 78.4929 0.272593 1.5
    endloop
  endfacet
  facet normal 0.896885 -0.442264 0
    outer loop
      vertex 83.3505 4 7.5
      vertex 83.8133 4.93853 1.5
      vertex 83.8133 4.93853 7.5
    endloop
  endfacet
  facet normal 0.896885 -0.442264 0
    outer loop
      vertex 83.8133 4.93853 1.5
      vertex 83.3505 4 7.5
      vertex 83.3505 4 1.5
    endloop
  endfacet
  facet normal 0 -0.831467 -0.555574
    outer loop
      vertex 8 0.309971 0.586858
      vertex 76.4223 0.200962 0.75
      vertex 8 0.200962 0.75
    endloop
  endfacet
  facet normal 0 -0.831467 -0.555574
    outer loop
      vertex 76.4223 0.200962 0.75
      vertex 8 0.309971 0.586858
      vertex 76.4223 0.309971 0.586858
    endloop
  endfacet
  facet normal 0.625801 -0.418109 -0.658451
    outer loop
      vertex 82.5232 3.31861 0.586858
      vertex 82.4206 3.39736 0.43934
      vertex 82.97 4.21967 0.43934
    endloop
  endfacet
  facet normal 0.242113 -0.212334 -0.946729
    outer loop
      vertex 81.4244 2.99791 0.114181
      vertex 81.293 3.12929 0.0511112
      vertex 81.8871 3.80671 0.0511112
    endloop
  endfacet
  facet normal 0.321381 -0.0210539 -0.946716
    outer loop
      vertex 83.4358 7.07665 0.114181
      vertex 83.2516 7.10091 0.0511112
      vertex 83.3105 8 0.0511112
    endloop
  endfacet
  facet normal 0.333144 -0.292154 -0.896472
    outer loop
      vertex 81.5488 2.87348 0.200961
      vertex 81.4244 2.99791 0.114181
      vertex 82.0345 3.69361 0.114181
    endloop
  endfacet
  facet normal 0.544935 -0.815563 -0.194687
    outer loop
      vertex 81.2846 1.66335 1.30421
      vertex 80.4159 1.08291 1.30421
      vertex 81.2613 1.69372 1.11177
    endloop
  endfacet
  facet normal 0.246129 -0.36837 -0.896507
    outer loop
      vertex 80.0473 1.72132 0.200961
      vertex 79.9593 1.87372 0.114181
      vertex 80.7287 2.3878 0.114181
    endloop
  endfacet
  facet normal 0.28886 -0.142429 -0.946717
    outer loop
      vertex 82.5486 4.46299 0.114181
      vertex 82.3877 4.55589 0.0511112
      vertex 82.9578 5.29289 0.114181
    endloop
  endfacet
  facet normal 0.212337 -0.242113 -0.946728
    outer loop
      vertex 81.4244 2.99791 0.114181
      vertex 80.6156 2.5352 0.0511112
      vertex 81.293 3.12929 0.0511112
    endloop
  endfacet
  facet normal 0.0127862 -0.0642815 -0.99785
    outer loop
      vertex 77.2963 1.3615 0.0128326
      vertex 77.2707 1.55561 0
      vertex 78.1046 1.72148 0
    endloop
  endfacet
  facet normal 0.304913 -0.103526 -0.946737
    outer loop
      vertex 83.2553 6.16911 0.114181
      vertex 82.9578 5.29289 0.114181
      vertex 83.0758 6.2172 0.0511112
    endloop
  endfacet
  facet normal 0.752016 0 -0.659145
    outer loop
      vertex 84.1123 8 0.586858
      vertex 83.983 146.622 0.43934
      vertex 84.1123 146.622 0.586858
    endloop
  endfacet
  facet normal 0.752016 0 -0.659145
    outer loop
      vertex 83.983 146.622 0.43934
      vertex 84.1123 8 0.586858
      vertex 83.983 8 0.43934
    endloop
  endfacet
  facet normal 0.0587801 -0.028983 -0.99785
    outer loop
      vertex 82.6084 5.43763 0.0128326
      vertex 82.0515 4.75 0
      vertex 82.4275 5.51256 0
    endloop
  endfacet
  facet normal 0.065399 0 -0.997859
    outer loop
      vertex 82.9223 8 0
      vertex 83.1181 146.622 0.0128326
      vertex 83.1181 8 0.0128326
    endloop
  endfacet
  facet normal 0.065399 0 -0.997859
    outer loop
      vertex 83.1181 146.622 0.0128326
      vertex 82.9223 8 0
      vertex 82.9223 146.622 0
    endloop
  endfacet
  facet normal 0.195113 -0.012792 -0.980697
    outer loop
      vertex 83.3105 8 0.0511112
      vertex 83.0608 7.12602 0.0128326
      vertex 83.1181 8 0.0128326
    endloop
  endfacet
  facet normal 0.831488 0 -0.555542
    outer loop
      vertex 84.2213 8 0.75
      vertex 84.1123 146.622 0.586858
      vertex 84.2213 146.622 0.75
    endloop
  endfacet
  facet normal 0.831488 0 -0.555542
    outer loop
      vertex 84.1123 146.622 0.586858
      vertex 84.2213 8 0.75
      vertex 84.1123 8 0.586858
    endloop
  endfacet
  facet normal 0.944919 -0.320726 -0.0652833
    outer loop
      vertex 84.1497 5.92945 1.5
      vertex 83.8015 4.94344 1.30421
      vertex 84.1373 5.93277 1.30421
    endloop
  endfacet
  facet normal 0.0587635 0.0289961 -0.997851
    outer loop
      vertex 82.4275 149.11 0
      vertex 82.0515 149.872 0
      vertex 82.6084 149.185 0.0128326
    endloop
  endfacet
  facet normal 0.462765 0.69241 -0.55355
    outer loop
      vertex 81.1037 152.723 0.586858
      vertex 80.2673 153.282 0.586858
      vertex 80.3218 153.376 0.75
    endloop
  endfacet
  facet normal 0.830257 0.0544132 -0.554719
    outer loop
      vertex 84.1123 146.622 0.586858
      vertex 84.0465 147.626 0.586858
      vertex 84.2213 146.622 0.75
    endloop
  endfacet
  facet normal 0.418568 0.626937 -0.657077
    outer loop
      vertex 81.0249 152.621 0.43934
      vertex 80.2026 153.17 0.43934
      vertex 81.1037 152.723 0.586858
    endloop
  endfacet
  facet normal 0.0544938 0.0364114 -0.99785
    outer loop
      vertex 82.0515 149.872 0
      vertex 81.5791 150.579 0
      vertex 82.221 149.97 0.0128326
    endloop
  endfacet
  facet normal 0.212613 0.242465 -0.946576
    outer loop
      vertex 81.293 151.493 0.0511112
      vertex 80.6156 152.087 0.0511112
      vertex 81.4244 151.624 0.114181
    endloop
  endfacet
  facet normal 0.178595 0.267073 -0.946982
    outer loop
      vertex 80.6156 152.087 0.0511112
      vertex 79.8664 152.588 0.0511112
      vertex 80.7287 152.235 0.114181
    endloop
  endfacet
  facet normal 0.712154 0.241616 -0.659135
    outer loop
      vertex 83.7253 148.579 0.43934
      vertex 83.4074 149.516 0.43934
      vertex 83.8503 148.613 0.586858
    endloop
  endfacet
  facet normal 0.396757 0.195765 -0.896805
    outer loop
      vertex 82.9578 149.329 0.114181
      vertex 82.701 150.247 0.200961
      vertex 83.1204 149.397 0.200961
    endloop
  endfacet
  facet normal 0.980764 0.195197 0
    outer loop
      vertex 84.3539 147.667 7.5
      vertex 84.1497 148.693 1.5
      vertex 84.1497 148.693 7.5
    endloop
  endfacet
  facet normal 0.980764 0.195197 0
    outer loop
      vertex 84.1497 148.693 1.5
      vertex 84.3539 147.667 7.5
      vertex 84.3539 147.667 1.5
    endloop
  endfacet
  facet normal 0.196237 0.398327 -0.896006
    outer loop
      vertex 80.0473 152.901 0.200961
      vertex 79.1294 153.158 0.114181
      vertex 79.1968 153.32 0.200961
    endloop
  endfacet
  facet normal 0.048509 0.749128 -0.660647
    outer loop
      vertex 77.4092 154.118 0.43934
      vertex 76.4223 154.312 0.586858
      vertex 77.4261 154.247 0.586858
    endloop
  endfacet
  facet normal 0.545941 0.108614 -0.830753
    outer loop
      vertex 83.6103 147.569 0.200961
      vertex 83.5828 148.541 0.30997
      vertex 83.772 147.59 0.30997
    endloop
  endfacet
  facet normal 0.162125 0.108366 -0.980802
    outer loop
      vertex 82.221 149.97 0.0128326
      vertex 81.7344 150.698 0.0128326
      vertex 81.8871 150.816 0.0511112
    endloop
  endfacet
  facet normal 0.212513 0.625777 -0.750494
    outer loop
      vertex 79.2592 153.471 0.30997
      vertex 78.3792 153.925 0.43934
      vertex 79.3156 153.607 0.43934
    endloop
  endfacet
  facet normal 0.178694 0.525887 -0.831572
    outer loop
      vertex 79.2592 153.471 0.30997
      vertex 78.2987 153.625 0.200961
      vertex 78.341 153.783 0.30997
    endloop
  endfacet
  facet normal 0.544816 0.816002 -0.193173
    outer loop
      vertex 81.2613 152.929 1.11177
      vertex 80.4159 153.539 1.30421
      vertex 81.2846 152.959 1.30421
    endloop
  endfacet
  facet normal 0.658021 0.750183 -0.0650679
    outer loop
      vertex 82.0701 152.27 1.30421
      vertex 81.2846 152.959 1.30421
      vertex 82.0792 152.279 1.5
    endloop
  endfacet
  facet normal 0.750067 0.658148 -0.0651154
    outer loop
      vertex 82.7589 151.485 1.30421
      vertex 82.0701 152.27 1.30421
      vertex 82.0792 152.279 1.5
    endloop
  endfacet
  facet normal 0.815355 0.544665 -0.196306
    outer loop
      vertex 83.3394 150.616 1.30421
      vertex 82.7286 151.461 1.11177
      vertex 82.7589 151.485 1.30421
    endloop
  endfacet
  facet normal 0.267957 0.178852 -0.946684
    outer loop
      vertex 82.3877 150.066 0.0511112
      vertex 81.8871 150.816 0.0511112
      vertex 82.0345 150.929 0.114181
    endloop
  endfacet
  facet normal 0.548544 0.625737 -0.554575
    outer loop
      vertex 81.86 152.06 0.586858
      vertex 81.1037 152.723 0.586858
      vertex 81.9371 152.137 0.75
    endloop
  endfacet
  facet normal 0.441268 0.894953 -0.0658953
    outer loop
      vertex 80.4159 153.539 1.30421
      vertex 79.4789 154.001 1.30421
      vertex 79.4838 154.013 1.5
    endloop
  endfacet
  facet normal 0.433898 0.880005 -0.193195
    outer loop
      vertex 80.4159 153.539 1.30421
      vertex 79.4642 153.966 1.11177
      vertex 79.4789 154.001 1.30421
    endloop
  endfacet
  facet normal 0.396016 0.803408 -0.444643
    outer loop
      vertex 80.3218 153.376 0.75
      vertex 79.4401 153.908 0.925975
      vertex 80.3652 153.452 0.925975
    endloop
  endfacet
  facet normal 0.418929 0.849894 -0.319654
    outer loop
      vertex 80.3652 153.452 0.925975
      vertex 79.4401 153.908 0.925975
      vertex 79.4642 153.966 1.11177
    endloop
  endfacet
  facet normal 0.657969 0.750275 -0.064533
    outer loop
      vertex 82.0792 152.279 1.5
      vertex 81.2846 152.959 1.30421
      vertex 81.2924 152.969 1.5
    endloop
  endfacet
  facet normal 0.554822 0.829468 -0.0644685
    outer loop
      vertex 81.2846 152.959 1.30421
      vertex 80.4223 153.551 1.5
      vertex 81.2924 152.969 1.5
    endloop
  endfacet
  facet normal -0.555208 -0.03639 -0.830915
    outer loop
      vertex 0.650279 7.03239 0.30997
      vertex 0.586859 8 0.30997
      vertex 0.75 8 0.200961
    endloop
  endfacet
  facet normal -0.62448 -0.712094 -0.320855
    outer loop
      vertex 3.16102 1.69372 1.11177
      vertex 2.42388 2.42388 0.925975
      vertex 3.19942 1.74376 0.925975
    endloop
  endfacet
  facet normal -0.89533 -0.0586817 -0.441521
    outer loop
      vertex 0.181645 6.97069 0.925975
      vertex 0.114182 8 0.925975
      vertex 0.200962 8 0.75
    endloop
  endfacet
  facet normal -0.830236 -0.0544166 -0.554749
    outer loop
      vertex 0.267684 6.98202 0.75
      vertex 0.200962 8 0.75
      vertex 0.37576 6.99625 0.586858
    endloop
  endfacet
  facet normal -0.89496 -0.441349 -0.0652559
    outer loop
      vertex 1.0718 4 1.5
      vertex 0.608964 4.93853 1.5
      vertex 1.08291 4.00642 1.30421
    endloop
  endfacet
  facet normal -0.944912 -0.320753 -0.0652626
    outer loop
      vertex 0.608964 4.93853 1.5
      vertex 0.272593 5.92945 1.5
      vertex 0.62082 4.94344 1.30421
    endloop
  endfacet
  facet normal -0.980785 0 -0.19509
    outer loop
      vertex 0.0511122 8 1.11177
      vertex 0.0128336 146.622 1.30421
      vertex 0.0511122 146.622 1.11177
    endloop
  endfacet
  facet normal -0.980785 -0 -0.19509
    outer loop
      vertex 0.0128336 146.622 1.30421
      vertex 0.0511122 8 1.11177
      vertex 0.0128336 8 1.30421
    endloop
  endfacet
  facet normal -0.978765 -0.0641514 -0.194688
    outer loop
      vertex 0.0811644 6.95747 1.30421
      vertex 0.0128336 8 1.30421
      vertex 0.0511122 8 1.11177
    endloop
  endfacet
  facet normal -0.0654023 0 -0.997859
    outer loop
      vertex 1.30421 8 0.0128326
      vertex 1.5 146.622 0
      vertex 1.5 8 0
    endloop
  endfacet
  facet normal -0.0654023 0 -0.997859
    outer loop
      vertex 1.5 146.622 0
      vertex 1.30421 8 0.0128326
      vertex 1.30421 146.622 0.0128326
    endloop
  endfacet
  facet normal -0.0654017 -0.00428713 -0.99785
    outer loop
      vertex 1.3615 7.12602 0.0128326
      vertex 1.30421 8 0.0128326
      vertex 1.5 8 0
    endloop
  endfacet
  facet normal -0.0620653 -0.0210682 -0.99785
    outer loop
      vertex 1.8139 5.43763 0.0128326
      vertex 1.72148 6.31768 0
      vertex 1.99478 5.51256 0
    endloop
  endfacet
  facet normal -0.321445 0 -0.946928
    outer loop
      vertex 0.925976 8 0.114181
      vertex 1.11177 146.622 0.0511112
      vertex 1.11177 8 0.0511112
    endloop
  endfacet
  facet normal -0.321445 0 -0.946928
    outer loop
      vertex 1.11177 146.622 0.0511112
      vertex 0.925976 8 0.114181
      vertex 0.925976 146.622 0.114181
    endloop
  endfacet
  facet normal -0.195068 -0.0127856 -0.980706
    outer loop
      vertex 1.1707 7.10091 0.0511112
      vertex 1.11177 8 0.0511112
      vertex 1.3615 7.12602 0.0128326
    endloop
  endfacet
  facet normal -0.17533 -0.0864641 -0.980706
    outer loop
      vertex 2.03462 4.55589 0.0511112
      vertex 1.8139 5.43763 0.0128326
      vertex 2.20128 4.65211 0.0128326
    endloop
  endfacet
  facet normal -0.162549 -0.108609 -0.980705
    outer loop
      vertex 2.5352 3.80671 0.0511112
      vertex 2.20128 4.65211 0.0128326
      vertex 2.68787 3.92386 0.0128326
    endloop
  endfacet
  facet normal -0.691799 -0.462244 -0.554748
    outer loop
      vertex 1.89909 3.31861 0.586858
      vertex 1.24584 4.10048 0.75
      vertex 1.34024 4.15499 0.586858
    endloop
  endfacet
  facet normal -0.292126 -0.333107 -0.896494
    outer loop
      vertex 3.69361 2.3878 0.114181
      vertex 2.87348 2.87348 0.200961
      vertex 2.99791 2.99791 0.114181
    endloop
  endfacet
  facet normal -0.880009 -0.175045 -0.441525
    outer loop
      vertex 0.382884 5.959 0.925975
      vertex 0.267684 6.98202 0.75
      vertex 0.466708 5.98146 0.75
    endloop
  endfacet
  facet normal -0.81603 -0.162317 -0.55475
    outer loop
      vertex 0.572001 6.00967 0.586858
      vertex 0.267684 6.98202 0.75
      vertex 0.37576 6.99625 0.586858
    endloop
  endfacet
  facet normal -0.527019 0.178942 -0.830801
    outer loop
      vertex 0.997038 148.499 0.200961
      vertex 0.839455 148.541 0.30997
      vertex 1.15115 149.459 0.30997
    endloop
  endfacet
  facet normal -0.442095 0.0289556 -0.896501
    outer loop
      vertex 0.986495 147.546 0.114181
      vertex 0.75 146.622 0.200961
      vertex 0.812025 147.569 0.200961
    endloop
  endfacet
  facet normal -0.0643201 0.0127923 -0.997847
    outer loop
      vertex 1.55561 147.471 0
      vertex 1.3615 147.496 0.0128326
      vertex 1.72148 148.305 0
    endloop
  endfacet
  facet normal -0.17558 0.0865968 -0.980649
    outer loop
      vertex 1.8139 149.185 0.0128326
      vertex 1.63611 149.258 0.0511112
      vertex 2.03462 150.066 0.0511112
    endloop
  endfacet
  facet normal -0.0381466 0.191537 -0.980744
    outer loop
      vertex 7.12602 153.261 0.0128326
      vertex 6.2172 153.276 0.0511112
      vertex 7.10091 153.452 0.0511112
    endloop
  endfacet
  facet normal -0.30855 0.461666 -0.831662
    outer loop
      vertex 3.58648 152.374 0.200961
      vertex 3.48717 152.504 0.30997
      vertex 4.375 152.901 0.200961
    endloop
  endfacet
  facet normal 0.0290276 0.443045 -0.896029
    outer loop
      vertex 77.3456 153.636 0.114181
      vertex 76.4223 153.872 0.200961
      vertex 77.3686 153.81 0.200961
    endloop
  endfacet
  facet normal 0.0862996 0.175223 -0.980739
    outer loop
      vertex 79.8664 152.588 0.0511112
      vertex 78.9847 152.808 0.0128326
      vertex 79.0583 152.986 0.0511112
    endloop
  endfacet
  facet normal -0.103476 0.304438 -0.946895
    outer loop
      vertex 5.36399 152.986 0.0511112
      vertex 5.29289 153.158 0.114181
      vertex 6.2172 153.276 0.0511112
    endloop
  endfacet
  facet normal -0.895332 0.0586425 -0.441522
    outer loop
      vertex 0.200962 146.622 0.75
      vertex 0.114182 146.622 0.925975
      vertex 0.181645 147.652 0.925975
    endloop
  endfacet
  facet normal -0.895238 0.0586759 -0.441708
    outer loop
      vertex 0.200962 146.622 0.75
      vertex 0.181645 147.652 0.925975
      vertex 0.267684 147.64 0.75
    endloop
  endfacet
  facet normal -0.962025 0.191317 -0.194694
    outer loop
      vertex 0.119116 147.66 1.11177
      vertex 0.0811644 147.665 1.30421
      vertex 0.321963 148.68 1.11177
    endloop
  endfacet
  facet normal -0.945113 0.061903 -0.320827
    outer loop
      vertex 0.114182 146.622 0.925975
      vertex 0.0511122 146.622 1.11177
      vertex 0.181645 147.652 0.925975
    endloop
  endfacet
  facet normal -0.496068 0.43507 -0.751419
    outer loop
      vertex 2.11876 151.135 0.30997
      vertex 2.00173 151.225 0.43934
      vertex 2.75812 151.864 0.30997
    endloop
  endfacet
  facet normal -0.178599 0.267071 -0.946982
    outer loop
      vertex 3.80671 152.087 0.0511112
      vertex 3.69361 152.235 0.114181
      vertex 4.55589 152.588 0.0511112
    endloop
  endfacet
  facet normal -0.462108 0.308873 -0.831296
    outer loop
      vertex 1.72132 150.247 0.200961
      vertex 1.58003 150.329 0.30997
      vertex 2.11876 151.135 0.30997
    endloop
  endfacet
  facet normal -0.498646 0.245815 -0.83122
    outer loop
      vertex 1.72132 150.247 0.200961
      vertex 1.15115 149.459 0.30997
      vertex 1.58003 150.329 0.30997
    endloop
  endfacet
  facet normal -0.692133 0.462595 -0.554038
    outer loop
      vertex 1.89909 151.304 0.586858
      vertex 1.24584 150.522 0.75
      vertex 1.81261 151.37 0.75
    endloop
  endfacet
  facet normal -0.495596 0.434366 -0.752138
    outer loop
      vertex 2.75812 151.864 0.30997
      vertex 2.00173 151.225 0.43934
      vertex 2.65381 151.969 0.43934
    endloop
  endfacet
  facet normal -0.625345 0.418 -0.658953
    outer loop
      vertex 2.00173 151.225 0.43934
      vertex 1.45228 150.403 0.43934
      vertex 1.89909 151.304 0.586858
    endloop
  endfacet
  facet normal -0.591515 0.291703 -0.751678
    outer loop
      vertex 1.15115 149.459 0.30997
      vertex 1.01486 149.516 0.43934
      vertex 1.45228 150.403 0.43934
    endloop
  endfacet
  facet normal -0.829795 0.554504 -0.0629697
    outer loop
      vertex 1.66335 151.485 1.30421
      vertex 1.0718 150.622 1.5
      vertex 1.65317 151.492 1.5
    endloop
  endfacet
  facet normal -0.55395 0.829684 -0.0690156
    outer loop
      vertex 4.00642 153.539 1.30421
      vertex 3.13772 152.959 1.30421
      vertex 4 153.551 1.5
    endloop
  endfacet
  facet normal -0.44126 0.894955 -0.0659178
    outer loop
      vertex 4.94344 154.001 1.30421
      vertex 4.00642 153.539 1.30421
      vertex 4.93853 154.013 1.5
    endloop
  endfacet
  facet normal -0.712952 0.242148 -0.658076
    outer loop
      vertex 1.01486 149.516 0.43934
      vertex 0.572001 148.613 0.586858
      vertex 0.895339 149.565 0.586858
    endloop
  endfacet
  facet normal -0.849759 0.288461 -0.441248
    outer loop
      vertex 0.794629 149.607 0.75
      vertex 0.466708 148.641 0.75
      vertex 0.714454 149.64 0.925975
    endloop
  endfacet
  facet normal -0.928713 0.18486 -0.321433
    outer loop
      vertex 0.382884 148.663 0.925975
      vertex 0.181645 147.652 0.925975
      vertex 0.321963 148.68 1.11177
    endloop
  endfacet
  facet normal -0.929017 0.184753 -0.320614
    outer loop
      vertex 0.181645 147.652 0.925975
      vertex 0.119116 147.66 1.11177
      vertex 0.321963 148.68 1.11177
    endloop
  endfacet
  facet normal -0.315422 0.92874 -0.19481
    outer loop
      vertex 5.94268 154.3 1.11177
      vertex 4.94344 154.001 1.30421
      vertex 5.93277 154.337 1.30421
    endloop
  endfacet
  facet normal 0 0.831488 -0.555542
    outer loop
      vertex 76.4223 154.312 0.586858
      vertex 8 154.421 0.75
      vertex 76.4223 154.421 0.75
    endloop
  endfacet
  facet normal 0 0.831488 -0.555542
    outer loop
      vertex 8 154.421 0.75
      vertex 76.4223 154.312 0.586858
      vertex 8 154.312 0.586858
    endloop
  endfacet
  facet normal -0.185426 0.928683 -0.321192
    outer loop
      vertex 5.959 154.239 0.925975
      vertex 5.94268 154.3 1.11177
      vertex 6.97069 154.441 0.925975
    endloop
  endfacet
  facet normal -0.0619957 0.945926 -0.318403
    outer loop
      vertex 6.97069 154.441 0.925975
      vertex 6.96246 154.503 1.11177
      vertex 8 154.571 1.11177
    endloop
  endfacet
  facet normal 0.0126867 0.19453 -0.980815
    outer loop
      vertex 77.2963 153.261 0.0128326
      vertex 76.4223 153.318 0.0128326
      vertex 76.4223 153.511 0.0511112
    endloop
  endfacet
  facet normal -0.0287248 0.44205 -0.89653
    outer loop
      vertex 8 153.696 0.114181
      vertex 7.07665 153.636 0.114181
      vertex 8 153.872 0.200961
    endloop
  endfacet
  facet normal -0.526224 0.788461 -0.318462
    outer loop
      vertex 4.05709 153.452 0.925975
      vertex 3.16102 152.929 1.11177
      vertex 4.02556 153.506 1.11177
    endloop
  endfacet
  facet normal -0.0537669 0.830286 -0.554738
    outer loop
      vertex 8 154.312 0.586858
      vertex 6.99625 154.247 0.586858
      vertex 8 154.421 0.75
    endloop
  endfacet
  facet normal -0.815469 0.545213 -0.194304
    outer loop
      vertex 1.11606 150.597 1.11177
      vertex 1.08291 150.616 1.30421
      vertex 1.69372 151.461 1.11177
    endloop
  endfacet
  facet normal -0.787036 0.526203 -0.322002
    outer loop
      vertex 1.17068 150.565 0.925975
      vertex 1.11606 150.597 1.11177
      vertex 1.69372 151.461 1.11177
    endloop
  endfacet
  facet normal -0.73759 0.646636 -0.19448
    outer loop
      vertex 2.37929 152.243 1.11177
      vertex 1.69372 151.461 1.11177
      vertex 2.35222 152.27 1.30421
    endloop
  endfacet
  facet normal -0.646995 0.737282 -0.194454
    outer loop
      vertex 2.37929 152.243 1.11177
      vertex 2.35222 152.27 1.30421
      vertex 3.16102 152.929 1.11177
    endloop
  endfacet
  facet normal -0.745809 0.498469 -0.441925
    outer loop
      vertex 1.81261 151.37 0.75
      vertex 1.24584 150.522 0.75
      vertex 1.74376 151.423 0.925975
    endloop
  endfacet
  facet normal -0.746477 0.498591 -0.440657
    outer loop
      vertex 1.24584 150.522 0.75
      vertex 1.17068 150.565 0.925975
      vertex 1.74376 151.423 0.925975
    endloop
  endfacet
  facet normal -0.498483 -0.746031 -0.441535
    outer loop
      vertex 4.10048 1.24584 0.75
      vertex 3.19942 1.74376 0.925975
      vertex 3.25225 1.81261 0.75
    endloop
  endfacet
  facet normal -0.498482 -0.746027 -0.441543
    outer loop
      vertex 4.05709 1.17068 0.925975
      vertex 3.19942 1.74376 0.925975
      vertex 4.10048 1.24584 0.75
    endloop
  endfacet
  facet normal -0.712597 -0.241893 -0.658554
    outer loop
      vertex 1.01486 5.10666 0.43934
      vertex 0.572001 6.00967 0.586858
      vertex 0.696963 6.04316 0.43934
    endloop
  endfacet
  facet normal -0.787867 -0.267446 -0.554741
    outer loop
      vertex 0.794629 5.01544 0.75
      vertex 0.466708 5.98146 0.75
      vertex 0.572001 6.00967 0.586858
    endloop
  endfacet
  facet normal -0.108608 -0.162545 -0.980706
    outer loop
      vertex 4.55589 2.03462 0.0511112
      vertex 3.80671 2.5352 0.0511112
      vertex 4.65211 2.20128 0.0128326
    endloop
  endfacet
  facet normal -0.103521 -0.304959 -0.946722
    outer loop
      vertex 6.2172 1.34648 0.0511112
      vertex 5.29289 1.46445 0.114181
      vertex 5.36399 1.63611 0.0511112
    endloop
  endfacet
  facet normal -0.0628336 -0.315879 -0.946717
    outer loop
      vertex 7.07665 0.986495 0.114181
      vertex 6.16911 1.16702 0.114181
      vertex 6.2172 1.34648 0.0511112
    endloop
  endfacet
  facet normal -0.128789 -0.647463 -0.751136
    outer loop
      vertex 7.01314 0.504023 0.43934
      vertex 6.08134 0.839455 0.30997
      vertex 7.03239 0.650279 0.30997
    endloop
  endfacet
  facet normal -0.028989 -0.0587832 -0.99785
    outer loop
      vertex 5.43763 1.8139 0.0128326
      vertex 4.65211 2.20128 0.0128326
      vertex 4.75 2.37084 0
    endloop
  endfacet
  facet normal -0.00428713 -0.0654017 -0.99785
    outer loop
      vertex 8 1.30421 0.0128326
      vertex 7.12602 1.3615 0.0128326
      vertex 8 1.5 0
    endloop
  endfacet
  facet normal -0.0127872 -0.195074 -0.980705
    outer loop
      vertex 8 1.11177 0.0511112
      vertex 7.12602 1.3615 0.0128326
      vertex 8 1.30421 0.0128326
    endloop
  endfacet
  facet normal -0.0289762 -0.442096 -0.8965
    outer loop
      vertex 8 0.75 0.200961
      vertex 7.07665 0.986495 0.114181
      vertex 8 0.925976 0.114181
    endloop
  endfacet
  facet normal -0.0210638 -0.321374 -0.946718
    outer loop
      vertex 8 0.925976 0.114181
      vertex 7.07665 0.986495 0.114181
      vertex 8 1.11177 0.0511112
    endloop
  endfacet
  facet normal -0.108548 -0.545704 -0.830918
    outer loop
      vertex 7.03239 0.650279 0.30997
      vertex 6.08134 0.839455 0.30997
      vertex 7.05369 0.812025 0.200961
    endloop
  endfacet
  facet normal -0.108547 -0.545708 -0.830915
    outer loop
      vertex 7.05369 0.812025 0.200961
      vertex 6.08134 0.839455 0.30997
      vertex 6.12356 0.997038 0.200961
    endloop
  endfacet
  facet normal -0.212195 -0.625111 -0.751139
    outer loop
      vertex 6.04316 0.696963 0.43934
      vertex 5.16311 1.15115 0.30997
      vertex 6.08134 0.839455 0.30997
    endloop
  endfacet
  facet normal -0.128787 -0.647459 -0.751139
    outer loop
      vertex 7.01314 0.504023 0.43934
      vertex 6.04316 0.696963 0.43934
      vertex 6.08134 0.839455 0.30997
    endloop
  endfacet
  facet normal -0.191356 -0.962018 -0.194689
    outer loop
      vertex 6.95747 0.0811644 1.30421
      vertex 5.93277 0.284989 1.30421
      vertex 5.94268 0.321963 1.11177
    endloop
  endfacet
  facet normal -0.191358 -0.962019 -0.194684
    outer loop
      vertex 6.95747 0.0811644 1.30421
      vertex 5.94268 0.321963 1.11177
      vertex 6.96246 0.119116 1.11177
    endloop
  endfacet
  facet normal -0.175045 -0.880009 -0.441525
    outer loop
      vertex 6.98202 0.267684 0.75
      vertex 5.959 0.382884 0.925975
      vertex 5.98146 0.466708 0.75
    endloop
  endfacet
  facet normal -0.16232 -0.816035 -0.554743
    outer loop
      vertex 6.98202 0.267684 0.75
      vertex 5.98146 0.466708 0.75
      vertex 6.00967 0.572001 0.586858
    endloop
  endfacet
  facet normal 0.849431 -0.418867 -0.320963
    outer loop
      vertex 83.7661 4.95809 1.11177
      vertex 83.2516 4.05709 0.925975
      vertex 83.7078 4.98223 0.925975
    endloop
  endfacet
  facet normal 0.895292 -0.0586244 -0.441605
    outer loop
      vertex 84.2407 6.97069 0.925975
      vertex 84.2213 8 0.75
      vertex 84.3081 8 0.925975
    endloop
  endfacet
  facet normal 0.980764 0 -0.195195
    outer loop
      vertex 84.4095 8 1.30421
      vertex 84.3712 146.622 1.11177
      vertex 84.4095 146.622 1.30421
    endloop
  endfacet
  facet normal 0.980764 0 -0.195195
    outer loop
      vertex 84.3712 146.622 1.11177
      vertex 84.4095 8 1.30421
      vertex 84.3712 8 1.11177
    endloop
  endfacet
  facet normal 1 -0 0
    outer loop
      vertex 84.4223 128.66 3.13926
      vertex 84.4223 146.622 1.5
      vertex 84.4223 146.622 7.5
    endloop
  endfacet
  facet normal 1 0 0
    outer loop
      vertex 84.4223 146.622 1.5
      vertex 84.4223 128.66 3.13926
      vertex 84.4223 128.672 2.95
    endloop
  endfacet
  facet normal 1 0 0
    outer loop
      vertex 84.4223 146.622 7.5
      vertex 84.4223 128.623 3.32529
      vertex 84.4223 128.66 3.13926
    endloop
  endfacet
  facet normal 1 0 0
    outer loop
      vertex 84.4223 146.622 7.5
      vertex 84.4223 128.562 3.50489
      vertex 84.4223 128.623 3.32529
    endloop
  endfacet
  facet normal 1 0 0
    outer loop
      vertex 84.4223 146.622 7.5
      vertex 84.4223 128.478 3.675
      vertex 84.4223 128.562 3.50489
    endloop
  endfacet
  facet normal 1 0 0
    outer loop
      vertex 84.4223 146.622 7.5
      vertex 84.4223 128.373 3.8327
      vertex 84.4223 128.478 3.675
    endloop
  endfacet
  facet normal 1 0 0
    outer loop
      vertex 84.4223 146.622 7.5
      vertex 84.4223 128.248 3.9753
      vertex 84.4223 128.373 3.8327
    endloop
  endfacet
  facet normal 1 0 0
    outer loop
      vertex 84.4223 146.622 7.5
      vertex 84.4223 128.105 4.10036
      vertex 84.4223 128.248 3.9753
    endloop
  endfacet
  facet normal 1 0 0
    outer loop
      vertex 84.4223 146.622 7.5
      vertex 84.4223 127.947 4.20574
      vertex 84.4223 128.105 4.10036
    endloop
  endfacet
  facet normal 1 0 0
    outer loop
      vertex 84.4223 146.622 7.5
      vertex 84.4223 127.777 4.28962
      vertex 84.4223 127.947 4.20574
    endloop
  endfacet
  facet normal 1 0 0
    outer loop
      vertex 84.4223 146.622 7.5
      vertex 84.4223 127.598 4.35059
      vertex 84.4223 127.777 4.28962
    endloop
  endfacet
  facet normal 1 0 0
    outer loop
      vertex 84.4223 146.622 7.5
      vertex 84.4223 127.412 4.38759
      vertex 84.4223 127.598 4.35059
    endloop
  endfacet
  facet normal 1 0 0
    outer loop
      vertex 84.4223 146.622 7.5
      vertex 84.4223 127.222 4.4
      vertex 84.4223 127.412 4.38759
    endloop
  endfacet
  facet normal 1 0 0
    outer loop
      vertex 84.4223 146.622 7.5
      vertex 84.4223 118.622 4.4
      vertex 84.4223 127.222 4.4
    endloop
  endfacet
  facet normal 1 0 0
    outer loop
      vertex 84.4223 114.622 4.4
      vertex 84.4223 118.622 4.4
      vertex 84.4223 146.622 7.5
    endloop
  endfacet
  facet normal 1 0 0
    outer loop
      vertex 84.4223 117.185 3.13926
      vertex 84.4223 116.072 2.95
      vertex 84.4223 117.172 2.95
    endloop
  endfacet
  facet normal 1 0 0
    outer loop
      vertex 84.4223 116.06 3.13926
      vertex 84.4223 117.185 3.13926
      vertex 84.4223 117.222 3.32529
    endloop
  endfacet
  facet normal 1 0 0
    outer loop
      vertex 84.4223 116.023 3.32529
      vertex 84.4223 117.222 3.32529
      vertex 84.4223 117.283 3.50489
    endloop
  endfacet
  facet normal 1 0 0
    outer loop
      vertex 84.4223 115.962 3.50489
      vertex 84.4223 117.283 3.50489
      vertex 84.4223 117.367 3.675
    endloop
  endfacet
  facet normal 1 0 0
    outer loop
      vertex 84.4223 115.878 3.675
      vertex 84.4223 117.367 3.675
      vertex 84.4223 117.472 3.8327
    endloop
  endfacet
  facet normal 1 0 0
    outer loop
      vertex 84.4223 115.773 3.8327
      vertex 84.4223 117.472 3.8327
      vertex 84.4223 117.597 3.9753
    endloop
  endfacet
  facet normal 1 0 0
    outer loop
      vertex 84.4223 115.648 3.9753
      vertex 84.4223 117.597 3.9753
      vertex 84.4223 117.74 4.10036
    endloop
  endfacet
  facet normal 1 0 0
    outer loop
      vertex 84.4223 117.185 3.13926
      vertex 84.4223 116.06 3.13926
      vertex 84.4223 116.072 2.95
    endloop
  endfacet
  facet normal 1 0 0
    outer loop
      vertex 84.4223 115.505 4.10036
      vertex 84.4223 117.74 4.10036
      vertex 84.4223 117.897 4.20574
    endloop
  endfacet
  facet normal 1 0 0
    outer loop
      vertex 84.4223 117.222 3.32529
      vertex 84.4223 116.023 3.32529
      vertex 84.4223 116.06 3.13926
    endloop
  endfacet
  facet normal 1 0 0
    outer loop
      vertex 84.4223 115.347 4.20574
      vertex 84.4223 117.897 4.20574
      vertex 84.4223 118.067 4.28962
    endloop
  endfacet
  facet normal 1 0 0
    outer loop
      vertex 84.4223 117.283 3.50489
      vertex 84.4223 115.962 3.50489
      vertex 84.4223 116.023 3.32529
    endloop
  endfacet
  facet normal 1 0 0
    outer loop
      vertex 84.4223 117.367 3.675
      vertex 84.4223 115.878 3.675
      vertex 84.4223 115.962 3.50489
    endloop
  endfacet
  facet normal 1 0 0
    outer loop
      vertex 84.4223 115.177 4.28962
      vertex 84.4223 118.067 4.28962
      vertex 84.4223 118.247 4.35059
    endloop
  endfacet
  facet normal 1 0 0
    outer loop
      vertex 84.4223 117.472 3.8327
      vertex 84.4223 115.773 3.8327
      vertex 84.4223 115.878 3.675
    endloop
  endfacet
  facet normal 1 0 0
    outer loop
      vertex 84.4223 117.597 3.9753
      vertex 84.4223 115.648 3.9753
      vertex 84.4223 115.773 3.8327
    endloop
  endfacet
  facet normal 1 0 0
    outer loop
      vertex 84.4223 114.998 4.35059
      vertex 84.4223 118.247 4.35059
      vertex 84.4223 118.433 4.38759
    endloop
  endfacet
  facet normal 1 0 0
    outer loop
      vertex 84.4223 117.74 4.10036
      vertex 84.4223 115.505 4.10036
      vertex 84.4223 115.648 3.9753
    endloop
  endfacet
  facet normal 1 0 0
    outer loop
      vertex 84.4223 118.622 4.4
      vertex 84.4223 114.622 4.4
      vertex 84.4223 118.433 4.38759
    endloop
  endfacet
  facet normal 1 0 0
    outer loop
      vertex 84.4223 117.897 4.20574
      vertex 84.4223 115.347 4.20574
      vertex 84.4223 115.505 4.10036
    endloop
  endfacet
  facet normal 1 0 0
    outer loop
      vertex 84.4223 118.067 4.28962
      vertex 84.4223 115.177 4.28962
      vertex 84.4223 115.347 4.20574
    endloop
  endfacet
  facet normal 1 0 0
    outer loop
      vertex 84.4223 118.247 4.35059
      vertex 84.4223 114.998 4.35059
      vertex 84.4223 115.177 4.28962
    endloop
  endfacet
  facet normal 1 0 0
    outer loop
      vertex 84.4223 118.433 4.38759
      vertex 84.4223 114.812 4.38759
      vertex 84.4223 114.998 4.35059
    endloop
  endfacet
  facet normal 1 0 0
    outer loop
      vertex 84.4223 118.433 4.38759
      vertex 84.4223 114.622 4.4
      vertex 84.4223 114.812 4.38759
    endloop
  endfacet
  facet normal 1 0 0
    outer loop
      vertex 84.4223 146.622 7.5
      vertex 84.4223 106.022 4.4
      vertex 84.4223 114.622 4.4
    endloop
  endfacet
  facet normal 1 0 0
    outer loop
      vertex 84.4223 97.6223 4.4
      vertex 84.4223 106.022 4.4
      vertex 84.4223 146.622 7.5
    endloop
  endfacet
  facet normal 1 0 0
    outer loop
      vertex 84.4223 104.585 3.13926
      vertex 84.4223 99.0723 2.95
      vertex 84.4223 104.572 2.95
    endloop
  endfacet
  facet normal 1 0 0
    outer loop
      vertex 84.4223 99.0599 3.13926
      vertex 84.4223 104.585 3.13926
      vertex 84.4223 104.622 3.32529
    endloop
  endfacet
  facet normal 1 0 0
    outer loop
      vertex 84.4223 99.0229 3.32529
      vertex 84.4223 104.622 3.32529
      vertex 84.4223 104.683 3.50489
    endloop
  endfacet
  facet normal 1 0 0
    outer loop
      vertex 84.4223 98.9619 3.50489
      vertex 84.4223 104.683 3.50489
      vertex 84.4223 104.767 3.675
    endloop
  endfacet
  facet normal 1 0 0
    outer loop
      vertex 84.4223 98.878 3.675
      vertex 84.4223 104.767 3.675
      vertex 84.4223 104.872 3.8327
    endloop
  endfacet
  facet normal 1 0 0
    outer loop
      vertex 84.4223 98.7727 3.8327
      vertex 84.4223 104.872 3.8327
      vertex 84.4223 104.997 3.9753
    endloop
  endfacet
  facet normal 1 0 0
    outer loop
      vertex 84.4223 98.6476 3.9753
      vertex 84.4223 104.997 3.9753
      vertex 84.4223 105.14 4.10036
    endloop
  endfacet
  facet normal 1 0 0
    outer loop
      vertex 84.4223 98.505 4.10036
      vertex 84.4223 105.14 4.10036
      vertex 84.4223 105.297 4.20574
    endloop
  endfacet
  facet normal 1 0 0
    outer loop
      vertex 84.4223 98.3473 4.20574
      vertex 84.4223 105.297 4.20574
      vertex 84.4223 105.467 4.28962
    endloop
  endfacet
  facet normal 1 0 0
    outer loop
      vertex 84.4223 98.1772 4.28962
      vertex 84.4223 105.467 4.28962
      vertex 84.4223 105.647 4.35059
    endloop
  endfacet
  facet normal 1 0 0
    outer loop
      vertex 84.4223 104.585 3.13926
      vertex 84.4223 99.0599 3.13926
      vertex 84.4223 99.0723 2.95
    endloop
  endfacet
  facet normal 1 0 0
    outer loop
      vertex 84.4223 97.9976 4.35059
      vertex 84.4223 105.647 4.35059
      vertex 84.4223 105.833 4.38759
    endloop
  endfacet
  facet normal 1 0 0
    outer loop
      vertex 84.4223 104.622 3.32529
      vertex 84.4223 99.0229 3.32529
      vertex 84.4223 99.0599 3.13926
    endloop
  endfacet
  facet normal 1 0 0
    outer loop
      vertex 84.4223 104.683 3.50489
      vertex 84.4223 98.9619 3.50489
      vertex 84.4223 99.0229 3.32529
    endloop
  endfacet
  facet normal 1 0 0
    outer loop
      vertex 84.4223 104.767 3.675
      vertex 84.4223 98.878 3.675
      vertex 84.4223 98.9619 3.50489
    endloop
  endfacet
  facet normal 1 0 0
    outer loop
      vertex 84.4223 104.872 3.8327
      vertex 84.4223 98.7727 3.8327
      vertex 84.4223 98.878 3.675
    endloop
  endfacet
  facet normal 1 0 0
    outer loop
      vertex 84.4223 104.997 3.9753
      vertex 84.4223 98.6476 3.9753
      vertex 84.4223 98.7727 3.8327
    endloop
  endfacet
  facet normal 1 0 0
    outer loop
      vertex 84.4223 106.022 4.4
      vertex 84.4223 97.6223 4.4
      vertex 84.4223 105.833 4.38759
    endloop
  endfacet
  facet normal 1 0 0
    outer loop
      vertex 84.4223 105.14 4.10036
      vertex 84.4223 98.505 4.10036
      vertex 84.4223 98.6476 3.9753
    endloop
  endfacet
  facet normal 1 0 0
    outer loop
      vertex 84.4223 105.297 4.20574
      vertex 84.4223 98.3473 4.20574
      vertex 84.4223 98.505 4.10036
    endloop
  endfacet
  facet normal 1 0 0
    outer loop
      vertex 84.4223 105.467 4.28962
      vertex 84.4223 98.1772 4.28962
      vertex 84.4223 98.3473 4.20574
    endloop
  endfacet
  facet normal 1 0 0
    outer loop
      vertex 84.4223 105.647 4.35059
      vertex 84.4223 97.9976 4.35059
      vertex 84.4223 98.1772 4.28962
    endloop
  endfacet
  facet normal 1 0 0
    outer loop
      vertex 84.4223 105.833 4.38759
      vertex 84.4223 97.8116 4.38759
      vertex 84.4223 97.9976 4.35059
    endloop
  endfacet
  facet normal 1 0 0
    outer loop
      vertex 84.4223 105.833 4.38759
      vertex 84.4223 97.6223 4.4
      vertex 84.4223 97.8116 4.38759
    endloop
  endfacet
  facet normal 1 0 0
    outer loop
      vertex 84.4223 146.622 7.5
      vertex 84.4223 92.0223 4.4
      vertex 84.4223 97.6223 4.4
    endloop
  endfacet
  facet normal 1 0 0
    outer loop
      vertex 84.4223 90.5847 3.13926
      vertex 84.4223 8 7.5
      vertex 84.4223 90.5723 2.95
    endloop
  endfacet
  facet normal 1 0 0
    outer loop
      vertex 84.4223 90.6217 3.32529
      vertex 84.4223 8 7.5
      vertex 84.4223 90.5847 3.13926
    endloop
  endfacet
  facet normal 1 0 0
    outer loop
      vertex 84.4223 90.6827 3.50489
      vertex 84.4223 8 7.5
      vertex 84.4223 90.6217 3.32529
    endloop
  endfacet
  facet normal 1 0 0
    outer loop
      vertex 84.4223 90.7666 3.675
      vertex 84.4223 8 7.5
      vertex 84.4223 90.6827 3.50489
    endloop
  endfacet
  facet normal 1 0 0
    outer loop
      vertex 84.4223 90.8719 3.8327
      vertex 84.4223 8 7.5
      vertex 84.4223 90.7666 3.675
    endloop
  endfacet
  facet normal 1 0 0
    outer loop
      vertex 84.4223 90.997 3.9753
      vertex 84.4223 8 7.5
      vertex 84.4223 90.8719 3.8327
    endloop
  endfacet
  facet normal 1 0 0
    outer loop
      vertex 84.4223 91.1396 4.10036
      vertex 84.4223 8 7.5
      vertex 84.4223 90.997 3.9753
    endloop
  endfacet
  facet normal 1 0 0
    outer loop
      vertex 84.4223 91.2973 4.20574
      vertex 84.4223 8 7.5
      vertex 84.4223 91.1396 4.10036
    endloop
  endfacet
  facet normal 1 0 0
    outer loop
      vertex 84.4223 91.4674 4.28962
      vertex 84.4223 8 7.5
      vertex 84.4223 91.2973 4.20574
    endloop
  endfacet
  facet normal 1 0 0
    outer loop
      vertex 84.4223 91.647 4.35059
      vertex 84.4223 8 7.5
      vertex 84.4223 91.4674 4.28962
    endloop
  endfacet
  facet normal 1 0 0
    outer loop
      vertex 84.4223 91.833 4.38759
      vertex 84.4223 8 7.5
      vertex 84.4223 91.647 4.35059
    endloop
  endfacet
  facet normal 1 0 0
    outer loop
      vertex 84.4223 92.0223 4.4
      vertex 84.4223 8 7.5
      vertex 84.4223 91.833 4.38759
    endloop
  endfacet
  facet normal 1 -0 0
    outer loop
      vertex 84.4223 8 7.5
      vertex 84.4223 92.0223 4.4
      vertex 84.4223 146.622 7.5
    endloop
  endfacet
  facet normal 1 -0 0
    outer loop
      vertex 84.4223 128.66 2.76074
      vertex 84.4223 146.622 1.5
      vertex 84.4223 128.672 2.95
    endloop
  endfacet
  facet normal 1 -0 0
    outer loop
      vertex 84.4223 128.623 2.57471
      vertex 84.4223 146.622 1.5
      vertex 84.4223 128.66 2.76074
    endloop
  endfacet
  facet normal 1 -0 0
    outer loop
      vertex 84.4223 128.562 2.39511
      vertex 84.4223 146.622 1.5
      vertex 84.4223 128.623 2.57471
    endloop
  endfacet
  facet normal 1 -0 0
    outer loop
      vertex 84.4223 128.478 2.225
      vertex 84.4223 146.622 1.5
      vertex 84.4223 128.562 2.39511
    endloop
  endfacet
  facet normal 1 -0 0
    outer loop
      vertex 84.4223 128.373 2.0673
      vertex 84.4223 146.622 1.5
      vertex 84.4223 128.478 2.225
    endloop
  endfacet
  facet normal 1 -0 0
    outer loop
      vertex 84.4223 128.248 1.9247
      vertex 84.4223 146.622 1.5
      vertex 84.4223 128.373 2.0673
    endloop
  endfacet
  facet normal 1 -0 0
    outer loop
      vertex 84.4223 128.105 1.79964
      vertex 84.4223 146.622 1.5
      vertex 84.4223 128.248 1.9247
    endloop
  endfacet
  facet normal 1 -0 0
    outer loop
      vertex 84.4223 127.947 1.69426
      vertex 84.4223 146.622 1.5
      vertex 84.4223 128.105 1.79964
    endloop
  endfacet
  facet normal 1 -0 0
    outer loop
      vertex 84.4223 127.777 1.61038
      vertex 84.4223 146.622 1.5
      vertex 84.4223 127.947 1.69426
    endloop
  endfacet
  facet normal 1 -0 0
    outer loop
      vertex 84.4223 127.598 1.54941
      vertex 84.4223 146.622 1.5
      vertex 84.4223 127.777 1.61038
    endloop
  endfacet
  facet normal 1 -0 0
    outer loop
      vertex 84.4223 127.412 1.51241
      vertex 84.4223 146.622 1.5
      vertex 84.4223 127.598 1.54941
    endloop
  endfacet
  facet normal 1 0 0
    outer loop
      vertex 84.4223 146.622 1.5
      vertex 84.4223 127.412 1.51241
      vertex 84.4223 127.222 1.5
    endloop
  endfacet
  facet normal 1 -0 0
    outer loop
      vertex 84.4223 116.072 2.95
      vertex 84.4223 117.185 2.76074
      vertex 84.4223 117.172 2.95
    endloop
  endfacet
  facet normal 1 0 0
    outer loop
      vertex 84.4223 116.06 2.76074
      vertex 84.4223 117.185 2.76074
      vertex 84.4223 116.072 2.95
    endloop
  endfacet
  facet normal 1 0 0
    outer loop
      vertex 84.4223 117.185 2.76074
      vertex 84.4223 116.06 2.76074
      vertex 84.4223 117.222 2.57471
    endloop
  endfacet
  facet normal 1 0 0
    outer loop
      vertex 84.4223 116.023 2.57471
      vertex 84.4223 117.222 2.57471
      vertex 84.4223 116.06 2.76074
    endloop
  endfacet
  facet normal 1 0 0
    outer loop
      vertex 84.4223 117.222 2.57471
      vertex 84.4223 116.023 2.57471
      vertex 84.4223 117.283 2.39511
    endloop
  endfacet
  facet normal 1 0 0
    outer loop
      vertex 84.4223 115.962 2.39511
      vertex 84.4223 117.283 2.39511
      vertex 84.4223 116.023 2.57471
    endloop
  endfacet
  facet normal 1 0 0
    outer loop
      vertex 84.4223 117.283 2.39511
      vertex 84.4223 115.962 2.39511
      vertex 84.4223 117.367 2.225
    endloop
  endfacet
  facet normal 1 0 0
    outer loop
      vertex 84.4223 115.878 2.225
      vertex 84.4223 117.367 2.225
      vertex 84.4223 115.962 2.39511
    endloop
  endfacet
  facet normal 1 0 0
    outer loop
      vertex 84.4223 117.367 2.225
      vertex 84.4223 115.878 2.225
      vertex 84.4223 117.472 2.0673
    endloop
  endfacet
  facet normal 1 0 0
    outer loop
      vertex 84.4223 115.773 2.0673
      vertex 84.4223 117.472 2.0673
      vertex 84.4223 115.878 2.225
    endloop
  endfacet
  facet normal 1 0 0
    outer loop
      vertex 84.4223 117.472 2.0673
      vertex 84.4223 115.773 2.0673
      vertex 84.4223 117.597 1.9247
    endloop
  endfacet
  facet normal 1 0 0
    outer loop
      vertex 84.4223 115.648 1.9247
      vertex 84.4223 117.597 1.9247
      vertex 84.4223 115.773 2.0673
    endloop
  endfacet
  facet normal 1 0 0
    outer loop
      vertex 84.4223 117.597 1.9247
      vertex 84.4223 115.648 1.9247
      vertex 84.4223 117.74 1.79964
    endloop
  endfacet
  facet normal 1 0 0
    outer loop
      vertex 84.4223 115.505 1.79964
      vertex 84.4223 117.74 1.79964
      vertex 84.4223 115.648 1.9247
    endloop
  endfacet
  facet normal 1 0 0
    outer loop
      vertex 84.4223 117.74 1.79964
      vertex 84.4223 115.505 1.79964
      vertex 84.4223 117.897 1.69426
    endloop
  endfacet
  facet normal 1 0 0
    outer loop
      vertex 84.4223 115.347 1.69426
      vertex 84.4223 117.897 1.69426
      vertex 84.4223 115.505 1.79964
    endloop
  endfacet
  facet normal 1 0 0
    outer loop
      vertex 84.4223 117.897 1.69426
      vertex 84.4223 115.347 1.69426
      vertex 84.4223 118.067 1.61038
    endloop
  endfacet
  facet normal 1 0 0
    outer loop
      vertex 84.4223 115.177 1.61038
      vertex 84.4223 118.067 1.61038
      vertex 84.4223 115.347 1.69426
    endloop
  endfacet
  facet normal 1 0 0
    outer loop
      vertex 84.4223 118.067 1.61038
      vertex 84.4223 115.177 1.61038
      vertex 84.4223 118.247 1.54941
    endloop
  endfacet
  facet normal 1 0 0
    outer loop
      vertex 84.4223 114.998 1.54941
      vertex 84.4223 118.247 1.54941
      vertex 84.4223 115.177 1.61038
    endloop
  endfacet
  facet normal 1 0 0
    outer loop
      vertex 84.4223 118.247 1.54941
      vertex 84.4223 114.998 1.54941
      vertex 84.4223 118.433 1.51241
    endloop
  endfacet
  facet normal 1 0 0
    outer loop
      vertex 84.4223 114.812 1.51241
      vertex 84.4223 118.433 1.51241
      vertex 84.4223 114.998 1.54941
    endloop
  endfacet
  facet normal 1 0 0
    outer loop
      vertex 84.4223 118.433 1.51241
      vertex 84.4223 114.812 1.51241
      vertex 84.4223 118.622 1.5
    endloop
  endfacet
  facet normal 1 0 0
    outer loop
      vertex 84.4223 118.622 1.5
      vertex 84.4223 114.812 1.51241
      vertex 84.4223 114.622 1.5
    endloop
  endfacet
  facet normal 1 -0 0
    outer loop
      vertex 84.4223 99.0723 2.95
      vertex 84.4223 104.585 2.76074
      vertex 84.4223 104.572 2.95
    endloop
  endfacet
  facet normal 1 0 0
    outer loop
      vertex 84.4223 99.0599 2.76074
      vertex 84.4223 104.585 2.76074
      vertex 84.4223 99.0723 2.95
    endloop
  endfacet
  facet normal 1 0 0
    outer loop
      vertex 84.4223 104.585 2.76074
      vertex 84.4223 99.0599 2.76074
      vertex 84.4223 104.622 2.57471
    endloop
  endfacet
  facet normal 1 0 0
    outer loop
      vertex 84.4223 99.0229 2.57471
      vertex 84.4223 104.622 2.57471
      vertex 84.4223 99.0599 2.76074
    endloop
  endfacet
  facet normal 1 0 0
    outer loop
      vertex 84.4223 104.622 2.57471
      vertex 84.4223 99.0229 2.57471
      vertex 84.4223 104.683 2.39511
    endloop
  endfacet
  facet normal 1 0 0
    outer loop
      vertex 84.4223 98.9619 2.39511
      vertex 84.4223 104.683 2.39511
      vertex 84.4223 99.0229 2.57471
    endloop
  endfacet
  facet normal 1 0 0
    outer loop
      vertex 84.4223 104.683 2.39511
      vertex 84.4223 98.9619 2.39511
      vertex 84.4223 104.767 2.225
    endloop
  endfacet
  facet normal 1 0 0
    outer loop
      vertex 84.4223 98.878 2.225
      vertex 84.4223 104.767 2.225
      vertex 84.4223 98.9619 2.39511
    endloop
  endfacet
  facet normal 1 0 0
    outer loop
      vertex 84.4223 104.767 2.225
      vertex 84.4223 98.878 2.225
      vertex 84.4223 104.872 2.0673
    endloop
  endfacet
  facet normal 1 0 0
    outer loop
      vertex 84.4223 98.7727 2.0673
      vertex 84.4223 104.872 2.0673
      vertex 84.4223 98.878 2.225
    endloop
  endfacet
  facet normal 1 0 0
    outer loop
      vertex 84.4223 104.872 2.0673
      vertex 84.4223 98.7727 2.0673
      vertex 84.4223 104.997 1.9247
    endloop
  endfacet
  facet normal 1 0 0
    outer loop
      vertex 84.4223 98.6476 1.9247
      vertex 84.4223 104.997 1.9247
      vertex 84.4223 98.7727 2.0673
    endloop
  endfacet
  facet normal 1 0 0
    outer loop
      vertex 84.4223 104.997 1.9247
      vertex 84.4223 98.6476 1.9247
      vertex 84.4223 105.14 1.79964
    endloop
  endfacet
  facet normal 1 0 0
    outer loop
      vertex 84.4223 98.505 1.79964
      vertex 84.4223 105.14 1.79964
      vertex 84.4223 98.6476 1.9247
    endloop
  endfacet
  facet normal 1 0 0
    outer loop
      vertex 84.4223 105.14 1.79964
      vertex 84.4223 98.505 1.79964
      vertex 84.4223 105.297 1.69426
    endloop
  endfacet
  facet normal 1 0 0
    outer loop
      vertex 84.4223 98.3473 1.69426
      vertex 84.4223 105.297 1.69426
      vertex 84.4223 98.505 1.79964
    endloop
  endfacet
  facet normal 1 0 0
    outer loop
      vertex 84.4223 105.297 1.69426
      vertex 84.4223 98.3473 1.69426
      vertex 84.4223 105.467 1.61038
    endloop
  endfacet
  facet normal 1 0 0
    outer loop
      vertex 84.4223 98.1772 1.61038
      vertex 84.4223 105.467 1.61038
      vertex 84.4223 98.3473 1.69426
    endloop
  endfacet
  facet normal 1 0 0
    outer loop
      vertex 84.4223 105.467 1.61038
      vertex 84.4223 98.1772 1.61038
      vertex 84.4223 105.647 1.54941
    endloop
  endfacet
  facet normal 1 0 0
    outer loop
      vertex 84.4223 97.9976 1.54941
      vertex 84.4223 105.647 1.54941
      vertex 84.4223 98.1772 1.61038
    endloop
  endfacet
  facet normal 1 0 0
    outer loop
      vertex 84.4223 105.647 1.54941
      vertex 84.4223 97.9976 1.54941
      vertex 84.4223 105.833 1.51241
    endloop
  endfacet
  facet normal 1 0 0
    outer loop
      vertex 84.4223 97.8116 1.51241
      vertex 84.4223 105.833 1.51241
      vertex 84.4223 97.9976 1.54941
    endloop
  endfacet
  facet normal 1 0 0
    outer loop
      vertex 84.4223 105.833 1.51241
      vertex 84.4223 97.8116 1.51241
      vertex 84.4223 106.022 1.5
    endloop
  endfacet
  facet normal 1 0 0
    outer loop
      vertex 84.4223 106.022 1.5
      vertex 84.4223 97.8116 1.51241
      vertex 84.4223 97.6223 1.5
    endloop
  endfacet
  facet normal 1 0 0
    outer loop
      vertex 84.4223 8 1.5
      vertex 84.4223 90.5723 2.95
      vertex 84.4223 8 7.5
    endloop
  endfacet
  facet normal 1 0 0
    outer loop
      vertex 84.4223 90.5723 2.95
      vertex 84.4223 8 1.5
      vertex 84.4223 90.5847 2.76074
    endloop
  endfacet
  facet normal 1 0 0
    outer loop
      vertex 84.4223 90.5847 2.76074
      vertex 84.4223 8 1.5
      vertex 84.4223 90.6217 2.57471
    endloop
  endfacet
  facet normal 1 0 0
    outer loop
      vertex 84.4223 90.6217 2.57471
      vertex 84.4223 8 1.5
      vertex 84.4223 90.6827 2.39511
    endloop
  endfacet
  facet normal 1 0 0
    outer loop
      vertex 84.4223 90.6827 2.39511
      vertex 84.4223 8 1.5
      vertex 84.4223 90.7666 2.225
    endloop
  endfacet
  facet normal 1 0 0
    outer loop
      vertex 84.4223 90.7666 2.225
      vertex 84.4223 8 1.5
      vertex 84.4223 90.8719 2.0673
    endloop
  endfacet
  facet normal 1 0 0
    outer loop
      vertex 84.4223 90.8719 2.0673
      vertex 84.4223 8 1.5
      vertex 84.4223 90.997 1.9247
    endloop
  endfacet
  facet normal 1 0 0
    outer loop
      vertex 84.4223 90.997 1.9247
      vertex 84.4223 8 1.5
      vertex 84.4223 91.1396 1.79964
    endloop
  endfacet
  facet normal 1 0 0
    outer loop
      vertex 84.4223 91.1396 1.79964
      vertex 84.4223 8 1.5
      vertex 84.4223 91.2973 1.69426
    endloop
  endfacet
  facet normal 1 0 0
    outer loop
      vertex 84.4223 91.2973 1.69426
      vertex 84.4223 8 1.5
      vertex 84.4223 91.4674 1.61038
    endloop
  endfacet
  facet normal 1 0 0
    outer loop
      vertex 84.4223 91.4674 1.61038
      vertex 84.4223 8 1.5
      vertex 84.4223 91.647 1.54941
    endloop
  endfacet
  facet normal 1 0 0
    outer loop
      vertex 84.4223 91.833 1.51241
      vertex 84.4223 8 1.5
      vertex 84.4223 92.0223 1.5
    endloop
  endfacet
  facet normal 1 0 0
    outer loop
      vertex 84.4223 91.647 1.54941
      vertex 84.4223 8 1.5
      vertex 84.4223 91.833 1.51241
    endloop
  endfacet
  facet normal 0.980776 -0.195135 0
    outer loop
      vertex 84.1497 5.92945 7.5
      vertex 84.3539 6.95579 1.5
      vertex 84.3539 6.95579 7.5
    endloop
  endfacet
  facet normal 0.980776 -0.195135 0
    outer loop
      vertex 84.3539 6.95579 1.5
      vertex 84.1497 5.92945 7.5
      vertex 84.1497 5.92945 1.5
    endloop
  endfacet
  facet normal 0.829682 -0.554399 -0.0653385
    outer loop
      vertex 82.7691 3.12991 1.5
      vertex 82.7589 3.13772 1.30421
      vertex 83.3505 4 1.5
    endloop
  endfacet
  facet normal 0.71205 -0.624423 -0.321061
    outer loop
      vertex 82.7286 3.16102 1.11177
      vertex 81.9984 2.42388 0.925975
      vertex 82.6785 3.19942 0.925975
    endloop
  endfacet
  facet normal 0.128777 -0.64744 -0.751158
    outer loop
      vertex 77.4092 0.504023 0.43934
      vertex 77.3899 0.650279 0.30997
      vertex 78.341 0.839455 0.30997
    endloop
  endfacet
  facet normal -0.162317 -0.81603 -0.55475
    outer loop
      vertex 6.98202 0.267684 0.75
      vertex 6.00967 0.572001 0.586858
      vertex 6.99625 0.37576 0.586858
    endloop
  endfacet
  facet normal 0 -0.442281 -0.896876
    outer loop
      vertex 8 0.75 0.200961
      vertex 76.4223 0.925976 0.114181
      vertex 76.4223 0.75 0.200961
    endloop
  endfacet
  facet normal -0 -0.442281 -0.896876
    outer loop
      vertex 76.4223 0.925976 0.114181
      vertex 8 0.75 0.200961
      vertex 8 0.925976 0.114181
    endloop
  endfacet
  facet normal 0.00428693 -0.0654024 -0.99785
    outer loop
      vertex 77.2963 1.3615 0.0128326
      vertex 76.4223 1.5 0
      vertex 77.2707 1.55561 0
    endloop
  endfacet
  facet normal -0.0619458 -0.945112 -0.32082
    outer loop
      vertex 8 0.0511122 1.11177
      vertex 6.96246 0.119116 1.11177
      vertex 6.97069 0.181645 0.925975
    endloop
  endfacet
  facet normal -0.0641514 -0.978765 -0.194688
    outer loop
      vertex 8 0.0128336 1.30421
      vertex 6.95747 0.0811644 1.30421
      vertex 8 0.0511122 1.11177
    endloop
  endfacet
  facet normal 0.146822 -0.738072 -0.658554
    outer loop
      vertex 77.4261 0.37576 0.586858
      vertex 77.4092 0.504023 0.43934
      vertex 78.4126 0.572001 0.586858
    endloop
  endfacet
  facet normal 0.659332 -0.751852 0
    outer loop
      vertex 81.2924 1.65317 1.5
      vertex 82.0792 2.34315 7.5
      vertex 81.2924 1.65317 7.5
    endloop
  endfacet
  facet normal 0.659332 -0.751852 0
    outer loop
      vertex 82.0792 2.34315 7.5
      vertex 81.2924 1.65317 1.5
      vertex 82.0792 2.34315 1.5
    endloop
  endfacet
  facet normal 0.565862 -0.496218 -0.658459
    outer loop
      vertex 82.5232 3.31861 0.586858
      vertex 81.86 2.56233 0.586858
      vertex 82.4206 3.39736 0.43934
    endloop
  endfacet
  facet normal 0.555562 -0.831475 0
    outer loop
      vertex 80.4223 1.0718 1.5
      vertex 81.2924 1.65317 7.5
      vertex 80.4223 1.0718 7.5
    endloop
  endfacet
  facet normal 0.555562 -0.831475 0
    outer loop
      vertex 81.2924 1.65317 7.5
      vertex 80.4223 1.0718 1.5
      vertex 81.2924 1.65317 1.5
    endloop
  endfacet
  facet normal 0.750267 -0.6579 -0.0653298
    outer loop
      vertex 82.7691 3.12991 1.5
      vertex 82.0792 2.34315 1.5
      vertex 82.7589 3.13772 1.30421
    endloop
  endfacet
  facet normal 0.624498 -0.712078 -0.320854
    outer loop
      vertex 81.2613 1.69372 1.11177
      vertex 81.2229 1.74376 0.925975
      vertex 81.9984 2.42388 0.925975
    endloop
  endfacet
  facet normal 0.59162 -0.674614 -0.441453
    outer loop
      vertex 81.2229 1.74376 0.925975
      vertex 81.1701 1.81261 0.75
      vertex 81.9371 2.48525 0.75
    endloop
  endfacet
  facet normal 0.142448 -0.28885 -0.946718
    outer loop
      vertex 79.9593 1.87372 0.114181
      vertex 79.1294 1.46445 0.114181
      vertex 79.8664 2.03462 0.0511112
    endloop
  endfacet
  facet normal 0.498473 -0.746078 -0.441465
    outer loop
      vertex 81.2229 1.74376 0.925975
      vertex 80.3218 1.24584 0.75
      vertex 81.1701 1.81261 0.75
    endloop
  endfacet
  facet normal 0.146963 -0.128885 -0.980709
    outer loop
      vertex 81.8871 3.80671 0.0511112
      vertex 81.1569 3.26536 0.0128326
      vertex 81.7344 3.92386 0.0128326
    endloop
  endfacet
  facet normal 0.242146 -0.212352 -0.946717
    outer loop
      vertex 82.0345 3.69361 0.114181
      vertex 81.4244 2.99791 0.114181
      vertex 81.8871 3.80671 0.0511112
    endloop
  endfacet
  facet normal 0.0492845 -0.0432215 -0.997849
    outer loop
      vertex 81.1569 3.26536 0.0128326
      vertex 81.0185 3.40381 0
      vertex 81.5791 4.04305 0
    endloop
  endfacet
  facet normal 0.0364237 -0.0545093 -0.997849
    outer loop
      vertex 80.4984 2.68787 0.0128326
      vertex 79.7702 2.20128 0.0128326
      vertex 80.3793 2.8432 0
    endloop
  endfacet
  facet normal 0.498874 -0.245991 -0.831031
    outer loop
      vertex 83.2712 5.16311 0.30997
      vertex 82.701 4.375 0.200961
      vertex 83.1204 5.22555 0.200961
    endloop
  endfacet
  facet normal 0.625594 -0.418045 -0.658688
    outer loop
      vertex 83.0821 4.15499 0.586858
      vertex 82.5232 3.31861 0.586858
      vertex 82.97 4.21967 0.43934
    endloop
  endfacet
  facet normal 0.162516 -0.108593 -0.980712
    outer loop
      vertex 82.3877 4.55589 0.0511112
      vertex 81.8871 3.80671 0.0511112
      vertex 82.221 4.65211 0.0128326
    endloop
  endfacet
  facet normal 0.305047 -0.10354 -0.946692
    outer loop
      vertex 82.9578 5.29289 0.114181
      vertex 82.7862 5.36399 0.0511112
      vertex 83.0758 6.2172 0.0511112
    endloop
  endfacet
  facet normal 0.830256 -0.0544267 -0.554719
    outer loop
      vertex 84.2213 8 0.75
      vertex 84.0465 6.99625 0.586858
      vertex 84.1123 8 0.586858
    endloop
  endfacet
  facet normal 0.738237 -0.146812 -0.658371
    outer loop
      vertex 84.0465 6.99625 0.586858
      vertex 83.8503 6.00967 0.586858
      vertex 83.9183 7.01314 0.43934
    endloop
  endfacet
  facet normal 0.0653984 -0.00428766 -0.99785
    outer loop
      vertex 83.0608 7.12602 0.0128326
      vertex 82.9223 8 0
      vertex 83.1181 8 0.0128326
    endloop
  endfacet
  facet normal 0.315878 -0.0628389 -0.946717
    outer loop
      vertex 83.4358 7.07665 0.114181
      vertex 83.0758 6.2172 0.0511112
      vertex 83.2516 7.10091 0.0511112
    endloop
  endfacet
  facet normal 0.545899 -0.108578 -0.830786
    outer loop
      vertex 83.5828 6.08134 0.30997
      vertex 83.4253 6.12356 0.200961
      vertex 83.6103 7.05369 0.200961
    endloop
  endfacet
  facet normal 0.978661 -0.194714 -0.0656518
    outer loop
      vertex 84.3539 6.95579 1.5
      vertex 84.1497 5.92945 1.5
      vertex 84.3411 6.95747 1.30421
    endloop
  endfacet
  facet normal 0.962058 -0.191415 -0.194435
    outer loop
      vertex 84.3411 6.95747 1.30421
      vertex 84.1003 5.94268 1.11177
      vertex 84.3032 6.96246 1.11177
    endloop
  endfacet
  facet normal 0.321365 0.0210417 -0.946722
    outer loop
      vertex 83.4963 146.622 0.114181
      vertex 83.3105 146.622 0.0511112
      vertex 83.4358 147.546 0.114181
    endloop
  endfacet
  facet normal 0.185059 0.0627639 -0.980721
    outer loop
      vertex 82.8899 148.355 0.0128326
      vertex 82.6084 149.185 0.0128326
      vertex 83.0758 148.405 0.0511112
    endloop
  endfacet
  facet normal 0.049329 0.0432284 -0.997847
    outer loop
      vertex 81.5791 150.579 0
      vertex 81.1569 151.357 0.0128326
      vertex 81.7344 150.698 0.0128326
    endloop
  endfacet
  facet normal 0.0545263 0.0364457 -0.997847
    outer loop
      vertex 82.221 149.97 0.0128326
      vertex 81.5791 150.579 0
      vertex 81.7344 150.698 0.0128326
    endloop
  endfacet
  facet normal 0.128652 0.146824 -0.980761
    outer loop
      vertex 81.1569 151.357 0.0128326
      vertex 80.4984 151.934 0.0128326
      vertex 80.6156 152.087 0.0511112
    endloop
  endfacet
  facet normal 0.128916 0.147016 -0.980697
    outer loop
      vertex 81.1569 151.357 0.0128326
      vertex 80.6156 152.087 0.0511112
      vertex 81.293 151.493 0.0511112
    endloop
  endfacet
  facet normal 0.146597 0.128467 -0.980819
    outer loop
      vertex 81.7344 150.698 0.0128326
      vertex 81.1569 151.357 0.0128326
      vertex 81.8871 150.816 0.0511112
    endloop
  endfacet
  facet normal 0.146958 0.128962 -0.9807
    outer loop
      vertex 81.8871 150.816 0.0511112
      vertex 81.1569 151.357 0.0128326
      vertex 81.293 151.493 0.0511112
    endloop
  endfacet
  facet normal 0.0587754 0.0290059 -0.99785
    outer loop
      vertex 82.6084 149.185 0.0128326
      vertex 82.0515 149.872 0
      vertex 82.221 149.97 0.0128326
    endloop
  endfacet
  facet normal 0.175573 0.0865911 -0.980651
    outer loop
      vertex 82.6084 149.185 0.0128326
      vertex 82.3877 150.066 0.0511112
      vertex 82.7862 149.258 0.0511112
    endloop
  endfacet
  facet normal 0.366185 0.548733 -0.751532
    outer loop
      vertex 80.9351 152.504 0.30997
      vertex 80.1289 153.042 0.30997
      vertex 80.2026 153.17 0.43934
    endloop
  endfacet
  facet normal 0.212075 0.241474 -0.94695
    outer loop
      vertex 81.4244 151.624 0.114181
      vertex 80.6156 152.087 0.0511112
      vertex 80.7287 152.235 0.114181
    endloop
  endfacet
  facet normal 0.675289 0.333 -0.6581
    outer loop
      vertex 83.4074 149.516 0.43934
      vertex 82.97 150.403 0.43934
      vertex 83.527 149.565 0.586858
    endloop
  endfacet
  facet normal 0.896844 0.304599 -0.320764
    outer loop
      vertex 84.1003 148.68 1.11177
      vertex 83.7078 149.64 0.925975
      vertex 83.7661 149.664 1.11177
    endloop
  endfacet
  facet normal 0.829828 0.554333 -0.0640334
    outer loop
      vertex 83.3394 150.616 1.30421
      vertex 82.7589 151.485 1.30421
      vertex 83.3505 150.622 1.5
    endloop
  endfacet
  facet normal 0.894932 0.441551 -0.0642681
    outer loop
      vertex 83.8133 149.684 1.5
      vertex 83.3394 150.616 1.30421
      vertex 83.3505 150.622 1.5
    endloop
  endfacet
  facet normal 0.751069 0.0492234 -0.658386
    outer loop
      vertex 84.1123 146.622 0.586858
      vertex 83.9183 147.609 0.43934
      vertex 84.0465 147.626 0.586858
    endloop
  endfacet
  facet normal 0.555364 0.0363597 -0.830812
    outer loop
      vertex 83.6723 146.622 0.200961
      vertex 83.6103 147.569 0.200961
      vertex 83.772 147.59 0.30997
    endloop
  endfacet
  facet normal 0.625526 0.548742 -0.554616
    outer loop
      vertex 82.5232 151.304 0.586858
      vertex 81.86 152.06 0.586858
      vertex 81.9371 152.137 0.75
    endloop
  endfacet
  facet normal 0.332055 0.673988 -0.659909
    outer loop
      vertex 80.2026 153.17 0.43934
      vertex 79.3156 153.607 0.43934
      vertex 79.3652 153.727 0.586858
    endloop
  endfacet
  facet normal 0.245642 0.498611 -0.831292
    outer loop
      vertex 80.0473 152.901 0.200961
      vertex 79.1968 153.32 0.200961
      vertex 79.2592 153.471 0.30997
    endloop
  endfacet
  facet normal 0.496821 0.566735 -0.657252
    outer loop
      vertex 81.86 152.06 0.586858
      vertex 81.0249 152.621 0.43934
      vertex 81.1037 152.723 0.586858
    endloop
  endfacet
  facet normal 0.787082 0.526179 -0.321927
    outer loop
      vertex 83.2516 150.565 0.925975
      vertex 82.7286 151.461 1.11177
      vertex 83.3062 150.597 1.11177
    endloop
  endfacet
  facet normal 0.711873 0.624118 -0.322047
    outer loop
      vertex 82.7286 151.461 1.11177
      vertex 81.9984 152.198 0.925975
      vertex 82.043 152.243 1.11177
    endloop
  endfacet
  facet normal 0.461199 0.691228 -0.556328
    outer loop
      vertex 81.1037 152.723 0.586858
      vertex 80.3218 153.376 0.75
      vertex 81.1701 152.81 0.75
    endloop
  endfacet
  facet normal 0.191483 0.961945 -0.194925
    outer loop
      vertex 78.4796 154.3 1.11177
      vertex 77.4598 154.503 1.11177
      vertex 77.4648 154.541 1.30421
    endloop
  endfacet
  facet normal 0.0538418 0.830469 -0.554457
    outer loop
      vertex 77.4261 154.247 0.586858
      vertex 76.4223 154.421 0.75
      vertex 77.4403 154.355 0.75
    endloop
  endfacet
  facet normal 0.212764 0.626154 -0.750108
    outer loop
      vertex 79.2592 153.471 0.30997
      vertex 78.341 153.783 0.30997
      vertex 78.3792 153.925 0.43934
    endloop
  endfacet
  facet normal 0.241263 0.711539 -0.659928
    outer loop
      vertex 79.3156 153.607 0.43934
      vertex 78.4126 154.05 0.586858
      vertex 79.3652 153.727 0.586858
    endloop
  endfacet
  facet normal -0.185122 -0.0628419 -0.980704
    outer loop
      vertex 1.8139 5.43763 0.0128326
      vertex 1.34648 6.2172 0.0511112
      vertex 1.53236 6.267 0.0128326
    endloop
  endfacet
  facet normal -0.304959 -0.103521 -0.946722
    outer loop
      vertex 1.46445 5.29289 0.114181
      vertex 1.34648 6.2172 0.0511112
      vertex 1.63611 5.36399 0.0511112
    endloop
  endfacet
  facet normal -0.880006 -0.175045 -0.441529
    outer loop
      vertex 0.382884 5.959 0.925975
      vertex 0.181645 6.97069 0.925975
      vertex 0.267684 6.98202 0.75
    endloop
  endfacet
  facet normal -0.92894 -0.184779 -0.320824
    outer loop
      vertex 0.321963 5.94268 1.11177
      vertex 0.181645 6.97069 0.925975
      vertex 0.382884 5.959 0.925975
    endloop
  endfacet
  facet normal -0.89496 -0.441348 -0.0652621
    outer loop
      vertex 1.08291 4.00642 1.30421
      vertex 0.608964 4.93853 1.5
      vertex 0.62082 4.94344 1.30421
    endloop
  endfacet
  facet normal -0.928811 -0.315288 -0.194691
    outer loop
      vertex 0.62082 4.94344 1.30421
      vertex 0.321963 5.94268 1.11177
      vertex 0.656185 4.95809 1.11177
    endloop
  endfacet
  facet normal -0.87971 -0.433827 -0.194688
    outer loop
      vertex 1.08291 4.00642 1.30421
      vertex 0.656185 4.95809 1.11177
      vertex 1.11606 4.02556 1.11177
    endloop
  endfacet
  facet normal -0.750233 -0.657946 -0.0652532
    outer loop
      vertex 2.34315 2.34315 1.5
      vertex 1.65317 3.12991 1.5
      vertex 1.66335 3.13772 1.30421
    endloop
  endfacet
  facet normal -0.0620626 -0.0210679 -0.99785
    outer loop
      vertex 1.8139 5.43763 0.0128326
      vertex 1.53236 6.267 0.0128326
      vertex 1.72148 6.31768 0
    endloop
  endfacet
  facet normal -0.0642821 -0.0127858 -0.99785
    outer loop
      vertex 1.53236 6.267 0.0128326
      vertex 1.3615 7.12602 0.0128326
      vertex 1.72148 6.31768 0
    endloop
  endfacet
  facet normal -0.625111 -0.212195 -0.751139
    outer loop
      vertex 1.01486 5.10666 0.43934
      vertex 0.696963 6.04316 0.43934
      vertex 1.15115 5.16311 0.30997
    endloop
  endfacet
  facet normal -0.191732 -0.0381376 -0.980706
    outer loop
      vertex 1.34648 6.2172 0.0511112
      vertex 1.1707 7.10091 0.0511112
      vertex 1.3615 7.12602 0.0128326
    endloop
  endfacet
  facet normal -0.321374 -0.0210638 -0.946718
    outer loop
      vertex 0.986495 7.07665 0.114181
      vertex 0.925976 8 0.114181
      vertex 1.11177 8 0.0511112
    endloop
  endfacet
  facet normal -0.442281 0 -0.896876
    outer loop
      vertex 0.75 8 0.200961
      vertex 0.925976 146.622 0.114181
      vertex 0.925976 8 0.114181
    endloop
  endfacet
  facet normal -0.442281 0 -0.896876
    outer loop
      vertex 0.925976 146.622 0.114181
      vertex 0.75 8 0.200961
      vertex 0.75 146.622 0.200961
    endloop
  endfacet
  facet normal -0.418088 -0.625713 -0.658548
    outer loop
      vertex 4.21967 1.45228 0.43934
      vertex 3.31861 1.89909 0.586858
      vertex 3.39736 2.00173 0.43934
    endloop
  endfacet
  facet normal -0.49632 -0.435261 -0.751142
    outer loop
      vertex 2.75812 2.75812 0.30997
      vertex 2.00173 3.39736 0.43934
      vertex 2.11876 3.48717 0.30997
    endloop
  endfacet
  facet normal -0.0492747 -0.0432136 -0.99785
    outer loop
      vertex 3.26536 3.26536 0.0128326
      vertex 2.8432 4.04305 0
      vertex 3.40381 3.40381 0
    endloop
  endfacet
  facet normal -0.142448 -0.28885 -0.946718
    outer loop
      vertex 5.29289 1.46445 0.114181
      vertex 4.46299 1.87372 0.114181
      vertex 4.55589 2.03462 0.0511112
    endloop
  endfacet
  facet normal -0.625716 -0.418089 -0.658545
    outer loop
      vertex 1.89909 3.31861 0.586858
      vertex 1.34024 4.15499 0.586858
      vertex 1.45228 4.21967 0.43934
    endloop
  endfacet
  facet normal -0.368378 -0.246141 -0.8965
    outer loop
      vertex 2.24819 3.58648 0.200961
      vertex 1.72132 4.375 0.200961
      vertex 2.3878 3.69361 0.114181
    endloop
  endfacet
  facet normal -0.397353 0.195933 -0.896505
    outer loop
      vertex 1.87372 150.159 0.114181
      vertex 1.46445 149.329 0.114181
      vertex 1.72132 150.247 0.200961
    endloop
  endfacet
  facet normal -0.419128 0.142276 -0.89671
    outer loop
      vertex 1.46445 149.329 0.114181
      vertex 0.997038 148.499 0.200961
      vertex 1.30187 149.397 0.200961
    endloop
  endfacet
  facet normal -0.321374 0.0210489 -0.946718
    outer loop
      vertex 1.11177 146.622 0.0511112
      vertex 0.925976 146.622 0.114181
      vertex 0.986495 147.546 0.114181
    endloop
  endfacet
  facet normal -0.128927 0.147033 -0.980693
    outer loop
      vertex 3.26536 151.357 0.0128326
      vertex 3.12929 151.493 0.0511112
      vertex 3.80671 152.087 0.0511112
    endloop
  endfacet
  facet normal -0.267776 0.178777 -0.94675
    outer loop
      vertex 2.03462 150.066 0.0511112
      vertex 1.87372 150.159 0.114181
      vertex 2.3878 150.929 0.114181
    endloop
  endfacet
  facet normal -0.062057 0.0210685 -0.99785
    outer loop
      vertex 1.99478 149.11 0
      vertex 1.72148 148.305 0
      vertex 1.8139 149.185 0.0128326
    endloop
  endfacet
  facet normal -0.292039 0.592759 -0.750567
    outer loop
      vertex 5.16311 153.471 0.30997
      vertex 4.21967 153.17 0.43934
      vertex 5.10666 153.607 0.43934
    endloop
  endfacet
  facet normal -0.246754 0.369204 -0.895991
    outer loop
      vertex 3.69361 152.235 0.114181
      vertex 3.58648 152.374 0.200961
      vertex 4.375 152.901 0.200961
    endloop
  endfacet
  facet normal -0.309133 0.463274 -0.830551
    outer loop
      vertex 4.375 152.901 0.200961
      vertex 3.48717 152.504 0.30997
      vertex 4.29343 153.042 0.30997
    endloop
  endfacet
  facet normal -0.418604 0.626998 -0.656997
    outer loop
      vertex 3.39736 152.621 0.43934
      vertex 3.31861 152.723 0.586858
      vertex 4.21967 153.17 0.43934
    endloop
  endfacet
  facet normal -0.0429332 0.659407 -0.750559
    outer loop
      vertex 7.03239 153.972 0.30997
      vertex 7.01314 154.118 0.43934
      vertex 8 154.035 0.30997
    endloop
  endfacet
  facet normal -0.129064 0.648649 -0.750064
    outer loop
      vertex 6.08134 153.783 0.30997
      vertex 6.04316 153.925 0.43934
      vertex 7.01314 154.118 0.43934
    endloop
  endfacet
  facet normal 0.0629725 0.316186 -0.946605
    outer loop
      vertex 78.2051 153.276 0.0511112
      vertex 77.3214 153.452 0.0511112
      vertex 77.3456 153.636 0.114181
    endloop
  endfacet
  facet normal -0.0493767 0.0432516 -0.997843
    outer loop
      vertex 3.40381 151.219 0
      vertex 2.8432 150.579 0
      vertex 3.26536 151.357 0.0128326
    endloop
  endfacet
  facet normal -0.212624 0.242484 -0.946569
    outer loop
      vertex 3.12929 151.493 0.0511112
      vertex 2.99791 151.624 0.114181
      vertex 3.80671 152.087 0.0511112
    endloop
  endfacet
  facet normal 0.00425565 0.0654434 -0.997847
    outer loop
      vertex 76.5018 153.117 0
      vertex 77.2963 153.261 0.0128326
      vertex 77.2707 153.067 0
    endloop
  endfacet
  facet normal 0.00460467 0.0635287 -0.997969
    outer loop
      vertex 77.2963 153.261 0.0128326
      vertex 76.5018 153.117 0
      vertex 76.4807 153.132 0.000857513
    endloop
  endfacet
  facet normal -0.945138 0.06192 -0.320751
    outer loop
      vertex 0.181645 147.652 0.925975
      vertex 0.0511122 146.622 1.11177
      vertex 0.119116 147.66 1.11177
    endloop
  endfacet
  facet normal -0.978766 0.0641232 -0.194691
    outer loop
      vertex 0.119116 147.66 1.11177
      vertex 0.0511122 146.622 1.11177
      vertex 0.0811644 147.665 1.30421
    endloop
  endfacet
  facet normal -0.368574 0.246122 -0.896425
    outer loop
      vertex 2.3878 150.929 0.114181
      vertex 1.72132 150.247 0.200961
      vertex 2.24819 151.036 0.200961
    endloop
  endfacet
  facet normal -0.463062 0.309219 -0.830636
    outer loop
      vertex 2.24819 151.036 0.200961
      vertex 1.72132 150.247 0.200961
      vertex 2.11876 151.135 0.30997
    endloop
  endfacet
  facet normal -0.367476 0.418607 -0.830499
    outer loop
      vertex 2.87348 151.749 0.200961
      vertex 2.75812 151.864 0.30997
      vertex 3.48717 152.504 0.30997
    endloop
  endfacet
  facet normal -0.366098 0.417645 -0.831592
    outer loop
      vertex 3.58648 152.374 0.200961
      vertex 2.87348 151.749 0.200961
      vertex 3.48717 152.504 0.30997
    endloop
  endfacet
  facet normal -0.418727 0.367239 -0.830544
    outer loop
      vertex 2.87348 151.749 0.200961
      vertex 2.11876 151.135 0.30997
      vertex 2.75812 151.864 0.30997
    endloop
  endfacet
  facet normal -0.212075 0.241474 -0.94695
    outer loop
      vertex 3.80671 152.087 0.0511112
      vertex 2.99791 151.624 0.114181
      vertex 3.69361 152.235 0.114181
    endloop
  endfacet
  facet normal -0.591878 0.291776 -0.751363
    outer loop
      vertex 1.58003 150.329 0.30997
      vertex 1.15115 149.459 0.30997
      vertex 1.45228 150.403 0.43934
    endloop
  endfacet
  facet normal -0.548563 0.36666 -0.751425
    outer loop
      vertex 1.58003 150.329 0.30997
      vertex 1.45228 150.403 0.43934
      vertex 2.11876 151.135 0.30997
    endloop
  endfacet
  facet normal -0.625968 0.548958 -0.553904
    outer loop
      vertex 1.89909 151.304 0.586858
      vertex 1.81261 151.37 0.75
      vertex 2.48525 152.137 0.75
    endloop
  endfacet
  facet normal -0.548572 0.625753 -0.554529
    outer loop
      vertex 2.56233 152.06 0.586858
      vertex 2.48525 152.137 0.75
      vertex 3.31861 152.723 0.586858
    endloop
  endfacet
  facet normal -0.788016 0.267502 -0.554503
    outer loop
      vertex 0.572001 148.613 0.586858
      vertex 0.466708 148.641 0.75
      vertex 0.794629 149.607 0.75
    endloop
  endfacet
  facet normal -0.804892 0.396914 -0.441144
    outer loop
      vertex 0.794629 149.607 0.75
      vertex 0.714454 149.64 0.925975
      vertex 1.24584 150.522 0.75
    endloop
  endfacet
  facet normal -0.544816 0.816002 -0.193173
    outer loop
      vertex 3.16102 152.929 1.11177
      vertex 3.13772 152.959 1.30421
      vertex 4.00642 153.539 1.30421
    endloop
  endfacet
  facet normal -0.288471 0.851267 -0.438325
    outer loop
      vertex 5.98146 154.156 0.75
      vertex 4.98223 153.908 0.925975
      vertex 5.959 154.239 0.925975
    endloop
  endfacet
  facet normal -0.554825 0.829463 -0.0644967
    outer loop
      vertex 3.13772 152.959 1.30421
      vertex 3.12991 152.969 1.5
      vertex 4 153.551 1.5
    endloop
  endfacet
  facet normal -0.625536 0.548784 -0.554564
    outer loop
      vertex 2.56233 152.06 0.586858
      vertex 1.89909 151.304 0.586858
      vertex 2.48525 152.137 0.75
    endloop
  endfacet
  facet normal -0.565389 0.496017 -0.659017
    outer loop
      vertex 2.00173 151.225 0.43934
      vertex 1.89909 151.304 0.586858
      vertex 2.56233 152.06 0.586858
    endloop
  endfacet
  facet normal -0.928752 0.315373 -0.194832
    outer loop
      vertex 0.321963 148.68 1.11177
      vertex 0.284989 148.69 1.30421
      vertex 0.62082 149.679 1.30421
    endloop
  endfacet
  facet normal -0.962012 0.191299 -0.194775
    outer loop
      vertex 0.321963 148.68 1.11177
      vertex 0.0811644 147.665 1.30421
      vertex 0.284989 148.69 1.30421
    endloop
  endfacet
  facet normal -0.049521 0.751851 -0.657471
    outer loop
      vertex 8 154.183 0.43934
      vertex 7.01314 154.118 0.43934
      vertex 8 154.312 0.586858
    endloop
  endfacet
  facet normal -0.0485115 0.749129 -0.660645
    outer loop
      vertex 7.01314 154.118 0.43934
      vertex 6.99625 154.247 0.586858
      vertex 8 154.312 0.586858
    endloop
  endfacet
  facet normal -0.0641449 0.978718 -0.194925
    outer loop
      vertex 6.96246 154.503 1.11177
      vertex 6.95747 154.541 1.30421
      vertex 8 154.571 1.11177
    endloop
  endfacet
  facet normal -0.194795 0.978465 -0.0682709
    outer loop
      vertex 5.93277 154.337 1.30421
      vertex 5.92945 154.35 1.5
      vertex 6.95747 154.541 1.30421
    endloop
  endfacet
  facet normal -0.440587 0.895031 -0.0693035
    outer loop
      vertex 4.00642 153.539 1.30421
      vertex 4 153.551 1.5
      vertex 4.93853 154.013 1.5
    endloop
  endfacet
  facet normal -0.303941 0.896921 -0.321174
    outer loop
      vertex 5.959 154.239 0.925975
      vertex 4.98223 153.908 0.925975
      vertex 5.94268 154.3 1.11177
    endloop
  endfacet
  facet normal -0.142313 0.288766 -0.946764
    outer loop
      vertex 4.55589 152.588 0.0511112
      vertex 4.46299 152.749 0.114181
      vertex 5.29289 153.158 0.114181
    endloop
  endfacet
  facet normal 0.0287263 0.44205 -0.89653
    outer loop
      vertex 77.3456 153.636 0.114181
      vertex 76.4223 153.696 0.114181
      vertex 76.4223 153.872 0.200961
    endloop
  endfacet
  facet normal -0.128796 0.648105 -0.750581
    outer loop
      vertex 7.03239 153.972 0.30997
      vertex 6.08134 153.783 0.30997
      vertex 7.01314 154.118 0.43934
    endloop
  endfacet
  facet normal 0 0.442233 -0.8969
    outer loop
      vertex 8 153.872 0.200961
      vertex 71.2922 153.696 0.114181
      vertex 8 153.696 0.114181
    endloop
  endfacet
  facet normal 3.75958e-06 0.44332 -0.896363
    outer loop
      vertex 71.2922 153.696 0.114181
      vertex 8 153.872 0.200961
      vertex 71.3313 153.72 0.126051
    endloop
  endfacet
  facet normal 0 0.44206 -0.896985
    outer loop
      vertex 71.3313 153.72 0.126051
      vertex 8 153.872 0.200961
      vertex 71.6943 153.872 0.200961
    endloop
  endfacet
  facet normal 0 0.442233 -0.8969
    outer loop
      vertex 75.5524 153.696 0.114181
      vertex 76.4223 153.872 0.200961
      vertex 76.4223 153.696 0.114181
    endloop
  endfacet
  facet normal -0.000206691 0.443055 -0.896495
    outer loop
      vertex 75.5133 153.72 0.126051
      vertex 76.4223 153.872 0.200961
      vertex 75.5524 153.696 0.114181
    endloop
  endfacet
  facet normal 0 0.44206 -0.896985
    outer loop
      vertex 76.4223 153.872 0.200961
      vertex 75.5133 153.72 0.126051
      vertex 75.1504 153.872 0.200961
    endloop
  endfacet
  facet normal -0.175342 0.881611 -0.438198
    outer loop
      vertex 5.98146 154.156 0.75
      vertex 5.959 154.239 0.925975
      vertex 6.98202 154.355 0.75
    endloop
  endfacet
  facet normal -0.162957 0.816094 -0.554468
    outer loop
      vertex 6.99625 154.247 0.586858
      vertex 6.00967 154.05 0.586858
      vertex 6.98202 154.355 0.75
    endloop
  endfacet
  facet normal -0.0361709 0.555544 -0.8307
    outer loop
      vertex 8 153.872 0.200961
      vertex 7.03239 153.972 0.30997
      vertex 8 154.035 0.30997
    endloop
  endfacet
  facet normal -0.0363368 0.554611 -0.831316
    outer loop
      vertex 7.05369 153.81 0.200961
      vertex 7.03239 153.972 0.30997
      vertex 8 153.872 0.200961
    endloop
  endfacet
  facet normal -0.624412 0.711548 -0.322195
    outer loop
      vertex 2.42388 152.198 0.925975
      vertex 2.37929 152.243 1.11177
      vertex 3.16102 152.929 1.11177
    endloop
  endfacet
  facet normal -0.462766 0.692394 -0.553569
    outer loop
      vertex 4.15499 153.282 0.586858
      vertex 3.31861 152.723 0.586858
      vertex 4.10048 153.376 0.75
    endloop
  endfacet
  facet normal -0.646733 -0.737445 -0.194708
    outer loop
      vertex 3.16102 1.69372 1.11177
      vertex 2.35222 2.35222 1.30421
      vertex 2.37929 2.37929 1.11177
    endloop
  endfacet
  facet normal -0.657944 -0.750236 -0.0652341
    outer loop
      vertex 3.13772 1.66335 1.30421
      vertex 2.34315 2.34315 1.5
      vertex 2.35222 2.35222 1.30421
    endloop
  endfacet
  facet normal -0.24614 -0.368376 -0.896501
    outer loop
      vertex 4.375 1.72132 0.200961
      vertex 3.69361 2.3878 0.114181
      vertex 4.46299 1.87372 0.114181
    endloop
  endfacet
  facet normal -0.242144 -0.212354 -0.946717
    outer loop
      vertex 2.99791 2.99791 0.114181
      vertex 2.3878 3.69361 0.114181
      vertex 2.5352 3.80671 0.0511112
    endloop
  endfacet
  facet normal -0.103523 -0.304975 -0.946717
    outer loop
      vertex 6.16911 1.16702 0.114181
      vertex 5.29289 1.46445 0.114181
      vertex 6.2172 1.34648 0.0511112
    endloop
  endfacet
  facet normal -0.142407 -0.419526 -0.896503
    outer loop
      vertex 6.12356 0.997038 0.200961
      vertex 5.29289 1.46445 0.114181
      vertex 6.16911 1.16702 0.114181
    endloop
  endfacet
  facet normal -0.0628406 -0.18512 -0.980705
    outer loop
      vertex 6.2172 1.34648 0.0511112
      vertex 5.36399 1.63611 0.0511112
      vertex 5.43763 1.8139 0.0128326
    endloop
  endfacet
  facet normal -0.142439 -0.288839 -0.946722
    outer loop
      vertex 5.29289 1.46445 0.114181
      vertex 4.55589 2.03462 0.0511112
      vertex 5.36399 1.63611 0.0511112
    endloop
  endfacet
  facet normal -0.0381376 -0.191732 -0.980706
    outer loop
      vertex 7.10091 1.1707 0.0511112
      vertex 6.2172 1.34648 0.0511112
      vertex 7.12602 1.3615 0.0128326
    endloop
  endfacet
  facet normal -0.0127856 -0.195068 -0.980706
    outer loop
      vertex 8 1.11177 0.0511112
      vertex 7.10091 1.1707 0.0511112
      vertex 7.12602 1.3615 0.0128326
    endloop
  endfacet
  facet normal -0.00428688 -0.0654033 -0.99785
    outer loop
      vertex 8 1.5 0
      vertex 7.12602 1.3615 0.0128326
      vertex 7.15158 1.55561 0
    endloop
  endfacet
  facet normal -0.0127867 -0.0642841 -0.99785
    outer loop
      vertex 7.12602 1.3615 0.0128326
      vertex 6.31768 1.72148 0
      vertex 7.15158 1.55561 0
    endloop
  endfacet
  facet normal -0.0431752 -0.658732 -0.751138
    outer loop
      vertex 8 0.586859 0.30997
      vertex 7.01314 0.504023 0.43934
      vertex 7.03239 0.650279 0.30997
    endloop
  endfacet
  facet normal -0.03639 -0.555208 -0.830915
    outer loop
      vertex 8 0.586859 0.30997
      vertex 7.03239 0.650279 0.30997
      vertex 8 0.75 0.200961
    endloop
  endfacet
  facet normal -0.0544166 -0.830236 -0.554749
    outer loop
      vertex 8 0.200962 0.75
      vertex 6.98202 0.267684 0.75
      vertex 6.99625 0.37576 0.586858
    endloop
  endfacet
  facet normal -0.0492183 -0.750928 -0.658547
    outer loop
      vertex 8 0.309971 0.586858
      vertex 7.01314 0.504023 0.43934
      vertex 8 0.439341 0.43934
    endloop
  endfacet
  facet normal 0.879678 -0.433821 -0.194846
    outer loop
      vertex 83.8015 4.94344 1.30421
      vertex 83.3394 4.00642 1.30421
      vertex 83.7661 4.95809 1.11177
    endloop
  endfacet
  facet normal 0.928786 -0.315259 -0.194853
    outer loop
      vertex 83.8015 4.94344 1.30421
      vertex 83.7661 4.95809 1.11177
      vertex 84.1003 5.94268 1.11177
    endloop
  endfacet
  facet normal 0.961998 -0.191329 -0.194814
    outer loop
      vertex 84.1373 5.93277 1.30421
      vertex 84.1003 5.94268 1.11177
      vertex 84.3411 6.95747 1.30421
    endloop
  endfacet
  facet normal 0.945067 -0.0618837 -0.320965
    outer loop
      vertex 84.3712 8 1.11177
      vertex 84.2407 6.97069 0.925975
      vertex 84.3081 8 0.925975
    endloop
  endfacet
  facet normal 0.946882 0 -0.321582
    outer loop
      vertex 84.3712 8 1.11177
      vertex 84.3081 146.622 0.925975
      vertex 84.3712 146.622 1.11177
    endloop
  endfacet
  facet normal 0.946882 0 -0.321582
    outer loop
      vertex 84.3081 146.622 0.925975
      vertex 84.3712 8 1.11177
      vertex 84.3081 8 0.925975
    endloop
  endfacet
  facet normal 0.746088 -0.498547 -0.441365
    outer loop
      vertex 82.6785 3.19942 0.925975
      vertex 82.6097 3.25225 0.75
      vertex 83.1765 4.10048 0.75
    endloop
  endfacet
  facet normal 0.829676 -0.554423 -0.0652168
    outer loop
      vertex 83.3505 4 1.5
      vertex 82.7589 3.13772 1.30421
      vertex 83.3394 4.00642 1.30421
    endloop
  endfacet
  facet normal 0 -0.751839 -0.659346
    outer loop
      vertex 8 0.439341 0.43934
      vertex 76.4223 0.309971 0.586858
      vertex 8 0.309971 0.586858
    endloop
  endfacet
  facet normal 0 -0.751839 -0.659346
    outer loop
      vertex 76.4223 0.309971 0.586858
      vertex 8 0.439341 0.43934
      vertex 76.4223 0.439341 0.43934
    endloop
  endfacet
  facet normal -0.0619444 -0.94511 -0.320826
    outer loop
      vertex 8 0.0511122 1.11177
      vertex 6.97069 0.181645 0.925975
      vertex 8 0.114182 0.925975
    endloop
  endfacet
  facet normal -0.0586817 -0.89533 -0.441521
    outer loop
      vertex 8 0.114182 0.925975
      vertex 6.97069 0.181645 0.925975
      vertex 8 0.200962 0.75
    endloop
  endfacet
  facet normal 0.065404 -0.997859 0
    outer loop
      vertex 76.4223 0 7.5
      vertex 77.4665 0.0684414 4.82914
      vertex 77.4665 0.0684414 7.5
    endloop
  endfacet
  facet normal 0.0653934 -0.99786 -4.16874e-06
    outer loop
      vertex 76.4223 0 7.5
      vertex 77.4179 0.0652566 4.79668
      vertex 77.4665 0.0684414 4.82914
    endloop
  endfacet
  facet normal 0.0654756 -0.997854 2.62434e-05
    outer loop
      vertex 76.4223 0 7.5
      vertex 77.3688 0.0620337 4.75355
      vertex 77.4179 0.0652566 4.79668
    endloop
  endfacet
  facet normal 0.06532 -0.997864 -2.76284e-05
    outer loop
      vertex 76.4223 0 7.5
      vertex 77.3256 0.0592072 4.70438
      vertex 77.3688 0.0620337 4.75355
    endloop
  endfacet
  facet normal 0.0654475 -0.997856 1.37678e-05
    outer loop
      vertex 76.4223 0 7.5
      vertex 77.2893 0.0568256 4.65
      vertex 77.3256 0.0592072 4.70438
    endloop
  endfacet
  facet normal 0.065441 -0.997856 1.17756e-05
    outer loop
      vertex 76.4223 0 7.5
      vertex 77.2604 0.0549296 4.59134
      vertex 77.2893 0.0568256 4.65
    endloop
  endfacet
  facet normal 0.0652726 -0.997867 -3.69682e-05
    outer loop
      vertex 76.4223 0 7.5
      vertex 77.2393 0.0535517 4.52941
      vertex 77.2604 0.0549296 4.59134
    endloop
  endfacet
  facet normal 0.0655327 -0.99785 3.48773e-05
    outer loop
      vertex 76.4223 0 7.5
      vertex 77.2266 0.0527154 4.46526
      vertex 77.2393 0.0535517 4.52941
    endloop
  endfacet
  facet normal 0.0653358 -0.997863 -1.75172e-05
    outer loop
      vertex 76.4223 0 7.5
      vertex 77.2223 0.052435 4.4
      vertex 77.2266 0.0527154 4.46526
    endloop
  endfacet
  facet normal 0.0654034 -0.997859 0
    outer loop
      vertex 76.4223 0 1.5
      vertex 77.2223 0.052435 4.4
      vertex 76.4223 0 7.5
    endloop
  endfacet
  facet normal 0.0653393 -0.997863 1.77501e-05
    outer loop
      vertex 77.2223 0.052435 4.4
      vertex 76.4223 0 1.5
      vertex 77.2266 0.0527154 4.33474
    endloop
  endfacet
  facet normal 0.0655276 -0.997851 -3.58886e-05
    outer loop
      vertex 77.2266 0.0527154 4.33474
      vertex 76.4223 0 1.5
      vertex 77.2393 0.0535517 4.27059
    endloop
  endfacet
  facet normal 0.0652767 -0.997867 3.83987e-05
    outer loop
      vertex 76.4223 0 1.5
      vertex 77.2604 0.0549296 4.20866
      vertex 77.2393 0.0535517 4.27059
    endloop
  endfacet
  facet normal 0.0654399 -0.997857 -1.23097e-05
    outer loop
      vertex 76.4223 0 1.5
      vertex 77.2893 0.0568256 4.15
      vertex 77.2604 0.0549296 4.20866
    endloop
  endfacet
  facet normal 0.0654465 -0.997856 -1.44651e-05
    outer loop
      vertex 76.4223 0 1.5
      vertex 77.3256 0.0592072 4.09562
      vertex 77.2893 0.0568256 4.15
    endloop
  endfacet
  facet normal 0.0653217 -0.997864 2.91532e-05
    outer loop
      vertex 76.4223 0 1.5
      vertex 77.3688 0.0620337 4.04645
      vertex 77.3256 0.0592072 4.09562
    endloop
  endfacet
  facet normal 0.0654742 -0.997854 -2.77973e-05
    outer loop
      vertex 76.4223 0 1.5
      vertex 77.4179 0.0652566 4.00332
      vertex 77.3688 0.0620337 4.04645
    endloop
  endfacet
  facet normal 0.0653936 -0.99786 4.43189e-06
    outer loop
      vertex 76.4223 0 1.5
      vertex 77.4665 0.0684414 3.97086
      vertex 77.4179 0.0652566 4.00332
    endloop
  endfacet
  facet normal 0.065404 -0.997859 0
    outer loop
      vertex 77.4665 0.0684414 3.97086
      vertex 76.4223 0 1.5
      vertex 77.4665 0.0684414 1.5
    endloop
  endfacet
  facet normal 0.194976 -0.980808 1.17964e-05
    outer loop
      vertex 77.657 0.10634 3.90428
      vertex 77.4665 0.0684414 1.5
      vertex 77.7223 0.119321 3.9
    endloop
  endfacet
  facet normal 0.195227 -0.980758 -8.91255e-06
    outer loop
      vertex 77.5929 0.0935803 3.91704
      vertex 77.4665 0.0684414 1.5
      vertex 77.657 0.10634 3.90428
    endloop
  endfacet
  facet normal 0.195186 -0.980766 -6.67489e-06
    outer loop
      vertex 77.531 0.0812612 3.93806
      vertex 77.4665 0.0684414 1.5
      vertex 77.5929 0.0935803 3.91704
    endloop
  endfacet
  facet normal 0.194959 -0.980811 -4.3121e-07
    outer loop
      vertex 77.4723 0.0695932 3.96699
      vertex 77.4665 0.0684414 1.5
      vertex 77.531 0.0812612 3.93806
    endloop
  endfacet
  facet normal 0.194783 -0.980846 0
    outer loop
      vertex 77.4665 0.0684414 1.5
      vertex 77.4723 0.0695932 3.96699
      vertex 77.4665 0.0684414 3.97086
    endloop
  endfacet
  facet normal 0.194989 -0.980805 -9.5489e-06
    outer loop
      vertex 77.7876 0.132303 4.89572
      vertex 77.4665 0.0684414 7.5
      vertex 77.7223 0.119321 4.9
    endloop
  endfacet
  facet normal 0.194976 -0.980808 -1.08948e-05
    outer loop
      vertex 77.4665 0.0684414 7.5
      vertex 77.657 0.10634 4.89572
      vertex 77.7223 0.119321 4.9
    endloop
  endfacet
  facet normal 0.195227 -0.980758 8.23792e-06
    outer loop
      vertex 77.4665 0.0684414 7.5
      vertex 77.5929 0.0935803 4.88296
      vertex 77.657 0.10634 4.89572
    endloop
  endfacet
  facet normal 0.195186 -0.980766 6.17301e-06
    outer loop
      vertex 77.4665 0.0684414 7.5
      vertex 77.531 0.0812612 4.86194
      vertex 77.5929 0.0935803 4.88296
    endloop
  endfacet
  facet normal 0.194959 -0.980811 3.98908e-07
    outer loop
      vertex 77.4665 0.0684414 7.5
      vertex 77.4723 0.0695932 4.83301
      vertex 77.531 0.0812612 4.86194
    endloop
  endfacet
  facet normal 0.194783 -0.980846 0
    outer loop
      vertex 77.4723 0.0695932 4.83301
      vertex 77.4665 0.0684414 7.5
      vertex 77.4665 0.0684414 4.82914
    endloop
  endfacet
  facet normal 0.195079 -0.980787 2.02999e-06
    outer loop
      vertex 77.4665 0.0684414 7.5
      vertex 77.7876 0.132303 4.89572
      vertex 78.4929 0.272593 7.5
    endloop
  endfacet
  facet normal 0.195226 -0.980758 -3.92395e-05
    outer loop
      vertex 77.8517 0.145063 4.88296
      vertex 78.4929 0.272593 7.5
      vertex 77.7876 0.132303 4.89572
    endloop
  endfacet
  facet normal 0.194898 -0.980823 4.41881e-05
    outer loop
      vertex 77.9137 0.157382 4.86194
      vertex 78.4929 0.272593 7.5
      vertex 77.8517 0.145063 4.88296
    endloop
  endfacet
  facet normal 0.195246 -0.980754 -3.52689e-05
    outer loop
      vertex 77.9723 0.169049 4.83301
      vertex 78.4929 0.272593 7.5
      vertex 77.9137 0.157382 4.86194
    endloop
  endfacet
  facet normal 0.195029 -0.980797 8.75195e-06
    outer loop
      vertex 78.0267 0.179866 4.79668
      vertex 78.4929 0.272593 7.5
      vertex 77.9723 0.169049 4.83301
    endloop
  endfacet
  facet normal 0.194997 -0.980804 1.45169e-05
    outer loop
      vertex 78.0759 0.189647 4.75355
      vertex 78.4929 0.272593 7.5
      vertex 78.0267 0.179866 4.79668
    endloop
  endfacet
  facet normal 0.195181 -0.980767 -1.45015e-05
    outer loop
      vertex 78.119 0.198225 4.70438
      vertex 78.4929 0.272593 7.5
      vertex 78.0759 0.189647 4.75355
    endloop
  endfacet
  facet normal 0.19525 -0.980753 -2.40797e-05
    outer loop
      vertex 78.1553 0.205453 4.65
      vertex 78.4929 0.272593 7.5
      vertex 78.119 0.198225 4.70438
    endloop
  endfacet
  facet normal 0.195226 -0.980758 -2.11609e-05
    outer loop
      vertex 78.1842 0.211207 4.59134
      vertex 78.4929 0.272593 7.5
      vertex 78.1553 0.205453 4.65
    endloop
  endfacet
  facet normal 0.194564 -0.98089 5.19287e-05
    outer loop
      vertex 78.2053 0.215389 4.52941
      vertex 78.4929 0.272593 7.5
      vertex 78.1842 0.211207 4.59134
    endloop
  endfacet
  facet normal 0.195676 -0.980669 -6.00174e-05
    outer loop
      vertex 78.218 0.217927 4.46526
      vertex 78.4929 0.272593 7.5
      vertex 78.2053 0.215389 4.52941
    endloop
  endfacet
  facet normal 0.194569 -0.980889 4.42754e-05
    outer loop
      vertex 78.2223 0.218777 4.4
      vertex 78.4929 0.272593 7.5
      vertex 78.218 0.217927 4.46526
    endloop
  endfacet
  facet normal 0.194587 -0.980885 -4.55391e-05
    outer loop
      vertex 78.4929 0.272593 1.5
      vertex 78.2223 0.218777 4.4
      vertex 78.218 0.217927 4.33474
    endloop
  endfacet
  facet normal 0.194989 -0.980805 1.03502e-05
    outer loop
      vertex 77.4665 0.0684414 1.5
      vertex 77.7876 0.132303 3.90428
      vertex 77.7223 0.119321 3.9
    endloop
  endfacet
  facet normal 0.195079 -0.980787 -2.19885e-06
    outer loop
      vertex 78.4929 0.272593 1.5
      vertex 77.7876 0.132303 3.90428
      vertex 77.4665 0.0684414 1.5
    endloop
  endfacet
  facet normal 0.195225 -0.980758 4.23235e-05
    outer loop
      vertex 77.7876 0.132303 3.90428
      vertex 78.4929 0.272593 1.5
      vertex 77.8517 0.145063 3.91704
    endloop
  endfacet
  facet normal 0.194899 -0.980823 -4.75428e-05
    outer loop
      vertex 77.8517 0.145063 3.91704
      vertex 78.4929 0.272593 1.5
      vertex 77.9137 0.157382 3.93806
    endloop
  endfacet
  facet normal 0.195245 -0.980754 3.78584e-05
    outer loop
      vertex 77.9137 0.157382 3.93806
      vertex 78.4929 0.272593 1.5
      vertex 77.9723 0.169049 3.96699
    endloop
  endfacet
  facet normal 0.19503 -0.980797 -9.37383e-06
    outer loop
      vertex 77.9723 0.169049 3.96699
      vertex 78.4929 0.272593 1.5
      vertex 78.0267 0.179866 4.00332
    endloop
  endfacet
  facet normal 0.194998 -0.980804 -1.5514e-05
    outer loop
      vertex 78.0267 0.179866 4.00332
      vertex 78.4929 0.272593 1.5
      vertex 78.0759 0.189647 4.04645
    endloop
  endfacet
  facet normal 0.19518 -0.980767 1.54612e-05
    outer loop
      vertex 78.0759 0.189647 4.04645
      vertex 78.4929 0.272593 1.5
      vertex 78.119 0.198225 4.09562
    endloop
  endfacet
  facet normal 0.195248 -0.980754 2.56058e-05
    outer loop
      vertex 78.119 0.198225 4.09562
      vertex 78.4929 0.272593 1.5
      vertex 78.1553 0.205453 4.15
    endloop
  endfacet
  facet normal 0.195224 -0.980759 2.24299e-05
    outer loop
      vertex 78.1553 0.205453 4.15
      vertex 78.4929 0.272593 1.5
      vertex 78.1842 0.211207 4.20866
    endloop
  endfacet
  facet normal 0.195057 -0.980792 0
    outer loop
      vertex 78.2223 0.218777 4.4
      vertex 78.4929 0.272593 1.5
      vertex 78.4929 0.272593 7.5
    endloop
  endfacet
  facet normal 0.195662 -0.980671 6.28598e-05
    outer loop
      vertex 78.2053 0.215389 4.27059
      vertex 78.4929 0.272593 1.5
      vertex 78.218 0.217927 4.33474
    endloop
  endfacet
  facet normal 0.194572 -0.980888 -5.48018e-05
    outer loop
      vertex 78.1842 0.211207 4.20866
      vertex 78.4929 0.272593 1.5
      vertex 78.2053 0.215389 4.27059
    endloop
  endfacet
  facet normal 0.332795 -0.674842 -0.658662
    outer loop
      vertex 79.3652 0.895339 0.586858
      vertex 79.3156 1.01486 0.43934
      vertex 80.2026 1.45228 0.43934
    endloop
  endfacet
  facet normal 0 -0.997859 -0.0654074
    outer loop
      vertex 8 0.0128336 1.30421
      vertex 76.4223 0 1.5
      vertex 8 0 1.5
    endloop
  endfacet
  facet normal 0 -0.997859 -0.0654074
    outer loop
      vertex 76.4223 0 1.5
      vertex 8 0.0128336 1.30421
      vertex 76.4223 0.0128336 1.30421
    endloop
  endfacet
  facet normal 0 -0.896875 -0.442283
    outer loop
      vertex 8 0.200962 0.75
      vertex 76.4223 0.114182 0.925975
      vertex 8 0.114182 0.925975
    endloop
  endfacet
  facet normal 0 -0.896875 -0.442283
    outer loop
      vertex 76.4223 0.114182 0.925975
      vertex 8 0.200962 0.75
      vertex 76.4223 0.200962 0.75
    endloop
  endfacet
  facet normal 0.16233 -0.816037 -0.554736
    outer loop
      vertex 78.4408 0.466708 0.75
      vertex 77.4403 0.267684 0.75
      vertex 78.4126 0.572001 0.586858
    endloop
  endfacet
  facet normal 0.418932 -0.849478 -0.320754
    outer loop
      vertex 79.4642 0.656185 1.11177
      vertex 79.4401 0.714454 0.925975
      vertex 80.3652 1.17068 0.925975
    endloop
  endfacet
  facet normal 0.751873 -0.659308 0
    outer loop
      vertex 82.0792 2.34315 7.5
      vertex 82.7691 3.12991 1.5
      vertex 82.7691 3.12991 7.5
    endloop
  endfacet
  facet normal 0.751873 -0.659308 0
    outer loop
      vertex 82.7691 3.12991 1.5
      vertex 82.0792 2.34315 7.5
      vertex 82.0792 2.34315 1.5
    endloop
  endfacet
  facet normal 0.442303 -0.896866 0
    outer loop
      vertex 79.4838 0.608964 1.5
      vertex 80.4223 1.0718 7.5
      vertex 79.4838 0.608964 7.5
    endloop
  endfacet
  facet normal 0.442303 -0.896866 0
    outer loop
      vertex 80.4223 1.0718 7.5
      vertex 79.4838 0.608964 1.5
      vertex 80.4223 1.0718 1.5
    endloop
  endfacet
  facet normal 0.441362 -0.894957 -0.0652111
    outer loop
      vertex 80.4223 1.0718 1.5
      vertex 79.4838 0.608964 1.5
      vertex 80.4159 1.08291 1.30421
    endloop
  endfacet
  facet normal 0.0864696 -0.175337 -0.980704
    outer loop
      vertex 79.8664 2.03462 0.0511112
      vertex 78.9847 1.8139 0.0128326
      vertex 79.7702 2.20128 0.0128326
    endloop
  endfacet
  facet normal 0.212354 -0.242144 -0.946717
    outer loop
      vertex 80.7287 2.3878 0.114181
      vertex 80.6156 2.5352 0.0511112
      vertex 81.4244 2.99791 0.114181
    endloop
  endfacet
  facet normal 0.366874 -0.418336 -0.830902
    outer loop
      vertex 80.9351 2.11876 0.30997
      vertex 80.8358 2.24819 0.200961
      vertex 81.5488 2.87348 0.200961
    endloop
  endfacet
  facet normal 0.366801 -0.418285 -0.83096
    outer loop
      vertex 81.6642 2.75812 0.30997
      vertex 80.9351 2.11876 0.30997
      vertex 81.5488 2.87348 0.200961
    endloop
  endfacet
  facet normal 0.435263 -0.496352 -0.75112
    outer loop
      vertex 81.7685 2.65381 0.43934
      vertex 81.0249 2.00173 0.43934
      vertex 81.6642 2.75812 0.30997
    endloop
  endfacet
  facet normal 0.565747 -0.496165 -0.658598
    outer loop
      vertex 81.86 2.56233 0.586858
      vertex 81.7685 2.65381 0.43934
      vertex 82.4206 3.39736 0.43934
    endloop
  endfacet
  facet normal 0.548783 -0.366652 -0.751268
    outer loop
      vertex 82.4206 3.39736 0.43934
      vertex 82.3035 3.48717 0.30997
      vertex 82.97 4.21967 0.43934
    endloop
  endfacet
  facet normal 0.592169 -0.29204 -0.751031
    outer loop
      vertex 82.97 4.21967 0.43934
      vertex 82.8423 4.29343 0.30997
      vertex 83.2712 5.16311 0.30997
    endloop
  endfacet
  facet normal 0.146966 -0.12889 -0.980708
    outer loop
      vertex 81.293 3.12929 0.0511112
      vertex 81.1569 3.26536 0.0128326
      vertex 81.8871 3.80671 0.0511112
    endloop
  endfacet
  facet normal 0.0492825 -0.0432204 -0.997849
    outer loop
      vertex 81.7344 3.92386 0.0128326
      vertex 81.1569 3.26536 0.0128326
      vertex 81.5791 4.04305 0
    endloop
  endfacet
  facet normal 0.0364102 -0.0544966 -0.99785
    outer loop
      vertex 79.7702 2.20128 0.0128326
      vertex 79.6723 2.37084 0
      vertex 80.3793 2.8432 0
    endloop
  endfacet
  facet normal 0.674809 -0.332782 -0.658702
    outer loop
      vertex 83.0821 4.15499 0.586858
      vertex 82.97 4.21967 0.43934
      vertex 83.527 5.05715 0.586858
    endloop
  endfacet
  facet normal 0.69178 -0.462273 -0.554747
    outer loop
      vertex 83.1765 4.10048 0.75
      vertex 82.5232 3.31861 0.586858
      vertex 83.0821 4.15499 0.586858
    endloop
  endfacet
  facet normal 0.434492 -0.0864191 -0.89652
    outer loop
      vertex 83.4253 6.12356 0.200961
      vertex 83.2553 6.16911 0.114181
      vertex 83.6103 7.05369 0.200961
    endloop
  endfacet
  facet normal 0.895205 -0.0586556 -0.441777
    outer loop
      vertex 84.2407 6.97069 0.925975
      vertex 84.1546 6.98202 0.75
      vertex 84.2213 8 0.75
    endloop
  endfacet
  facet normal 0.0620593 -0.0210662 -0.99785
    outer loop
      vertex 82.6084 5.43763 0.0128326
      vertex 82.4275 5.51256 0
      vertex 82.7008 6.31768 0
    endloop
  endfacet
  facet normal 0.0620694 -0.0210672 -0.997849
    outer loop
      vertex 82.8899 6.267 0.0128326
      vertex 82.6084 5.43763 0.0128326
      vertex 82.7008 6.31768 0
    endloop
  endfacet
  facet normal 0.185113 -0.0628319 -0.980707
    outer loop
      vertex 82.7862 5.36399 0.0511112
      vertex 82.6084 5.43763 0.0128326
      vertex 83.0758 6.2172 0.0511112
    endloop
  endfacet
  facet normal 0.185107 -0.0628278 -0.980708
    outer loop
      vertex 83.0758 6.2172 0.0511112
      vertex 82.6084 5.43763 0.0128326
      vertex 82.8899 6.267 0.0128326
    endloop
  endfacet
  facet normal 0.0654067 -0.00428634 -0.997849
    outer loop
      vertex 83.0608 7.12602 0.0128326
      vertex 82.8667 7.15158 0
      vertex 82.9223 8 0
    endloop
  endfacet
  facet normal 0.064287 -0.0127896 -0.997849
    outer loop
      vertex 83.0608 7.12602 0.0128326
      vertex 82.7008 6.31768 0
      vertex 82.8667 7.15158 0
    endloop
  endfacet
  facet normal 0.195129 0 -0.980778
    outer loop
      vertex 83.1181 8 0.0128326
      vertex 83.3105 146.622 0.0511112
      vertex 83.3105 8 0.0511112
    endloop
  endfacet
  facet normal 0.195129 0 -0.980778
    outer loop
      vertex 83.3105 146.622 0.0511112
      vertex 83.1181 8 0.0128326
      vertex 83.1181 146.622 0.0128326
    endloop
  endfacet
  facet normal 0.315661 0.062775 -0.946793
    outer loop
      vertex 83.2516 147.521 0.0511112
      vertex 83.0758 148.405 0.0511112
      vertex 83.4358 147.546 0.114181
    endloop
  endfacet
  facet normal 0.978815 -0.0641512 -0.194436
    outer loop
      vertex 84.3411 6.95747 1.30421
      vertex 84.3032 6.96246 1.11177
      vertex 84.3712 8 1.11177
    endloop
  endfacet
  facet normal 0.978698 -0.194651 -0.0652847
    outer loop
      vertex 84.1497 5.92945 1.5
      vertex 84.1373 5.93277 1.30421
      vertex 84.3411 6.95747 1.30421
    endloop
  endfacet
  facet normal 0.191753 0.0381338 -0.980702
    outer loop
      vertex 83.2516 147.521 0.0511112
      vertex 83.0608 147.496 0.0128326
      vertex 83.0758 148.405 0.0511112
    endloop
  endfacet
  facet normal 0.321306 0.0210511 -0.946741
    outer loop
      vertex 83.3105 146.622 0.0511112
      vertex 83.2516 147.521 0.0511112
      vertex 83.4358 147.546 0.114181
    endloop
  endfacet
  facet normal 0.0643312 0.0127988 -0.997847
    outer loop
      vertex 83.0608 147.496 0.0128326
      vertex 82.7008 148.305 0
      vertex 82.8899 148.355 0.0128326
    endloop
  endfacet
  facet normal 0.0432719 0.0493918 -0.997842
    outer loop
      vertex 81.0185 151.219 0
      vertex 80.3793 151.779 0
      vertex 81.1569 151.357 0.0128326
    endloop
  endfacet
  facet normal 0.0493865 0.0432595 -0.997842
    outer loop
      vertex 81.5791 150.579 0
      vertex 81.0185 151.219 0
      vertex 81.1569 151.357 0.0128326
    endloop
  endfacet
  facet normal 0.108511 0.162254 -0.980765
    outer loop
      vertex 80.4984 151.934 0.0128326
      vertex 79.7702 152.421 0.0128326
      vertex 80.6156 152.087 0.0511112
    endloop
  endfacet
  facet normal 0.036495 0.0545701 -0.997843
    outer loop
      vertex 80.3793 151.779 0
      vertex 79.7702 152.421 0.0128326
      vertex 80.4984 151.934 0.0128326
    endloop
  endfacet
  facet normal 0.305085 0.103579 -0.946676
    outer loop
      vertex 83.0758 148.405 0.0511112
      vertex 82.7862 149.258 0.0511112
      vertex 82.9578 149.329 0.114181
    endloop
  endfacet
  facet normal 0.288971 0.142519 -0.94667
    outer loop
      vertex 82.7862 149.258 0.0511112
      vertex 82.3877 150.066 0.0511112
      vertex 82.9578 149.329 0.114181
    endloop
  endfacet
  facet normal 0.29181 0.332262 -0.896911
    outer loop
      vertex 81.4244 151.624 0.114181
      vertex 80.7287 152.235 0.114181
      vertex 81.5488 151.749 0.200961
    endloop
  endfacet
  facet normal 0.242337 0.212662 -0.946598
    outer loop
      vertex 81.8871 150.816 0.0511112
      vertex 81.293 151.493 0.0511112
      vertex 81.4244 151.624 0.114181
    endloop
  endfacet
  facet normal 0.142313 0.288766 -0.946764
    outer loop
      vertex 79.8664 152.588 0.0511112
      vertex 79.1294 153.158 0.114181
      vertex 79.9593 152.749 0.114181
    endloop
  endfacet
  facet normal 0.196173 0.398053 -0.896142
    outer loop
      vertex 79.9593 152.749 0.114181
      vertex 79.1294 153.158 0.114181
      vertex 80.0473 152.901 0.200961
    endloop
  endfacet
  facet normal 0.54863 0.366752 -0.751331
    outer loop
      vertex 82.8423 150.329 0.30997
      vertex 82.3035 151.135 0.30997
      vertex 82.97 150.403 0.43934
    endloop
  endfacet
  facet normal 0.246777 0.369229 -0.895975
    outer loop
      vertex 80.7287 152.235 0.114181
      vertex 80.0473 152.901 0.200961
      vertex 80.8358 152.374 0.200961
    endloop
  endfacet
  facet normal 0.895117 0.0586486 -0.441957
    outer loop
      vertex 84.2213 146.622 0.75
      vertex 84.1546 147.64 0.75
      vertex 84.2407 147.652 0.925975
    endloop
  endfacet
  facet normal 0.545994 0.108612 -0.830719
    outer loop
      vertex 83.6103 147.569 0.200961
      vertex 83.4253 148.499 0.200961
      vertex 83.5828 148.541 0.30997
    endloop
  endfacet
  facet normal 0.462074 0.30889 -0.831309
    outer loop
      vertex 82.701 150.247 0.200961
      vertex 82.3035 151.135 0.30997
      vertex 82.8423 150.329 0.30997
    endloop
  endfacet
  facet normal 0.49671 0.566493 -0.657545
    outer loop
      vertex 81.7685 151.969 0.43934
      vertex 81.0249 152.621 0.43934
      vertex 81.86 152.06 0.586858
    endloop
  endfacet
  facet normal 0.787815 0.52622 -0.320062
    outer loop
      vertex 83.2516 150.565 0.925975
      vertex 82.6785 151.423 0.925975
      vertex 82.7286 151.461 1.11177
    endloop
  endfacet
  facet normal 0.944919 0.320833 -0.0647607
    outer loop
      vertex 84.1373 148.69 1.30421
      vertex 83.8015 149.679 1.30421
      vertex 84.1497 148.693 1.5
    endloop
  endfacet
  facet normal 0.978817 0.0641229 -0.194439
    outer loop
      vertex 84.3712 146.622 1.11177
      vertex 84.3032 147.66 1.11177
      vertex 84.3411 147.665 1.30421
    endloop
  endfacet
  facet normal 0.99574 0.0653007 -0.0650977
    outer loop
      vertex 84.4095 146.622 1.30421
      vertex 84.3411 147.665 1.30421
      vertex 84.4223 146.622 1.5
    endloop
  endfacet
  facet normal 0.945157 -0.0619453 -0.320688
    outer loop
      vertex 84.3032 6.96246 1.11177
      vertex 84.2407 6.97069 0.925975
      vertex 84.3712 8 1.11177
    endloop
  endfacet
  facet normal 0.787857 -0.267426 -0.554765
    outer loop
      vertex 83.9556 5.98146 0.75
      vertex 83.6277 5.01544 0.75
      vertex 83.8503 6.00967 0.586858
    endloop
  endfacet
  facet normal 0.712783 0.242062 -0.658291
    outer loop
      vertex 83.8503 148.613 0.586858
      vertex 83.4074 149.516 0.43934
      vertex 83.527 149.565 0.586858
    endloop
  endfacet
  facet normal 0.895294 0.0585853 -0.441606
    outer loop
      vertex 84.3081 146.622 0.925975
      vertex 84.2213 146.622 0.75
      vertex 84.2407 147.652 0.925975
    endloop
  endfacet
  facet normal 0.84997 0.288485 -0.440825
    outer loop
      vertex 83.9556 148.641 0.75
      vertex 83.7078 149.64 0.925975
      vertex 84.0394 148.663 0.925975
    endloop
  endfacet
  facet normal 0.658525 0.0431677 -0.75132
    outer loop
      vertex 83.983 146.622 0.43934
      vertex 83.8354 146.622 0.30997
      vertex 83.9183 147.609 0.43934
    endloop
  endfacet
  facet normal -0.23304 -0.0595841 0.97064
    outer loop
      vertex 72.0949 154.035 0.30997
      vertex 72.5959 154.183 0.43934
      vertex 72.1043 154.038 0.312411
    endloop
  endfacet
  facet normal 0 0.65813 -0.752904
    outer loop
      vertex 8 154.183 0.43934
      vertex 72.0949 154.035 0.30997
      vertex 8 154.035 0.30997
    endloop
  endfacet
  facet normal 0 0.65813 -0.752904
    outer loop
      vertex 72.0949 154.035 0.30997
      vertex 8 154.183 0.43934
      vertex 72.5959 154.183 0.43934
    endloop
  endfacet
  facet normal 0 0.65813 -0.752904
    outer loop
      vertex 74.7497 154.035 0.30997
      vertex 76.4223 154.183 0.43934
      vertex 76.4223 154.035 0.30997
    endloop
  endfacet
  facet normal 0.00322779 0.6372 -0.770692
    outer loop
      vertex 74.7403 154.038 0.312411
      vertex 76.4223 154.183 0.43934
      vertex 74.7497 154.035 0.30997
    endloop
  endfacet
  facet normal 0 0.658663 -0.752438
    outer loop
      vertex 76.4223 154.183 0.43934
      vertex 74.7403 154.038 0.312411
      vertex 74.2487 154.183 0.43934
    endloop
  endfacet
  facet normal 0.108329 0.545144 -0.831314
    outer loop
      vertex 78.341 153.783 0.30997
      vertex 77.3686 153.81 0.200961
      vertex 77.3899 153.972 0.30997
    endloop
  endfacet
  facet normal 0.497869 0.746187 -0.441963
    outer loop
      vertex 81.1701 152.81 0.75
      vertex 80.3218 153.376 0.75
      vertex 81.2229 152.879 0.925975
    endloop
  endfacet
  facet normal 0.548111 0.624667 -0.556206
    outer loop
      vertex 81.9371 152.137 0.75
      vertex 81.1037 152.723 0.586858
      vertex 81.1701 152.81 0.75
    endloop
  endfacet
  facet normal 0.815461 0.545151 -0.194508
    outer loop
      vertex 83.3062 150.597 1.11177
      vertex 82.7286 151.461 1.11177
      vertex 83.3394 150.616 1.30421
    endloop
  endfacet
  facet normal 0.674829 0.592195 -0.440352
    outer loop
      vertex 82.6785 151.423 0.925975
      vertex 81.9371 152.137 0.75
      vertex 81.9984 152.198 0.925975
    endloop
  endfacet
  facet normal 0.591651 0.674289 -0.44191
    outer loop
      vertex 81.9371 152.137 0.75
      vertex 81.1701 152.81 0.75
      vertex 81.2229 152.879 0.925975
    endloop
  endfacet
  facet normal 0.712143 0.62494 -0.319848
    outer loop
      vertex 82.6785 151.423 0.925975
      vertex 81.9984 152.198 0.925975
      vertex 82.7286 151.461 1.11177
    endloop
  endfacet
  facet normal 0.315403 0.92875 -0.194794
    outer loop
      vertex 79.4789 154.001 1.30421
      vertex 78.4796 154.3 1.11177
      vertex 78.4895 154.337 1.30421
    endloop
  endfacet
  facet normal 0.3152 0.929178 -0.193072
    outer loop
      vertex 79.4642 153.966 1.11177
      vertex 78.4796 154.3 1.11177
      vertex 79.4789 154.001 1.30421
    endloop
  endfacet
  facet normal 0.0648394 0.995666 -0.0666729
    outer loop
      vertex 77.4648 154.541 1.30421
      vertex 76.4223 154.622 1.5
      vertex 77.4665 154.554 1.5
    endloop
  endfacet
  facet normal 0.321282 0.944685 -0.0659406
    outer loop
      vertex 79.4789 154.001 1.30421
      vertex 78.4929 154.35 1.5
      vertex 79.4838 154.013 1.5
    endloop
  endfacet
  facet normal 0.368459 0.746938 -0.553464
    outer loop
      vertex 80.2673 153.282 0.586858
      vertex 79.3652 153.727 0.586858
      vertex 80.3218 153.376 0.75
    endloop
  endfacet
  facet normal 0.332949 0.674952 -0.658472
    outer loop
      vertex 80.2026 153.17 0.43934
      vertex 79.3652 153.727 0.586858
      vertex 80.2673 153.282 0.586858
    endloop
  endfacet
  facet normal -0.816035 -0.16232 -0.554743
    outer loop
      vertex 0.466708 5.98146 0.75
      vertex 0.267684 6.98202 0.75
      vertex 0.572001 6.00967 0.586858
    endloop
  endfacet
  facet normal -0.548896 -0.366763 -0.751131
    outer loop
      vertex 2.11876 3.48717 0.30997
      vertex 1.45228 4.21967 0.43934
      vertex 1.58003 4.29343 0.30997
    endloop
  endfacet
  facet normal -0.849465 -0.418912 -0.320816
    outer loop
      vertex 1.11606 4.02556 1.11177
      vertex 0.656185 4.95809 1.11177
      vertex 1.17068 4.05709 0.925975
    endloop
  endfacet
  facet normal -0.896872 -0.304446 -0.320833
    outer loop
      vertex 0.656185 4.95809 1.11177
      vertex 0.321963 5.94268 1.11177
      vertex 0.714454 4.98223 0.925975
    endloop
  endfacet
  facet normal -0.0587838 -0.0289895 -0.99785
    outer loop
      vertex 2.37084 4.75 0
      vertex 1.8139 5.43763 0.0128326
      vertex 1.99478 5.51256 0
    endloop
  endfacet
  facet normal -0.499009 -0.246085 -0.830923
    outer loop
      vertex 1.58003 4.29343 0.30997
      vertex 1.15115 5.16311 0.30997
      vertex 1.72132 4.375 0.200961
    endloop
  endfacet
  facet normal -0.18512 -0.0628406 -0.980705
    outer loop
      vertex 1.63611 5.36399 0.0511112
      vertex 1.34648 6.2172 0.0511112
      vertex 1.8139 5.43763 0.0128326
    endloop
  endfacet
  facet normal -0.315872 -0.0628305 -0.946719
    outer loop
      vertex 1.34648 6.2172 0.0511112
      vertex 0.986495 7.07665 0.114181
      vertex 1.1707 7.10091 0.0511112
    endloop
  endfacet
  facet normal -0.555206 -0.0363904 -0.830917
    outer loop
      vertex 0.812025 7.05369 0.200961
      vertex 0.650279 7.03239 0.30997
      vertex 0.75 8 0.200961
    endloop
  endfacet
  facet normal -0.625713 -0.418088 -0.658548
    outer loop
      vertex 1.89909 3.31861 0.586858
      vertex 1.45228 4.21967 0.43934
      vertex 2.00173 3.39736 0.43934
    endloop
  endfacet
  facet normal -0.246141 -0.368378 -0.8965
    outer loop
      vertex 4.375 1.72132 0.200961
      vertex 3.58648 2.24819 0.200961
      vertex 3.69361 2.3878 0.114181
    endloop
  endfacet
  facet normal -0.128903 -0.146984 -0.980704
    outer loop
      vertex 3.80671 2.5352 0.0511112
      vertex 3.12929 3.12929 0.0511112
      vertex 3.26536 3.26536 0.0128326
    endloop
  endfacet
  facet normal -0.146981 -0.128899 -0.980705
    outer loop
      vertex 3.26536 3.26536 0.0128326
      vertex 2.5352 3.80671 0.0511112
      vertex 2.68787 3.92386 0.0128326
    endloop
  endfacet
  facet normal -0.333107 -0.292126 -0.896494
    outer loop
      vertex 2.87348 2.87348 0.200961
      vertex 2.3878 3.69361 0.114181
      vertex 2.99791 2.99791 0.114181
    endloop
  endfacet
  facet normal -0.162545 -0.108608 -0.980706
    outer loop
      vertex 2.5352 3.80671 0.0511112
      vertex 2.03462 4.55589 0.0511112
      vertex 2.20128 4.65211 0.0128326
    endloop
  endfacet
  facet normal -0.146984 -0.128903 -0.980704
    outer loop
      vertex 3.12929 3.12929 0.0511112
      vertex 2.5352 3.80671 0.0511112
      vertex 3.26536 3.26536 0.0128326
    endloop
  endfacet
  facet normal -0.548889 -0.366756 -0.751139
    outer loop
      vertex 2.00173 3.39736 0.43934
      vertex 1.45228 4.21967 0.43934
      vertex 2.11876 3.48717 0.30997
    endloop
  endfacet
  facet normal -0.267787 -0.178928 -0.946718
    outer loop
      vertex 2.3878 3.69361 0.114181
      vertex 1.87372 4.46299 0.114181
      vertex 2.03462 4.55589 0.0511112
    endloop
  endfacet
  facet normal -0.242132 -0.212347 -0.946721
    outer loop
      vertex 2.99791 2.99791 0.114181
      vertex 2.5352 3.80671 0.0511112
      vertex 3.12929 3.12929 0.0511112
    endloop
  endfacet
  facet normal -0.212347 -0.242132 -0.946721
    outer loop
      vertex 3.80671 2.5352 0.0511112
      vertex 2.99791 2.99791 0.114181
      vertex 3.12929 3.12929 0.0511112
    endloop
  endfacet
  facet normal -0.750928 0.0492113 -0.658547
    outer loop
      vertex 0.439341 146.622 0.43934
      vertex 0.309971 146.622 0.586858
      vertex 0.504023 147.609 0.43934
    endloop
  endfacet
  facet normal -0.830236 0.0544028 -0.554751
    outer loop
      vertex 0.309971 146.622 0.586858
      vertex 0.200962 146.622 0.75
      vertex 0.37576 147.626 0.586858
    endloop
  endfacet
  facet normal -0.442096 0.0289559 -0.8965
    outer loop
      vertex 0.925976 146.622 0.114181
      vertex 0.75 146.622 0.200961
      vertex 0.986495 147.546 0.114181
    endloop
  endfacet
  facet normal -0.419239 0.142345 -0.896647
    outer loop
      vertex 1.16702 148.453 0.114181
      vertex 0.997038 148.499 0.200961
      vertex 1.46445 149.329 0.114181
    endloop
  endfacet
  facet normal -0.288895 0.142484 -0.946698
    outer loop
      vertex 1.63611 149.258 0.0511112
      vertex 1.46445 149.329 0.114181
      vertex 2.03462 150.066 0.0511112
    endloop
  endfacet
  facet normal -0.434348 0.0864087 -0.896591
    outer loop
      vertex 1.16702 148.453 0.114181
      vertex 0.812025 147.569 0.200961
      vertex 0.997038 148.499 0.200961
    endloop
  endfacet
  facet normal -0.292654 0.33386 -0.896042
    outer loop
      vertex 3.69361 152.235 0.114181
      vertex 2.87348 151.749 0.200961
      vertex 3.58648 152.374 0.200961
    endloop
  endfacet
  facet normal -0.0544812 0.0363999 -0.997851
    outer loop
      vertex 2.37084 149.872 0
      vertex 2.20128 149.97 0.0128326
      vertex 2.8432 150.579 0
    endloop
  endfacet
  facet normal -0.0654159 0.00428478 -0.997849
    outer loop
      vertex 1.5 146.622 0
      vertex 1.3615 147.496 0.0128326
      vertex 1.55561 147.471 0
    endloop
  endfacet
  facet normal -0.0289087 0.0586779 -0.997858
    outer loop
      vertex 4.75 152.251 0
      vertex 4.65211 152.421 0.0128326
      vertex 5.43763 152.808 0.0128326
    endloop
  endfacet
  facet normal -0.036484 0.0545574 -0.997844
    outer loop
      vertex 4.04305 151.779 0
      vertex 3.92386 151.934 0.0128326
      vertex 4.65211 152.421 0.0128326
    endloop
  endfacet
  facet normal -0.497648 0.744883 -0.444404
    outer loop
      vertex 4.10048 153.376 0.75
      vertex 3.19942 152.879 0.925975
      vertex 4.05709 153.452 0.925975
    endloop
  endfacet
  facet normal -0.332942 0.674981 -0.658445
    outer loop
      vertex 4.21967 153.17 0.43934
      vertex 4.15499 153.282 0.586858
      vertex 5.05715 153.727 0.586858
    endloop
  endfacet
  facet normal -0.434374 0.495366 -0.752284
    outer loop
      vertex 2.75812 151.864 0.30997
      vertex 2.65381 151.969 0.43934
      vertex 3.39736 152.621 0.43934
    endloop
  endfacet
  facet normal -0.496883 0.566792 -0.657156
    outer loop
      vertex 3.39736 152.621 0.43934
      vertex 2.56233 152.06 0.586858
      vertex 3.31861 152.723 0.586858
    endloop
  endfacet
  facet normal -0.196251 0.39838 -0.895979
    outer loop
      vertex 5.29289 153.158 0.114181
      vertex 4.375 152.901 0.200961
      vertex 5.22555 153.32 0.200961
    endloop
  endfacet
  facet normal -0.245611 0.498579 -0.831321
    outer loop
      vertex 5.22555 153.32 0.200961
      vertex 4.375 152.901 0.200961
      vertex 5.16311 153.471 0.30997
    endloop
  endfacet
  facet normal 0.0363225 0.0544067 -0.997858
    outer loop
      vertex 80.3793 151.779 0
      vertex 79.6723 152.251 0
      vertex 79.7702 152.421 0.0128326
    endloop
  endfacet
  facet normal 0.178728 0.52628 -0.831316
    outer loop
      vertex 79.1968 153.32 0.200961
      vertex 78.2987 153.625 0.200961
      vertex 79.2592 153.471 0.30997
    endloop
  endfacet
  facet normal -0.0363253 0.0544072 -0.997858
    outer loop
      vertex 4.75 152.251 0
      vertex 4.04305 151.779 0
      vertex 4.65211 152.421 0.0128326
    endloop
  endfacet
  facet normal -0.0629002 0.184991 -0.980725
    outer loop
      vertex 6.267 153.09 0.0128326
      vertex 5.43763 152.808 0.0128326
      vertex 6.2172 153.276 0.0511112
    endloop
  endfacet
  facet normal -0.05876 0.0289967 -0.997851
    outer loop
      vertex 2.37084 149.872 0
      vertex 1.8139 149.185 0.0128326
      vertex 2.20128 149.97 0.0128326
    endloop
  endfacet
  facet normal -0.242356 0.212676 -0.94659
    outer loop
      vertex 3.12929 151.493 0.0511112
      vertex 2.5352 150.816 0.0511112
      vertex 2.99791 151.624 0.114181
    endloop
  endfacet
  facet normal -0.0864191 0.434492 -0.89652
    outer loop
      vertex 6.16911 153.455 0.114181
      vertex 6.12356 153.625 0.200961
      vertex 7.05369 153.81 0.200961
    endloop
  endfacet
  facet normal -0.246487 0.368954 -0.896168
    outer loop
      vertex 4.46299 152.749 0.114181
      vertex 3.69361 152.235 0.114181
      vertex 4.375 152.901 0.200961
    endloop
  endfacet
  facet normal -0.178836 0.267691 -0.946762
    outer loop
      vertex 4.55589 152.588 0.0511112
      vertex 3.69361 152.235 0.114181
      vertex 4.46299 152.749 0.114181
    endloop
  endfacet
  facet normal -0.291783 0.332232 -0.89693
    outer loop
      vertex 2.99791 151.624 0.114181
      vertex 2.87348 151.749 0.200961
      vertex 3.69361 152.235 0.114181
    endloop
  endfacet
  facet normal -0.332381 0.291782 -0.896876
    outer loop
      vertex 2.99791 151.624 0.114181
      vertex 2.3878 150.929 0.114181
      vertex 2.87348 151.749 0.200961
    endloop
  endfacet
  facet normal -0.896881 0.304632 -0.32063
    outer loop
      vertex 0.714454 149.64 0.925975
      vertex 0.321963 148.68 1.11177
      vertex 0.656185 149.664 1.11177
    endloop
  endfacet
  facet normal -0.849522 0.418999 -0.320551
    outer loop
      vertex 0.714454 149.64 0.925975
      vertex 0.656185 149.664 1.11177
      vertex 1.17068 150.565 0.925975
    endloop
  endfacet
  facet normal -0.691419 0.461648 -0.555716
    outer loop
      vertex 1.34024 150.467 0.586858
      vertex 1.24584 150.522 0.75
      vertex 1.89909 151.304 0.586858
    endloop
  endfacet
  facet normal -0.675444 0.333092 -0.657894
    outer loop
      vertex 1.01486 149.516 0.43934
      vertex 0.895339 149.565 0.586858
      vertex 1.45228 150.403 0.43934
    endloop
  endfacet
  facet normal -0.880202 0.175006 -0.441155
    outer loop
      vertex 0.466708 148.641 0.75
      vertex 0.267684 147.64 0.75
      vertex 0.382884 148.663 0.925975
    endloop
  endfacet
  facet normal -0.849934 0.288447 -0.440919
    outer loop
      vertex 0.466708 148.641 0.75
      vertex 0.382884 148.663 0.925975
      vertex 0.714454 149.64 0.925975
    endloop
  endfacet
  facet normal -0.441649 0.897188 0
    outer loop
      vertex 4.93853 154.013 1.5
      vertex 4 153.551 7.5
      vertex 4.93853 154.013 7.5
    endloop
  endfacet
  facet normal -0.441649 0.897188 0
    outer loop
      vertex 4 153.551 7.5
      vertex 4.93853 154.013 1.5
      vertex 4 153.551 1.5
    endloop
  endfacet
  facet normal -0.321977 0.946747 0
    outer loop
      vertex 5.92945 154.35 1.5
      vertex 4.93853 154.013 7.5
      vertex 5.92945 154.35 7.5
    endloop
  endfacet
  facet normal -0.321977 0.946747 0
    outer loop
      vertex 4.93853 154.013 7.5
      vertex 5.92945 154.35 1.5
      vertex 4.93853 154.013 1.5
    endloop
  endfacet
  facet normal -0.626647 0.418401 -0.65746
    outer loop
      vertex 1.45228 150.403 0.43934
      vertex 1.34024 150.467 0.586858
      vertex 1.89909 151.304 0.586858
    endloop
  endfacet
  facet normal -0.675588 0.333226 -0.657678
    outer loop
      vertex 1.45228 150.403 0.43934
      vertex 0.895339 149.565 0.586858
      vertex 1.34024 150.467 0.586858
    endloop
  endfacet
  facet normal -0.0615279 0.945243 -0.320516
    outer loop
      vertex 8 154.508 0.925975
      vertex 6.97069 154.441 0.925975
      vertex 8 154.571 1.11177
    endloop
  endfacet
  facet normal -0.0580561 0.895454 -0.441352
    outer loop
      vertex 6.98202 154.355 0.75
      vertex 6.97069 154.441 0.925975
      vertex 8 154.421 0.75
    endloop
  endfacet
  facet normal -0.43398 0.879781 -0.19403
    outer loop
      vertex 4.02556 153.506 1.11177
      vertex 4.00642 153.539 1.30421
      vertex 4.95809 153.966 1.11177
    endloop
  endfacet
  facet normal -0.320835 0.944679 -0.0681649
    outer loop
      vertex 5.93277 154.337 1.30421
      vertex 4.94344 154.001 1.30421
      vertex 5.92945 154.35 1.5
    endloop
  endfacet
  facet normal -0.146837 0.737974 -0.658661
    outer loop
      vertex 6.04316 153.925 0.43934
      vertex 6.00967 154.05 0.586858
      vertex 7.01314 154.118 0.43934
    endloop
  endfacet
  facet normal -0.368249 0.745426 -0.555637
    outer loop
      vertex 5.05715 153.727 0.586858
      vertex 4.10048 153.376 0.75
      vertex 5.01544 153.828 0.75
    endloop
  endfacet
  facet normal -0.196176 0.398061 -0.896137
    outer loop
      vertex 4.46299 152.749 0.114181
      vertex 4.375 152.901 0.200961
      vertex 5.29289 153.158 0.114181
    endloop
  endfacet
  facet normal -0.0868407 0.435422 -0.896028
    outer loop
      vertex 7.07665 153.636 0.114181
      vertex 6.16911 153.455 0.114181
      vertex 7.05369 153.81 0.200961
    endloop
  endfacet
  facet normal -0.0127878 0.194872 -0.980745
    outer loop
      vertex 7.12602 153.261 0.0128326
      vertex 7.10091 153.452 0.0511112
      vertex 8 153.511 0.0511112
    endloop
  endfacet
  facet normal -0.00426088 0.065332 -0.997854
    outer loop
      vertex 8 153.122 0
      vertex 7.12602 153.261 0.0128326
      vertex 8 153.318 0.0128326
    endloop
  endfacet
  facet normal -0.0381446 0.19162 -0.980728
    outer loop
      vertex 6.267 153.09 0.0128326
      vertex 6.2172 153.276 0.0511112
      vertex 7.12602 153.261 0.0128326
    endloop
  endfacet
  facet normal -0.0211377 0.0623384 -0.997831
    outer loop
      vertex 5.51256 152.628 0
      vertex 5.43763 152.808 0.0128326
      vertex 6.31768 152.901 0
    endloop
  endfacet
  facet normal 0 0.322681 -0.946508
    outer loop
      vertex 8 153.696 0.114181
      vertex 70.9672 153.511 0.0511112
      vertex 8 153.511 0.0511112
    endloop
  endfacet
  facet normal 0 0.322681 -0.946508
    outer loop
      vertex 70.9672 153.511 0.0511112
      vertex 8 153.696 0.114181
      vertex 71.2922 153.696 0.114181
    endloop
  endfacet
  facet normal 0 0.322681 -0.946508
    outer loop
      vertex 75.8774 153.511 0.0511112
      vertex 76.4223 153.696 0.114181
      vertex 76.4223 153.511 0.0511112
    endloop
  endfacet
  facet normal 0 0.322681 -0.946508
    outer loop
      vertex 76.4223 153.696 0.114181
      vertex 75.8774 153.511 0.0511112
      vertex 75.5524 153.696 0.114181
    endloop
  endfacet
  facet normal -0.0209635 0.32261 -0.9463
    outer loop
      vertex 8 153.511 0.0511112
      vertex 7.07665 153.636 0.114181
      vertex 8 153.696 0.114181
    endloop
  endfacet
  facet normal -0.241304 0.711601 -0.659846
    outer loop
      vertex 5.10666 153.607 0.43934
      vertex 5.05715 153.727 0.586858
      vertex 6.00967 154.05 0.586858
    endloop
  endfacet
  facet normal -0.161982 0.814438 -0.557183
    outer loop
      vertex 6.00967 154.05 0.586858
      vertex 5.98146 154.156 0.75
      vertex 6.98202 154.355 0.75
    endloop
  endfacet
  facet normal -0.674741 0.592135 -0.440569
    outer loop
      vertex 2.48525 152.137 0.75
      vertex 1.74376 151.423 0.925975
      vertex 2.42388 152.198 0.925975
    endloop
  endfacet
  facet normal -0.712186 0.624996 -0.319641
    outer loop
      vertex 1.74376 151.423 0.925975
      vertex 1.69372 151.461 1.11177
      vertex 2.42388 152.198 0.925975
    endloop
  endfacet
  facet normal -0.59158 -0.674578 -0.441563
    outer loop
      vertex 3.19942 1.74376 0.925975
      vertex 2.42388 2.42388 0.925975
      vertex 2.48525 2.48525 0.75
    endloop
  endfacet
  facet normal -0.54859 -0.625548 -0.554742
    outer loop
      vertex 3.25225 1.81261 0.75
      vertex 2.48525 2.48525 0.75
      vertex 3.31861 1.89909 0.586858
    endloop
  endfacet
  facet normal -0.737452 -0.646732 -0.194685
    outer loop
      vertex 2.35222 2.35222 1.30421
      vertex 1.66335 3.13772 1.30421
      vertex 1.69372 3.16102 1.11177
    endloop
  endfacet
  facet normal -0.750236 -0.657944 -0.0652341
    outer loop
      vertex 2.34315 2.34315 1.5
      vertex 1.66335 3.13772 1.30421
      vertex 2.35222 2.35222 1.30421
    endloop
  endfacet
  facet normal -0.178928 -0.267787 -0.946718
    outer loop
      vertex 4.46299 1.87372 0.114181
      vertex 3.69361 2.3878 0.114181
      vertex 4.55589 2.03462 0.0511112
    endloop
  endfacet
  facet normal -0.17893 -0.26779 -0.946717
    outer loop
      vertex 4.55589 2.03462 0.0511112
      vertex 3.69361 2.3878 0.114181
      vertex 3.80671 2.5352 0.0511112
    endloop
  endfacet
  facet normal -0.246085 -0.499009 -0.830923
    outer loop
      vertex 5.16311 1.15115 0.30997
      vertex 4.29343 1.58003 0.30997
      vertex 4.375 1.72132 0.200961
    endloop
  endfacet
  facet normal -0.29212 -0.333096 -0.8965
    outer loop
      vertex 3.58648 2.24819 0.200961
      vertex 2.87348 2.87348 0.200961
      vertex 3.69361 2.3878 0.114181
    endloop
  endfacet
  facet normal -0.0289895 -0.0587838 -0.99785
    outer loop
      vertex 5.43763 1.8139 0.0128326
      vertex 4.75 2.37084 0
      vertex 5.51256 1.99478 0
    endloop
  endfacet
  facet normal -0.0628419 -0.185122 -0.980704
    outer loop
      vertex 6.2172 1.34648 0.0511112
      vertex 5.43763 1.8139 0.0128326
      vertex 6.267 1.53236 0.0128326
    endloop
  endfacet
  facet normal -0.0210679 -0.0620626 -0.99785
    outer loop
      vertex 6.267 1.53236 0.0128326
      vertex 5.43763 1.8139 0.0128326
      vertex 6.31768 1.72148 0
    endloop
  endfacet
  facet normal 0.0492163 -0.750928 -0.658547
    outer loop
      vertex 77.4092 0.504023 0.43934
      vertex 76.4223 0.309971 0.586858
      vertex 76.4223 0.439341 0.43934
    endloop
  endfacet
  facet normal -0.0431754 -0.658732 -0.751138
    outer loop
      vertex 8 0.439341 0.43934
      vertex 7.01314 0.504023 0.43934
      vertex 8 0.586859 0.30997
    endloop
  endfacet
  facet normal -0.0492182 -0.750928 -0.658547
    outer loop
      vertex 8 0.309971 0.586858
      vertex 6.99625 0.37576 0.586858
      vertex 7.01314 0.504023 0.43934
    endloop
  endfacet
  facet normal -0.0544163 -0.830235 -0.554751
    outer loop
      vertex 8 0.200962 0.75
      vertex 6.99625 0.37576 0.586858
      vertex 8 0.309971 0.586858
    endloop
  endfacet
  facet normal 0.894971 -0.441363 -0.0650071
    outer loop
      vertex 83.8133 4.93853 1.5
      vertex 83.3394 4.00642 1.30421
      vertex 83.8015 4.94344 1.30421
    endloop
  endfacet
  facet normal 0.804817 -0.396867 -0.441323
    outer loop
      vertex 83.2516 4.05709 0.925975
      vertex 83.1765 4.10048 0.75
      vertex 83.7078 4.98223 0.925975
    endloop
  endfacet
  facet normal 0.894976 -0.441323 -0.0652103
    outer loop
      vertex 83.3505 4 1.5
      vertex 83.3394 4.00642 1.30421
      vertex 83.8133 4.93853 1.5
    endloop
  endfacet
  facet normal 0.94492 -0.320784 -0.0649936
    outer loop
      vertex 83.8133 4.93853 1.5
      vertex 83.8015 4.94344 1.30421
      vertex 84.1497 5.92945 1.5
    endloop
  endfacet
  facet normal 0.737523 -0.646729 -0.194428
    outer loop
      vertex 82.7589 3.13772 1.30421
      vertex 82.0701 2.35222 1.30421
      vertex 82.7286 3.16102 1.11177
    endloop
  endfacet
  facet normal 0.815584 -0.545006 -0.194402
    outer loop
      vertex 82.7589 3.13772 1.30421
      vertex 82.7286 3.16102 1.11177
      vertex 83.3394 4.00642 1.30421
    endloop
  endfacet
  facet normal 0.0127855 -0.195069 -0.980706
    outer loop
      vertex 77.3214 1.1707 0.0511112
      vertex 76.4223 1.11177 0.0511112
      vertex 77.2963 1.3615 0.0128326
    endloop
  endfacet
  facet normal 0.0289837 -0.0587751 -0.99785
    outer loop
      vertex 78.9847 1.8139 0.0128326
      vertex 78.9097 1.99478 0
      vertex 79.6723 2.37084 0
    endloop
  endfacet
  facet normal 0.320759 -0.944911 -0.0652464
    outer loop
      vertex 79.4838 0.608964 1.5
      vertex 78.4929 0.272593 1.5
      vertex 79.4789 0.62082 1.30421
    endloop
  endfacet
  facet normal 0.0641533 -0.978765 -0.194688
    outer loop
      vertex 77.4648 0.0811644 1.30421
      vertex 76.4223 0.0128336 1.30421
      vertex 76.4223 0.0511122 1.11177
    endloop
  endfacet
  facet normal 0.544891 -0.815553 -0.194853
    outer loop
      vertex 80.4159 1.08291 1.30421
      vertex 80.3967 1.11606 1.11177
      vertex 81.2613 1.69372 1.11177
    endloop
  endfacet
  facet normal -0.0652635 -0.995731 -0.065268
    outer loop
      vertex 8 0 1.5
      vertex 6.95747 0.0811644 1.30421
      vertex 8 0.0128336 1.30421
    endloop
  endfacet
  facet normal 0.462243 -0.691814 -0.554729
    outer loop
      vertex 80.3218 1.24584 0.75
      vertex 80.2673 1.34024 0.586858
      vertex 81.1037 1.89909 0.586858
    endloop
  endfacet
  facet normal 0.462192 -0.691776 -0.554819
    outer loop
      vertex 81.1701 1.81261 0.75
      vertex 80.3218 1.24584 0.75
      vertex 81.1037 1.89909 0.586858
    endloop
  endfacet
  facet normal 0.657928 -0.750251 -0.0652199
    outer loop
      vertex 81.2924 1.65317 1.5
      vertex 81.2846 1.66335 1.30421
      vertex 82.0792 2.34315 1.5
    endloop
  endfacet
  facet normal 0.750264 -0.657901 -0.0653484
    outer loop
      vertex 82.0792 2.34315 1.5
      vertex 82.0701 2.35222 1.30421
      vertex 82.7589 3.13772 1.30421
    endloop
  endfacet
  facet normal 0.0431751 -0.658724 -0.751145
    outer loop
      vertex 77.4092 0.504023 0.43934
      vertex 76.4223 0.586859 0.30997
      vertex 77.3899 0.650279 0.30997
    endloop
  endfacet
  facet normal 0.496141 -0.565775 -0.658591
    outer loop
      vertex 81.86 2.56233 0.586858
      vertex 81.0249 2.00173 0.43934
      vertex 81.7685 2.65381 0.43934
    endloop
  endfacet
  facet normal 0.548549 -0.625501 -0.554836
    outer loop
      vertex 81.1701 1.81261 0.75
      vertex 81.1037 1.89909 0.586858
      vertex 81.9371 2.48525 0.75
    endloop
  endfacet
  facet normal 0.108599 -0.162523 -0.98071
    outer loop
      vertex 80.6156 2.5352 0.0511112
      vertex 79.7702 2.20128 0.0128326
      vertex 80.4984 2.68787 0.0128326
    endloop
  endfacet
  facet normal 0.128893 -0.146967 -0.980708
    outer loop
      vertex 81.293 3.12929 0.0511112
      vertex 80.6156 2.5352 0.0511112
      vertex 81.1569 3.26536 0.0128326
    endloop
  endfacet
  facet normal 0.787435 -0.526168 -0.321082
    outer loop
      vertex 82.7286 3.16102 1.11177
      vertex 82.6785 3.19942 0.925975
      vertex 83.2516 4.05709 0.925975
    endloop
  endfacet
  facet normal 0.625537 -0.548548 -0.554796
    outer loop
      vertex 82.6097 3.25225 0.75
      vertex 81.9371 2.48525 0.75
      vertex 82.5232 3.31861 0.586858
    endloop
  endfacet
  facet normal 0.737415 -0.646734 -0.194819
    outer loop
      vertex 82.0701 2.35222 1.30421
      vertex 82.043 2.37929 1.11177
      vertex 82.7286 3.16102 1.11177
    endloop
  endfacet
  facet normal 0.526189 -0.787561 -0.320738
    outer loop
      vertex 80.3967 1.11606 1.11177
      vertex 80.3652 1.17068 0.925975
      vertex 81.2613 1.69372 1.11177
    endloop
  endfacet
  facet normal 0.267787 -0.178934 -0.946717
    outer loop
      vertex 82.0345 3.69361 0.114181
      vertex 81.8871 3.80671 0.0511112
      vertex 82.3877 4.55589 0.0511112
    endloop
  endfacet
  facet normal 0.397365 -0.195929 -0.8965
    outer loop
      vertex 82.701 4.375 0.200961
      vertex 82.5486 4.46299 0.114181
      vertex 82.9578 5.29289 0.114181
    endloop
  endfacet
  facet normal 0.496332 -0.435287 -0.751119
    outer loop
      vertex 81.7685 2.65381 0.43934
      vertex 81.6642 2.75812 0.30997
      vertex 82.4206 3.39736 0.43934
    endloop
  endfacet
  facet normal 0.418283 -0.36679 -0.830966
    outer loop
      vertex 81.6642 2.75812 0.30997
      vertex 81.5488 2.87348 0.200961
      vertex 82.3035 3.48717 0.30997
    endloop
  endfacet
  facet normal 0.162528 -0.108597 -0.98071
    outer loop
      vertex 81.8871 3.80671 0.0511112
      vertex 81.7344 3.92386 0.0128326
      vertex 82.221 4.65211 0.0128326
    endloop
  endfacet
  facet normal 0.267784 -0.178933 -0.946718
    outer loop
      vertex 82.5486 4.46299 0.114181
      vertex 82.0345 3.69361 0.114181
      vertex 82.3877 4.55589 0.0511112
    endloop
  endfacet
  facet normal 0.0432223 -0.0492815 -0.997849
    outer loop
      vertex 81.1569 3.26536 0.0128326
      vertex 80.3793 2.8432 0
      vertex 81.0185 3.40381 0
    endloop
  endfacet
  facet normal 0.815982 -0.162273 -0.554834
    outer loop
      vertex 84.1546 6.98202 0.75
      vertex 83.8503 6.00967 0.586858
      vertex 84.0465 6.99625 0.586858
    endloop
  endfacet
  facet normal 0.674776 -0.332751 -0.658752
    outer loop
      vertex 83.527 5.05715 0.586858
      vertex 82.97 4.21967 0.43934
      vertex 83.4074 5.10666 0.43934
    endloop
  endfacet
  facet normal 0.592253 -0.292057 -0.750959
    outer loop
      vertex 83.4074 5.10666 0.43934
      vertex 82.97 4.21967 0.43934
      vertex 83.2712 5.16311 0.30997
    endloop
  endfacet
  facet normal 0.498985 -0.246084 -0.830937
    outer loop
      vertex 82.8423 4.29343 0.30997
      vertex 82.701 4.375 0.200961
      vertex 83.2712 5.16311 0.30997
    endloop
  endfacet
  facet normal 0.71251 -0.241866 -0.658658
    outer loop
      vertex 83.8503 6.00967 0.586858
      vertex 83.4074 5.10666 0.43934
      vertex 83.7253 6.04316 0.43934
    endloop
  endfacet
  facet normal 0.555305 -0.0363848 -0.830851
    outer loop
      vertex 83.772 7.03239 0.30997
      vertex 83.6723 8 0.200961
      vertex 83.8354 8 0.30997
    endloop
  endfacet
  facet normal 0.191731 -0.0381419 -0.980706
    outer loop
      vertex 83.0758 6.2172 0.0511112
      vertex 83.0608 7.12602 0.0128326
      vertex 83.2516 7.10091 0.0511112
    endloop
  endfacet
  facet normal 0.195069 -0.0127791 -0.980706
    outer loop
      vertex 83.2516 7.10091 0.0511112
      vertex 83.0608 7.12602 0.0128326
      vertex 83.3105 8 0.0511112
    endloop
  endfacet
  facet normal 0.0654193 0.00428423 -0.997849
    outer loop
      vertex 82.9223 146.622 0
      vertex 82.8667 147.471 0
      vertex 83.0608 147.496 0.0128326
    endloop
  endfacet
  facet normal 0.191682 0.0381355 -0.980716
    outer loop
      vertex 83.0608 147.496 0.0128326
      vertex 82.8899 148.355 0.0128326
      vertex 83.0758 148.405 0.0511112
    endloop
  endfacet
  facet normal 0.321436 0 -0.946931
    outer loop
      vertex 83.3105 8 0.0511112
      vertex 83.4963 146.622 0.114181
      vertex 83.4963 8 0.114181
    endloop
  endfacet
  facet normal 0.321436 0 -0.946931
    outer loop
      vertex 83.4963 146.622 0.114181
      vertex 83.3105 8 0.0511112
      vertex 83.3105 146.622 0.0511112
    endloop
  endfacet
  facet normal 0.442233 0 -0.8969
    outer loop
      vertex 83.4963 8 0.114181
      vertex 83.6723 146.622 0.200961
      vertex 83.6723 8 0.200961
    endloop
  endfacet
  facet normal 0.442233 0 -0.8969
    outer loop
      vertex 83.6723 146.622 0.200961
      vertex 83.4963 8 0.114181
      vertex 83.4963 146.622 0.114181
    endloop
  endfacet
  facet normal 0.555305 0.0363702 -0.830851
    outer loop
      vertex 83.8354 146.622 0.30997
      vertex 83.6723 146.622 0.200961
      vertex 83.772 147.59 0.30997
    endloop
  endfacet
  facet normal 0.997861 -0.065364 0
    outer loop
      vertex 84.3539 6.95579 7.5
      vertex 84.4223 8 1.5
      vertex 84.4223 8 7.5
    endloop
  endfacet
  facet normal 0.997861 -0.065364 0
    outer loop
      vertex 84.4223 8 1.5
      vertex 84.3539 6.95579 7.5
      vertex 84.3539 6.95579 1.5
    endloop
  endfacet
  facet normal 0.99787 0 -0.0652369
    outer loop
      vertex 84.4223 127.222 1.5
      vertex 84.4095 146.622 1.30421
      vertex 84.4223 146.622 1.5
    endloop
  endfacet
  facet normal 0.99787 0 -0.0652369
    outer loop
      vertex 84.4223 118.622 1.5
      vertex 84.4095 146.622 1.30421
      vertex 84.4223 127.222 1.5
    endloop
  endfacet
  facet normal 0.99787 0 -0.0652369
    outer loop
      vertex 84.4223 114.622 1.5
      vertex 84.4095 146.622 1.30421
      vertex 84.4223 118.622 1.5
    endloop
  endfacet
  facet normal 0.99787 0 -0.0652369
    outer loop
      vertex 84.4223 106.022 1.5
      vertex 84.4095 146.622 1.30421
      vertex 84.4223 114.622 1.5
    endloop
  endfacet
  facet normal 0.99787 0 -0.0652369
    outer loop
      vertex 84.4223 97.6223 1.5
      vertex 84.4095 146.622 1.30421
      vertex 84.4223 106.022 1.5
    endloop
  endfacet
  facet normal 0.99787 0 -0.0652369
    outer loop
      vertex 84.4223 92.0223 1.5
      vertex 84.4095 146.622 1.30421
      vertex 84.4223 97.6223 1.5
    endloop
  endfacet
  facet normal 0.99787 0 -0.0652369
    outer loop
      vertex 84.4095 8 1.30421
      vertex 84.4223 92.0223 1.5
      vertex 84.4223 8 1.5
    endloop
  endfacet
  facet normal 0.99787 0 -0.0652369
    outer loop
      vertex 84.4223 92.0223 1.5
      vertex 84.4095 8 1.30421
      vertex 84.4095 146.622 1.30421
    endloop
  endfacet
  facet normal 0.97874 -0.0642148 -0.194792
    outer loop
      vertex 84.4095 8 1.30421
      vertex 84.3411 6.95747 1.30421
      vertex 84.3712 8 1.11177
    endloop
  endfacet
  facet normal 0.304949 0.103564 -0.946721
    outer loop
      vertex 83.0758 148.405 0.0511112
      vertex 82.9578 149.329 0.114181
      vertex 83.2553 148.453 0.114181
    endloop
  endfacet
  facet normal 0.442036 0.0289401 -0.89653
    outer loop
      vertex 83.6723 146.622 0.200961
      vertex 83.4358 147.546 0.114181
      vertex 83.6103 147.569 0.200961
    endloop
  endfacet
  facet normal 0.185299 0.0629103 -0.980666
    outer loop
      vertex 83.0758 148.405 0.0511112
      vertex 82.6084 149.185 0.0128326
      vertex 82.7862 149.258 0.0511112
    endloop
  endfacet
  facet normal 0.0289086 0.0586763 -0.997858
    outer loop
      vertex 79.6723 152.251 0
      vertex 78.9847 152.808 0.0128326
      vertex 79.7702 152.421 0.0128326
    endloop
  endfacet
  facet normal 0.0862717 0.175107 -0.980762
    outer loop
      vertex 79.7702 152.421 0.0128326
      vertex 78.9847 152.808 0.0128326
      vertex 79.8664 152.588 0.0511112
    endloop
  endfacet
  facet normal 0.0621425 0.021076 -0.997845
    outer loop
      vertex 82.7008 148.305 0
      vertex 82.6084 149.185 0.0128326
      vertex 82.8899 148.355 0.0128326
    endloop
  endfacet
  facet normal 0.062051 0.0210665 -0.997851
    outer loop
      vertex 82.7008 148.305 0
      vertex 82.4275 149.11 0
      vertex 82.6084 149.185 0.0128326
    endloop
  endfacet
  facet normal 0.41908 0.142291 -0.89673
    outer loop
      vertex 83.4253 148.499 0.200961
      vertex 82.9578 149.329 0.114181
      vertex 83.1204 149.397 0.200961
    endloop
  endfacet
  facet normal 0.419198 0.142365 -0.896663
    outer loop
      vertex 83.2553 148.453 0.114181
      vertex 82.9578 149.329 0.114181
      vertex 83.4253 148.499 0.200961
    endloop
  endfacet
  facet normal 0.435547 0.496183 -0.751067
    outer loop
      vertex 81.6642 151.864 0.30997
      vertex 80.9351 152.504 0.30997
      vertex 81.0249 152.621 0.43934
    endloop
  endfacet
  facet normal 0.366599 0.549098 -0.751063
    outer loop
      vertex 80.9351 152.504 0.30997
      vertex 80.2026 153.17 0.43934
      vertex 81.0249 152.621 0.43934
    endloop
  endfacet
  facet normal 0.292681 0.33389 -0.896022
    outer loop
      vertex 81.5488 151.749 0.200961
      vertex 80.7287 152.235 0.114181
      vertex 80.8358 152.374 0.200961
    endloop
  endfacet
  facet normal 0.367422 0.418573 -0.830541
    outer loop
      vertex 81.5488 151.749 0.200961
      vertex 80.9351 152.504 0.30997
      vertex 81.6642 151.864 0.30997
    endloop
  endfacet
  facet normal 0.498622 0.245815 -0.831235
    outer loop
      vertex 83.2712 149.459 0.30997
      vertex 82.701 150.247 0.200961
      vertex 82.8423 150.329 0.30997
    endloop
  endfacet
  facet normal 0.527209 0.178952 -0.830678
    outer loop
      vertex 83.4253 148.499 0.200961
      vertex 83.2712 149.459 0.30997
      vertex 83.5828 148.541 0.30997
    endloop
  endfacet
  facet normal 0.418691 0.367173 -0.830591
    outer loop
      vertex 82.3035 151.135 0.30997
      vertex 81.5488 151.749 0.200961
      vertex 81.6642 151.864 0.30997
    endloop
  endfacet
  facet normal 0.745978 0.367853 -0.555159
    outer loop
      vertex 83.527 149.565 0.586858
      vertex 83.1765 150.522 0.75
      vertex 83.6277 149.607 0.75
    endloop
  endfacet
  facet normal 0.242124 0.212546 -0.946678
    outer loop
      vertex 81.8871 150.816 0.0511112
      vertex 81.4244 151.624 0.114181
      vertex 82.0345 150.929 0.114181
    endloop
  endfacet
  facet normal 0.332417 0.29181 -0.896853
    outer loop
      vertex 82.0345 150.929 0.114181
      vertex 81.4244 151.624 0.114181
      vertex 81.5488 151.749 0.200961
    endloop
  endfacet
  facet normal 0.368581 0.246141 -0.896416
    outer loop
      vertex 82.701 150.247 0.200961
      vertex 82.0345 150.929 0.114181
      vertex 82.1741 151.036 0.200961
    endloop
  endfacet
  facet normal 0.463103 0.309263 -0.830597
    outer loop
      vertex 82.701 150.247 0.200961
      vertex 82.1741 151.036 0.200961
      vertex 82.3035 151.135 0.30997
    endloop
  endfacet
  facet normal 0.879539 0.433762 -0.195604
    outer loop
      vertex 83.7661 149.664 1.11177
      vertex 83.3394 150.616 1.30421
      vertex 83.8015 149.679 1.30421
    endloop
  endfacet
  facet normal 0.894955 0.441365 -0.0652091
    outer loop
      vertex 83.8015 149.679 1.30421
      vertex 83.3394 150.616 1.30421
      vertex 83.8133 149.684 1.5
    endloop
  endfacet
  facet normal 0.849492 0.41896 -0.320678
    outer loop
      vertex 83.7078 149.64 0.925975
      vertex 83.2516 150.565 0.925975
      vertex 83.7661 149.664 1.11177
    endloop
  endfacet
  facet normal 0.625957 0.548916 -0.553958
    outer loop
      vertex 82.5232 151.304 0.586858
      vertex 81.9371 152.137 0.75
      vertex 82.6097 151.37 0.75
    endloop
  endfacet
  facet normal 0.928625 0.315393 -0.195407
    outer loop
      vertex 84.1003 148.68 1.11177
      vertex 83.7661 149.664 1.11177
      vertex 83.8015 149.679 1.30421
    endloop
  endfacet
  facet normal 0.945069 0.0618424 -0.320966
    outer loop
      vertex 84.3081 146.622 0.925975
      vertex 84.2407 147.652 0.925975
      vertex 84.3712 146.622 1.11177
    endloop
  endfacet
  facet normal 0.978742 0.064186 -0.194792
    outer loop
      vertex 84.3712 146.622 1.11177
      vertex 84.3411 147.665 1.30421
      vertex 84.4095 146.622 1.30421
    endloop
  endfacet
  facet normal 0.962064 0.191375 -0.194445
    outer loop
      vertex 84.3032 147.66 1.11177
      vertex 84.1003 148.68 1.11177
      vertex 84.3411 147.665 1.30421
    endloop
  endfacet
  facet normal 0.647519 0.128836 -0.75108
    outer loop
      vertex 83.9183 147.609 0.43934
      vertex 83.5828 148.541 0.30997
      vertex 83.7253 148.579 0.43934
    endloop
  endfacet
  facet normal 0.978628 0.194772 -0.0659685
    outer loop
      vertex 84.3411 147.665 1.30421
      vertex 84.1497 148.693 1.5
      vertex 84.3539 147.667 1.5
    endloop
  endfacet
  facet normal 0.995705 0.0651734 -0.0657611
    outer loop
      vertex 84.4223 146.622 1.5
      vertex 84.3411 147.665 1.30421
      vertex 84.3539 147.667 1.5
    endloop
  endfacet
  facet normal 0.737728 0.146785 -0.658948
    outer loop
      vertex 83.9183 147.609 0.43934
      vertex 83.7253 148.579 0.43934
      vertex 83.8503 148.613 0.586858
    endloop
  endfacet
  facet normal 0.738194 0.146741 -0.658435
    outer loop
      vertex 83.9183 147.609 0.43934
      vertex 83.8503 148.613 0.586858
      vertex 84.0465 147.626 0.586858
    endloop
  endfacet
  facet normal 0.129059 0.64864 -0.750073
    outer loop
      vertex 78.341 153.783 0.30997
      vertex 77.4092 154.118 0.43934
      vertex 78.3792 153.925 0.43934
    endloop
  endfacet
  facet normal 0.128785 0.648082 -0.750603
    outer loop
      vertex 78.341 153.783 0.30997
      vertex 77.3899 153.972 0.30997
      vertex 77.4092 154.118 0.43934
    endloop
  endfacet
  facet normal 0.142815 0.420532 -0.895967
    outer loop
      vertex 79.1294 153.158 0.114181
      vertex 78.2987 153.625 0.200961
      vertex 79.1968 153.32 0.200961
    endloop
  endfacet
  facet normal 0.0381474 0.191539 -0.980743
    outer loop
      vertex 78.2051 153.276 0.0511112
      vertex 77.2963 153.261 0.0128326
      vertex 77.3214 153.452 0.0511112
    endloop
  endfacet
  facet normal 0.0128034 0.0643166 -0.997847
    outer loop
      vertex 78.1046 152.901 0
      vertex 77.2963 153.261 0.0128326
      vertex 78.1553 153.09 0.0128326
    endloop
  endfacet
  facet normal 0.00436611 0.0656137 -0.997836
    outer loop
      vertex 76.4223 153.318 0.0128326
      vertex 76.4807 153.132 0.000857513
      vertex 76.4223 153.172 0.00323222
    endloop
  endfacet
  facet normal 0.00427735 0.065586 -0.997838
    outer loop
      vertex 76.4807 153.132 0.000857513
      vertex 76.4223 153.318 0.0128326
      vertex 77.2963 153.261 0.0128326
    endloop
  endfacet
  facet normal 0.0864256 0.434511 -0.896511
    outer loop
      vertex 78.2532 153.455 0.114181
      vertex 77.3686 153.81 0.200961
      vertex 78.2987 153.625 0.200961
    endloop
  endfacet
  facet normal 0.624988 0.711715 -0.320705
    outer loop
      vertex 81.9984 152.198 0.925975
      vertex 81.2229 152.879 0.925975
      vertex 81.2613 152.929 1.11177
    endloop
  endfacet
  facet normal 0.624419 0.711528 -0.322225
    outer loop
      vertex 81.9984 152.198 0.925975
      vertex 81.2613 152.929 1.11177
      vertex 82.043 152.243 1.11177
    endloop
  endfacet
  facet normal 0.175699 0.879975 -0.441331
    outer loop
      vertex 78.4633 154.239 0.925975
      vertex 77.4403 154.355 0.75
      vertex 77.4516 154.441 0.925975
    endloop
  endfacet
  facet normal 0.288563 0.84994 -0.440832
    outer loop
      vertex 79.4069 153.828 0.75
      vertex 78.4408 154.156 0.75
      vertex 79.4401 153.908 0.925975
    endloop
  endfacet
  facet normal 0.194506 0.978633 -0.0666678
    outer loop
      vertex 78.4929 154.35 1.5
      vertex 77.4648 154.541 1.30421
      vertex 77.4665 154.554 1.5
    endloop
  endfacet
  facet normal 0.185067 0.929711 -0.318414
    outer loop
      vertex 78.4796 154.3 1.11177
      vertex 77.4516 154.441 0.925975
      vertex 77.4598 154.503 1.11177
    endloop
  endfacet
  facet normal 0.0619982 0.945929 -0.318394
    outer loop
      vertex 77.4516 154.441 0.925975
      vertex 76.4223 154.571 1.11177
      vertex 77.4598 154.503 1.11177
    endloop
  endfacet
  facet normal 0.241981 0.712551 -0.658571
    outer loop
      vertex 79.3156 153.607 0.43934
      vertex 78.3792 153.925 0.43934
      vertex 78.4126 154.05 0.586858
    endloop
  endfacet
  facet normal 0.146843 0.738018 -0.65861
    outer loop
      vertex 78.3792 153.925 0.43934
      vertex 77.4092 154.118 0.43934
      vertex 78.4126 154.05 0.586858
    endloop
  endfacet
  facet normal -0.647463 -0.128789 -0.751136
    outer loop
      vertex 0.839455 6.08134 0.30997
      vertex 0.504023 7.01314 0.43934
      vertex 0.650279 7.03239 0.30997
    endloop
  endfacet
  facet normal -0.442098 -0.0289769 -0.896499
    outer loop
      vertex 0.812025 7.05369 0.200961
      vertex 0.75 8 0.200961
      vertex 0.986495 7.07665 0.114181
    endloop
  endfacet
  facet normal -0.74622 -0.367997 -0.554737
    outer loop
      vertex 1.24584 4.10048 0.75
      vertex 0.794629 5.01544 0.75
      vertex 0.895339 5.05715 0.586858
    endloop
  endfacet
  facet normal -0.849632 -0.288412 -0.441525
    outer loop
      vertex 0.714454 4.98223 0.925975
      vertex 0.466708 5.98146 0.75
      vertex 0.794629 5.01544 0.75
    endloop
  endfacet
  facet normal -0.26779 -0.17893 -0.946717
    outer loop
      vertex 2.3878 3.69361 0.114181
      vertex 2.03462 4.55589 0.0511112
      vertex 2.5352 3.80671 0.0511112
    endloop
  endfacet
  facet normal -0.462632 -0.309119 -0.830913
    outer loop
      vertex 2.11876 3.48717 0.30997
      vertex 1.72132 4.375 0.200961
      vertex 2.24819 3.58648 0.200961
    endloop
  endfacet
  facet normal -0.787868 -0.267446 -0.55474
    outer loop
      vertex 0.794629 5.01544 0.75
      vertex 0.572001 6.00967 0.586858
      vertex 0.895339 5.05715 0.586858
    endloop
  endfacet
  facet normal -0.592073 -0.291979 -0.751131
    outer loop
      vertex 1.45228 4.21967 0.43934
      vertex 1.15115 5.16311 0.30997
      vertex 1.58003 4.29343 0.30997
    endloop
  endfacet
  facet normal -0.434526 -0.0864319 -0.896503
    outer loop
      vertex 0.997038 6.12356 0.200961
      vertex 0.812025 7.05369 0.200961
      vertex 1.16702 6.16911 0.114181
    endloop
  endfacet
  facet normal -0.647459 -0.128787 -0.751139
    outer loop
      vertex 0.696963 6.04316 0.43934
      vertex 0.504023 7.01314 0.43934
      vertex 0.839455 6.08134 0.30997
    endloop
  endfacet
  facet normal -0.0492771 -0.043215 -0.99785
    outer loop
      vertex 3.26536 3.26536 0.0128326
      vertex 2.68787 3.92386 0.0128326
      vertex 2.8432 4.04305 0
    endloop
  endfacet
  facet normal -0.0432136 -0.0492747 -0.99785
    outer loop
      vertex 4.04305 2.8432 0
      vertex 3.26536 3.26536 0.0128326
      vertex 3.40381 3.40381 0
    endloop
  endfacet
  facet normal -0.0364127 -0.0544967 -0.99785
    outer loop
      vertex 4.65211 2.20128 0.0128326
      vertex 3.92386 2.68787 0.0128326
      vertex 4.04305 2.8432 0
    endloop
  endfacet
  facet normal -0.108609 -0.162549 -0.980705
    outer loop
      vertex 4.65211 2.20128 0.0128326
      vertex 3.80671 2.5352 0.0511112
      vertex 3.92386 2.68787 0.0128326
    endloop
  endfacet
  facet normal -0.526871 -0.178848 -0.830915
    outer loop
      vertex 1.15115 5.16311 0.30997
      vertex 0.997038 6.12356 0.200961
      vertex 1.30187 5.22555 0.200961
    endloop
  endfacet
  facet normal -0.419535 -0.142412 -0.896498
    outer loop
      vertex 1.30187 5.22555 0.200961
      vertex 0.997038 6.12356 0.200961
      vertex 1.46445 5.29289 0.114181
    endloop
  endfacet
  facet normal -0.309119 -0.462632 -0.830913
    outer loop
      vertex 4.375 1.72132 0.200961
      vertex 3.48717 2.11876 0.30997
      vertex 3.58648 2.24819 0.200961
    endloop
  endfacet
  facet normal -0.435268 -0.496324 -0.751135
    outer loop
      vertex 3.39736 2.00173 0.43934
      vertex 2.65381 2.65381 0.43934
      vertex 2.75812 2.75812 0.30997
    endloop
  endfacet
  facet normal -0.816146 0.162271 -0.554594
    outer loop
      vertex 0.37576 147.626 0.586858
      vertex 0.267684 147.64 0.75
      vertex 0.572001 148.613 0.586858
    endloop
  endfacet
  facet normal -0.738036 0.14674 -0.658613
    outer loop
      vertex 0.504023 147.609 0.43934
      vertex 0.37576 147.626 0.586858
      vertex 0.572001 148.613 0.586858
    endloop
  endfacet
  facet normal -0.647547 0.128802 -0.751061
    outer loop
      vertex 0.839455 148.541 0.30997
      vertex 0.504023 147.609 0.43934
      vertex 0.696963 148.579 0.43934
    endloop
  endfacet
  facet normal -0.625235 0.21229 -0.751009
    outer loop
      vertex 0.839455 148.541 0.30997
      vertex 0.696963 148.579 0.43934
      vertex 1.15115 149.459 0.30997
    endloop
  endfacet
  facet normal -0.658732 0.0431693 -0.751138
    outer loop
      vertex 0.586859 146.622 0.30997
      vertex 0.439341 146.622 0.43934
      vertex 0.504023 147.609 0.43934
    endloop
  endfacet
  facet normal -0.555208 0.0363753 -0.830915
    outer loop
      vertex 0.75 146.622 0.200961
      vertex 0.586859 146.622 0.30997
      vertex 0.650279 147.59 0.30997
    endloop
  endfacet
  facet normal -0.555255 0.0363671 -0.830885
    outer loop
      vertex 0.75 146.622 0.200961
      vertex 0.650279 147.59 0.30997
      vertex 0.812025 147.569 0.200961
    endloop
  endfacet
  facet normal -0.195074 0.0127869 -0.980705
    outer loop
      vertex 1.30421 146.622 0.0128326
      vertex 1.11177 146.622 0.0511112
      vertex 1.3615 147.496 0.0128326
    endloop
  endfacet
  facet normal -0.195075 0.0127873 -0.980705
    outer loop
      vertex 1.3615 147.496 0.0128326
      vertex 1.11177 146.622 0.0511112
      vertex 1.1707 147.521 0.0511112
    endloop
  endfacet
  facet normal -0.315896 0.0628745 -0.946708
    outer loop
      vertex 1.34648 148.405 0.0511112
      vertex 0.986495 147.546 0.114181
      vertex 1.16702 148.453 0.114181
    endloop
  endfacet
  facet normal -0.185305 0.062919 -0.980665
    outer loop
      vertex 1.8139 149.185 0.0128326
      vertex 1.34648 148.405 0.0511112
      vertex 1.63611 149.258 0.0511112
    endloop
  endfacet
  facet normal -0.49937 0.246425 -0.830605
    outer loop
      vertex 1.30187 149.397 0.200961
      vertex 1.15115 149.459 0.30997
      vertex 1.72132 150.247 0.200961
    endloop
  endfacet
  facet normal -0.396782 0.1958 -0.896787
    outer loop
      vertex 1.46445 149.329 0.114181
      vertex 1.30187 149.397 0.200961
      vertex 1.72132 150.247 0.200961
    endloop
  endfacet
  facet normal -0.305011 0.103561 -0.946701
    outer loop
      vertex 1.34648 148.405 0.0511112
      vertex 1.16702 148.453 0.114181
      vertex 1.46445 149.329 0.114181
    endloop
  endfacet
  facet normal -0.304997 0.10356 -0.946706
    outer loop
      vertex 1.63611 149.258 0.0511112
      vertex 1.34648 148.405 0.0511112
      vertex 1.46445 149.329 0.114181
    endloop
  endfacet
  facet normal -0.591624 0.674258 -0.441991
    outer loop
      vertex 3.25225 152.81 0.75
      vertex 2.48525 152.137 0.75
      vertex 3.19942 152.879 0.925975
    endloop
  endfacet
  facet normal -0.592378 0.674615 -0.440436
    outer loop
      vertex 2.48525 152.137 0.75
      vertex 2.42388 152.198 0.925975
      vertex 3.19942 152.879 0.925975
    endloop
  endfacet
  facet normal -0.304391 0.897308 -0.319663
    outer loop
      vertex 4.98223 153.908 0.925975
      vertex 4.95809 153.966 1.11177
      vertex 5.94268 154.3 1.11177
    endloop
  endfacet
  facet normal -0.544571 0.81595 -0.194084
    outer loop
      vertex 4.02556 153.506 1.11177
      vertex 3.16102 152.929 1.11177
      vertex 4.00642 153.539 1.30421
    endloop
  endfacet
  facet normal -0.368435 0.746938 -0.553479
    outer loop
      vertex 4.15499 153.282 0.586858
      vertex 4.10048 153.376 0.75
      vertex 5.05715 153.727 0.586858
    endloop
  endfacet
  facet normal -0.396006 0.803423 -0.444625
    outer loop
      vertex 4.10048 153.376 0.75
      vertex 4.05709 153.452 0.925975
      vertex 4.98223 153.908 0.925975
    endloop
  endfacet
  facet normal -0.566539 0.496544 -0.657631
    outer loop
      vertex 2.65381 151.969 0.43934
      vertex 2.00173 151.225 0.43934
      vertex 2.56233 152.06 0.586858
    endloop
  endfacet
  facet normal -0.49675 0.566501 -0.657508
    outer loop
      vertex 2.65381 151.969 0.43934
      vertex 2.56233 152.06 0.586858
      vertex 3.39736 152.621 0.43934
    endloop
  endfacet
  facet normal -0.366119 0.548675 -0.751607
    outer loop
      vertex 4.29343 153.042 0.30997
      vertex 3.48717 152.504 0.30997
      vertex 4.21967 153.17 0.43934
    endloop
  endfacet
  facet normal -0.291793 0.59153 -0.751631
    outer loop
      vertex 4.29343 153.042 0.30997
      vertex 4.21967 153.17 0.43934
      vertex 5.16311 153.471 0.30997
    endloop
  endfacet
  facet normal -0.241934 0.712489 -0.658655
    outer loop
      vertex 6.04316 153.925 0.43934
      vertex 5.10666 153.607 0.43934
      vertex 6.00967 154.05 0.586858
    endloop
  endfacet
  facet normal -0.21248 0.625746 -0.750529
    outer loop
      vertex 5.16311 153.471 0.30997
      vertex 5.10666 153.607 0.43934
      vertex 6.04316 153.925 0.43934
    endloop
  endfacet
  facet normal -0.108352 0.544765 -0.831559
    outer loop
      vertex 6.12356 153.625 0.200961
      vertex 6.08134 153.783 0.30997
      vertex 7.05369 153.81 0.200961
    endloop
  endfacet
  facet normal -0.178708 0.525945 -0.831532
    outer loop
      vertex 6.12356 153.625 0.200961
      vertex 5.16311 153.471 0.30997
      vertex 6.08134 153.783 0.30997
    endloop
  endfacet
  facet normal -0.108521 0.16228 -0.980759
    outer loop
      vertex 3.92386 151.934 0.0128326
      vertex 3.80671 152.087 0.0511112
      vertex 4.65211 152.421 0.0128326
    endloop
  endfacet
  facet normal -0.10852 0.162277 -0.98076
    outer loop
      vertex 4.65211 152.421 0.0128326
      vertex 3.80671 152.087 0.0511112
      vertex 4.55589 152.588 0.0511112
    endloop
  endfacet
  facet normal -0.00424263 0.065446 -0.997847
    outer loop
      vertex 7.15158 153.067 0
      vertex 7.12602 153.261 0.0128326
      vertex 8 153.122 0
    endloop
  endfacet
  facet normal -0.17539 0.0865509 -0.980687
    outer loop
      vertex 2.20128 149.97 0.0128326
      vertex 1.8139 149.185 0.0128326
      vertex 2.03462 150.066 0.0511112
    endloop
  endfacet
  facet normal -0.267961 0.178848 -0.946684
    outer loop
      vertex 2.5352 150.816 0.0511112
      vertex 2.03462 150.066 0.0511112
      vertex 2.3878 150.929 0.114181
    endloop
  endfacet
  facet normal -0.162694 0.108589 -0.980683
    outer loop
      vertex 2.20128 149.97 0.0128326
      vertex 2.03462 150.066 0.0511112
      vertex 2.5352 150.816 0.0511112
    endloop
  endfacet
  facet normal -0.162147 0.108378 -0.980797
    outer loop
      vertex 2.68787 150.698 0.0128326
      vertex 2.20128 149.97 0.0128326
      vertex 2.5352 150.816 0.0511112
    endloop
  endfacet
  facet normal -0.0582515 0.894908 -0.442432
    outer loop
      vertex 8 154.421 0.75
      vertex 6.97069 154.441 0.925975
      vertex 8 154.508 0.925975
    endloop
  endfacet
  facet normal -0.191487 0.961946 -0.194915
    outer loop
      vertex 6.96246 154.503 1.11177
      vertex 5.94268 154.3 1.11177
      vertex 6.95747 154.541 1.30421
    endloop
  endfacet
  facet normal -0.185069 0.929702 -0.31844
    outer loop
      vertex 6.97069 154.441 0.925975
      vertex 5.94268 154.3 1.11177
      vertex 6.96246 154.503 1.11177
    endloop
  endfacet
  facet normal -0.012687 0.19453 -0.980815
    outer loop
      vertex 8 153.318 0.0128326
      vertex 7.12602 153.261 0.0128326
      vertex 8 153.511 0.0511112
    endloop
  endfacet
  facet normal 0 0.194545 -0.980894
    outer loop
      vertex 76.2094 153.318 0.0128326
      vertex 76.4223 153.511 0.0511112
      vertex 76.4223 153.318 0.0128326
    endloop
  endfacet
  facet normal -0.000101757 0.194653 -0.980872
    outer loop
      vertex 76.1357 153.372 0.0235565
      vertex 76.4223 153.511 0.0511112
      vertex 76.2094 153.318 0.0128326
    endloop
  endfacet
  facet normal -0.000315087 0.195076 -0.980788
    outer loop
      vertex 75.8907 153.503 0.0496908
      vertex 76.4223 153.511 0.0511112
      vertex 76.1357 153.372 0.0235565
    endloop
  endfacet
  facet normal 0 0.174816 -0.984601
    outer loop
      vertex 76.4223 153.511 0.0511112
      vertex 75.8907 153.503 0.0496908
      vertex 75.8774 153.511 0.0511112
    endloop
  endfacet
  facet normal 0.105074 0.00188117 -0.994463
    outer loop
      vertex 70.7089 153.372 0.0235565
      vertex 70.9672 153.511 0.0511112
      vertex 70.9539 153.503 0.0496908
    endloop
  endfacet
  facet normal 0 0.194545 -0.980894
    outer loop
      vertex 8 153.511 0.0511112
      vertex 70.6352 153.318 0.0128326
      vertex 8 153.318 0.0128326
    endloop
  endfacet
  facet normal 7.7055e-07 0.194786 -0.980846
    outer loop
      vertex 70.6352 153.318 0.0128326
      vertex 8 153.511 0.0511112
      vertex 70.7089 153.372 0.0235565
    endloop
  endfacet
  facet normal 0 0.194451 -0.980912
    outer loop
      vertex 70.7089 153.372 0.0235565
      vertex 8 153.511 0.0511112
      vertex 70.9672 153.511 0.0511112
    endloop
  endfacet
  facet normal -0.142208 0.419546 -0.896525
    outer loop
      vertex 6.16911 153.455 0.114181
      vertex 5.29289 153.158 0.114181
      vertex 6.12356 153.625 0.200961
    endloop
  endfacet
  facet normal -0.0211117 0.0620901 -0.997847
    outer loop
      vertex 6.31768 152.901 0
      vertex 5.43763 152.808 0.0128326
      vertex 6.267 153.09 0.0128326
    endloop
  endfacet
  facet normal -0.266997 0.786356 -0.557096
    outer loop
      vertex 6.00967 154.05 0.586858
      vertex 5.01544 153.828 0.75
      vertex 5.98146 154.156 0.75
    endloop
  endfacet
  facet normal -0.266989 0.787346 -0.5557
    outer loop
      vertex 5.05715 153.727 0.586858
      vertex 5.01544 153.828 0.75
      vertex 6.00967 154.05 0.586858
    endloop
  endfacet
  facet normal -0.548589 -0.625546 -0.554746
    outer loop
      vertex 3.31861 1.89909 0.586858
      vertex 2.48525 2.48525 0.75
      vertex 2.56233 2.56233 0.586858
    endloop
  endfacet
  facet normal -0.496185 -0.56579 -0.658545
    outer loop
      vertex 3.31861 1.89909 0.586858
      vertex 2.56233 2.56233 0.586858
      vertex 3.39736 2.00173 0.43934
    endloop
  endfacet
  facet normal -0.8297 -0.554381 -0.0652592
    outer loop
      vertex 1.66335 3.13772 1.30421
      vertex 1.0718 4 1.5
      vertex 1.08291 4.00642 1.30421
    endloop
  endfacet
  facet normal -0.815563 -0.544935 -0.194687
    outer loop
      vertex 1.66335 3.13772 1.30421
      vertex 1.08291 4.00642 1.30421
      vertex 1.69372 3.16102 1.11177
    endloop
  endfacet
  facet normal -0.366756 -0.548889 -0.751139
    outer loop
      vertex 4.21967 1.45228 0.43934
      vertex 3.39736 2.00173 0.43934
      vertex 3.48717 2.11876 0.30997
    endloop
  endfacet
  facet normal -0.366763 -0.548896 -0.751131
    outer loop
      vertex 4.21967 1.45228 0.43934
      vertex 3.48717 2.11876 0.30997
      vertex 4.29343 1.58003 0.30997
    endloop
  endfacet
  facet normal 0.879878 -0.175073 -0.441773
    outer loop
      vertex 84.2407 6.97069 0.925975
      vertex 84.0394 5.959 0.925975
      vertex 84.1546 6.98202 0.75
    endloop
  endfacet
  facet normal 0.896835 -0.304413 -0.320967
    outer loop
      vertex 83.7661 4.95809 1.11177
      vertex 83.7078 4.98223 0.925975
      vertex 84.1003 5.94268 1.11177
    endloop
  endfacet
  facet normal 0.815555 -0.544873 -0.194893
    outer loop
      vertex 83.3394 4.00642 1.30421
      vertex 82.7286 3.16102 1.11177
      vertex 83.3062 4.02556 1.11177
    endloop
  endfacet
  facet normal 0.787569 -0.526176 -0.320739
    outer loop
      vertex 83.3062 4.02556 1.11177
      vertex 82.7286 3.16102 1.11177
      vertex 83.2516 4.05709 0.925975
    endloop
  endfacet
  facet normal 0.292152 -0.333137 -0.896474
    outer loop
      vertex 81.5488 2.87348 0.200961
      vertex 80.7287 2.3878 0.114181
      vertex 81.4244 2.99791 0.114181
    endloop
  endfacet
  facet normal 0.292146 -0.333126 -0.896481
    outer loop
      vertex 80.8358 2.24819 0.200961
      vertex 80.7287 2.3878 0.114181
      vertex 81.5488 2.87348 0.200961
    endloop
  endfacet
  facet normal 0.24194 -0.712659 -0.658469
    outer loop
      vertex 78.4126 0.572001 0.586858
      vertex 78.3792 0.696963 0.43934
      vertex 79.3156 1.01486 0.43934
    endloop
  endfacet
  facet normal 0.146817 -0.73812 -0.658501
    outer loop
      vertex 78.4126 0.572001 0.586858
      vertex 77.4092 0.504023 0.43934
      vertex 78.3792 0.696963 0.43934
    endloop
  endfacet
  facet normal 0.00428703 -0.0654017 -0.99785
    outer loop
      vertex 77.2963 1.3615 0.0128326
      vertex 76.4223 1.30421 0.0128326
      vertex 76.4223 1.5 0
    endloop
  endfacet
  facet normal 0.0127869 -0.195074 -0.980705
    outer loop
      vertex 77.2963 1.3615 0.0128326
      vertex 76.4223 1.11177 0.0511112
      vertex 76.4223 1.30421 0.0128326
    endloop
  endfacet
  facet normal 0.191357 -0.96202 -0.19468
    outer loop
      vertex 78.4895 0.284989 1.30421
      vertex 77.4648 0.0811644 1.30421
      vertex 78.4796 0.321963 1.11177
    endloop
  endfacet
  facet normal 0.33285 -0.674902 -0.658573
    outer loop
      vertex 80.2673 1.34024 0.586858
      vertex 79.3652 0.895339 0.586858
      vertex 80.2026 1.45228 0.43934
    endloop
  endfacet
  facet normal 0.0586822 -0.89533 -0.441521
    outer loop
      vertex 77.4516 0.181645 0.925975
      vertex 76.4223 0.114182 0.925975
      vertex 76.4223 0.200962 0.75
    endloop
  endfacet
  facet normal 0.433825 -0.879687 -0.1948
    outer loop
      vertex 79.4789 0.62082 1.30421
      vertex 79.4642 0.656185 1.11177
      vertex 80.4159 1.08291 1.30421
    endloop
  endfacet
  facet normal 0.191354 -0.962018 -0.194694
    outer loop
      vertex 77.4648 0.0811644 1.30421
      vertex 77.4598 0.119116 1.11177
      vertex 78.4796 0.321963 1.11177
    endloop
  endfacet
  facet normal 0.267428 -0.787883 -0.554728
    outer loop
      vertex 79.4069 0.794629 0.75
      vertex 78.4126 0.572001 0.586858
      vertex 79.3652 0.895339 0.586858
    endloop
  endfacet
  facet normal 0.554384 -0.829703 -0.0652028
    outer loop
      vertex 80.4223 1.0718 1.5
      vertex 80.4159 1.08291 1.30421
      vertex 81.2846 1.66335 1.30421
    endloop
  endfacet
  facet normal 0.526186 -0.787516 -0.320853
    outer loop
      vertex 81.2613 1.69372 1.11177
      vertex 80.3652 1.17068 0.925975
      vertex 81.2229 1.74376 0.925975
    endloop
  endfacet
  facet normal 0 -0.659346 -0.751839
    outer loop
      vertex 8 0.439341 0.43934
      vertex 76.4223 0.586859 0.30997
      vertex 76.4223 0.439341 0.43934
    endloop
  endfacet
  facet normal -0 -0.659346 -0.751839
    outer loop
      vertex 76.4223 0.586859 0.30997
      vertex 8 0.439341 0.43934
      vertex 8 0.586859 0.30997
    endloop
  endfacet
  facet normal 0.418066 -0.625697 -0.658577
    outer loop
      vertex 80.2673 1.34024 0.586858
      vertex 80.2026 1.45228 0.43934
      vertex 81.1037 1.89909 0.586858
    endloop
  endfacet
  facet normal 0.368021 -0.746214 -0.55473
    outer loop
      vertex 80.3218 1.24584 0.75
      vertex 79.3652 0.895339 0.586858
      vertex 80.2673 1.34024 0.586858
    endloop
  endfacet
  facet normal 0.625536 -0.548547 -0.554798
    outer loop
      vertex 81.9371 2.48525 0.75
      vertex 81.86 2.56233 0.586858
      vertex 82.5232 3.31861 0.586858
    endloop
  endfacet
  facet normal 0.548561 -0.62553 -0.554792
    outer loop
      vertex 81.9371 2.48525 0.75
      vertex 81.1037 1.89909 0.586858
      vertex 81.86 2.56233 0.586858
    endloop
  endfacet
  facet normal 0.108542 -0.545705 -0.830918
    outer loop
      vertex 77.3899 0.650279 0.30997
      vertex 77.3686 0.812025 0.200961
      vertex 78.341 0.839455 0.30997
    endloop
  endfacet
  facet normal 0.178925 -0.267789 -0.946718
    outer loop
      vertex 79.9593 1.87372 0.114181
      vertex 79.8664 2.03462 0.0511112
      vertex 80.7287 2.3878 0.114181
    endloop
  endfacet
  facet normal 0.043228 -0.049292 -0.997849
    outer loop
      vertex 80.4984 2.68787 0.0128326
      vertex 80.3793 2.8432 0
      vertex 81.1569 3.26536 0.0128326
    endloop
  endfacet
  facet normal 0.128877 -0.146956 -0.980711
    outer loop
      vertex 80.6156 2.5352 0.0511112
      vertex 80.4984 2.68787 0.0128326
      vertex 81.1569 3.26536 0.0128326
    endloop
  endfacet
  facet normal 0.71208 -0.624515 -0.320815
    outer loop
      vertex 82.043 2.37929 1.11177
      vertex 81.9984 2.42388 0.925975
      vertex 82.7286 3.16102 1.11177
    endloop
  endfacet
  facet normal 0.674659 -0.591624 -0.441381
    outer loop
      vertex 82.6785 3.19942 0.925975
      vertex 81.9371 2.48525 0.75
      vertex 82.6097 3.25225 0.75
    endloop
  endfacet
  facet normal 0.591658 -0.674633 -0.441374
    outer loop
      vertex 81.9984 2.42388 0.925975
      vertex 81.2229 1.74376 0.925975
      vertex 81.9371 2.48525 0.75
    endloop
  endfacet
  facet normal 0.674666 -0.59164 -0.441347
    outer loop
      vertex 81.9984 2.42388 0.925975
      vertex 81.9371 2.48525 0.75
      vertex 82.6785 3.19942 0.925975
    endloop
  endfacet
  facet normal 0.49624 -0.43515 -0.75126
    outer loop
      vertex 82.4206 3.39736 0.43934
      vertex 81.6642 2.75812 0.30997
      vertex 82.3035 3.48717 0.30997
    endloop
  endfacet
  facet normal 0.368372 -0.246146 -0.896501
    outer loop
      vertex 82.701 4.375 0.200961
      vertex 82.0345 3.69361 0.114181
      vertex 82.5486 4.46299 0.114181
    endloop
  endfacet
  facet normal 0.712433 -0.241811 -0.658761
    outer loop
      vertex 83.527 5.05715 0.586858
      vertex 83.4074 5.10666 0.43934
      vertex 83.8503 6.00967 0.586858
    endloop
  endfacet
  facet normal 0.397333 -0.195922 -0.896516
    outer loop
      vertex 83.1204 5.22555 0.200961
      vertex 82.701 4.375 0.200961
      vertex 82.9578 5.29289 0.114181
    endloop
  endfacet
  facet normal 0.175327 -0.0864595 -0.980706
    outer loop
      vertex 82.7862 5.36399 0.0511112
      vertex 82.3877 4.55589 0.0511112
      vertex 82.6084 5.43763 0.0128326
    endloop
  endfacet
  facet normal 0.288916 -0.142474 -0.946694
    outer loop
      vertex 82.9578 5.29289 0.114181
      vertex 82.3877 4.55589 0.0511112
      vertex 82.7862 5.36399 0.0511112
    endloop
  endfacet
  facet normal 0.746242 -0.367999 -0.554706
    outer loop
      vertex 83.6277 5.01544 0.75
      vertex 83.1765 4.10048 0.75
      vertex 83.527 5.05715 0.586858
    endloop
  endfacet
  facet normal 0.746215 -0.367996 -0.554745
    outer loop
      vertex 83.1765 4.10048 0.75
      vertex 83.0821 4.15499 0.586858
      vertex 83.527 5.05715 0.586858
    endloop
  endfacet
  facet normal 0.527063 -0.178858 -0.830792
    outer loop
      vertex 83.5828 6.08134 0.30997
      vertex 83.2712 5.16311 0.30997
      vertex 83.4253 6.12356 0.200961
    endloop
  endfacet
  facet normal 0.434479 -0.0864132 -0.896527
    outer loop
      vertex 83.6103 7.05369 0.200961
      vertex 83.2553 6.16911 0.114181
      vertex 83.4358 7.07665 0.114181
    endloop
  endfacet
  facet normal 0.928976 -0.184833 -0.320688
    outer loop
      vertex 84.3032 6.96246 1.11177
      vertex 84.1003 5.94268 1.11177
      vertex 84.2407 6.97069 0.925975
    endloop
  endfacet
  facet normal 0.849773 -0.288442 -0.441233
    outer loop
      vertex 83.7078 4.98223 0.925975
      vertex 83.6277 5.01544 0.75
      vertex 83.9556 5.98146 0.75
    endloop
  endfacet
  facet normal 0.195076 0.0127808 -0.980705
    outer loop
      vertex 83.3105 146.622 0.0511112
      vertex 83.0608 147.496 0.0128326
      vertex 83.2516 147.521 0.0511112
    endloop
  endfacet
  facet normal 0.195113 0.0127917 -0.980697
    outer loop
      vertex 83.1181 146.622 0.0128326
      vertex 83.0608 147.496 0.0128326
      vertex 83.3105 146.622 0.0511112
    endloop
  endfacet
  facet normal 0.995738 -0.06533 -0.0650975
    outer loop
      vertex 84.4223 8 1.5
      vertex 84.3411 6.95747 1.30421
      vertex 84.4095 8 1.30421
    endloop
  endfacet
  facet normal 0.995708 -0.065223 -0.0656553
    outer loop
      vertex 84.3539 6.95579 1.5
      vertex 84.3411 6.95747 1.30421
      vertex 84.4223 8 1.5
    endloop
  endfacet
  facet normal 0.434315 0.0863959 -0.896608
    outer loop
      vertex 83.6103 147.569 0.200961
      vertex 83.2553 148.453 0.114181
      vertex 83.4253 148.499 0.200961
    endloop
  endfacet
  facet normal 0.434456 0.0864601 -0.896534
    outer loop
      vertex 83.4358 147.546 0.114181
      vertex 83.2553 148.453 0.114181
      vertex 83.6103 147.569 0.200961
    endloop
  endfacet
  facet normal 0.0211103 0.0620883 -0.997847
    outer loop
      vertex 78.9847 152.808 0.0128326
      vertex 78.1046 152.901 0
      vertex 78.1553 153.09 0.0128326
    endloop
  endfacet
  facet normal 0.0127877 0.194872 -0.980745
    outer loop
      vertex 77.2963 153.261 0.0128326
      vertex 76.4223 153.511 0.0511112
      vertex 77.3214 153.452 0.0511112
    endloop
  endfacet
  facet normal 0.368447 0.245998 -0.896511
    outer loop
      vertex 82.5486 150.159 0.114181
      vertex 82.0345 150.929 0.114181
      vertex 82.701 150.247 0.200961
    endloop
  endfacet
  facet normal 0.397368 0.195907 -0.896504
    outer loop
      vertex 82.9578 149.329 0.114181
      vertex 82.5486 150.159 0.114181
      vertex 82.701 150.247 0.200961
    endloop
  endfacet
  facet normal 0.308562 0.461673 -0.831653
    outer loop
      vertex 80.8358 152.374 0.200961
      vertex 80.0473 152.901 0.200961
      vertex 80.9351 152.504 0.30997
    endloop
  endfacet
  facet normal 0.366108 0.417656 -0.831582
    outer loop
      vertex 81.5488 151.749 0.200961
      vertex 80.8358 152.374 0.200961
      vertex 80.9351 152.504 0.30997
    endloop
  endfacet
  facet normal 0.527003 0.178935 -0.830813
    outer loop
      vertex 83.4253 148.499 0.200961
      vertex 83.1204 149.397 0.200961
      vertex 83.2712 149.459 0.30997
    endloop
  endfacet
  facet normal 0.499229 0.246325 -0.830719
    outer loop
      vertex 83.1204 149.397 0.200961
      vertex 82.701 150.247 0.200961
      vertex 83.2712 149.459 0.30997
    endloop
  endfacet
  facet normal 0.692089 0.46259 -0.554098
    outer loop
      vertex 83.1765 150.522 0.75
      vertex 82.5232 151.304 0.586858
      vertex 82.6097 151.37 0.75
    endloop
  endfacet
  facet normal 0.805018 0.396966 -0.440868
    outer loop
      vertex 83.6277 149.607 0.75
      vertex 83.1765 150.522 0.75
      vertex 83.7078 149.64 0.925975
    endloop
  endfacet
  facet normal 0.495987 0.434958 -0.751537
    outer loop
      vertex 82.3035 151.135 0.30997
      vertex 81.6642 151.864 0.30997
      vertex 82.4206 151.225 0.43934
    endloop
  endfacet
  facet normal 0.626526 0.418357 -0.657604
    outer loop
      vertex 82.97 150.403 0.43934
      vertex 82.5232 151.304 0.586858
      vertex 83.0821 150.467 0.586858
    endloop
  endfacet
  facet normal 0.495603 0.434386 -0.752121
    outer loop
      vertex 82.4206 151.225 0.43934
      vertex 81.6642 151.864 0.30997
      vertex 81.7685 151.969 0.43934
    endloop
  endfacet
  facet normal 0.434369 0.495394 -0.752269
    outer loop
      vertex 81.6642 151.864 0.30997
      vertex 81.0249 152.621 0.43934
      vertex 81.7685 151.969 0.43934
    endloop
  endfacet
  facet normal 0.674488 0.591474 -0.441841
    outer loop
      vertex 82.6097 151.37 0.75
      vertex 81.9371 152.137 0.75
      vertex 82.6785 151.423 0.925975
    endloop
  endfacet
  facet normal 0.548494 0.366597 -0.751506
    outer loop
      vertex 82.97 150.403 0.43934
      vertex 82.3035 151.135 0.30997
      vertex 82.4206 151.225 0.43934
    endloop
  endfacet
  facet normal 0.879803 0.433678 -0.194603
    outer loop
      vertex 83.7661 149.664 1.11177
      vertex 83.3062 150.597 1.11177
      vertex 83.3394 150.616 1.30421
    endloop
  endfacet
  facet normal 0.849276 0.41863 -0.321681
    outer loop
      vertex 83.7661 149.664 1.11177
      vertex 83.2516 150.565 0.925975
      vertex 83.3062 150.597 1.11177
    endloop
  endfacet
  facet normal 0.879597 0.175136 -0.442307
    outer loop
      vertex 84.1546 147.64 0.75
      vertex 84.0394 148.663 0.925975
      vertex 84.2407 147.652 0.925975
    endloop
  endfacet
  facet normal 0.751104 0.0492365 -0.658345
    outer loop
      vertex 83.983 146.622 0.43934
      vertex 83.9183 147.609 0.43934
      vertex 84.1123 146.622 0.586858
    endloop
  endfacet
  facet normal 0.928738 0.315339 -0.194953
    outer loop
      vertex 84.1003 148.68 1.11177
      vertex 83.8015 149.679 1.30421
      vertex 84.1373 148.69 1.30421
    endloop
  endfacet
  facet normal 0.805105 0.397069 -0.440616
    outer loop
      vertex 83.7078 149.64 0.925975
      vertex 83.1765 150.522 0.75
      vertex 83.2516 150.565 0.925975
    endloop
  endfacet
  facet normal 0.928733 0.18492 -0.321341
    outer loop
      vertex 84.2407 147.652 0.925975
      vertex 84.0394 148.663 0.925975
      vertex 84.1003 148.68 1.11177
    endloop
  endfacet
  facet normal 0.896596 0.30431 -0.321731
    outer loop
      vertex 84.0394 148.663 0.925975
      vertex 83.7078 149.64 0.925975
      vertex 84.1003 148.68 1.11177
    endloop
  endfacet
  facet normal 0.945182 0.0619195 -0.320618
    outer loop
      vertex 84.3712 146.622 1.11177
      vertex 84.2407 147.652 0.925975
      vertex 84.3032 147.66 1.11177
    endloop
  endfacet
  facet normal 0.929051 0.184808 -0.320483
    outer loop
      vertex 84.2407 147.652 0.925975
      vertex 84.1003 148.68 1.11177
      vertex 84.3032 147.66 1.11177
    endloop
  endfacet
  facet normal 0.658666 0.0431399 -0.751198
    outer loop
      vertex 83.8354 146.622 0.30997
      vertex 83.772 147.59 0.30997
      vertex 83.9183 147.609 0.43934
    endloop
  endfacet
  facet normal 0.647473 0.128814 -0.751123
    outer loop
      vertex 83.772 147.59 0.30997
      vertex 83.5828 148.541 0.30997
      vertex 83.9183 147.609 0.43934
    endloop
  endfacet
  facet normal 0 0.75258 -0.658501
    outer loop
      vertex 72.8709 154.236 0.5
      vertex 76.4223 154.312 0.586858
      vertex 73.9737 154.236 0.5
    endloop
  endfacet
  facet normal -0.000485672 0.759325 -0.650711
    outer loop
      vertex 76.4223 154.312 0.586858
      vertex 74.1392 154.218 0.478872
      vertex 73.9737 154.236 0.5
    endloop
  endfacet
  facet normal 0.00777434 0.66702 -0.744999
    outer loop
      vertex 76.4223 154.312 0.586858
      vertex 74.1522 154.216 0.477217
      vertex 74.1392 154.218 0.478872
    endloop
  endfacet
  facet normal 0 0.752775 -0.658278
    outer loop
      vertex 74.2487 154.183 0.43934
      vertex 76.4223 154.312 0.586858
      vertex 76.4223 154.183 0.43934
    endloop
  endfacet
  facet normal -0.000140815 0.753802 -0.657102
    outer loop
      vertex 76.4223 154.312 0.586858
      vertex 74.2487 154.183 0.43934
      vertex 74.1522 154.216 0.477217
    endloop
  endfacet
  facet normal 0 0.75258 -0.658501
    outer loop
      vertex 76.4223 154.312 0.586858
      vertex 72.8709 154.236 0.5
      vertex 8 154.312 0.586858
    endloop
  endfacet
  facet normal 2.32374e-05 0.761116 -0.648615
    outer loop
      vertex 72.7054 154.218 0.478872
      vertex 8 154.312 0.586858
      vertex 72.8709 154.236 0.5
    endloop
  endfacet
  facet normal -0.000355704 0.6389 -0.76929
    outer loop
      vertex 72.6924 154.216 0.477217
      vertex 8 154.312 0.586858
      vertex 72.7054 154.218 0.478872
    endloop
  endfacet
  facet normal 5.52673e-06 0.753973 -0.656906
    outer loop
      vertex 72.5959 154.183 0.43934
      vertex 8 154.312 0.586858
      vertex 72.6924 154.216 0.477217
    endloop
  endfacet
  facet normal 0 0.752775 -0.658278
    outer loop
      vertex 8 154.312 0.586858
      vertex 72.5959 154.183 0.43934
      vertex 8 154.183 0.43934
    endloop
  endfacet
  facet normal 0.103477 0.304437 -0.946895
    outer loop
      vertex 79.0583 152.986 0.0511112
      vertex 78.2051 153.276 0.0511112
      vertex 79.1294 153.158 0.114181
    endloop
  endfacet
  facet normal 0.0628531 0.184918 -0.980742
    outer loop
      vertex 78.9847 152.808 0.0128326
      vertex 78.2051 153.276 0.0511112
      vertex 79.0583 152.986 0.0511112
    endloop
  endfacet
  facet normal 0.108348 0.544728 -0.831584
    outer loop
      vertex 78.2987 153.625 0.200961
      vertex 77.3686 153.81 0.200961
      vertex 78.341 153.783 0.30997
    endloop
  endfacet
  facet normal 0.0429331 0.659399 -0.750567
    outer loop
      vertex 77.3899 153.972 0.30997
      vertex 76.4223 154.035 0.30997
      vertex 77.4092 154.118 0.43934
    endloop
  endfacet
  facet normal -0.00055573 0.0656143 -0.997845
    outer loop
      vertex 76.3869 153.196 0.00483008
      vertex 76.4223 153.318 0.0128326
      vertex 76.4223 153.172 0.00323222
    endloop
  endfacet
  facet normal 0 0.0654538 -0.997856
    outer loop
      vertex 76.4223 153.318 0.0128326
      vertex 76.3869 153.196 0.00483008
      vertex 76.2094 153.318 0.0128326
    endloop
  endfacet
  facet normal -0.0423558 -0.00391082 0.999095
    outer loop
      vertex 70.3506 153.122 0
      vertex 70.6352 153.318 0.0128326
      vertex 70.4577 153.196 0.00483008
    endloop
  endfacet
  facet normal 0 0.0653326 -0.997864
    outer loop
      vertex 8 153.318 0.0128326
      vertex 70.3506 153.122 0
      vertex 8 153.122 0
    endloop
  endfacet
  facet normal 0 0.0653326 -0.997864
    outer loop
      vertex 70.3506 153.122 0
      vertex 8 153.318 0.0128326
      vertex 70.6352 153.318 0.0128326
    endloop
  endfacet
  facet normal 0.19151 0.961964 -0.194807
    outer loop
      vertex 78.4796 154.3 1.11177
      vertex 77.4648 154.541 1.30421
      vertex 78.4895 154.337 1.30421
    endloop
  endfacet
  facet normal 0.194794 0.97846 -0.0683502
    outer loop
      vertex 78.4895 154.337 1.30421
      vertex 77.4648 154.541 1.30421
      vertex 78.4929 154.35 1.5
    endloop
  endfacet
  facet normal 0.064984 0.997886 -0
    outer loop
      vertex 77.4665 154.554 1.5
      vertex 76.4223 154.622 7.5
      vertex 77.4665 154.554 7.5
    endloop
  endfacet
  facet normal 0.064984 0.997886 0
    outer loop
      vertex 76.4223 154.622 7.5
      vertex 77.4665 154.554 1.5
      vertex 76.4223 154.622 1.5
    endloop
  endfacet
  facet normal 0.19494 0.980815 -0
    outer loop
      vertex 78.4929 154.35 1.5
      vertex 77.4665 154.554 7.5
      vertex 78.4929 154.35 7.5
    endloop
  endfacet
  facet normal 0.19494 0.980815 0
    outer loop
      vertex 77.4665 154.554 7.5
      vertex 78.4929 154.35 1.5
      vertex 77.4665 154.554 1.5
    endloop
  endfacet
  facet normal 0.397572 0.804731 -0.440846
    outer loop
      vertex 80.3218 153.376 0.75
      vertex 79.4069 153.828 0.75
      vertex 79.4401 153.908 0.925975
    endloop
  endfacet
  facet normal 0.161993 0.81444 -0.557176
    outer loop
      vertex 78.4126 154.05 0.586858
      vertex 77.4403 154.355 0.75
      vertex 78.4408 154.156 0.75
    endloop
  endfacet
  facet normal -0.738078 -0.146811 -0.658549
    outer loop
      vertex 0.572001 6.00967 0.586858
      vertex 0.37576 6.99625 0.586858
      vertex 0.504023 7.01314 0.43934
    endloop
  endfacet
  facet normal -0.738076 -0.146812 -0.658551
    outer loop
      vertex 0.572001 6.00967 0.586858
      vertex 0.504023 7.01314 0.43934
      vertex 0.696963 6.04316 0.43934
    endloop
  endfacet
  facet normal -0.175334 -0.0864652 -0.980705
    outer loop
      vertex 2.03462 4.55589 0.0511112
      vertex 1.63611 5.36399 0.0511112
      vertex 1.8139 5.43763 0.0128326
    endloop
  endfacet
  facet normal -0.288839 -0.142439 -0.946722
    outer loop
      vertex 2.03462 4.55589 0.0511112
      vertex 1.46445 5.29289 0.114181
      vertex 1.63611 5.36399 0.0511112
    endloop
  endfacet
  facet normal -0.434536 -0.0864365 -0.896497
    outer loop
      vertex 1.16702 6.16911 0.114181
      vertex 0.812025 7.05369 0.200961
      vertex 0.986495 7.07665 0.114181
    endloop
  endfacet
  facet normal -0.315879 -0.0628336 -0.946717
    outer loop
      vertex 1.16702 6.16911 0.114181
      vertex 0.986495 7.07665 0.114181
      vertex 1.34648 6.2172 0.0511112
    endloop
  endfacet
  facet normal -0.043215 -0.0492771 -0.99785
    outer loop
      vertex 3.92386 2.68787 0.0128326
      vertex 3.26536 3.26536 0.0128326
      vertex 4.04305 2.8432 0
    endloop
  endfacet
  facet normal -0.128899 -0.146981 -0.980705
    outer loop
      vertex 3.80671 2.5352 0.0511112
      vertex 3.26536 3.26536 0.0128326
      vertex 3.92386 2.68787 0.0128326
    endloop
  endfacet
  facet normal -0.368376 -0.24614 -0.896501
    outer loop
      vertex 2.3878 3.69361 0.114181
      vertex 1.72132 4.375 0.200961
      vertex 1.87372 4.46299 0.114181
    endloop
  endfacet
  facet normal -0.39735 -0.195956 -0.896501
    outer loop
      vertex 1.72132 4.375 0.200961
      vertex 1.46445 5.29289 0.114181
      vertex 1.87372 4.46299 0.114181
    endloop
  endfacet
  facet normal -0.333096 -0.29212 -0.8965
    outer loop
      vertex 2.87348 2.87348 0.200961
      vertex 2.24819 3.58648 0.200961
      vertex 2.3878 3.69361 0.114181
    endloop
  endfacet
  facet normal -0.418324 -0.366864 -0.830913
    outer loop
      vertex 2.87348 2.87348 0.200961
      vertex 2.11876 3.48717 0.30997
      vertex 2.24819 3.58648 0.200961
    endloop
  endfacet
  facet normal -0.397357 -0.195957 -0.896498
    outer loop
      vertex 1.72132 4.375 0.200961
      vertex 1.30187 5.22555 0.200961
      vertex 1.46445 5.29289 0.114181
    endloop
  endfacet
  facet normal -0.462619 -0.309115 -0.830922
    outer loop
      vertex 2.11876 3.48717 0.30997
      vertex 1.58003 4.29343 0.30997
      vertex 1.72132 4.375 0.200961
    endloop
  endfacet
  facet normal -0.499015 -0.24609 -0.830917
    outer loop
      vertex 1.72132 4.375 0.200961
      vertex 1.15115 5.16311 0.30997
      vertex 1.30187 5.22555 0.200961
    endloop
  endfacet
  facet normal -0.592065 -0.291978 -0.751138
    outer loop
      vertex 1.45228 4.21967 0.43934
      vertex 1.01486 5.10666 0.43934
      vertex 1.15115 5.16311 0.30997
    endloop
  endfacet
  facet normal -0.591594 -0.674584 -0.441535
    outer loop
      vertex 3.19942 1.74376 0.925975
      vertex 2.48525 2.48525 0.75
      vertex 3.25225 1.81261 0.75
    endloop
  endfacet
  facet normal -0.56579 -0.496185 -0.658545
    outer loop
      vertex 2.56233 2.56233 0.586858
      vertex 1.89909 3.31861 0.586858
      vertex 2.00173 3.39736 0.43934
    endloop
  endfacet
  facet normal -0.418318 -0.366856 -0.830919
    outer loop
      vertex 2.75812 2.75812 0.30997
      vertex 2.11876 3.48717 0.30997
      vertex 2.87348 2.87348 0.200961
    endloop
  endfacet
  facet normal -0.309115 -0.462619 -0.830922
    outer loop
      vertex 4.29343 1.58003 0.30997
      vertex 3.48717 2.11876 0.30997
      vertex 4.375 1.72132 0.200961
    endloop
  endfacet
  facet normal -0.545804 0.108582 -0.830848
    outer loop
      vertex 0.997038 148.499 0.200961
      vertex 0.812025 147.569 0.200961
      vertex 0.839455 148.541 0.30997
    endloop
  endfacet
  facet normal -0.545839 0.10858 -0.830825
    outer loop
      vertex 0.812025 147.569 0.200961
      vertex 0.650279 147.59 0.30997
      vertex 0.839455 148.541 0.30997
    endloop
  endfacet
  facet normal -0.185074 0.062778 -0.980717
    outer loop
      vertex 1.53236 148.355 0.0128326
      vertex 1.34648 148.405 0.0511112
      vertex 1.8139 149.185 0.0128326
    endloop
  endfacet
  facet normal -0.191754 0.0381295 -0.980702
    outer loop
      vertex 1.3615 147.496 0.0128326
      vertex 1.1707 147.521 0.0511112
      vertex 1.34648 148.405 0.0511112
    endloop
  endfacet
  facet normal -0.62497 0.711731 -0.320705
    outer loop
      vertex 3.19942 152.879 0.925975
      vertex 2.42388 152.198 0.925975
      vertex 3.16102 152.929 1.11177
    endloop
  endfacet
  facet normal -0.526177 0.787585 -0.3207
    outer loop
      vertex 3.19942 152.879 0.925975
      vertex 3.16102 152.929 1.11177
      vertex 4.05709 153.452 0.925975
    endloop
  endfacet
  facet normal -0.418903 0.849877 -0.319735
    outer loop
      vertex 4.98223 153.908 0.925975
      vertex 4.05709 153.452 0.925975
      vertex 4.95809 153.966 1.11177
    endloop
  endfacet
  facet normal -0.419383 0.850189 -0.318272
    outer loop
      vertex 4.05709 153.452 0.925975
      vertex 4.02556 153.506 1.11177
      vertex 4.95809 153.966 1.11177
    endloop
  endfacet
  facet normal -0.461254 0.691253 -0.55625
    outer loop
      vertex 3.31861 152.723 0.586858
      vertex 3.25225 152.81 0.75
      vertex 4.10048 153.376 0.75
    endloop
  endfacet
  facet normal -0.497878 0.74614 -0.442032
    outer loop
      vertex 3.25225 152.81 0.75
      vertex 3.19942 152.879 0.925975
      vertex 4.10048 153.376 0.75
    endloop
  endfacet
  facet normal -0.0862662 0.1751 -0.980764
    outer loop
      vertex 4.65211 152.421 0.0128326
      vertex 4.55589 152.588 0.0511112
      vertex 5.43763 152.808 0.0128326
    endloop
  endfacet
  facet normal -0.0628484 0.184907 -0.980744
    outer loop
      vertex 5.43763 152.808 0.0128326
      vertex 5.36399 152.986 0.0511112
      vertex 6.2172 153.276 0.0511112
    endloop
  endfacet
  facet normal -0.0128035 0.0643181 -0.997847
    outer loop
      vertex 7.15158 153.067 0
      vertex 6.31768 152.901 0
      vertex 7.12602 153.261 0.0128326
    endloop
  endfacet
  facet normal -0.146614 0.12848 -0.980815
    outer loop
      vertex 2.68787 150.698 0.0128326
      vertex 2.5352 150.816 0.0511112
      vertex 3.26536 151.357 0.0128326
    endloop
  endfacet
  facet normal -0.0493237 0.0432229 -0.997847
    outer loop
      vertex 2.8432 150.579 0
      vertex 2.68787 150.698 0.0128326
      vertex 3.26536 151.357 0.0128326
    endloop
  endfacet
  facet normal -0.0545197 0.0364406 -0.997848
    outer loop
      vertex 2.8432 150.579 0
      vertex 2.20128 149.97 0.0128326
      vertex 2.68787 150.698 0.0128326
    endloop
  endfacet
  facet normal -0.128673 0.146848 -0.980754
    outer loop
      vertex 3.92386 151.934 0.0128326
      vertex 3.26536 151.357 0.0128326
      vertex 3.80671 152.087 0.0511112
    endloop
  endfacet
  facet normal -0.178734 0.526245 -0.831336
    outer loop
      vertex 5.22555 153.32 0.200961
      vertex 5.16311 153.471 0.30997
      vertex 6.12356 153.625 0.200961
    endloop
  endfacet
  facet normal -0.14284 0.420565 -0.895948
    outer loop
      vertex 5.29289 153.158 0.114181
      vertex 5.22555 153.32 0.200961
      vertex 6.12356 153.625 0.200961
    endloop
  endfacet
  facet normal -0.0631284 0.316528 -0.94648
    outer loop
      vertex 6.2172 153.276 0.0511112
      vertex 6.16911 153.455 0.114181
      vertex 7.07665 153.636 0.114181
    endloop
  endfacet
  facet normal -0.103604 0.305656 -0.946488
    outer loop
      vertex 6.2172 153.276 0.0511112
      vertex 5.29289 153.158 0.114181
      vertex 6.16911 153.455 0.114181
    endloop
  endfacet
  facet normal -0.397547 0.804733 -0.440865
    outer loop
      vertex 5.01544 153.828 0.75
      vertex 4.10048 153.376 0.75
      vertex 4.98223 153.908 0.925975
    endloop
  endfacet
  facet normal -0.288582 0.849926 -0.440846
    outer loop
      vertex 5.01544 153.828 0.75
      vertex 4.98223 153.908 0.925975
      vertex 5.98146 154.156 0.75
    endloop
  endfacet
  facet normal -0.849461 -0.418905 -0.320835
    outer loop
      vertex 1.17068 4.05709 0.925975
      vertex 0.656185 4.95809 1.11177
      vertex 0.714454 4.98223 0.925975
    endloop
  endfacet
  facet normal -0.80471 -0.396837 -0.441544
    outer loop
      vertex 1.17068 4.05709 0.925975
      vertex 0.714454 4.98223 0.925975
      vertex 1.24584 4.10048 0.75
    endloop
  endfacet
  facet normal 0.84948 -0.418942 -0.320735
    outer loop
      vertex 83.3062 4.02556 1.11177
      vertex 83.2516 4.05709 0.925975
      vertex 83.7661 4.95809 1.11177
    endloop
  endfacet
  facet normal 0.879662 -0.433827 -0.194909
    outer loop
      vertex 83.3394 4.00642 1.30421
      vertex 83.3062 4.02556 1.11177
      vertex 83.7661 4.95809 1.11177
    endloop
  endfacet
  facet normal 0.0210665 -0.0620608 -0.99785
    outer loop
      vertex 78.1553 1.53236 0.0128326
      vertex 78.1046 1.72148 0
      vertex 78.9847 1.8139 0.0128326
    endloop
  endfacet
  facet normal 0.0127858 -0.0642807 -0.99785
    outer loop
      vertex 78.1553 1.53236 0.0128326
      vertex 77.2963 1.3615 0.0128326
      vertex 78.1046 1.72148 0
    endloop
  endfacet
  facet normal 0.0628347 -0.315889 -0.946713
    outer loop
      vertex 77.3456 0.986495 0.114181
      vertex 77.3214 1.1707 0.0511112
      vertex 78.2051 1.34648 0.0511112
    endloop
  endfacet
  facet normal 0.142439 -0.288839 -0.946722
    outer loop
      vertex 79.1294 1.46445 0.114181
      vertex 79.0583 1.63611 0.0511112
      vertex 79.8664 2.03462 0.0511112
    endloop
  endfacet
  facet normal 0 -0.321445 -0.946928
    outer loop
      vertex 8 0.925976 0.114181
      vertex 76.4223 1.11177 0.0511112
      vertex 76.4223 0.925976 0.114181
    endloop
  endfacet
  facet normal -0 -0.321445 -0.946928
    outer loop
      vertex 76.4223 1.11177 0.0511112
      vertex 8 0.925976 0.114181
      vertex 8 1.11177 0.0511112
    endloop
  endfacet
  facet normal 0.0289778 -0.442096 -0.8965
    outer loop
      vertex 77.3456 0.986495 0.114181
      vertex 76.4223 0.75 0.200961
      vertex 76.4223 0.925976 0.114181
    endloop
  endfacet
  facet normal 0.0381383 -0.19174 -0.980704
    outer loop
      vertex 78.2051 1.34648 0.0511112
      vertex 77.2963 1.3615 0.0128326
      vertex 78.1553 1.53236 0.0128326
    endloop
  endfacet
  facet normal 0.0381384 -0.191734 -0.980706
    outer loop
      vertex 77.3214 1.1707 0.0511112
      vertex 77.2963 1.3615 0.0128326
      vertex 78.2051 1.34648 0.0511112
    endloop
  endfacet
  facet normal 0.175046 -0.880018 -0.441505
    outer loop
      vertex 77.4516 0.181645 0.925975
      vertex 77.4403 0.267684 0.75
      vertex 78.4633 0.382884 0.925975
    endloop
  endfacet
  facet normal 0.241855 -0.712541 -0.658629
    outer loop
      vertex 79.3652 0.895339 0.586858
      vertex 78.4126 0.572001 0.586858
      vertex 79.3156 1.01486 0.43934
    endloop
  endfacet
  facet normal 0.624514 -0.712083 -0.320811
    outer loop
      vertex 82.043 2.37929 1.11177
      vertex 81.2613 1.69372 1.11177
      vertex 81.9984 2.42388 0.925975
    endloop
  endfacet
  facet normal 0.31528 -0.928797 -0.19477
    outer loop
      vertex 79.4789 0.62082 1.30421
      vertex 78.4796 0.321963 1.11177
      vertex 79.4642 0.656185 1.11177
    endloop
  endfacet
  facet normal 0.441356 -0.894957 -0.0652396
    outer loop
      vertex 79.4838 0.608964 1.5
      vertex 79.4789 0.62082 1.30421
      vertex 80.4159 1.08291 1.30421
    endloop
  endfacet
  facet normal 0.304449 -0.896892 -0.320774
    outer loop
      vertex 79.4642 0.656185 1.11177
      vertex 78.4796 0.321963 1.11177
      vertex 79.4401 0.714454 0.925975
    endloop
  endfacet
  facet normal 0 -0.946929 -0.321444
    outer loop
      vertex 8 0.114182 0.925975
      vertex 76.4223 0.0511122 1.11177
      vertex 8 0.0511122 1.11177
    endloop
  endfacet
  facet normal 0 -0.946929 -0.321444
    outer loop
      vertex 76.4223 0.0511122 1.11177
      vertex 8 0.114182 0.925975
      vertex 76.4223 0.114182 0.925975
    endloop
  endfacet
  facet normal 0.304444 -0.896887 -0.320793
    outer loop
      vertex 78.4796 0.321963 1.11177
      vertex 78.4633 0.382884 0.925975
      vertex 79.4401 0.714454 0.925975
    endloop
  endfacet
  facet normal 0.0492157 -0.750927 -0.658549
    outer loop
      vertex 77.4261 0.37576 0.586858
      vertex 76.4223 0.309971 0.586858
      vertex 77.4092 0.504023 0.43934
    endloop
  endfacet
  facet normal 0.646734 -0.737418 -0.194806
    outer loop
      vertex 82.0701 2.35222 1.30421
      vertex 81.2613 1.69372 1.11177
      vertex 82.043 2.37929 1.11177
    endloop
  endfacet
  facet normal 0.646732 -0.737452 -0.194685
    outer loop
      vertex 81.2846 1.66335 1.30421
      vertex 81.2613 1.69372 1.11177
      vertex 82.0701 2.35222 1.30421
    endloop
  endfacet
  facet normal 0.554379 -0.829704 -0.0652257
    outer loop
      vertex 81.2924 1.65317 1.5
      vertex 80.4223 1.0718 1.5
      vertex 81.2846 1.66335 1.30421
    endloop
  endfacet
  facet normal 0.0363903 -0.555208 -0.830915
    outer loop
      vertex 77.3899 0.650279 0.30997
      vertex 76.4223 0.586859 0.30997
      vertex 76.4223 0.75 0.200961
    endloop
  endfacet
  facet normal 0.0431736 -0.658732 -0.751138
    outer loop
      vertex 77.4092 0.504023 0.43934
      vertex 76.4223 0.439341 0.43934
      vertex 76.4223 0.586859 0.30997
    endloop
  endfacet
  facet normal 0.496122 -0.565734 -0.658641
    outer loop
      vertex 81.1037 1.89909 0.586858
      vertex 81.0249 2.00173 0.43934
      vertex 81.86 2.56233 0.586858
    endloop
  endfacet
  facet normal 0.418053 -0.625652 -0.658628
    outer loop
      vertex 81.1037 1.89909 0.586858
      vertex 80.2026 1.45228 0.43934
      vertex 81.0249 2.00173 0.43934
    endloop
  endfacet
  facet normal 0.309132 -0.462639 -0.830905
    outer loop
      vertex 80.9351 2.11876 0.30997
      vertex 80.0473 1.72132 0.200961
      vertex 80.8358 2.24819 0.200961
    endloop
  endfacet
  facet normal 0.178926 -0.267793 -0.946717
    outer loop
      vertex 80.7287 2.3878 0.114181
      vertex 79.8664 2.03462 0.0511112
      vertex 80.6156 2.5352 0.0511112
    endloop
  endfacet
  facet normal 0.462586 -0.309133 -0.830934
    outer loop
      vertex 82.8423 4.29343 0.30997
      vertex 82.3035 3.48717 0.30997
      vertex 82.701 4.375 0.200961
    endloop
  endfacet
  facet normal 0.548962 -0.366855 -0.751038
    outer loop
      vertex 82.97 4.21967 0.43934
      vertex 82.3035 3.48717 0.30997
      vertex 82.8423 4.29343 0.30997
    endloop
  endfacet
  facet normal 0.333105 -0.292133 -0.896493
    outer loop
      vertex 82.1741 3.58648 0.200961
      vertex 81.5488 2.87348 0.200961
      vertex 82.0345 3.69361 0.114181
    endloop
  endfacet
  facet normal 0.368385 -0.24616 -0.896492
    outer loop
      vertex 82.1741 3.58648 0.200961
      vertex 82.0345 3.69361 0.114181
      vertex 82.701 4.375 0.200961
    endloop
  endfacet
  facet normal 0.526688 -0.178826 -0.831036
    outer loop
      vertex 83.2712 5.16311 0.30997
      vertex 83.1204 5.22555 0.200961
      vertex 83.4253 6.12356 0.200961
    endloop
  endfacet
  facet normal 0.419488 -0.142428 -0.896518
    outer loop
      vertex 83.1204 5.22555 0.200961
      vertex 82.9578 5.29289 0.114181
      vertex 83.4253 6.12356 0.200961
    endloop
  endfacet
  facet normal 0.555673 0 -0.831401
    outer loop
      vertex 83.6723 8 0.200961
      vertex 83.8354 146.622 0.30997
      vertex 83.8354 8 0.30997
    endloop
  endfacet
  facet normal 0.555673 0 -0.831401
    outer loop
      vertex 83.8354 146.622 0.30997
      vertex 83.6723 8 0.200961
      vertex 83.6723 146.622 0.200961
    endloop
  endfacet
  facet normal 0.830181 -0.0543951 -0.554833
    outer loop
      vertex 84.1546 6.98202 0.75
      vertex 84.0465 6.99625 0.586858
      vertex 84.2213 8 0.75
    endloop
  endfacet
  facet normal 0.816023 -0.162298 -0.554766
    outer loop
      vertex 83.9556 5.98146 0.75
      vertex 83.8503 6.00967 0.586858
      vertex 84.1546 6.98202 0.75
    endloop
  endfacet
  facet normal 0.787899 -0.267425 -0.554706
    outer loop
      vertex 83.6277 5.01544 0.75
      vertex 83.527 5.05715 0.586858
      vertex 83.8503 6.00967 0.586858
    endloop
  endfacet
  facet normal 0.92896 -0.184839 -0.320731
    outer loop
      vertex 84.1003 5.94268 1.11177
      vertex 84.0394 5.959 0.925975
      vertex 84.2407 6.97069 0.925975
    endloop
  endfacet
  facet normal 0.896896 -0.304484 -0.32073
    outer loop
      vertex 84.1003 5.94268 1.11177
      vertex 83.7078 4.98223 0.925975
      vertex 84.0394 5.959 0.925975
    endloop
  endfacet
  facet normal 0.064323 0.0127952 -0.997847
    outer loop
      vertex 82.8667 147.471 0
      vertex 82.7008 148.305 0
      vertex 83.0608 147.496 0.0128326
    endloop
  endfacet
  facet normal 0.029161 0.0589873 -0.997833
    outer loop
      vertex 79.6723 152.251 0
      vertex 78.9097 152.628 0
      vertex 78.9847 152.808 0.0128326
    endloop
  endfacet
  facet normal 0.624929 0.212022 -0.751339
    outer loop
      vertex 83.7253 148.579 0.43934
      vertex 83.2712 149.459 0.30997
      vertex 83.4074 149.516 0.43934
    endloop
  endfacet
  facet normal 0.625234 0.212225 -0.751028
    outer loop
      vertex 83.5828 148.541 0.30997
      vertex 83.2712 149.459 0.30997
      vertex 83.7253 148.579 0.43934
    endloop
  endfacet
  facet normal 0.333236 0.292247 -0.896407
    outer loop
      vertex 82.0345 150.929 0.114181
      vertex 81.5488 151.749 0.200961
      vertex 82.1741 151.036 0.200961
    endloop
  endfacet
  facet normal 0.418724 0.367221 -0.830553
    outer loop
      vertex 82.1741 151.036 0.200961
      vertex 81.5488 151.749 0.200961
      vertex 82.3035 151.135 0.30997
    endloop
  endfacet
  facet normal 0.56546 0.496049 -0.658931
    outer loop
      vertex 82.4206 151.225 0.43934
      vertex 81.86 152.06 0.586858
      vertex 82.5232 151.304 0.586858
    endloop
  endfacet
  facet normal 0.566502 0.496527 -0.657675
    outer loop
      vertex 82.4206 151.225 0.43934
      vertex 81.7685 151.969 0.43934
      vertex 81.86 152.06 0.586858
    endloop
  endfacet
  facet normal 0.675467 0.333165 -0.657834
    outer loop
      vertex 83.527 149.565 0.586858
      vertex 82.97 150.403 0.43934
      vertex 83.0821 150.467 0.586858
    endloop
  endfacet
  facet normal 0.625434 0.418021 -0.658856
    outer loop
      vertex 82.97 150.403 0.43934
      vertex 82.4206 151.225 0.43934
      vertex 82.5232 151.304 0.586858
    endloop
  endfacet
  facet normal 0.745866 0.498534 -0.441755
    outer loop
      vertex 83.1765 150.522 0.75
      vertex 82.6097 151.37 0.75
      vertex 82.6785 151.423 0.925975
    endloop
  endfacet
  facet normal 0.746553 0.498659 -0.440452
    outer loop
      vertex 83.1765 150.522 0.75
      vertex 82.6785 151.423 0.925975
      vertex 83.2516 150.565 0.925975
    endloop
  endfacet
  facet normal 0.830217 0.0543963 -0.55478
    outer loop
      vertex 84.2213 146.622 0.75
      vertex 84.0465 147.626 0.586858
      vertex 84.1546 147.64 0.75
    endloop
  endfacet
  facet normal 0.816097 0.162227 -0.554678
    outer loop
      vertex 84.0465 147.626 0.586858
      vertex 83.8503 148.613 0.586858
      vertex 84.1546 147.64 0.75
    endloop
  endfacet
  facet normal 0.788006 0.267482 -0.554526
    outer loop
      vertex 83.8503 148.613 0.586858
      vertex 83.6277 149.607 0.75
      vertex 83.9556 148.641 0.75
    endloop
  endfacet
  facet normal 0.8499 0.288491 -0.440956
    outer loop
      vertex 83.9556 148.641 0.75
      vertex 83.6277 149.607 0.75
      vertex 83.7078 149.64 0.925975
    endloop
  endfacet
  facet normal 0.978729 0.1946 -0.0649678
    outer loop
      vertex 84.3411 147.665 1.30421
      vertex 84.1373 148.69 1.30421
      vertex 84.1497 148.693 1.5
    endloop
  endfacet
  facet normal 0.961992 0.191272 -0.194899
    outer loop
      vertex 84.3411 147.665 1.30421
      vertex 84.1003 148.68 1.11177
      vertex 84.1373 148.69 1.30421
    endloop
  endfacet
  facet normal 0 0.555908 -0.831244
    outer loop
      vertex 8 154.035 0.30997
      vertex 71.6943 153.872 0.200961
      vertex 8 153.872 0.200961
    endloop
  endfacet
  facet normal -7.41433e-06 0.553905 -0.83258
    outer loop
      vertex 71.6943 153.872 0.200961
      vertex 8 154.035 0.30997
      vertex 71.8492 153.943 0.248195
    endloop
  endfacet
  facet normal 9.64967e-07 0.557918 -0.829896
    outer loop
      vertex 71.8492 153.943 0.248195
      vertex 8 154.035 0.30997
      vertex 71.9925 154.008 0.291893
    endloop
  endfacet
  facet normal 0 0.55634 -0.830955
    outer loop
      vertex 71.9925 154.008 0.291893
      vertex 8 154.035 0.30997
      vertex 72.0949 154.035 0.30997
    endloop
  endfacet
  facet normal 0 0.555908 -0.831244
    outer loop
      vertex 75.1504 153.872 0.200961
      vertex 76.4223 154.035 0.30997
      vertex 76.4223 153.872 0.200961
    endloop
  endfacet
  facet normal 0.000291645 0.554335 -0.832294
    outer loop
      vertex 74.9954 153.943 0.248195
      vertex 76.4223 154.035 0.30997
      vertex 75.1504 153.872 0.200961
    endloop
  endfacet
  facet normal -3.79272e-05 0.557862 -0.829934
    outer loop
      vertex 74.8521 154.008 0.291893
      vertex 76.4223 154.035 0.30997
      vertex 74.9954 153.943 0.248195
    endloop
  endfacet
  facet normal 0 0.55634 -0.830955
    outer loop
      vertex 76.4223 154.035 0.30997
      vertex 74.8521 154.008 0.291893
      vertex 74.7497 154.035 0.30997
    endloop
  endfacet
  facet normal 0.049519 0.751851 -0.657471
    outer loop
      vertex 77.4092 154.118 0.43934
      vertex 76.4223 154.183 0.43934
      vertex 76.4223 154.312 0.586858
    endloop
  endfacet
  facet normal 0.0433056 0.657513 -0.752198
    outer loop
      vertex 77.4092 154.118 0.43934
      vertex 76.4223 154.035 0.30997
      vertex 76.4223 154.183 0.43934
    endloop
  endfacet
  facet normal 0.0211099 0.321693 -0.946609
    outer loop
      vertex 77.3214 153.452 0.0511112
      vertex 76.4223 153.511 0.0511112
      vertex 77.3456 153.636 0.114181
    endloop
  endfacet
  facet normal 0.0209646 0.32261 -0.9463
    outer loop
      vertex 77.3456 153.636 0.114181
      vertex 76.4223 153.511 0.0511112
      vertex 76.4223 153.696 0.114181
    endloop
  endfacet
  facet normal 0.0363372 0.554611 -0.831316
    outer loop
      vertex 77.3686 153.81 0.200961
      vertex 76.4223 153.872 0.200961
      vertex 77.3899 153.972 0.30997
    endloop
  endfacet
  facet normal 0.0361712 0.555544 -0.8307
    outer loop
      vertex 77.3899 153.972 0.30997
      vertex 76.4223 153.872 0.200961
      vertex 76.4223 154.035 0.30997
    endloop
  endfacet
  facet normal 0.012803 0.0643156 -0.997847
    outer loop
      vertex 78.1046 152.901 0
      vertex 77.2707 153.067 0
      vertex 77.2963 153.261 0.0128326
    endloop
  endfacet
  facet normal 0.303936 0.896933 -0.321145
    outer loop
      vertex 79.4401 153.908 0.925975
      vertex 78.4633 154.239 0.925975
      vertex 78.4796 154.3 1.11177
    endloop
  endfacet
  facet normal 0.288454 0.851245 -0.438378
    outer loop
      vertex 79.4401 153.908 0.925975
      vertex 78.4408 154.156 0.75
      vertex 78.4633 154.239 0.925975
    endloop
  endfacet
  facet normal 0.266972 0.78736 -0.555688
    outer loop
      vertex 79.3652 153.727 0.586858
      vertex 78.4126 154.05 0.586858
      vertex 79.4069 153.828 0.75
    endloop
  endfacet
  facet normal 0.26698 0.78637 -0.557085
    outer loop
      vertex 79.4069 153.828 0.75
      vertex 78.4126 154.05 0.586858
      vertex 78.4408 154.156 0.75
    endloop
  endfacet
  facet normal -0.545704 -0.108548 -0.830918
    outer loop
      vertex 0.839455 6.08134 0.30997
      vertex 0.650279 7.03239 0.30997
      vertex 0.812025 7.05369 0.200961
    endloop
  endfacet
  facet normal -0.545708 -0.108547 -0.830915
    outer loop
      vertex 0.839455 6.08134 0.30997
      vertex 0.812025 7.05369 0.200961
      vertex 0.997038 6.12356 0.200961
    endloop
  endfacet
  facet normal -0.304975 -0.103523 -0.946717
    outer loop
      vertex 1.46445 5.29289 0.114181
      vertex 1.16702 6.16911 0.114181
      vertex 1.34648 6.2172 0.0511112
    endloop
  endfacet
  facet normal -0.419526 -0.142407 -0.896503
    outer loop
      vertex 1.46445 5.29289 0.114181
      vertex 0.997038 6.12356 0.200961
      vertex 1.16702 6.16911 0.114181
    endloop
  endfacet
  facet normal -0.625111 -0.212195 -0.751139
    outer loop
      vertex 1.15115 5.16311 0.30997
      vertex 0.696963 6.04316 0.43934
      vertex 0.839455 6.08134 0.30997
    endloop
  endfacet
  facet normal -0.526873 -0.178848 -0.830914
    outer loop
      vertex 1.15115 5.16311 0.30997
      vertex 0.839455 6.08134 0.30997
      vertex 0.997038 6.12356 0.200961
    endloop
  endfacet
  facet normal -0.674578 -0.59158 -0.441563
    outer loop
      vertex 2.42388 2.42388 0.925975
      vertex 1.74376 3.19942 0.925975
      vertex 2.48525 2.48525 0.75
    endloop
  endfacet
  facet normal -0.712094 -0.62448 -0.320855
    outer loop
      vertex 2.42388 2.42388 0.925975
      vertex 1.69372 3.16102 1.11177
      vertex 1.74376 3.19942 0.925975
    endloop
  endfacet
  facet normal -0.624507 -0.712103 -0.320781
    outer loop
      vertex 3.16102 1.69372 1.11177
      vertex 2.37929 2.37929 1.11177
      vertex 2.42388 2.42388 0.925975
    endloop
  endfacet
  facet normal -0.625546 -0.548589 -0.554746
    outer loop
      vertex 2.48525 2.48525 0.75
      vertex 1.89909 3.31861 0.586858
      vertex 2.56233 2.56233 0.586858
    endloop
  endfacet
  facet normal -0.366856 -0.418318 -0.830919
    outer loop
      vertex 3.48717 2.11876 0.30997
      vertex 2.75812 2.75812 0.30997
      vertex 2.87348 2.87348 0.200961
    endloop
  endfacet
  facet normal -0.366864 -0.418324 -0.830913
    outer loop
      vertex 3.48717 2.11876 0.30997
      vertex 2.87348 2.87348 0.200961
      vertex 3.58648 2.24819 0.200961
    endloop
  endfacet
  facet normal -0.658775 0.0431607 -0.751101
    outer loop
      vertex 0.586859 146.622 0.30997
      vertex 0.504023 147.609 0.43934
      vertex 0.650279 147.59 0.30997
    endloop
  endfacet
  facet normal -0.647583 0.128819 -0.751027
    outer loop
      vertex 0.650279 147.59 0.30997
      vertex 0.504023 147.609 0.43934
      vertex 0.839455 148.541 0.30997
    endloop
  endfacet
  facet normal -0.0643255 0.0127947 -0.997847
    outer loop
      vertex 1.72148 148.305 0
      vertex 1.3615 147.496 0.0128326
      vertex 1.53236 148.355 0.0128326
    endloop
  endfacet
  facet normal -0.191703 0.0381308 -0.980712
    outer loop
      vertex 1.3615 147.496 0.0128326
      vertex 1.34648 148.405 0.0511112
      vertex 1.53236 148.355 0.0128326
    endloop
  endfacet
  facet normal -0.321297 0.0210612 -0.946744
    outer loop
      vertex 1.11177 146.622 0.0511112
      vertex 0.986495 147.546 0.114181
      vertex 1.1707 147.521 0.0511112
    endloop
  endfacet
  facet normal -0.315654 0.0627666 -0.946796
    outer loop
      vertex 1.1707 147.521 0.0511112
      vertex 0.986495 147.546 0.114181
      vertex 1.34648 148.405 0.0511112
    endloop
  endfacet
  facet normal -0.4339 0.880028 -0.193087
    outer loop
      vertex 4.95809 153.966 1.11177
      vertex 4.00642 153.539 1.30421
      vertex 4.94344 154.001 1.30421
    endloop
  endfacet
  facet normal -0.315208 0.929192 -0.192993
    outer loop
      vertex 4.95809 153.966 1.11177
      vertex 4.94344 154.001 1.30421
      vertex 5.94268 154.3 1.11177
    endloop
  endfacet
  facet normal -0.086292 0.175207 -0.980743
    outer loop
      vertex 5.43763 152.808 0.0128326
      vertex 4.55589 152.588 0.0511112
      vertex 5.36399 152.986 0.0511112
    endloop
  endfacet
  facet normal -0.142079 0.288478 -0.946887
    outer loop
      vertex 5.36399 152.986 0.0511112
      vertex 4.55589 152.588 0.0511112
      vertex 5.29289 153.158 0.114181
    endloop
  endfacet
  facet normal -0.0291669 0.0589961 -0.997832
    outer loop
      vertex 5.51256 152.628 0
      vertex 4.75 152.251 0
      vertex 5.43763 152.808 0.0128326
    endloop
  endfacet
  facet normal -0.0432477 0.0493564 -0.997844
    outer loop
      vertex 4.04305 151.779 0
      vertex 3.26536 151.357 0.0128326
      vertex 3.92386 151.934 0.0128326
    endloop
  endfacet
  facet normal -0.0432632 0.0493849 -0.997842
    outer loop
      vertex 3.40381 151.219 0
      vertex 3.26536 151.357 0.0128326
      vertex 4.04305 151.779 0
    endloop
  endfacet
  facet normal 0.0210663 -0.062058 -0.99785
    outer loop
      vertex 78.9847 1.8139 0.0128326
      vertex 78.1046 1.72148 0
      vertex 78.9097 1.99478 0
    endloop
  endfacet
  facet normal 0.0289769 -0.442093 -0.896501
    outer loop
      vertex 77.3686 0.812025 0.200961
      vertex 76.4223 0.75 0.200961
      vertex 77.3456 0.986495 0.114181
    endloop
  endfacet
  facet normal 0.062829 -0.315877 -0.946718
    outer loop
      vertex 78.2532 1.16702 0.114181
      vertex 77.3456 0.986495 0.114181
      vertex 78.2051 1.34648 0.0511112
    endloop
  endfacet
  facet normal 0.498463 -0.746025 -0.441566
    outer loop
      vertex 80.3652 1.17068 0.925975
      vertex 80.3218 1.24584 0.75
      vertex 81.2229 1.74376 0.925975
    endloop
  endfacet
  facet normal 0.396847 -0.804695 -0.441563
    outer loop
      vertex 80.3652 1.17068 0.925975
      vertex 79.4401 0.714454 0.925975
      vertex 80.3218 1.24584 0.75
    endloop
  endfacet
  facet normal 0.32073 -0.94491 -0.0653945
    outer loop
      vertex 78.4929 0.272593 1.5
      vertex 78.4895 0.284989 1.30421
      vertex 79.4789 0.62082 1.30421
    endloop
  endfacet
  facet normal 0.315269 -0.92882 -0.194676
    outer loop
      vertex 78.4895 0.284989 1.30421
      vertex 78.4796 0.321963 1.11177
      vertex 79.4789 0.62082 1.30421
    endloop
  endfacet
  facet normal 0.0641539 -0.978764 -0.194692
    outer loop
      vertex 77.4648 0.0811644 1.30421
      vertex 76.4223 0.0511122 1.11177
      vertex 77.4598 0.119116 1.11177
    endloop
  endfacet
  facet normal 0.184776 -0.928951 -0.320792
    outer loop
      vertex 77.4598 0.119116 1.11177
      vertex 77.4516 0.181645 0.925975
      vertex 78.4796 0.321963 1.11177
    endloop
  endfacet
  facet normal 0.184778 -0.928946 -0.320806
    outer loop
      vertex 78.4796 0.321963 1.11177
      vertex 77.4516 0.181645 0.925975
      vertex 78.4633 0.382884 0.925975
    endloop
  endfacet
  facet normal 0.058682 -0.89533 -0.44152
    outer loop
      vertex 77.4516 0.181645 0.925975
      vertex 76.4223 0.200962 0.75
      vertex 77.4403 0.267684 0.75
    endloop
  endfacet
  facet normal 0.433827 -0.879682 -0.194819
    outer loop
      vertex 80.4159 1.08291 1.30421
      vertex 79.4642 0.656185 1.11177
      vertex 80.3967 1.11606 1.11177
    endloop
  endfacet
  facet normal 0.418931 -0.849478 -0.320756
    outer loop
      vertex 80.3967 1.11606 1.11177
      vertex 79.4642 0.656185 1.11177
      vertex 80.3652 1.17068 0.925975
    endloop
  endfacet
  facet normal 0.435255 -0.496347 -0.751128
    outer loop
      vertex 81.0249 2.00173 0.43934
      vertex 80.9351 2.11876 0.30997
      vertex 81.6642 2.75812 0.30997
    endloop
  endfacet
  facet normal 0.366767 -0.548899 -0.751127
    outer loop
      vertex 81.0249 2.00173 0.43934
      vertex 80.2026 1.45228 0.43934
      vertex 80.9351 2.11876 0.30997
    endloop
  endfacet
  facet normal 0.0864728 -0.17535 -0.980701
    outer loop
      vertex 79.0583 1.63611 0.0511112
      vertex 78.9847 1.8139 0.0128326
      vertex 79.8664 2.03462 0.0511112
    endloop
  endfacet
  facet normal 0.212228 -0.625142 -0.751104
    outer loop
      vertex 79.3156 1.01486 0.43934
      vertex 78.3792 0.696963 0.43934
      vertex 79.2592 1.15115 0.30997
    endloop
  endfacet
  facet normal 0.178842 -0.526906 -0.830895
    outer loop
      vertex 79.2592 1.15115 0.30997
      vertex 78.2987 0.997038 0.200961
      vertex 79.1968 1.30187 0.200961
    endloop
  endfacet
  facet normal 0.309109 -0.462577 -0.830948
    outer loop
      vertex 80.1289 1.58003 0.30997
      vertex 80.0473 1.72132 0.200961
      vertex 80.9351 2.11876 0.30997
    endloop
  endfacet
  facet normal 0.418361 -0.366902 -0.830877
    outer loop
      vertex 82.3035 3.48717 0.30997
      vertex 81.5488 2.87348 0.200961
      vertex 82.1741 3.58648 0.200961
    endloop
  endfacet
  facet normal 0.462672 -0.309164 -0.830875
    outer loop
      vertex 82.3035 3.48717 0.30997
      vertex 82.1741 3.58648 0.200961
      vertex 82.701 4.375 0.200961
    endloop
  endfacet
  facet normal 0.442039 -0.0289613 -0.896528
    outer loop
      vertex 83.6103 7.05369 0.200961
      vertex 83.4358 7.07665 0.114181
      vertex 83.6723 8 0.200961
    endloop
  endfacet
  facet normal 0.419485 -0.142426 -0.896519
    outer loop
      vertex 83.4253 6.12356 0.200961
      vertex 82.9578 5.29289 0.114181
      vertex 83.2553 6.16911 0.114181
    endloop
  endfacet
  facet normal 0.555315 -0.0363829 -0.830844
    outer loop
      vertex 83.772 7.03239 0.30997
      vertex 83.6103 7.05369 0.200961
      vertex 83.6723 8 0.200961
    endloop
  endfacet
  facet normal 0.545807 -0.108582 -0.830846
    outer loop
      vertex 83.772 7.03239 0.30997
      vertex 83.5828 6.08134 0.30997
      vertex 83.6103 7.05369 0.200961
    endloop
  endfacet
  facet normal 0.647353 -0.128783 -0.751232
    outer loop
      vertex 83.9183 7.01314 0.43934
      vertex 83.5828 6.08134 0.30997
      vertex 83.772 7.03239 0.30997
    endloop
  endfacet
  facet normal 0.658623 -0.0431545 -0.751235
    outer loop
      vertex 83.9183 7.01314 0.43934
      vertex 83.772 7.03239 0.30997
      vertex 83.8354 8 0.30997
    endloop
  endfacet
  facet normal 0.625315 -0.212266 -0.750949
    outer loop
      vertex 83.4074 5.10666 0.43934
      vertex 83.2712 5.16311 0.30997
      vertex 83.7253 6.04316 0.43934
    endloop
  endfacet
  facet normal 0.62511 -0.21213 -0.751158
    outer loop
      vertex 83.7253 6.04316 0.43934
      vertex 83.2712 5.16311 0.30997
      vertex 83.5828 6.08134 0.30997
    endloop
  endfacet
  facet normal 0.880059 -0.175034 -0.441428
    outer loop
      vertex 84.0394 5.959 0.925975
      vertex 83.9556 5.98146 0.75
      vertex 84.1546 6.98202 0.75
    endloop
  endfacet
  facet normal 0.849668 -0.288451 -0.441431
    outer loop
      vertex 84.0394 5.959 0.925975
      vertex 83.7078 4.98223 0.925975
      vertex 83.9556 5.98146 0.75
    endloop
  endfacet
  facet normal 0.0211357 0.0623311 -0.997832
    outer loop
      vertex 78.9097 152.628 0
      vertex 78.1046 152.901 0
      vertex 78.9847 152.808 0.0128326
    endloop
  endfacet
  facet normal 0.591703 0.291782 -0.751499
    outer loop
      vertex 83.2712 149.459 0.30997
      vertex 82.97 150.403 0.43934
      vertex 83.4074 149.516 0.43934
    endloop
  endfacet
  facet normal 0.591974 0.291837 -0.751264
    outer loop
      vertex 83.2712 149.459 0.30997
      vertex 82.8423 150.329 0.30997
      vertex 82.97 150.403 0.43934
    endloop
  endfacet
  facet normal 0.745731 0.367822 -0.555511
    outer loop
      vertex 83.527 149.565 0.586858
      vertex 83.0821 150.467 0.586858
      vertex 83.1765 150.522 0.75
    endloop
  endfacet
  facet normal 0.691401 0.461677 -0.555715
    outer loop
      vertex 83.0821 150.467 0.586858
      vertex 82.5232 151.304 0.586858
      vertex 83.1765 150.522 0.75
    endloop
  endfacet
  facet normal 0.880253 0.174995 -0.441057
    outer loop
      vertex 84.1546 147.64 0.75
      vertex 83.9556 148.641 0.75
      vertex 84.0394 148.663 0.925975
    endloop
  endfacet
  facet normal 0.816133 0.162248 -0.554619
    outer loop
      vertex 84.1546 147.64 0.75
      vertex 83.8503 148.613 0.586858
      vertex 83.9556 148.641 0.75
    endloop
  endfacet
  facet normal 0.0631238 0.316526 -0.946481
    outer loop
      vertex 78.2051 153.276 0.0511112
      vertex 77.3456 153.636 0.114181
      vertex 78.2532 153.455 0.114181
    endloop
  endfacet
  facet normal 0.086832 0.435407 -0.896036
    outer loop
      vertex 78.2532 153.455 0.114181
      vertex 77.3456 153.636 0.114181
      vertex 77.3686 153.81 0.200961
    endloop
  endfacet
  facet normal -0.625548 -0.54859 -0.554742
    outer loop
      vertex 2.48525 2.48525 0.75
      vertex 1.81261 3.25225 0.75
      vertex 1.89909 3.31861 0.586858
    endloop
  endfacet
  facet normal -0.691801 -0.462247 -0.554742
    outer loop
      vertex 1.81261 3.25225 0.75
      vertex 1.24584 4.10048 0.75
      vertex 1.89909 3.31861 0.586858
    endloop
  endfacet
  facet normal -0.712103 -0.624507 -0.320781
    outer loop
      vertex 2.37929 2.37929 1.11177
      vertex 1.69372 3.16102 1.11177
      vertex 2.42388 2.42388 0.925975
    endloop
  endfacet
  facet normal -0.674584 -0.591594 -0.441535
    outer loop
      vertex 2.48525 2.48525 0.75
      vertex 1.74376 3.19942 0.925975
      vertex 1.81261 3.25225 0.75
    endloop
  endfacet
  facet normal 0.0210649 -0.321374 -0.946718
    outer loop
      vertex 77.3456 0.986495 0.114181
      vertex 76.4223 0.925976 0.114181
      vertex 76.4223 1.11177 0.0511112
    endloop
  endfacet
  facet normal 0.0210642 -0.321378 -0.946717
    outer loop
      vertex 77.3456 0.986495 0.114181
      vertex 76.4223 1.11177 0.0511112
      vertex 77.3214 1.1707 0.0511112
    endloop
  endfacet
  facet normal 0.0363908 -0.555206 -0.830917
    outer loop
      vertex 77.3899 0.650279 0.30997
      vertex 76.4223 0.75 0.200961
      vertex 77.3686 0.812025 0.200961
    endloop
  endfacet
  facet normal 0.0864278 -0.434521 -0.896505
    outer loop
      vertex 77.3686 0.812025 0.200961
      vertex 77.3456 0.986495 0.114181
      vertex 78.2532 1.16702 0.114181
    endloop
  endfacet
  facet normal 0.368021 -0.74622 -0.554721
    outer loop
      vertex 79.4069 0.794629 0.75
      vertex 79.3652 0.895339 0.586858
      vertex 80.3218 1.24584 0.75
    endloop
  endfacet
  facet normal 0.39687 -0.804715 -0.441507
    outer loop
      vertex 79.4401 0.714454 0.925975
      vertex 79.4069 0.794629 0.75
      vertex 80.3218 1.24584 0.75
    endloop
  endfacet
  facet normal 0.0619484 -0.945115 -0.320811
    outer loop
      vertex 77.4598 0.119116 1.11177
      vertex 76.4223 0.0511122 1.11177
      vertex 77.4516 0.181645 0.925975
    endloop
  endfacet
  facet normal 0.061945 -0.94511 -0.320826
    outer loop
      vertex 77.4516 0.181645 0.925975
      vertex 76.4223 0.0511122 1.11177
      vertex 76.4223 0.114182 0.925975
    endloop
  endfacet
  facet normal 0.162332 -0.816042 -0.554729
    outer loop
      vertex 77.4403 0.267684 0.75
      vertex 77.4261 0.37576 0.586858
      vertex 78.4126 0.572001 0.586858
    endloop
  endfacet
  facet normal 0.0544158 -0.830241 -0.554743
    outer loop
      vertex 77.4403 0.267684 0.75
      vertex 76.4223 0.200962 0.75
      vertex 77.4261 0.37576 0.586858
    endloop
  endfacet
  facet normal 0.267428 -0.787881 -0.55473
    outer loop
      vertex 78.4408 0.466708 0.75
      vertex 78.4126 0.572001 0.586858
      vertex 79.4069 0.794629 0.75
    endloop
  endfacet
  facet normal 0.288393 -0.849645 -0.441511
    outer loop
      vertex 79.4401 0.714454 0.925975
      vertex 78.4408 0.466708 0.75
      vertex 79.4069 0.794629 0.75
    endloop
  endfacet
  facet normal 0.103522 -0.304958 -0.946722
    outer loop
      vertex 79.1294 1.46445 0.114181
      vertex 78.2051 1.34648 0.0511112
      vertex 79.0583 1.63611 0.0511112
    endloop
  endfacet
  facet normal 0.0628453 -0.185131 -0.980702
    outer loop
      vertex 79.0583 1.63611 0.0511112
      vertex 78.2051 1.34648 0.0511112
      vertex 78.9847 1.8139 0.0128326
    endloop
  endfacet
  facet normal 0.366829 -0.548954 -0.751057
    outer loop
      vertex 80.2026 1.45228 0.43934
      vertex 80.1289 1.58003 0.30997
      vertex 80.9351 2.11876 0.30997
    endloop
  endfacet
  facet normal 0.246066 -0.498983 -0.830944
    outer loop
      vertex 80.1289 1.58003 0.30997
      vertex 79.2592 1.15115 0.30997
      vertex 80.0473 1.72132 0.200961
    endloop
  endfacet
  facet normal 0.659139 0 -0.752021
    outer loop
      vertex 83.8354 8 0.30997
      vertex 83.983 146.622 0.43934
      vertex 83.983 8 0.43934
    endloop
  endfacet
  facet normal 0.659139 0 -0.752021
    outer loop
      vertex 83.983 146.622 0.43934
      vertex 83.8354 8 0.30997
      vertex 83.8354 146.622 0.30997
    endloop
  endfacet
  facet normal 0.751104 -0.0492435 -0.658345
    outer loop
      vertex 84.1123 8 0.586858
      vertex 83.9183 7.01314 0.43934
      vertex 83.983 8 0.43934
    endloop
  endfacet
  facet normal 0.751086 -0.0492368 -0.658366
    outer loop
      vertex 84.0465 6.99625 0.586858
      vertex 83.9183 7.01314 0.43934
      vertex 84.1123 8 0.586858
    endloop
  endfacet
  facet normal 0.658525 -0.0431738 -0.75132
    outer loop
      vertex 83.9183 7.01314 0.43934
      vertex 83.8354 8 0.30997
      vertex 83.983 8 0.43934
    endloop
  endfacet
  facet normal 0.142221 0.419576 -0.896509
    outer loop
      vertex 79.1294 153.158 0.114181
      vertex 78.2532 153.455 0.114181
      vertex 78.2987 153.625 0.200961
    endloop
  endfacet
  facet normal 0.103605 0.305651 -0.94649
    outer loop
      vertex 79.1294 153.158 0.114181
      vertex 78.2051 153.276 0.0511112
      vertex 78.2532 153.455 0.114181
    endloop
  endfacet
  facet normal -0.496324 -0.435268 -0.751135
    outer loop
      vertex 2.65381 2.65381 0.43934
      vertex 2.00173 3.39736 0.43934
      vertex 2.75812 2.75812 0.30997
    endloop
  endfacet
  facet normal -0.565783 -0.496182 -0.658554
    outer loop
      vertex 2.56233 2.56233 0.586858
      vertex 2.00173 3.39736 0.43934
      vertex 2.65381 2.65381 0.43934
    endloop
  endfacet
  facet normal -0.787508 -0.526199 -0.320853
    outer loop
      vertex 1.69372 3.16102 1.11177
      vertex 1.17068 4.05709 0.925975
      vertex 1.74376 3.19942 0.925975
    endloop
  endfacet
  facet normal -0.746027 -0.498482 -0.441543
    outer loop
      vertex 1.74376 3.19942 0.925975
      vertex 1.17068 4.05709 0.925975
      vertex 1.24584 4.10048 0.75
    endloop
  endfacet
  facet normal 0.175052 -0.879991 -0.441557
    outer loop
      vertex 78.4633 0.382884 0.925975
      vertex 77.4403 0.267684 0.75
      vertex 78.4408 0.466708 0.75
    endloop
  endfacet
  facet normal 0.288396 -0.84961 -0.441578
    outer loop
      vertex 78.4633 0.382884 0.925975
      vertex 78.4408 0.466708 0.75
      vertex 79.4401 0.714454 0.925975
    endloop
  endfacet
  facet normal 0.195952 -0.397342 -0.896505
    outer loop
      vertex 80.0473 1.72132 0.200961
      vertex 79.1294 1.46445 0.114181
      vertex 79.9593 1.87372 0.114181
    endloop
  endfacet
  facet normal 0.24612 -0.499048 -0.830889
    outer loop
      vertex 79.2592 1.15115 0.30997
      vertex 79.1968 1.30187 0.200961
      vertex 80.0473 1.72132 0.200961
    endloop
  endfacet
  facet normal 0.737974 -0.146837 -0.658661
    outer loop
      vertex 83.8503 6.00967 0.586858
      vertex 83.7253 6.04316 0.43934
      vertex 83.9183 7.01314 0.43934
    endloop
  endfacet
  facet normal 0.647431 -0.128821 -0.751158
    outer loop
      vertex 83.7253 6.04316 0.43934
      vertex 83.5828 6.08134 0.30997
      vertex 83.9183 7.01314 0.43934
    endloop
  endfacet
  facet normal 0.103523 -0.30497 -0.946719
    outer loop
      vertex 78.2532 1.16702 0.114181
      vertex 78.2051 1.34648 0.0511112
      vertex 79.1294 1.46445 0.114181
    endloop
  endfacet
  facet normal 0.128783 -0.64745 -0.751148
    outer loop
      vertex 78.3792 0.696963 0.43934
      vertex 77.4092 0.504023 0.43934
      vertex 78.341 0.839455 0.30997
    endloop
  endfacet
  facet normal 0.292004 -0.592137 -0.751071
    outer loop
      vertex 80.2026 1.45228 0.43934
      vertex 79.2592 1.15115 0.30997
      vertex 80.1289 1.58003 0.30997
    endloop
  endfacet
  facet normal 0.292 -0.592117 -0.751089
    outer loop
      vertex 79.3156 1.01486 0.43934
      vertex 79.2592 1.15115 0.30997
      vertex 80.2026 1.45228 0.43934
    endloop
  endfacet
  facet normal 0.14242 -0.419556 -0.896487
    outer loop
      vertex 78.2987 0.997038 0.200961
      vertex 78.2532 1.16702 0.114181
      vertex 79.1294 1.46445 0.114181
    endloop
  endfacet
  facet normal 0.0864384 -0.434544 -0.896493
    outer loop
      vertex 78.2987 0.997038 0.200961
      vertex 77.3686 0.812025 0.200961
      vertex 78.2532 1.16702 0.114181
    endloop
  endfacet
  facet normal 0.178834 -0.526814 -0.830955
    outer loop
      vertex 78.341 0.839455 0.30997
      vertex 78.2987 0.997038 0.200961
      vertex 79.2592 1.15115 0.30997
    endloop
  endfacet
  facet normal 0.212196 -0.625093 -0.751153
    outer loop
      vertex 78.3792 0.696963 0.43934
      vertex 78.341 0.839455 0.30997
      vertex 79.2592 1.15115 0.30997
    endloop
  endfacet
  facet normal 0.142387 -0.419503 -0.896517
    outer loop
      vertex 79.1968 1.30187 0.200961
      vertex 78.2987 0.997038 0.200961
      vertex 79.1294 1.46445 0.114181
    endloop
  endfacet
  facet normal 0.195943 -0.397305 -0.896524
    outer loop
      vertex 79.1968 1.30187 0.200961
      vertex 79.1294 1.46445 0.114181
      vertex 80.0473 1.72132 0.200961
    endloop
  endfacet
  facet normal 0.84294 -0.41629 -0.340815
    outer loop
      vertex 78.2513 146.241 0
      vertex 78.2265 146.682 -0.599999
      vertex 78.4281 146.599 0
    endloop
  endfacet
  facet normal 0.938013 0.0613588 -0.341125
    outer loop
      vertex 78.8405 148.672 0
      vertex 78.6223 148.672 -0.599999
      vertex 78.8144 149.071 0
    endloop
  endfacet
  facet normal 0.937995 0.0616224 -0.341126
    outer loop
      vertex 78.8144 149.071 0
      vertex 78.5778 149.351 -0.599999
      vertex 78.7941 149.38 0
    endloop
  endfacet
  facet normal 0.937982 0.061473 -0.341191
    outer loop
      vertex 78.5778 149.351 -0.599999
      vertex 78.8144 149.071 0
      vertex 78.6223 148.672 -0.599999
    endloop
  endfacet
  facet normal 0.890141 -0.302366 -0.340915
    outer loop
      vertex 78.4281 146.599 0
      vertex 78.2265 146.682 -0.599999
      vertex 78.5565 146.977 0
    endloop
  endfacet
  facet normal 0.182418 -0.922039 -0.34142
    outer loop
      vertex 74.7682 143.649 -0.599999
      vertex 74.5214 143.378 0
      vertex 74.101 143.517 -0.599999
    endloop
  endfacet
  facet normal 0.185478 -0.921914 -0.340106
    outer loop
      vertex 74.5214 143.378 0
      vertex 74.7682 143.649 -0.599999
      vertex 74.8246 143.439 0
    endloop
  endfacet
  facet normal 0.620225 0.706421 -0.341013
    outer loop
      vertex 76.5879 152.798 -0.599999
      vertex 76.9531 152.767 0
      vertex 77.0993 152.349 -0.599999
    endloop
  endfacet
  facet normal 0.620162 0.706498 -0.34097
    outer loop
      vertex 76.9531 152.767 0
      vertex 76.5879 152.798 -0.599999
      vertex 76.7207 152.971 0
    endloop
  endfacet
  facet normal -0.414874 0.843716 -0.340621
    outer loop
      vertex 70.8223 153.176 -0.599999
      vertex 70.9539 153.503 0.0496908
      vertex 71.4324 153.476 -0.599999
    endloop
  endfacet
  facet normal -0.414805 0.84374 -0.340646
    outer loop
      vertex 70.9539 153.503 0.0496908
      vertex 70.8223 153.176 -0.599999
      vertex 70.7089 153.372 0.0235565
    endloop
  endfacet
  facet normal 0.890243 -0.302014 -0.340961
    outer loop
      vertex 78.5565 146.977 0
      vertex 78.4451 147.326 -0.599999
      vertex 78.6559 147.27 0
    endloop
  endfacet
  facet normal 0.890167 -0.302159 -0.341031
    outer loop
      vertex 78.4451 147.326 -0.599999
      vertex 78.5565 146.977 0
      vertex 78.2265 146.682 -0.599999
    endloop
  endfacet
  facet normal -0.522355 -0.781597 -0.340956
    outer loop
      vertex 70.8223 144.169 -0.599999
      vertex 70.4561 144.152 0
      vertex 70.2567 144.547 -0.599999
    endloop
  endfacet
  facet normal -0.522685 -0.781292 -0.341149
    outer loop
      vertex 70.4561 144.152 0
      vertex 70.8223 144.169 -0.599999
      vertex 70.7132 143.98 0
    endloop
  endfacet
  facet normal -0.522327 -0.781609 -0.340973
    outer loop
      vertex 70.4561 144.152 0
      vertex 70.1239 144.374 0
      vertex 70.2567 144.547 -0.599999
    endloop
  endfacet
  facet normal -0.185478 -0.921914 -0.340106
    outer loop
      vertex 72.0764 143.649 -0.599999
      vertex 72.3232 143.378 0
      vertex 72.02 143.439 0
    endloop
  endfacet
  facet normal -0.182418 -0.922039 -0.34142
    outer loop
      vertex 72.3232 143.378 0
      vertex 72.0764 143.649 -0.599999
      vertex 72.7436 143.517 -0.599999
    endloop
  endfacet
  facet normal -0.707145 0.619045 -0.341657
    outer loop
      vertex 69.7453 152.349 -0.599999
      vertex 69.3276 152.203 0
      vertex 69.5911 152.504 0
    endloop
  endfacet
  facet normal -0.921991 0.182882 -0.341301
    outer loop
      vertex 68.3995 150.018 -0.599999
      vertex 68.1284 149.771 0
      vertex 68.1887 150.075 0
    endloop
  endfacet
  facet normal -0.92197 0.183426 -0.341067
    outer loop
      vertex 68.1284 149.771 0
      vertex 68.3995 150.018 -0.599999
      vertex 68.2668 149.351 -0.599999
    endloop
  endfacet
  facet normal 0.938004 -0.0615124 -0.341122
    outer loop
      vertex 78.8144 148.274 0
      vertex 78.6223 148.672 -0.599999
      vertex 78.8405 148.672 0
    endloop
  endfacet
  facet normal 0.706362 -0.620422 -0.340777
    outer loop
      vertex 77.2535 144.841 0
      vertex 77.0993 144.995 -0.599999
      vertex 77.517 145.141 0
    endloop
  endfacet
  facet normal 0.843213 -0.415939 -0.340568
    outer loop
      vertex 78.2513 146.241 0
      vertex 77.9256 146.072 -0.599999
      vertex 78.2265 146.682 -0.599999
    endloop
  endfacet
  facet normal 0.843565 -0.414804 -0.34108
    outer loop
      vertex 77.9256 146.072 -0.599999
      vertex 78.2513 146.241 0
      vertex 78.1146 145.963 0
    endloop
  endfacet
  facet normal 0.93799 -0.0615643 -0.341151
    outer loop
      vertex 78.8144 148.274 0
      vertex 78.5778 147.994 -0.599999
      vertex 78.6223 148.672 -0.599999
    endloop
  endfacet
  facet normal 0.937995 -0.0616224 -0.341126
    outer loop
      vertex 78.5778 147.994 -0.599999
      vertex 78.8144 148.274 0
      vertex 78.7941 147.965 0
    endloop
  endfacet
  facet normal 0.921955 -0.183215 -0.341221
    outer loop
      vertex 78.7162 147.573 0
      vertex 78.5778 147.994 -0.599999
      vertex 78.7941 147.965 0
    endloop
  endfacet
  facet normal 0.303407 -0.889995 -0.340373
    outer loop
      vertex 75.4958 143.667 0
      vertex 75.1174 143.538 0
      vertex 75.4123 143.868 -0.599999
    endloop
  endfacet
  facet normal 0.619303 -0.707371 -0.34072
    outer loop
      vertex 77.2535 144.841 0
      vertex 76.9531 144.578 0
      vertex 77.0993 144.995 -0.599999
    endloop
  endfacet
  facet normal -0.843213 -0.415939 -0.340568
    outer loop
      vertex 68.919 146.072 -0.599999
      vertex 68.5933 146.241 0
      vertex 68.6181 146.682 -0.599999
    endloop
  endfacet
  facet normal -0.843565 -0.414804 -0.34108
    outer loop
      vertex 68.5933 146.241 0
      vertex 68.919 146.072 -0.599999
      vertex 68.73 145.963 0
    endloop
  endfacet
  facet normal 0.0611769 -0.938124 -0.340852
    outer loop
      vertex 73.821 143.28 0
      vertex 73.4223 143.254 0
      vertex 73.4223 143.472 -0.599999
    endloop
  endfacet
  facet normal -0.937991 -0.0617471 -0.341117
    outer loop
      vertex 68.0303 148.274 0
      vertex 68.0041 148.672 0
      vertex 68.2223 148.672 -0.599999
    endloop
  endfacet
  facet normal 0.78138 -0.522489 -0.341247
    outer loop
      vertex 77.7208 145.374 0
      vertex 77.5477 145.507 -0.599999
      vertex 77.9428 145.706 0
    endloop
  endfacet
  facet normal 0.707503 -0.618838 -0.341291
    outer loop
      vertex 77.517 145.141 0
      vertex 77.5477 145.507 -0.599999
      vertex 77.7208 145.374 0
    endloop
  endfacet
  facet normal 0.707047 -0.619218 -0.341546
    outer loop
      vertex 77.5477 145.507 -0.599999
      vertex 77.517 145.141 0
      vertex 77.0993 144.995 -0.599999
    endloop
  endfacet
  facet normal 0.921981 -0.183154 -0.341184
    outer loop
      vertex 78.7162 147.573 0
      vertex 78.4451 147.326 -0.599999
      vertex 78.5778 147.994 -0.599999
    endloop
  endfacet
  facet normal 0.921968 -0.183481 -0.341043
    outer loop
      vertex 78.4451 147.326 -0.599999
      vertex 78.7162 147.573 0
      vertex 78.6559 147.27 0
    endloop
  endfacet
  facet normal 0.183429 -0.921612 -0.34203
    outer loop
      vertex 74.1295 143.3 0
      vertex 74.101 143.517 -0.599999
      vertex 74.5214 143.378 0
    endloop
  endfacet
  facet normal 0.301207 -0.890842 -0.340109
    outer loop
      vertex 74.7682 143.649 -0.599999
      vertex 75.1174 143.538 0
      vertex 74.8246 143.439 0
    endloop
  endfacet
  facet normal 0.302639 -0.890091 -0.340804
    outer loop
      vertex 75.1174 143.538 0
      vertex 74.7682 143.649 -0.599999
      vertex 75.4123 143.868 -0.599999
    endloop
  endfacet
  facet normal 0.0621823 -0.937847 -0.341432
    outer loop
      vertex 74.101 143.517 -0.599999
      vertex 73.821 143.28 0
      vertex 73.4223 143.472 -0.599999
    endloop
  endfacet
  facet normal 0.0607922 -0.93772 -0.34203
    outer loop
      vertex 73.821 143.28 0
      vertex 74.101 143.517 -0.599999
      vertex 74.1295 143.3 0
    endloop
  endfacet
  facet normal 0.522685 -0.781292 -0.341149
    outer loop
      vertex 76.0223 144.169 -0.599999
      vertex 76.3885 144.152 0
      vertex 76.1314 143.98 0
    endloop
  endfacet
  facet normal 0.522355 -0.781597 -0.340956
    outer loop
      vertex 76.3885 144.152 0
      vertex 76.0223 144.169 -0.599999
      vertex 76.5879 144.547 -0.599999
    endloop
  endfacet
  facet normal 0.414557 -0.843954 -0.340418
    outer loop
      vertex 75.4958 143.667 0
      vertex 75.4123 143.868 -0.599999
      vertex 75.8541 143.843 0
    endloop
  endfacet
  facet normal -0.93804 -0.0615675 -0.341013
    outer loop
      vertex 68.2668 147.994 -0.599999
      vertex 68.0303 148.274 0
      vertex 68.2223 148.672 -0.599999
    endloop
  endfacet
  facet normal -0.938018 -0.0613202 -0.34112
    outer loop
      vertex 68.0303 148.274 0
      vertex 68.2668 147.994 -0.599999
      vertex 68.0505 147.965 0
    endloop
  endfacet
  facet normal 0 0 -1
    outer loop
      vertex 77.4223 148.672 -0.599999
      vertex 78.6223 148.672 -0.599999
      vertex 78.5778 147.994 -0.599999
    endloop
  endfacet
  facet normal 0 0 -1
    outer loop
      vertex 77.3881 148.15 -0.599999
      vertex 78.5778 147.994 -0.599999
      vertex 78.4451 147.326 -0.599999
    endloop
  endfacet
  facet normal 0 0 -1
    outer loop
      vertex 78.6223 148.672 -0.599999
      vertex 77.4223 148.672 -0.599999
      vertex 78.5778 149.351 -0.599999
    endloop
  endfacet
  facet normal 0 0 -1
    outer loop
      vertex 77.286 147.637 -0.599999
      vertex 78.4451 147.326 -0.599999
      vertex 78.2265 146.682 -0.599999
    endloop
  endfacet
  facet normal 0 0 -1
    outer loop
      vertex 77.3881 149.194 -0.599999
      vertex 78.5778 149.351 -0.599999
      vertex 77.4223 148.672 -0.599999
    endloop
  endfacet
  facet normal 0 0 -1
    outer loop
      vertex 77.1178 147.142 -0.599999
      vertex 78.2265 146.682 -0.599999
      vertex 77.9256 146.072 -0.599999
    endloop
  endfacet
  facet normal -0 0 -1
    outer loop
      vertex 78.5778 149.351 -0.599999
      vertex 77.3881 149.194 -0.599999
      vertex 78.4451 150.018 -0.599999
    endloop
  endfacet
  facet normal 0 0 -1
    outer loop
      vertex 76.8864 146.672 -0.599999
      vertex 77.9256 146.072 -0.599999
      vertex 77.5477 145.507 -0.599999
    endloop
  endfacet
  facet normal 0 0 -1
    outer loop
      vertex 77.286 149.708 -0.599999
      vertex 78.4451 150.018 -0.599999
      vertex 77.3881 149.194 -0.599999
    endloop
  endfacet
  facet normal -0 0 -1
    outer loop
      vertex 78.4451 150.018 -0.599999
      vertex 77.286 149.708 -0.599999
      vertex 78.2265 150.662 -0.599999
    endloop
  endfacet
  facet normal 0 0 -1
    outer loop
      vertex 78.5778 147.994 -0.599999
      vertex 77.3881 148.15 -0.599999
      vertex 77.4223 148.672 -0.599999
    endloop
  endfacet
  facet normal 0 0 -1
    outer loop
      vertex 78.4451 147.326 -0.599999
      vertex 77.286 147.637 -0.599999
      vertex 77.3881 148.15 -0.599999
    endloop
  endfacet
  facet normal 0 0 -1
    outer loop
      vertex 78.2265 146.682 -0.599999
      vertex 77.1178 147.142 -0.599999
      vertex 77.286 147.637 -0.599999
    endloop
  endfacet
  facet normal 0 0 -1
    outer loop
      vertex 76.5957 146.237 -0.599999
      vertex 77.5477 145.507 -0.599999
      vertex 77.0993 144.995 -0.599999
    endloop
  endfacet
  facet normal 0 0 -1
    outer loop
      vertex 77.9256 146.072 -0.599999
      vertex 76.8864 146.672 -0.599999
      vertex 77.1178 147.142 -0.599999
    endloop
  endfacet
  facet normal 0 0 -1
    outer loop
      vertex 77.5477 145.507 -0.599999
      vertex 76.5957 146.237 -0.599999
      vertex 76.8864 146.672 -0.599999
    endloop
  endfacet
  facet normal 0 0 -1
    outer loop
      vertex 76.2507 145.844 -0.599999
      vertex 77.0993 144.995 -0.599999
      vertex 76.5879 144.547 -0.599999
    endloop
  endfacet
  facet normal 0 0 -1
    outer loop
      vertex 77.0993 144.995 -0.599999
      vertex 76.2507 145.844 -0.599999
      vertex 76.5957 146.237 -0.599999
    endloop
  endfacet
  facet normal 0 0 -1
    outer loop
      vertex 75.8574 145.499 -0.599999
      vertex 76.5879 144.547 -0.599999
      vertex 76.0223 144.169 -0.599999
    endloop
  endfacet
  facet normal 0 0 -1
    outer loop
      vertex 76.5879 144.547 -0.599999
      vertex 75.8574 145.499 -0.599999
      vertex 76.2507 145.844 -0.599999
    endloop
  endfacet
  facet normal 0 0 -1
    outer loop
      vertex 76.0223 144.169 -0.599999
      vertex 75.4223 145.208 -0.599999
      vertex 75.8574 145.499 -0.599999
    endloop
  endfacet
  facet normal 0 0 -1
    outer loop
      vertex 75.4123 143.868 -0.599999
      vertex 75.4223 145.208 -0.599999
      vertex 76.0223 144.169 -0.599999
    endloop
  endfacet
  facet normal 0 0 -1
    outer loop
      vertex 75.4123 143.868 -0.599999
      vertex 74.953 144.977 -0.599999
      vertex 75.4223 145.208 -0.599999
    endloop
  endfacet
  facet normal 0 0 -1
    outer loop
      vertex 74.7682 143.649 -0.599999
      vertex 74.953 144.977 -0.599999
      vertex 75.4123 143.868 -0.599999
    endloop
  endfacet
  facet normal 0 0 -1
    outer loop
      vertex 74.7682 143.649 -0.599999
      vertex 74.4576 144.809 -0.599999
      vertex 74.953 144.977 -0.599999
    endloop
  endfacet
  facet normal 0 0 -1
    outer loop
      vertex 74.101 143.517 -0.599999
      vertex 74.4576 144.809 -0.599999
      vertex 74.7682 143.649 -0.599999
    endloop
  endfacet
  facet normal 0 0 -1
    outer loop
      vertex 74.101 143.517 -0.599999
      vertex 73.9444 144.707 -0.599999
      vertex 74.4576 144.809 -0.599999
    endloop
  endfacet
  facet normal 0 0 -1
    outer loop
      vertex 73.4223 143.472 -0.599999
      vertex 73.9444 144.707 -0.599999
      vertex 74.101 143.517 -0.599999
    endloop
  endfacet
  facet normal 0 0 -1
    outer loop
      vertex 73.4223 143.472 -0.599999
      vertex 73.4223 144.672 -0.599999
      vertex 73.9444 144.707 -0.599999
    endloop
  endfacet
  facet normal 0 0 -1
    outer loop
      vertex 73.4223 143.472 -0.599999
      vertex 72.9002 144.707 -0.599999
      vertex 73.4223 144.672 -0.599999
    endloop
  endfacet
  facet normal 0 0 -1
    outer loop
      vertex 72.7436 143.517 -0.599999
      vertex 72.9002 144.707 -0.599999
      vertex 73.4223 143.472 -0.599999
    endloop
  endfacet
  facet normal 0 0 -1
    outer loop
      vertex 72.7436 143.517 -0.599999
      vertex 72.387 144.809 -0.599999
      vertex 72.9002 144.707 -0.599999
    endloop
  endfacet
  facet normal 0 0 -1
    outer loop
      vertex 72.0764 143.649 -0.599999
      vertex 72.387 144.809 -0.599999
      vertex 72.7436 143.517 -0.599999
    endloop
  endfacet
  facet normal 0 0 -1
    outer loop
      vertex 72.0764 143.649 -0.599999
      vertex 71.8916 144.977 -0.599999
      vertex 72.387 144.809 -0.599999
    endloop
  endfacet
  facet normal 0 0 -1
    outer loop
      vertex 71.4324 143.868 -0.599999
      vertex 71.8916 144.977 -0.599999
      vertex 72.0764 143.649 -0.599999
    endloop
  endfacet
  facet normal 0 0 -1
    outer loop
      vertex 71.4324 143.868 -0.599999
      vertex 71.4223 145.208 -0.599999
      vertex 71.8916 144.977 -0.599999
    endloop
  endfacet
  facet normal 0 0 -1
    outer loop
      vertex 70.8223 144.169 -0.599999
      vertex 71.4223 145.208 -0.599999
      vertex 71.4324 143.868 -0.599999
    endloop
  endfacet
  facet normal -0 0 -1
    outer loop
      vertex 71.4223 145.208 -0.599999
      vertex 70.8223 144.169 -0.599999
      vertex 70.9873 145.499 -0.599999
    endloop
  endfacet
  facet normal 0 0 -1
    outer loop
      vertex 70.2567 144.547 -0.599999
      vertex 70.9873 145.499 -0.599999
      vertex 70.8223 144.169 -0.599999
    endloop
  endfacet
  facet normal -0 0 -1
    outer loop
      vertex 70.9873 145.499 -0.599999
      vertex 70.2567 144.547 -0.599999
      vertex 70.5939 145.844 -0.599999
    endloop
  endfacet
  facet normal 0 0 -1
    outer loop
      vertex 69.7453 144.995 -0.599999
      vertex 70.5939 145.844 -0.599999
      vertex 70.2567 144.547 -0.599999
    endloop
  endfacet
  facet normal -0 0 -1
    outer loop
      vertex 70.5939 145.844 -0.599999
      vertex 69.7453 144.995 -0.599999
      vertex 70.2489 146.237 -0.599999
    endloop
  endfacet
  facet normal 0 0 -1
    outer loop
      vertex 69.2969 145.507 -0.599999
      vertex 70.2489 146.237 -0.599999
      vertex 69.7453 144.995 -0.599999
    endloop
  endfacet
  facet normal -0 0 -1
    outer loop
      vertex 70.2489 146.237 -0.599999
      vertex 69.2969 145.507 -0.599999
      vertex 69.9582 146.672 -0.599999
    endloop
  endfacet
  facet normal 0 0 -1
    outer loop
      vertex 68.919 146.072 -0.599999
      vertex 69.9582 146.672 -0.599999
      vertex 69.2969 145.507 -0.599999
    endloop
  endfacet
  facet normal -0 0 -1
    outer loop
      vertex 69.9582 146.672 -0.599999
      vertex 68.919 146.072 -0.599999
      vertex 69.7268 147.142 -0.599999
    endloop
  endfacet
  facet normal -0 0 -1
    outer loop
      vertex 69.7268 147.142 -0.599999
      vertex 68.6181 146.682 -0.599999
      vertex 69.5586 147.637 -0.599999
    endloop
  endfacet
  facet normal 0 0 -1
    outer loop
      vertex 68.6181 146.682 -0.599999
      vertex 69.7268 147.142 -0.599999
      vertex 68.919 146.072 -0.599999
    endloop
  endfacet
  facet normal 0 0 -1
    outer loop
      vertex 77.1178 150.203 -0.599999
      vertex 78.2265 150.662 -0.599999
      vertex 77.286 149.708 -0.599999
    endloop
  endfacet
  facet normal -0 0 -1
    outer loop
      vertex 78.2265 150.662 -0.599999
      vertex 77.1178 150.203 -0.599999
      vertex 77.9256 151.272 -0.599999
    endloop
  endfacet
  facet normal 0 0 -1
    outer loop
      vertex 76.8864 150.672 -0.599999
      vertex 77.9256 151.272 -0.599999
      vertex 77.1178 150.203 -0.599999
    endloop
  endfacet
  facet normal -0 0 -1
    outer loop
      vertex 77.9256 151.272 -0.599999
      vertex 76.8864 150.672 -0.599999
      vertex 77.5477 151.838 -0.599999
    endloop
  endfacet
  facet normal 0 0 -1
    outer loop
      vertex 76.5957 151.107 -0.599999
      vertex 77.5477 151.838 -0.599999
      vertex 76.8864 150.672 -0.599999
    endloop
  endfacet
  facet normal -0 0 -1
    outer loop
      vertex 77.5477 151.838 -0.599999
      vertex 76.5957 151.107 -0.599999
      vertex 77.0993 152.349 -0.599999
    endloop
  endfacet
  facet normal 0 0 -1
    outer loop
      vertex 76.2507 151.501 -0.599999
      vertex 77.0993 152.349 -0.599999
      vertex 76.5957 151.107 -0.599999
    endloop
  endfacet
  facet normal -0 0 -1
    outer loop
      vertex 77.0993 152.349 -0.599999
      vertex 76.2507 151.501 -0.599999
      vertex 76.5879 152.798 -0.599999
    endloop
  endfacet
  facet normal 0 0 -1
    outer loop
      vertex 75.8574 151.846 -0.599999
      vertex 76.5879 152.798 -0.599999
      vertex 76.2507 151.501 -0.599999
    endloop
  endfacet
  facet normal -0 0 -1
    outer loop
      vertex 76.5879 152.798 -0.599999
      vertex 75.8574 151.846 -0.599999
      vertex 76.0223 153.176 -0.599999
    endloop
  endfacet
  facet normal 0 0 -1
    outer loop
      vertex 75.4223 152.136 -0.599999
      vertex 76.0223 153.176 -0.599999
      vertex 75.8574 151.846 -0.599999
    endloop
  endfacet
  facet normal 0 0 -1
    outer loop
      vertex 75.4223 152.136 -0.599999
      vertex 75.4123 153.476 -0.599999
      vertex 76.0223 153.176 -0.599999
    endloop
  endfacet
  facet normal 0 0 -1
    outer loop
      vertex 74.953 152.368 -0.599999
      vertex 75.4123 153.476 -0.599999
      vertex 75.4223 152.136 -0.599999
    endloop
  endfacet
  facet normal 0 0 -1
    outer loop
      vertex 74.953 152.368 -0.599999
      vertex 74.7682 153.695 -0.599999
      vertex 75.4123 153.476 -0.599999
    endloop
  endfacet
  facet normal 0 0 -1
    outer loop
      vertex 74.4576 152.536 -0.599999
      vertex 74.7682 153.695 -0.599999
      vertex 74.953 152.368 -0.599999
    endloop
  endfacet
  facet normal 0 0 -1
    outer loop
      vertex 74.4576 152.536 -0.599999
      vertex 74.101 153.828 -0.599999
      vertex 74.7682 153.695 -0.599999
    endloop
  endfacet
  facet normal 0 0 -1
    outer loop
      vertex 73.9444 152.638 -0.599999
      vertex 74.101 153.828 -0.599999
      vertex 74.4576 152.536 -0.599999
    endloop
  endfacet
  facet normal 0 0 -1
    outer loop
      vertex 73.4223 152.672 -0.599999
      vertex 74.101 153.828 -0.599999
      vertex 73.9444 152.638 -0.599999
    endloop
  endfacet
  facet normal 0 0 -1
    outer loop
      vertex 73.4223 152.672 -0.599999
      vertex 73.4223 153.872 -0.599999
      vertex 74.101 153.828 -0.599999
    endloop
  endfacet
  facet normal 0 0 -1
    outer loop
      vertex 72.9002 152.638 -0.599999
      vertex 73.4223 153.872 -0.599999
      vertex 73.4223 152.672 -0.599999
    endloop
  endfacet
  facet normal 0 0 -1
    outer loop
      vertex 72.9002 152.638 -0.599999
      vertex 72.7436 153.828 -0.599999
      vertex 73.4223 153.872 -0.599999
    endloop
  endfacet
  facet normal 0 0 -1
    outer loop
      vertex 72.387 152.536 -0.599999
      vertex 72.7436 153.828 -0.599999
      vertex 72.9002 152.638 -0.599999
    endloop
  endfacet
  facet normal 0 0 -1
    outer loop
      vertex 72.387 152.536 -0.599999
      vertex 72.0764 153.695 -0.599999
      vertex 72.7436 153.828 -0.599999
    endloop
  endfacet
  facet normal 0 0 -1
    outer loop
      vertex 71.8916 152.368 -0.599999
      vertex 72.0764 153.695 -0.599999
      vertex 72.387 152.536 -0.599999
    endloop
  endfacet
  facet normal 0 0 -1
    outer loop
      vertex 71.8916 152.368 -0.599999
      vertex 71.4324 153.476 -0.599999
      vertex 72.0764 153.695 -0.599999
    endloop
  endfacet
  facet normal 0 0 -1
    outer loop
      vertex 71.4223 152.136 -0.599999
      vertex 71.4324 153.476 -0.599999
      vertex 71.8916 152.368 -0.599999
    endloop
  endfacet
  facet normal 0 0 -1
    outer loop
      vertex 70.8223 153.176 -0.599999
      vertex 71.4223 152.136 -0.599999
      vertex 70.9873 151.846 -0.599999
    endloop
  endfacet
  facet normal 0 0 -1
    outer loop
      vertex 71.4223 152.136 -0.599999
      vertex 70.8223 153.176 -0.599999
      vertex 71.4324 153.476 -0.599999
    endloop
  endfacet
  facet normal 0 0 -1
    outer loop
      vertex 70.2567 152.798 -0.599999
      vertex 70.9873 151.846 -0.599999
      vertex 70.5939 151.501 -0.599999
    endloop
  endfacet
  facet normal 0 0 -1
    outer loop
      vertex 70.9873 151.846 -0.599999
      vertex 70.2567 152.798 -0.599999
      vertex 70.8223 153.176 -0.599999
    endloop
  endfacet
  facet normal 0 0 -1
    outer loop
      vertex 69.7453 152.349 -0.599999
      vertex 70.5939 151.501 -0.599999
      vertex 70.2489 151.107 -0.599999
    endloop
  endfacet
  facet normal 0 0 -1
    outer loop
      vertex 69.2969 151.838 -0.599999
      vertex 70.2489 151.107 -0.599999
      vertex 69.9582 150.672 -0.599999
    endloop
  endfacet
  facet normal 0 0 -1
    outer loop
      vertex 70.5939 151.501 -0.599999
      vertex 69.7453 152.349 -0.599999
      vertex 70.2567 152.798 -0.599999
    endloop
  endfacet
  facet normal 0 0 -1
    outer loop
      vertex 68.919 151.272 -0.599999
      vertex 69.9582 150.672 -0.599999
      vertex 69.7268 150.203 -0.599999
    endloop
  endfacet
  facet normal 0 0 -1
    outer loop
      vertex 68.6181 150.662 -0.599999
      vertex 69.7268 150.203 -0.599999
      vertex 69.5586 149.708 -0.599999
    endloop
  endfacet
  facet normal 0 0 -1
    outer loop
      vertex 68.3995 150.018 -0.599999
      vertex 69.5586 149.708 -0.599999
      vertex 69.4565 149.194 -0.599999
    endloop
  endfacet
  facet normal 0 0 -1
    outer loop
      vertex 70.2489 151.107 -0.599999
      vertex 69.2969 151.838 -0.599999
      vertex 69.7453 152.349 -0.599999
    endloop
  endfacet
  facet normal 0 0 -1
    outer loop
      vertex 68.2668 149.351 -0.599999
      vertex 69.4565 149.194 -0.599999
      vertex 69.4223 148.672 -0.599999
    endloop
  endfacet
  facet normal 0 0 -1
    outer loop
      vertex 68.3995 147.326 -0.599999
      vertex 69.5586 147.637 -0.599999
      vertex 68.6181 146.682 -0.599999
    endloop
  endfacet
  facet normal -0 0 -1
    outer loop
      vertex 69.5586 147.637 -0.599999
      vertex 68.3995 147.326 -0.599999
      vertex 69.4565 148.15 -0.599999
    endloop
  endfacet
  facet normal 0 0 -1
    outer loop
      vertex 69.9582 150.672 -0.599999
      vertex 68.919 151.272 -0.599999
      vertex 69.2969 151.838 -0.599999
    endloop
  endfacet
  facet normal 0 0 -1
    outer loop
      vertex 68.2668 147.994 -0.599999
      vertex 69.4565 148.15 -0.599999
      vertex 68.3995 147.326 -0.599999
    endloop
  endfacet
  facet normal 0 0 -1
    outer loop
      vertex 69.7268 150.203 -0.599999
      vertex 68.6181 150.662 -0.599999
      vertex 68.919 151.272 -0.599999
    endloop
  endfacet
  facet normal -0 0 -1
    outer loop
      vertex 69.4565 148.15 -0.599999
      vertex 68.2668 147.994 -0.599999
      vertex 69.4223 148.672 -0.599999
    endloop
  endfacet
  facet normal 0 0 -1
    outer loop
      vertex 69.5586 149.708 -0.599999
      vertex 68.3995 150.018 -0.599999
      vertex 68.6181 150.662 -0.599999
    endloop
  endfacet
  facet normal 0 0 -1
    outer loop
      vertex 68.2223 148.672 -0.599999
      vertex 69.4223 148.672 -0.599999
      vertex 68.2668 147.994 -0.599999
    endloop
  endfacet
  facet normal 0 0 -1
    outer loop
      vertex 69.4565 149.194 -0.599999
      vertex 68.2668 149.351 -0.599999
      vertex 68.3995 150.018 -0.599999
    endloop
  endfacet
  facet normal 0 0 -1
    outer loop
      vertex 69.4223 148.672 -0.599999
      vertex 68.2223 148.672 -0.599999
      vertex 68.2668 149.351 -0.599999
    endloop
  endfacet
  facet normal -0.303479 -0.88997 -0.340375
    outer loop
      vertex 71.7272 143.538 0
      vertex 71.3489 143.667 0
      vertex 71.4324 143.868 -0.599999
    endloop
  endfacet
  facet normal -0.78138 -0.522489 -0.341247
    outer loop
      vertex 69.1238 145.374 0
      vertex 68.9018 145.706 0
      vertex 69.2969 145.507 -0.599999
    endloop
  endfacet
  facet normal -0.921955 -0.183215 -0.341221
    outer loop
      vertex 68.1284 147.573 0
      vertex 68.0505 147.965 0
      vertex 68.2668 147.994 -0.599999
    endloop
  endfacet
  facet normal -0.921981 -0.183154 -0.341184
    outer loop
      vertex 68.3995 147.326 -0.599999
      vertex 68.1284 147.573 0
      vertex 68.2668 147.994 -0.599999
    endloop
  endfacet
  facet normal -0.921968 -0.183481 -0.341043
    outer loop
      vertex 68.1284 147.573 0
      vertex 68.3995 147.326 -0.599999
      vertex 68.1887 147.27 0
    endloop
  endfacet
  facet normal -0.0611769 -0.938124 -0.340852
    outer loop
      vertex 73.4223 143.254 0
      vertex 73.0236 143.28 0
      vertex 73.4223 143.472 -0.599999
    endloop
  endfacet
  facet normal 0.707145 0.619045 -0.341657
    outer loop
      vertex 77.517 152.203 0
      vertex 77.0993 152.349 -0.599999
      vertex 77.2535 152.504 0
    endloop
  endfacet
  facet normal 0.302586 0.889936 -0.341256
    outer loop
      vertex 74.7682 153.695 -0.599999
      vertex 74.9954 153.943 0.248195
      vertex 75.4123 153.476 -0.599999
    endloop
  endfacet
  facet normal 0.300156 0.8909 -0.340887
    outer loop
      vertex 74.9954 153.943 0.248195
      vertex 74.7682 153.695 -0.599999
      vertex 74.8521 154.008 0.291893
    endloop
  endfacet
  facet normal 0.521627 0.782084 -0.340955
    outer loop
      vertex 76.7207 152.971 0
      vertex 76.5879 152.798 -0.599999
      vertex 76.5018 153.117 0
    endloop
  endfacet
  facet normal 0.536924 0.774405 -0.334678
    outer loop
      vertex 76.5879 152.798 -0.599999
      vertex 76.4807 153.132 0.000857513
      vertex 76.5018 153.117 0
    endloop
  endfacet
  facet normal 0.516102 0.784188 -0.344511
    outer loop
      vertex 76.4223 153.172 0.00323222
      vertex 76.5879 152.798 -0.599999
      vertex 76.3869 153.196 0.00483008
    endloop
  endfacet
  facet normal 0.521616 0.781836 -0.341539
    outer loop
      vertex 76.4807 153.132 0.000857513
      vertex 76.5879 152.798 -0.599999
      vertex 76.4223 153.172 0.00323222
    endloop
  endfacet
  facet normal -0.0612424 0.938029 -0.341102
    outer loop
      vertex 73.4223 153.872 -0.599999
      vertex 72.8709 154.236 0.5
      vertex 73.4223 154.272 0.5
    endloop
  endfacet
  facet normal -0.0586773 0.938592 -0.340002
    outer loop
      vertex 72.8709 154.236 0.5
      vertex 73.4223 153.872 -0.599999
      vertex 72.7054 154.218 0.478872
    endloop
  endfacet
  facet normal -0.619054 0.707087 -0.341761
    outer loop
      vertex 69.7453 152.349 -0.599999
      vertex 69.5911 152.504 0
      vertex 69.8915 152.767 0
    endloop
  endfacet
  facet normal -0.300156 0.8909 -0.340887
    outer loop
      vertex 72.0764 153.695 -0.599999
      vertex 71.8492 153.943 0.248195
      vertex 71.9925 154.008 0.291893
    endloop
  endfacet
  facet normal -0.302628 0.889919 -0.341263
    outer loop
      vertex 71.8492 153.943 0.248195
      vertex 72.0764 153.695 -0.599999
      vertex 71.4324 153.476 -0.599999
    endloop
  endfacet
  facet normal -0.450722 0.814273 -0.365799
    outer loop
      vertex 70.9672 153.511 0.0511112
      vertex 71.4324 153.476 -0.599999
      vertex 70.9539 153.503 0.0496908
    endloop
  endfacet
  facet normal -0.414118 0.843839 -0.341236
    outer loop
      vertex 71.2922 153.696 0.114181
      vertex 71.4324 153.476 -0.599999
      vertex 70.9672 153.511 0.0511112
    endloop
  endfacet
  facet normal -0.414305 0.843744 -0.341243
    outer loop
      vertex 71.4324 153.476 -0.599999
      vertex 71.2922 153.696 0.114181
      vertex 71.3313 153.72 0.126051
    endloop
  endfacet
  facet normal -0.060811 0.93801 -0.341233
    outer loop
      vertex 72.7436 153.828 -0.599999
      vertex 72.7054 154.218 0.478872
      vertex 73.4223 153.872 -0.599999
    endloop
  endfacet
  facet normal -0.100317 0.934555 -0.341383
    outer loop
      vertex 72.7054 154.218 0.478872
      vertex 72.7436 153.828 -0.599999
      vertex 72.6924 154.216 0.477217
    endloop
  endfacet
  facet normal -0.890209 0.301825 -0.341218
    outer loop
      vertex 68.6181 150.662 -0.599999
      vertex 68.2881 150.367 0
      vertex 68.4166 150.746 0
    endloop
  endfacet
  facet normal -0.938 0.061593 -0.34112
    outer loop
      vertex 68.2223 148.672 -0.599999
      vertex 68.0041 148.672 0
      vertex 68.0303 149.071 0
    endloop
  endfacet
  facet normal 0 0 1
    outer loop
      vertex 73.4223 154.272 0.5
      vertex 72.8709 154.236 0.5
      vertex 73.9737 154.236 0.5
    endloop
  endfacet
  facet normal 0.7815 -0.522419 -0.341079
    outer loop
      vertex 77.9428 145.706 0
      vertex 77.9256 146.072 -0.599999
      vertex 78.1146 145.963 0
    endloop
  endfacet
  facet normal 0.781337 -0.522597 -0.341183
    outer loop
      vertex 77.9256 146.072 -0.599999
      vertex 77.9428 145.706 0
      vertex 77.5477 145.507 -0.599999
    endloop
  endfacet
  facet normal 0.41592 -0.842895 -0.341377
    outer loop
      vertex 76.0223 144.169 -0.599999
      vertex 75.8541 143.843 0
      vertex 75.4123 143.868 -0.599999
    endloop
  endfacet
  facet normal 0.416364 -0.842757 -0.341178
    outer loop
      vertex 75.8541 143.843 0
      vertex 76.0223 144.169 -0.599999
      vertex 76.1314 143.98 0
    endloop
  endfacet
  facet normal 0.620162 -0.706498 -0.34097
    outer loop
      vertex 76.5879 144.547 -0.599999
      vertex 76.9531 144.578 0
      vertex 76.7207 144.374 0
    endloop
  endfacet
  facet normal 0.619552 -0.70723 -0.340561
    outer loop
      vertex 76.9531 144.578 0
      vertex 76.5879 144.547 -0.599999
      vertex 77.0993 144.995 -0.599999
    endloop
  endfacet
  facet normal 0.522327 -0.781609 -0.340973
    outer loop
      vertex 76.7207 144.374 0
      vertex 76.3885 144.152 0
      vertex 76.5879 144.547 -0.599999
    endloop
  endfacet
  facet normal -0.414464 -0.843999 -0.34042
    outer loop
      vertex 71.3489 143.667 0
      vertex 70.9905 143.843 0
      vertex 71.4324 143.868 -0.599999
    endloop
  endfacet
  facet normal -0.416364 -0.842757 -0.341178
    outer loop
      vertex 70.8223 144.169 -0.599999
      vertex 70.9905 143.843 0
      vertex 70.7132 143.98 0
    endloop
  endfacet
  facet normal -0.415861 -0.842913 -0.341404
    outer loop
      vertex 70.9905 143.843 0
      vertex 70.8223 144.169 -0.599999
      vertex 71.4324 143.868 -0.599999
    endloop
  endfacet
  facet normal -0.619552 -0.70723 -0.340561
    outer loop
      vertex 70.2567 144.547 -0.599999
      vertex 69.8915 144.578 0
      vertex 69.7453 144.995 -0.599999
    endloop
  endfacet
  facet normal -0.620162 -0.706498 -0.34097
    outer loop
      vertex 69.8915 144.578 0
      vertex 70.2567 144.547 -0.599999
      vertex 70.1239 144.374 0
    endloop
  endfacet
  facet normal -0.619303 -0.707371 -0.34072
    outer loop
      vertex 69.8915 144.578 0
      vertex 69.5911 144.841 0
      vertex 69.7453 144.995 -0.599999
    endloop
  endfacet
  facet normal -0.707503 -0.618838 -0.341291
    outer loop
      vertex 69.2969 145.507 -0.599999
      vertex 69.3276 145.141 0
      vertex 69.1238 145.374 0
    endloop
  endfacet
  facet normal -0.707047 -0.619218 -0.341546
    outer loop
      vertex 69.3276 145.141 0
      vertex 69.2969 145.507 -0.599999
      vertex 69.7453 144.995 -0.599999
    endloop
  endfacet
  facet normal -0.7815 -0.522419 -0.341079
    outer loop
      vertex 68.919 146.072 -0.599999
      vertex 68.9018 145.706 0
      vertex 68.73 145.963 0
    endloop
  endfacet
  facet normal -0.781337 -0.522597 -0.341183
    outer loop
      vertex 68.9018 145.706 0
      vertex 68.919 146.072 -0.599999
      vertex 69.2969 145.507 -0.599999
    endloop
  endfacet
  facet normal -0.890113 -0.302591 -0.340789
    outer loop
      vertex 68.4166 146.599 0
      vertex 68.2881 146.977 0
      vertex 68.6181 146.682 -0.599999
    endloop
  endfacet
  facet normal -0.843072 -0.41612 -0.340696
    outer loop
      vertex 68.5933 146.241 0
      vertex 68.4166 146.599 0
      vertex 68.6181 146.682 -0.599999
    endloop
  endfacet
  facet normal -0.0607922 -0.93772 -0.34203
    outer loop
      vertex 72.7436 143.517 -0.599999
      vertex 73.0236 143.28 0
      vertex 72.7151 143.3 0
    endloop
  endfacet
  facet normal -0.0621823 -0.937847 -0.341432
    outer loop
      vertex 73.0236 143.28 0
      vertex 72.7436 143.517 -0.599999
      vertex 73.4223 143.472 -0.599999
    endloop
  endfacet
  facet normal -0.183429 -0.921612 -0.34203
    outer loop
      vertex 72.7151 143.3 0
      vertex 72.3232 143.378 0
      vertex 72.7436 143.517 -0.599999
    endloop
  endfacet
  facet normal 0.921868 0.183666 -0.341211
    outer loop
      vertex 78.7941 149.38 0
      vertex 78.5778 149.351 -0.599999
      vertex 78.7162 149.771 0
    endloop
  endfacet
  facet normal 0.921991 0.182882 -0.341301
    outer loop
      vertex 78.7162 149.771 0
      vertex 78.4451 150.018 -0.599999
      vertex 78.6559 150.075 0
    endloop
  endfacet
  facet normal 0.92197 0.183426 -0.341067
    outer loop
      vertex 78.4451 150.018 -0.599999
      vertex 78.7162 149.771 0
      vertex 78.5778 149.351 -0.599999
    endloop
  endfacet
  facet normal 0.619054 0.707087 -0.341761
    outer loop
      vertex 77.0993 152.349 -0.599999
      vertex 76.9531 152.767 0
      vertex 77.2535 152.504 0
    endloop
  endfacet
  facet normal 0.414805 0.84374 -0.340646
    outer loop
      vertex 76.0223 153.176 -0.599999
      vertex 75.8907 153.503 0.0496908
      vertex 76.1357 153.372 0.0235565
    endloop
  endfacet
  facet normal 0.414933 0.843696 -0.340599
    outer loop
      vertex 75.8907 153.503 0.0496908
      vertex 76.0223 153.176 -0.599999
      vertex 75.4123 153.476 -0.599999
    endloop
  endfacet
  facet normal 0.181637 0.922397 -0.340869
    outer loop
      vertex 74.2487 154.183 0.43934
      vertex 74.101 153.828 -0.599999
      vertex 74.1522 154.216 0.477217
    endloop
  endfacet
  facet normal 0.18387 0.9219 -0.341017
    outer loop
      vertex 74.101 153.828 -0.599999
      vertex 74.2487 154.183 0.43934
      vertex 74.7403 154.038 0.312411
    endloop
  endfacet
  facet normal 0.100317 0.934555 -0.341383
    outer loop
      vertex 74.101 153.828 -0.599999
      vertex 74.1392 154.218 0.478872
      vertex 74.1522 154.216 0.477217
    endloop
  endfacet
  facet normal 0.060811 0.93801 -0.341233
    outer loop
      vertex 74.1392 154.218 0.478872
      vertex 74.101 153.828 -0.599999
      vertex 73.4223 153.872 -0.599999
    endloop
  endfacet
  facet normal -0.620162 0.706498 -0.34097
    outer loop
      vertex 70.2567 152.798 -0.599999
      vertex 69.8915 152.767 0
      vertex 70.1239 152.971 0
    endloop
  endfacet
  facet normal -0.620225 0.706421 -0.341013
    outer loop
      vertex 69.8915 152.767 0
      vertex 70.2567 152.798 -0.599999
      vertex 69.7453 152.349 -0.599999
    endloop
  endfacet
  facet normal -0.781864 0.522025 -0.340849
    outer loop
      vertex 68.919 151.272 -0.599999
      vertex 68.9018 151.638 0
      vertex 69.2969 151.838 -0.599999
    endloop
  endfacet
  facet normal -0.7815 0.522419 -0.341079
    outer loop
      vertex 68.9018 151.638 0
      vertex 68.919 151.272 -0.599999
      vertex 68.73 151.381 0
    endloop
  endfacet
  facet normal -0.782114 0.521409 -0.341219
    outer loop
      vertex 69.2969 151.838 -0.599999
      vertex 68.9018 151.638 0
      vertex 69.1238 151.971 0
    endloop
  endfacet
  facet normal -0.302283 0.890057 -0.341209
    outer loop
      vertex 71.6943 153.872 0.200961
      vertex 71.4324 153.476 -0.599999
      vertex 71.3313 153.72 0.126051
    endloop
  endfacet
  facet normal -0.303997 0.889747 -0.340495
    outer loop
      vertex 71.4324 153.476 -0.599999
      vertex 71.6943 153.872 0.200961
      vertex 71.8492 153.943 0.248195
    endloop
  endfacet
  facet normal -0.18387 0.9219 -0.341017
    outer loop
      vertex 72.5959 154.183 0.43934
      vertex 72.7436 153.828 -0.599999
      vertex 72.1043 154.038 0.312411
    endloop
  endfacet
  facet normal -0.181637 0.922397 -0.340869
    outer loop
      vertex 72.7436 153.828 -0.599999
      vertex 72.5959 154.183 0.43934
      vertex 72.6924 154.216 0.477217
    endloop
  endfacet
  facet normal -0.18378 0.921938 -0.340962
    outer loop
      vertex 72.0764 153.695 -0.599999
      vertex 72.1043 154.038 0.312411
      vertex 72.7436 153.828 -0.599999
    endloop
  endfacet
  facet normal -0.205036 0.918205 -0.338909
    outer loop
      vertex 72.1043 154.038 0.312411
      vertex 72.0764 153.695 -0.599999
      vertex 72.0949 154.035 0.30997
    endloop
  endfacet
  facet normal -0.182976 0.922147 -0.34083
    outer loop
      vertex 72.0949 154.035 0.30997
      vertex 72.0764 153.695 -0.599999
      vertex 71.9925 154.008 0.291893
    endloop
  endfacet
  facet normal -0.842873 0.416021 -0.341308
    outer loop
      vertex 68.6181 150.662 -0.599999
      vertex 68.4166 150.746 0
      vertex 68.5933 151.104 0
    endloop
  endfacet
  facet normal -0.842963 0.416004 -0.341108
    outer loop
      vertex 68.919 151.272 -0.599999
      vertex 68.5933 151.104 0
      vertex 68.73 151.381 0
    endloop
  endfacet
  facet normal -0.843014 0.415841 -0.341181
    outer loop
      vertex 68.5933 151.104 0
      vertex 68.919 151.272 -0.599999
      vertex 68.6181 150.662 -0.599999
    endloop
  endfacet
  facet normal -0.938018 0.0613202 -0.34112
    outer loop
      vertex 68.2668 149.351 -0.599999
      vertex 68.0303 149.071 0
      vertex 68.0505 149.38 0
    endloop
  endfacet
  facet normal -0.938032 0.0614763 -0.341053
    outer loop
      vertex 68.0303 149.071 0
      vertex 68.2668 149.351 -0.599999
      vertex 68.2223 148.672 -0.599999
    endloop
  endfacet
  facet normal -0.921868 0.183666 -0.341211
    outer loop
      vertex 68.2668 149.351 -0.599999
      vertex 68.0505 149.38 0
      vertex 68.1284 149.771 0
    endloop
  endfacet
  facet normal -0.302679 -0.89007 -0.340823
    outer loop
      vertex 72.0764 143.649 -0.599999
      vertex 71.7272 143.538 0
      vertex 71.4324 143.868 -0.599999
    endloop
  endfacet
  facet normal -0.301207 -0.890842 -0.340109
    outer loop
      vertex 71.7272 143.538 0
      vertex 72.0764 143.649 -0.599999
      vertex 72.02 143.439 0
    endloop
  endfacet
  facet normal -0.706362 -0.620422 -0.340777
    outer loop
      vertex 69.5911 144.841 0
      vertex 69.3276 145.141 0
      vertex 69.7453 144.995 -0.599999
    endloop
  endfacet
  facet normal -0.890243 -0.302014 -0.340961
    outer loop
      vertex 68.3995 147.326 -0.599999
      vertex 68.2881 146.977 0
      vertex 68.1887 147.27 0
    endloop
  endfacet
  facet normal -0.890167 -0.302159 -0.341031
    outer loop
      vertex 68.2881 146.977 0
      vertex 68.3995 147.326 -0.599999
      vertex 68.6181 146.682 -0.599999
    endloop
  endfacet
  facet normal 0.7815 0.522419 -0.341079
    outer loop
      vertex 77.9256 151.272 -0.599999
      vertex 77.9428 151.638 0
      vertex 78.1146 151.381 0
    endloop
  endfacet
  facet normal 0.781864 0.522025 -0.340849
    outer loop
      vertex 77.9428 151.638 0
      vertex 77.9256 151.272 -0.599999
      vertex 77.5477 151.838 -0.599999
    endloop
  endfacet
  facet normal 0.84274 0.416191 -0.341428
    outer loop
      vertex 78.4281 150.746 0
      vertex 78.2265 150.662 -0.599999
      vertex 78.2513 151.104 0
    endloop
  endfacet
  facet normal 0.890237 0.3016 -0.341344
    outer loop
      vertex 78.5565 150.367 0
      vertex 78.2265 150.662 -0.599999
      vertex 78.4281 150.746 0
    endloop
  endfacet
  facet normal 0.182976 0.922147 -0.34083
    outer loop
      vertex 74.7682 153.695 -0.599999
      vertex 74.7497 154.035 0.30997
      vertex 74.8521 154.008 0.291893
    endloop
  endfacet
  facet normal 0.205036 0.918205 -0.338909
    outer loop
      vertex 74.7682 153.695 -0.599999
      vertex 74.7403 154.038 0.312411
      vertex 74.7497 154.035 0.30997
    endloop
  endfacet
  facet normal 0.18378 0.921938 -0.340962
    outer loop
      vertex 74.7403 154.038 0.312411
      vertex 74.7682 153.695 -0.599999
      vertex 74.101 153.828 -0.599999
    endloop
  endfacet
  facet normal 0.0586773 0.938592 -0.340002
    outer loop
      vertex 73.4223 153.872 -0.599999
      vertex 73.9737 154.236 0.5
      vertex 74.1392 154.218 0.478872
    endloop
  endfacet
  facet normal 0.0612424 0.938029 -0.341102
    outer loop
      vertex 73.9737 154.236 0.5
      vertex 73.4223 153.872 -0.599999
      vertex 73.4223 154.272 0.5
    endloop
  endfacet
  facet normal 0.522395 0.781658 -0.340755
    outer loop
      vertex 76.0223 153.176 -0.599999
      vertex 76.3869 153.196 0.00483008
      vertex 76.5879 152.798 -0.599999
    endloop
  endfacet
  facet normal 0.52209 0.781938 -0.34058
    outer loop
      vertex 76.3869 153.196 0.00483008
      vertex 76.0223 153.176 -0.599999
      vertex 76.2094 153.318 0.0128326
    endloop
  endfacet
  facet normal 0.522914 0.781339 -0.340693
    outer loop
      vertex 76.2094 153.318 0.0128326
      vertex 76.0223 153.176 -0.599999
      vertex 76.1357 153.372 0.0235565
    endloop
  endfacet
  facet normal 0.414326 0.843754 -0.341193
    outer loop
      vertex 75.5524 153.696 0.114181
      vertex 75.4123 153.476 -0.599999
      vertex 75.5133 153.72 0.126051
    endloop
  endfacet
  facet normal 0.414135 0.843851 -0.341185
    outer loop
      vertex 75.8774 153.511 0.0511112
      vertex 75.4123 153.476 -0.599999
      vertex 75.5524 153.696 0.114181
    endloop
  endfacet
  facet normal 0.450738 0.81429 -0.365742
    outer loop
      vertex 75.4123 153.476 -0.599999
      vertex 75.8774 153.511 0.0511112
      vertex 75.8907 153.503 0.0496908
    endloop
  endfacet
  facet normal 0.303791 0.889784 -0.340581
    outer loop
      vertex 75.1504 153.872 0.200961
      vertex 75.4123 153.476 -0.599999
      vertex 74.9954 153.943 0.248195
    endloop
  endfacet
  facet normal 0.302367 0.890042 -0.341174
    outer loop
      vertex 75.4123 153.476 -0.599999
      vertex 75.1504 153.872 0.200961
      vertex 75.5133 153.72 0.126051
    endloop
  endfacet
  facet normal -0.706587 0.620027 -0.34103
    outer loop
      vertex 69.2969 151.838 -0.599999
      vertex 69.3276 152.203 0
      vertex 69.7453 152.349 -0.599999
    endloop
  endfacet
  facet normal -0.706193 0.620354 -0.341249
    outer loop
      vertex 69.3276 152.203 0
      vertex 69.2969 151.838 -0.599999
      vertex 69.1238 151.971 0
    endloop
  endfacet
  facet normal -0.890167 0.302159 -0.341031
    outer loop
      vertex 68.3995 150.018 -0.599999
      vertex 68.2881 150.367 0
      vertex 68.6181 150.662 -0.599999
    endloop
  endfacet
  facet normal -0.889782 0.302892 -0.341385
    outer loop
      vertex 68.2881 150.367 0
      vertex 68.3995 150.018 -0.599999
      vertex 68.1887 150.075 0
    endloop
  endfacet
  facet normal 0.782114 0.521409 -0.341219
    outer loop
      vertex 77.9428 151.638 0
      vertex 77.5477 151.838 -0.599999
      vertex 77.7208 151.971 0
    endloop
  endfacet
  facet normal 0.706193 0.620354 -0.341249
    outer loop
      vertex 77.5477 151.838 -0.599999
      vertex 77.517 152.203 0
      vertex 77.7208 151.971 0
    endloop
  endfacet
  facet normal 0.706587 0.620027 -0.34103
    outer loop
      vertex 77.517 152.203 0
      vertex 77.5477 151.838 -0.599999
      vertex 77.0993 152.349 -0.599999
    endloop
  endfacet
  facet normal 0.842963 0.416004 -0.341108
    outer loop
      vertex 78.2513 151.104 0
      vertex 77.9256 151.272 -0.599999
      vertex 78.1146 151.381 0
    endloop
  endfacet
  facet normal 0.843014 0.415841 -0.341181
    outer loop
      vertex 77.9256 151.272 -0.599999
      vertex 78.2513 151.104 0
      vertex 78.2265 150.662 -0.599999
    endloop
  endfacet
  facet normal -0.521146 0.78241 -0.340942
    outer loop
      vertex 70.3506 153.122 0
      vertex 70.2567 152.798 -0.599999
      vertex 70.1239 152.971 0
    endloop
  endfacet
  facet normal -0.524243 0.780904 -0.339645
    outer loop
      vertex 70.2567 152.798 -0.599999
      vertex 70.3506 153.122 0
      vertex 70.4577 153.196 0.00483008
    endloop
  endfacet
  facet normal -0.522914 0.781339 -0.340693
    outer loop
      vertex 70.8223 153.176 -0.599999
      vertex 70.6352 153.318 0.0128326
      vertex 70.7089 153.372 0.0235565
    endloop
  endfacet
  facet normal -0.52209 0.781938 -0.34058
    outer loop
      vertex 70.8223 153.176 -0.599999
      vertex 70.4577 153.196 0.00483008
      vertex 70.6352 153.318 0.0128326
    endloop
  endfacet
  facet normal -0.522395 0.781658 -0.340755
    outer loop
      vertex 70.4577 153.196 0.00483008
      vertex 70.8223 153.176 -0.599999
      vertex 70.2567 152.798 -0.599999
    endloop
  endfacet
  facet normal 0.889782 0.302892 -0.341385
    outer loop
      vertex 78.4451 150.018 -0.599999
      vertex 78.5565 150.367 0
      vertex 78.6559 150.075 0
    endloop
  endfacet
  facet normal 0.890167 0.302159 -0.341031
    outer loop
      vertex 78.5565 150.367 0
      vertex 78.4451 150.018 -0.599999
      vertex 78.2265 150.662 -0.599999
    endloop
  endfacet
  facet normal 0 -0.0651769 -0.997874
    outer loop
      vertex 83.4223 127.222 4.4
      vertex 84.4223 127.412 4.38759
      vertex 84.4223 127.222 4.4
    endloop
  endfacet
  facet normal -0 -0.0651769 -0.997874
    outer loop
      vertex 84.4223 127.412 4.38759
      vertex 83.4223 127.222 4.4
      vertex 83.4223 127.412 4.38759
    endloop
  endfacet
  facet normal 0 -0.0651769 0.997874
    outer loop
      vertex 83.4223 127.412 1.51241
      vertex 84.4223 127.222 1.5
      vertex 84.4223 127.412 1.51241
    endloop
  endfacet
  facet normal 0 -0.0651769 0.997874
    outer loop
      vertex 84.4223 127.222 1.5
      vertex 83.4223 127.412 1.51241
      vertex 83.4223 127.222 1.5
    endloop
  endfacet
  facet normal 0 -0.832375 -0.554213
    outer loop
      vertex 83.4223 128.478 3.675
      vertex 84.4223 128.373 3.8327
      vertex 83.4223 128.373 3.8327
    endloop
  endfacet
  facet normal 0 -0.832375 -0.554213
    outer loop
      vertex 84.4223 128.373 3.8327
      vertex 83.4223 128.478 3.675
      vertex 84.4223 128.478 3.675
    endloop
  endfacet
  facet normal 0 -0.442481 0.896778
    outer loop
      vertex 83.4223 127.947 1.69426
      vertex 84.4223 127.777 1.61038
      vertex 84.4223 127.947 1.69426
    endloop
  endfacet
  facet normal 0 -0.442481 0.896778
    outer loop
      vertex 84.4223 127.777 1.61038
      vertex 83.4223 127.947 1.69426
      vertex 83.4223 127.777 1.61038
    endloop
  endfacet
  facet normal 0 0.832375 0.554213
    outer loop
      vertex 84.4223 117.472 2.0673
      vertex 83.4223 117.367 2.225
      vertex 84.4223 117.367 2.225
    endloop
  endfacet
  facet normal 0 0.832375 0.554213
    outer loop
      vertex 83.4223 117.367 2.225
      vertex 84.4223 117.472 2.0673
      vertex 83.4223 117.472 2.0673
    endloop
  endfacet
  facet normal -0 0 1
    outer loop
      vertex 83.4223 127.222 1.5
      vertex 84.4223 118.622 1.5
      vertex 84.4223 127.222 1.5
    endloop
  endfacet
  facet normal 0 0 1
    outer loop
      vertex 84.4223 118.622 1.5
      vertex 83.4223 127.222 1.5
      vertex 83.4223 118.622 1.5
    endloop
  endfacet
  facet normal 0 -0.997996 -0.0632778
    outer loop
      vertex 83.4223 128.672 2.95
      vertex 84.4223 128.66 3.13926
      vertex 83.4223 128.66 3.13926
    endloop
  endfacet
  facet normal 0 -0.997996 -0.0632778
    outer loop
      vertex 84.4223 128.66 3.13926
      vertex 83.4223 128.672 2.95
      vertex 84.4223 128.672 2.95
    endloop
  endfacet
  facet normal 0 -0.55487 0.831937
    outer loop
      vertex 83.4223 128.105 1.79964
      vertex 84.4223 127.947 1.69426
      vertex 84.4223 128.105 1.79964
    endloop
  endfacet
  facet normal 0 -0.55487 0.831937
    outer loop
      vertex 84.4223 127.947 1.69426
      vertex 83.4223 128.105 1.79964
      vertex 83.4223 127.947 1.69426
    endloop
  endfacet
  facet normal 0 -0.832375 0.554213
    outer loop
      vertex 83.4223 128.373 2.0673
      vertex 84.4223 128.478 2.225
      vertex 83.4223 128.478 2.225
    endloop
  endfacet
  facet normal 0 -0.832375 0.554213
    outer loop
      vertex 84.4223 128.478 2.225
      vertex 83.4223 128.373 2.0673
      vertex 84.4223 128.373 2.0673
    endloop
  endfacet
  facet normal 0 -0.195102 -0.980783
    outer loop
      vertex 83.4223 127.412 4.38759
      vertex 84.4223 127.598 4.35059
      vertex 84.4223 127.412 4.38759
    endloop
  endfacet
  facet normal -0 -0.195102 -0.980783
    outer loop
      vertex 84.4223 127.598 4.35059
      vertex 83.4223 127.412 4.38759
      vertex 83.4223 127.598 4.35059
    endloop
  endfacet
  facet normal 0 -0.55487 -0.831937
    outer loop
      vertex 83.4223 127.947 4.20574
      vertex 84.4223 128.105 4.10036
      vertex 84.4223 127.947 4.20574
    endloop
  endfacet
  facet normal -0 -0.55487 -0.831937
    outer loop
      vertex 84.4223 128.105 4.10036
      vertex 83.4223 127.947 4.20574
      vertex 83.4223 128.105 4.10036
    endloop
  endfacet
  facet normal 0 0.0655203 -0.997851
    outer loop
      vertex 83.4223 118.433 4.38759
      vertex 84.4223 118.622 4.4
      vertex 84.4223 118.433 4.38759
    endloop
  endfacet
  facet normal 0 0.0655203 -0.997851
    outer loop
      vertex 84.4223 118.622 4.4
      vertex 83.4223 118.433 4.38759
      vertex 83.4223 118.622 4.4
    endloop
  endfacet
  facet normal 0 0 -1
    outer loop
      vertex 83.4223 118.622 4.4
      vertex 84.4223 127.222 4.4
      vertex 84.4223 118.622 4.4
    endloop
  endfacet
  facet normal -0 0 -1
    outer loop
      vertex 84.4223 127.222 4.4
      vertex 83.4223 118.622 4.4
      vertex 83.4223 127.222 4.4
    endloop
  endfacet
  facet normal -0 0.442481 0.896778
    outer loop
      vertex 83.4223 118.067 1.61038
      vertex 84.4223 117.897 1.69426
      vertex 84.4223 118.067 1.61038
    endloop
  endfacet
  facet normal 0 0.442481 0.896778
    outer loop
      vertex 84.4223 117.897 1.69426
      vertex 83.4223 118.067 1.61038
      vertex 83.4223 117.897 1.69426
    endloop
  endfacet
  facet normal 0 -0.980789 0.195072
    outer loop
      vertex 83.4223 128.623 2.57471
      vertex 84.4223 128.66 2.76074
      vertex 83.4223 128.66 2.76074
    endloop
  endfacet
  facet normal 0 -0.980789 0.195072
    outer loop
      vertex 84.4223 128.66 2.76074
      vertex 83.4223 128.623 2.57471
      vertex 84.4223 128.623 2.57471
    endloop
  endfacet
  facet normal 0 -0.946876 -0.3216
    outer loop
      vertex 83.4223 128.623 3.32529
      vertex 84.4223 128.562 3.50489
      vertex 83.4223 128.562 3.50489
    endloop
  endfacet
  facet normal 0 -0.946876 -0.3216
    outer loop
      vertex 84.4223 128.562 3.50489
      vertex 83.4223 128.623 3.32529
      vertex 84.4223 128.623 3.32529
    endloop
  endfacet
  facet normal 0 -0.980789 -0.195072
    outer loop
      vertex 83.4223 128.66 3.13926
      vertex 84.4223 128.623 3.32529
      vertex 83.4223 128.623 3.32529
    endloop
  endfacet
  facet normal 0 -0.980789 -0.195072
    outer loop
      vertex 84.4223 128.623 3.32529
      vertex 83.4223 128.66 3.13926
      vertex 84.4223 128.66 3.13926
    endloop
  endfacet
  facet normal 0 -0.89664 -0.442759
    outer loop
      vertex 83.4223 128.562 3.50489
      vertex 84.4223 128.478 3.675
      vertex 83.4223 128.478 3.675
    endloop
  endfacet
  facet normal 0 -0.89664 -0.442759
    outer loop
      vertex 84.4223 128.478 3.675
      vertex 83.4223 128.562 3.50489
      vertex 84.4223 128.562 3.50489
    endloop
  endfacet
  facet normal 0 -0.322424 0.946595
    outer loop
      vertex 83.4223 127.777 1.61038
      vertex 84.4223 127.598 1.54941
      vertex 84.4223 127.777 1.61038
    endloop
  endfacet
  facet normal 0 -0.322424 0.946595
    outer loop
      vertex 84.4223 127.598 1.54941
      vertex 83.4223 127.777 1.61038
      vertex 83.4223 127.598 1.54941
    endloop
  endfacet
  facet normal 0 -0.195102 0.980783
    outer loop
      vertex 83.4223 127.598 1.54941
      vertex 84.4223 127.412 1.51241
      vertex 84.4223 127.598 1.54941
    endloop
  endfacet
  facet normal 0 -0.195102 0.980783
    outer loop
      vertex 84.4223 127.412 1.51241
      vertex 83.4223 127.598 1.54941
      vertex 83.4223 127.412 1.51241
    endloop
  endfacet
  facet normal 0 -0.658311 0.752746
    outer loop
      vertex 83.4223 128.248 1.9247
      vertex 84.4223 128.105 1.79964
      vertex 84.4223 128.248 1.9247
    endloop
  endfacet
  facet normal 0 -0.658311 0.752746
    outer loop
      vertex 84.4223 128.105 1.79964
      vertex 83.4223 128.248 1.9247
      vertex 83.4223 128.105 1.79964
    endloop
  endfacet
  facet normal 0 -0.751988 0.659176
    outer loop
      vertex 83.4223 128.248 1.9247
      vertex 84.4223 128.373 2.0673
      vertex 83.4223 128.373 2.0673
    endloop
  endfacet
  facet normal 0 -0.751988 0.659176
    outer loop
      vertex 84.4223 128.373 2.0673
      vertex 83.4223 128.248 1.9247
      vertex 84.4223 128.248 1.9247
    endloop
  endfacet
  facet normal 0 -0.442481 -0.896778
    outer loop
      vertex 83.4223 127.777 4.28962
      vertex 84.4223 127.947 4.20574
      vertex 84.4223 127.777 4.28962
    endloop
  endfacet
  facet normal -0 -0.442481 -0.896778
    outer loop
      vertex 84.4223 127.947 4.20574
      vertex 83.4223 127.777 4.28962
      vertex 83.4223 127.947 4.20574
    endloop
  endfacet
  facet normal 0 -0.322424 -0.946595
    outer loop
      vertex 83.4223 127.598 4.35059
      vertex 84.4223 127.777 4.28962
      vertex 84.4223 127.598 4.35059
    endloop
  endfacet
  facet normal -0 -0.322424 -0.946595
    outer loop
      vertex 84.4223 127.777 4.28962
      vertex 83.4223 127.598 4.35059
      vertex 83.4223 127.777 4.28962
    endloop
  endfacet
  facet normal 0 -0.658311 -0.752746
    outer loop
      vertex 83.4223 128.105 4.10036
      vertex 84.4223 128.248 3.9753
      vertex 84.4223 128.105 4.10036
    endloop
  endfacet
  facet normal -0 -0.658311 -0.752746
    outer loop
      vertex 84.4223 128.248 3.9753
      vertex 83.4223 128.105 4.10036
      vertex 83.4223 128.248 3.9753
    endloop
  endfacet
  facet normal 0 -0.751988 -0.659176
    outer loop
      vertex 83.4223 128.373 3.8327
      vertex 84.4223 128.248 3.9753
      vertex 83.4223 128.248 3.9753
    endloop
  endfacet
  facet normal 0 -0.751988 -0.659176
    outer loop
      vertex 84.4223 128.248 3.9753
      vertex 83.4223 128.373 3.8327
      vertex 84.4223 128.373 3.8327
    endloop
  endfacet
  facet normal 0 0.751988 0.659176
    outer loop
      vertex 84.4223 117.597 1.9247
      vertex 83.4223 117.472 2.0673
      vertex 84.4223 117.472 2.0673
    endloop
  endfacet
  facet normal 0 0.751988 0.659176
    outer loop
      vertex 83.4223 117.472 2.0673
      vertex 84.4223 117.597 1.9247
      vertex 83.4223 117.597 1.9247
    endloop
  endfacet
  facet normal 0 0.997649 0.0685271
    outer loop
      vertex 84.4223 117.185 2.76074
      vertex 83.4223 117.172 2.95
      vertex 84.4223 117.172 2.95
    endloop
  endfacet
  facet normal 0 0.997649 0.0685271
    outer loop
      vertex 83.4223 117.172 2.95
      vertex 84.4223 117.185 2.76074
      vertex 83.4223 117.185 2.76074
    endloop
  endfacet
  facet normal -0 0.0655203 0.997851
    outer loop
      vertex 83.4223 118.622 1.5
      vertex 84.4223 118.433 1.51241
      vertex 84.4223 118.622 1.5
    endloop
  endfacet
  facet normal 0 0.0655203 0.997851
    outer loop
      vertex 84.4223 118.433 1.51241
      vertex 83.4223 118.622 1.5
      vertex 83.4223 118.433 1.51241
    endloop
  endfacet
  facet normal 0 -0.946876 0.3216
    outer loop
      vertex 83.4223 128.562 2.39511
      vertex 84.4223 128.623 2.57471
      vertex 83.4223 128.623 2.57471
    endloop
  endfacet
  facet normal 0 -0.946876 0.3216
    outer loop
      vertex 84.4223 128.623 2.57471
      vertex 83.4223 128.562 2.39511
      vertex 84.4223 128.562 2.39511
    endloop
  endfacet
  facet normal 0 -0.997996 0.0632778
    outer loop
      vertex 83.4223 128.66 2.76074
      vertex 84.4223 128.672 2.95
      vertex 83.4223 128.672 2.95
    endloop
  endfacet
  facet normal 0 -0.997996 0.0632778
    outer loop
      vertex 84.4223 128.672 2.95
      vertex 83.4223 128.66 2.76074
      vertex 84.4223 128.66 2.76074
    endloop
  endfacet
  facet normal 0 -0.89664 0.442759
    outer loop
      vertex 83.4223 128.478 2.225
      vertex 84.4223 128.562 2.39511
      vertex 83.4223 128.562 2.39511
    endloop
  endfacet
  facet normal 0 -0.89664 0.442759
    outer loop
      vertex 84.4223 128.562 2.39511
      vertex 83.4223 128.478 2.225
      vertex 84.4223 128.478 2.225
    endloop
  endfacet
  facet normal 0 0.997649 -0.0685271
    outer loop
      vertex 84.4223 117.172 2.95
      vertex 83.4223 117.185 3.13926
      vertex 84.4223 117.185 3.13926
    endloop
  endfacet
  facet normal 0 0.997649 -0.0685271
    outer loop
      vertex 83.4223 117.185 3.13926
      vertex 84.4223 117.172 2.95
      vertex 83.4223 117.172 2.95
    endloop
  endfacet
  facet normal 0 0.980789 -0.195072
    outer loop
      vertex 84.4223 117.185 3.13926
      vertex 83.4223 117.222 3.32529
      vertex 84.4223 117.222 3.32529
    endloop
  endfacet
  facet normal 0 0.980789 -0.195072
    outer loop
      vertex 83.4223 117.222 3.32529
      vertex 84.4223 117.185 3.13926
      vertex 83.4223 117.185 3.13926
    endloop
  endfacet
  facet normal 0 0.751988 -0.659176
    outer loop
      vertex 84.4223 117.472 3.8327
      vertex 83.4223 117.597 3.9753
      vertex 84.4223 117.597 3.9753
    endloop
  endfacet
  facet normal 0 0.751988 -0.659176
    outer loop
      vertex 83.4223 117.597 3.9753
      vertex 84.4223 117.472 3.8327
      vertex 83.4223 117.472 3.8327
    endloop
  endfacet
  facet normal 0 0.946876 -0.3216
    outer loop
      vertex 84.4223 117.222 3.32529
      vertex 83.4223 117.283 3.50489
      vertex 84.4223 117.283 3.50489
    endloop
  endfacet
  facet normal 0 0.946876 -0.3216
    outer loop
      vertex 83.4223 117.283 3.50489
      vertex 84.4223 117.222 3.32529
      vertex 83.4223 117.222 3.32529
    endloop
  endfacet
  facet normal 0 0.320818 -0.947141
    outer loop
      vertex 83.4223 118.067 4.28962
      vertex 84.4223 118.247 4.35059
      vertex 84.4223 118.067 4.28962
    endloop
  endfacet
  facet normal 0 0.320818 -0.947141
    outer loop
      vertex 84.4223 118.247 4.35059
      vertex 83.4223 118.067 4.28962
      vertex 83.4223 118.247 4.35059
    endloop
  endfacet
  facet normal -0 0.195102 0.980783
    outer loop
      vertex 83.4223 118.433 1.51241
      vertex 84.4223 118.247 1.54941
      vertex 84.4223 118.433 1.51241
    endloop
  endfacet
  facet normal 0 0.195102 0.980783
    outer loop
      vertex 84.4223 118.247 1.54941
      vertex 83.4223 118.433 1.51241
      vertex 83.4223 118.247 1.54941
    endloop
  endfacet
  facet normal 0 0.89664 0.442759
    outer loop
      vertex 84.4223 117.367 2.225
      vertex 83.4223 117.283 2.39511
      vertex 84.4223 117.283 2.39511
    endloop
  endfacet
  facet normal 0 0.89664 0.442759
    outer loop
      vertex 83.4223 117.283 2.39511
      vertex 84.4223 117.367 2.225
      vertex 83.4223 117.367 2.225
    endloop
  endfacet
  facet normal 0 0.946876 0.3216
    outer loop
      vertex 84.4223 117.283 2.39511
      vertex 83.4223 117.222 2.57471
      vertex 84.4223 117.222 2.57471
    endloop
  endfacet
  facet normal 0 0.946876 0.3216
    outer loop
      vertex 83.4223 117.222 2.57471
      vertex 84.4223 117.283 2.39511
      vertex 83.4223 117.283 2.39511
    endloop
  endfacet
  facet normal 0 0.832375 -0.554213
    outer loop
      vertex 84.4223 117.367 3.675
      vertex 83.4223 117.472 3.8327
      vertex 84.4223 117.472 3.8327
    endloop
  endfacet
  facet normal 0 0.832375 -0.554213
    outer loop
      vertex 83.4223 117.472 3.8327
      vertex 84.4223 117.367 3.675
      vertex 83.4223 117.367 3.675
    endloop
  endfacet
  facet normal 0 0.195102 -0.980783
    outer loop
      vertex 83.4223 118.247 4.35059
      vertex 84.4223 118.433 4.38759
      vertex 84.4223 118.247 4.35059
    endloop
  endfacet
  facet normal 0 0.195102 -0.980783
    outer loop
      vertex 84.4223 118.433 4.38759
      vertex 83.4223 118.247 4.35059
      vertex 83.4223 118.433 4.38759
    endloop
  endfacet
  facet normal -0 0.320818 0.947141
    outer loop
      vertex 83.4223 118.247 1.54941
      vertex 84.4223 118.067 1.61038
      vertex 84.4223 118.247 1.54941
    endloop
  endfacet
  facet normal 0 0.320818 0.947141
    outer loop
      vertex 84.4223 118.067 1.61038
      vertex 83.4223 118.247 1.54941
      vertex 83.4223 118.067 1.61038
    endloop
  endfacet
  facet normal -0 0.557309 0.830305
    outer loop
      vertex 83.4223 117.897 1.69426
      vertex 84.4223 117.74 1.79964
      vertex 84.4223 117.897 1.69426
    endloop
  endfacet
  facet normal 0 0.557309 0.830305
    outer loop
      vertex 84.4223 117.74 1.79964
      vertex 83.4223 117.897 1.69426
      vertex 83.4223 117.74 1.79964
    endloop
  endfacet
  facet normal -0 0.658311 0.752746
    outer loop
      vertex 83.4223 117.74 1.79964
      vertex 84.4223 117.597 1.9247
      vertex 84.4223 117.74 1.79964
    endloop
  endfacet
  facet normal 0 0.658311 0.752746
    outer loop
      vertex 84.4223 117.597 1.9247
      vertex 83.4223 117.74 1.79964
      vertex 83.4223 117.597 1.9247
    endloop
  endfacet
  facet normal 0 0.980789 0.195072
    outer loop
      vertex 84.4223 117.222 2.57471
      vertex 83.4223 117.185 2.76074
      vertex 84.4223 117.185 2.76074
    endloop
  endfacet
  facet normal 0 0.980789 0.195072
    outer loop
      vertex 83.4223 117.185 2.76074
      vertex 84.4223 117.222 2.57471
      vertex 83.4223 117.222 2.57471
    endloop
  endfacet
  facet normal 0 0.89664 -0.442759
    outer loop
      vertex 84.4223 117.283 3.50489
      vertex 83.4223 117.367 3.675
      vertex 84.4223 117.367 3.675
    endloop
  endfacet
  facet normal 0 0.89664 -0.442759
    outer loop
      vertex 83.4223 117.367 3.675
      vertex 84.4223 117.283 3.50489
      vertex 83.4223 117.283 3.50489
    endloop
  endfacet
  facet normal 0 0.557309 -0.830305
    outer loop
      vertex 83.4223 117.74 4.10036
      vertex 84.4223 117.897 4.20574
      vertex 84.4223 117.74 4.10036
    endloop
  endfacet
  facet normal 0 0.557309 -0.830305
    outer loop
      vertex 84.4223 117.897 4.20574
      vertex 83.4223 117.74 4.10036
      vertex 83.4223 117.897 4.20574
    endloop
  endfacet
  facet normal 0 0.442481 -0.896778
    outer loop
      vertex 83.4223 117.897 4.20574
      vertex 84.4223 118.067 4.28962
      vertex 84.4223 117.897 4.20574
    endloop
  endfacet
  facet normal 0 0.442481 -0.896778
    outer loop
      vertex 84.4223 118.067 4.28962
      vertex 83.4223 117.897 4.20574
      vertex 83.4223 118.067 4.28962
    endloop
  endfacet
  facet normal 0 0.658311 -0.752746
    outer loop
      vertex 83.4223 117.597 3.9753
      vertex 84.4223 117.74 4.10036
      vertex 84.4223 117.597 3.9753
    endloop
  endfacet
  facet normal 0 0.658311 -0.752746
    outer loop
      vertex 84.4223 117.74 4.10036
      vertex 83.4223 117.597 3.9753
      vertex 83.4223 117.74 4.10036
    endloop
  endfacet
  facet normal 0 0 -1
    outer loop
      vertex 83.4223 106.022 4.4
      vertex 84.4223 114.622 4.4
      vertex 84.4223 106.022 4.4
    endloop
  endfacet
  facet normal -0 0 -1
    outer loop
      vertex 84.4223 114.622 4.4
      vertex 83.4223 106.022 4.4
      vertex 83.4223 114.622 4.4
    endloop
  endfacet
  facet normal -0 0.442481 0.896778
    outer loop
      vertex 83.4223 105.467 1.61038
      vertex 84.4223 105.297 1.69426
      vertex 84.4223 105.467 1.61038
    endloop
  endfacet
  facet normal 0 0.442481 0.896778
    outer loop
      vertex 84.4223 105.297 1.69426
      vertex 83.4223 105.467 1.61038
      vertex 83.4223 105.297 1.69426
    endloop
  endfacet
  facet normal 0 -0.832375 -0.554213
    outer loop
      vertex 83.4223 115.878 3.675
      vertex 84.4223 115.773 3.8327
      vertex 83.4223 115.773 3.8327
    endloop
  endfacet
  facet normal 0 -0.832375 -0.554213
    outer loop
      vertex 84.4223 115.773 3.8327
      vertex 83.4223 115.878 3.675
      vertex 84.4223 115.878 3.675
    endloop
  endfacet
  facet normal 0 -0.658311 0.752746
    outer loop
      vertex 83.4223 115.648 1.9247
      vertex 84.4223 115.505 1.79964
      vertex 84.4223 115.648 1.9247
    endloop
  endfacet
  facet normal 0 -0.658311 0.752746
    outer loop
      vertex 84.4223 115.505 1.79964
      vertex 83.4223 115.648 1.9247
      vertex 83.4223 115.505 1.79964
    endloop
  endfacet
  facet normal 0 -0.442481 -0.896778
    outer loop
      vertex 83.4223 115.177 4.28962
      vertex 84.4223 115.347 4.20574
      vertex 84.4223 115.177 4.28962
    endloop
  endfacet
  facet normal -0 -0.442481 -0.896778
    outer loop
      vertex 84.4223 115.347 4.20574
      vertex 83.4223 115.177 4.28962
      vertex 83.4223 115.347 4.20574
    endloop
  endfacet
  facet normal 0 -0.55487 -0.831937
    outer loop
      vertex 83.4223 115.347 4.20574
      vertex 84.4223 115.505 4.10036
      vertex 84.4223 115.347 4.20574
    endloop
  endfacet
  facet normal -0 -0.55487 -0.831937
    outer loop
      vertex 84.4223 115.505 4.10036
      vertex 83.4223 115.347 4.20574
      vertex 83.4223 115.505 4.10036
    endloop
  endfacet
  facet normal -0 0 1
    outer loop
      vertex 83.4223 114.622 1.5
      vertex 84.4223 106.022 1.5
      vertex 84.4223 114.622 1.5
    endloop
  endfacet
  facet normal 0 0 1
    outer loop
      vertex 84.4223 106.022 1.5
      vertex 83.4223 114.622 1.5
      vertex 83.4223 106.022 1.5
    endloop
  endfacet
  facet normal 0 -0.997996 -0.0632778
    outer loop
      vertex 83.4223 116.072 2.95
      vertex 84.4223 116.06 3.13926
      vertex 83.4223 116.06 3.13926
    endloop
  endfacet
  facet normal 0 -0.997996 -0.0632778
    outer loop
      vertex 84.4223 116.06 3.13926
      vertex 83.4223 116.072 2.95
      vertex 84.4223 116.072 2.95
    endloop
  endfacet
  facet normal 0 -0.946876 -0.3216
    outer loop
      vertex 83.4223 116.023 3.32529
      vertex 84.4223 115.962 3.50489
      vertex 83.4223 115.962 3.50489
    endloop
  endfacet
  facet normal 0 -0.946876 -0.3216
    outer loop
      vertex 84.4223 115.962 3.50489
      vertex 83.4223 116.023 3.32529
      vertex 84.4223 116.023 3.32529
    endloop
  endfacet
  facet normal 0 -0.89664 -0.442759
    outer loop
      vertex 83.4223 115.962 3.50489
      vertex 84.4223 115.878 3.675
      vertex 83.4223 115.878 3.675
    endloop
  endfacet
  facet normal 0 -0.89664 -0.442759
    outer loop
      vertex 84.4223 115.878 3.675
      vertex 83.4223 115.962 3.50489
      vertex 84.4223 115.962 3.50489
    endloop
  endfacet
  facet normal 0 -0.195102 0.980783
    outer loop
      vertex 83.4223 114.998 1.54941
      vertex 84.4223 114.812 1.51241
      vertex 84.4223 114.998 1.54941
    endloop
  endfacet
  facet normal 0 -0.195102 0.980783
    outer loop
      vertex 84.4223 114.812 1.51241
      vertex 83.4223 114.998 1.54941
      vertex 83.4223 114.812 1.51241
    endloop
  endfacet
  facet normal 0 -0.55487 0.831937
    outer loop
      vertex 83.4223 115.505 1.79964
      vertex 84.4223 115.347 1.69426
      vertex 84.4223 115.505 1.79964
    endloop
  endfacet
  facet normal 0 -0.55487 0.831937
    outer loop
      vertex 84.4223 115.347 1.69426
      vertex 83.4223 115.505 1.79964
      vertex 83.4223 115.347 1.69426
    endloop
  endfacet
  facet normal 0 -0.442481 0.896778
    outer loop
      vertex 83.4223 115.347 1.69426
      vertex 84.4223 115.177 1.61038
      vertex 84.4223 115.347 1.69426
    endloop
  endfacet
  facet normal 0 -0.442481 0.896778
    outer loop
      vertex 84.4223 115.177 1.61038
      vertex 83.4223 115.347 1.69426
      vertex 83.4223 115.177 1.61038
    endloop
  endfacet
  facet normal 0 -0.322424 -0.946595
    outer loop
      vertex 83.4223 114.998 4.35059
      vertex 84.4223 115.177 4.28962
      vertex 84.4223 114.998 4.35059
    endloop
  endfacet
  facet normal -0 -0.322424 -0.946595
    outer loop
      vertex 84.4223 115.177 4.28962
      vertex 83.4223 114.998 4.35059
      vertex 83.4223 115.177 4.28962
    endloop
  endfacet
  facet normal 0 -0.658311 -0.752746
    outer loop
      vertex 83.4223 115.505 4.10036
      vertex 84.4223 115.648 3.9753
      vertex 84.4223 115.505 4.10036
    endloop
  endfacet
  facet normal -0 -0.658311 -0.752746
    outer loop
      vertex 84.4223 115.648 3.9753
      vertex 83.4223 115.505 4.10036
      vertex 83.4223 115.648 3.9753
    endloop
  endfacet
  facet normal 0 -0.751988 -0.659176
    outer loop
      vertex 83.4223 115.773 3.8327
      vertex 84.4223 115.648 3.9753
      vertex 83.4223 115.648 3.9753
    endloop
  endfacet
  facet normal 0 -0.751988 -0.659176
    outer loop
      vertex 84.4223 115.648 3.9753
      vertex 83.4223 115.773 3.8327
      vertex 84.4223 115.773 3.8327
    endloop
  endfacet
  facet normal 0 0.0655203 -0.997851
    outer loop
      vertex 83.4223 105.833 4.38759
      vertex 84.4223 106.022 4.4
      vertex 84.4223 105.833 4.38759
    endloop
  endfacet
  facet normal 0 0.0655203 -0.997851
    outer loop
      vertex 84.4223 106.022 4.4
      vertex 83.4223 105.833 4.38759
      vertex 83.4223 106.022 4.4
    endloop
  endfacet
  facet normal 0 -0.0651769 0.997874
    outer loop
      vertex 83.4223 114.812 1.51241
      vertex 84.4223 114.622 1.5
      vertex 84.4223 114.812 1.51241
    endloop
  endfacet
  facet normal 0 -0.0651769 0.997874
    outer loop
      vertex 84.4223 114.622 1.5
      vertex 83.4223 114.812 1.51241
      vertex 83.4223 114.622 1.5
    endloop
  endfacet
  facet normal 0 -0.980789 0.195072
    outer loop
      vertex 83.4223 116.023 2.57471
      vertex 84.4223 116.06 2.76074
      vertex 83.4223 116.06 2.76074
    endloop
  endfacet
  facet normal 0 -0.980789 0.195072
    outer loop
      vertex 84.4223 116.06 2.76074
      vertex 83.4223 116.023 2.57471
      vertex 84.4223 116.023 2.57471
    endloop
  endfacet
  facet normal 0 -0.980789 -0.195072
    outer loop
      vertex 83.4223 116.06 3.13926
      vertex 84.4223 116.023 3.32529
      vertex 83.4223 116.023 3.32529
    endloop
  endfacet
  facet normal 0 -0.980789 -0.195072
    outer loop
      vertex 84.4223 116.023 3.32529
      vertex 83.4223 116.06 3.13926
      vertex 84.4223 116.06 3.13926
    endloop
  endfacet
  facet normal 0 -0.322424 0.946595
    outer loop
      vertex 83.4223 115.177 1.61038
      vertex 84.4223 114.998 1.54941
      vertex 84.4223 115.177 1.61038
    endloop
  endfacet
  facet normal 0 -0.322424 0.946595
    outer loop
      vertex 84.4223 114.998 1.54941
      vertex 83.4223 115.177 1.61038
      vertex 83.4223 114.998 1.54941
    endloop
  endfacet
  facet normal 0 -0.0651769 -0.997874
    outer loop
      vertex 83.4223 114.622 4.4
      vertex 84.4223 114.812 4.38759
      vertex 84.4223 114.622 4.4
    endloop
  endfacet
  facet normal -0 -0.0651769 -0.997874
    outer loop
      vertex 84.4223 114.812 4.38759
      vertex 83.4223 114.622 4.4
      vertex 83.4223 114.812 4.38759
    endloop
  endfacet
  facet normal 0 -0.195102 -0.980783
    outer loop
      vertex 83.4223 114.812 4.38759
      vertex 84.4223 114.998 4.35059
      vertex 84.4223 114.812 4.38759
    endloop
  endfacet
  facet normal -0 -0.195102 -0.980783
    outer loop
      vertex 84.4223 114.998 4.35059
      vertex 83.4223 114.812 4.38759
      vertex 83.4223 114.998 4.35059
    endloop
  endfacet
  facet normal 0 0.997649 0.0685271
    outer loop
      vertex 84.4223 104.585 2.76074
      vertex 83.4223 104.572 2.95
      vertex 84.4223 104.572 2.95
    endloop
  endfacet
  facet normal 0 0.997649 0.0685271
    outer loop
      vertex 83.4223 104.572 2.95
      vertex 84.4223 104.585 2.76074
      vertex 83.4223 104.585 2.76074
    endloop
  endfacet
  facet normal 0 0.832375 0.554213
    outer loop
      vertex 84.4223 104.872 2.0673
      vertex 83.4223 104.767 2.225
      vertex 84.4223 104.767 2.225
    endloop
  endfacet
  facet normal 0 0.832375 0.554213
    outer loop
      vertex 83.4223 104.767 2.225
      vertex 84.4223 104.872 2.0673
      vertex 83.4223 104.872 2.0673
    endloop
  endfacet
  facet normal 0 0.946876 0.3216
    outer loop
      vertex 84.4223 104.683 2.39511
      vertex 83.4223 104.622 2.57471
      vertex 84.4223 104.622 2.57471
    endloop
  endfacet
  facet normal 0 0.946876 0.3216
    outer loop
      vertex 83.4223 104.622 2.57471
      vertex 84.4223 104.683 2.39511
      vertex 83.4223 104.683 2.39511
    endloop
  endfacet
  facet normal 0 0.751988 0.659176
    outer loop
      vertex 84.4223 104.997 1.9247
      vertex 83.4223 104.872 2.0673
      vertex 84.4223 104.872 2.0673
    endloop
  endfacet
  facet normal 0 0.751988 0.659176
    outer loop
      vertex 83.4223 104.872 2.0673
      vertex 84.4223 104.997 1.9247
      vertex 83.4223 104.997 1.9247
    endloop
  endfacet
  facet normal -0 0.0655203 0.997851
    outer loop
      vertex 83.4223 106.022 1.5
      vertex 84.4223 105.833 1.51241
      vertex 84.4223 106.022 1.5
    endloop
  endfacet
  facet normal 0 0.0655203 0.997851
    outer loop
      vertex 84.4223 105.833 1.51241
      vertex 83.4223 106.022 1.5
      vertex 83.4223 105.833 1.51241
    endloop
  endfacet
  facet normal 0 -0.997996 0.0632778
    outer loop
      vertex 83.4223 116.06 2.76074
      vertex 84.4223 116.072 2.95
      vertex 83.4223 116.072 2.95
    endloop
  endfacet
  facet normal 0 -0.997996 0.0632778
    outer loop
      vertex 84.4223 116.072 2.95
      vertex 83.4223 116.06 2.76074
      vertex 84.4223 116.06 2.76074
    endloop
  endfacet
  facet normal 0 -0.946876 0.3216
    outer loop
      vertex 83.4223 115.962 2.39511
      vertex 84.4223 116.023 2.57471
      vertex 83.4223 116.023 2.57471
    endloop
  endfacet
  facet normal 0 -0.946876 0.3216
    outer loop
      vertex 84.4223 116.023 2.57471
      vertex 83.4223 115.962 2.39511
      vertex 84.4223 115.962 2.39511
    endloop
  endfacet
  facet normal 0 -0.751988 0.659176
    outer loop
      vertex 83.4223 115.648 1.9247
      vertex 84.4223 115.773 2.0673
      vertex 83.4223 115.773 2.0673
    endloop
  endfacet
  facet normal 0 -0.751988 0.659176
    outer loop
      vertex 84.4223 115.773 2.0673
      vertex 83.4223 115.648 1.9247
      vertex 84.4223 115.648 1.9247
    endloop
  endfacet
  facet normal 0 -0.89664 0.442759
    outer loop
      vertex 83.4223 115.878 2.225
      vertex 84.4223 115.962 2.39511
      vertex 83.4223 115.962 2.39511
    endloop
  endfacet
  facet normal 0 -0.89664 0.442759
    outer loop
      vertex 84.4223 115.962 2.39511
      vertex 83.4223 115.878 2.225
      vertex 84.4223 115.878 2.225
    endloop
  endfacet
  facet normal 0 -0.832375 0.554213
    outer loop
      vertex 83.4223 115.773 2.0673
      vertex 84.4223 115.878 2.225
      vertex 83.4223 115.878 2.225
    endloop
  endfacet
  facet normal 0 -0.832375 0.554213
    outer loop
      vertex 84.4223 115.878 2.225
      vertex 83.4223 115.773 2.0673
      vertex 84.4223 115.773 2.0673
    endloop
  endfacet
  facet normal 0 0.195102 -0.980783
    outer loop
      vertex 83.4223 105.647 4.35059
      vertex 84.4223 105.833 4.38759
      vertex 84.4223 105.647 4.35059
    endloop
  endfacet
  facet normal 0 0.195102 -0.980783
    outer loop
      vertex 84.4223 105.833 4.38759
      vertex 83.4223 105.647 4.35059
      vertex 83.4223 105.833 4.38759
    endloop
  endfacet
  facet normal 0 0.557309 -0.830305
    outer loop
      vertex 83.4223 105.14 4.10036
      vertex 84.4223 105.297 4.20574
      vertex 84.4223 105.14 4.10036
    endloop
  endfacet
  facet normal 0 0.557309 -0.830305
    outer loop
      vertex 84.4223 105.297 4.20574
      vertex 83.4223 105.14 4.10036
      vertex 83.4223 105.297 4.20574
    endloop
  endfacet
  facet normal 0 0.997649 -0.0685271
    outer loop
      vertex 84.4223 104.572 2.95
      vertex 83.4223 104.585 3.13926
      vertex 84.4223 104.585 3.13926
    endloop
  endfacet
  facet normal 0 0.997649 -0.0685271
    outer loop
      vertex 83.4223 104.585 3.13926
      vertex 84.4223 104.572 2.95
      vertex 83.4223 104.572 2.95
    endloop
  endfacet
  facet normal 0 0.980789 0.195072
    outer loop
      vertex 84.4223 104.622 2.57471
      vertex 83.4223 104.585 2.76074
      vertex 84.4223 104.585 2.76074
    endloop
  endfacet
  facet normal 0 0.980789 0.195072
    outer loop
      vertex 83.4223 104.585 2.76074
      vertex 84.4223 104.622 2.57471
      vertex 83.4223 104.622 2.57471
    endloop
  endfacet
  facet normal -0 0.195102 0.980783
    outer loop
      vertex 83.4223 105.833 1.51241
      vertex 84.4223 105.647 1.54941
      vertex 84.4223 105.833 1.51241
    endloop
  endfacet
  facet normal 0 0.195102 0.980783
    outer loop
      vertex 84.4223 105.647 1.54941
      vertex 83.4223 105.833 1.51241
      vertex 83.4223 105.647 1.54941
    endloop
  endfacet
  facet normal 0 0.442481 -0.896778
    outer loop
      vertex 83.4223 105.297 4.20574
      vertex 84.4223 105.467 4.28962
      vertex 84.4223 105.297 4.20574
    endloop
  endfacet
  facet normal 0 0.442481 -0.896778
    outer loop
      vertex 84.4223 105.467 4.28962
      vertex 83.4223 105.297 4.20574
      vertex 83.4223 105.467 4.28962
    endloop
  endfacet
  facet normal 0 0.658311 -0.752746
    outer loop
      vertex 83.4223 104.997 3.9753
      vertex 84.4223 105.14 4.10036
      vertex 84.4223 104.997 3.9753
    endloop
  endfacet
  facet normal 0 0.658311 -0.752746
    outer loop
      vertex 84.4223 105.14 4.10036
      vertex 83.4223 104.997 3.9753
      vertex 83.4223 105.14 4.10036
    endloop
  endfacet
  facet normal 0 0.832375 -0.554213
    outer loop
      vertex 84.4223 104.767 3.675
      vertex 83.4223 104.872 3.8327
      vertex 84.4223 104.872 3.8327
    endloop
  endfacet
  facet normal 0 0.832375 -0.554213
    outer loop
      vertex 83.4223 104.872 3.8327
      vertex 84.4223 104.767 3.675
      vertex 83.4223 104.767 3.675
    endloop
  endfacet
  facet normal 0 0.946876 -0.3216
    outer loop
      vertex 84.4223 104.622 3.32529
      vertex 83.4223 104.683 3.50489
      vertex 84.4223 104.683 3.50489
    endloop
  endfacet
  facet normal 0 0.946876 -0.3216
    outer loop
      vertex 83.4223 104.683 3.50489
      vertex 84.4223 104.622 3.32529
      vertex 83.4223 104.622 3.32529
    endloop
  endfacet
  facet normal 0 0.89664 0.442759
    outer loop
      vertex 84.4223 104.767 2.225
      vertex 83.4223 104.683 2.39511
      vertex 84.4223 104.683 2.39511
    endloop
  endfacet
  facet normal 0 0.89664 0.442759
    outer loop
      vertex 83.4223 104.683 2.39511
      vertex 84.4223 104.767 2.225
      vertex 83.4223 104.767 2.225
    endloop
  endfacet
  facet normal -0 0.320818 0.947141
    outer loop
      vertex 83.4223 105.647 1.54941
      vertex 84.4223 105.467 1.61038
      vertex 84.4223 105.647 1.54941
    endloop
  endfacet
  facet normal 0 0.320818 0.947141
    outer loop
      vertex 84.4223 105.467 1.61038
      vertex 83.4223 105.647 1.54941
      vertex 83.4223 105.467 1.61038
    endloop
  endfacet
  facet normal -0 0.557309 0.830305
    outer loop
      vertex 83.4223 105.297 1.69426
      vertex 84.4223 105.14 1.79964
      vertex 84.4223 105.297 1.69426
    endloop
  endfacet
  facet normal 0 0.557309 0.830305
    outer loop
      vertex 84.4223 105.14 1.79964
      vertex 83.4223 105.297 1.69426
      vertex 83.4223 105.14 1.79964
    endloop
  endfacet
  facet normal -0 0.658311 0.752746
    outer loop
      vertex 83.4223 105.14 1.79964
      vertex 84.4223 104.997 1.9247
      vertex 84.4223 105.14 1.79964
    endloop
  endfacet
  facet normal 0 0.658311 0.752746
    outer loop
      vertex 84.4223 104.997 1.9247
      vertex 83.4223 105.14 1.79964
      vertex 83.4223 104.997 1.9247
    endloop
  endfacet
  facet normal 0 0.320818 -0.947141
    outer loop
      vertex 83.4223 105.467 4.28962
      vertex 84.4223 105.647 4.35059
      vertex 84.4223 105.467 4.28962
    endloop
  endfacet
  facet normal 0 0.320818 -0.947141
    outer loop
      vertex 84.4223 105.647 4.35059
      vertex 83.4223 105.467 4.28962
      vertex 83.4223 105.647 4.35059
    endloop
  endfacet
  facet normal 0 0.751988 -0.659176
    outer loop
      vertex 84.4223 104.872 3.8327
      vertex 83.4223 104.997 3.9753
      vertex 84.4223 104.997 3.9753
    endloop
  endfacet
  facet normal 0 0.751988 -0.659176
    outer loop
      vertex 83.4223 104.997 3.9753
      vertex 84.4223 104.872 3.8327
      vertex 83.4223 104.872 3.8327
    endloop
  endfacet
  facet normal 0 0.980789 -0.195072
    outer loop
      vertex 84.4223 104.585 3.13926
      vertex 83.4223 104.622 3.32529
      vertex 84.4223 104.622 3.32529
    endloop
  endfacet
  facet normal 0 0.980789 -0.195072
    outer loop
      vertex 83.4223 104.622 3.32529
      vertex 84.4223 104.585 3.13926
      vertex 83.4223 104.585 3.13926
    endloop
  endfacet
  facet normal 0 0.89664 -0.442759
    outer loop
      vertex 84.4223 104.683 3.50489
      vertex 83.4223 104.767 3.675
      vertex 84.4223 104.767 3.675
    endloop
  endfacet
  facet normal 0 0.89664 -0.442759
    outer loop
      vertex 83.4223 104.767 3.675
      vertex 84.4223 104.683 3.50489
      vertex 83.4223 104.683 3.50489
    endloop
  endfacet
  facet normal -0 0.321458 0.946924
    outer loop
      vertex 83.4223 91.647 1.54941
      vertex 84.4223 91.4674 1.61038
      vertex 84.4223 91.647 1.54941
    endloop
  endfacet
  facet normal 0 0.321458 0.946924
    outer loop
      vertex 84.4223 91.4674 1.61038
      vertex 83.4223 91.647 1.54941
      vertex 83.4223 91.4674 1.61038
    endloop
  endfacet
  facet normal 0 -0.0654169 -0.997858
    outer loop
      vertex 83.4223 97.6223 4.4
      vertex 84.4223 97.8116 4.38759
      vertex 84.4223 97.6223 4.4
    endloop
  endfacet
  facet normal -0 -0.0654169 -0.997858
    outer loop
      vertex 84.4223 97.8116 4.38759
      vertex 83.4223 97.6223 4.4
      vertex 83.4223 97.8116 4.38759
    endloop
  endfacet
  facet normal -0 0 1
    outer loop
      vertex 83.4223 97.6223 1.5
      vertex 84.4223 92.0223 1.5
      vertex 84.4223 97.6223 1.5
    endloop
  endfacet
  facet normal 0 0 1
    outer loop
      vertex 84.4223 92.0223 1.5
      vertex 83.4223 97.6223 1.5
      vertex 83.4223 92.0223 1.5
    endloop
  endfacet
  facet normal 0 -0.0654169 0.997858
    outer loop
      vertex 83.4223 97.8116 1.51241
      vertex 84.4223 97.6223 1.5
      vertex 84.4223 97.8116 1.51241
    endloop
  endfacet
  facet normal 0 -0.0654169 0.997858
    outer loop
      vertex 84.4223 97.6223 1.5
      vertex 83.4223 97.8116 1.51241
      vertex 83.4223 97.6223 1.5
    endloop
  endfacet
  facet normal 0 0.195102 -0.980783
    outer loop
      vertex 83.4223 91.647 4.35059
      vertex 84.4223 91.833 4.38759
      vertex 84.4223 91.647 4.35059
    endloop
  endfacet
  facet normal 0 0.195102 -0.980783
    outer loop
      vertex 84.4223 91.833 4.38759
      vertex 83.4223 91.647 4.35059
      vertex 83.4223 91.833 4.38759
    endloop
  endfacet
  facet normal 0 0 -1
    outer loop
      vertex 83.4223 92.0223 4.4
      vertex 84.4223 97.6223 4.4
      vertex 84.4223 92.0223 4.4
    endloop
  endfacet
  facet normal -0 0 -1
    outer loop
      vertex 84.4223 97.6223 4.4
      vertex 83.4223 92.0223 4.4
      vertex 83.4223 97.6223 4.4
    endloop
  endfacet
  facet normal 0 -0.831644 0.555309
    outer loop
      vertex 83.4223 98.7727 2.0673
      vertex 84.4223 98.878 2.225
      vertex 83.4223 98.878 2.225
    endloop
  endfacet
  facet normal 0 -0.831644 0.555309
    outer loop
      vertex 84.4223 98.878 2.225
      vertex 83.4223 98.7727 2.0673
      vertex 84.4223 98.7727 2.0673
    endloop
  endfacet
  facet normal 0 -0.980789 0.195072
    outer loop
      vertex 83.4223 99.0229 2.57471
      vertex 84.4223 99.0599 2.76074
      vertex 83.4223 99.0599 2.76074
    endloop
  endfacet
  facet normal 0 -0.980789 0.195072
    outer loop
      vertex 84.4223 99.0599 2.76074
      vertex 83.4223 99.0229 2.57471
      vertex 84.4223 99.0229 2.57471
    endloop
  endfacet
  facet normal 0 0.442272 -0.896881
    outer loop
      vertex 83.4223 91.2973 4.20574
      vertex 84.4223 91.4674 4.28962
      vertex 84.4223 91.2973 4.20574
    endloop
  endfacet
  facet normal 0 0.442272 -0.896881
    outer loop
      vertex 84.4223 91.4674 4.28962
      vertex 83.4223 91.2973 4.20574
      vertex 83.4223 91.4674 4.28962
    endloop
  endfacet
  facet normal 0 -0.659355 -0.751832
    outer loop
      vertex 83.4223 98.505 4.10036
      vertex 84.4223 98.6476 3.9753
      vertex 84.4223 98.505 4.10036
    endloop
  endfacet
  facet normal -0 -0.659355 -0.751832
    outer loop
      vertex 84.4223 98.6476 3.9753
      vertex 83.4223 98.505 4.10036
      vertex 83.4223 98.6476 3.9753
    endloop
  endfacet
  facet normal 0 -0.89685 0.442335
    outer loop
      vertex 83.4223 98.878 2.225
      vertex 84.4223 98.9619 2.39511
      vertex 83.4223 98.9619 2.39511
    endloop
  endfacet
  facet normal 0 -0.89685 0.442335
    outer loop
      vertex 84.4223 98.9619 2.39511
      vertex 83.4223 98.878 2.225
      vertex 84.4223 98.878 2.225
    endloop
  endfacet
  facet normal 0 -0.751727 0.659474
    outer loop
      vertex 83.4223 98.6476 1.9247
      vertex 84.4223 98.7727 2.0673
      vertex 83.4223 98.7727 2.0673
    endloop
  endfacet
  facet normal 0 -0.751727 0.659474
    outer loop
      vertex 84.4223 98.7727 2.0673
      vertex 83.4223 98.6476 1.9247
      vertex 84.4223 98.6476 1.9247
    endloop
  endfacet
  facet normal 0 0.5556 -0.83145
    outer loop
      vertex 83.4223 91.1396 4.10036
      vertex 84.4223 91.2973 4.20574
      vertex 84.4223 91.1396 4.10036
    endloop
  endfacet
  facet normal 0 0.5556 -0.83145
    outer loop
      vertex 84.4223 91.2973 4.20574
      vertex 83.4223 91.1396 4.10036
      vertex 83.4223 91.2973 4.20574
    endloop
  endfacet
  facet normal 0 0.321458 -0.946924
    outer loop
      vertex 83.4223 91.4674 4.28962
      vertex 84.4223 91.647 4.35059
      vertex 84.4223 91.4674 4.28962
    endloop
  endfacet
  facet normal 0 0.321458 -0.946924
    outer loop
      vertex 84.4223 91.647 4.35059
      vertex 83.4223 91.4674 4.28962
      vertex 83.4223 91.647 4.35059
    endloop
  endfacet
  facet normal 0 -0.997861 -0.0653782
    outer loop
      vertex 83.4223 99.0723 2.95
      vertex 84.4223 99.0599 3.13926
      vertex 83.4223 99.0599 3.13926
    endloop
  endfacet
  facet normal 0 -0.997861 -0.0653782
    outer loop
      vertex 84.4223 99.0599 3.13926
      vertex 83.4223 99.0723 2.95
      vertex 84.4223 99.0723 2.95
    endloop
  endfacet
  facet normal 0 -0.659355 0.751832
    outer loop
      vertex 83.4223 98.6476 1.9247
      vertex 84.4223 98.505 1.79964
      vertex 84.4223 98.6476 1.9247
    endloop
  endfacet
  facet normal 0 -0.659355 0.751832
    outer loop
      vertex 84.4223 98.505 1.79964
      vertex 83.4223 98.6476 1.9247
      vertex 83.4223 98.505 1.79964
    endloop
  endfacet
  facet normal 0 -0.5556 0.83145
    outer loop
      vertex 83.4223 98.505 1.79964
      vertex 84.4223 98.3473 1.69426
      vertex 84.4223 98.505 1.79964
    endloop
  endfacet
  facet normal 0 -0.5556 0.83145
    outer loop
      vertex 84.4223 98.3473 1.69426
      vertex 83.4223 98.505 1.79964
      vertex 83.4223 98.3473 1.69426
    endloop
  endfacet
  facet normal 0 -0.321458 0.946924
    outer loop
      vertex 83.4223 98.1772 1.61038
      vertex 84.4223 97.9976 1.54941
      vertex 84.4223 98.1772 1.61038
    endloop
  endfacet
  facet normal 0 -0.321458 0.946924
    outer loop
      vertex 84.4223 97.9976 1.54941
      vertex 83.4223 98.1772 1.61038
      vertex 83.4223 97.9976 1.54941
    endloop
  endfacet
  facet normal 0 -0.442272 0.896881
    outer loop
      vertex 83.4223 98.3473 1.69426
      vertex 84.4223 98.1772 1.61038
      vertex 84.4223 98.3473 1.69426
    endloop
  endfacet
  facet normal 0 -0.442272 0.896881
    outer loop
      vertex 84.4223 98.1772 1.61038
      vertex 83.4223 98.3473 1.69426
      vertex 83.4223 98.1772 1.61038
    endloop
  endfacet
  facet normal 0 -0.195102 0.980783
    outer loop
      vertex 83.4223 97.9976 1.54941
      vertex 84.4223 97.8116 1.51241
      vertex 84.4223 97.9976 1.54941
    endloop
  endfacet
  facet normal 0 -0.195102 0.980783
    outer loop
      vertex 84.4223 97.8116 1.51241
      vertex 83.4223 97.9976 1.54941
      vertex 83.4223 97.8116 1.51241
    endloop
  endfacet
  facet normal -0 0.195102 0.980783
    outer loop
      vertex 83.4223 91.833 1.51241
      vertex 84.4223 91.647 1.54941
      vertex 84.4223 91.833 1.51241
    endloop
  endfacet
  facet normal 0 0.195102 0.980783
    outer loop
      vertex 84.4223 91.647 1.54941
      vertex 83.4223 91.833 1.51241
      vertex 83.4223 91.647 1.54941
    endloop
  endfacet
  facet normal 0 0.751727 -0.659474
    outer loop
      vertex 84.4223 90.8719 3.8327
      vertex 83.4223 90.997 3.9753
      vertex 84.4223 90.997 3.9753
    endloop
  endfacet
  facet normal 0 0.751727 -0.659474
    outer loop
      vertex 83.4223 90.997 3.9753
      vertex 84.4223 90.8719 3.8327
      vertex 83.4223 90.8719 3.8327
    endloop
  endfacet
  facet normal 0 0.997861 -0.0653782
    outer loop
      vertex 84.4223 90.5723 2.95
      vertex 83.4223 90.5847 3.13926
      vertex 84.4223 90.5847 3.13926
    endloop
  endfacet
  facet normal 0 0.997861 -0.0653782
    outer loop
      vertex 83.4223 90.5847 3.13926
      vertex 84.4223 90.5723 2.95
      vertex 83.4223 90.5723 2.95
    endloop
  endfacet
  facet normal 0 -0.195102 -0.980783
    outer loop
      vertex 83.4223 97.8116 4.38759
      vertex 84.4223 97.9976 4.35059
      vertex 84.4223 97.8116 4.38759
    endloop
  endfacet
  facet normal -0 -0.195102 -0.980783
    outer loop
      vertex 84.4223 97.9976 4.35059
      vertex 83.4223 97.8116 4.38759
      vertex 83.4223 97.9976 4.35059
    endloop
  endfacet
  facet normal 0 -0.5556 -0.83145
    outer loop
      vertex 83.4223 98.3473 4.20574
      vertex 84.4223 98.505 4.10036
      vertex 84.4223 98.3473 4.20574
    endloop
  endfacet
  facet normal -0 -0.5556 -0.83145
    outer loop
      vertex 84.4223 98.505 4.10036
      vertex 83.4223 98.3473 4.20574
      vertex 83.4223 98.505 4.10036
    endloop
  endfacet
  facet normal 0 -0.442272 -0.896881
    outer loop
      vertex 83.4223 98.1772 4.28962
      vertex 84.4223 98.3473 4.20574
      vertex 84.4223 98.1772 4.28962
    endloop
  endfacet
  facet normal -0 -0.442272 -0.896881
    outer loop
      vertex 84.4223 98.3473 4.20574
      vertex 83.4223 98.1772 4.28962
      vertex 83.4223 98.3473 4.20574
    endloop
  endfacet
  facet normal 0 -0.946876 -0.3216
    outer loop
      vertex 83.4223 99.0229 3.32529
      vertex 84.4223 98.9619 3.50489
      vertex 83.4223 98.9619 3.50489
    endloop
  endfacet
  facet normal 0 -0.946876 -0.3216
    outer loop
      vertex 84.4223 98.9619 3.50489
      vertex 83.4223 99.0229 3.32529
      vertex 84.4223 99.0229 3.32529
    endloop
  endfacet
  facet normal 0 0.0654169 -0.997858
    outer loop
      vertex 83.4223 91.833 4.38759
      vertex 84.4223 92.0223 4.4
      vertex 84.4223 91.833 4.38759
    endloop
  endfacet
  facet normal 0 0.0654169 -0.997858
    outer loop
      vertex 84.4223 92.0223 4.4
      vertex 83.4223 91.833 4.38759
      vertex 83.4223 92.0223 4.4
    endloop
  endfacet
  facet normal 0 -0.946876 0.3216
    outer loop
      vertex 83.4223 98.9619 2.39511
      vertex 84.4223 99.0229 2.57471
      vertex 83.4223 99.0229 2.57471
    endloop
  endfacet
  facet normal 0 -0.946876 0.3216
    outer loop
      vertex 84.4223 99.0229 2.57471
      vertex 83.4223 98.9619 2.39511
      vertex 84.4223 98.9619 2.39511
    endloop
  endfacet
  facet normal 0 -0.997861 0.0653782
    outer loop
      vertex 83.4223 99.0599 2.76074
      vertex 84.4223 99.0723 2.95
      vertex 83.4223 99.0723 2.95
    endloop
  endfacet
  facet normal 0 -0.997861 0.0653782
    outer loop
      vertex 84.4223 99.0723 2.95
      vertex 83.4223 99.0599 2.76074
      vertex 84.4223 99.0599 2.76074
    endloop
  endfacet
  facet normal 0 0.751727 0.659474
    outer loop
      vertex 84.4223 90.997 1.9247
      vertex 83.4223 90.8719 2.0673
      vertex 84.4223 90.8719 2.0673
    endloop
  endfacet
  facet normal 0 0.751727 0.659474
    outer loop
      vertex 83.4223 90.8719 2.0673
      vertex 84.4223 90.997 1.9247
      vertex 83.4223 90.997 1.9247
    endloop
  endfacet
  facet normal -0 0.0654169 0.997858
    outer loop
      vertex 83.4223 92.0223 1.5
      vertex 84.4223 91.833 1.51241
      vertex 84.4223 92.0223 1.5
    endloop
  endfacet
  facet normal 0 0.0654169 0.997858
    outer loop
      vertex 84.4223 91.833 1.51241
      vertex 83.4223 92.0223 1.5
      vertex 83.4223 91.833 1.51241
    endloop
  endfacet
  facet normal 0 0.89685 -0.442335
    outer loop
      vertex 84.4223 90.6827 3.50489
      vertex 83.4223 90.7666 3.675
      vertex 84.4223 90.7666 3.675
    endloop
  endfacet
  facet normal 0 0.89685 -0.442335
    outer loop
      vertex 83.4223 90.7666 3.675
      vertex 84.4223 90.6827 3.50489
      vertex 83.4223 90.6827 3.50489
    endloop
  endfacet
  facet normal 0 0.659355 -0.751832
    outer loop
      vertex 83.4223 90.997 3.9753
      vertex 84.4223 91.1396 4.10036
      vertex 84.4223 90.997 3.9753
    endloop
  endfacet
  facet normal 0 0.659355 -0.751832
    outer loop
      vertex 84.4223 91.1396 4.10036
      vertex 83.4223 90.997 3.9753
      vertex 83.4223 91.1396 4.10036
    endloop
  endfacet
  facet normal 0 0.831644 -0.555309
    outer loop
      vertex 84.4223 90.7666 3.675
      vertex 83.4223 90.8719 3.8327
      vertex 84.4223 90.8719 3.8327
    endloop
  endfacet
  facet normal 0 0.831644 -0.555309
    outer loop
      vertex 83.4223 90.8719 3.8327
      vertex 84.4223 90.7666 3.675
      vertex 83.4223 90.7666 3.675
    endloop
  endfacet
  facet normal 0 -0.321458 -0.946924
    outer loop
      vertex 83.4223 97.9976 4.35059
      vertex 84.4223 98.1772 4.28962
      vertex 84.4223 97.9976 4.35059
    endloop
  endfacet
  facet normal -0 -0.321458 -0.946924
    outer loop
      vertex 84.4223 98.1772 4.28962
      vertex 83.4223 97.9976 4.35059
      vertex 83.4223 98.1772 4.28962
    endloop
  endfacet
  facet normal 0 -0.831644 -0.555309
    outer loop
      vertex 83.4223 98.878 3.675
      vertex 84.4223 98.7727 3.8327
      vertex 83.4223 98.7727 3.8327
    endloop
  endfacet
  facet normal 0 -0.831644 -0.555309
    outer loop
      vertex 84.4223 98.7727 3.8327
      vertex 83.4223 98.878 3.675
      vertex 84.4223 98.878 3.675
    endloop
  endfacet
  facet normal 0 -0.89685 -0.442335
    outer loop
      vertex 83.4223 98.9619 3.50489
      vertex 84.4223 98.878 3.675
      vertex 83.4223 98.878 3.675
    endloop
  endfacet
  facet normal 0 -0.89685 -0.442335
    outer loop
      vertex 84.4223 98.878 3.675
      vertex 83.4223 98.9619 3.50489
      vertex 84.4223 98.9619 3.50489
    endloop
  endfacet
  facet normal 0 -0.980789 -0.195072
    outer loop
      vertex 83.4223 99.0599 3.13926
      vertex 84.4223 99.0229 3.32529
      vertex 83.4223 99.0229 3.32529
    endloop
  endfacet
  facet normal 0 -0.980789 -0.195072
    outer loop
      vertex 84.4223 99.0229 3.32529
      vertex 83.4223 99.0599 3.13926
      vertex 84.4223 99.0599 3.13926
    endloop
  endfacet
  facet normal -0 0.5556 0.83145
    outer loop
      vertex 83.4223 91.2973 1.69426
      vertex 84.4223 91.1396 1.79964
      vertex 84.4223 91.2973 1.69426
    endloop
  endfacet
  facet normal 0 0.5556 0.83145
    outer loop
      vertex 84.4223 91.1396 1.79964
      vertex 83.4223 91.2973 1.69426
      vertex 83.4223 91.1396 1.79964
    endloop
  endfacet
  facet normal -0 0.442272 0.896881
    outer loop
      vertex 83.4223 91.4674 1.61038
      vertex 84.4223 91.2973 1.69426
      vertex 84.4223 91.4674 1.61038
    endloop
  endfacet
  facet normal 0 0.442272 0.896881
    outer loop
      vertex 84.4223 91.2973 1.69426
      vertex 83.4223 91.4674 1.61038
      vertex 83.4223 91.2973 1.69426
    endloop
  endfacet
  facet normal 0 0.980789 -0.195072
    outer loop
      vertex 84.4223 90.5847 3.13926
      vertex 83.4223 90.6217 3.32529
      vertex 84.4223 90.6217 3.32529
    endloop
  endfacet
  facet normal 0 0.980789 -0.195072
    outer loop
      vertex 83.4223 90.6217 3.32529
      vertex 84.4223 90.5847 3.13926
      vertex 83.4223 90.5847 3.13926
    endloop
  endfacet
  facet normal 0 0.946876 -0.3216
    outer loop
      vertex 84.4223 90.6217 3.32529
      vertex 83.4223 90.6827 3.50489
      vertex 84.4223 90.6827 3.50489
    endloop
  endfacet
  facet normal 0 0.946876 -0.3216
    outer loop
      vertex 83.4223 90.6827 3.50489
      vertex 84.4223 90.6217 3.32529
      vertex 83.4223 90.6217 3.32529
    endloop
  endfacet
  facet normal 0 -0.751727 -0.659474
    outer loop
      vertex 83.4223 98.7727 3.8327
      vertex 84.4223 98.6476 3.9753
      vertex 83.4223 98.6476 3.9753
    endloop
  endfacet
  facet normal 0 -0.751727 -0.659474
    outer loop
      vertex 84.4223 98.6476 3.9753
      vertex 83.4223 98.7727 3.8327
      vertex 84.4223 98.7727 3.8327
    endloop
  endfacet
  facet normal -0 0.659355 0.751832
    outer loop
      vertex 83.4223 91.1396 1.79964
      vertex 84.4223 90.997 1.9247
      vertex 84.4223 91.1396 1.79964
    endloop
  endfacet
  facet normal 0 0.659355 0.751832
    outer loop
      vertex 84.4223 90.997 1.9247
      vertex 83.4223 91.1396 1.79964
      vertex 83.4223 90.997 1.9247
    endloop
  endfacet
  facet normal 0 0.980789 0.195072
    outer loop
      vertex 84.4223 90.6217 2.57471
      vertex 83.4223 90.5847 2.76074
      vertex 84.4223 90.5847 2.76074
    endloop
  endfacet
  facet normal 0 0.980789 0.195072
    outer loop
      vertex 83.4223 90.5847 2.76074
      vertex 84.4223 90.6217 2.57471
      vertex 83.4223 90.6217 2.57471
    endloop
  endfacet
  facet normal 0 0.997861 0.0653782
    outer loop
      vertex 84.4223 90.5847 2.76074
      vertex 83.4223 90.5723 2.95
      vertex 84.4223 90.5723 2.95
    endloop
  endfacet
  facet normal 0 0.997861 0.0653782
    outer loop
      vertex 83.4223 90.5723 2.95
      vertex 84.4223 90.5847 2.76074
      vertex 83.4223 90.5847 2.76074
    endloop
  endfacet
  facet normal 0 0.831644 0.555309
    outer loop
      vertex 84.4223 90.8719 2.0673
      vertex 83.4223 90.7666 2.225
      vertex 84.4223 90.7666 2.225
    endloop
  endfacet
  facet normal 0 0.831644 0.555309
    outer loop
      vertex 83.4223 90.7666 2.225
      vertex 84.4223 90.8719 2.0673
      vertex 83.4223 90.8719 2.0673
    endloop
  endfacet
  facet normal 0 0.89685 0.442335
    outer loop
      vertex 84.4223 90.7666 2.225
      vertex 83.4223 90.6827 2.39511
      vertex 84.4223 90.6827 2.39511
    endloop
  endfacet
  facet normal 0 0.89685 0.442335
    outer loop
      vertex 83.4223 90.6827 2.39511
      vertex 84.4223 90.7666 2.225
      vertex 83.4223 90.7666 2.225
    endloop
  endfacet
  facet normal 0 0.946876 0.3216
    outer loop
      vertex 84.4223 90.6827 2.39511
      vertex 83.4223 90.6217 2.57471
      vertex 84.4223 90.6217 2.57471
    endloop
  endfacet
  facet normal 0 0.946876 0.3216
    outer loop
      vertex 83.4223 90.6217 2.57471
      vertex 84.4223 90.6827 2.39511
      vertex 83.4223 90.6827 2.39511
    endloop
  endfacet
  facet normal 0.0654077 0.997859 0
    outer loop
      vertex 8 1 7.5
      vertex 7.08632 1.05989 4.00877
      vertex 7.08632 1.05989 7.5
    endloop
  endfacet
  facet normal 0.0654558 0.997855 -1.26215e-05
    outer loop
      vertex 8 1 7.5
      vertex 7.1 1.05899 3.8
      vertex 7.08632 1.05989 4.00877
    endloop
  endfacet
  facet normal 0.0654041 0.997859 -0
    outer loop
      vertex 8 1 1
      vertex 7.1 1.05899 3.8
      vertex 8 1 7.5
    endloop
  endfacet
  facet normal 0.0654453 0.997856 1.33085e-05
    outer loop
      vertex 7.1 1.05899 3.8
      vertex 8 1 1
      vertex 7.08632 1.05989 3.59123
    endloop
  endfacet
  facet normal 0.0654077 0.997859 0
    outer loop
      vertex 7.08632 1.05989 3.59123
      vertex 8 1 1
      vertex 7.08632 1.05989 1
    endloop
  endfacet
  facet normal -0.555053 -0.831815 0
    outer loop
      vertex 79.9223 152.684 1
      vertex 80.6836 152.176 7.5
      vertex 79.9223 152.684 7.5
    endloop
  endfacet
  facet normal -0.555053 -0.831815 -0
    outer loop
      vertex 80.6836 152.176 7.5
      vertex 79.9223 152.684 1
      vertex 80.6836 152.176 1
    endloop
  endfacet
  facet normal -1 0 0
    outer loop
      vertex 83.4223 128.66 3.13926
      vertex 83.4223 146.622 1
      vertex 83.4223 128.672 2.95
    endloop
  endfacet
  facet normal -1 0 0
    outer loop
      vertex 83.4223 146.622 1
      vertex 83.4223 128.66 2.76074
      vertex 83.4223 128.672 2.95
    endloop
  endfacet
  facet normal -1 0 0
    outer loop
      vertex 83.4223 146.622 1
      vertex 83.4223 128.623 2.57471
      vertex 83.4223 128.66 2.76074
    endloop
  endfacet
  facet normal -1 0 0
    outer loop
      vertex 83.4223 146.622 1
      vertex 83.4223 128.562 2.39511
      vertex 83.4223 128.623 2.57471
    endloop
  endfacet
  facet normal -1 0 0
    outer loop
      vertex 83.4223 146.622 1
      vertex 83.4223 128.478 2.225
      vertex 83.4223 128.562 2.39511
    endloop
  endfacet
  facet normal -1 0 0
    outer loop
      vertex 83.4223 146.622 1
      vertex 83.4223 128.373 2.0673
      vertex 83.4223 128.478 2.225
    endloop
  endfacet
  facet normal -1 0 0
    outer loop
      vertex 83.4223 146.622 1
      vertex 83.4223 128.248 1.9247
      vertex 83.4223 128.373 2.0673
    endloop
  endfacet
  facet normal -1 0 0
    outer loop
      vertex 83.4223 146.622 1
      vertex 83.4223 128.105 1.79964
      vertex 83.4223 128.248 1.9247
    endloop
  endfacet
  facet normal -1 0 0
    outer loop
      vertex 83.4223 146.622 1
      vertex 83.4223 127.947 1.69426
      vertex 83.4223 128.105 1.79964
    endloop
  endfacet
  facet normal -1 0 0
    outer loop
      vertex 83.4223 146.622 1
      vertex 83.4223 127.777 1.61038
      vertex 83.4223 127.947 1.69426
    endloop
  endfacet
  facet normal -1 0 0
    outer loop
      vertex 83.4223 146.622 1
      vertex 83.4223 127.598 1.54941
      vertex 83.4223 127.777 1.61038
    endloop
  endfacet
  facet normal -1 0 0
    outer loop
      vertex 83.4223 146.622 1
      vertex 83.4223 127.412 1.51241
      vertex 83.4223 127.598 1.54941
    endloop
  endfacet
  facet normal -1 0 0
    outer loop
      vertex 83.4223 146.622 1
      vertex 83.4223 127.222 1.5
      vertex 83.4223 127.412 1.51241
    endloop
  endfacet
  facet normal -1 0 0
    outer loop
      vertex 83.4223 146.622 1
      vertex 83.4223 118.622 1.5
      vertex 83.4223 127.222 1.5
    endloop
  endfacet
  facet normal -1 0 0
    outer loop
      vertex 83.4223 117.185 2.76074
      vertex 83.4223 116.072 2.95
      vertex 83.4223 117.172 2.95
    endloop
  endfacet
  facet normal -1 0 0
    outer loop
      vertex 83.4223 116.06 2.76074
      vertex 83.4223 117.185 2.76074
      vertex 83.4223 117.222 2.57471
    endloop
  endfacet
  facet normal -1 0 0
    outer loop
      vertex 83.4223 116.023 2.57471
      vertex 83.4223 117.222 2.57471
      vertex 83.4223 117.283 2.39511
    endloop
  endfacet
  facet normal -1 0 0
    outer loop
      vertex 83.4223 115.962 2.39511
      vertex 83.4223 117.283 2.39511
      vertex 83.4223 117.367 2.225
    endloop
  endfacet
  facet normal -1 0 0
    outer loop
      vertex 83.4223 115.878 2.225
      vertex 83.4223 117.367 2.225
      vertex 83.4223 117.472 2.0673
    endloop
  endfacet
  facet normal -1 0 0
    outer loop
      vertex 83.4223 115.773 2.0673
      vertex 83.4223 117.472 2.0673
      vertex 83.4223 117.597 1.9247
    endloop
  endfacet
  facet normal -1 0 0
    outer loop
      vertex 83.4223 115.648 1.9247
      vertex 83.4223 117.597 1.9247
      vertex 83.4223 117.74 1.79964
    endloop
  endfacet
  facet normal -1 0 0
    outer loop
      vertex 83.4223 117.185 2.76074
      vertex 83.4223 116.06 2.76074
      vertex 83.4223 116.072 2.95
    endloop
  endfacet
  facet normal -1 0 0
    outer loop
      vertex 83.4223 115.505 1.79964
      vertex 83.4223 117.74 1.79964
      vertex 83.4223 117.897 1.69426
    endloop
  endfacet
  facet normal -1 0 0
    outer loop
      vertex 83.4223 117.222 2.57471
      vertex 83.4223 116.023 2.57471
      vertex 83.4223 116.06 2.76074
    endloop
  endfacet
  facet normal -1 0 0
    outer loop
      vertex 83.4223 115.347 1.69426
      vertex 83.4223 117.897 1.69426
      vertex 83.4223 118.067 1.61038
    endloop
  endfacet
  facet normal -1 0 0
    outer loop
      vertex 83.4223 117.283 2.39511
      vertex 83.4223 115.962 2.39511
      vertex 83.4223 116.023 2.57471
    endloop
  endfacet
  facet normal -1 0 0
    outer loop
      vertex 83.4223 117.367 2.225
      vertex 83.4223 115.878 2.225
      vertex 83.4223 115.962 2.39511
    endloop
  endfacet
  facet normal -1 0 0
    outer loop
      vertex 83.4223 115.177 1.61038
      vertex 83.4223 118.067 1.61038
      vertex 83.4223 118.247 1.54941
    endloop
  endfacet
  facet normal -1 0 0
    outer loop
      vertex 83.4223 117.472 2.0673
      vertex 83.4223 115.773 2.0673
      vertex 83.4223 115.878 2.225
    endloop
  endfacet
  facet normal -1 0 0
    outer loop
      vertex 83.4223 117.597 1.9247
      vertex 83.4223 115.648 1.9247
      vertex 83.4223 115.773 2.0673
    endloop
  endfacet
  facet normal -1 0 0
    outer loop
      vertex 83.4223 114.998 1.54941
      vertex 83.4223 118.247 1.54941
      vertex 83.4223 118.433 1.51241
    endloop
  endfacet
  facet normal -1 0 0
    outer loop
      vertex 83.4223 117.74 1.79964
      vertex 83.4223 115.505 1.79964
      vertex 83.4223 115.648 1.9247
    endloop
  endfacet
  facet normal -1 0 0
    outer loop
      vertex 83.4223 117.897 1.69426
      vertex 83.4223 115.347 1.69426
      vertex 83.4223 115.505 1.79964
    endloop
  endfacet
  facet normal -1 0 0
    outer loop
      vertex 83.4223 114.812 1.51241
      vertex 83.4223 118.433 1.51241
      vertex 83.4223 118.622 1.5
    endloop
  endfacet
  facet normal -1 0 0
    outer loop
      vertex 83.4223 118.067 1.61038
      vertex 83.4223 115.177 1.61038
      vertex 83.4223 115.347 1.69426
    endloop
  endfacet
  facet normal -1 0 0
    outer loop
      vertex 83.4223 118.247 1.54941
      vertex 83.4223 114.998 1.54941
      vertex 83.4223 115.177 1.61038
    endloop
  endfacet
  facet normal -1 0 0
    outer loop
      vertex 83.4223 114.622 1.5
      vertex 83.4223 118.622 1.5
      vertex 83.4223 146.622 1
    endloop
  endfacet
  facet normal -1 0 0
    outer loop
      vertex 83.4223 118.433 1.51241
      vertex 83.4223 114.812 1.51241
      vertex 83.4223 114.998 1.54941
    endloop
  endfacet
  facet normal -1 0 0
    outer loop
      vertex 83.4223 118.622 1.5
      vertex 83.4223 114.622 1.5
      vertex 83.4223 114.812 1.51241
    endloop
  endfacet
  facet normal -1 0 0
    outer loop
      vertex 83.4223 146.622 1
      vertex 83.4223 106.022 1.5
      vertex 83.4223 114.622 1.5
    endloop
  endfacet
  facet normal -1 0 0
    outer loop
      vertex 83.4223 104.585 2.76074
      vertex 83.4223 99.0723 2.95
      vertex 83.4223 104.572 2.95
    endloop
  endfacet
  facet normal -1 0 0
    outer loop
      vertex 83.4223 99.0599 2.76074
      vertex 83.4223 104.585 2.76074
      vertex 83.4223 104.622 2.57471
    endloop
  endfacet
  facet normal -1 0 0
    outer loop
      vertex 83.4223 99.0229 2.57471
      vertex 83.4223 104.622 2.57471
      vertex 83.4223 104.683 2.39511
    endloop
  endfacet
  facet normal -1 0 0
    outer loop
      vertex 83.4223 98.9619 2.39511
      vertex 83.4223 104.683 2.39511
      vertex 83.4223 104.767 2.225
    endloop
  endfacet
  facet normal -1 0 0
    outer loop
      vertex 83.4223 98.878 2.225
      vertex 83.4223 104.767 2.225
      vertex 83.4223 104.872 2.0673
    endloop
  endfacet
  facet normal -1 0 0
    outer loop
      vertex 83.4223 98.7727 2.0673
      vertex 83.4223 104.872 2.0673
      vertex 83.4223 104.997 1.9247
    endloop
  endfacet
  facet normal -1 0 0
    outer loop
      vertex 83.4223 98.6476 1.9247
      vertex 83.4223 104.997 1.9247
      vertex 83.4223 105.14 1.79964
    endloop
  endfacet
  facet normal -1 0 0
    outer loop
      vertex 83.4223 98.505 1.79964
      vertex 83.4223 105.14 1.79964
      vertex 83.4223 105.297 1.69426
    endloop
  endfacet
  facet normal -1 0 0
    outer loop
      vertex 83.4223 98.3473 1.69426
      vertex 83.4223 105.297 1.69426
      vertex 83.4223 105.467 1.61038
    endloop
  endfacet
  facet normal -1 0 0
    outer loop
      vertex 83.4223 98.1772 1.61038
      vertex 83.4223 105.467 1.61038
      vertex 83.4223 105.647 1.54941
    endloop
  endfacet
  facet normal -1 0 0
    outer loop
      vertex 83.4223 104.585 2.76074
      vertex 83.4223 99.0599 2.76074
      vertex 83.4223 99.0723 2.95
    endloop
  endfacet
  facet normal -1 0 0
    outer loop
      vertex 83.4223 97.9976 1.54941
      vertex 83.4223 105.647 1.54941
      vertex 83.4223 105.833 1.51241
    endloop
  endfacet
  facet normal -1 0 0
    outer loop
      vertex 83.4223 104.622 2.57471
      vertex 83.4223 99.0229 2.57471
      vertex 83.4223 99.0599 2.76074
    endloop
  endfacet
  facet normal -1 0 0
    outer loop
      vertex 83.4223 104.683 2.39511
      vertex 83.4223 98.9619 2.39511
      vertex 83.4223 99.0229 2.57471
    endloop
  endfacet
  facet normal -1 0 0
    outer loop
      vertex 83.4223 104.767 2.225
      vertex 83.4223 98.878 2.225
      vertex 83.4223 98.9619 2.39511
    endloop
  endfacet
  facet normal -1 0 0
    outer loop
      vertex 83.4223 104.872 2.0673
      vertex 83.4223 98.7727 2.0673
      vertex 83.4223 98.878 2.225
    endloop
  endfacet
  facet normal -1 0 0
    outer loop
      vertex 83.4223 104.997 1.9247
      vertex 83.4223 98.6476 1.9247
      vertex 83.4223 98.7727 2.0673
    endloop
  endfacet
  facet normal -1 0 0
    outer loop
      vertex 83.4223 97.8116 1.51241
      vertex 83.4223 105.833 1.51241
      vertex 83.4223 106.022 1.5
    endloop
  endfacet
  facet normal -1 0 0
    outer loop
      vertex 83.4223 105.14 1.79964
      vertex 83.4223 98.505 1.79964
      vertex 83.4223 98.6476 1.9247
    endloop
  endfacet
  facet normal -1 0 0
    outer loop
      vertex 83.4223 105.297 1.69426
      vertex 83.4223 98.3473 1.69426
      vertex 83.4223 98.505 1.79964
    endloop
  endfacet
  facet normal -1 0 0
    outer loop
      vertex 83.4223 105.467 1.61038
      vertex 83.4223 98.1772 1.61038
      vertex 83.4223 98.3473 1.69426
    endloop
  endfacet
  facet normal -1 0 0
    outer loop
      vertex 83.4223 105.647 1.54941
      vertex 83.4223 97.9976 1.54941
      vertex 83.4223 98.1772 1.61038
    endloop
  endfacet
  facet normal -1 0 0
    outer loop
      vertex 83.4223 97.6223 1.5
      vertex 83.4223 106.022 1.5
      vertex 83.4223 146.622 1
    endloop
  endfacet
  facet normal -1 0 0
    outer loop
      vertex 83.4223 105.833 1.51241
      vertex 83.4223 97.8116 1.51241
      vertex 83.4223 97.9976 1.54941
    endloop
  endfacet
  facet normal -1 0 0
    outer loop
      vertex 83.4223 106.022 1.5
      vertex 83.4223 97.6223 1.5
      vertex 83.4223 97.8116 1.51241
    endloop
  endfacet
  facet normal -1 0 0
    outer loop
      vertex 83.4223 146.622 1
      vertex 83.4223 92.0223 1.5
      vertex 83.4223 97.6223 1.5
    endloop
  endfacet
  facet normal -1 -0 0
    outer loop
      vertex 83.4223 90.5847 2.76074
      vertex 83.4223 8 1
      vertex 83.4223 90.5723 2.95
    endloop
  endfacet
  facet normal -1 -0 0
    outer loop
      vertex 83.4223 90.6217 2.57471
      vertex 83.4223 8 1
      vertex 83.4223 90.5847 2.76074
    endloop
  endfacet
  facet normal -1 -0 0
    outer loop
      vertex 83.4223 90.6827 2.39511
      vertex 83.4223 8 1
      vertex 83.4223 90.6217 2.57471
    endloop
  endfacet
  facet normal -1 -0 0
    outer loop
      vertex 83.4223 90.7666 2.225
      vertex 83.4223 8 1
      vertex 83.4223 90.6827 2.39511
    endloop
  endfacet
  facet normal -1 -0 0
    outer loop
      vertex 83.4223 90.8719 2.0673
      vertex 83.4223 8 1
      vertex 83.4223 90.7666 2.225
    endloop
  endfacet
  facet normal -1 -0 0
    outer loop
      vertex 83.4223 90.997 1.9247
      vertex 83.4223 8 1
      vertex 83.4223 90.8719 2.0673
    endloop
  endfacet
  facet normal -1 -0 0
    outer loop
      vertex 83.4223 91.1396 1.79964
      vertex 83.4223 8 1
      vertex 83.4223 90.997 1.9247
    endloop
  endfacet
  facet normal -1 -0 0
    outer loop
      vertex 83.4223 91.2973 1.69426
      vertex 83.4223 8 1
      vertex 83.4223 91.1396 1.79964
    endloop
  endfacet
  facet normal -1 -0 0
    outer loop
      vertex 83.4223 91.4674 1.61038
      vertex 83.4223 8 1
      vertex 83.4223 91.2973 1.69426
    endloop
  endfacet
  facet normal -1 -0 0
    outer loop
      vertex 83.4223 91.647 1.54941
      vertex 83.4223 8 1
      vertex 83.4223 91.4674 1.61038
    endloop
  endfacet
  facet normal -1 -0 0
    outer loop
      vertex 83.4223 91.833 1.51241
      vertex 83.4223 8 1
      vertex 83.4223 91.647 1.54941
    endloop
  endfacet
  facet normal -1 -0 0
    outer loop
      vertex 83.4223 92.0223 1.5
      vertex 83.4223 8 1
      vertex 83.4223 91.833 1.51241
    endloop
  endfacet
  facet normal -1 0 0
    outer loop
      vertex 83.4223 8 1
      vertex 83.4223 92.0223 1.5
      vertex 83.4223 146.622 1
    endloop
  endfacet
  facet normal -1 0 0
    outer loop
      vertex 83.4223 146.622 1
      vertex 83.4223 128.66 3.13926
      vertex 83.4223 146.622 7.5
    endloop
  endfacet
  facet normal -1 0 0
    outer loop
      vertex 83.4223 128.623 3.32529
      vertex 83.4223 146.622 7.5
      vertex 83.4223 128.66 3.13926
    endloop
  endfacet
  facet normal -1 0 0
    outer loop
      vertex 83.4223 128.562 3.50489
      vertex 83.4223 146.622 7.5
      vertex 83.4223 128.623 3.32529
    endloop
  endfacet
  facet normal -1 0 0
    outer loop
      vertex 83.4223 128.478 3.675
      vertex 83.4223 146.622 7.5
      vertex 83.4223 128.562 3.50489
    endloop
  endfacet
  facet normal -1 0 0
    outer loop
      vertex 83.4223 128.373 3.8327
      vertex 83.4223 146.622 7.5
      vertex 83.4223 128.478 3.675
    endloop
  endfacet
  facet normal -1 0 0
    outer loop
      vertex 83.4223 128.248 3.9753
      vertex 83.4223 146.622 7.5
      vertex 83.4223 128.373 3.8327
    endloop
  endfacet
  facet normal -1 0 0
    outer loop
      vertex 83.4223 128.105 4.10036
      vertex 83.4223 146.622 7.5
      vertex 83.4223 128.248 3.9753
    endloop
  endfacet
  facet normal -1 0 0
    outer loop
      vertex 83.4223 127.947 4.20574
      vertex 83.4223 146.622 7.5
      vertex 83.4223 128.105 4.10036
    endloop
  endfacet
  facet normal -1 0 0
    outer loop
      vertex 83.4223 127.777 4.28962
      vertex 83.4223 146.622 7.5
      vertex 83.4223 127.947 4.20574
    endloop
  endfacet
  facet normal -1 0 0
    outer loop
      vertex 83.4223 127.598 4.35059
      vertex 83.4223 146.622 7.5
      vertex 83.4223 127.777 4.28962
    endloop
  endfacet
  facet normal -1 0 0
    outer loop
      vertex 83.4223 127.412 4.38759
      vertex 83.4223 146.622 7.5
      vertex 83.4223 127.598 4.35059
    endloop
  endfacet
  facet normal -1 0 0
    outer loop
      vertex 83.4223 127.222 4.4
      vertex 83.4223 146.622 7.5
      vertex 83.4223 127.412 4.38759
    endloop
  endfacet
  facet normal -1 0 0
    outer loop
      vertex 83.4223 118.622 4.4
      vertex 83.4223 146.622 7.5
      vertex 83.4223 127.222 4.4
    endloop
  endfacet
  facet normal -1 0 0
    outer loop
      vertex 83.4223 114.622 4.4
      vertex 83.4223 118.622 4.4
      vertex 83.4223 118.433 4.38759
    endloop
  endfacet
  facet normal -1 0 0
    outer loop
      vertex 83.4223 116.072 2.95
      vertex 83.4223 117.185 3.13926
      vertex 83.4223 117.172 2.95
    endloop
  endfacet
  facet normal -1 0 0
    outer loop
      vertex 83.4223 116.06 3.13926
      vertex 83.4223 117.185 3.13926
      vertex 83.4223 116.072 2.95
    endloop
  endfacet
  facet normal -1 0 0
    outer loop
      vertex 83.4223 117.185 3.13926
      vertex 83.4223 116.06 3.13926
      vertex 83.4223 117.222 3.32529
    endloop
  endfacet
  facet normal -1 0 0
    outer loop
      vertex 83.4223 116.023 3.32529
      vertex 83.4223 117.222 3.32529
      vertex 83.4223 116.06 3.13926
    endloop
  endfacet
  facet normal -1 0 0
    outer loop
      vertex 83.4223 117.222 3.32529
      vertex 83.4223 116.023 3.32529
      vertex 83.4223 117.283 3.50489
    endloop
  endfacet
  facet normal -1 0 0
    outer loop
      vertex 83.4223 115.962 3.50489
      vertex 83.4223 117.283 3.50489
      vertex 83.4223 116.023 3.32529
    endloop
  endfacet
  facet normal -1 0 0
    outer loop
      vertex 83.4223 117.283 3.50489
      vertex 83.4223 115.962 3.50489
      vertex 83.4223 117.367 3.675
    endloop
  endfacet
  facet normal -1 0 0
    outer loop
      vertex 83.4223 115.878 3.675
      vertex 83.4223 117.367 3.675
      vertex 83.4223 115.962 3.50489
    endloop
  endfacet
  facet normal -1 0 0
    outer loop
      vertex 83.4223 117.367 3.675
      vertex 83.4223 115.878 3.675
      vertex 83.4223 117.472 3.8327
    endloop
  endfacet
  facet normal -1 0 0
    outer loop
      vertex 83.4223 115.773 3.8327
      vertex 83.4223 117.472 3.8327
      vertex 83.4223 115.878 3.675
    endloop
  endfacet
  facet normal -1 0 0
    outer loop
      vertex 83.4223 117.472 3.8327
      vertex 83.4223 115.773 3.8327
      vertex 83.4223 117.597 3.9753
    endloop
  endfacet
  facet normal -1 0 0
    outer loop
      vertex 83.4223 115.648 3.9753
      vertex 83.4223 117.597 3.9753
      vertex 83.4223 115.773 3.8327
    endloop
  endfacet
  facet normal -1 0 0
    outer loop
      vertex 83.4223 117.597 3.9753
      vertex 83.4223 115.648 3.9753
      vertex 83.4223 117.74 4.10036
    endloop
  endfacet
  facet normal -1 0 0
    outer loop
      vertex 83.4223 115.505 4.10036
      vertex 83.4223 117.74 4.10036
      vertex 83.4223 115.648 3.9753
    endloop
  endfacet
  facet normal -1 0 0
    outer loop
      vertex 83.4223 117.74 4.10036
      vertex 83.4223 115.505 4.10036
      vertex 83.4223 117.897 4.20574
    endloop
  endfacet
  facet normal -1 0 0
    outer loop
      vertex 83.4223 115.347 4.20574
      vertex 83.4223 117.897 4.20574
      vertex 83.4223 115.505 4.10036
    endloop
  endfacet
  facet normal -1 0 0
    outer loop
      vertex 83.4223 117.897 4.20574
      vertex 83.4223 115.347 4.20574
      vertex 83.4223 118.067 4.28962
    endloop
  endfacet
  facet normal -1 0 0
    outer loop
      vertex 83.4223 115.177 4.28962
      vertex 83.4223 118.067 4.28962
      vertex 83.4223 115.347 4.20574
    endloop
  endfacet
  facet normal -1 0 0
    outer loop
      vertex 83.4223 118.067 4.28962
      vertex 83.4223 115.177 4.28962
      vertex 83.4223 118.247 4.35059
    endloop
  endfacet
  facet normal -1 0 0
    outer loop
      vertex 83.4223 114.998 4.35059
      vertex 83.4223 118.247 4.35059
      vertex 83.4223 115.177 4.28962
    endloop
  endfacet
  facet normal -1 0 0
    outer loop
      vertex 83.4223 118.247 4.35059
      vertex 83.4223 114.998 4.35059
      vertex 83.4223 118.433 4.38759
    endloop
  endfacet
  facet normal -1 0 0
    outer loop
      vertex 83.4223 114.812 4.38759
      vertex 83.4223 118.433 4.38759
      vertex 83.4223 114.998 4.35059
    endloop
  endfacet
  facet normal -1 0 0
    outer loop
      vertex 83.4223 114.622 4.4
      vertex 83.4223 118.433 4.38759
      vertex 83.4223 114.812 4.38759
    endloop
  endfacet
  facet normal -1 0 0
    outer loop
      vertex 83.4223 118.622 4.4
      vertex 83.4223 114.622 4.4
      vertex 83.4223 146.622 7.5
    endloop
  endfacet
  facet normal -1 0 0
    outer loop
      vertex 83.4223 106.022 4.4
      vertex 83.4223 146.622 7.5
      vertex 83.4223 114.622 4.4
    endloop
  endfacet
  facet normal -1 0 0
    outer loop
      vertex 83.4223 97.6223 4.4
      vertex 83.4223 106.022 4.4
      vertex 83.4223 105.833 4.38759
    endloop
  endfacet
  facet normal -1 0 0
    outer loop
      vertex 83.4223 99.0723 2.95
      vertex 83.4223 104.585 3.13926
      vertex 83.4223 104.572 2.95
    endloop
  endfacet
  facet normal -1 0 0
    outer loop
      vertex 83.4223 99.0599 3.13926
      vertex 83.4223 104.585 3.13926
      vertex 83.4223 99.0723 2.95
    endloop
  endfacet
  facet normal -1 0 0
    outer loop
      vertex 83.4223 104.585 3.13926
      vertex 83.4223 99.0599 3.13926
      vertex 83.4223 104.622 3.32529
    endloop
  endfacet
  facet normal -1 0 0
    outer loop
      vertex 83.4223 99.0229 3.32529
      vertex 83.4223 104.622 3.32529
      vertex 83.4223 99.0599 3.13926
    endloop
  endfacet
  facet normal -1 0 0
    outer loop
      vertex 83.4223 104.622 3.32529
      vertex 83.4223 99.0229 3.32529
      vertex 83.4223 104.683 3.50489
    endloop
  endfacet
  facet normal -1 0 0
    outer loop
      vertex 83.4223 98.9619 3.50489
      vertex 83.4223 104.683 3.50489
      vertex 83.4223 99.0229 3.32529
    endloop
  endfacet
  facet normal -1 0 0
    outer loop
      vertex 83.4223 104.683 3.50489
      vertex 83.4223 98.9619 3.50489
      vertex 83.4223 104.767 3.675
    endloop
  endfacet
  facet normal -1 0 0
    outer loop
      vertex 83.4223 98.878 3.675
      vertex 83.4223 104.767 3.675
      vertex 83.4223 98.9619 3.50489
    endloop
  endfacet
  facet normal -1 0 0
    outer loop
      vertex 83.4223 104.767 3.675
      vertex 83.4223 98.878 3.675
      vertex 83.4223 104.872 3.8327
    endloop
  endfacet
  facet normal -1 0 0
    outer loop
      vertex 83.4223 98.7727 3.8327
      vertex 83.4223 104.872 3.8327
      vertex 83.4223 98.878 3.675
    endloop
  endfacet
  facet normal -1 0 0
    outer loop
      vertex 83.4223 104.872 3.8327
      vertex 83.4223 98.7727 3.8327
      vertex 83.4223 104.997 3.9753
    endloop
  endfacet
  facet normal -1 0 0
    outer loop
      vertex 83.4223 98.6476 3.9753
      vertex 83.4223 104.997 3.9753
      vertex 83.4223 98.7727 3.8327
    endloop
  endfacet
  facet normal -1 0 0
    outer loop
      vertex 83.4223 104.997 3.9753
      vertex 83.4223 98.6476 3.9753
      vertex 83.4223 105.14 4.10036
    endloop
  endfacet
  facet normal -1 0 0
    outer loop
      vertex 83.4223 98.505 4.10036
      vertex 83.4223 105.14 4.10036
      vertex 83.4223 98.6476 3.9753
    endloop
  endfacet
  facet normal -1 0 0
    outer loop
      vertex 83.4223 105.14 4.10036
      vertex 83.4223 98.505 4.10036
      vertex 83.4223 105.297 4.20574
    endloop
  endfacet
  facet normal -1 0 0
    outer loop
      vertex 83.4223 98.3473 4.20574
      vertex 83.4223 105.297 4.20574
      vertex 83.4223 98.505 4.10036
    endloop
  endfacet
  facet normal -1 0 0
    outer loop
      vertex 83.4223 105.297 4.20574
      vertex 83.4223 98.3473 4.20574
      vertex 83.4223 105.467 4.28962
    endloop
  endfacet
  facet normal -1 0 0
    outer loop
      vertex 83.4223 98.1772 4.28962
      vertex 83.4223 105.467 4.28962
      vertex 83.4223 98.3473 4.20574
    endloop
  endfacet
  facet normal -1 0 0
    outer loop
      vertex 83.4223 105.467 4.28962
      vertex 83.4223 98.1772 4.28962
      vertex 83.4223 105.647 4.35059
    endloop
  endfacet
  facet normal -1 0 0
    outer loop
      vertex 83.4223 97.9976 4.35059
      vertex 83.4223 105.647 4.35059
      vertex 83.4223 98.1772 4.28962
    endloop
  endfacet
  facet normal -1 0 0
    outer loop
      vertex 83.4223 105.647 4.35059
      vertex 83.4223 97.9976 4.35059
      vertex 83.4223 105.833 4.38759
    endloop
  endfacet
  facet normal -1 0 0
    outer loop
      vertex 83.4223 97.8116 4.38759
      vertex 83.4223 105.833 4.38759
      vertex 83.4223 97.9976 4.35059
    endloop
  endfacet
  facet normal -1 0 0
    outer loop
      vertex 83.4223 97.6223 4.4
      vertex 83.4223 105.833 4.38759
      vertex 83.4223 97.8116 4.38759
    endloop
  endfacet
  facet normal -1 0 0
    outer loop
      vertex 83.4223 106.022 4.4
      vertex 83.4223 97.6223 4.4
      vertex 83.4223 146.622 7.5
    endloop
  endfacet
  facet normal -1 0 0
    outer loop
      vertex 83.4223 92.0223 4.4
      vertex 83.4223 146.622 7.5
      vertex 83.4223 97.6223 4.4
    endloop
  endfacet
  facet normal -1 0 0
    outer loop
      vertex 83.4223 8 7.5
      vertex 83.4223 90.5723 2.95
      vertex 83.4223 8 1
    endloop
  endfacet
  facet normal -1 0 0
    outer loop
      vertex 83.4223 90.5723 2.95
      vertex 83.4223 8 7.5
      vertex 83.4223 90.5847 3.13926
    endloop
  endfacet
  facet normal -1 0 0
    outer loop
      vertex 83.4223 90.5847 3.13926
      vertex 83.4223 8 7.5
      vertex 83.4223 90.6217 3.32529
    endloop
  endfacet
  facet normal -1 0 0
    outer loop
      vertex 83.4223 90.6217 3.32529
      vertex 83.4223 8 7.5
      vertex 83.4223 90.6827 3.50489
    endloop
  endfacet
  facet normal -1 0 0
    outer loop
      vertex 83.4223 90.6827 3.50489
      vertex 83.4223 8 7.5
      vertex 83.4223 90.7666 3.675
    endloop
  endfacet
  facet normal -1 0 0
    outer loop
      vertex 83.4223 90.7666 3.675
      vertex 83.4223 8 7.5
      vertex 83.4223 90.8719 3.8327
    endloop
  endfacet
  facet normal -1 0 0
    outer loop
      vertex 83.4223 90.8719 3.8327
      vertex 83.4223 8 7.5
      vertex 83.4223 90.997 3.9753
    endloop
  endfacet
  facet normal -1 0 0
    outer loop
      vertex 83.4223 90.997 3.9753
      vertex 83.4223 8 7.5
      vertex 83.4223 91.1396 4.10036
    endloop
  endfacet
  facet normal -1 0 0
    outer loop
      vertex 83.4223 91.1396 4.10036
      vertex 83.4223 8 7.5
      vertex 83.4223 91.2973 4.20574
    endloop
  endfacet
  facet normal -1 0 0
    outer loop
      vertex 83.4223 91.2973 4.20574
      vertex 83.4223 8 7.5
      vertex 83.4223 91.4674 4.28962
    endloop
  endfacet
  facet normal -1 0 0
    outer loop
      vertex 83.4223 91.4674 4.28962
      vertex 83.4223 8 7.5
      vertex 83.4223 91.647 4.35059
    endloop
  endfacet
  facet normal -1 0 0
    outer loop
      vertex 83.4223 91.647 4.35059
      vertex 83.4223 8 7.5
      vertex 83.4223 91.833 4.38759
    endloop
  endfacet
  facet normal -1 0 0
    outer loop
      vertex 83.4223 91.833 4.38759
      vertex 83.4223 8 7.5
      vertex 83.4223 92.0223 4.4
    endloop
  endfacet
  facet normal -1 0 0
    outer loop
      vertex 83.4223 92.0223 4.4
      vertex 83.4223 8 7.5
      vertex 83.4223 146.622 7.5
    endloop
  endfacet
  facet normal 1 -0 0
    outer loop
      vertex 1 8 7.5
      vertex 1 146.622 1
      vertex 1 146.622 7.5
    endloop
  endfacet
  facet normal 1 0 0
    outer loop
      vertex 1 146.622 1
      vertex 1 8 7.5
      vertex 1 8 1
    endloop
  endfacet
  facet normal 0.0655274 -0.997851 0
    outer loop
      vertex 7.08632 153.562 1
      vertex 8 153.622 7.5
      vertex 7.08632 153.562 7.5
    endloop
  endfacet
  facet normal 0.0655274 -0.997851 0
    outer loop
      vertex 8 153.622 7.5
      vertex 7.08632 153.562 1
      vertex 8 153.622 1
    endloop
  endfacet
  facet normal -0.751855 0.659328 0
    outer loop
      vertex 81.3721 3.05025 1
      vertex 81.9758 3.73867 7.5
      vertex 81.9758 3.73867 1
    endloop
  endfacet
  facet normal -0.751855 0.659328 0
    outer loop
      vertex 81.9758 3.73867 7.5
      vertex 81.3721 3.05025 1
      vertex 81.3721 3.05025 7.5
    endloop
  endfacet
  facet normal -0.98079 -0.195066 0
    outer loop
      vertex 83.3624 147.536 1
      vertex 83.1838 148.434 7.5
      vertex 83.1838 148.434 1
    endloop
  endfacet
  facet normal -0.98079 -0.195066 0
    outer loop
      vertex 83.1838 148.434 7.5
      vertex 83.3624 147.536 1
      vertex 83.3624 147.536 7.5
    endloop
  endfacet
  facet normal 0 -1 0
    outer loop
      vertex 8 153.622 7.5
      vertex 52.7 153.622 4.35
      vertex 76.4223 153.622 7.5
    endloop
  endfacet
  facet normal 0 -1 0
    outer loop
      vertex 8 153.622 7.5
      vertex 52.5564 153.622 4.34059
      vertex 52.7 153.622 4.35
    endloop
  endfacet
  facet normal 0 -1 0
    outer loop
      vertex 8 153.622 7.5
      vertex 52.4153 153.622 4.31252
      vertex 52.5564 153.622 4.34059
    endloop
  endfacet
  facet normal 0 -1 0
    outer loop
      vertex 8 153.622 7.5
      vertex 52.279 153.622 4.26627
      vertex 52.4153 153.622 4.31252
    endloop
  endfacet
  facet normal 0 -1 0
    outer loop
      vertex 8 153.622 7.5
      vertex 52.15 153.622 4.20263
      vertex 52.279 153.622 4.26627
    endloop
  endfacet
  facet normal 0 -1 0
    outer loop
      vertex 8 153.622 7.5
      vertex 52.0304 153.622 4.12269
      vertex 52.15 153.622 4.20263
    endloop
  endfacet
  facet normal 0 -1 0
    outer loop
      vertex 8 153.622 7.5
      vertex 51.9222 153.622 4.02782
      vertex 52.0304 153.622 4.12269
    endloop
  endfacet
  facet normal 0 -1 0
    outer loop
      vertex 8 153.622 7.5
      vertex 51.8273 153.622 3.91964
      vertex 51.9222 153.622 4.02782
    endloop
  endfacet
  facet normal 0 -1 0
    outer loop
      vertex 8 153.622 7.5
      vertex 51.7474 153.622 3.8
      vertex 51.8273 153.622 3.91964
    endloop
  endfacet
  facet normal 0 -1 0
    outer loop
      vertex 8 153.622 7.5
      vertex 51.6837 153.622 3.67095
      vertex 51.7474 153.622 3.8
    endloop
  endfacet
  facet normal 0 -1 0
    outer loop
      vertex 8 153.622 7.5
      vertex 51.6375 153.622 3.5347
      vertex 51.6837 153.622 3.67095
    endloop
  endfacet
  facet normal 0 -1 0
    outer loop
      vertex 8 153.622 7.5
      vertex 51.6094 153.622 3.39358
      vertex 51.6375 153.622 3.5347
    endloop
  endfacet
  facet normal 0 -1 0
    outer loop
      vertex 8 153.622 7.5
      vertex 51.6 153.622 3.25
      vertex 51.6094 153.622 3.39358
    endloop
  endfacet
  facet normal 0 -1 0
    outer loop
      vertex 8 153.622 1
      vertex 51.6 153.622 3.25
      vertex 8 153.622 7.5
    endloop
  endfacet
  facet normal 0 -1 -0
    outer loop
      vertex 51.6 153.622 3.25
      vertex 8 153.622 1
      vertex 51.6094 153.622 3.10642
    endloop
  endfacet
  facet normal 0 -1 -0
    outer loop
      vertex 51.6094 153.622 3.10642
      vertex 8 153.622 1
      vertex 51.6375 153.622 2.9653
    endloop
  endfacet
  facet normal 0 -1 -0
    outer loop
      vertex 51.6375 153.622 2.9653
      vertex 8 153.622 1
      vertex 51.6837 153.622 2.82905
    endloop
  endfacet
  facet normal 0 -1 -0
    outer loop
      vertex 51.6837 153.622 2.82905
      vertex 8 153.622 1
      vertex 51.7474 153.622 2.7
    endloop
  endfacet
  facet normal 0 -1 -0
    outer loop
      vertex 51.7474 153.622 2.7
      vertex 8 153.622 1
      vertex 51.8273 153.622 2.58036
    endloop
  endfacet
  facet normal 0 -1 -0
    outer loop
      vertex 51.8273 153.622 2.58036
      vertex 8 153.622 1
      vertex 51.9222 153.622 2.47218
    endloop
  endfacet
  facet normal 0 -1 -0
    outer loop
      vertex 51.9222 153.622 2.47218
      vertex 8 153.622 1
      vertex 52.0304 153.622 2.37731
    endloop
  endfacet
  facet normal 0 -1 -0
    outer loop
      vertex 52.0304 153.622 2.37731
      vertex 8 153.622 1
      vertex 52.15 153.622 2.29737
    endloop
  endfacet
  facet normal 0 -1 -0
    outer loop
      vertex 52.15 153.622 2.29737
      vertex 8 153.622 1
      vertex 52.279 153.622 2.23373
    endloop
  endfacet
  facet normal 0 -1 -0
    outer loop
      vertex 52.279 153.622 2.23373
      vertex 8 153.622 1
      vertex 52.4153 153.622 2.18748
    endloop
  endfacet
  facet normal 0 -1 -0
    outer loop
      vertex 52.5564 153.622 2.15941
      vertex 8 153.622 1
      vertex 52.7 153.622 2.15
    endloop
  endfacet
  facet normal 0 -1 -0
    outer loop
      vertex 52.4153 153.622 2.18748
      vertex 8 153.622 1
      vertex 52.5564 153.622 2.15941
    endloop
  endfacet
  facet normal 0 -1 0
    outer loop
      vertex 52.8436 153.622 4.34059
      vertex 76.4223 153.622 7.5
      vertex 52.7 153.622 4.35
    endloop
  endfacet
  facet normal 0 -1 0
    outer loop
      vertex 52.9847 153.622 4.31252
      vertex 76.4223 153.622 7.5
      vertex 52.8436 153.622 4.34059
    endloop
  endfacet
  facet normal 0 -1 0
    outer loop
      vertex 53.121 153.622 4.26627
      vertex 76.4223 153.622 7.5
      vertex 52.9847 153.622 4.31252
    endloop
  endfacet
  facet normal 0 -1 0
    outer loop
      vertex 53.25 153.622 4.20263
      vertex 76.4223 153.622 7.5
      vertex 53.121 153.622 4.26627
    endloop
  endfacet
  facet normal 0 -1 0
    outer loop
      vertex 53.3696 153.622 4.12269
      vertex 76.4223 153.622 7.5
      vertex 53.25 153.622 4.20263
    endloop
  endfacet
  facet normal 0 -1 0
    outer loop
      vertex 53.4778 153.622 4.02782
      vertex 76.4223 153.622 7.5
      vertex 53.3696 153.622 4.12269
    endloop
  endfacet
  facet normal 0 -1 0
    outer loop
      vertex 53.5727 153.622 3.91964
      vertex 76.4223 153.622 7.5
      vertex 53.4778 153.622 4.02782
    endloop
  endfacet
  facet normal 0 -1 0
    outer loop
      vertex 53.6526 153.622 3.8
      vertex 76.4223 153.622 7.5
      vertex 53.5727 153.622 3.91964
    endloop
  endfacet
  facet normal 0 -1 0
    outer loop
      vertex 53.7163 153.622 3.67095
      vertex 76.4223 153.622 7.5
      vertex 53.6526 153.622 3.8
    endloop
  endfacet
  facet normal 0 -1 0
    outer loop
      vertex 53.7625 153.622 3.5347
      vertex 76.4223 153.622 7.5
      vertex 53.7163 153.622 3.67095
    endloop
  endfacet
  facet normal 0 -1 0
    outer loop
      vertex 53.7906 153.622 3.39358
      vertex 76.4223 153.622 7.5
      vertex 53.7625 153.622 3.5347
    endloop
  endfacet
  facet normal 0 -1 0
    outer loop
      vertex 76.4223 153.622 1
      vertex 53.7906 153.622 3.39358
      vertex 53.8 153.622 3.25
    endloop
  endfacet
  facet normal 0 -1 0
    outer loop
      vertex 76.4223 153.622 1
      vertex 53.8 153.622 3.25
      vertex 53.7906 153.622 3.10642
    endloop
  endfacet
  facet normal 0 -1 0
    outer loop
      vertex 76.4223 153.622 1
      vertex 53.7906 153.622 3.10642
      vertex 53.7625 153.622 2.9653
    endloop
  endfacet
  facet normal 0 -1 0
    outer loop
      vertex 76.4223 153.622 1
      vertex 53.7625 153.622 2.9653
      vertex 53.7163 153.622 2.82905
    endloop
  endfacet
  facet normal 0 -1 0
    outer loop
      vertex 76.4223 153.622 1
      vertex 53.7163 153.622 2.82905
      vertex 53.6526 153.622 2.7
    endloop
  endfacet
  facet normal 0 -1 0
    outer loop
      vertex 76.4223 153.622 1
      vertex 53.6526 153.622 2.7
      vertex 53.5727 153.622 2.58036
    endloop
  endfacet
  facet normal 0 -1 0
    outer loop
      vertex 76.4223 153.622 1
      vertex 53.5727 153.622 2.58036
      vertex 53.4778 153.622 2.47218
    endloop
  endfacet
  facet normal 0 -1 0
    outer loop
      vertex 76.4223 153.622 1
      vertex 53.4778 153.622 2.47218
      vertex 53.3696 153.622 2.37731
    endloop
  endfacet
  facet normal 0 -1 0
    outer loop
      vertex 76.4223 153.622 1
      vertex 53.3696 153.622 2.37731
      vertex 53.25 153.622 2.29737
    endloop
  endfacet
  facet normal 0 -1 0
    outer loop
      vertex 76.4223 153.622 1
      vertex 53.25 153.622 2.29737
      vertex 53.121 153.622 2.23373
    endloop
  endfacet
  facet normal 0 -1 0
    outer loop
      vertex 76.4223 153.622 1
      vertex 53.121 153.622 2.23373
      vertex 52.9847 153.622 2.18748
    endloop
  endfacet
  facet normal 0 -1 0
    outer loop
      vertex 53.7906 153.622 3.39358
      vertex 76.4223 153.622 1
      vertex 76.4223 153.622 7.5
    endloop
  endfacet
  facet normal 0 -1 0
    outer loop
      vertex 52.8436 153.622 2.15941
      vertex 76.4223 153.622 1
      vertex 52.9847 153.622 2.18748
    endloop
  endfacet
  facet normal 0 -1 0
    outer loop
      vertex 52.7 153.622 2.15
      vertex 76.4223 153.622 1
      vertex 52.8436 153.622 2.15941
    endloop
  endfacet
  facet normal 0 -1 0
    outer loop
      vertex 76.4223 153.622 1
      vertex 52.7 153.622 2.15
      vertex 8 153.622 1
    endloop
  endfacet
  facet normal -0.997859 -0.0653958 0
    outer loop
      vertex 83.4223 146.622 1
      vertex 83.3624 147.536 7.5
      vertex 83.3624 147.536 1
    endloop
  endfacet
  facet normal -0.997859 -0.0653958 0
    outer loop
      vertex 83.3624 147.536 7.5
      vertex 83.4223 146.622 1
      vertex 83.4223 146.622 7.5
    endloop
  endfacet
  facet normal -0.442314 -0.89686 0
    outer loop
      vertex 79.1011 153.089 1
      vertex 79.9223 152.684 7.5
      vertex 79.1011 153.089 7.5
    endloop
  endfacet
  facet normal -0.442314 -0.89686 -0
    outer loop
      vertex 79.9223 152.684 7.5
      vertex 79.1011 153.089 1
      vertex 79.9223 152.684 1
    endloop
  endfacet
  facet normal -0.659297 0.751882 0
    outer loop
      vertex 81.3721 3.05025 1
      vertex 80.6836 2.44653 7.5
      vertex 81.3721 3.05025 7.5
    endloop
  endfacet
  facet normal -0.659297 0.751882 0
    outer loop
      vertex 80.6836 2.44653 7.5
      vertex 81.3721 3.05025 1
      vertex 80.6836 2.44653 1
    endloop
  endfacet
  facet normal -0.55559 0.831457 0
    outer loop
      vertex 80.6836 2.44653 1
      vertex 79.9223 1.93782 7.5
      vertex 80.6836 2.44653 7.5
    endloop
  endfacet
  facet normal -0.55559 0.831457 0
    outer loop
      vertex 79.9223 1.93782 7.5
      vertex 80.6836 2.44653 1
      vertex 79.9223 1.93782 1
    endloop
  endfacet
  facet normal -0.831697 -0.555229 0
    outer loop
      vertex 82.4845 150.122 1
      vertex 81.9758 150.884 7.5
      vertex 81.9758 150.884 1
    endloop
  endfacet
  facet normal -0.831697 -0.555229 0
    outer loop
      vertex 81.9758 150.884 7.5
      vertex 82.4845 150.122 1
      vertex 82.4845 150.122 7.5
    endloop
  endfacet
  facet normal 0 1 0
    outer loop
      vertex 69.7876 1 4.89572
      vertex 76.4223 1 7.5
      vertex 71.657 1 4.89572
    endloop
  endfacet
  facet normal 0 1 0
    outer loop
      vertex 76.4223 1 7.5
      vertex 69.7876 1 4.89572
      vertex 69.7223 1 4.9
    endloop
  endfacet
  facet normal 0 1 -0
    outer loop
      vertex 71.5929 1 4.88296
      vertex 69.7876 1 4.89572
      vertex 71.657 1 4.89572
    endloop
  endfacet
  facet normal 0 1 0
    outer loop
      vertex 71.5929 1 4.88296
      vertex 69.8517 1 4.88296
      vertex 69.7876 1 4.89572
    endloop
  endfacet
  facet normal 0 1 -0
    outer loop
      vertex 71.531 1 4.86194
      vertex 69.8517 1 4.88296
      vertex 71.5929 1 4.88296
    endloop
  endfacet
  facet normal 0 1 0
    outer loop
      vertex 71.531 1 4.86194
      vertex 69.9137 1 4.86194
      vertex 69.8517 1 4.88296
    endloop
  endfacet
  facet normal 0 1 -0
    outer loop
      vertex 71.4723 1 4.83301
      vertex 69.9137 1 4.86194
      vertex 71.531 1 4.86194
    endloop
  endfacet
  facet normal 0 1 0
    outer loop
      vertex 71.4723 1 4.83301
      vertex 69.9723 1 4.83301
      vertex 69.9137 1 4.86194
    endloop
  endfacet
  facet normal 0 1 -0
    outer loop
      vertex 71.4179 1 4.79668
      vertex 69.9723 1 4.83301
      vertex 71.4723 1 4.83301
    endloop
  endfacet
  facet normal 0 1 0
    outer loop
      vertex 71.4179 1 4.79668
      vertex 70.0267 1 4.79668
      vertex 69.9723 1 4.83301
    endloop
  endfacet
  facet normal 0 1 -0
    outer loop
      vertex 71.3688 1 4.75355
      vertex 70.0267 1 4.79668
      vertex 71.4179 1 4.79668
    endloop
  endfacet
  facet normal 0 1 0
    outer loop
      vertex 71.3688 1 4.75355
      vertex 70.0759 1 4.75355
      vertex 70.0267 1 4.79668
    endloop
  endfacet
  facet normal 0 1 -0
    outer loop
      vertex 71.3256 1 4.70438
      vertex 70.0759 1 4.75355
      vertex 71.3688 1 4.75355
    endloop
  endfacet
  facet normal 0 1 0
    outer loop
      vertex 71.3256 1 4.70438
      vertex 70.119 1 4.70438
      vertex 70.0759 1 4.75355
    endloop
  endfacet
  facet normal 0 1 -0
    outer loop
      vertex 71.2893 1 4.65
      vertex 70.119 1 4.70438
      vertex 71.3256 1 4.70438
    endloop
  endfacet
  facet normal 0 1 0
    outer loop
      vertex 71.2893 1 4.65
      vertex 70.1553 1 4.65
      vertex 70.119 1 4.70438
    endloop
  endfacet
  facet normal 0 1 -0
    outer loop
      vertex 71.2604 1 4.59134
      vertex 70.1553 1 4.65
      vertex 71.2893 1 4.65
    endloop
  endfacet
  facet normal 0 1 0
    outer loop
      vertex 71.2604 1 4.59134
      vertex 70.1842 1 4.59134
      vertex 70.1553 1 4.65
    endloop
  endfacet
  facet normal 0 1 -0
    outer loop
      vertex 71.2393 1 4.52941
      vertex 70.1842 1 4.59134
      vertex 71.2604 1 4.59134
    endloop
  endfacet
  facet normal 0 1 0
    outer loop
      vertex 71.2393 1 4.52941
      vertex 70.2053 1 4.52941
      vertex 70.1842 1 4.59134
    endloop
  endfacet
  facet normal 0 1 -0
    outer loop
      vertex 71.2266 1 4.46526
      vertex 70.2053 1 4.52941
      vertex 71.2393 1 4.52941
    endloop
  endfacet
  facet normal 0 1 0
    outer loop
      vertex 71.2266 1 4.46526
      vertex 70.218 1 4.46526
      vertex 70.2053 1 4.52941
    endloop
  endfacet
  facet normal 0 1 -0
    outer loop
      vertex 71.2223 1 4.4
      vertex 70.218 1 4.46526
      vertex 71.2266 1 4.46526
    endloop
  endfacet
  facet normal 0 1 0
    outer loop
      vertex 71.2223 1 4.4
      vertex 70.2223 1 4.4
      vertex 70.218 1 4.46526
    endloop
  endfacet
  facet normal 0 1 0
    outer loop
      vertex 71.2266 1 4.33474
      vertex 70.2223 1 4.4
      vertex 71.2223 1 4.4
    endloop
  endfacet
  facet normal 0 1 0
    outer loop
      vertex 71.2266 1 4.33474
      vertex 70.218 1 4.33474
      vertex 70.2223 1 4.4
    endloop
  endfacet
  facet normal 0 1 0
    outer loop
      vertex 71.2393 1 4.27059
      vertex 70.218 1 4.33474
      vertex 71.2266 1 4.33474
    endloop
  endfacet
  facet normal 0 1 0
    outer loop
      vertex 71.2393 1 4.27059
      vertex 70.2053 1 4.27059
      vertex 70.218 1 4.33474
    endloop
  endfacet
  facet normal 0 1 0
    outer loop
      vertex 71.2604 1 4.20866
      vertex 70.2053 1 4.27059
      vertex 71.2393 1 4.27059
    endloop
  endfacet
  facet normal 0 1 0
    outer loop
      vertex 71.2604 1 4.20866
      vertex 70.1842 1 4.20866
      vertex 70.2053 1 4.27059
    endloop
  endfacet
  facet normal 0 1 0
    outer loop
      vertex 71.2893 1 4.15
      vertex 70.1842 1 4.20866
      vertex 71.2604 1 4.20866
    endloop
  endfacet
  facet normal 0 1 0
    outer loop
      vertex 71.2893 1 4.15
      vertex 70.1553 1 4.15
      vertex 70.1842 1 4.20866
    endloop
  endfacet
  facet normal 0 1 0
    outer loop
      vertex 71.3256 1 4.09562
      vertex 70.1553 1 4.15
      vertex 71.2893 1 4.15
    endloop
  endfacet
  facet normal 0 1 0
    outer loop
      vertex 71.3256 1 4.09562
      vertex 70.119 1 4.09562
      vertex 70.1553 1 4.15
    endloop
  endfacet
  facet normal 0 1 0
    outer loop
      vertex 71.3688 1 4.04645
      vertex 70.119 1 4.09562
      vertex 71.3256 1 4.09562
    endloop
  endfacet
  facet normal 0 1 0
    outer loop
      vertex 71.3688 1 4.04645
      vertex 70.0759 1 4.04645
      vertex 70.119 1 4.09562
    endloop
  endfacet
  facet normal 0 1 0
    outer loop
      vertex 71.4179 1 4.00332
      vertex 70.0759 1 4.04645
      vertex 71.3688 1 4.04645
    endloop
  endfacet
  facet normal 0 1 0
    outer loop
      vertex 71.4179 1 4.00332
      vertex 70.0267 1 4.00332
      vertex 70.0759 1 4.04645
    endloop
  endfacet
  facet normal 0 1 0
    outer loop
      vertex 71.4723 1 3.96699
      vertex 70.0267 1 4.00332
      vertex 71.4179 1 4.00332
    endloop
  endfacet
  facet normal 0 1 0
    outer loop
      vertex 71.4723 1 3.96699
      vertex 69.9723 1 3.96699
      vertex 70.0267 1 4.00332
    endloop
  endfacet
  facet normal 0 1 0
    outer loop
      vertex 71.531 1 3.93806
      vertex 69.9723 1 3.96699
      vertex 71.4723 1 3.96699
    endloop
  endfacet
  facet normal 0 1 0
    outer loop
      vertex 71.531 1 3.93806
      vertex 69.9137 1 3.93806
      vertex 69.9723 1 3.96699
    endloop
  endfacet
  facet normal 0 1 0
    outer loop
      vertex 71.5929 1 3.91704
      vertex 69.9137 1 3.93806
      vertex 71.531 1 3.93806
    endloop
  endfacet
  facet normal 0 1 0
    outer loop
      vertex 71.5929 1 3.91704
      vertex 69.8517 1 3.91704
      vertex 69.9137 1 3.93806
    endloop
  endfacet
  facet normal 0 1 0
    outer loop
      vertex 71.657 1 3.90428
      vertex 69.8517 1 3.91704
      vertex 71.5929 1 3.91704
    endloop
  endfacet
  facet normal 0 1 0
    outer loop
      vertex 71.657 1 3.90428
      vertex 69.7876 1 3.90428
      vertex 69.8517 1 3.91704
    endloop
  endfacet
  facet normal 0 1 0
    outer loop
      vertex 76.4223 1 1
      vertex 71.657 1 3.90428
      vertex 71.7223 1 3.9
    endloop
  endfacet
  facet normal 0 1 0
    outer loop
      vertex 71.657 1 3.90428
      vertex 76.4223 1 1
      vertex 69.7876 1 3.90428
    endloop
  endfacet
  facet normal 0 1 0
    outer loop
      vertex 73.5929 1 4.88296
      vertex 76.4223 1 7.5
      vertex 73.657 1 4.89572
    endloop
  endfacet
  facet normal 0 1 0
    outer loop
      vertex 76.4223 1 7.5
      vertex 71.7876 1 4.89572
      vertex 71.7223 1 4.9
    endloop
  endfacet
  facet normal 0 1 0
    outer loop
      vertex 71.8517 1 4.88296
      vertex 76.4223 1 7.5
      vertex 73.5929 1 4.88296
    endloop
  endfacet
  facet normal 0 1 0
    outer loop
      vertex 76.4223 1 7.5
      vertex 71.8517 1 4.88296
      vertex 71.7876 1 4.89572
    endloop
  endfacet
  facet normal 0 1 -0
    outer loop
      vertex 73.531 1 4.86194
      vertex 71.8517 1 4.88296
      vertex 73.5929 1 4.88296
    endloop
  endfacet
  facet normal 0 1 0
    outer loop
      vertex 73.531 1 4.86194
      vertex 71.9137 1 4.86194
      vertex 71.8517 1 4.88296
    endloop
  endfacet
  facet normal 0 1 -0
    outer loop
      vertex 73.4723 1 4.83301
      vertex 71.9137 1 4.86194
      vertex 73.531 1 4.86194
    endloop
  endfacet
  facet normal 0 1 0
    outer loop
      vertex 73.4723 1 4.83301
      vertex 71.9723 1 4.83301
      vertex 71.9137 1 4.86194
    endloop
  endfacet
  facet normal 0 1 -0
    outer loop
      vertex 73.4179 1 4.79668
      vertex 71.9723 1 4.83301
      vertex 73.4723 1 4.83301
    endloop
  endfacet
  facet normal 0 1 0
    outer loop
      vertex 73.4179 1 4.79668
      vertex 72.0267 1 4.79668
      vertex 71.9723 1 4.83301
    endloop
  endfacet
  facet normal 0 1 -0
    outer loop
      vertex 73.3688 1 4.75355
      vertex 72.0267 1 4.79668
      vertex 73.4179 1 4.79668
    endloop
  endfacet
  facet normal 0 1 0
    outer loop
      vertex 73.3688 1 4.75355
      vertex 72.0759 1 4.75355
      vertex 72.0267 1 4.79668
    endloop
  endfacet
  facet normal 0 1 -0
    outer loop
      vertex 73.3256 1 4.70438
      vertex 72.0759 1 4.75355
      vertex 73.3688 1 4.75355
    endloop
  endfacet
  facet normal 0 1 0
    outer loop
      vertex 73.3256 1 4.70438
      vertex 72.119 1 4.70438
      vertex 72.0759 1 4.75355
    endloop
  endfacet
  facet normal 0 1 -0
    outer loop
      vertex 73.2893 1 4.65
      vertex 72.119 1 4.70438
      vertex 73.3256 1 4.70438
    endloop
  endfacet
  facet normal 0 1 0
    outer loop
      vertex 73.2893 1 4.65
      vertex 72.1553 1 4.65
      vertex 72.119 1 4.70438
    endloop
  endfacet
  facet normal 0 1 -0
    outer loop
      vertex 73.2604 1 4.59134
      vertex 72.1553 1 4.65
      vertex 73.2893 1 4.65
    endloop
  endfacet
  facet normal 0 1 0
    outer loop
      vertex 73.2604 1 4.59134
      vertex 72.1842 1 4.59134
      vertex 72.1553 1 4.65
    endloop
  endfacet
  facet normal 0 1 -0
    outer loop
      vertex 73.2393 1 4.52941
      vertex 72.1842 1 4.59134
      vertex 73.2604 1 4.59134
    endloop
  endfacet
  facet normal 0 1 0
    outer loop
      vertex 73.2393 1 4.52941
      vertex 72.2053 1 4.52941
      vertex 72.1842 1 4.59134
    endloop
  endfacet
  facet normal 0 1 -0
    outer loop
      vertex 73.2266 1 4.46526
      vertex 72.2053 1 4.52941
      vertex 73.2393 1 4.52941
    endloop
  endfacet
  facet normal 0 1 0
    outer loop
      vertex 73.2266 1 4.46526
      vertex 72.218 1 4.46526
      vertex 72.2053 1 4.52941
    endloop
  endfacet
  facet normal 0 1 -0
    outer loop
      vertex 73.2223 1 4.4
      vertex 72.218 1 4.46526
      vertex 73.2266 1 4.46526
    endloop
  endfacet
  facet normal 0 1 0
    outer loop
      vertex 73.2223 1 4.4
      vertex 72.2223 1 4.4
      vertex 72.218 1 4.46526
    endloop
  endfacet
  facet normal 0 1 0
    outer loop
      vertex 73.2266 1 4.33474
      vertex 72.2223 1 4.4
      vertex 73.2223 1 4.4
    endloop
  endfacet
  facet normal 0 1 0
    outer loop
      vertex 73.2266 1 4.33474
      vertex 72.218 1 4.33474
      vertex 72.2223 1 4.4
    endloop
  endfacet
  facet normal 0 1 0
    outer loop
      vertex 73.2393 1 4.27059
      vertex 72.218 1 4.33474
      vertex 73.2266 1 4.33474
    endloop
  endfacet
  facet normal 0 1 0
    outer loop
      vertex 73.2393 1 4.27059
      vertex 72.2053 1 4.27059
      vertex 72.218 1 4.33474
    endloop
  endfacet
  facet normal 0 1 0
    outer loop
      vertex 73.2604 1 4.20866
      vertex 72.2053 1 4.27059
      vertex 73.2393 1 4.27059
    endloop
  endfacet
  facet normal 0 1 0
    outer loop
      vertex 73.2604 1 4.20866
      vertex 72.1842 1 4.20866
      vertex 72.2053 1 4.27059
    endloop
  endfacet
  facet normal 0 1 0
    outer loop
      vertex 73.2893 1 4.15
      vertex 72.1842 1 4.20866
      vertex 73.2604 1 4.20866
    endloop
  endfacet
  facet normal 0 1 0
    outer loop
      vertex 73.2893 1 4.15
      vertex 72.1553 1 4.15
      vertex 72.1842 1 4.20866
    endloop
  endfacet
  facet normal 0 1 0
    outer loop
      vertex 73.3256 1 4.09562
      vertex 72.1553 1 4.15
      vertex 73.2893 1 4.15
    endloop
  endfacet
  facet normal 0 1 0
    outer loop
      vertex 73.3256 1 4.09562
      vertex 72.119 1 4.09562
      vertex 72.1553 1 4.15
    endloop
  endfacet
  facet normal 0 1 0
    outer loop
      vertex 73.3688 1 4.04645
      vertex 72.119 1 4.09562
      vertex 73.3256 1 4.09562
    endloop
  endfacet
  facet normal 0 1 0
    outer loop
      vertex 73.3688 1 4.04645
      vertex 72.0759 1 4.04645
      vertex 72.119 1 4.09562
    endloop
  endfacet
  facet normal 0 1 0
    outer loop
      vertex 73.4179 1 4.00332
      vertex 72.0759 1 4.04645
      vertex 73.3688 1 4.04645
    endloop
  endfacet
  facet normal 0 1 0
    outer loop
      vertex 73.4179 1 4.00332
      vertex 72.0267 1 4.00332
      vertex 72.0759 1 4.04645
    endloop
  endfacet
  facet normal 0 1 0
    outer loop
      vertex 73.4723 1 3.96699
      vertex 72.0267 1 4.00332
      vertex 73.4179 1 4.00332
    endloop
  endfacet
  facet normal 0 1 0
    outer loop
      vertex 73.4723 1 3.96699
      vertex 71.9723 1 3.96699
      vertex 72.0267 1 4.00332
    endloop
  endfacet
  facet normal 0 1 0
    outer loop
      vertex 73.531 1 3.93806
      vertex 71.9723 1 3.96699
      vertex 73.4723 1 3.96699
    endloop
  endfacet
  facet normal 0 1 0
    outer loop
      vertex 73.531 1 3.93806
      vertex 71.9137 1 3.93806
      vertex 71.9723 1 3.96699
    endloop
  endfacet
  facet normal 0 1 0
    outer loop
      vertex 73.5929 1 3.91704
      vertex 71.9137 1 3.93806
      vertex 73.531 1 3.93806
    endloop
  endfacet
  facet normal 0 1 0
    outer loop
      vertex 73.5929 1 3.91704
      vertex 71.8517 1 3.91704
      vertex 71.9137 1 3.93806
    endloop
  endfacet
  facet normal 0 1 0
    outer loop
      vertex 76.4223 1 1
      vertex 73.5929 1 3.91704
      vertex 73.657 1 3.90428
    endloop
  endfacet
  facet normal 0 1 0
    outer loop
      vertex 73.5929 1 3.91704
      vertex 76.4223 1 1
      vertex 71.8517 1 3.91704
    endloop
  endfacet
  facet normal 0 1 0
    outer loop
      vertex 76.4223 1 1
      vertex 73.657 1 3.90428
      vertex 73.7223 1 3.9
    endloop
  endfacet
  facet normal 0 1 0
    outer loop
      vertex 71.8517 1 3.91704
      vertex 76.4223 1 1
      vertex 71.7876 1 3.90428
    endloop
  endfacet
  facet normal 0 1 0
    outer loop
      vertex 75.5929 1 4.88296
      vertex 76.4223 1 7.5
      vertex 75.657 1 4.89572
    endloop
  endfacet
  facet normal 0 1 0
    outer loop
      vertex 76.4223 1 7.5
      vertex 73.7876 1 4.89572
      vertex 73.7223 1 4.9
    endloop
  endfacet
  facet normal 0 1 0
    outer loop
      vertex 75.531 1 4.86194
      vertex 76.4223 1 7.5
      vertex 75.5929 1 4.88296
    endloop
  endfacet
  facet normal 0 1 0
    outer loop
      vertex 76.4223 1 7.5
      vertex 73.8517 1 4.88296
      vertex 73.7876 1 4.89572
    endloop
  endfacet
  facet normal 0 1 0
    outer loop
      vertex 73.9137 1 4.86194
      vertex 76.4223 1 7.5
      vertex 75.531 1 4.86194
    endloop
  endfacet
  facet normal 0 1 0
    outer loop
      vertex 76.4223 1 7.5
      vertex 73.9137 1 4.86194
      vertex 73.8517 1 4.88296
    endloop
  endfacet
  facet normal 0 1 -0
    outer loop
      vertex 75.4723 1 4.83301
      vertex 73.9137 1 4.86194
      vertex 75.531 1 4.86194
    endloop
  endfacet
  facet normal 0 1 0
    outer loop
      vertex 75.4723 1 4.83301
      vertex 73.9723 1 4.83301
      vertex 73.9137 1 4.86194
    endloop
  endfacet
  facet normal 0 1 -0
    outer loop
      vertex 75.4179 1 4.79668
      vertex 73.9723 1 4.83301
      vertex 75.4723 1 4.83301
    endloop
  endfacet
  facet normal 0 1 0
    outer loop
      vertex 75.4179 1 4.79668
      vertex 74.0267 1 4.79668
      vertex 73.9723 1 4.83301
    endloop
  endfacet
  facet normal 0 1 -0
    outer loop
      vertex 75.3688 1 4.75355
      vertex 74.0267 1 4.79668
      vertex 75.4179 1 4.79668
    endloop
  endfacet
  facet normal 0 1 0
    outer loop
      vertex 75.3688 1 4.75355
      vertex 74.0759 1 4.75355
      vertex 74.0267 1 4.79668
    endloop
  endfacet
  facet normal 0 1 -0
    outer loop
      vertex 75.3256 1 4.70438
      vertex 74.0759 1 4.75355
      vertex 75.3688 1 4.75355
    endloop
  endfacet
  facet normal 0 1 0
    outer loop
      vertex 75.3256 1 4.70438
      vertex 74.119 1 4.70438
      vertex 74.0759 1 4.75355
    endloop
  endfacet
  facet normal 0 1 -0
    outer loop
      vertex 75.2893 1 4.65
      vertex 74.119 1 4.70438
      vertex 75.3256 1 4.70438
    endloop
  endfacet
  facet normal 0 1 0
    outer loop
      vertex 75.2893 1 4.65
      vertex 74.1553 1 4.65
      vertex 74.119 1 4.70438
    endloop
  endfacet
  facet normal 0 1 -0
    outer loop
      vertex 75.2604 1 4.59134
      vertex 74.1553 1 4.65
      vertex 75.2893 1 4.65
    endloop
  endfacet
  facet normal 0 1 0
    outer loop
      vertex 75.2604 1 4.59134
      vertex 74.1842 1 4.59134
      vertex 74.1553 1 4.65
    endloop
  endfacet
  facet normal 0 1 -0
    outer loop
      vertex 75.2393 1 4.52941
      vertex 74.1842 1 4.59134
      vertex 75.2604 1 4.59134
    endloop
  endfacet
  facet normal 0 1 0
    outer loop
      vertex 75.2393 1 4.52941
      vertex 74.2053 1 4.52941
      vertex 74.1842 1 4.59134
    endloop
  endfacet
  facet normal 0 1 -0
    outer loop
      vertex 75.2266 1 4.46526
      vertex 74.2053 1 4.52941
      vertex 75.2393 1 4.52941
    endloop
  endfacet
  facet normal 0 1 0
    outer loop
      vertex 75.2266 1 4.46526
      vertex 74.218 1 4.46526
      vertex 74.2053 1 4.52941
    endloop
  endfacet
  facet normal 0 1 -0
    outer loop
      vertex 75.2223 1 4.4
      vertex 74.218 1 4.46526
      vertex 75.2266 1 4.46526
    endloop
  endfacet
  facet normal 0 1 0
    outer loop
      vertex 75.2223 1 4.4
      vertex 74.2223 1 4.4
      vertex 74.218 1 4.46526
    endloop
  endfacet
  facet normal 0 1 0
    outer loop
      vertex 75.2266 1 4.33474
      vertex 74.2223 1 4.4
      vertex 75.2223 1 4.4
    endloop
  endfacet
  facet normal 0 1 0
    outer loop
      vertex 75.2266 1 4.33474
      vertex 74.218 1 4.33474
      vertex 74.2223 1 4.4
    endloop
  endfacet
  facet normal 0 1 0
    outer loop
      vertex 75.2393 1 4.27059
      vertex 74.218 1 4.33474
      vertex 75.2266 1 4.33474
    endloop
  endfacet
  facet normal 0 1 0
    outer loop
      vertex 75.2393 1 4.27059
      vertex 74.2053 1 4.27059
      vertex 74.218 1 4.33474
    endloop
  endfacet
  facet normal 0 1 0
    outer loop
      vertex 75.2604 1 4.20866
      vertex 74.2053 1 4.27059
      vertex 75.2393 1 4.27059
    endloop
  endfacet
  facet normal 0 1 0
    outer loop
      vertex 75.2604 1 4.20866
      vertex 74.1842 1 4.20866
      vertex 74.2053 1 4.27059
    endloop
  endfacet
  facet normal 0 1 0
    outer loop
      vertex 75.2893 1 4.15
      vertex 74.1842 1 4.20866
      vertex 75.2604 1 4.20866
    endloop
  endfacet
  facet normal 0 1 0
    outer loop
      vertex 75.2893 1 4.15
      vertex 74.1553 1 4.15
      vertex 74.1842 1 4.20866
    endloop
  endfacet
  facet normal 0 1 0
    outer loop
      vertex 75.3256 1 4.09562
      vertex 74.1553 1 4.15
      vertex 75.2893 1 4.15
    endloop
  endfacet
  facet normal 0 1 0
    outer loop
      vertex 75.3256 1 4.09562
      vertex 74.119 1 4.09562
      vertex 74.1553 1 4.15
    endloop
  endfacet
  facet normal 0 1 0
    outer loop
      vertex 75.3688 1 4.04645
      vertex 74.119 1 4.09562
      vertex 75.3256 1 4.09562
    endloop
  endfacet
  facet normal 0 1 0
    outer loop
      vertex 75.3688 1 4.04645
      vertex 74.0759 1 4.04645
      vertex 74.119 1 4.09562
    endloop
  endfacet
  facet normal 0 1 0
    outer loop
      vertex 75.4179 1 4.00332
      vertex 74.0759 1 4.04645
      vertex 75.3688 1 4.04645
    endloop
  endfacet
  facet normal 0 1 0
    outer loop
      vertex 75.4179 1 4.00332
      vertex 74.0267 1 4.00332
      vertex 74.0759 1 4.04645
    endloop
  endfacet
  facet normal 0 1 0
    outer loop
      vertex 75.4723 1 3.96699
      vertex 74.0267 1 4.00332
      vertex 75.4179 1 4.00332
    endloop
  endfacet
  facet normal 0 1 0
    outer loop
      vertex 75.4723 1 3.96699
      vertex 73.9723 1 3.96699
      vertex 74.0267 1 4.00332
    endloop
  endfacet
  facet normal 0 1 0
    outer loop
      vertex 75.531 1 3.93806
      vertex 73.9723 1 3.96699
      vertex 75.4723 1 3.96699
    endloop
  endfacet
  facet normal 0 1 0
    outer loop
      vertex 75.531 1 3.93806
      vertex 73.9137 1 3.93806
      vertex 73.9723 1 3.96699
    endloop
  endfacet
  facet normal 0 1 0
    outer loop
      vertex 76.4223 1 1
      vertex 75.531 1 3.93806
      vertex 75.5929 1 3.91704
    endloop
  endfacet
  facet normal 0 1 0
    outer loop
      vertex 75.531 1 3.93806
      vertex 76.4223 1 1
      vertex 73.9137 1 3.93806
    endloop
  endfacet
  facet normal 0 1 0
    outer loop
      vertex 76.4223 1 1
      vertex 75.5929 1 3.91704
      vertex 75.657 1 3.90428
    endloop
  endfacet
  facet normal 0 1 0
    outer loop
      vertex 73.9137 1 3.93806
      vertex 76.4223 1 1
      vertex 73.8517 1 3.91704
    endloop
  endfacet
  facet normal 0 1 0
    outer loop
      vertex 76.4223 1 1
      vertex 75.657 1 3.90428
      vertex 75.7223 1 3.9
    endloop
  endfacet
  facet normal 0 1 0
    outer loop
      vertex 73.8517 1 3.91704
      vertex 76.4223 1 1
      vertex 73.7876 1 3.90428
    endloop
  endfacet
  facet normal 0 1 0
    outer loop
      vertex 76.4223 1 7.5
      vertex 46.7112 1 6.05
      vertex 8 1 7.5
    endloop
  endfacet
  facet normal 0 1 -0
    outer loop
      vertex 48.9834 1 5.79658
      vertex 46.7112 1 6.05
      vertex 76.4223 1 7.5
    endloop
  endfacet
  facet normal 0 1 0
    outer loop
      vertex 46.7112 1 6.05
      vertex 48.9834 1 5.79658
      vertex 48.9312 1 5.8
    endloop
  endfacet
  facet normal 0 1 0
    outer loop
      vertex 76.4223 1 7.5
      vertex 49.0347 1 5.78637
      vertex 48.9834 1 5.79658
    endloop
  endfacet
  facet normal 0 1 0
    outer loop
      vertex 76.4223 1 7.5
      vertex 49.0842 1 5.76955
      vertex 49.0347 1 5.78637
    endloop
  endfacet
  facet normal 0 1 -0
    outer loop
      vertex 69.5929 1 4.88296
      vertex 49.0842 1 5.76955
      vertex 76.4223 1 7.5
    endloop
  endfacet
  facet normal 0 1 -0
    outer loop
      vertex 69.531 1 4.86194
      vertex 49.0842 1 5.76955
      vertex 69.5929 1 4.88296
    endloop
  endfacet
  facet normal 0 1 0
    outer loop
      vertex 49.0842 1 5.76955
      vertex 69.531 1 4.86194
      vertex 49.1312 1 5.74641
    endloop
  endfacet
  facet normal 0 1 -0
    outer loop
      vertex 69.4723 1 4.83301
      vertex 49.1312 1 5.74641
      vertex 69.531 1 4.86194
    endloop
  endfacet
  facet normal 0 1 0
    outer loop
      vertex 49.1312 1 5.74641
      vertex 69.4723 1 4.83301
      vertex 49.1747 1 5.71734
    endloop
  endfacet
  facet normal 0 1 -0
    outer loop
      vertex 69.4179 1 4.79668
      vertex 49.1747 1 5.71734
      vertex 69.4723 1 4.83301
    endloop
  endfacet
  facet normal 0 1 0
    outer loop
      vertex 49.1747 1 5.71734
      vertex 69.4179 1 4.79668
      vertex 49.214 1 5.68284
    endloop
  endfacet
  facet normal 0 1 -0
    outer loop
      vertex 69.3688 1 4.75355
      vertex 49.214 1 5.68284
      vertex 69.4179 1 4.79668
    endloop
  endfacet
  facet normal 0 1 0
    outer loop
      vertex 49.214 1 5.68284
      vertex 69.3688 1 4.75355
      vertex 49.2485 1 5.64351
    endloop
  endfacet
  facet normal 0 1 -0
    outer loop
      vertex 69.3256 1 4.70438
      vertex 49.2485 1 5.64351
      vertex 69.3688 1 4.75355
    endloop
  endfacet
  facet normal 0 1 0
    outer loop
      vertex 49.2485 1 5.64351
      vertex 69.3256 1 4.70438
      vertex 49.2776 1 5.6
    endloop
  endfacet
  facet normal 0 1 -0
    outer loop
      vertex 69.2893 1 4.65
      vertex 49.2776 1 5.6
      vertex 69.3256 1 4.70438
    endloop
  endfacet
  facet normal 0 1 0
    outer loop
      vertex 49.2776 1 5.6
      vertex 69.2893 1 4.65
      vertex 49.3007 1 5.55307
    endloop
  endfacet
  facet normal 0 1 -0
    outer loop
      vertex 69.2604 1 4.59134
      vertex 49.3007 1 5.55307
      vertex 69.2893 1 4.65
    endloop
  endfacet
  facet normal 0 1 0
    outer loop
      vertex 49.3007 1 5.55307
      vertex 69.2604 1 4.59134
      vertex 49.3175 1 5.50353
    endloop
  endfacet
  facet normal 0 1 -0
    outer loop
      vertex 69.2393 1 4.52941
      vertex 49.3175 1 5.50353
      vertex 69.2604 1 4.59134
    endloop
  endfacet
  facet normal 0 1 0
    outer loop
      vertex 49.3175 1 5.50353
      vertex 69.2393 1 4.52941
      vertex 49.3277 1 5.45221
    endloop
  endfacet
  facet normal 0 1 -0
    outer loop
      vertex 69.2266 1 4.46526
      vertex 49.3277 1 5.45221
      vertex 69.2393 1 4.52941
    endloop
  endfacet
  facet normal 0 1 0
    outer loop
      vertex 49.3277 1 5.45221
      vertex 69.2266 1 4.46526
      vertex 49.3312 1 5.4
    endloop
  endfacet
  facet normal 0 1 -0
    outer loop
      vertex 69.2223 1 4.4
      vertex 49.3312 1 5.4
      vertex 69.2266 1 4.46526
    endloop
  endfacet
  facet normal 0 1 0
    outer loop
      vertex 73.657 1 4.89572
      vertex 76.4223 1 7.5
      vertex 73.7223 1 4.9
    endloop
  endfacet
  facet normal 0 1 0
    outer loop
      vertex 75.657 1 4.89572
      vertex 76.4223 1 7.5
      vertex 75.7223 1 4.9
    endloop
  endfacet
  facet normal 0 1 0
    outer loop
      vertex 76.4223 1 7.5
      vertex 75.7876 1 4.89572
      vertex 75.7223 1 4.9
    endloop
  endfacet
  facet normal 0 1 0
    outer loop
      vertex 76.4223 1 7.5
      vertex 75.8517 1 4.88296
      vertex 75.7876 1 4.89572
    endloop
  endfacet
  facet normal 0 1 0
    outer loop
      vertex 76.4223 1 7.5
      vertex 75.9137 1 4.86194
      vertex 75.8517 1 4.88296
    endloop
  endfacet
  facet normal 0 1 0
    outer loop
      vertex 76.4223 1 7.5
      vertex 75.9723 1 4.83301
      vertex 75.9137 1 4.86194
    endloop
  endfacet
  facet normal 0 1 0
    outer loop
      vertex 76.4223 1 7.5
      vertex 76.0267 1 4.79668
      vertex 75.9723 1 4.83301
    endloop
  endfacet
  facet normal 0 1 0
    outer loop
      vertex 76.4223 1 7.5
      vertex 76.0759 1 4.75355
      vertex 76.0267 1 4.79668
    endloop
  endfacet
  facet normal 0 1 0
    outer loop
      vertex 76.4223 1 7.5
      vertex 76.119 1 4.70438
      vertex 76.0759 1 4.75355
    endloop
  endfacet
  facet normal 0 1 0
    outer loop
      vertex 76.4223 1 7.5
      vertex 76.1553 1 4.65
      vertex 76.119 1 4.70438
    endloop
  endfacet
  facet normal 0 1 0
    outer loop
      vertex 76.4223 1 7.5
      vertex 76.1842 1 4.59134
      vertex 76.1553 1 4.65
    endloop
  endfacet
  facet normal 0 1 0
    outer loop
      vertex 76.4223 1 7.5
      vertex 76.2053 1 4.52941
      vertex 76.1842 1 4.59134
    endloop
  endfacet
  facet normal 0 1 0
    outer loop
      vertex 76.4223 1 7.5
      vertex 76.218 1 4.46526
      vertex 76.2053 1 4.52941
    endloop
  endfacet
  facet normal 0 1 0
    outer loop
      vertex 76.4223 1 7.5
      vertex 76.2223 1 4.4
      vertex 76.218 1 4.46526
    endloop
  endfacet
  facet normal 0 1 0
    outer loop
      vertex 73.7876 1 3.90428
      vertex 76.4223 1 1
      vertex 73.7223 1 3.9
    endloop
  endfacet
  facet normal 0 1 0
    outer loop
      vertex 71.7876 1 3.90428
      vertex 76.4223 1 1
      vertex 71.7223 1 3.9
    endloop
  endfacet
  facet normal 0 1 0
    outer loop
      vertex 69.7876 1 3.90428
      vertex 76.4223 1 1
      vertex 69.7223 1 3.9
    endloop
  endfacet
  facet normal 0 1 0
    outer loop
      vertex 46.7112 1 2.55
      vertex 76.4223 1 1
      vertex 37.7112 1 2.55
    endloop
  endfacet
  facet normal 0 1 0
    outer loop
      vertex 69.7223 1 3.9
      vertex 76.4223 1 1
      vertex 46.7112 1 2.55
    endloop
  endfacet
  facet normal 0 1 0
    outer loop
      vertex 75.7876 1 3.90428
      vertex 76.4223 1 1
      vertex 75.7223 1 3.9
    endloop
  endfacet
  facet normal 0 1 0
    outer loop
      vertex 75.8517 1 3.91704
      vertex 76.4223 1 1
      vertex 75.7876 1 3.90428
    endloop
  endfacet
  facet normal 0 1 0
    outer loop
      vertex 75.9137 1 3.93806
      vertex 76.4223 1 1
      vertex 75.8517 1 3.91704
    endloop
  endfacet
  facet normal 0 1 0
    outer loop
      vertex 75.9723 1 3.96699
      vertex 76.4223 1 1
      vertex 75.9137 1 3.93806
    endloop
  endfacet
  facet normal 0 1 0
    outer loop
      vertex 76.0267 1 4.00332
      vertex 76.4223 1 1
      vertex 75.9723 1 3.96699
    endloop
  endfacet
  facet normal 0 1 0
    outer loop
      vertex 76.0759 1 4.04645
      vertex 76.4223 1 1
      vertex 76.0267 1 4.00332
    endloop
  endfacet
  facet normal 0 1 0
    outer loop
      vertex 76.119 1 4.09562
      vertex 76.4223 1 1
      vertex 76.0759 1 4.04645
    endloop
  endfacet
  facet normal 0 1 0
    outer loop
      vertex 76.1553 1 4.15
      vertex 76.4223 1 1
      vertex 76.119 1 4.09562
    endloop
  endfacet
  facet normal 0 1 0
    outer loop
      vertex 76.1842 1 4.20866
      vertex 76.4223 1 1
      vertex 76.1553 1 4.15
    endloop
  endfacet
  facet normal 0 1 0
    outer loop
      vertex 76.2053 1 4.27059
      vertex 76.4223 1 1
      vertex 76.1842 1 4.20866
    endloop
  endfacet
  facet normal 0 1 0
    outer loop
      vertex 76.218 1 4.33474
      vertex 76.4223 1 1
      vertex 76.2053 1 4.27059
    endloop
  endfacet
  facet normal 0 1 0
    outer loop
      vertex 76.2223 1 4.4
      vertex 76.4223 1 1
      vertex 76.218 1 4.33474
    endloop
  endfacet
  facet normal 0 1 -0
    outer loop
      vertex 76.4223 1 1
      vertex 76.2223 1 4.4
      vertex 76.4223 1 7.5
    endloop
  endfacet
  facet normal 0 1 -0
    outer loop
      vertex 37.7112 1 6.05
      vertex 8 1 7.5
      vertex 46.7112 1 6.05
    endloop
  endfacet
  facet normal 0 1 -0
    outer loop
      vertex 37.7112 1 2.55
      vertex 8 1 7.5
      vertex 37.7112 1 6.05
    endloop
  endfacet
  facet normal 0 1 0
    outer loop
      vertex 37.7112 1 2.55
      vertex 8 1 1
      vertex 8 1 7.5
    endloop
  endfacet
  facet normal 0 1 0
    outer loop
      vertex 8 1 1
      vertex 37.7112 1 2.55
      vertex 76.4223 1 1
    endloop
  endfacet
  facet normal 0 1 -0
    outer loop
      vertex 48.8789 1 5.79658
      vertex 46.7112 1 6.05
      vertex 48.9312 1 5.8
    endloop
  endfacet
  facet normal 0 1 -0
    outer loop
      vertex 48.8276 1 5.78637
      vertex 46.7112 1 6.05
      vertex 48.8789 1 5.79658
    endloop
  endfacet
  facet normal 0 1 -0
    outer loop
      vertex 48.7781 1 5.76955
      vertex 46.7112 1 6.05
      vertex 48.8276 1 5.78637
    endloop
  endfacet
  facet normal 0 1 -0
    outer loop
      vertex 48.7312 1 5.74641
      vertex 46.7112 1 6.05
      vertex 48.7781 1 5.76955
    endloop
  endfacet
  facet normal 0 1 -0
    outer loop
      vertex 48.6876 1 5.71734
      vertex 46.7112 1 6.05
      vertex 48.7312 1 5.74641
    endloop
  endfacet
  facet normal 0 1 -0
    outer loop
      vertex 48.6483 1 5.68284
      vertex 46.7112 1 6.05
      vertex 48.6876 1 5.71734
    endloop
  endfacet
  facet normal 0 1 -0
    outer loop
      vertex 48.6138 1 5.64351
      vertex 46.7112 1 6.05
      vertex 48.6483 1 5.68284
    endloop
  endfacet
  facet normal 0 1 -0
    outer loop
      vertex 48.5847 1 5.6
      vertex 46.7112 1 6.05
      vertex 48.6138 1 5.64351
    endloop
  endfacet
  facet normal 0 1 -0
    outer loop
      vertex 48.5616 1 5.55307
      vertex 46.7112 1 6.05
      vertex 48.5847 1 5.6
    endloop
  endfacet
  facet normal 0 1 -0
    outer loop
      vertex 48.5448 1 5.50353
      vertex 46.7112 1 6.05
      vertex 48.5616 1 5.55307
    endloop
  endfacet
  facet normal 0 1 -0
    outer loop
      vertex 48.5346 1 5.45221
      vertex 46.7112 1 6.05
      vertex 48.5448 1 5.50353
    endloop
  endfacet
  facet normal 0 1 -0
    outer loop
      vertex 48.5312 1 5.4
      vertex 46.7112 1 6.05
      vertex 48.5346 1 5.45221
    endloop
  endfacet
  facet normal 0 1 0
    outer loop
      vertex 48.5346 1 5.34779
      vertex 46.7112 1 6.05
      vertex 48.5312 1 5.4
    endloop
  endfacet
  facet normal 0 1 0
    outer loop
      vertex 48.5448 1 5.29647
      vertex 46.7112 1 6.05
      vertex 48.5346 1 5.34779
    endloop
  endfacet
  facet normal 0 1 0
    outer loop
      vertex 48.5616 1 5.24693
      vertex 46.7112 1 6.05
      vertex 48.5448 1 5.29647
    endloop
  endfacet
  facet normal 0 1 0
    outer loop
      vertex 48.5847 1 5.2
      vertex 46.7112 1 6.05
      vertex 48.5616 1 5.24693
    endloop
  endfacet
  facet normal 0 1 0
    outer loop
      vertex 46.7112 1 2.55
      vertex 48.5847 1 5.2
      vertex 48.6138 1 5.1565
    endloop
  endfacet
  facet normal 0 1 0
    outer loop
      vertex 46.7112 1 2.55
      vertex 48.6138 1 5.1565
      vertex 48.6483 1 5.11716
    endloop
  endfacet
  facet normal 0 1 0
    outer loop
      vertex 46.7112 1 2.55
      vertex 48.6483 1 5.11716
      vertex 48.6876 1 5.08266
    endloop
  endfacet
  facet normal 0 1 0
    outer loop
      vertex 46.7112 1 2.55
      vertex 48.6876 1 5.08266
      vertex 48.7312 1 5.05359
    endloop
  endfacet
  facet normal 0 1 0
    outer loop
      vertex 71.657 1 4.89572
      vertex 76.4223 1 7.5
      vertex 71.7223 1 4.9
    endloop
  endfacet
  facet normal 0 1 0
    outer loop
      vertex 69.657 1 4.89572
      vertex 76.4223 1 7.5
      vertex 69.7223 1 4.9
    endloop
  endfacet
  facet normal 0 1 0
    outer loop
      vertex 69.5929 1 4.88296
      vertex 76.4223 1 7.5
      vertex 69.657 1 4.89572
    endloop
  endfacet
  facet normal 0 1 0
    outer loop
      vertex 49.3312 1 5.4
      vertex 69.2223 1 4.4
      vertex 49.3277 1 5.34779
    endloop
  endfacet
  facet normal 0 1 0
    outer loop
      vertex 69.2266 1 4.33474
      vertex 49.3277 1 5.34779
      vertex 69.2223 1 4.4
    endloop
  endfacet
  facet normal 0 1 0
    outer loop
      vertex 49.3277 1 5.34779
      vertex 69.2266 1 4.33474
      vertex 49.3175 1 5.29647
    endloop
  endfacet
  facet normal 0 1 0
    outer loop
      vertex 69.2393 1 4.27059
      vertex 49.3175 1 5.29647
      vertex 69.2266 1 4.33474
    endloop
  endfacet
  facet normal 0 1 0
    outer loop
      vertex 49.3175 1 5.29647
      vertex 69.2393 1 4.27059
      vertex 49.3007 1 5.24693
    endloop
  endfacet
  facet normal 0 1 0
    outer loop
      vertex 69.2604 1 4.20866
      vertex 49.3007 1 5.24693
      vertex 69.2393 1 4.27059
    endloop
  endfacet
  facet normal 0 1 0
    outer loop
      vertex 49.3007 1 5.24693
      vertex 69.2604 1 4.20866
      vertex 49.2776 1 5.2
    endloop
  endfacet
  facet normal 0 1 0
    outer loop
      vertex 69.2893 1 4.15
      vertex 49.2776 1 5.2
      vertex 69.2604 1 4.20866
    endloop
  endfacet
  facet normal 0 1 0
    outer loop
      vertex 49.2776 1 5.2
      vertex 69.2893 1 4.15
      vertex 49.2485 1 5.1565
    endloop
  endfacet
  facet normal 0 1 0
    outer loop
      vertex 69.3256 1 4.09562
      vertex 49.2485 1 5.1565
      vertex 69.2893 1 4.15
    endloop
  endfacet
  facet normal 0 1 0
    outer loop
      vertex 49.2485 1 5.1565
      vertex 69.3256 1 4.09562
      vertex 49.214 1 5.11716
    endloop
  endfacet
  facet normal 0 1 0
    outer loop
      vertex 69.3688 1 4.04645
      vertex 49.214 1 5.11716
      vertex 69.3256 1 4.09562
    endloop
  endfacet
  facet normal 0 1 0
    outer loop
      vertex 49.214 1 5.11716
      vertex 69.3688 1 4.04645
      vertex 49.1747 1 5.08266
    endloop
  endfacet
  facet normal 0 1 0
    outer loop
      vertex 46.7112 1 2.55
      vertex 49.1747 1 5.08266
      vertex 69.3688 1 4.04645
    endloop
  endfacet
  facet normal 0 1 0
    outer loop
      vertex 49.1747 1 5.08266
      vertex 46.7112 1 2.55
      vertex 49.1312 1 5.05359
    endloop
  endfacet
  facet normal 0 1 0
    outer loop
      vertex 49.1312 1 5.05359
      vertex 46.7112 1 2.55
      vertex 49.0842 1 5.03045
    endloop
  endfacet
  facet normal 0 1 0
    outer loop
      vertex 49.0842 1 5.03045
      vertex 46.7112 1 2.55
      vertex 49.0347 1 5.01363
    endloop
  endfacet
  facet normal 0 1 0
    outer loop
      vertex 49.0347 1 5.01363
      vertex 46.7112 1 2.55
      vertex 48.9834 1 5.00342
    endloop
  endfacet
  facet normal 0 1 0
    outer loop
      vertex 46.7112 1 2.55
      vertex 69.3688 1 4.04645
      vertex 69.4179 1 4.00332
    endloop
  endfacet
  facet normal 0 1 0
    outer loop
      vertex 46.7112 1 2.55
      vertex 69.4179 1 4.00332
      vertex 69.4723 1 3.96699
    endloop
  endfacet
  facet normal 0 1 0
    outer loop
      vertex 46.7112 1 2.55
      vertex 69.4723 1 3.96699
      vertex 69.531 1 3.93806
    endloop
  endfacet
  facet normal 0 1 0
    outer loop
      vertex 46.7112 1 2.55
      vertex 69.531 1 3.93806
      vertex 69.5929 1 3.91704
    endloop
  endfacet
  facet normal 0 1 0
    outer loop
      vertex 46.7112 1 2.55
      vertex 69.5929 1 3.91704
      vertex 69.657 1 3.90428
    endloop
  endfacet
  facet normal 0 1 0
    outer loop
      vertex 46.7112 1 2.55
      vertex 69.657 1 3.90428
      vertex 69.7223 1 3.9
    endloop
  endfacet
  facet normal 0 1 0
    outer loop
      vertex 48.5847 1 5.2
      vertex 46.7112 1 2.55
      vertex 46.7112 1 6.05
    endloop
  endfacet
  facet normal 0 1 0
    outer loop
      vertex 48.7781 1 5.03045
      vertex 46.7112 1 2.55
      vertex 48.7312 1 5.05359
    endloop
  endfacet
  facet normal 0 1 0
    outer loop
      vertex 48.8276 1 5.01363
      vertex 46.7112 1 2.55
      vertex 48.7781 1 5.03045
    endloop
  endfacet
  facet normal 0 1 0
    outer loop
      vertex 48.8789 1 5.00342
      vertex 46.7112 1 2.55
      vertex 48.8276 1 5.01363
    endloop
  endfacet
  facet normal 0 1 0
    outer loop
      vertex 48.9312 1 5
      vertex 46.7112 1 2.55
      vertex 48.8789 1 5.00342
    endloop
  endfacet
  facet normal 0 1 0
    outer loop
      vertex 48.9834 1 5.00342
      vertex 46.7112 1 2.55
      vertex 48.9312 1 5
    endloop
  endfacet
  facet normal -0.0654063 0.997859 0
    outer loop
      vertex 77.336 1.05989 4.71619
      vertex 76.4223 1 7.5
      vertex 77.336 1.05989 7.5
    endloop
  endfacet
  facet normal -0.065289 0.997866 3.86669e-05
    outer loop
      vertex 77.3256 1.05921 4.70438
      vertex 76.4223 1 7.5
      vertex 77.336 1.05989 4.71619
    endloop
  endfacet
  facet normal -0.0656035 0.997846 -6.33681e-05
    outer loop
      vertex 77.2893 1.05682 4.65
      vertex 76.4223 1 7.5
      vertex 77.3256 1.05921 4.70438
    endloop
  endfacet
  facet normal -0.065311 0.997865 2.59759e-05
    outer loop
      vertex 77.2604 1.05493 4.59134
      vertex 76.4223 1 7.5
      vertex 77.2893 1.05682 4.65
    endloop
  endfacet
  facet normal -0.0653264 0.997864 2.15383e-05
    outer loop
      vertex 77.2393 1.05355 4.52941
      vertex 76.4223 1 7.5
      vertex 77.2604 1.05493 4.59134
    endloop
  endfacet
  facet normal -0.0656526 0.997843 -6.85804e-05
    outer loop
      vertex 77.2266 1.05271 4.46526
      vertex 76.4223 1 7.5
      vertex 77.2393 1.05355 4.52941
    endloop
  endfacet
  facet normal -0.0653121 0.997865 2.20621e-05
    outer loop
      vertex 77.2223 1.05243 4.4
      vertex 76.4223 1 7.5
      vertex 77.2266 1.05271 4.46526
    endloop
  endfacet
  facet normal -0.0653056 0.997865 -2.16362e-05
    outer loop
      vertex 76.4223 1 1
      vertex 77.2223 1.05243 4.4
      vertex 77.2266 1.05271 4.33474
    endloop
  endfacet
  facet normal -0.0656666 0.997842 6.57991e-05
    outer loop
      vertex 76.4223 1 1
      vertex 77.2266 1.05271 4.33474
      vertex 77.2393 1.05355 4.27059
    endloop
  endfacet
  facet normal -0.0654063 0.997859 0
    outer loop
      vertex 76.4223 1 1
      vertex 77.336 1.05989 4.08381
      vertex 77.336 1.05989 1
    endloop
  endfacet
  facet normal -0.0652858 0.997867 -3.58523e-05
    outer loop
      vertex 77.336 1.05989 4.08381
      vertex 76.4223 1 1
      vertex 77.3256 1.05921 4.09562
    endloop
  endfacet
  facet normal -0.0656098 0.997845 5.9095e-05
    outer loop
      vertex 77.3256 1.05921 4.09562
      vertex 76.4223 1 1
      vertex 77.2893 1.05682 4.15
    endloop
  endfacet
  facet normal -0.0653078 0.997865 -2.43887e-05
    outer loop
      vertex 77.2893 1.05682 4.15
      vertex 76.4223 1 1
      vertex 77.2604 1.05493 4.20866
    endloop
  endfacet
  facet normal -0.065323 0.997864 -2.03984e-05
    outer loop
      vertex 77.2604 1.05493 4.20866
      vertex 76.4223 1 1
      vertex 77.2393 1.05355 4.27059
    endloop
  endfacet
  facet normal -0.0653972 0.997859 0
    outer loop
      vertex 77.2223 1.05243 4.4
      vertex 76.4223 1 1
      vertex 76.4223 1 7.5
    endloop
  endfacet
  facet normal 0.442288 0.896873 -0
    outer loop
      vertex 5.32122 1.53284 1
      vertex 4.5 1.93782 7.5
      vertex 5.32122 1.53284 7.5
    endloop
  endfacet
  facet normal 0.442288 0.896873 0
    outer loop
      vertex 4.5 1.93782 7.5
      vertex 5.32122 1.53284 1
      vertex 4.5 1.93782 1
    endloop
  endfacet
  facet normal 0.896873 0.442288 0
    outer loop
      vertex 1.93782 4.5 7.5
      vertex 1.53284 5.32122 1
      vertex 1.53284 5.32122 7.5
    endloop
  endfacet
  facet normal 0.896873 0.442288 0
    outer loop
      vertex 1.53284 5.32122 1
      vertex 1.93782 4.5 7.5
      vertex 1.93782 4.5 1
    endloop
  endfacet
  facet normal -0.0655259 -0.997851 0
    outer loop
      vertex 76.4223 153.622 1
      vertex 77.336 153.562 7.5
      vertex 76.4223 153.622 7.5
    endloop
  endfacet
  facet normal -0.0655259 -0.997851 -0
    outer loop
      vertex 77.336 153.562 7.5
      vertex 76.4223 153.622 1
      vertex 77.336 153.562 1
    endloop
  endfacet
  facet normal -0.194435 -0.980915 0
    outer loop
      vertex 77.336 153.562 1
      vertex 78.234 153.384 7.5
      vertex 77.336 153.562 7.5
    endloop
  endfacet
  facet normal -0.194435 -0.980915 -0
    outer loop
      vertex 78.234 153.384 7.5
      vertex 77.336 153.562 1
      vertex 78.234 153.384 1
    endloop
  endfacet
  facet normal -0.195097 0.980784 -1.02876e-06
    outer loop
      vertex 78.234 1.23852 7.5
      vertex 77.7223 1.13673 4.9
      vertex 77.336 1.05989 7.5
    endloop
  endfacet
  facet normal -0.194962 0.980811 -2.86367e-05
    outer loop
      vertex 78.234 1.23852 7.5
      vertex 77.7876 1.14971 4.89572
      vertex 77.7223 1.13673 4.9
    endloop
  endfacet
  facet normal -0.19523 0.980758 1.89924e-05
    outer loop
      vertex 78.234 1.23852 7.5
      vertex 77.8517 1.16247 4.88296
      vertex 77.7876 1.14971 4.89572
    endloop
  endfacet
  facet normal -0.194909 0.980821 -2.97427e-05
    outer loop
      vertex 78.234 1.23852 7.5
      vertex 77.9137 1.17479 4.86194
      vertex 77.8517 1.16247 4.88296
    endloop
  endfacet
  facet normal -0.195302 0.980743 1.98894e-05
    outer loop
      vertex 78.234 1.23852 7.5
      vertex 77.9723 1.18646 4.83301
      vertex 77.9137 1.17479 4.86194
    endloop
  endfacet
  facet normal -0.194915 0.98082 -1.95857e-05
    outer loop
      vertex 78.234 1.23852 7.5
      vertex 78.0267 1.19727 4.79668
      vertex 77.9723 1.18646 4.83301
    endloop
  endfacet
  facet normal -0.195411 0.980721 1.99483e-05
    outer loop
      vertex 78.234 1.23852 7.5
      vertex 78.0404 1.2 4.78466
      vertex 78.0267 1.19727 4.79668
    endloop
  endfacet
  facet normal -0.195142 0.980775 0
    outer loop
      vertex 78.234 1.23852 7.5
      vertex 78.0404 1.2 4.01534
      vertex 78.0404 1.2 4.78466
    endloop
  endfacet
  facet normal -0.194962 0.980811 2.57081e-05
    outer loop
      vertex 77.7876 1.14971 3.90428
      vertex 78.234 1.23852 1
      vertex 77.7223 1.13673 3.9
    endloop
  endfacet
  facet normal -0.19523 0.980757 -1.70888e-05
    outer loop
      vertex 77.8517 1.16247 3.91704
      vertex 78.234 1.23852 1
      vertex 77.7876 1.14971 3.90428
    endloop
  endfacet
  facet normal -0.194908 0.980822 2.6814e-05
    outer loop
      vertex 77.9137 1.17479 3.93806
      vertex 78.234 1.23852 1
      vertex 77.8517 1.16247 3.91704
    endloop
  endfacet
  facet normal -0.195303 0.980743 -1.79622e-05
    outer loop
      vertex 77.9723 1.18646 3.96699
      vertex 78.234 1.23852 1
      vertex 77.9137 1.17479 3.93806
    endloop
  endfacet
  facet normal -0.194914 0.98082 1.77155e-05
    outer loop
      vertex 78.0267 1.19727 4.00332
      vertex 78.234 1.23852 1
      vertex 77.9723 1.18646 3.96699
    endloop
  endfacet
  facet normal -0.195413 0.980721 -1.80694e-05
    outer loop
      vertex 78.0404 1.2 4.01534
      vertex 78.234 1.23852 1
      vertex 78.0267 1.19727 4.00332
    endloop
  endfacet
  facet normal -0.195142 0.980775 0
    outer loop
      vertex 78.234 1.23852 1
      vertex 78.0404 1.2 4.01534
      vertex 78.234 1.23852 7.5
    endloop
  endfacet
  facet normal -0.194962 0.980811 1.98985e-05
    outer loop
      vertex 77.657 1.12375 4.89572
      vertex 77.336 1.05989 7.5
      vertex 77.7223 1.13673 4.9
    endloop
  endfacet
  facet normal -0.195231 0.980757 -1.4531e-05
    outer loop
      vertex 77.5929 1.11099 4.88296
      vertex 77.336 1.05989 7.5
      vertex 77.657 1.12375 4.89572
    endloop
  endfacet
  facet normal -0.195198 0.980764 -1.12375e-05
    outer loop
      vertex 77.531 1.09867 4.86194
      vertex 77.336 1.05989 7.5
      vertex 77.5929 1.11099 4.88296
    endloop
  endfacet
  facet normal -0.194994 0.980805 4.49777e-06
    outer loop
      vertex 77.4723 1.087 4.83301
      vertex 77.336 1.05989 7.5
      vertex 77.531 1.09867 4.86194
    endloop
  endfacet
  facet normal -0.195076 0.980788 1.17666e-07
    outer loop
      vertex 77.4179 1.07618 4.79668
      vertex 77.336 1.05989 7.5
      vertex 77.4723 1.087 4.83301
    endloop
  endfacet
  facet normal -0.195341 0.980735 -8.22645e-06
    outer loop
      vertex 77.3688 1.0664 4.75355
      vertex 77.336 1.05989 7.5
      vertex 77.4179 1.07618 4.79668
    endloop
  endfacet
  facet normal -0.194678 0.980867 0
    outer loop
      vertex 77.336 1.05989 7.5
      vertex 77.3688 1.0664 4.75355
      vertex 77.336 1.05989 4.71619
    endloop
  endfacet
  facet normal -0.195097 0.980784 9.22333e-07
    outer loop
      vertex 77.336 1.05989 1
      vertex 77.7223 1.13673 3.9
      vertex 78.234 1.23852 1
    endloop
  endfacet
  facet normal -0.194962 0.980811 -1.78578e-05
    outer loop
      vertex 77.7223 1.13673 3.9
      vertex 77.336 1.05989 1
      vertex 77.657 1.12375 3.90428
    endloop
  endfacet
  facet normal -0.195231 0.980757 1.30623e-05
    outer loop
      vertex 77.657 1.12375 3.90428
      vertex 77.336 1.05989 1
      vertex 77.5929 1.11099 3.91704
    endloop
  endfacet
  facet normal -0.195199 0.980764 1.01154e-05
    outer loop
      vertex 77.5929 1.11099 3.91704
      vertex 77.336 1.05989 1
      vertex 77.531 1.09867 3.93806
    endloop
  endfacet
  facet normal -0.194993 0.980805 -4.05306e-06
    outer loop
      vertex 77.531 1.09867 3.93806
      vertex 77.336 1.05989 1
      vertex 77.4723 1.087 3.96699
    endloop
  endfacet
  facet normal -0.195076 0.980788 -1.06123e-07
    outer loop
      vertex 77.4723 1.087 3.96699
      vertex 77.336 1.05989 1
      vertex 77.4179 1.07618 4.00332
    endloop
  endfacet
  facet normal -0.195342 0.980735 7.42394e-06
    outer loop
      vertex 77.4179 1.07618 4.00332
      vertex 77.336 1.05989 1
      vertex 77.3688 1.0664 4.04645
    endloop
  endfacet
  facet normal -0.194678 0.980867 0
    outer loop
      vertex 77.3688 1.0664 4.04645
      vertex 77.336 1.05989 1
      vertex 77.336 1.05989 4.08381
    endloop
  endfacet
  facet normal -0.442297 0.896869 0
    outer loop
      vertex 79.9223 1.93782 1
      vertex 79.1011 1.53284 7.5
      vertex 79.9223 1.93782 7.5
    endloop
  endfacet
  facet normal -0.442297 0.896869 0
    outer loop
      vertex 79.1011 1.53284 7.5
      vertex 79.9223 1.93782 1
      vertex 79.1011 1.53284 1
    endloop
  endfacet
  facet normal -0.896864 0.442305 0
    outer loop
      vertex 82.4845 4.5 1
      vertex 82.8895 5.32122 7.5
      vertex 82.8895 5.32122 1
    endloop
  endfacet
  facet normal -0.896864 0.442305 0
    outer loop
      vertex 82.8895 5.32122 7.5
      vertex 82.4845 4.5 1
      vertex 82.4845 4.5 7.5
    endloop
  endfacet
  facet normal -0.946938 0.321416 0
    outer loop
      vertex 82.8895 5.32122 1
      vertex 83.1838 6.18827 7.5
      vertex 83.1838 6.18827 1
    endloop
  endfacet
  facet normal -0.946938 0.321416 0
    outer loop
      vertex 83.1838 6.18827 7.5
      vertex 82.8895 5.32122 1
      vertex 82.8895 5.32122 7.5
    endloop
  endfacet
  facet normal -0.980792 0.195055 0
    outer loop
      vertex 83.1838 6.18827 1
      vertex 83.3624 7.08632 7.5
      vertex 83.3624 7.08632 1
    endloop
  endfacet
  facet normal -0.980792 0.195055 0
    outer loop
      vertex 83.3624 7.08632 7.5
      vertex 83.1838 6.18827 1
      vertex 83.1838 6.18827 7.5
    endloop
  endfacet
  facet normal -0.896817 -0.442401 0
    outer loop
      vertex 82.8895 149.301 1
      vertex 82.4845 150.122 7.5
      vertex 82.4845 150.122 1
    endloop
  endfacet
  facet normal -0.896817 -0.442401 0
    outer loop
      vertex 82.4845 150.122 7.5
      vertex 82.8895 149.301 1
      vertex 82.8895 149.301 7.5
    endloop
  endfacet
  facet normal -0.946932 -0.321433 0
    outer loop
      vertex 83.1838 148.434 1
      vertex 82.8895 149.301 7.5
      vertex 82.8895 149.301 1
    endloop
  endfacet
  facet normal -0.946932 -0.321433 0
    outer loop
      vertex 82.8895 149.301 7.5
      vertex 83.1838 148.434 1
      vertex 83.1838 148.434 7.5
    endloop
  endfacet
  facet normal -0.65947 -0.751731 0
    outer loop
      vertex 80.6836 152.176 1
      vertex 81.3721 151.572 7.5
      vertex 80.6836 152.176 7.5
    endloop
  endfacet
  facet normal -0.65947 -0.751731 -0
    outer loop
      vertex 81.3721 151.572 7.5
      vertex 80.6836 152.176 1
      vertex 81.3721 151.572 1
    endloop
  endfacet
  facet normal -0.751656 -0.659556 0
    outer loop
      vertex 81.9758 150.884 1
      vertex 81.3721 151.572 7.5
      vertex 81.3721 151.572 1
    endloop
  endfacet
  facet normal -0.751656 -0.659556 0
    outer loop
      vertex 81.3721 151.572 7.5
      vertex 81.9758 150.884 1
      vertex 81.9758 150.884 7.5
    endloop
  endfacet
  facet normal 0.442305 -0.896864 0
    outer loop
      vertex 4.5 152.684 1
      vertex 5.32122 153.089 7.5
      vertex 4.5 152.684 7.5
    endloop
  endfacet
  facet normal 0.442305 -0.896864 0
    outer loop
      vertex 5.32122 153.089 7.5
      vertex 4.5 152.684 1
      vertex 5.32122 153.089 1
    endloop
  endfacet
  facet normal 0.659514 -0.751693 0
    outer loop
      vertex 3.05025 151.572 1
      vertex 3.73867 152.176 7.5
      vertex 3.05025 151.572 7.5
    endloop
  endfacet
  facet normal 0.659514 -0.751693 0
    outer loop
      vertex 3.73867 152.176 7.5
      vertex 3.05025 151.572 1
      vertex 3.73867 152.176 1
    endloop
  endfacet
  facet normal 0.555038 -0.831825 0
    outer loop
      vertex 3.73867 152.176 1
      vertex 4.5 152.684 7.5
      vertex 3.73867 152.176 7.5
    endloop
  endfacet
  facet normal 0.555038 -0.831825 0
    outer loop
      vertex 4.5 152.684 7.5
      vertex 3.73867 152.176 1
      vertex 4.5 152.684 1
    endloop
  endfacet
  facet normal 0.896826 -0.442383 0
    outer loop
      vertex 1.53284 149.301 7.5
      vertex 1.93782 150.122 1
      vertex 1.93782 150.122 7.5
    endloop
  endfacet
  facet normal 0.896826 -0.442383 0
    outer loop
      vertex 1.93782 150.122 1
      vertex 1.53284 149.301 7.5
      vertex 1.53284 149.301 1
    endloop
  endfacet
  facet normal 0.99786 -0.0653849 0
    outer loop
      vertex 1 146.622 7.5
      vertex 1.05989 147.536 1
      vertex 1.05989 147.536 7.5
    endloop
  endfacet
  facet normal 0.99786 -0.0653849 0
    outer loop
      vertex 1.05989 147.536 1
      vertex 1 146.622 7.5
      vertex 1 146.622 1
    endloop
  endfacet
  facet normal 0.997859 0.0654077 0
    outer loop
      vertex 1.05989 7.08632 7.5
      vertex 1 8 1
      vertex 1 8 7.5
    endloop
  endfacet
  facet normal 0.997859 0.0654077 0
    outer loop
      vertex 1 8 1
      vertex 1.05989 7.08632 7.5
      vertex 1.05989 7.08632 1
    endloop
  endfacet
  facet normal 0.980786 0.195087 0
    outer loop
      vertex 1.23852 6.18827 7.5
      vertex 1.05989 7.08632 1
      vertex 1.05989 7.08632 7.5
    endloop
  endfacet
  facet normal 0.980786 0.195087 0
    outer loop
      vertex 1.05989 7.08632 1
      vertex 1.23852 6.18827 7.5
      vertex 1.23852 6.18827 1
    endloop
  endfacet
  facet normal 0.659341 0.751844 -0
    outer loop
      vertex 3.73867 2.44653 1
      vertex 3.05025 3.05025 7.5
      vertex 3.73867 2.44653 7.5
    endloop
  endfacet
  facet normal 0.659341 0.751844 0
    outer loop
      vertex 3.05025 3.05025 7.5
      vertex 3.73867 2.44653 1
      vertex 3.05025 3.05025 1
    endloop
  endfacet
  facet normal -0.321419 0.946937 0
    outer loop
      vertex 79.1011 1.53284 1
      vertex 78.234 1.23852 7.5
      vertex 79.1011 1.53284 7.5
    endloop
  endfacet
  facet normal -0.321419 0.946937 0
    outer loop
      vertex 78.234 1.23852 7.5
      vertex 79.1011 1.53284 1
      vertex 78.234 1.23852 1
    endloop
  endfacet
  facet normal -0.831472 0.555567 0
    outer loop
      vertex 81.9758 3.73867 1
      vertex 82.4845 4.5 7.5
      vertex 82.4845 4.5 1
    endloop
  endfacet
  facet normal -0.831472 0.555567 0
    outer loop
      vertex 82.4845 4.5 7.5
      vertex 81.9758 3.73867 1
      vertex 81.9758 3.73867 7.5
    endloop
  endfacet
  facet normal -0.997858 0.0654186 0
    outer loop
      vertex 83.3624 7.08632 1
      vertex 83.4223 8 7.5
      vertex 83.4223 8 1
    endloop
  endfacet
  facet normal -0.997858 0.0654186 0
    outer loop
      vertex 83.4223 8 7.5
      vertex 83.3624 7.08632 1
      vertex 83.3624 7.08632 7.5
    endloop
  endfacet
  facet normal -0.322085 -0.946711 0
    outer loop
      vertex 78.234 153.384 1
      vertex 79.1011 153.089 7.5
      vertex 78.234 153.384 7.5
    endloop
  endfacet
  facet normal -0.322085 -0.946711 -0
    outer loop
      vertex 79.1011 153.089 7.5
      vertex 78.234 153.384 1
      vertex 79.1011 153.089 1
    endloop
  endfacet
  facet normal 0.322101 -0.946705 0
    outer loop
      vertex 5.32122 153.089 1
      vertex 6.18827 153.384 7.5
      vertex 5.32122 153.089 7.5
    endloop
  endfacet
  facet normal 0.322101 -0.946705 0
    outer loop
      vertex 6.18827 153.384 7.5
      vertex 5.32122 153.089 1
      vertex 6.18827 153.384 1
    endloop
  endfacet
  facet normal 0.831692 -0.555237 0
    outer loop
      vertex 1.93782 150.122 7.5
      vertex 2.44653 150.884 1
      vertex 2.44653 150.884 7.5
    endloop
  endfacet
  facet normal 0.831692 -0.555237 0
    outer loop
      vertex 2.44653 150.884 1
      vertex 1.93782 150.122 7.5
      vertex 1.93782 150.122 1
    endloop
  endfacet
  facet normal 0.980784 -0.195097 0
    outer loop
      vertex 1.05989 147.536 7.5
      vertex 1.23852 148.434 1
      vertex 1.23852 148.434 7.5
    endloop
  endfacet
  facet normal 0.980784 -0.195097 0
    outer loop
      vertex 1.23852 148.434 1
      vertex 1.05989 147.536 7.5
      vertex 1.05989 147.536 1
    endloop
  endfacet
  facet normal 0.946926 -0.321452 0
    outer loop
      vertex 1.23852 148.434 7.5
      vertex 1.53284 149.301 1
      vertex 1.53284 149.301 7.5
    endloop
  endfacet
  facet normal 0.946926 -0.321452 0
    outer loop
      vertex 1.53284 149.301 1
      vertex 1.23852 148.434 7.5
      vertex 1.23852 148.434 1
    endloop
  endfacet
  facet normal 0 0 1
    outer loop
      vertex 77.286 147.637 1
      vertex 83.4223 146.622 1
      vertex 83.3624 147.536 1
    endloop
  endfacet
  facet normal 0 0 1
    outer loop
      vertex 74.4576 144.809 1
      vertex 83.4223 146.622 1
      vertex 74.953 144.977 1
    endloop
  endfacet
  facet normal -0 0 1
    outer loop
      vertex 77.3881 148.15 1
      vertex 83.3624 147.536 1
      vertex 83.1838 148.434 1
    endloop
  endfacet
  facet normal 0 0 1
    outer loop
      vertex 83.4223 146.622 1
      vertex 75.4223 145.208 1
      vertex 74.953 144.977 1
    endloop
  endfacet
  facet normal 0 0 1
    outer loop
      vertex 77.3881 148.15 1
      vertex 83.1838 148.434 1
      vertex 82.8895 149.301 1
    endloop
  endfacet
  facet normal 0 0 1
    outer loop
      vertex 83.4223 146.622 1
      vertex 74.4576 144.809 1
      vertex 83.4223 8 1
    endloop
  endfacet
  facet normal 0 0 1
    outer loop
      vertex 77.4223 148.672 1
      vertex 82.8895 149.301 1
      vertex 82.4845 150.122 1
    endloop
  endfacet
  facet normal 0 0 1
    outer loop
      vertex 83.4223 146.622 1
      vertex 75.8574 145.499 1
      vertex 75.4223 145.208 1
    endloop
  endfacet
  facet normal 0 0 1
    outer loop
      vertex 77.4223 148.672 1
      vertex 82.4845 150.122 1
      vertex 81.9758 150.884 1
    endloop
  endfacet
  facet normal 0 0 1
    outer loop
      vertex 83.4223 146.622 1
      vertex 76.2507 145.844 1
      vertex 75.8574 145.499 1
    endloop
  endfacet
  facet normal 0 0 1
    outer loop
      vertex 77.3881 149.194 1
      vertex 81.9758 150.884 1
      vertex 81.3721 151.572 1
    endloop
  endfacet
  facet normal 0 0 1
    outer loop
      vertex 83.4223 146.622 1
      vertex 76.5957 146.237 1
      vertex 76.2507 145.844 1
    endloop
  endfacet
  facet normal 0 0 1
    outer loop
      vertex 77.286 149.708 1
      vertex 81.3721 151.572 1
      vertex 80.6836 152.176 1
    endloop
  endfacet
  facet normal 0 0 1
    outer loop
      vertex 83.4223 146.622 1
      vertex 76.8864 146.672 1
      vertex 76.5957 146.237 1
    endloop
  endfacet
  facet normal 0 0 1
    outer loop
      vertex 77.1178 150.203 1
      vertex 80.6836 152.176 1
      vertex 79.9223 152.684 1
    endloop
  endfacet
  facet normal 0 0 1
    outer loop
      vertex 83.4223 146.622 1
      vertex 77.1178 147.142 1
      vertex 76.8864 146.672 1
    endloop
  endfacet
  facet normal 0 0 1
    outer loop
      vertex 77.1178 150.203 1
      vertex 79.9223 152.684 1
      vertex 79.1011 153.089 1
    endloop
  endfacet
  facet normal 0 0 1
    outer loop
      vertex 83.4223 146.622 1
      vertex 77.286 147.637 1
      vertex 77.1178 147.142 1
    endloop
  endfacet
  facet normal 0 0 1
    outer loop
      vertex 76.8864 150.672 1
      vertex 79.1011 153.089 1
      vertex 78.234 153.384 1
    endloop
  endfacet
  facet normal 0 0 1
    outer loop
      vertex 83.3624 147.536 1
      vertex 77.3881 148.15 1
      vertex 77.286 147.637 1
    endloop
  endfacet
  facet normal 0 0 1
    outer loop
      vertex 82.8895 149.301 1
      vertex 77.4223 148.672 1
      vertex 77.3881 148.15 1
    endloop
  endfacet
  facet normal 0 0 1
    outer loop
      vertex 81.9758 150.884 1
      vertex 77.3881 149.194 1
      vertex 77.4223 148.672 1
    endloop
  endfacet
  facet normal 0 0 1
    outer loop
      vertex 76.5957 151.107 1
      vertex 78.234 153.384 1
      vertex 77.336 153.562 1
    endloop
  endfacet
  facet normal 0 0 1
    outer loop
      vertex 81.3721 151.572 1
      vertex 77.286 149.708 1
      vertex 77.3881 149.194 1
    endloop
  endfacet
  facet normal 0 0 1
    outer loop
      vertex 80.6836 152.176 1
      vertex 77.1178 150.203 1
      vertex 77.286 149.708 1
    endloop
  endfacet
  facet normal 0 0 1
    outer loop
      vertex 79.1011 153.089 1
      vertex 76.8864 150.672 1
      vertex 77.1178 150.203 1
    endloop
  endfacet
  facet normal 0 0 1
    outer loop
      vertex 78.234 153.384 1
      vertex 76.5957 151.107 1
      vertex 76.8864 150.672 1
    endloop
  endfacet
  facet normal 0 0 1
    outer loop
      vertex 76.2507 151.501 1
      vertex 77.336 153.562 1
      vertex 76.4223 153.622 1
    endloop
  endfacet
  facet normal 0 0 1
    outer loop
      vertex 77.336 153.562 1
      vertex 76.2507 151.501 1
      vertex 76.5957 151.107 1
    endloop
  endfacet
  facet normal 0 0 1
    outer loop
      vertex 76.4223 153.622 1
      vertex 75.8574 151.846 1
      vertex 76.2507 151.501 1
    endloop
  endfacet
  facet normal 0 0 1
    outer loop
      vertex 76.4223 153.622 1
      vertex 75.4223 152.136 1
      vertex 75.8574 151.846 1
    endloop
  endfacet
  facet normal 0 0 1
    outer loop
      vertex 76.4223 153.622 1
      vertex 74.953 152.368 1
      vertex 75.4223 152.136 1
    endloop
  endfacet
  facet normal 0 0 1
    outer loop
      vertex 76.4223 153.622 1
      vertex 74.4576 152.536 1
      vertex 74.953 152.368 1
    endloop
  endfacet
  facet normal 0 0 1
    outer loop
      vertex 76.4223 153.622 1
      vertex 73.9444 152.638 1
      vertex 74.4576 152.536 1
    endloop
  endfacet
  facet normal 0 0 1
    outer loop
      vertex 76.4223 153.622 1
      vertex 73.4223 152.672 1
      vertex 73.9444 152.638 1
    endloop
  endfacet
  facet normal 0 0 1
    outer loop
      vertex 76.4223 153.622 1
      vertex 72.9002 152.638 1
      vertex 73.4223 152.672 1
    endloop
  endfacet
  facet normal 0 0 1
    outer loop
      vertex 76.4223 153.622 1
      vertex 72.387 152.536 1
      vertex 72.9002 152.638 1
    endloop
  endfacet
  facet normal -0 0 1
    outer loop
      vertex 66.9095 148.868 1
      vertex 69.4223 148.672 1
      vertex 69.4565 149.194 1
    endloop
  endfacet
  facet normal -0 0 1
    outer loop
      vertex 66.8081 149.246 1
      vertex 69.4565 149.194 1
      vertex 69.5586 149.708 1
    endloop
  endfacet
  facet normal 0 0 1
    outer loop
      vertex 66.6123 149.585 1
      vertex 69.5586 149.708 1
      vertex 69.7268 150.203 1
    endloop
  endfacet
  facet normal 0 0 1
    outer loop
      vertex 66.483 149.733 1
      vertex 69.7268 150.203 1
      vertex 69.9582 150.672 1
    endloop
  endfacet
  facet normal 0 0 1
    outer loop
      vertex 66.1723 149.971 1
      vertex 69.9582 150.672 1
      vertex 70.2489 151.107 1
    endloop
  endfacet
  facet normal 0 0 1
    outer loop
      vertex 65.9963 150.058 1
      vertex 70.2489 151.107 1
      vertex 70.5939 151.501 1
    endloop
  endfacet
  facet normal 0 0 1
    outer loop
      vertex 65.6181 150.159 1
      vertex 70.5939 151.501 1
      vertex 70.9873 151.846 1
    endloop
  endfacet
  facet normal 0 0 1
    outer loop
      vertex 69.4223 148.672 1
      vertex 66.9095 148.868 1
      vertex 66.9223 148.672 1
    endloop
  endfacet
  facet normal 0 0 1
    outer loop
      vertex 69.4565 149.194 1
      vertex 66.8712 149.061 1
      vertex 66.9095 148.868 1
    endloop
  endfacet
  facet normal 0 0 1
    outer loop
      vertex 69.4565 149.194 1
      vertex 66.8081 149.246 1
      vertex 66.8712 149.061 1
    endloop
  endfacet
  facet normal 0 0 1
    outer loop
      vertex 65.4223 150.172 1
      vertex 70.9873 151.846 1
      vertex 71.4223 152.136 1
    endloop
  endfacet
  facet normal 0 0 1
    outer loop
      vertex 69.5586 149.708 1
      vertex 66.7213 149.422 1
      vertex 66.8081 149.246 1
    endloop
  endfacet
  facet normal 0 0 1
    outer loop
      vertex 69.5586 149.708 1
      vertex 66.6123 149.585 1
      vertex 66.7213 149.422 1
    endloop
  endfacet
  facet normal 0 0 1
    outer loop
      vertex 69.7268 150.203 1
      vertex 66.483 149.733 1
      vertex 66.6123 149.585 1
    endloop
  endfacet
  facet normal 0 0 1
    outer loop
      vertex 65.2265 150.159 1
      vertex 71.4223 152.136 1
      vertex 71.8916 152.368 1
    endloop
  endfacet
  facet normal 0 0 1
    outer loop
      vertex 69.9582 150.672 1
      vertex 66.3354 149.862 1
      vertex 66.483 149.733 1
    endloop
  endfacet
  facet normal 0 0 1
    outer loop
      vertex 69.9582 150.672 1
      vertex 66.1723 149.971 1
      vertex 66.3354 149.862 1
    endloop
  endfacet
  facet normal 0 0 1
    outer loop
      vertex 70.2489 151.107 1
      vertex 65.9963 150.058 1
      vertex 66.1723 149.971 1
    endloop
  endfacet
  facet normal 0 0 1
    outer loop
      vertex 70.5939 151.501 1
      vertex 65.8105 150.121 1
      vertex 65.9963 150.058 1
    endloop
  endfacet
  facet normal 0 0 1
    outer loop
      vertex 70.5939 151.501 1
      vertex 65.6181 150.159 1
      vertex 65.8105 150.121 1
    endloop
  endfacet
  facet normal 0 0 1
    outer loop
      vertex 70.9873 151.846 1
      vertex 65.4223 150.172 1
      vertex 65.6181 150.159 1
    endloop
  endfacet
  facet normal 0 0 1
    outer loop
      vertex 8 153.622 1
      vertex 71.8916 152.368 1
      vertex 72.387 152.536 1
    endloop
  endfacet
  facet normal 0 0 1
    outer loop
      vertex 71.4223 152.136 1
      vertex 65.2265 150.159 1
      vertex 65.4223 150.172 1
    endloop
  endfacet
  facet normal 0 0 1
    outer loop
      vertex 71.8916 152.368 1
      vertex 65.0341 150.121 1
      vertex 65.2265 150.159 1
    endloop
  endfacet
  facet normal 0 0 1
    outer loop
      vertex 63.9351 148.868 1
      vertex 8 153.622 1
      vertex 63.9223 148.672 1
    endloop
  endfacet
  facet normal 0 0 1
    outer loop
      vertex 63.9734 149.061 1
      vertex 8 153.622 1
      vertex 63.9351 148.868 1
    endloop
  endfacet
  facet normal 0 0 1
    outer loop
      vertex 64.0365 149.246 1
      vertex 8 153.622 1
      vertex 63.9734 149.061 1
    endloop
  endfacet
  facet normal 0 0 1
    outer loop
      vertex 64.1233 149.422 1
      vertex 8 153.622 1
      vertex 64.0365 149.246 1
    endloop
  endfacet
  facet normal 0 0 1
    outer loop
      vertex 64.2323 149.585 1
      vertex 8 153.622 1
      vertex 64.1233 149.422 1
    endloop
  endfacet
  facet normal 0 0 1
    outer loop
      vertex 64.3616 149.733 1
      vertex 8 153.622 1
      vertex 64.2323 149.585 1
    endloop
  endfacet
  facet normal 0 0 1
    outer loop
      vertex 64.5092 149.862 1
      vertex 8 153.622 1
      vertex 64.3616 149.733 1
    endloop
  endfacet
  facet normal 0 0 1
    outer loop
      vertex 64.6723 149.971 1
      vertex 8 153.622 1
      vertex 64.5092 149.862 1
    endloop
  endfacet
  facet normal 0 0 1
    outer loop
      vertex 64.8483 150.058 1
      vertex 8 153.622 1
      vertex 64.6723 149.971 1
    endloop
  endfacet
  facet normal 0 0 1
    outer loop
      vertex 65.0341 150.121 1
      vertex 8 153.622 1
      vertex 64.8483 150.058 1
    endloop
  endfacet
  facet normal 0 0 1
    outer loop
      vertex 71.8916 152.368 1
      vertex 8 153.622 1
      vertex 65.0341 150.121 1
    endloop
  endfacet
  facet normal -0 0 1
    outer loop
      vertex 8 153.622 1
      vertex 72.387 152.536 1
      vertex 76.4223 153.622 1
    endloop
  endfacet
  facet normal -0 0 1
    outer loop
      vertex 73.9444 144.707 1
      vertex 83.4223 8 1
      vertex 74.4576 144.809 1
    endloop
  endfacet
  facet normal -0 0 1
    outer loop
      vertex 73.4223 144.672 1
      vertex 83.4223 8 1
      vertex 73.9444 144.707 1
    endloop
  endfacet
  facet normal 0 0 1
    outer loop
      vertex 72.9002 144.707 1
      vertex 83.4223 8 1
      vertex 73.4223 144.672 1
    endloop
  endfacet
  facet normal 0 0 1
    outer loop
      vertex 72.387 144.809 1
      vertex 83.4223 8 1
      vertex 72.9002 144.707 1
    endloop
  endfacet
  facet normal 0 0 1
    outer loop
      vertex 71.8916 144.977 1
      vertex 83.4223 8 1
      vertex 72.387 144.809 1
    endloop
  endfacet
  facet normal 0 0 1
    outer loop
      vertex 65.0341 147.223 1
      vertex 83.4223 8 1
      vertex 71.8916 144.977 1
    endloop
  endfacet
  facet normal 0 0 1
    outer loop
      vertex 1 8 1
      vertex 83.4223 8 1
      vertex 65.0341 147.223 1
    endloop
  endfacet
  facet normal 0 -0 1
    outer loop
      vertex 76.4223 1 1
      vertex 83.4223 8 1
      vertex 1 8 1
    endloop
  endfacet
  facet normal 0 0 1
    outer loop
      vertex 83.4223 8 1
      vertex 76.4223 1 1
      vertex 83.3624 7.08632 1
    endloop
  endfacet
  facet normal 0 0 1
    outer loop
      vertex 83.3624 7.08632 1
      vertex 76.4223 1 1
      vertex 83.1838 6.18827 1
    endloop
  endfacet
  facet normal 0 0 1
    outer loop
      vertex 81.9758 3.73867 1
      vertex 76.4223 1 1
      vertex 81.3721 3.05025 1
    endloop
  endfacet
  facet normal 0 0 1
    outer loop
      vertex 80.6836 2.44653 1
      vertex 76.4223 1 1
      vertex 79.9223 1.93782 1
    endloop
  endfacet
  facet normal 0 0 1
    outer loop
      vertex 79.1011 1.53284 1
      vertex 76.4223 1 1
      vertex 78.234 1.23852 1
    endloop
  endfacet
  facet normal 0 0 1
    outer loop
      vertex 78.234 1.23852 1
      vertex 76.4223 1 1
      vertex 77.336 1.05989 1
    endloop
  endfacet
  facet normal 0 0 1
    outer loop
      vertex 79.9223 1.93782 1
      vertex 76.4223 1 1
      vertex 79.1011 1.53284 1
    endloop
  endfacet
  facet normal 0 0 1
    outer loop
      vertex 81.3721 3.05025 1
      vertex 76.4223 1 1
      vertex 80.6836 2.44653 1
    endloop
  endfacet
  facet normal 0 0 1
    outer loop
      vertex 82.4845 4.5 1
      vertex 76.4223 1 1
      vertex 81.9758 3.73867 1
    endloop
  endfacet
  facet normal 0 0 1
    outer loop
      vertex 65.2265 147.185 1
      vertex 71.8916 144.977 1
      vertex 71.4223 145.208 1
    endloop
  endfacet
  facet normal 0 0 1
    outer loop
      vertex 65.4223 147.172 1
      vertex 71.4223 145.208 1
      vertex 70.9873 145.499 1
    endloop
  endfacet
  facet normal 0 0 1
    outer loop
      vertex 65.6181 147.185 1
      vertex 70.9873 145.499 1
      vertex 70.5939 145.844 1
    endloop
  endfacet
  facet normal 0 0 1
    outer loop
      vertex 65.8105 147.223 1
      vertex 70.5939 145.844 1
      vertex 70.2489 146.237 1
    endloop
  endfacet
  facet normal 0 0 1
    outer loop
      vertex 66.1723 147.373 1
      vertex 70.2489 146.237 1
      vertex 69.9582 146.672 1
    endloop
  endfacet
  facet normal 0 0 1
    outer loop
      vertex 66.483 147.612 1
      vertex 69.9582 146.672 1
      vertex 69.7268 147.142 1
    endloop
  endfacet
  facet normal 0 0 1
    outer loop
      vertex 66.6123 147.759 1
      vertex 69.7268 147.142 1
      vertex 69.5586 147.637 1
    endloop
  endfacet
  facet normal -0 0 1
    outer loop
      vertex 66.8081 148.098 1
      vertex 69.5586 147.637 1
      vertex 69.4565 148.15 1
    endloop
  endfacet
  facet normal -0 0 1
    outer loop
      vertex 66.9095 148.477 1
      vertex 69.4565 148.15 1
      vertex 69.4223 148.672 1
    endloop
  endfacet
  facet normal 0 0 1
    outer loop
      vertex 66.9095 148.477 1
      vertex 69.4223 148.672 1
      vertex 66.9223 148.672 1
    endloop
  endfacet
  facet normal 0 0 1
    outer loop
      vertex 69.4565 148.15 1
      vertex 66.9095 148.477 1
      vertex 66.8712 148.284 1
    endloop
  endfacet
  facet normal 0 0 1
    outer loop
      vertex 69.4565 148.15 1
      vertex 66.8712 148.284 1
      vertex 66.8081 148.098 1
    endloop
  endfacet
  facet normal 0 0 1
    outer loop
      vertex 69.5586 147.637 1
      vertex 66.8081 148.098 1
      vertex 66.7213 147.922 1
    endloop
  endfacet
  facet normal 0 0 1
    outer loop
      vertex 69.5586 147.637 1
      vertex 66.7213 147.922 1
      vertex 66.6123 147.759 1
    endloop
  endfacet
  facet normal 0 0 1
    outer loop
      vertex 69.7268 147.142 1
      vertex 66.6123 147.759 1
      vertex 66.483 147.612 1
    endloop
  endfacet
  facet normal 0 0 1
    outer loop
      vertex 69.9582 146.672 1
      vertex 66.483 147.612 1
      vertex 66.3354 147.482 1
    endloop
  endfacet
  facet normal 0 0 1
    outer loop
      vertex 69.9582 146.672 1
      vertex 66.3354 147.482 1
      vertex 66.1723 147.373 1
    endloop
  endfacet
  facet normal 0 0 1
    outer loop
      vertex 70.2489 146.237 1
      vertex 66.1723 147.373 1
      vertex 65.9963 147.286 1
    endloop
  endfacet
  facet normal 0 0 1
    outer loop
      vertex 70.2489 146.237 1
      vertex 65.9963 147.286 1
      vertex 65.8105 147.223 1
    endloop
  endfacet
  facet normal 0 0 1
    outer loop
      vertex 70.5939 145.844 1
      vertex 65.8105 147.223 1
      vertex 65.6181 147.185 1
    endloop
  endfacet
  facet normal 0 0 1
    outer loop
      vertex 70.9873 145.499 1
      vertex 65.6181 147.185 1
      vertex 65.4223 147.172 1
    endloop
  endfacet
  facet normal 0 0 1
    outer loop
      vertex 71.4223 145.208 1
      vertex 65.4223 147.172 1
      vertex 65.2265 147.185 1
    endloop
  endfacet
  facet normal 0 0 1
    outer loop
      vertex 71.8916 144.977 1
      vertex 65.2265 147.185 1
      vertex 65.0341 147.223 1
    endloop
  endfacet
  facet normal 0 0 1
    outer loop
      vertex 83.1838 6.18827 1
      vertex 76.4223 1 1
      vertex 82.8895 5.32122 1
    endloop
  endfacet
  facet normal 0 0 1
    outer loop
      vertex 1 8 1
      vertex 65.0341 147.223 1
      vertex 64.8483 147.286 1
    endloop
  endfacet
  facet normal 0 0 1
    outer loop
      vertex 1 146.622 1
      vertex 64.8483 147.286 1
      vertex 64.6723 147.373 1
    endloop
  endfacet
  facet normal 0 0 1
    outer loop
      vertex 1 146.622 1
      vertex 64.6723 147.373 1
      vertex 64.5092 147.482 1
    endloop
  endfacet
  facet normal 0 0 1
    outer loop
      vertex 1 146.622 1
      vertex 64.5092 147.482 1
      vertex 64.3616 147.612 1
    endloop
  endfacet
  facet normal 0 0 1
    outer loop
      vertex 1 146.622 1
      vertex 64.3616 147.612 1
      vertex 64.2323 147.759 1
    endloop
  endfacet
  facet normal 0 0 1
    outer loop
      vertex 8 153.622 1
      vertex 64.2323 147.759 1
      vertex 64.1233 147.922 1
    endloop
  endfacet
  facet normal 0 0 1
    outer loop
      vertex 8 153.622 1
      vertex 64.1233 147.922 1
      vertex 64.0365 148.098 1
    endloop
  endfacet
  facet normal 0 0 1
    outer loop
      vertex 8 153.622 1
      vertex 64.0365 148.098 1
      vertex 63.9734 148.284 1
    endloop
  endfacet
  facet normal 0 0 1
    outer loop
      vertex 8 153.622 1
      vertex 63.9734 148.284 1
      vertex 63.9351 148.477 1
    endloop
  endfacet
  facet normal 0 0 1
    outer loop
      vertex 8 153.622 1
      vertex 63.9351 148.477 1
      vertex 63.9223 148.672 1
    endloop
  endfacet
  facet normal 0 0 1
    outer loop
      vertex 64.2323 147.759 1
      vertex 8 153.622 1
      vertex 1 146.622 1
    endloop
  endfacet
  facet normal 0 0 1
    outer loop
      vertex 64.8483 147.286 1
      vertex 1 146.622 1
      vertex 1 8 1
    endloop
  endfacet
  facet normal 0 0 1
    outer loop
      vertex 1 146.622 1
      vertex 8 153.622 1
      vertex 7.08632 153.562 1
    endloop
  endfacet
  facet normal 0 0 1
    outer loop
      vertex 82.8895 5.32122 1
      vertex 76.4223 1 1
      vertex 82.4845 4.5 1
    endloop
  endfacet
  facet normal 0 0 1
    outer loop
      vertex 1 146.622 1
      vertex 7.08632 153.562 1
      vertex 6.18827 153.384 1
    endloop
  endfacet
  facet normal 0 0 1
    outer loop
      vertex 76.4223 1 1
      vertex 1 8 1
      vertex 8 1 1
    endloop
  endfacet
  facet normal 0 0 1
    outer loop
      vertex 1 146.622 1
      vertex 6.18827 153.384 1
      vertex 5.32122 153.089 1
    endloop
  endfacet
  facet normal 0 0 1
    outer loop
      vertex 8 1 1
      vertex 1 8 1
      vertex 7.08632 1.05989 1
    endloop
  endfacet
  facet normal 0 0 1
    outer loop
      vertex 1 146.622 1
      vertex 5.32122 153.089 1
      vertex 4.5 152.684 1
    endloop
  endfacet
  facet normal 0 0 1
    outer loop
      vertex 7.08632 1.05989 1
      vertex 1 8 1
      vertex 6.18827 1.23852 1
    endloop
  endfacet
  facet normal 0 0 1
    outer loop
      vertex 1 146.622 1
      vertex 4.5 152.684 1
      vertex 3.73867 152.176 1
    endloop
  endfacet
  facet normal 0 0 1
    outer loop
      vertex 6.18827 1.23852 1
      vertex 1 8 1
      vertex 5.32122 1.53284 1
    endloop
  endfacet
  facet normal 0 0 1
    outer loop
      vertex 1 146.622 1
      vertex 3.73867 152.176 1
      vertex 3.05025 151.572 1
    endloop
  endfacet
  facet normal 0 0 1
    outer loop
      vertex 5.32122 1.53284 1
      vertex 1 8 1
      vertex 4.5 1.93782 1
    endloop
  endfacet
  facet normal 0 0 1
    outer loop
      vertex 1 146.622 1
      vertex 3.05025 151.572 1
      vertex 2.44653 150.884 1
    endloop
  endfacet
  facet normal 0 0 1
    outer loop
      vertex 4.5 1.93782 1
      vertex 1 8 1
      vertex 3.73867 2.44653 1
    endloop
  endfacet
  facet normal 0 0 1
    outer loop
      vertex 1 146.622 1
      vertex 2.44653 150.884 1
      vertex 1.93782 150.122 1
    endloop
  endfacet
  facet normal 0 0 1
    outer loop
      vertex 3.73867 2.44653 1
      vertex 1 8 1
      vertex 3.05025 3.05025 1
    endloop
  endfacet
  facet normal 0 0 1
    outer loop
      vertex 1 146.622 1
      vertex 1.93782 150.122 1
      vertex 1.53284 149.301 1
    endloop
  endfacet
  facet normal 0 0 1
    outer loop
      vertex 3.05025 3.05025 1
      vertex 1 8 1
      vertex 2.44653 3.73867 1
    endloop
  endfacet
  facet normal 0 0 1
    outer loop
      vertex 1 146.622 1
      vertex 1.53284 149.301 1
      vertex 1.23852 148.434 1
    endloop
  endfacet
  facet normal 0 0 1
    outer loop
      vertex 2.44653 3.73867 1
      vertex 1 8 1
      vertex 1.93782 4.5 1
    endloop
  endfacet
  facet normal 0 0 1
    outer loop
      vertex 1 146.622 1
      vertex 1.23852 148.434 1
      vertex 1.05989 147.536 1
    endloop
  endfacet
  facet normal 0 0 1
    outer loop
      vertex 1.93782 4.5 1
      vertex 1 8 1
      vertex 1.53284 5.32122 1
    endloop
  endfacet
  facet normal 0 0 1
    outer loop
      vertex 1.53284 5.32122 1
      vertex 1 8 1
      vertex 1.23852 6.18827 1
    endloop
  endfacet
  facet normal 0 0 1
    outer loop
      vertex 1.23852 6.18827 1
      vertex 1 8 1
      vertex 1.05989 7.08632 1
    endloop
  endfacet
  facet normal 0.831467 0.555574 0
    outer loop
      vertex 2.44653 3.73867 7.5
      vertex 1.93782 4.5 1
      vertex 1.93782 4.5 7.5
    endloop
  endfacet
  facet normal 0.831467 0.555574 0
    outer loop
      vertex 1.93782 4.5 1
      vertex 2.44653 3.73867 7.5
      vertex 2.44653 3.73867 1
    endloop
  endfacet
  facet normal 0.321436 0.946931 -0
    outer loop
      vertex 6.18827 1.23852 1
      vertex 5.32122 1.53284 7.5
      vertex 6.18827 1.23852 7.5
    endloop
  endfacet
  facet normal 0.321436 0.946931 0
    outer loop
      vertex 5.32122 1.53284 7.5
      vertex 6.18827 1.23852 1
      vertex 5.32122 1.53284 1
    endloop
  endfacet
  facet normal 0.555574 0.831467 -0
    outer loop
      vertex 4.5 1.93782 1
      vertex 3.73867 2.44653 7.5
      vertex 4.5 1.93782 7.5
    endloop
  endfacet
  facet normal 0.555574 0.831467 0
    outer loop
      vertex 3.73867 2.44653 7.5
      vertex 4.5 1.93782 1
      vertex 3.73867 2.44653 1
    endloop
  endfacet
  facet normal 0.194425 -0.980917 0
    outer loop
      vertex 6.18827 153.384 1
      vertex 7.08632 153.562 7.5
      vertex 6.18827 153.384 7.5
    endloop
  endfacet
  facet normal 0.194425 -0.980917 0
    outer loop
      vertex 7.08632 153.562 7.5
      vertex 6.18827 153.384 1
      vertex 7.08632 153.562 1
    endloop
  endfacet
  facet normal 0.751645 -0.659568 0
    outer loop
      vertex 2.44653 150.884 7.5
      vertex 3.05025 151.572 1
      vertex 3.05025 151.572 7.5
    endloop
  endfacet
  facet normal 0.751645 -0.659568 0
    outer loop
      vertex 3.05025 151.572 1
      vertex 2.44653 150.884 7.5
      vertex 2.44653 150.884 1
    endloop
  endfacet
  facet normal 0.946931 0.321436 0
    outer loop
      vertex 1.53284 5.32122 7.5
      vertex 1.23852 6.18827 1
      vertex 1.23852 6.18827 7.5
    endloop
  endfacet
  facet normal 0.946931 0.321436 0
    outer loop
      vertex 1.23852 6.18827 1
      vertex 1.53284 5.32122 7.5
      vertex 1.53284 5.32122 1
    endloop
  endfacet
  facet normal 0.751844 0.659341 0
    outer loop
      vertex 3.05025 3.05025 7.5
      vertex 2.44653 3.73867 1
      vertex 2.44653 3.73867 7.5
    endloop
  endfacet
  facet normal 0.751844 0.659341 0
    outer loop
      vertex 2.44653 3.73867 1
      vertex 3.05025 3.05025 7.5
      vertex 3.05025 3.05025 1
    endloop
  endfacet
  facet normal 0.195079 0.980788 -2.00222e-06
    outer loop
      vertex 6.5435 1.16786 2.4565
      vertex 7.08632 1.05989 1
      vertex 6.38191 1.2 2.31479
    endloop
  endfacet
  facet normal 0.195106 0.980782 8.32866e-06
    outer loop
      vertex 6.70737 1.13526 2.64335
      vertex 7.08632 1.05989 1
      vertex 6.5435 1.16786 2.4565
    endloop
  endfacet
  facet normal 0.195056 0.980792 -3.60731e-06
    outer loop
      vertex 6.84545 1.1078 2.85
      vertex 7.08632 1.05989 1
      vertex 6.70737 1.13526 2.64335
    endloop
  endfacet
  facet normal 0.195126 0.980778 5.95125e-06
    outer loop
      vertex 6.95537 1.08593 3.0729
      vertex 7.08632 1.05989 1
      vertex 6.84545 1.1078 2.85
    endloop
  endfacet
  facet normal 0.195071 0.980789 2.29641e-06
    outer loop
      vertex 7.03526 1.07004 3.30824
      vertex 7.08632 1.05989 1
      vertex 6.95537 1.08593 3.0729
    endloop
  endfacet
  facet normal 0.194986 0.980806 3.54082e-07
    outer loop
      vertex 7.08375 1.0604 3.552
      vertex 7.08632 1.05989 1
      vertex 7.03526 1.07004 3.30824
    endloop
  endfacet
  facet normal 0.194648 0.980873 -0
    outer loop
      vertex 7.08632 1.05989 1
      vertex 7.08375 1.0604 3.552
      vertex 7.08632 1.05989 3.59123
    endloop
  endfacet
  facet normal 0.195087 0.980786 -1.46591e-06
    outer loop
      vertex 7.08632 1.05989 7.5
      vertex 6.38191 1.2 5.28521
      vertex 6.18827 1.23852 7.5
    endloop
  endfacet
  facet normal 0.195078 0.980788 1.36604e-06
    outer loop
      vertex 7.08632 1.05989 7.5
      vertex 6.5435 1.16786 5.1435
      vertex 6.38191 1.2 5.28521
    endloop
  endfacet
  facet normal 0.195108 0.980782 -5.80943e-06
    outer loop
      vertex 7.08632 1.05989 7.5
      vertex 6.70737 1.13526 4.95665
      vertex 6.5435 1.16786 5.1435
    endloop
  endfacet
  facet normal 0.195054 0.980792 2.56356e-06
    outer loop
      vertex 7.08632 1.05989 7.5
      vertex 6.84545 1.1078 4.75
      vertex 6.70737 1.13526 4.95665
    endloop
  endfacet
  facet normal 0.19513 0.980777 -4.29733e-06
    outer loop
      vertex 7.08632 1.05989 7.5
      vertex 6.95537 1.08593 4.5271
      vertex 6.84545 1.1078 4.75
    endloop
  endfacet
  facet normal 0.195072 0.980789 -1.68105e-06
    outer loop
      vertex 7.08632 1.05989 7.5
      vertex 7.03526 1.07004 4.29176
      vertex 6.95537 1.08593 4.5271
    endloop
  endfacet
  facet normal 0.194987 0.980806 -2.6211e-07
    outer loop
      vertex 7.08632 1.05989 7.5
      vertex 7.08375 1.0604 4.048
      vertex 7.03526 1.07004 4.29176
    endloop
  endfacet
  facet normal 0.194648 0.980873 0
    outer loop
      vertex 7.08375 1.0604 4.048
      vertex 7.08632 1.05989 7.5
      vertex 7.08632 1.05989 4.00877
    endloop
  endfacet
  facet normal 0.195103 0.980783 0
    outer loop
      vertex 6.18827 1.23852 1
      vertex 6.38191 1.2 5.28521
      vertex 6.38191 1.2 2.31479
    endloop
  endfacet
  facet normal 0.195103 0.980783 0
    outer loop
      vertex 6.38191 1.2 5.28521
      vertex 6.18827 1.23852 1
      vertex 6.18827 1.23852 7.5
    endloop
  endfacet
  facet normal 0.195087 0.980786 2.46935e-06
    outer loop
      vertex 6.18827 1.23852 1
      vertex 6.38191 1.2 2.31479
      vertex 7.08632 1.05989 1
    endloop
  endfacet
  facet normal 1 -0 0
    outer loop
      vertex 37.7112 0 6.05
      vertex 37.7112 1 2.55
      vertex 37.7112 1 6.05
    endloop
  endfacet
  facet normal 1 0 0
    outer loop
      vertex 37.7112 1 2.55
      vertex 37.7112 0 6.05
      vertex 37.7112 0 2.55
    endloop
  endfacet
  facet normal 0 0 -1
    outer loop
      vertex 37.7112 0 6.05
      vertex 46.7112 1 6.05
      vertex 46.7112 0 6.05
    endloop
  endfacet
  facet normal -0 0 -1
    outer loop
      vertex 46.7112 1 6.05
      vertex 37.7112 0 6.05
      vertex 37.7112 1 6.05
    endloop
  endfacet
  facet normal -1 0 0
    outer loop
      vertex 46.7112 0 2.55
      vertex 46.7112 1 6.05
      vertex 46.7112 1 2.55
    endloop
  endfacet
  facet normal -1 -0 0
    outer loop
      vertex 46.7112 1 6.05
      vertex 46.7112 0 2.55
      vertex 46.7112 0 6.05
    endloop
  endfacet
  facet normal -0 0 1
    outer loop
      vertex 37.7112 1 2.55
      vertex 46.7112 0 2.55
      vertex 46.7112 1 2.55
    endloop
  endfacet
  facet normal 0 0 1
    outer loop
      vertex 46.7112 0 2.55
      vertex 37.7112 1 2.55
      vertex 37.7112 0 2.55
    endloop
  endfacet
  facet normal -0.554612 -0.832109 0
    outer loop
      vertex 75.4223 152.136 -0.599999
      vertex 75.8574 151.846 1
      vertex 75.4223 152.136 1
    endloop
  endfacet
  facet normal -0.554612 -0.832109 -0
    outer loop
      vertex 75.8574 151.846 1
      vertex 75.4223 152.136 -0.599999
      vertex 75.8574 151.846 -0.599999
    endloop
  endfacet
  facet normal 0.980837 -0.194832 0
    outer loop
      vertex 69.4565 149.194 1
      vertex 69.5586 149.708 -0.599999
      vertex 69.5586 149.708 1
    endloop
  endfacet
  facet normal 0.980837 -0.194832 0
    outer loop
      vertex 69.5586 149.708 -0.599999
      vertex 69.4565 149.194 1
      vertex 69.4565 149.194 -0.599999
    endloop
  endfacet
  facet normal -0.980764 0.195197 0
    outer loop
      vertex 77.286 147.637 -0.599999
      vertex 77.3881 148.15 1
      vertex 77.3881 148.15 -0.599999
    endloop
  endfacet
  facet normal -0.980764 0.195197 0
    outer loop
      vertex 77.3881 148.15 1
      vertex 77.286 147.637 -0.599999
      vertex 77.286 147.637 1
    endloop
  endfacet
  facet normal 0.443159 -0.896443 0
    outer loop
      vertex 71.4223 152.136 -0.599999
      vertex 71.8916 152.368 1
      vertex 71.4223 152.136 1
    endloop
  endfacet
  facet normal 0.443159 -0.896443 0
    outer loop
      vertex 71.8916 152.368 1
      vertex 71.4223 152.136 -0.599999
      vertex 71.8916 152.368 -0.599999
    endloop
  endfacet
  facet normal 0.946831 -0.321731 0
    outer loop
      vertex 69.5586 149.708 1
      vertex 69.7268 150.203 -0.599999
      vertex 69.7268 150.203 1
    endloop
  endfacet
  facet normal 0.946831 -0.321731 0
    outer loop
      vertex 69.7268 150.203 -0.599999
      vertex 69.5586 149.708 1
      vertex 69.5586 149.708 -0.599999
    endloop
  endfacet
  facet normal -0.896786 -0.442465 0
    outer loop
      vertex 77.1178 150.203 -0.599999
      vertex 76.8864 150.672 1
      vertex 76.8864 150.672 -0.599999
    endloop
  endfacet
  facet normal -0.896786 -0.442465 0
    outer loop
      vertex 76.8864 150.672 1
      vertex 77.1178 150.203 -0.599999
      vertex 77.1178 150.203 1
    endloop
  endfacet
  facet normal -0.831432 -0.555626 0
    outer loop
      vertex 76.8864 150.672 -0.599999
      vertex 76.5957 151.107 1
      vertex 76.5957 151.107 -0.599999
    endloop
  endfacet
  facet normal -0.831432 -0.555626 0
    outer loop
      vertex 76.5957 151.107 1
      vertex 76.8864 150.672 -0.599999
      vertex 76.8864 150.672 1
    endloop
  endfacet
  facet normal -0.321156 -0.947026 0
    outer loop
      vertex 74.4576 152.536 -0.599999
      vertex 74.953 152.368 1
      vertex 74.4576 152.536 1
    endloop
  endfacet
  facet normal -0.321156 -0.947026 -0
    outer loop
      vertex 74.953 152.368 1
      vertex 74.4576 152.536 -0.599999
      vertex 74.953 152.368 -0.599999
    endloop
  endfacet
  facet normal -0.19494 -0.980815 0
    outer loop
      vertex 73.9444 152.638 -0.599999
      vertex 74.4576 152.536 1
      vertex 73.9444 152.638 1
    endloop
  endfacet
  facet normal -0.19494 -0.980815 -0
    outer loop
      vertex 74.4576 152.536 1
      vertex 73.9444 152.638 -0.599999
      vertex 74.4576 152.536 -0.599999
    endloop
  endfacet
  facet normal -0.064984 -0.997886 0
    outer loop
      vertex 73.4223 152.672 -0.599999
      vertex 73.9444 152.638 1
      vertex 73.4223 152.672 1
    endloop
  endfacet
  facet normal -0.064984 -0.997886 -0
    outer loop
      vertex 73.9444 152.638 1
      vertex 73.4223 152.672 -0.599999
      vertex 73.9444 152.638 -0.599999
    endloop
  endfacet
  facet normal 0.997861 -0.0653771 0
    outer loop
      vertex 69.4223 148.672 1
      vertex 69.4565 149.194 -0.599999
      vertex 69.4565 149.194 1
    endloop
  endfacet
  facet normal 0.997861 -0.0653771 0
    outer loop
      vertex 69.4565 149.194 -0.599999
      vertex 69.4223 148.672 1
      vertex 69.4223 148.672 -0.599999
    endloop
  endfacet
  facet normal 0.831432 -0.555626 0
    outer loop
      vertex 69.9582 150.672 1
      vertex 70.2489 151.107 -0.599999
      vertex 70.2489 151.107 1
    endloop
  endfacet
  facet normal 0.831432 -0.555626 0
    outer loop
      vertex 70.2489 151.107 -0.599999
      vertex 69.9582 150.672 1
      vertex 69.9582 150.672 -0.599999
    endloop
  endfacet
  facet normal 0.5547 -0.83205 0
    outer loop
      vertex 70.9873 151.846 -0.599999
      vertex 71.4223 152.136 1
      vertex 70.9873 151.846 1
    endloop
  endfacet
  facet normal 0.5547 -0.83205 0
    outer loop
      vertex 71.4223 152.136 1
      vertex 70.9873 151.846 -0.599999
      vertex 71.4223 152.136 -0.599999
    endloop
  endfacet
  facet normal 0.321156 -0.947026 0
    outer loop
      vertex 71.8916 152.368 -0.599999
      vertex 72.387 152.536 1
      vertex 71.8916 152.368 1
    endloop
  endfacet
  facet normal 0.321156 -0.947026 0
    outer loop
      vertex 72.387 152.536 1
      vertex 71.8916 152.368 -0.599999
      vertex 72.387 152.536 -0.599999
    endloop
  endfacet
  facet normal -0.997861 0.0653771 0
    outer loop
      vertex 77.3881 148.15 -0.599999
      vertex 77.4223 148.672 1
      vertex 77.4223 148.672 -0.599999
    endloop
  endfacet
  facet normal -0.997861 0.0653771 0
    outer loop
      vertex 77.4223 148.672 1
      vertex 77.3881 148.15 -0.599999
      vertex 77.3881 148.15 1
    endloop
  endfacet
  facet normal -0.0668868 0.997761 0
    outer loop
      vertex 73.9444 144.707 -0.599999
      vertex 73.4223 144.672 1
      vertex 73.9444 144.707 1
    endloop
  endfacet
  facet normal -0.0668868 0.997761 0
    outer loop
      vertex 73.4223 144.672 1
      vertex 73.9444 144.707 -0.599999
      vertex 73.4223 144.672 -0.599999
    endloop
  endfacet
  facet normal -0.831432 0.555626 0
    outer loop
      vertex 76.5957 146.237 -0.599999
      vertex 76.8864 146.672 1
      vertex 76.8864 146.672 -0.599999
    endloop
  endfacet
  facet normal -0.831432 0.555626 0
    outer loop
      vertex 76.8864 146.672 1
      vertex 76.5957 146.237 -0.599999
      vertex 76.5957 146.237 1
    endloop
  endfacet
  facet normal 0.0668868 0.997761 -0
    outer loop
      vertex 73.4223 144.672 -0.599999
      vertex 72.9002 144.707 1
      vertex 73.4223 144.672 1
    endloop
  endfacet
  facet normal 0.0668868 0.997761 0
    outer loop
      vertex 72.9002 144.707 1
      vertex 73.4223 144.672 -0.599999
      vertex 72.9002 144.707 -0.599999
    endloop
  endfacet
  facet normal 0.659343 0.751842 -0
    outer loop
      vertex 70.9873 145.499 -0.599999
      vertex 70.5939 145.844 1
      vertex 70.9873 145.499 1
    endloop
  endfacet
  facet normal 0.659343 0.751842 0
    outer loop
      vertex 70.5939 145.844 1
      vertex 70.9873 145.499 -0.599999
      vertex 70.5939 145.844 -0.599999
    endloop
  endfacet
  facet normal 0.997861 0.0653771 0
    outer loop
      vertex 69.4565 148.15 1
      vertex 69.4223 148.672 -0.599999
      vertex 69.4223 148.672 1
    endloop
  endfacet
  facet normal 0.997861 0.0653771 0
    outer loop
      vertex 69.4223 148.672 -0.599999
      vertex 69.4565 148.15 1
      vertex 69.4565 148.15 -0.599999
    endloop
  endfacet
  facet normal -0.946831 -0.321731 0
    outer loop
      vertex 77.286 149.708 -0.599999
      vertex 77.1178 150.203 1
      vertex 77.1178 150.203 -0.599999
    endloop
  endfacet
  facet normal -0.946831 -0.321731 0
    outer loop
      vertex 77.1178 150.203 1
      vertex 77.286 149.708 -0.599999
      vertex 77.286 149.708 1
    endloop
  endfacet
  facet normal -0.75234 -0.658775 0
    outer loop
      vertex 76.5957 151.107 -0.599999
      vertex 76.2507 151.501 1
      vertex 76.2507 151.501 -0.599999
    endloop
  endfacet
  facet normal -0.75234 -0.658775 0
    outer loop
      vertex 76.2507 151.501 1
      vertex 76.5957 151.107 -0.599999
      vertex 76.5957 151.107 1
    endloop
  endfacet
  facet normal -0.659438 -0.751759 0
    outer loop
      vertex 75.8574 151.846 -0.599999
      vertex 76.2507 151.501 1
      vertex 75.8574 151.846 1
    endloop
  endfacet
  facet normal -0.659438 -0.751759 -0
    outer loop
      vertex 76.2507 151.501 1
      vertex 75.8574 151.846 -0.599999
      vertex 76.2507 151.501 -0.599999
    endloop
  endfacet
  facet normal -0.443159 -0.896443 0
    outer loop
      vertex 74.953 152.368 -0.599999
      vertex 75.4223 152.136 1
      vertex 74.953 152.368 1
    endloop
  endfacet
  facet normal -0.443159 -0.896443 -0
    outer loop
      vertex 75.4223 152.136 1
      vertex 74.953 152.368 -0.599999
      vertex 75.4223 152.136 -0.599999
    endloop
  endfacet
  facet normal 0.064984 -0.997886 0
    outer loop
      vertex 72.9002 152.638 -0.599999
      vertex 73.4223 152.672 1
      vertex 72.9002 152.638 1
    endloop
  endfacet
  facet normal 0.064984 -0.997886 0
    outer loop
      vertex 73.4223 152.672 1
      vertex 72.9002 152.638 -0.599999
      vertex 73.4223 152.672 -0.599999
    endloop
  endfacet
  facet normal 0.896786 -0.442465 0
    outer loop
      vertex 69.7268 150.203 1
      vertex 69.9582 150.672 -0.599999
      vertex 69.9582 150.672 1
    endloop
  endfacet
  facet normal 0.896786 -0.442465 0
    outer loop
      vertex 69.9582 150.672 -0.599999
      vertex 69.7268 150.203 1
      vertex 69.7268 150.203 -0.599999
    endloop
  endfacet
  facet normal 0.19494 -0.980815 0
    outer loop
      vertex 72.387 152.536 -0.599999
      vertex 72.9002 152.638 1
      vertex 72.387 152.536 1
    endloop
  endfacet
  facet normal 0.19494 -0.980815 0
    outer loop
      vertex 72.9002 152.638 1
      vertex 72.387 152.536 -0.599999
      vertex 72.9002 152.638 -0.599999
    endloop
  endfacet
  facet normal 0.659343 -0.751842 0
    outer loop
      vertex 70.5939 151.501 -0.599999
      vertex 70.9873 151.846 1
      vertex 70.5939 151.501 1
    endloop
  endfacet
  facet normal 0.659343 -0.751842 0
    outer loop
      vertex 70.9873 151.846 1
      vertex 70.5939 151.501 -0.599999
      vertex 70.9873 151.846 -0.599999
    endloop
  endfacet
  facet normal 0.75234 -0.658775 0
    outer loop
      vertex 70.2489 151.107 1
      vertex 70.5939 151.501 -0.599999
      vertex 70.5939 151.501 1
    endloop
  endfacet
  facet normal 0.75234 -0.658775 0
    outer loop
      vertex 70.5939 151.501 -0.599999
      vertex 70.2489 151.107 1
      vertex 70.2489 151.107 -0.599999
    endloop
  endfacet
  facet normal -0.997861 -0.0653771 0
    outer loop
      vertex 77.4223 148.672 -0.599999
      vertex 77.3881 149.194 1
      vertex 77.3881 149.194 -0.599999
    endloop
  endfacet
  facet normal -0.997861 -0.0653771 0
    outer loop
      vertex 77.3881 149.194 1
      vertex 77.4223 148.672 -0.599999
      vertex 77.4223 148.672 1
    endloop
  endfacet
  facet normal -0.19494 0.980815 0
    outer loop
      vertex 74.4576 144.809 -0.599999
      vertex 73.9444 144.707 1
      vertex 74.4576 144.809 1
    endloop
  endfacet
  facet normal -0.19494 0.980815 0
    outer loop
      vertex 73.9444 144.707 1
      vertex 74.4576 144.809 -0.599999
      vertex 73.9444 144.707 -0.599999
    endloop
  endfacet
  facet normal -0.659438 0.751759 0
    outer loop
      vertex 76.2507 145.844 -0.599999
      vertex 75.8574 145.499 1
      vertex 76.2507 145.844 1
    endloop
  endfacet
  facet normal -0.659438 0.751759 0
    outer loop
      vertex 75.8574 145.499 1
      vertex 76.2507 145.844 -0.599999
      vertex 75.8574 145.499 -0.599999
    endloop
  endfacet
  facet normal -0.441622 0.897201 0
    outer loop
      vertex 75.4223 145.208 -0.599999
      vertex 74.953 144.977 1
      vertex 75.4223 145.208 1
    endloop
  endfacet
  facet normal -0.441622 0.897201 0
    outer loop
      vertex 74.953 144.977 1
      vertex 75.4223 145.208 -0.599999
      vertex 74.953 144.977 -0.599999
    endloop
  endfacet
  facet normal -0.946831 0.321731 0
    outer loop
      vertex 77.1178 147.142 -0.599999
      vertex 77.286 147.637 1
      vertex 77.286 147.637 -0.599999
    endloop
  endfacet
  facet normal -0.946831 0.321731 0
    outer loop
      vertex 77.286 147.637 1
      vertex 77.1178 147.142 -0.599999
      vertex 77.1178 147.142 1
    endloop
  endfacet
  facet normal 0.321156 0.947026 -0
    outer loop
      vertex 72.387 144.809 -0.599999
      vertex 71.8916 144.977 1
      vertex 72.387 144.809 1
    endloop
  endfacet
  facet normal 0.321156 0.947026 0
    outer loop
      vertex 71.8916 144.977 1
      vertex 72.387 144.809 -0.599999
      vertex 71.8916 144.977 -0.599999
    endloop
  endfacet
  facet normal 0.556022 0.831167 -0
    outer loop
      vertex 71.4223 145.208 -0.599999
      vertex 70.9873 145.499 1
      vertex 71.4223 145.208 1
    endloop
  endfacet
  facet normal 0.556022 0.831167 0
    outer loop
      vertex 70.9873 145.499 1
      vertex 71.4223 145.208 -0.599999
      vertex 70.9873 145.499 -0.599999
    endloop
  endfacet
  facet normal 0.980764 0.195197 0
    outer loop
      vertex 69.5586 147.637 1
      vertex 69.4565 148.15 -0.599999
      vertex 69.4565 148.15 1
    endloop
  endfacet
  facet normal 0.980764 0.195197 0
    outer loop
      vertex 69.4565 148.15 -0.599999
      vertex 69.5586 147.637 1
      vertex 69.5586 147.637 -0.599999
    endloop
  endfacet
  facet normal 0.75151 0.659722 0
    outer loop
      vertex 70.5939 145.844 1
      vertex 70.2489 146.237 -0.599999
      vertex 70.2489 146.237 1
    endloop
  endfacet
  facet normal 0.75151 0.659722 0
    outer loop
      vertex 70.2489 146.237 -0.599999
      vertex 70.5939 145.844 1
      vertex 70.5939 145.844 -0.599999
    endloop
  endfacet
  facet normal 0.897159 0.441708 0
    outer loop
      vertex 69.9582 146.672 1
      vertex 69.7268 147.142 -0.599999
      vertex 69.7268 147.142 1
    endloop
  endfacet
  facet normal 0.897159 0.441708 0
    outer loop
      vertex 69.7268 147.142 -0.599999
      vertex 69.9582 146.672 1
      vertex 69.9582 146.672 -0.599999
    endloop
  endfacet
  facet normal -0.980837 -0.194832 0
    outer loop
      vertex 77.3881 149.194 -0.599999
      vertex 77.286 149.708 1
      vertex 77.286 149.708 -0.599999
    endloop
  endfacet
  facet normal -0.980837 -0.194832 0
    outer loop
      vertex 77.286 149.708 1
      vertex 77.3881 149.194 -0.599999
      vertex 77.3881 149.194 1
    endloop
  endfacet
  facet normal -0.321156 0.947026 0
    outer loop
      vertex 74.953 144.977 -0.599999
      vertex 74.4576 144.809 1
      vertex 74.953 144.977 1
    endloop
  endfacet
  facet normal -0.321156 0.947026 0
    outer loop
      vertex 74.4576 144.809 1
      vertex 74.953 144.977 -0.599999
      vertex 74.4576 144.809 -0.599999
    endloop
  endfacet
  facet normal -0.75151 0.659722 0
    outer loop
      vertex 76.2507 145.844 -0.599999
      vertex 76.5957 146.237 1
      vertex 76.5957 146.237 -0.599999
    endloop
  endfacet
  facet normal -0.75151 0.659722 0
    outer loop
      vertex 76.5957 146.237 1
      vertex 76.2507 145.844 -0.599999
      vertex 76.2507 145.844 1
    endloop
  endfacet
  facet normal -0.555934 0.831226 0
    outer loop
      vertex 75.8574 145.499 -0.599999
      vertex 75.4223 145.208 1
      vertex 75.8574 145.499 1
    endloop
  endfacet
  facet normal -0.555934 0.831226 0
    outer loop
      vertex 75.4223 145.208 1
      vertex 75.8574 145.499 -0.599999
      vertex 75.4223 145.208 -0.599999
    endloop
  endfacet
  facet normal -0.897159 0.441708 0
    outer loop
      vertex 76.8864 146.672 -0.599999
      vertex 77.1178 147.142 1
      vertex 77.1178 147.142 -0.599999
    endloop
  endfacet
  facet normal -0.897159 0.441708 0
    outer loop
      vertex 77.1178 147.142 1
      vertex 76.8864 146.672 -0.599999
      vertex 76.8864 146.672 1
    endloop
  endfacet
  facet normal 0.19494 0.980815 -0
    outer loop
      vertex 72.9002 144.707 -0.599999
      vertex 72.387 144.809 1
      vertex 72.9002 144.707 1
    endloop
  endfacet
  facet normal 0.19494 0.980815 0
    outer loop
      vertex 72.387 144.809 1
      vertex 72.9002 144.707 -0.599999
      vertex 72.387 144.809 -0.599999
    endloop
  endfacet
  facet normal 0.441622 0.897201 -0
    outer loop
      vertex 71.8916 144.977 -0.599999
      vertex 71.4223 145.208 1
      vertex 71.8916 144.977 1
    endloop
  endfacet
  facet normal 0.441622 0.897201 0
    outer loop
      vertex 71.4223 145.208 1
      vertex 71.8916 144.977 -0.599999
      vertex 71.4223 145.208 -0.599999
    endloop
  endfacet
  facet normal 0.946831 0.321731 0
    outer loop
      vertex 69.7268 147.142 1
      vertex 69.5586 147.637 -0.599999
      vertex 69.5586 147.637 1
    endloop
  endfacet
  facet normal 0.946831 0.321731 0
    outer loop
      vertex 69.5586 147.637 -0.599999
      vertex 69.7268 147.142 1
      vertex 69.7268 147.142 -0.599999
    endloop
  endfacet
  facet normal 0.831432 0.555626 0
    outer loop
      vertex 70.2489 146.237 1
      vertex 69.9582 146.672 -0.599999
      vertex 69.9582 146.672 1
    endloop
  endfacet
  facet normal 0.831432 0.555626 0
    outer loop
      vertex 69.9582 146.672 -0.599999
      vertex 70.2489 146.237 1
      vertex 70.2489 146.237 -0.599999
    endloop
  endfacet
  facet normal -0.555641 -0.831422 0
    outer loop
      vertex 66.1723 149.971 0
      vertex 66.3354 149.862 1
      vertex 66.1723 149.971 1
    endloop
  endfacet
  facet normal -0.555641 -0.831422 -0
    outer loop
      vertex 66.3354 149.862 1
      vertex 66.1723 149.971 0
      vertex 66.3354 149.862 0
    endloop
  endfacet
  facet normal 0.94646 -0.32282 0
    outer loop
      vertex 63.9734 149.061 1
      vertex 64.0365 149.246 0
      vertex 64.0365 149.246 1
    endloop
  endfacet
  facet normal 0.94646 -0.32282 0
    outer loop
      vertex 64.0365 149.246 0
      vertex 63.9734 149.061 1
      vertex 63.9734 149.061 0
    endloop
  endfacet
  facet normal 0.321117 0.94704 -0
    outer loop
      vertex 65.0341 147.223 0
      vertex 64.8483 147.286 1
      vertex 65.0341 147.223 1
    endloop
  endfacet
  facet normal 0.321117 0.94704 0
    outer loop
      vertex 64.8483 147.286 1
      vertex 65.0341 147.223 0
      vertex 64.8483 147.286 0
    endloop
  endfacet
  facet normal 0.443134 -0.896455 0
    outer loop
      vertex 64.6723 149.971 0
      vertex 64.8483 150.058 1
      vertex 64.6723 149.971 1
    endloop
  endfacet
  facet normal 0.443134 -0.896455 0
    outer loop
      vertex 64.8483 150.058 1
      vertex 64.6723 149.971 0
      vertex 64.8483 150.058 0
    endloop
  endfacet
  facet normal 0.89686 -0.442315 0
    outer loop
      vertex 64.0365 149.246 1
      vertex 64.1233 149.422 0
      vertex 64.1233 149.422 1
    endloop
  endfacet
  facet normal 0.89686 -0.442315 0
    outer loop
      vertex 64.1233 149.422 0
      vertex 64.0365 149.246 1
      vertex 64.0365 149.246 0
    endloop
  endfacet
  facet normal 0.89686 0.442315 0
    outer loop
      vertex 64.1233 147.922 1
      vertex 64.0365 148.098 0
      vertex 64.0365 148.098 1
    endloop
  endfacet
  facet normal 0.89686 0.442315 0
    outer loop
      vertex 64.0365 148.098 0
      vertex 64.1233 147.922 1
      vertex 64.1233 147.922 0
    endloop
  endfacet
  facet normal -0.94646 -0.32282 0
    outer loop
      vertex 66.8712 149.061 0
      vertex 66.8081 149.246 1
      vertex 66.8081 149.246 0
    endloop
  endfacet
  facet normal -0.94646 -0.32282 0
    outer loop
      vertex 66.8081 149.246 1
      vertex 66.8712 149.061 0
      vertex 66.8712 149.061 1
    endloop
  endfacet
  facet normal -0.658071 -0.752956 0
    outer loop
      vertex 66.3354 149.862 0
      vertex 66.483 149.733 1
      vertex 66.3354 149.862 1
    endloop
  endfacet
  facet normal -0.658071 -0.752956 -0
    outer loop
      vertex 66.483 149.733 1
      vertex 66.3354 149.862 0
      vertex 66.483 149.733 0
    endloop
  endfacet
  facet normal -0.443134 -0.896455 0
    outer loop
      vertex 65.9963 150.058 0
      vertex 66.1723 149.971 1
      vertex 65.9963 150.058 1
    endloop
  endfacet
  facet normal -0.443134 -0.896455 -0
    outer loop
      vertex 66.1723 149.971 1
      vertex 65.9963 150.058 0
      vertex 66.1723 149.971 0
    endloop
  endfacet
  facet normal -0.193762 -0.981049 0
    outer loop
      vertex 65.6181 150.159 0
      vertex 65.8105 150.121 1
      vertex 65.6181 150.159 1
    endloop
  endfacet
  facet normal -0.193762 -0.981049 -0
    outer loop
      vertex 65.8105 150.121 1
      vertex 65.6181 150.159 0
      vertex 65.8105 150.121 0
    endloop
  endfacet
  facet normal 0.753081 -0.657928 0
    outer loop
      vertex 64.2323 149.585 1
      vertex 64.3616 149.733 0
      vertex 64.3616 149.733 1
    endloop
  endfacet
  facet normal 0.753081 -0.657928 0
    outer loop
      vertex 64.3616 149.733 0
      vertex 64.2323 149.585 1
      vertex 64.2323 149.585 0
    endloop
  endfacet
  facet normal 0.555641 -0.831422 0
    outer loop
      vertex 64.5092 149.862 0
      vertex 64.6723 149.971 1
      vertex 64.5092 149.862 1
    endloop
  endfacet
  facet normal 0.555641 -0.831422 0
    outer loop
      vertex 64.6723 149.971 1
      vertex 64.5092 149.862 0
      vertex 64.6723 149.971 0
    endloop
  endfacet
  facet normal 0.193762 -0.981049 0
    outer loop
      vertex 65.0341 150.121 0
      vertex 65.2265 150.159 1
      vertex 65.0341 150.121 1
    endloop
  endfacet
  facet normal 0.193762 -0.981049 0
    outer loop
      vertex 65.2265 150.159 1
      vertex 65.0341 150.121 0
      vertex 65.2265 150.159 0
    endloop
  endfacet
  facet normal 0.658071 -0.752956 0
    outer loop
      vertex 64.3616 149.733 0
      vertex 64.5092 149.862 1
      vertex 64.3616 149.733 1
    endloop
  endfacet
  facet normal 0.658071 -0.752956 0
    outer loop
      vertex 64.5092 149.862 1
      vertex 64.3616 149.733 0
      vertex 64.5092 149.862 0
    endloop
  endfacet
  facet normal -0.321117 0.94704 0
    outer loop
      vertex 65.9963 147.286 0
      vertex 65.8105 147.223 1
      vertex 65.9963 147.286 1
    endloop
  endfacet
  facet normal -0.321117 0.94704 0
    outer loop
      vertex 65.8105 147.223 1
      vertex 65.9963 147.286 0
      vertex 65.8105 147.223 0
    endloop
  endfacet
  facet normal -0.750865 0.660455 0
    outer loop
      vertex 66.483 147.612 0
      vertex 66.6123 147.759 1
      vertex 66.6123 147.759 0
    endloop
  endfacet
  facet normal -0.750865 0.660455 0
    outer loop
      vertex 66.6123 147.759 1
      vertex 66.483 147.612 0
      vertex 66.483 147.612 1
    endloop
  endfacet
  facet normal -0.660949 0.750431 0
    outer loop
      vertex 66.483 147.612 0
      vertex 66.3354 147.482 1
      vertex 66.483 147.612 1
    endloop
  endfacet
  facet normal -0.660949 0.750431 0
    outer loop
      vertex 66.3354 147.482 1
      vertex 66.483 147.612 0
      vertex 66.3354 147.482 0
    endloop
  endfacet
  facet normal -0.443134 0.896455 0
    outer loop
      vertex 66.1723 147.373 0
      vertex 65.9963 147.286 1
      vertex 66.1723 147.373 1
    endloop
  endfacet
  facet normal -0.443134 0.896455 0
    outer loop
      vertex 65.9963 147.286 1
      vertex 66.1723 147.373 0
      vertex 65.9963 147.286 0
    endloop
  endfacet
  facet normal 0.443134 0.896455 -0
    outer loop
      vertex 64.8483 147.286 0
      vertex 64.6723 147.373 1
      vertex 64.8483 147.286 1
    endloop
  endfacet
  facet normal 0.443134 0.896455 0
    outer loop
      vertex 64.6723 147.373 1
      vertex 64.8483 147.286 0
      vertex 64.6723 147.373 0
    endloop
  endfacet
  facet normal -0.980873 -0.19465 0
    outer loop
      vertex 66.9095 148.868 0
      vertex 66.8712 149.061 1
      vertex 66.8712 149.061 0
    endloop
  endfacet
  facet normal -0.980873 -0.19465 0
    outer loop
      vertex 66.8712 149.061 1
      vertex 66.9095 148.868 0
      vertex 66.9095 148.868 1
    endloop
  endfacet
  facet normal -0.89686 -0.442315 0
    outer loop
      vertex 66.8081 149.246 0
      vertex 66.7213 149.422 1
      vertex 66.7213 149.422 0
    endloop
  endfacet
  facet normal -0.89686 -0.442315 0
    outer loop
      vertex 66.7213 149.422 1
      vertex 66.8081 149.246 0
      vertex 66.8081 149.246 1
    endloop
  endfacet
  facet normal -0.831265 -0.555877 0
    outer loop
      vertex 66.7213 149.422 0
      vertex 66.6123 149.585 1
      vertex 66.6123 149.585 0
    endloop
  endfacet
  facet normal -0.831265 -0.555877 0
    outer loop
      vertex 66.6123 149.585 1
      vertex 66.7213 149.422 0
      vertex 66.7213 149.422 1
    endloop
  endfacet
  facet normal -0.753081 -0.657928 0
    outer loop
      vertex 66.6123 149.585 0
      vertex 66.483 149.733 1
      vertex 66.483 149.733 0
    endloop
  endfacet
  facet normal -0.753081 -0.657928 0
    outer loop
      vertex 66.483 149.733 1
      vertex 66.6123 149.585 0
      vertex 66.6123 149.585 1
    endloop
  endfacet
  facet normal 0.0662484 -0.997803 0
    outer loop
      vertex 65.2265 150.159 0
      vertex 65.4223 150.172 1
      vertex 65.2265 150.159 1
    endloop
  endfacet
  facet normal 0.0662484 -0.997803 0
    outer loop
      vertex 65.4223 150.172 1
      vertex 65.2265 150.159 0
      vertex 65.4223 150.172 0
    endloop
  endfacet
  facet normal -0.321117 -0.94704 0
    outer loop
      vertex 65.8105 150.121 0
      vertex 65.9963 150.058 1
      vertex 65.8105 150.121 1
    endloop
  endfacet
  facet normal -0.321117 -0.94704 -0
    outer loop
      vertex 65.9963 150.058 1
      vertex 65.8105 150.121 0
      vertex 65.9963 150.058 0
    endloop
  endfacet
  facet normal 0.997874 -0.0651673 0
    outer loop
      vertex 63.9223 148.672 1
      vertex 63.9351 148.868 0
      vertex 63.9351 148.868 1
    endloop
  endfacet
  facet normal 0.997874 -0.0651673 0
    outer loop
      vertex 63.9351 148.868 0
      vertex 63.9223 148.672 1
      vertex 63.9223 148.672 0
    endloop
  endfacet
  facet normal 0.831265 -0.555877 0
    outer loop
      vertex 64.1233 149.422 1
      vertex 64.2323 149.585 0
      vertex 64.2323 149.585 1
    endloop
  endfacet
  facet normal 0.831265 -0.555877 0
    outer loop
      vertex 64.2323 149.585 0
      vertex 64.1233 149.422 1
      vertex 64.1233 149.422 0
    endloop
  endfacet
  facet normal -0.997874 -0.0651673 0
    outer loop
      vertex 66.9223 148.672 0
      vertex 66.9095 148.868 1
      vertex 66.9095 148.868 0
    endloop
  endfacet
  facet normal -0.997874 -0.0651673 0
    outer loop
      vertex 66.9095 148.868 1
      vertex 66.9223 148.672 0
      vertex 66.9223 148.672 1
    endloop
  endfacet
  facet normal -0.0662484 0.997803 0
    outer loop
      vertex 65.6181 147.185 0
      vertex 65.4223 147.172 1
      vertex 65.6181 147.185 1
    endloop
  endfacet
  facet normal -0.0662484 0.997803 0
    outer loop
      vertex 65.4223 147.172 1
      vertex 65.6181 147.185 0
      vertex 65.4223 147.172 0
    endloop
  endfacet
  facet normal -0.94699 0.321264 0
    outer loop
      vertex 66.8081 148.098 0
      vertex 66.8712 148.284 1
      vertex 66.8712 148.284 0
    endloop
  endfacet
  facet normal -0.94699 0.321264 0
    outer loop
      vertex 66.8712 148.284 1
      vertex 66.8081 148.098 0
      vertex 66.8081 148.098 1
    endloop
  endfacet
  facet normal -0.193762 0.981049 0
    outer loop
      vertex 65.8105 147.223 0
      vertex 65.6181 147.185 1
      vertex 65.8105 147.223 1
    endloop
  endfacet
  facet normal -0.193762 0.981049 0
    outer loop
      vertex 65.6181 147.185 1
      vertex 65.8105 147.223 0
      vertex 65.6181 147.185 0
    endloop
  endfacet
  facet normal -0.555641 0.831422 0
    outer loop
      vertex 66.3354 147.482 0
      vertex 66.1723 147.373 1
      vertex 66.3354 147.482 1
    endloop
  endfacet
  facet normal -0.555641 0.831422 0
    outer loop
      vertex 66.1723 147.373 1
      vertex 66.3354 147.482 0
      vertex 66.1723 147.373 0
    endloop
  endfacet
  facet normal -0.89686 0.442315 0
    outer loop
      vertex 66.7213 147.922 0
      vertex 66.8081 148.098 1
      vertex 66.8081 148.098 0
    endloop
  endfacet
  facet normal -0.89686 0.442315 0
    outer loop
      vertex 66.8081 148.098 1
      vertex 66.7213 147.922 0
      vertex 66.7213 147.922 1
    endloop
  endfacet
  facet normal -0.831265 0.555877 0
    outer loop
      vertex 66.6123 147.759 0
      vertex 66.7213 147.922 1
      vertex 66.7213 147.922 0
    endloop
  endfacet
  facet normal -0.831265 0.555877 0
    outer loop
      vertex 66.7213 147.922 1
      vertex 66.6123 147.759 0
      vertex 66.6123 147.759 1
    endloop
  endfacet
  facet normal 0.193762 0.981049 -0
    outer loop
      vertex 65.2265 147.185 0
      vertex 65.0341 147.223 1
      vertex 65.2265 147.185 1
    endloop
  endfacet
  facet normal 0.193762 0.981049 0
    outer loop
      vertex 65.0341 147.223 1
      vertex 65.2265 147.185 0
      vertex 65.0341 147.223 0
    endloop
  endfacet
  facet normal 0.0662484 0.997803 -0
    outer loop
      vertex 65.4223 147.172 0
      vertex 65.2265 147.185 1
      vertex 65.4223 147.172 1
    endloop
  endfacet
  facet normal 0.0662484 0.997803 0
    outer loop
      vertex 65.2265 147.185 1
      vertex 65.4223 147.172 0
      vertex 65.2265 147.185 0
    endloop
  endfacet
  facet normal 0.660949 0.750431 -0
    outer loop
      vertex 64.5092 147.482 0
      vertex 64.3616 147.612 1
      vertex 64.5092 147.482 1
    endloop
  endfacet
  facet normal 0.660949 0.750431 0
    outer loop
      vertex 64.3616 147.612 1
      vertex 64.5092 147.482 0
      vertex 64.3616 147.612 0
    endloop
  endfacet
  facet normal 0.94699 0.321264 0
    outer loop
      vertex 64.0365 148.098 1
      vertex 63.9734 148.284 0
      vertex 63.9734 148.284 1
    endloop
  endfacet
  facet normal 0.94699 0.321264 0
    outer loop
      vertex 63.9734 148.284 0
      vertex 64.0365 148.098 1
      vertex 64.0365 148.098 0
    endloop
  endfacet
  facet normal 0.997853 0.0655001 0
    outer loop
      vertex 63.9351 148.477 1
      vertex 63.9223 148.672 0
      vertex 63.9223 148.672 1
    endloop
  endfacet
  facet normal 0.997853 0.0655001 0
    outer loop
      vertex 63.9223 148.672 0
      vertex 63.9351 148.477 1
      vertex 63.9351 148.477 0
    endloop
  endfacet
  facet normal 0.831265 0.555877 0
    outer loop
      vertex 64.2323 147.759 1
      vertex 64.1233 147.922 0
      vertex 64.1233 147.922 1
    endloop
  endfacet
  facet normal 0.831265 0.555877 0
    outer loop
      vertex 64.1233 147.922 0
      vertex 64.2323 147.759 1
      vertex 64.2323 147.759 0
    endloop
  endfacet
  facet normal 0.750865 0.660455 0
    outer loop
      vertex 64.3616 147.612 1
      vertex 64.2323 147.759 0
      vertex 64.2323 147.759 1
    endloop
  endfacet
  facet normal 0.750865 0.660455 0
    outer loop
      vertex 64.2323 147.759 0
      vertex 64.3616 147.612 1
      vertex 64.3616 147.612 0
    endloop
  endfacet
  facet normal -0.0662484 -0.997803 0
    outer loop
      vertex 65.4223 150.172 0
      vertex 65.6181 150.159 1
      vertex 65.4223 150.172 1
    endloop
  endfacet
  facet normal -0.0662484 -0.997803 -0
    outer loop
      vertex 65.6181 150.159 1
      vertex 65.4223 150.172 0
      vertex 65.6181 150.159 0
    endloop
  endfacet
  facet normal 0.980873 -0.19465 0
    outer loop
      vertex 63.9351 148.868 1
      vertex 63.9734 149.061 0
      vertex 63.9734 149.061 1
    endloop
  endfacet
  facet normal 0.980873 -0.19465 0
    outer loop
      vertex 63.9734 149.061 0
      vertex 63.9351 148.868 1
      vertex 63.9351 148.868 0
    endloop
  endfacet
  facet normal 0.321117 -0.94704 0
    outer loop
      vertex 64.8483 150.058 0
      vertex 65.0341 150.121 1
      vertex 64.8483 150.058 1
    endloop
  endfacet
  facet normal 0.321117 -0.94704 0
    outer loop
      vertex 65.0341 150.121 1
      vertex 64.8483 150.058 0
      vertex 65.0341 150.121 0
    endloop
  endfacet
  facet normal -0.980873 0.19465 0
    outer loop
      vertex 66.8712 148.284 0
      vertex 66.9095 148.477 1
      vertex 66.9095 148.477 0
    endloop
  endfacet
  facet normal -0.980873 0.19465 0
    outer loop
      vertex 66.9095 148.477 1
      vertex 66.8712 148.284 0
      vertex 66.8712 148.284 1
    endloop
  endfacet
  facet normal -0.997853 0.0655001 0
    outer loop
      vertex 66.9095 148.477 0
      vertex 66.9223 148.672 1
      vertex 66.9223 148.672 0
    endloop
  endfacet
  facet normal -0.997853 0.0655001 0
    outer loop
      vertex 66.9223 148.672 1
      vertex 66.9095 148.477 0
      vertex 66.9095 148.477 1
    endloop
  endfacet
  facet normal 0.555641 0.831422 -0
    outer loop
      vertex 64.6723 147.373 0
      vertex 64.5092 147.482 1
      vertex 64.6723 147.373 1
    endloop
  endfacet
  facet normal 0.555641 0.831422 0
    outer loop
      vertex 64.5092 147.482 1
      vertex 64.6723 147.373 0
      vertex 64.5092 147.482 0
    endloop
  endfacet
  facet normal 0.980873 0.19465 0
    outer loop
      vertex 63.9734 148.284 1
      vertex 63.9351 148.477 0
      vertex 63.9351 148.477 1
    endloop
  endfacet
  facet normal 0.980873 0.19465 0
    outer loop
      vertex 63.9351 148.477 0
      vertex 63.9734 148.284 1
      vertex 63.9734 148.284 0
    endloop
  endfacet
  facet normal -0.997836 0 0.0657477
    outer loop
      vertex 70.218 0 4.33474
      vertex 70.2223 1 4.4
      vertex 70.218 1 4.33474
    endloop
  endfacet
  facet normal -0.997836 0 0.0657477
    outer loop
      vertex 70.2223 1 4.4
      vertex 70.218 0 4.33474
      vertex 70.2223 0 4.4
    endloop
  endfacet
  facet normal 0.997836 -0 0.0657477
    outer loop
      vertex 69.2223 0 4.4
      vertex 69.2266 1 4.33474
      vertex 69.2223 1 4.4
    endloop
  endfacet
  facet normal 0.997836 0 0.0657477
    outer loop
      vertex 69.2266 1 4.33474
      vertex 69.2223 0 4.4
      vertex 69.2266 0 4.33474
    endloop
  endfacet
  facet normal 0.0654033 0 0.997859
    outer loop
      vertex 69.657 1 3.90428
      vertex 69.7223 0 3.9
      vertex 69.7223 1 3.9
    endloop
  endfacet
  facet normal 0.0654033 0 0.997859
    outer loop
      vertex 69.7223 0 3.9
      vertex 69.657 1 3.90428
      vertex 69.657 0 3.90428
    endloop
  endfacet
  facet normal -0.659197 0 0.75197
    outer loop
      vertex 70.0267 1 4.00332
      vertex 70.0759 0 4.04645
      vertex 70.0759 1 4.04645
    endloop
  endfacet
  facet normal -0.659197 0 0.75197
    outer loop
      vertex 70.0759 0 4.04645
      vertex 70.0267 1 4.00332
      vertex 70.0267 0 4.00332
    endloop
  endfacet
  facet normal 0.659955 0 0.751305
    outer loop
      vertex 69.3688 1 4.04645
      vertex 69.4179 0 4.00332
      vertex 69.4179 1 4.00332
    endloop
  endfacet
  facet normal 0.659955 0 0.751305
    outer loop
      vertex 69.4179 0 4.00332
      vertex 69.3688 1 4.04645
      vertex 69.3688 0 4.04645
    endloop
  endfacet
  facet normal 0.442072 0 0.89698
    outer loop
      vertex 69.4723 1 3.96699
      vertex 69.531 0 3.93806
      vertex 69.531 1 3.93806
    endloop
  endfacet
  facet normal 0.442072 0 0.89698
    outer loop
      vertex 69.531 0 3.93806
      vertex 69.4723 1 3.96699
      vertex 69.4723 0 3.96699
    endloop
  endfacet
  facet normal -0.897042 0 0.441945
    outer loop
      vertex 70.1553 0 4.15
      vertex 70.1842 1 4.20866
      vertex 70.1553 1 4.15
    endloop
  endfacet
  facet normal -0.897042 0 0.441945
    outer loop
      vertex 70.1842 1 4.20866
      vertex 70.1553 0 4.15
      vertex 70.1842 0 4.20866
    endloop
  endfacet
  facet normal -0.980961 0 0.194204
    outer loop
      vertex 70.2053 0 4.27059
      vertex 70.218 1 4.33474
      vertex 70.2053 1 4.27059
    endloop
  endfacet
  facet normal -0.980961 0 0.194204
    outer loop
      vertex 70.218 1 4.33474
      vertex 70.2053 0 4.27059
      vertex 70.218 0 4.33474
    endloop
  endfacet
  facet normal -0.321081 0 0.947052
    outer loop
      vertex 69.8517 1 3.91704
      vertex 69.9137 0 3.93806
      vertex 69.9137 1 3.93806
    endloop
  endfacet
  facet normal -0.321081 0 0.947052
    outer loop
      vertex 69.9137 0 3.93806
      vertex 69.8517 1 3.91704
      vertex 69.8517 0 3.91704
    endloop
  endfacet
  facet normal -0.195233 0 0.980757
    outer loop
      vertex 69.7876 1 3.90428
      vertex 69.8517 0 3.91704
      vertex 69.8517 1 3.91704
    endloop
  endfacet
  facet normal -0.195233 0 0.980757
    outer loop
      vertex 69.8517 0 3.91704
      vertex 69.7876 1 3.90428
      vertex 69.7876 0 3.90428
    endloop
  endfacet
  facet normal -0.55537 0 0.831603
    outer loop
      vertex 69.9723 1 3.96699
      vertex 70.0267 0 4.00332
      vertex 70.0267 1 4.00332
    endloop
  endfacet
  facet normal -0.55537 0 0.831603
    outer loop
      vertex 70.0267 0 4.00332
      vertex 69.9723 1 3.96699
      vertex 69.9723 0 3.96699
    endloop
  endfacet
  facet normal 0.897042 -0 0.441945
    outer loop
      vertex 69.2604 0 4.20866
      vertex 69.2893 1 4.15
      vertex 69.2604 1 4.20866
    endloop
  endfacet
  facet normal 0.897042 0 0.441945
    outer loop
      vertex 69.2893 1 4.15
      vertex 69.2604 0 4.20866
      vertex 69.2893 0 4.15
    endloop
  endfacet
  facet normal 0.831721 -0 0.555194
    outer loop
      vertex 69.2893 0 4.15
      vertex 69.3256 1 4.09562
      vertex 69.2893 1 4.15
    endloop
  endfacet
  facet normal 0.831721 0 0.555194
    outer loop
      vertex 69.3256 1 4.09562
      vertex 69.2893 0 4.15
      vertex 69.3256 0 4.09562
    endloop
  endfacet
  facet normal 0.946569 -0 0.322503
    outer loop
      vertex 69.2393 0 4.27059
      vertex 69.2604 1 4.20866
      vertex 69.2393 1 4.27059
    endloop
  endfacet
  facet normal 0.946569 0 0.322503
    outer loop
      vertex 69.2604 1 4.20866
      vertex 69.2393 0 4.27059
      vertex 69.2604 0 4.20866
    endloop
  endfacet
  facet normal 0.55537 0 0.831603
    outer loop
      vertex 69.4179 1 4.00332
      vertex 69.4723 0 3.96699
      vertex 69.4723 1 3.96699
    endloop
  endfacet
  facet normal 0.55537 0 0.831603
    outer loop
      vertex 69.4723 0 3.96699
      vertex 69.4179 1 4.00332
      vertex 69.4179 0 4.00332
    endloop
  endfacet
  facet normal 0.195233 0 0.980757
    outer loop
      vertex 69.5929 1 3.91704
      vertex 69.657 0 3.90428
      vertex 69.657 1 3.90428
    endloop
  endfacet
  facet normal 0.195233 0 0.980757
    outer loop
      vertex 69.657 0 3.90428
      vertex 69.5929 1 3.91704
      vertex 69.5929 0 3.91704
    endloop
  endfacet
  facet normal 0.195233 0 -0.980757
    outer loop
      vertex 69.5929 0 4.88296
      vertex 69.657 1 4.89572
      vertex 69.657 0 4.89572
    endloop
  endfacet
  facet normal 0.195233 0 -0.980757
    outer loop
      vertex 69.657 1 4.89572
      vertex 69.5929 0 4.88296
      vertex 69.5929 1 4.88296
    endloop
  endfacet
  facet normal -0.195233 0 -0.980757
    outer loop
      vertex 69.7876 0 4.89572
      vertex 69.8517 1 4.88296
      vertex 69.8517 0 4.88296
    endloop
  endfacet
  facet normal -0.195233 0 -0.980757
    outer loop
      vertex 69.8517 1 4.88296
      vertex 69.7876 0 4.89572
      vertex 69.7876 1 4.89572
    endloop
  endfacet
  facet normal -0.946569 0 0.322503
    outer loop
      vertex 70.1842 0 4.20866
      vertex 70.2053 1 4.27059
      vertex 70.1842 1 4.20866
    endloop
  endfacet
  facet normal -0.946569 0 0.322503
    outer loop
      vertex 70.2053 1 4.27059
      vertex 70.1842 0 4.20866
      vertex 70.2053 0 4.27059
    endloop
  endfacet
  facet normal -0.751998 0 0.659165
    outer loop
      vertex 70.0759 0 4.04645
      vertex 70.119 1 4.09562
      vertex 70.0759 1 4.04645
    endloop
  endfacet
  facet normal -0.751998 0 0.659165
    outer loop
      vertex 70.119 1 4.09562
      vertex 70.0759 0 4.04645
      vertex 70.119 0 4.09562
    endloop
  endfacet
  facet normal -0.831721 0 0.555194
    outer loop
      vertex 70.119 0 4.09562
      vertex 70.1553 1 4.15
      vertex 70.119 1 4.09562
    endloop
  endfacet
  facet normal -0.831721 0 0.555194
    outer loop
      vertex 70.1553 1 4.15
      vertex 70.119 0 4.09562
      vertex 70.1553 0 4.15
    endloop
  endfacet
  facet normal -0.0654033 0 0.997859
    outer loop
      vertex 69.7223 1 3.9
      vertex 69.7876 0 3.90428
      vertex 69.7876 1 3.90428
    endloop
  endfacet
  facet normal -0.0654033 0 0.997859
    outer loop
      vertex 69.7876 0 3.90428
      vertex 69.7223 1 3.9
      vertex 69.7223 0 3.9
    endloop
  endfacet
  facet normal -0.442679 0 0.89668
    outer loop
      vertex 69.9137 1 3.93806
      vertex 69.9723 0 3.96699
      vertex 69.9723 1 3.96699
    endloop
  endfacet
  facet normal -0.442679 0 0.89668
    outer loop
      vertex 69.9723 0 3.96699
      vertex 69.9137 1 3.93806
      vertex 69.9137 0 3.93806
    endloop
  endfacet
  facet normal 0.321546 0 0.946894
    outer loop
      vertex 69.531 1 3.93806
      vertex 69.5929 0 3.91704
      vertex 69.5929 1 3.91704
    endloop
  endfacet
  facet normal 0.321546 0 0.946894
    outer loop
      vertex 69.5929 0 3.91704
      vertex 69.531 1 3.93806
      vertex 69.531 0 3.93806
    endloop
  endfacet
  facet normal -0.997836 0 -0.0657477
    outer loop
      vertex 70.2223 0 4.4
      vertex 70.218 1 4.46526
      vertex 70.2223 1 4.4
    endloop
  endfacet
  facet normal -0.997836 -0 -0.0657477
    outer loop
      vertex 70.218 1 4.46526
      vertex 70.2223 0 4.4
      vertex 70.218 0 4.46526
    endloop
  endfacet
  facet normal -0.980961 0 -0.194204
    outer loop
      vertex 70.218 0 4.46526
      vertex 70.2053 1 4.52941
      vertex 70.218 1 4.46526
    endloop
  endfacet
  facet normal -0.980961 -0 -0.194204
    outer loop
      vertex 70.2053 1 4.52941
      vertex 70.218 0 4.46526
      vertex 70.2053 0 4.52941
    endloop
  endfacet
  facet normal -0.55537 0 -0.831603
    outer loop
      vertex 69.9723 0 4.83301
      vertex 70.0267 1 4.79668
      vertex 70.0267 0 4.79668
    endloop
  endfacet
  facet normal -0.55537 0 -0.831603
    outer loop
      vertex 70.0267 1 4.79668
      vertex 69.9723 0 4.83301
      vertex 69.9723 1 4.83301
    endloop
  endfacet
  facet normal 0.0654033 0 -0.997859
    outer loop
      vertex 69.657 0 4.89572
      vertex 69.7223 1 4.9
      vertex 69.7223 0 4.9
    endloop
  endfacet
  facet normal 0.0654033 0 -0.997859
    outer loop
      vertex 69.7223 1 4.9
      vertex 69.657 0 4.89572
      vertex 69.657 1 4.89572
    endloop
  endfacet
  facet normal 0.946569 0 -0.322503
    outer loop
      vertex 69.2604 0 4.59134
      vertex 69.2393 1 4.52941
      vertex 69.2604 1 4.59134
    endloop
  endfacet
  facet normal 0.946569 0 -0.322503
    outer loop
      vertex 69.2393 1 4.52941
      vertex 69.2604 0 4.59134
      vertex 69.2393 0 4.52941
    endloop
  endfacet
  facet normal -0.442679 0 -0.89668
    outer loop
      vertex 69.9137 0 4.86194
      vertex 69.9723 1 4.83301
      vertex 69.9723 0 4.83301
    endloop
  endfacet
  facet normal -0.442679 0 -0.89668
    outer loop
      vertex 69.9723 1 4.83301
      vertex 69.9137 0 4.86194
      vertex 69.9137 1 4.86194
    endloop
  endfacet
  facet normal -0.321081 0 -0.947052
    outer loop
      vertex 69.8517 0 4.88296
      vertex 69.9137 1 4.86194
      vertex 69.9137 0 4.86194
    endloop
  endfacet
  facet normal -0.321081 0 -0.947052
    outer loop
      vertex 69.9137 1 4.86194
      vertex 69.8517 0 4.88296
      vertex 69.8517 1 4.88296
    endloop
  endfacet
  facet normal 0.751241 -0 0.660028
    outer loop
      vertex 69.3256 0 4.09562
      vertex 69.3688 1 4.04645
      vertex 69.3256 1 4.09562
    endloop
  endfacet
  facet normal 0.751241 0 0.660028
    outer loop
      vertex 69.3688 1 4.04645
      vertex 69.3256 0 4.09562
      vertex 69.3688 0 4.04645
    endloop
  endfacet
  facet normal 0.980961 -0 0.194204
    outer loop
      vertex 69.2266 0 4.33474
      vertex 69.2393 1 4.27059
      vertex 69.2266 1 4.33474
    endloop
  endfacet
  facet normal 0.980961 0 0.194204
    outer loop
      vertex 69.2393 1 4.27059
      vertex 69.2266 0 4.33474
      vertex 69.2393 0 4.27059
    endloop
  endfacet
  facet normal -0.831721 0 -0.555194
    outer loop
      vertex 70.1553 0 4.65
      vertex 70.119 1 4.70438
      vertex 70.1553 1 4.65
    endloop
  endfacet
  facet normal -0.831721 -0 -0.555194
    outer loop
      vertex 70.119 1 4.70438
      vertex 70.1553 0 4.65
      vertex 70.119 0 4.70438
    endloop
  endfacet
  facet normal -0.659197 0 -0.75197
    outer loop
      vertex 70.0267 0 4.79668
      vertex 70.0759 1 4.75355
      vertex 70.0759 0 4.75355
    endloop
  endfacet
  facet normal -0.659197 0 -0.75197
    outer loop
      vertex 70.0759 1 4.75355
      vertex 70.0267 0 4.79668
      vertex 70.0267 1 4.79668
    endloop
  endfacet
  facet normal -0.897042 0 -0.441945
    outer loop
      vertex 70.1842 0 4.59134
      vertex 70.1553 1 4.65
      vertex 70.1842 1 4.59134
    endloop
  endfacet
  facet normal -0.897042 -0 -0.441945
    outer loop
      vertex 70.1553 1 4.65
      vertex 70.1842 0 4.59134
      vertex 70.1553 0 4.65
    endloop
  endfacet
  facet normal 0.321546 0 -0.946894
    outer loop
      vertex 69.531 0 4.86194
      vertex 69.5929 1 4.88296
      vertex 69.5929 0 4.88296
    endloop
  endfacet
  facet normal 0.321546 0 -0.946894
    outer loop
      vertex 69.5929 1 4.88296
      vertex 69.531 0 4.86194
      vertex 69.531 1 4.86194
    endloop
  endfacet
  facet normal 0.751241 0 -0.660028
    outer loop
      vertex 69.3688 0 4.75355
      vertex 69.3256 1 4.70438
      vertex 69.3688 1 4.75355
    endloop
  endfacet
  facet normal 0.751241 0 -0.660028
    outer loop
      vertex 69.3256 1 4.70438
      vertex 69.3688 0 4.75355
      vertex 69.3256 0 4.70438
    endloop
  endfacet
  facet normal 0.997836 0 -0.0657477
    outer loop
      vertex 69.2266 0 4.46526
      vertex 69.2223 1 4.4
      vertex 69.2266 1 4.46526
    endloop
  endfacet
  facet normal 0.997836 0 -0.0657477
    outer loop
      vertex 69.2223 1 4.4
      vertex 69.2266 0 4.46526
      vertex 69.2223 0 4.4
    endloop
  endfacet
  facet normal -0.946569 0 -0.322503
    outer loop
      vertex 70.2053 0 4.52941
      vertex 70.1842 1 4.59134
      vertex 70.2053 1 4.52941
    endloop
  endfacet
  facet normal -0.946569 -0 -0.322503
    outer loop
      vertex 70.1842 1 4.59134
      vertex 70.2053 0 4.52941
      vertex 70.1842 0 4.59134
    endloop
  endfacet
  facet normal -0.0654033 0 -0.997859
    outer loop
      vertex 69.7223 0 4.9
      vertex 69.7876 1 4.89572
      vertex 69.7876 0 4.89572
    endloop
  endfacet
  facet normal -0.0654033 0 -0.997859
    outer loop
      vertex 69.7876 1 4.89572
      vertex 69.7223 0 4.9
      vertex 69.7223 1 4.9
    endloop
  endfacet
  facet normal 0.442072 0 -0.89698
    outer loop
      vertex 69.4723 0 4.83301
      vertex 69.531 1 4.86194
      vertex 69.531 0 4.86194
    endloop
  endfacet
  facet normal 0.442072 0 -0.89698
    outer loop
      vertex 69.531 1 4.86194
      vertex 69.4723 0 4.83301
      vertex 69.4723 1 4.83301
    endloop
  endfacet
  facet normal 0.659955 0 -0.751305
    outer loop
      vertex 69.3688 0 4.75355
      vertex 69.4179 1 4.79668
      vertex 69.4179 0 4.79668
    endloop
  endfacet
  facet normal 0.659955 0 -0.751305
    outer loop
      vertex 69.4179 1 4.79668
      vertex 69.3688 0 4.75355
      vertex 69.3688 1 4.75355
    endloop
  endfacet
  facet normal 0.897042 0 -0.441945
    outer loop
      vertex 69.2893 0 4.65
      vertex 69.2604 1 4.59134
      vertex 69.2893 1 4.65
    endloop
  endfacet
  facet normal 0.897042 0 -0.441945
    outer loop
      vertex 69.2604 1 4.59134
      vertex 69.2893 0 4.65
      vertex 69.2604 0 4.59134
    endloop
  endfacet
  facet normal 0.980961 0 -0.194204
    outer loop
      vertex 69.2393 0 4.52941
      vertex 69.2266 1 4.46526
      vertex 69.2393 1 4.52941
    endloop
  endfacet
  facet normal 0.980961 0 -0.194204
    outer loop
      vertex 69.2266 1 4.46526
      vertex 69.2393 0 4.52941
      vertex 69.2266 0 4.46526
    endloop
  endfacet
  facet normal -0.751998 0 -0.659165
    outer loop
      vertex 70.119 0 4.70438
      vertex 70.0759 1 4.75355
      vertex 70.119 1 4.70438
    endloop
  endfacet
  facet normal -0.751998 -0 -0.659165
    outer loop
      vertex 70.0759 1 4.75355
      vertex 70.119 0 4.70438
      vertex 70.0759 0 4.75355
    endloop
  endfacet
  facet normal 0.55537 0 -0.831603
    outer loop
      vertex 69.4179 0 4.79668
      vertex 69.4723 1 4.83301
      vertex 69.4723 0 4.83301
    endloop
  endfacet
  facet normal 0.55537 0 -0.831603
    outer loop
      vertex 69.4723 1 4.83301
      vertex 69.4179 0 4.79668
      vertex 69.4179 1 4.79668
    endloop
  endfacet
  facet normal 0.831721 0 -0.555194
    outer loop
      vertex 69.3256 0 4.70438
      vertex 69.2893 1 4.65
      vertex 69.3256 1 4.70438
    endloop
  endfacet
  facet normal 0.831721 0 -0.555194
    outer loop
      vertex 69.2893 1 4.65
      vertex 69.3256 0 4.70438
      vertex 69.2893 0 4.65
    endloop
  endfacet
  facet normal -0.997836 0 0.0657477
    outer loop
      vertex 72.218 0 4.33474
      vertex 72.2223 1 4.4
      vertex 72.218 1 4.33474
    endloop
  endfacet
  facet normal -0.997836 0 0.0657477
    outer loop
      vertex 72.2223 1 4.4
      vertex 72.218 0 4.33474
      vertex 72.2223 0 4.4
    endloop
  endfacet
  facet normal 0.997836 -0 0.0657477
    outer loop
      vertex 71.2223 0 4.4
      vertex 71.2266 1 4.33474
      vertex 71.2223 1 4.4
    endloop
  endfacet
  facet normal 0.997836 0 0.0657477
    outer loop
      vertex 71.2266 1 4.33474
      vertex 71.2223 0 4.4
      vertex 71.2266 0 4.33474
    endloop
  endfacet
  facet normal 0.0654033 0 0.997859
    outer loop
      vertex 71.657 1 3.90428
      vertex 71.7223 0 3.9
      vertex 71.7223 1 3.9
    endloop
  endfacet
  facet normal 0.0654033 0 0.997859
    outer loop
      vertex 71.7223 0 3.9
      vertex 71.657 1 3.90428
      vertex 71.657 0 3.90428
    endloop
  endfacet
  facet normal -0.659197 0 0.75197
    outer loop
      vertex 72.0267 1 4.00332
      vertex 72.0759 0 4.04645
      vertex 72.0759 1 4.04645
    endloop
  endfacet
  facet normal -0.659197 0 0.75197
    outer loop
      vertex 72.0759 0 4.04645
      vertex 72.0267 1 4.00332
      vertex 72.0267 0 4.00332
    endloop
  endfacet
  facet normal 0.659955 0 0.751305
    outer loop
      vertex 71.3688 1 4.04645
      vertex 71.4179 0 4.00332
      vertex 71.4179 1 4.00332
    endloop
  endfacet
  facet normal 0.659955 0 0.751305
    outer loop
      vertex 71.4179 0 4.00332
      vertex 71.3688 1 4.04645
      vertex 71.3688 0 4.04645
    endloop
  endfacet
  facet normal 0.442072 0 0.89698
    outer loop
      vertex 71.4723 1 3.96699
      vertex 71.531 0 3.93806
      vertex 71.531 1 3.93806
    endloop
  endfacet
  facet normal 0.442072 0 0.89698
    outer loop
      vertex 71.531 0 3.93806
      vertex 71.4723 1 3.96699
      vertex 71.4723 0 3.96699
    endloop
  endfacet
  facet normal -0.897042 0 0.441945
    outer loop
      vertex 72.1553 0 4.15
      vertex 72.1842 1 4.20866
      vertex 72.1553 1 4.15
    endloop
  endfacet
  facet normal -0.897042 0 0.441945
    outer loop
      vertex 72.1842 1 4.20866
      vertex 72.1553 0 4.15
      vertex 72.1842 0 4.20866
    endloop
  endfacet
  facet normal -0.980961 0 0.194204
    outer loop
      vertex 72.2053 0 4.27059
      vertex 72.218 1 4.33474
      vertex 72.2053 1 4.27059
    endloop
  endfacet
  facet normal -0.980961 0 0.194204
    outer loop
      vertex 72.218 1 4.33474
      vertex 72.2053 0 4.27059
      vertex 72.218 0 4.33474
    endloop
  endfacet
  facet normal -0.321081 0 0.947052
    outer loop
      vertex 71.8517 1 3.91704
      vertex 71.9137 0 3.93806
      vertex 71.9137 1 3.93806
    endloop
  endfacet
  facet normal -0.321081 0 0.947052
    outer loop
      vertex 71.9137 0 3.93806
      vertex 71.8517 1 3.91704
      vertex 71.8517 0 3.91704
    endloop
  endfacet
  facet normal -0.195233 0 0.980757
    outer loop
      vertex 71.7876 1 3.90428
      vertex 71.8517 0 3.91704
      vertex 71.8517 1 3.91704
    endloop
  endfacet
  facet normal -0.195233 0 0.980757
    outer loop
      vertex 71.8517 0 3.91704
      vertex 71.7876 1 3.90428
      vertex 71.7876 0 3.90428
    endloop
  endfacet
  facet normal -0.55537 0 0.831603
    outer loop
      vertex 71.9723 1 3.96699
      vertex 72.0267 0 4.00332
      vertex 72.0267 1 4.00332
    endloop
  endfacet
  facet normal -0.55537 0 0.831603
    outer loop
      vertex 72.0267 0 4.00332
      vertex 71.9723 1 3.96699
      vertex 71.9723 0 3.96699
    endloop
  endfacet
  facet normal 0.897042 -0 0.441945
    outer loop
      vertex 71.2604 0 4.20866
      vertex 71.2893 1 4.15
      vertex 71.2604 1 4.20866
    endloop
  endfacet
  facet normal 0.897042 0 0.441945
    outer loop
      vertex 71.2893 1 4.15
      vertex 71.2604 0 4.20866
      vertex 71.2893 0 4.15
    endloop
  endfacet
  facet normal 0.831721 -0 0.555194
    outer loop
      vertex 71.2893 0 4.15
      vertex 71.3256 1 4.09562
      vertex 71.2893 1 4.15
    endloop
  endfacet
  facet normal 0.831721 0 0.555194
    outer loop
      vertex 71.3256 1 4.09562
      vertex 71.2893 0 4.15
      vertex 71.3256 0 4.09562
    endloop
  endfacet
  facet normal 0.946569 -0 0.322503
    outer loop
      vertex 71.2393 0 4.27059
      vertex 71.2604 1 4.20866
      vertex 71.2393 1 4.27059
    endloop
  endfacet
  facet normal 0.946569 0 0.322503
    outer loop
      vertex 71.2604 1 4.20866
      vertex 71.2393 0 4.27059
      vertex 71.2604 0 4.20866
    endloop
  endfacet
  facet normal 0.55537 0 0.831603
    outer loop
      vertex 71.4179 1 4.00332
      vertex 71.4723 0 3.96699
      vertex 71.4723 1 3.96699
    endloop
  endfacet
  facet normal 0.55537 0 0.831603
    outer loop
      vertex 71.4723 0 3.96699
      vertex 71.4179 1 4.00332
      vertex 71.4179 0 4.00332
    endloop
  endfacet
  facet normal 0.195233 0 0.980757
    outer loop
      vertex 71.5929 1 3.91704
      vertex 71.657 0 3.90428
      vertex 71.657 1 3.90428
    endloop
  endfacet
  facet normal 0.195233 0 0.980757
    outer loop
      vertex 71.657 0 3.90428
      vertex 71.5929 1 3.91704
      vertex 71.5929 0 3.91704
    endloop
  endfacet
  facet normal 0.195233 0 -0.980757
    outer loop
      vertex 71.5929 0 4.88296
      vertex 71.657 1 4.89572
      vertex 71.657 0 4.89572
    endloop
  endfacet
  facet normal 0.195233 0 -0.980757
    outer loop
      vertex 71.657 1 4.89572
      vertex 71.5929 0 4.88296
      vertex 71.5929 1 4.88296
    endloop
  endfacet
  facet normal -0.195233 0 -0.980757
    outer loop
      vertex 71.7876 0 4.89572
      vertex 71.8517 1 4.88296
      vertex 71.8517 0 4.88296
    endloop
  endfacet
  facet normal -0.195233 0 -0.980757
    outer loop
      vertex 71.8517 1 4.88296
      vertex 71.7876 0 4.89572
      vertex 71.7876 1 4.89572
    endloop
  endfacet
  facet normal -0.946569 0 0.322503
    outer loop
      vertex 72.1842 0 4.20866
      vertex 72.2053 1 4.27059
      vertex 72.1842 1 4.20866
    endloop
  endfacet
  facet normal -0.946569 0 0.322503
    outer loop
      vertex 72.2053 1 4.27059
      vertex 72.1842 0 4.20866
      vertex 72.2053 0 4.27059
    endloop
  endfacet
  facet normal -0.751998 0 0.659165
    outer loop
      vertex 72.0759 0 4.04645
      vertex 72.119 1 4.09562
      vertex 72.0759 1 4.04645
    endloop
  endfacet
  facet normal -0.751998 0 0.659165
    outer loop
      vertex 72.119 1 4.09562
      vertex 72.0759 0 4.04645
      vertex 72.119 0 4.09562
    endloop
  endfacet
  facet normal -0.831721 0 0.555194
    outer loop
      vertex 72.119 0 4.09562
      vertex 72.1553 1 4.15
      vertex 72.119 1 4.09562
    endloop
  endfacet
  facet normal -0.831721 0 0.555194
    outer loop
      vertex 72.1553 1 4.15
      vertex 72.119 0 4.09562
      vertex 72.1553 0 4.15
    endloop
  endfacet
  facet normal -0.0654033 0 0.997859
    outer loop
      vertex 71.7223 1 3.9
      vertex 71.7876 0 3.90428
      vertex 71.7876 1 3.90428
    endloop
  endfacet
  facet normal -0.0654033 0 0.997859
    outer loop
      vertex 71.7876 0 3.90428
      vertex 71.7223 1 3.9
      vertex 71.7223 0 3.9
    endloop
  endfacet
  facet normal -0.442679 0 0.89668
    outer loop
      vertex 71.9137 1 3.93806
      vertex 71.9723 0 3.96699
      vertex 71.9723 1 3.96699
    endloop
  endfacet
  facet normal -0.442679 0 0.89668
    outer loop
      vertex 71.9723 0 3.96699
      vertex 71.9137 1 3.93806
      vertex 71.9137 0 3.93806
    endloop
  endfacet
  facet normal 0.751241 -0 0.660028
    outer loop
      vertex 71.3256 0 4.09562
      vertex 71.3688 1 4.04645
      vertex 71.3256 1 4.09562
    endloop
  endfacet
  facet normal 0.751241 0 0.660028
    outer loop
      vertex 71.3688 1 4.04645
      vertex 71.3256 0 4.09562
      vertex 71.3688 0 4.04645
    endloop
  endfacet
  facet normal 0.321546 0 0.946894
    outer loop
      vertex 71.531 1 3.93806
      vertex 71.5929 0 3.91704
      vertex 71.5929 1 3.91704
    endloop
  endfacet
  facet normal 0.321546 0 0.946894
    outer loop
      vertex 71.5929 0 3.91704
      vertex 71.531 1 3.93806
      vertex 71.531 0 3.93806
    endloop
  endfacet
  facet normal -0.997836 0 -0.0657477
    outer loop
      vertex 72.2223 0 4.4
      vertex 72.218 1 4.46526
      vertex 72.2223 1 4.4
    endloop
  endfacet
  facet normal -0.997836 -0 -0.0657477
    outer loop
      vertex 72.218 1 4.46526
      vertex 72.2223 0 4.4
      vertex 72.218 0 4.46526
    endloop
  endfacet
  facet normal -0.55537 0 -0.831603
    outer loop
      vertex 71.9723 0 4.83301
      vertex 72.0267 1 4.79668
      vertex 72.0267 0 4.79668
    endloop
  endfacet
  facet normal -0.55537 0 -0.831603
    outer loop
      vertex 72.0267 1 4.79668
      vertex 71.9723 0 4.83301
      vertex 71.9723 1 4.83301
    endloop
  endfacet
  facet normal 0.0654033 0 -0.997859
    outer loop
      vertex 71.657 0 4.89572
      vertex 71.7223 1 4.9
      vertex 71.7223 0 4.9
    endloop
  endfacet
  facet normal 0.0654033 0 -0.997859
    outer loop
      vertex 71.7223 1 4.9
      vertex 71.657 0 4.89572
      vertex 71.657 1 4.89572
    endloop
  endfacet
  facet normal 0.946569 0 -0.322503
    outer loop
      vertex 71.2604 0 4.59134
      vertex 71.2393 1 4.52941
      vertex 71.2604 1 4.59134
    endloop
  endfacet
  facet normal 0.946569 0 -0.322503
    outer loop
      vertex 71.2393 1 4.52941
      vertex 71.2604 0 4.59134
      vertex 71.2393 0 4.52941
    endloop
  endfacet
  facet normal -0.442679 0 -0.89668
    outer loop
      vertex 71.9137 0 4.86194
      vertex 71.9723 1 4.83301
      vertex 71.9723 0 4.83301
    endloop
  endfacet
  facet normal -0.442679 0 -0.89668
    outer loop
      vertex 71.9723 1 4.83301
      vertex 71.9137 0 4.86194
      vertex 71.9137 1 4.86194
    endloop
  endfacet
  facet normal -0.321081 0 -0.947052
    outer loop
      vertex 71.8517 0 4.88296
      vertex 71.9137 1 4.86194
      vertex 71.9137 0 4.86194
    endloop
  endfacet
  facet normal -0.321081 0 -0.947052
    outer loop
      vertex 71.9137 1 4.86194
      vertex 71.8517 0 4.88296
      vertex 71.8517 1 4.88296
    endloop
  endfacet
  facet normal 0.980961 -0 0.194204
    outer loop
      vertex 71.2266 0 4.33474
      vertex 71.2393 1 4.27059
      vertex 71.2266 1 4.33474
    endloop
  endfacet
  facet normal 0.980961 0 0.194204
    outer loop
      vertex 71.2393 1 4.27059
      vertex 71.2266 0 4.33474
      vertex 71.2393 0 4.27059
    endloop
  endfacet
  facet normal -0.980961 0 -0.194204
    outer loop
      vertex 72.218 0 4.46526
      vertex 72.2053 1 4.52941
      vertex 72.218 1 4.46526
    endloop
  endfacet
  facet normal -0.980961 -0 -0.194204
    outer loop
      vertex 72.2053 1 4.52941
      vertex 72.218 0 4.46526
      vertex 72.2053 0 4.52941
    endloop
  endfacet
  facet normal -0.831721 0 -0.555194
    outer loop
      vertex 72.1553 0 4.65
      vertex 72.119 1 4.70438
      vertex 72.1553 1 4.65
    endloop
  endfacet
  facet normal -0.831721 -0 -0.555194
    outer loop
      vertex 72.119 1 4.70438
      vertex 72.1553 0 4.65
      vertex 72.119 0 4.70438
    endloop
  endfacet
  facet normal -0.659197 0 -0.75197
    outer loop
      vertex 72.0267 0 4.79668
      vertex 72.0759 1 4.75355
      vertex 72.0759 0 4.75355
    endloop
  endfacet
  facet normal -0.659197 0 -0.75197
    outer loop
      vertex 72.0759 1 4.75355
      vertex 72.0267 0 4.79668
      vertex 72.0267 1 4.79668
    endloop
  endfacet
  facet normal -0.897042 0 -0.441945
    outer loop
      vertex 72.1842 0 4.59134
      vertex 72.1553 1 4.65
      vertex 72.1842 1 4.59134
    endloop
  endfacet
  facet normal -0.897042 -0 -0.441945
    outer loop
      vertex 72.1553 1 4.65
      vertex 72.1842 0 4.59134
      vertex 72.1553 0 4.65
    endloop
  endfacet
  facet normal 0.321546 0 -0.946894
    outer loop
      vertex 71.531 0 4.86194
      vertex 71.5929 1 4.88296
      vertex 71.5929 0 4.88296
    endloop
  endfacet
  facet normal 0.321546 0 -0.946894
    outer loop
      vertex 71.5929 1 4.88296
      vertex 71.531 0 4.86194
      vertex 71.531 1 4.86194
    endloop
  endfacet
  facet normal 0.751241 0 -0.660028
    outer loop
      vertex 71.3688 0 4.75355
      vertex 71.3256 1 4.70438
      vertex 71.3688 1 4.75355
    endloop
  endfacet
  facet normal 0.751241 0 -0.660028
    outer loop
      vertex 71.3256 1 4.70438
      vertex 71.3688 0 4.75355
      vertex 71.3256 0 4.70438
    endloop
  endfacet
  facet normal 0.997836 0 -0.0657477
    outer loop
      vertex 71.2266 0 4.46526
      vertex 71.2223 1 4.4
      vertex 71.2266 1 4.46526
    endloop
  endfacet
  facet normal 0.997836 0 -0.0657477
    outer loop
      vertex 71.2223 1 4.4
      vertex 71.2266 0 4.46526
      vertex 71.2223 0 4.4
    endloop
  endfacet
  facet normal -0.946569 0 -0.322503
    outer loop
      vertex 72.2053 0 4.52941
      vertex 72.1842 1 4.59134
      vertex 72.2053 1 4.52941
    endloop
  endfacet
  facet normal -0.946569 -0 -0.322503
    outer loop
      vertex 72.1842 1 4.59134
      vertex 72.2053 0 4.52941
      vertex 72.1842 0 4.59134
    endloop
  endfacet
  facet normal -0.0654033 0 -0.997859
    outer loop
      vertex 71.7223 0 4.9
      vertex 71.7876 1 4.89572
      vertex 71.7876 0 4.89572
    endloop
  endfacet
  facet normal -0.0654033 0 -0.997859
    outer loop
      vertex 71.7876 1 4.89572
      vertex 71.7223 0 4.9
      vertex 71.7223 1 4.9
    endloop
  endfacet
  facet normal 0.442072 0 -0.89698
    outer loop
      vertex 71.4723 0 4.83301
      vertex 71.531 1 4.86194
      vertex 71.531 0 4.86194
    endloop
  endfacet
  facet normal 0.442072 0 -0.89698
    outer loop
      vertex 71.531 1 4.86194
      vertex 71.4723 0 4.83301
      vertex 71.4723 1 4.83301
    endloop
  endfacet
  facet normal 0.659955 0 -0.751305
    outer loop
      vertex 71.3688 0 4.75355
      vertex 71.4179 1 4.79668
      vertex 71.4179 0 4.79668
    endloop
  endfacet
  facet normal 0.659955 0 -0.751305
    outer loop
      vertex 71.4179 1 4.79668
      vertex 71.3688 0 4.75355
      vertex 71.3688 1 4.75355
    endloop
  endfacet
  facet normal 0.897042 0 -0.441945
    outer loop
      vertex 71.2893 0 4.65
      vertex 71.2604 1 4.59134
      vertex 71.2893 1 4.65
    endloop
  endfacet
  facet normal 0.897042 0 -0.441945
    outer loop
      vertex 71.2604 1 4.59134
      vertex 71.2893 0 4.65
      vertex 71.2604 0 4.59134
    endloop
  endfacet
  facet normal 0.980961 0 -0.194204
    outer loop
      vertex 71.2393 0 4.52941
      vertex 71.2266 1 4.46526
      vertex 71.2393 1 4.52941
    endloop
  endfacet
  facet normal 0.980961 0 -0.194204
    outer loop
      vertex 71.2266 1 4.46526
      vertex 71.2393 0 4.52941
      vertex 71.2266 0 4.46526
    endloop
  endfacet
  facet normal -0.751998 0 -0.659165
    outer loop
      vertex 72.119 0 4.70438
      vertex 72.0759 1 4.75355
      vertex 72.119 1 4.70438
    endloop
  endfacet
  facet normal -0.751998 -0 -0.659165
    outer loop
      vertex 72.0759 1 4.75355
      vertex 72.119 0 4.70438
      vertex 72.0759 0 4.75355
    endloop
  endfacet
  facet normal 0.55537 0 -0.831603
    outer loop
      vertex 71.4179 0 4.79668
      vertex 71.4723 1 4.83301
      vertex 71.4723 0 4.83301
    endloop
  endfacet
  facet normal 0.55537 0 -0.831603
    outer loop
      vertex 71.4723 1 4.83301
      vertex 71.4179 0 4.79668
      vertex 71.4179 1 4.79668
    endloop
  endfacet
  facet normal 0.831721 0 -0.555194
    outer loop
      vertex 71.3256 0 4.70438
      vertex 71.2893 1 4.65
      vertex 71.3256 1 4.70438
    endloop
  endfacet
  facet normal 0.831721 0 -0.555194
    outer loop
      vertex 71.2893 1 4.65
      vertex 71.3256 0 4.70438
      vertex 71.2893 0 4.65
    endloop
  endfacet
  facet normal -0.997836 0 0.0657477
    outer loop
      vertex 74.218 0 4.33474
      vertex 74.2223 1 4.4
      vertex 74.218 1 4.33474
    endloop
  endfacet
  facet normal -0.997836 0 0.0657477
    outer loop
      vertex 74.2223 1 4.4
      vertex 74.218 0 4.33474
      vertex 74.2223 0 4.4
    endloop
  endfacet
  facet normal 0.997836 -0 0.0657477
    outer loop
      vertex 73.2223 0 4.4
      vertex 73.2266 1 4.33474
      vertex 73.2223 1 4.4
    endloop
  endfacet
  facet normal 0.997836 0 0.0657477
    outer loop
      vertex 73.2266 1 4.33474
      vertex 73.2223 0 4.4
      vertex 73.2266 0 4.33474
    endloop
  endfacet
  facet normal 0.0654033 0 0.997859
    outer loop
      vertex 73.657 1 3.90428
      vertex 73.7223 0 3.9
      vertex 73.7223 1 3.9
    endloop
  endfacet
  facet normal 0.0654033 0 0.997859
    outer loop
      vertex 73.7223 0 3.9
      vertex 73.657 1 3.90428
      vertex 73.657 0 3.90428
    endloop
  endfacet
  facet normal -0.659197 0 0.75197
    outer loop
      vertex 74.0267 1 4.00332
      vertex 74.0759 0 4.04645
      vertex 74.0759 1 4.04645
    endloop
  endfacet
  facet normal -0.659197 0 0.75197
    outer loop
      vertex 74.0759 0 4.04645
      vertex 74.0267 1 4.00332
      vertex 74.0267 0 4.00332
    endloop
  endfacet
  facet normal 0.659955 0 0.751305
    outer loop
      vertex 73.3688 1 4.04645
      vertex 73.4179 0 4.00332
      vertex 73.4179 1 4.00332
    endloop
  endfacet
  facet normal 0.659955 0 0.751305
    outer loop
      vertex 73.4179 0 4.00332
      vertex 73.3688 1 4.04645
      vertex 73.3688 0 4.04645
    endloop
  endfacet
  facet normal 0.442072 0 0.89698
    outer loop
      vertex 73.4723 1 3.96699
      vertex 73.531 0 3.93806
      vertex 73.531 1 3.93806
    endloop
  endfacet
  facet normal 0.442072 0 0.89698
    outer loop
      vertex 73.531 0 3.93806
      vertex 73.4723 1 3.96699
      vertex 73.4723 0 3.96699
    endloop
  endfacet
  facet normal -0.897042 0 0.441945
    outer loop
      vertex 74.1553 0 4.15
      vertex 74.1842 1 4.20866
      vertex 74.1553 1 4.15
    endloop
  endfacet
  facet normal -0.897042 0 0.441945
    outer loop
      vertex 74.1842 1 4.20866
      vertex 74.1553 0 4.15
      vertex 74.1842 0 4.20866
    endloop
  endfacet
  facet normal -0.980961 0 0.194204
    outer loop
      vertex 74.2053 0 4.27059
      vertex 74.218 1 4.33474
      vertex 74.2053 1 4.27059
    endloop
  endfacet
  facet normal -0.980961 0 0.194204
    outer loop
      vertex 74.218 1 4.33474
      vertex 74.2053 0 4.27059
      vertex 74.218 0 4.33474
    endloop
  endfacet
  facet normal -0.321081 0 0.947052
    outer loop
      vertex 73.8517 1 3.91704
      vertex 73.9137 0 3.93806
      vertex 73.9137 1 3.93806
    endloop
  endfacet
  facet normal -0.321081 0 0.947052
    outer loop
      vertex 73.9137 0 3.93806
      vertex 73.8517 1 3.91704
      vertex 73.8517 0 3.91704
    endloop
  endfacet
  facet normal -0.195233 0 0.980757
    outer loop
      vertex 73.7876 1 3.90428
      vertex 73.8517 0 3.91704
      vertex 73.8517 1 3.91704
    endloop
  endfacet
  facet normal -0.195233 0 0.980757
    outer loop
      vertex 73.8517 0 3.91704
      vertex 73.7876 1 3.90428
      vertex 73.7876 0 3.90428
    endloop
  endfacet
  facet normal -0.55537 0 0.831603
    outer loop
      vertex 73.9723 1 3.96699
      vertex 74.0267 0 4.00332
      vertex 74.0267 1 4.00332
    endloop
  endfacet
  facet normal -0.55537 0 0.831603
    outer loop
      vertex 74.0267 0 4.00332
      vertex 73.9723 1 3.96699
      vertex 73.9723 0 3.96699
    endloop
  endfacet
  facet normal 0.897042 -0 0.441945
    outer loop
      vertex 73.2604 0 4.20866
      vertex 73.2893 1 4.15
      vertex 73.2604 1 4.20866
    endloop
  endfacet
  facet normal 0.897042 0 0.441945
    outer loop
      vertex 73.2893 1 4.15
      vertex 73.2604 0 4.20866
      vertex 73.2893 0 4.15
    endloop
  endfacet
  facet normal 0.831721 -0 0.555194
    outer loop
      vertex 73.2893 0 4.15
      vertex 73.3256 1 4.09562
      vertex 73.2893 1 4.15
    endloop
  endfacet
  facet normal 0.831721 0 0.555194
    outer loop
      vertex 73.3256 1 4.09562
      vertex 73.2893 0 4.15
      vertex 73.3256 0 4.09562
    endloop
  endfacet
  facet normal 0.946569 -0 0.322503
    outer loop
      vertex 73.2393 0 4.27059
      vertex 73.2604 1 4.20866
      vertex 73.2393 1 4.27059
    endloop
  endfacet
  facet normal 0.946569 0 0.322503
    outer loop
      vertex 73.2604 1 4.20866
      vertex 73.2393 0 4.27059
      vertex 73.2604 0 4.20866
    endloop
  endfacet
  facet normal 0.55537 0 0.831603
    outer loop
      vertex 73.4179 1 4.00332
      vertex 73.4723 0 3.96699
      vertex 73.4723 1 3.96699
    endloop
  endfacet
  facet normal 0.55537 0 0.831603
    outer loop
      vertex 73.4723 0 3.96699
      vertex 73.4179 1 4.00332
      vertex 73.4179 0 4.00332
    endloop
  endfacet
  facet normal 0.195233 0 0.980757
    outer loop
      vertex 73.5929 1 3.91704
      vertex 73.657 0 3.90428
      vertex 73.657 1 3.90428
    endloop
  endfacet
  facet normal 0.195233 0 0.980757
    outer loop
      vertex 73.657 0 3.90428
      vertex 73.5929 1 3.91704
      vertex 73.5929 0 3.91704
    endloop
  endfacet
  facet normal 0.195233 0 -0.980757
    outer loop
      vertex 73.5929 0 4.88296
      vertex 73.657 1 4.89572
      vertex 73.657 0 4.89572
    endloop
  endfacet
  facet normal 0.195233 0 -0.980757
    outer loop
      vertex 73.657 1 4.89572
      vertex 73.5929 0 4.88296
      vertex 73.5929 1 4.88296
    endloop
  endfacet
  facet normal -0.195233 0 -0.980757
    outer loop
      vertex 73.7876 0 4.89572
      vertex 73.8517 1 4.88296
      vertex 73.8517 0 4.88296
    endloop
  endfacet
  facet normal -0.195233 0 -0.980757
    outer loop
      vertex 73.8517 1 4.88296
      vertex 73.7876 0 4.89572
      vertex 73.7876 1 4.89572
    endloop
  endfacet
  facet normal -0.946569 0 0.322503
    outer loop
      vertex 74.1842 0 4.20866
      vertex 74.2053 1 4.27059
      vertex 74.1842 1 4.20866
    endloop
  endfacet
  facet normal -0.946569 0 0.322503
    outer loop
      vertex 74.2053 1 4.27059
      vertex 74.1842 0 4.20866
      vertex 74.2053 0 4.27059
    endloop
  endfacet
  facet normal -0.751998 0 0.659165
    outer loop
      vertex 74.0759 0 4.04645
      vertex 74.119 1 4.09562
      vertex 74.0759 1 4.04645
    endloop
  endfacet
  facet normal -0.751998 0 0.659165
    outer loop
      vertex 74.119 1 4.09562
      vertex 74.0759 0 4.04645
      vertex 74.119 0 4.09562
    endloop
  endfacet
  facet normal -0.831721 0 0.555194
    outer loop
      vertex 74.119 0 4.09562
      vertex 74.1553 1 4.15
      vertex 74.119 1 4.09562
    endloop
  endfacet
  facet normal -0.831721 0 0.555194
    outer loop
      vertex 74.1553 1 4.15
      vertex 74.119 0 4.09562
      vertex 74.1553 0 4.15
    endloop
  endfacet
  facet normal -0.0654033 0 0.997859
    outer loop
      vertex 73.7223 1 3.9
      vertex 73.7876 0 3.90428
      vertex 73.7876 1 3.90428
    endloop
  endfacet
  facet normal -0.0654033 0 0.997859
    outer loop
      vertex 73.7876 0 3.90428
      vertex 73.7223 1 3.9
      vertex 73.7223 0 3.9
    endloop
  endfacet
  facet normal -0.442679 0 0.89668
    outer loop
      vertex 73.9137 1 3.93806
      vertex 73.9723 0 3.96699
      vertex 73.9723 1 3.96699
    endloop
  endfacet
  facet normal -0.442679 0 0.89668
    outer loop
      vertex 73.9723 0 3.96699
      vertex 73.9137 1 3.93806
      vertex 73.9137 0 3.93806
    endloop
  endfacet
  facet normal 0.321546 0 0.946894
    outer loop
      vertex 73.531 1 3.93806
      vertex 73.5929 0 3.91704
      vertex 73.5929 1 3.91704
    endloop
  endfacet
  facet normal 0.321546 0 0.946894
    outer loop
      vertex 73.5929 0 3.91704
      vertex 73.531 1 3.93806
      vertex 73.531 0 3.93806
    endloop
  endfacet
  facet normal -0.997836 0 -0.0657477
    outer loop
      vertex 74.2223 0 4.4
      vertex 74.218 1 4.46526
      vertex 74.2223 1 4.4
    endloop
  endfacet
  facet normal -0.997836 -0 -0.0657477
    outer loop
      vertex 74.218 1 4.46526
      vertex 74.2223 0 4.4
      vertex 74.218 0 4.46526
    endloop
  endfacet
  facet normal -0.980961 0 -0.194204
    outer loop
      vertex 74.218 0 4.46526
      vertex 74.2053 1 4.52941
      vertex 74.218 1 4.46526
    endloop
  endfacet
  facet normal -0.980961 -0 -0.194204
    outer loop
      vertex 74.2053 1 4.52941
      vertex 74.218 0 4.46526
      vertex 74.2053 0 4.52941
    endloop
  endfacet
  facet normal -0.55537 0 -0.831603
    outer loop
      vertex 73.9723 0 4.83301
      vertex 74.0267 1 4.79668
      vertex 74.0267 0 4.79668
    endloop
  endfacet
  facet normal -0.55537 0 -0.831603
    outer loop
      vertex 74.0267 1 4.79668
      vertex 73.9723 0 4.83301
      vertex 73.9723 1 4.83301
    endloop
  endfacet
  facet normal 0.0654033 0 -0.997859
    outer loop
      vertex 73.657 0 4.89572
      vertex 73.7223 1 4.9
      vertex 73.7223 0 4.9
    endloop
  endfacet
  facet normal 0.0654033 0 -0.997859
    outer loop
      vertex 73.7223 1 4.9
      vertex 73.657 0 4.89572
      vertex 73.657 1 4.89572
    endloop
  endfacet
  facet normal 0.946569 0 -0.322503
    outer loop
      vertex 73.2604 0 4.59134
      vertex 73.2393 1 4.52941
      vertex 73.2604 1 4.59134
    endloop
  endfacet
  facet normal 0.946569 0 -0.322503
    outer loop
      vertex 73.2393 1 4.52941
      vertex 73.2604 0 4.59134
      vertex 73.2393 0 4.52941
    endloop
  endfacet
  facet normal -0.442679 0 -0.89668
    outer loop
      vertex 73.9137 0 4.86194
      vertex 73.9723 1 4.83301
      vertex 73.9723 0 4.83301
    endloop
  endfacet
  facet normal -0.442679 0 -0.89668
    outer loop
      vertex 73.9723 1 4.83301
      vertex 73.9137 0 4.86194
      vertex 73.9137 1 4.86194
    endloop
  endfacet
  facet normal -0.321081 0 -0.947052
    outer loop
      vertex 73.8517 0 4.88296
      vertex 73.9137 1 4.86194
      vertex 73.9137 0 4.86194
    endloop
  endfacet
  facet normal -0.321081 0 -0.947052
    outer loop
      vertex 73.9137 1 4.86194
      vertex 73.8517 0 4.88296
      vertex 73.8517 1 4.88296
    endloop
  endfacet
  facet normal 0.751241 -0 0.660028
    outer loop
      vertex 73.3256 0 4.09562
      vertex 73.3688 1 4.04645
      vertex 73.3256 1 4.09562
    endloop
  endfacet
  facet normal 0.751241 0 0.660028
    outer loop
      vertex 73.3688 1 4.04645
      vertex 73.3256 0 4.09562
      vertex 73.3688 0 4.04645
    endloop
  endfacet
  facet normal 0.980961 -0 0.194204
    outer loop
      vertex 73.2266 0 4.33474
      vertex 73.2393 1 4.27059
      vertex 73.2266 1 4.33474
    endloop
  endfacet
  facet normal 0.980961 0 0.194204
    outer loop
      vertex 73.2393 1 4.27059
      vertex 73.2266 0 4.33474
      vertex 73.2393 0 4.27059
    endloop
  endfacet
  facet normal -0.831721 0 -0.555194
    outer loop
      vertex 74.1553 0 4.65
      vertex 74.119 1 4.70438
      vertex 74.1553 1 4.65
    endloop
  endfacet
  facet normal -0.831721 -0 -0.555194
    outer loop
      vertex 74.119 1 4.70438
      vertex 74.1553 0 4.65
      vertex 74.119 0 4.70438
    endloop
  endfacet
  facet normal -0.659197 0 -0.75197
    outer loop
      vertex 74.0267 0 4.79668
      vertex 74.0759 1 4.75355
      vertex 74.0759 0 4.75355
    endloop
  endfacet
  facet normal -0.659197 0 -0.75197
    outer loop
      vertex 74.0759 1 4.75355
      vertex 74.0267 0 4.79668
      vertex 74.0267 1 4.79668
    endloop
  endfacet
  facet normal -0.897042 0 -0.441945
    outer loop
      vertex 74.1842 0 4.59134
      vertex 74.1553 1 4.65
      vertex 74.1842 1 4.59134
    endloop
  endfacet
  facet normal -0.897042 -0 -0.441945
    outer loop
      vertex 74.1553 1 4.65
      vertex 74.1842 0 4.59134
      vertex 74.1553 0 4.65
    endloop
  endfacet
  facet normal 0.321546 0 -0.946894
    outer loop
      vertex 73.531 0 4.86194
      vertex 73.5929 1 4.88296
      vertex 73.5929 0 4.88296
    endloop
  endfacet
  facet normal 0.321546 0 -0.946894
    outer loop
      vertex 73.5929 1 4.88296
      vertex 73.531 0 4.86194
      vertex 73.531 1 4.86194
    endloop
  endfacet
  facet normal 0.751241 0 -0.660028
    outer loop
      vertex 73.3688 0 4.75355
      vertex 73.3256 1 4.70438
      vertex 73.3688 1 4.75355
    endloop
  endfacet
  facet normal 0.751241 0 -0.660028
    outer loop
      vertex 73.3256 1 4.70438
      vertex 73.3688 0 4.75355
      vertex 73.3256 0 4.70438
    endloop
  endfacet
  facet normal 0.997836 0 -0.0657477
    outer loop
      vertex 73.2266 0 4.46526
      vertex 73.2223 1 4.4
      vertex 73.2266 1 4.46526
    endloop
  endfacet
  facet normal 0.997836 0 -0.0657477
    outer loop
      vertex 73.2223 1 4.4
      vertex 73.2266 0 4.46526
      vertex 73.2223 0 4.4
    endloop
  endfacet
  facet normal -0.946569 0 -0.322503
    outer loop
      vertex 74.2053 0 4.52941
      vertex 74.1842 1 4.59134
      vertex 74.2053 1 4.52941
    endloop
  endfacet
  facet normal -0.946569 -0 -0.322503
    outer loop
      vertex 74.1842 1 4.59134
      vertex 74.2053 0 4.52941
      vertex 74.1842 0 4.59134
    endloop
  endfacet
  facet normal -0.0654033 0 -0.997859
    outer loop
      vertex 73.7223 0 4.9
      vertex 73.7876 1 4.89572
      vertex 73.7876 0 4.89572
    endloop
  endfacet
  facet normal -0.0654033 0 -0.997859
    outer loop
      vertex 73.7876 1 4.89572
      vertex 73.7223 0 4.9
      vertex 73.7223 1 4.9
    endloop
  endfacet
  facet normal 0.442072 0 -0.89698
    outer loop
      vertex 73.4723 0 4.83301
      vertex 73.531 1 4.86194
      vertex 73.531 0 4.86194
    endloop
  endfacet
  facet normal 0.442072 0 -0.89698
    outer loop
      vertex 73.531 1 4.86194
      vertex 73.4723 0 4.83301
      vertex 73.4723 1 4.83301
    endloop
  endfacet
  facet normal 0.659955 0 -0.751305
    outer loop
      vertex 73.3688 0 4.75355
      vertex 73.4179 1 4.79668
      vertex 73.4179 0 4.79668
    endloop
  endfacet
  facet normal 0.659955 0 -0.751305
    outer loop
      vertex 73.4179 1 4.79668
      vertex 73.3688 0 4.75355
      vertex 73.3688 1 4.75355
    endloop
  endfacet
  facet normal 0.980961 0 -0.194204
    outer loop
      vertex 73.2393 0 4.52941
      vertex 73.2266 1 4.46526
      vertex 73.2393 1 4.52941
    endloop
  endfacet
  facet normal 0.980961 0 -0.194204
    outer loop
      vertex 73.2266 1 4.46526
      vertex 73.2393 0 4.52941
      vertex 73.2266 0 4.46526
    endloop
  endfacet
  facet normal -0.751998 0 -0.659165
    outer loop
      vertex 74.119 0 4.70438
      vertex 74.0759 1 4.75355
      vertex 74.119 1 4.70438
    endloop
  endfacet
  facet normal -0.751998 -0 -0.659165
    outer loop
      vertex 74.0759 1 4.75355
      vertex 74.119 0 4.70438
      vertex 74.0759 0 4.75355
    endloop
  endfacet
  facet normal 0.55537 0 -0.831603
    outer loop
      vertex 73.4179 0 4.79668
      vertex 73.4723 1 4.83301
      vertex 73.4723 0 4.83301
    endloop
  endfacet
  facet normal 0.55537 0 -0.831603
    outer loop
      vertex 73.4723 1 4.83301
      vertex 73.4179 0 4.79668
      vertex 73.4179 1 4.79668
    endloop
  endfacet
  facet normal 0.831721 0 -0.555194
    outer loop
      vertex 73.3256 0 4.70438
      vertex 73.2893 1 4.65
      vertex 73.3256 1 4.70438
    endloop
  endfacet
  facet normal 0.831721 0 -0.555194
    outer loop
      vertex 73.2893 1 4.65
      vertex 73.3256 0 4.70438
      vertex 73.2893 0 4.65
    endloop
  endfacet
  facet normal 0.897042 0 -0.441945
    outer loop
      vertex 73.2893 0 4.65
      vertex 73.2604 1 4.59134
      vertex 73.2893 1 4.65
    endloop
  endfacet
  facet normal 0.897042 0 -0.441945
    outer loop
      vertex 73.2604 1 4.59134
      vertex 73.2893 0 4.65
      vertex 73.2604 0 4.59134
    endloop
  endfacet
  facet normal -0.997836 0 0.0657477
    outer loop
      vertex 76.218 0 4.33474
      vertex 76.2223 1 4.4
      vertex 76.218 1 4.33474
    endloop
  endfacet
  facet normal -0.997836 0 0.0657477
    outer loop
      vertex 76.2223 1 4.4
      vertex 76.218 0 4.33474
      vertex 76.2223 0 4.4
    endloop
  endfacet
  facet normal 0.997836 -0 0.0657477
    outer loop
      vertex 75.2223 0 4.4
      vertex 75.2266 1 4.33474
      vertex 75.2223 1 4.4
    endloop
  endfacet
  facet normal 0.997836 0 0.0657477
    outer loop
      vertex 75.2266 1 4.33474
      vertex 75.2223 0 4.4
      vertex 75.2266 0 4.33474
    endloop
  endfacet
  facet normal 0.0654033 0 0.997859
    outer loop
      vertex 75.657 1 3.90428
      vertex 75.7223 0 3.9
      vertex 75.7223 1 3.9
    endloop
  endfacet
  facet normal 0.0654033 0 0.997859
    outer loop
      vertex 75.7223 0 3.9
      vertex 75.657 1 3.90428
      vertex 75.657 0 3.90428
    endloop
  endfacet
  facet normal -0.659197 0 0.75197
    outer loop
      vertex 76.0267 1 4.00332
      vertex 76.0759 0 4.04645
      vertex 76.0759 1 4.04645
    endloop
  endfacet
  facet normal -0.659197 0 0.75197
    outer loop
      vertex 76.0759 0 4.04645
      vertex 76.0267 1 4.00332
      vertex 76.0267 0 4.00332
    endloop
  endfacet
  facet normal 0.659955 0 0.751305
    outer loop
      vertex 75.3688 1 4.04645
      vertex 75.4179 0 4.00332
      vertex 75.4179 1 4.00332
    endloop
  endfacet
  facet normal 0.659955 0 0.751305
    outer loop
      vertex 75.4179 0 4.00332
      vertex 75.3688 1 4.04645
      vertex 75.3688 0 4.04645
    endloop
  endfacet
  facet normal 0.442072 0 0.89698
    outer loop
      vertex 75.4723 1 3.96699
      vertex 75.531 0 3.93806
      vertex 75.531 1 3.93806
    endloop
  endfacet
  facet normal 0.442072 0 0.89698
    outer loop
      vertex 75.531 0 3.93806
      vertex 75.4723 1 3.96699
      vertex 75.4723 0 3.96699
    endloop
  endfacet
  facet normal -0.897042 0 0.441945
    outer loop
      vertex 76.1553 0 4.15
      vertex 76.1842 1 4.20866
      vertex 76.1553 1 4.15
    endloop
  endfacet
  facet normal -0.897042 0 0.441945
    outer loop
      vertex 76.1842 1 4.20866
      vertex 76.1553 0 4.15
      vertex 76.1842 0 4.20866
    endloop
  endfacet
  facet normal -0.980961 0 0.194204
    outer loop
      vertex 76.2053 0 4.27059
      vertex 76.218 1 4.33474
      vertex 76.2053 1 4.27059
    endloop
  endfacet
  facet normal -0.980961 0 0.194204
    outer loop
      vertex 76.218 1 4.33474
      vertex 76.2053 0 4.27059
      vertex 76.218 0 4.33474
    endloop
  endfacet
  facet normal -0.321081 0 0.947052
    outer loop
      vertex 75.8517 1 3.91704
      vertex 75.9137 0 3.93806
      vertex 75.9137 1 3.93806
    endloop
  endfacet
  facet normal -0.321081 0 0.947052
    outer loop
      vertex 75.9137 0 3.93806
      vertex 75.8517 1 3.91704
      vertex 75.8517 0 3.91704
    endloop
  endfacet
  facet normal -0.195233 0 0.980757
    outer loop
      vertex 75.7876 1 3.90428
      vertex 75.8517 0 3.91704
      vertex 75.8517 1 3.91704
    endloop
  endfacet
  facet normal -0.195233 0 0.980757
    outer loop
      vertex 75.8517 0 3.91704
      vertex 75.7876 1 3.90428
      vertex 75.7876 0 3.90428
    endloop
  endfacet
  facet normal -0.55537 0 0.831603
    outer loop
      vertex 75.9723 1 3.96699
      vertex 76.0267 0 4.00332
      vertex 76.0267 1 4.00332
    endloop
  endfacet
  facet normal -0.55537 0 0.831603
    outer loop
      vertex 76.0267 0 4.00332
      vertex 75.9723 1 3.96699
      vertex 75.9723 0 3.96699
    endloop
  endfacet
  facet normal 0.897042 -0 0.441945
    outer loop
      vertex 75.2604 0 4.20866
      vertex 75.2893 1 4.15
      vertex 75.2604 1 4.20866
    endloop
  endfacet
  facet normal 0.897042 0 0.441945
    outer loop
      vertex 75.2893 1 4.15
      vertex 75.2604 0 4.20866
      vertex 75.2893 0 4.15
    endloop
  endfacet
  facet normal 0.831721 -0 0.555194
    outer loop
      vertex 75.2893 0 4.15
      vertex 75.3256 1 4.09562
      vertex 75.2893 1 4.15
    endloop
  endfacet
  facet normal 0.831721 0 0.555194
    outer loop
      vertex 75.3256 1 4.09562
      vertex 75.2893 0 4.15
      vertex 75.3256 0 4.09562
    endloop
  endfacet
  facet normal 0.946569 -0 0.322503
    outer loop
      vertex 75.2393 0 4.27059
      vertex 75.2604 1 4.20866
      vertex 75.2393 1 4.27059
    endloop
  endfacet
  facet normal 0.946569 0 0.322503
    outer loop
      vertex 75.2604 1 4.20866
      vertex 75.2393 0 4.27059
      vertex 75.2604 0 4.20866
    endloop
  endfacet
  facet normal 0.55537 0 0.831603
    outer loop
      vertex 75.4179 1 4.00332
      vertex 75.4723 0 3.96699
      vertex 75.4723 1 3.96699
    endloop
  endfacet
  facet normal 0.55537 0 0.831603
    outer loop
      vertex 75.4723 0 3.96699
      vertex 75.4179 1 4.00332
      vertex 75.4179 0 4.00332
    endloop
  endfacet
  facet normal 0.195233 0 0.980757
    outer loop
      vertex 75.5929 1 3.91704
      vertex 75.657 0 3.90428
      vertex 75.657 1 3.90428
    endloop
  endfacet
  facet normal 0.195233 0 0.980757
    outer loop
      vertex 75.657 0 3.90428
      vertex 75.5929 1 3.91704
      vertex 75.5929 0 3.91704
    endloop
  endfacet
  facet normal 0.195233 0 -0.980757
    outer loop
      vertex 75.5929 0 4.88296
      vertex 75.657 1 4.89572
      vertex 75.657 0 4.89572
    endloop
  endfacet
  facet normal 0.195233 0 -0.980757
    outer loop
      vertex 75.657 1 4.89572
      vertex 75.5929 0 4.88296
      vertex 75.5929 1 4.88296
    endloop
  endfacet
  facet normal -0.195233 0 -0.980757
    outer loop
      vertex 75.7876 0 4.89572
      vertex 75.8517 1 4.88296
      vertex 75.8517 0 4.88296
    endloop
  endfacet
  facet normal -0.195233 0 -0.980757
    outer loop
      vertex 75.8517 1 4.88296
      vertex 75.7876 0 4.89572
      vertex 75.7876 1 4.89572
    endloop
  endfacet
  facet normal -0.946569 0 0.322503
    outer loop
      vertex 76.1842 0 4.20866
      vertex 76.2053 1 4.27059
      vertex 76.1842 1 4.20866
    endloop
  endfacet
  facet normal -0.946569 0 0.322503
    outer loop
      vertex 76.2053 1 4.27059
      vertex 76.1842 0 4.20866
      vertex 76.2053 0 4.27059
    endloop
  endfacet
  facet normal -0.751998 0 0.659165
    outer loop
      vertex 76.0759 0 4.04645
      vertex 76.119 1 4.09562
      vertex 76.0759 1 4.04645
    endloop
  endfacet
  facet normal -0.751998 0 0.659165
    outer loop
      vertex 76.119 1 4.09562
      vertex 76.0759 0 4.04645
      vertex 76.119 0 4.09562
    endloop
  endfacet
  facet normal -0.831721 0 0.555194
    outer loop
      vertex 76.119 0 4.09562
      vertex 76.1553 1 4.15
      vertex 76.119 1 4.09562
    endloop
  endfacet
  facet normal -0.831721 0 0.555194
    outer loop
      vertex 76.1553 1 4.15
      vertex 76.119 0 4.09562
      vertex 76.1553 0 4.15
    endloop
  endfacet
  facet normal -0.0654033 0 0.997859
    outer loop
      vertex 75.7223 1 3.9
      vertex 75.7876 0 3.90428
      vertex 75.7876 1 3.90428
    endloop
  endfacet
  facet normal -0.0654033 0 0.997859
    outer loop
      vertex 75.7876 0 3.90428
      vertex 75.7223 1 3.9
      vertex 75.7223 0 3.9
    endloop
  endfacet
  facet normal -0.442679 0 0.89668
    outer loop
      vertex 75.9137 1 3.93806
      vertex 75.9723 0 3.96699
      vertex 75.9723 1 3.96699
    endloop
  endfacet
  facet normal -0.442679 0 0.89668
    outer loop
      vertex 75.9723 0 3.96699
      vertex 75.9137 1 3.93806
      vertex 75.9137 0 3.93806
    endloop
  endfacet
  facet normal 0.751241 -0 0.660028
    outer loop
      vertex 75.3256 0 4.09562
      vertex 75.3688 1 4.04645
      vertex 75.3256 1 4.09562
    endloop
  endfacet
  facet normal 0.751241 0 0.660028
    outer loop
      vertex 75.3688 1 4.04645
      vertex 75.3256 0 4.09562
      vertex 75.3688 0 4.04645
    endloop
  endfacet
  facet normal 0.321546 0 0.946894
    outer loop
      vertex 75.531 1 3.93806
      vertex 75.5929 0 3.91704
      vertex 75.5929 1 3.91704
    endloop
  endfacet
  facet normal 0.321546 0 0.946894
    outer loop
      vertex 75.5929 0 3.91704
      vertex 75.531 1 3.93806
      vertex 75.531 0 3.93806
    endloop
  endfacet
  facet normal -0.997836 0 -0.0657477
    outer loop
      vertex 76.2223 0 4.4
      vertex 76.218 1 4.46526
      vertex 76.2223 1 4.4
    endloop
  endfacet
  facet normal -0.997836 -0 -0.0657477
    outer loop
      vertex 76.218 1 4.46526
      vertex 76.2223 0 4.4
      vertex 76.218 0 4.46526
    endloop
  endfacet
  facet normal -0.55537 0 -0.831603
    outer loop
      vertex 75.9723 0 4.83301
      vertex 76.0267 1 4.79668
      vertex 76.0267 0 4.79668
    endloop
  endfacet
  facet normal -0.55537 0 -0.831603
    outer loop
      vertex 76.0267 1 4.79668
      vertex 75.9723 0 4.83301
      vertex 75.9723 1 4.83301
    endloop
  endfacet
  facet normal 0.0654033 0 -0.997859
    outer loop
      vertex 75.657 0 4.89572
      vertex 75.7223 1 4.9
      vertex 75.7223 0 4.9
    endloop
  endfacet
  facet normal 0.0654033 0 -0.997859
    outer loop
      vertex 75.7223 1 4.9
      vertex 75.657 0 4.89572
      vertex 75.657 1 4.89572
    endloop
  endfacet
  facet normal 0.946569 0 -0.322503
    outer loop
      vertex 75.2604 0 4.59134
      vertex 75.2393 1 4.52941
      vertex 75.2604 1 4.59134
    endloop
  endfacet
  facet normal 0.946569 0 -0.322503
    outer loop
      vertex 75.2393 1 4.52941
      vertex 75.2604 0 4.59134
      vertex 75.2393 0 4.52941
    endloop
  endfacet
  facet normal -0.442679 0 -0.89668
    outer loop
      vertex 75.9137 0 4.86194
      vertex 75.9723 1 4.83301
      vertex 75.9723 0 4.83301
    endloop
  endfacet
  facet normal -0.442679 0 -0.89668
    outer loop
      vertex 75.9723 1 4.83301
      vertex 75.9137 0 4.86194
      vertex 75.9137 1 4.86194
    endloop
  endfacet
  facet normal -0.321081 0 -0.947052
    outer loop
      vertex 75.8517 0 4.88296
      vertex 75.9137 1 4.86194
      vertex 75.9137 0 4.86194
    endloop
  endfacet
  facet normal -0.321081 0 -0.947052
    outer loop
      vertex 75.9137 1 4.86194
      vertex 75.8517 0 4.88296
      vertex 75.8517 1 4.88296
    endloop
  endfacet
  facet normal 0.980961 -0 0.194204
    outer loop
      vertex 75.2266 0 4.33474
      vertex 75.2393 1 4.27059
      vertex 75.2266 1 4.33474
    endloop
  endfacet
  facet normal 0.980961 0 0.194204
    outer loop
      vertex 75.2393 1 4.27059
      vertex 75.2266 0 4.33474
      vertex 75.2393 0 4.27059
    endloop
  endfacet
  facet normal -0.980961 0 -0.194204
    outer loop
      vertex 76.218 0 4.46526
      vertex 76.2053 1 4.52941
      vertex 76.218 1 4.46526
    endloop
  endfacet
  facet normal -0.980961 -0 -0.194204
    outer loop
      vertex 76.2053 1 4.52941
      vertex 76.218 0 4.46526
      vertex 76.2053 0 4.52941
    endloop
  endfacet
  facet normal -0.831721 0 -0.555194
    outer loop
      vertex 76.1553 0 4.65
      vertex 76.119 1 4.70438
      vertex 76.1553 1 4.65
    endloop
  endfacet
  facet normal -0.831721 -0 -0.555194
    outer loop
      vertex 76.119 1 4.70438
      vertex 76.1553 0 4.65
      vertex 76.119 0 4.70438
    endloop
  endfacet
  facet normal -0.659197 0 -0.75197
    outer loop
      vertex 76.0267 0 4.79668
      vertex 76.0759 1 4.75355
      vertex 76.0759 0 4.75355
    endloop
  endfacet
  facet normal -0.659197 0 -0.75197
    outer loop
      vertex 76.0759 1 4.75355
      vertex 76.0267 0 4.79668
      vertex 76.0267 1 4.79668
    endloop
  endfacet
  facet normal -0.897042 0 -0.441945
    outer loop
      vertex 76.1842 0 4.59134
      vertex 76.1553 1 4.65
      vertex 76.1842 1 4.59134
    endloop
  endfacet
  facet normal -0.897042 -0 -0.441945
    outer loop
      vertex 76.1553 1 4.65
      vertex 76.1842 0 4.59134
      vertex 76.1553 0 4.65
    endloop
  endfacet
  facet normal 0.321546 0 -0.946894
    outer loop
      vertex 75.531 0 4.86194
      vertex 75.5929 1 4.88296
      vertex 75.5929 0 4.88296
    endloop
  endfacet
  facet normal 0.321546 0 -0.946894
    outer loop
      vertex 75.5929 1 4.88296
      vertex 75.531 0 4.86194
      vertex 75.531 1 4.86194
    endloop
  endfacet
  facet normal 0.751241 0 -0.660028
    outer loop
      vertex 75.3688 0 4.75355
      vertex 75.3256 1 4.70438
      vertex 75.3688 1 4.75355
    endloop
  endfacet
  facet normal 0.751241 0 -0.660028
    outer loop
      vertex 75.3256 1 4.70438
      vertex 75.3688 0 4.75355
      vertex 75.3256 0 4.70438
    endloop
  endfacet
  facet normal 0.997836 0 -0.0657477
    outer loop
      vertex 75.2266 0 4.46526
      vertex 75.2223 1 4.4
      vertex 75.2266 1 4.46526
    endloop
  endfacet
  facet normal 0.997836 0 -0.0657477
    outer loop
      vertex 75.2223 1 4.4
      vertex 75.2266 0 4.46526
      vertex 75.2223 0 4.4
    endloop
  endfacet
  facet normal -0.946569 0 -0.322503
    outer loop
      vertex 76.2053 0 4.52941
      vertex 76.1842 1 4.59134
      vertex 76.2053 1 4.52941
    endloop
  endfacet
  facet normal -0.946569 -0 -0.322503
    outer loop
      vertex 76.1842 1 4.59134
      vertex 76.2053 0 4.52941
      vertex 76.1842 0 4.59134
    endloop
  endfacet
  facet normal -0.0654033 0 -0.997859
    outer loop
      vertex 75.7223 0 4.9
      vertex 75.7876 1 4.89572
      vertex 75.7876 0 4.89572
    endloop
  endfacet
  facet normal -0.0654033 0 -0.997859
    outer loop
      vertex 75.7876 1 4.89572
      vertex 75.7223 0 4.9
      vertex 75.7223 1 4.9
    endloop
  endfacet
  facet normal 0.442072 0 -0.89698
    outer loop
      vertex 75.4723 0 4.83301
      vertex 75.531 1 4.86194
      vertex 75.531 0 4.86194
    endloop
  endfacet
  facet normal 0.442072 0 -0.89698
    outer loop
      vertex 75.531 1 4.86194
      vertex 75.4723 0 4.83301
      vertex 75.4723 1 4.83301
    endloop
  endfacet
  facet normal 0.659955 0 -0.751305
    outer loop
      vertex 75.3688 0 4.75355
      vertex 75.4179 1 4.79668
      vertex 75.4179 0 4.79668
    endloop
  endfacet
  facet normal 0.659955 0 -0.751305
    outer loop
      vertex 75.4179 1 4.79668
      vertex 75.3688 0 4.75355
      vertex 75.3688 1 4.75355
    endloop
  endfacet
  facet normal 0.980961 0 -0.194204
    outer loop
      vertex 75.2393 0 4.52941
      vertex 75.2266 1 4.46526
      vertex 75.2393 1 4.52941
    endloop
  endfacet
  facet normal 0.980961 0 -0.194204
    outer loop
      vertex 75.2266 1 4.46526
      vertex 75.2393 0 4.52941
      vertex 75.2266 0 4.46526
    endloop
  endfacet
  facet normal -0.751998 0 -0.659165
    outer loop
      vertex 76.119 0 4.70438
      vertex 76.0759 1 4.75355
      vertex 76.119 1 4.70438
    endloop
  endfacet
  facet normal -0.751998 -0 -0.659165
    outer loop
      vertex 76.0759 1 4.75355
      vertex 76.119 0 4.70438
      vertex 76.0759 0 4.75355
    endloop
  endfacet
  facet normal 0.55537 0 -0.831603
    outer loop
      vertex 75.4179 0 4.79668
      vertex 75.4723 1 4.83301
      vertex 75.4723 0 4.83301
    endloop
  endfacet
  facet normal 0.55537 0 -0.831603
    outer loop
      vertex 75.4723 1 4.83301
      vertex 75.4179 0 4.79668
      vertex 75.4179 1 4.79668
    endloop
  endfacet
  facet normal 0.831721 0 -0.555194
    outer loop
      vertex 75.3256 0 4.70438
      vertex 75.2893 1 4.65
      vertex 75.3256 1 4.70438
    endloop
  endfacet
  facet normal 0.831721 0 -0.555194
    outer loop
      vertex 75.2893 1 4.65
      vertex 75.3256 0 4.70438
      vertex 75.2893 0 4.65
    endloop
  endfacet
  facet normal 0.897042 0 -0.441945
    outer loop
      vertex 75.2893 0 4.65
      vertex 75.2604 1 4.59134
      vertex 75.2893 1 4.65
    endloop
  endfacet
  facet normal 0.897042 0 -0.441945
    outer loop
      vertex 75.2604 1 4.59134
      vertex 75.2893 0 4.65
      vertex 75.2604 0 4.59134
    endloop
  endfacet
  facet normal -0.997836 0 0.0657477
    outer loop
      vertex 78.218 1.2 4.33474
      vertex 78.2223 0.218777 4.4
      vertex 78.2223 1.2 4.4
    endloop
  endfacet
  facet normal -0.997836 0 0.0657477
    outer loop
      vertex 78.2223 0.218777 4.4
      vertex 78.218 1.2 4.33474
      vertex 78.218 0.217927 4.33474
    endloop
  endfacet
  facet normal 0.997836 0 0.0657477
    outer loop
      vertex 77.2223 1.05243 4.4
      vertex 77.2266 0.0527154 4.33474
      vertex 77.2266 1.05271 4.33474
    endloop
  endfacet
  facet normal 0.997836 0 0.0657477
    outer loop
      vertex 77.2266 0.0527154 4.33474
      vertex 77.2223 1.05243 4.4
      vertex 77.2223 0.052435 4.4
    endloop
  endfacet
  facet normal 0.0654033 0 0.997859
    outer loop
      vertex 77.657 1.12375 3.90428
      vertex 77.7223 0.119321 3.9
      vertex 77.7223 1.13673 3.9
    endloop
  endfacet
  facet normal 0.0654033 0 0.997859
    outer loop
      vertex 77.7223 0.119321 3.9
      vertex 77.657 1.12375 3.90428
      vertex 77.657 0.10634 3.90428
    endloop
  endfacet
  facet normal -0.659069 -0.00390334 0.752072
    outer loop
      vertex 78.0267 1.19727 4.00332
      vertex 78.0759 1.2 4.04645
      vertex 78.0404 1.2 4.01534
    endloop
  endfacet
  facet normal -0.659197 0 0.75197
    outer loop
      vertex 78.0759 1.2 4.04645
      vertex 78.0267 1.19727 4.00332
      vertex 78.0759 0.189647 4.04645
    endloop
  endfacet
  facet normal -0.659197 0 0.75197
    outer loop
      vertex 78.0759 0.189647 4.04645
      vertex 78.0267 1.19727 4.00332
      vertex 78.0267 0.179866 4.00332
    endloop
  endfacet
  facet normal 0.659955 0 0.751305
    outer loop
      vertex 77.3688 1.0664 4.04645
      vertex 77.4179 0.0652566 4.00332
      vertex 77.4179 1.07618 4.00332
    endloop
  endfacet
  facet normal 0.659955 0 0.751305
    outer loop
      vertex 77.4179 0.0652566 4.00332
      vertex 77.3688 1.0664 4.04645
      vertex 77.3688 0.0620337 4.04645
    endloop
  endfacet
  facet normal 0.442072 0 0.89698
    outer loop
      vertex 77.4723 1.087 3.96699
      vertex 77.531 0.0812612 3.93806
      vertex 77.531 1.09867 3.93806
    endloop
  endfacet
  facet normal 0.442072 0 0.89698
    outer loop
      vertex 77.531 0.0812612 3.93806
      vertex 77.4723 1.087 3.96699
      vertex 77.4723 0.0695932 3.96699
    endloop
  endfacet
  facet normal -0.897042 0 0.441945
    outer loop
      vertex 78.1553 1.2 4.15
      vertex 78.1842 0.211207 4.20866
      vertex 78.1842 1.2 4.20866
    endloop
  endfacet
  facet normal -0.897042 0 0.441945
    outer loop
      vertex 78.1842 0.211207 4.20866
      vertex 78.1553 1.2 4.15
      vertex 78.1553 0.205453 4.15
    endloop
  endfacet
  facet normal -0.980961 0 0.194204
    outer loop
      vertex 78.2053 1.2 4.27059
      vertex 78.218 0.217927 4.33474
      vertex 78.218 1.2 4.33474
    endloop
  endfacet
  facet normal -0.980961 0 0.194204
    outer loop
      vertex 78.218 0.217927 4.33474
      vertex 78.2053 1.2 4.27059
      vertex 78.2053 0.215389 4.27059
    endloop
  endfacet
  facet normal -0.321081 0 0.947052
    outer loop
      vertex 77.8517 1.16247 3.91704
      vertex 77.9137 0.157382 3.93806
      vertex 77.9137 1.17479 3.93806
    endloop
  endfacet
  facet normal -0.321081 0 0.947052
    outer loop
      vertex 77.9137 0.157382 3.93806
      vertex 77.8517 1.16247 3.91704
      vertex 77.8517 0.145063 3.91704
    endloop
  endfacet
  facet normal -0.195233 0 0.980757
    outer loop
      vertex 77.7876 1.14971 3.90428
      vertex 77.8517 0.145063 3.91704
      vertex 77.8517 1.16247 3.91704
    endloop
  endfacet
  facet normal -0.195233 0 0.980757
    outer loop
      vertex 77.8517 0.145063 3.91704
      vertex 77.7876 1.14971 3.90428
      vertex 77.7876 0.132303 3.90428
    endloop
  endfacet
  facet normal -0.55537 0 0.831603
    outer loop
      vertex 77.9723 1.18646 3.96699
      vertex 78.0267 0.179866 4.00332
      vertex 78.0267 1.19727 4.00332
    endloop
  endfacet
  facet normal -0.55537 0 0.831603
    outer loop
      vertex 78.0267 0.179866 4.00332
      vertex 77.9723 1.18646 3.96699
      vertex 77.9723 0.169049 3.96699
    endloop
  endfacet
  facet normal 0.897042 0 0.441945
    outer loop
      vertex 77.2604 1.05493 4.20866
      vertex 77.2893 0.0568256 4.15
      vertex 77.2893 1.05682 4.15
    endloop
  endfacet
  facet normal 0.897042 0 0.441945
    outer loop
      vertex 77.2893 0.0568256 4.15
      vertex 77.2604 1.05493 4.20866
      vertex 77.2604 0.0549296 4.20866
    endloop
  endfacet
  facet normal 0.831721 0 0.555194
    outer loop
      vertex 77.2893 1.05682 4.15
      vertex 77.3256 0.0592072 4.09562
      vertex 77.3256 1.05921 4.09562
    endloop
  endfacet
  facet normal 0.831721 0 0.555194
    outer loop
      vertex 77.3256 0.0592072 4.09562
      vertex 77.2893 1.05682 4.15
      vertex 77.2893 0.0568256 4.15
    endloop
  endfacet
  facet normal 0.946569 0 0.322503
    outer loop
      vertex 77.2393 1.05355 4.27059
      vertex 77.2604 0.0549296 4.20866
      vertex 77.2604 1.05493 4.20866
    endloop
  endfacet
  facet normal 0.946569 0 0.322503
    outer loop
      vertex 77.2604 0.0549296 4.20866
      vertex 77.2393 1.05355 4.27059
      vertex 77.2393 0.0535517 4.27059
    endloop
  endfacet
  facet normal 0.55537 0 0.831603
    outer loop
      vertex 77.4179 1.07618 4.00332
      vertex 77.4723 0.0695932 3.96699
      vertex 77.4723 1.087 3.96699
    endloop
  endfacet
  facet normal 0.55537 -0 0.831603
    outer loop
      vertex 77.4179 0.0652566 4.00332
      vertex 77.4723 0.0695932 3.96699
      vertex 77.4179 1.07618 4.00332
    endloop
  endfacet
  facet normal 0.555593 -0.00412334 0.831444
    outer loop
      vertex 77.4723 0.0695932 3.96699
      vertex 77.4179 0.0652566 4.00332
      vertex 77.4665 0.0684414 3.97086
    endloop
  endfacet
  facet normal 0.195233 0 0.980757
    outer loop
      vertex 77.5929 1.11099 3.91704
      vertex 77.657 0.10634 3.90428
      vertex 77.657 1.12375 3.90428
    endloop
  endfacet
  facet normal 0.195233 0 0.980757
    outer loop
      vertex 77.657 0.10634 3.90428
      vertex 77.5929 1.11099 3.91704
      vertex 77.5929 0.0935803 3.91704
    endloop
  endfacet
  facet normal 0.195233 0 -0.980757
    outer loop
      vertex 77.5929 1.11099 4.88296
      vertex 77.657 0.10634 4.89572
      vertex 77.5929 0.0935803 4.88296
    endloop
  endfacet
  facet normal 0.195233 0 -0.980757
    outer loop
      vertex 77.657 0.10634 4.89572
      vertex 77.5929 1.11099 4.88296
      vertex 77.657 1.12375 4.89572
    endloop
  endfacet
  facet normal -0.195233 -0 -0.980757
    outer loop
      vertex 77.7876 1.14971 4.89572
      vertex 77.8517 0.145063 4.88296
      vertex 77.7876 0.132303 4.89572
    endloop
  endfacet
  facet normal -0.195233 0 -0.980757
    outer loop
      vertex 77.8517 0.145063 4.88296
      vertex 77.7876 1.14971 4.89572
      vertex 77.8517 1.16247 4.88296
    endloop
  endfacet
  facet normal -0.946569 0 0.322503
    outer loop
      vertex 78.1842 1.2 4.20866
      vertex 78.2053 0.215389 4.27059
      vertex 78.2053 1.2 4.27059
    endloop
  endfacet
  facet normal -0.946569 0 0.322503
    outer loop
      vertex 78.2053 0.215389 4.27059
      vertex 78.1842 1.2 4.20866
      vertex 78.1842 0.211207 4.20866
    endloop
  endfacet
  facet normal -0.751998 0 0.659165
    outer loop
      vertex 78.0759 1.2 4.04645
      vertex 78.119 0.198225 4.09562
      vertex 78.119 1.2 4.09562
    endloop
  endfacet
  facet normal -0.751998 0 0.659165
    outer loop
      vertex 78.119 0.198225 4.09562
      vertex 78.0759 1.2 4.04645
      vertex 78.0759 0.189647 4.04645
    endloop
  endfacet
  facet normal -0.831721 0 0.555194
    outer loop
      vertex 78.119 1.2 4.09562
      vertex 78.1553 0.205453 4.15
      vertex 78.1553 1.2 4.15
    endloop
  endfacet
  facet normal -0.831721 0 0.555194
    outer loop
      vertex 78.1553 0.205453 4.15
      vertex 78.119 1.2 4.09562
      vertex 78.119 0.198225 4.09562
    endloop
  endfacet
  facet normal -0.0654033 0 0.997859
    outer loop
      vertex 77.7223 1.13673 3.9
      vertex 77.7876 0.132303 3.90428
      vertex 77.7876 1.14971 3.90428
    endloop
  endfacet
  facet normal -0.0654033 0 0.997859
    outer loop
      vertex 77.7876 0.132303 3.90428
      vertex 77.7223 1.13673 3.9
      vertex 77.7223 0.119321 3.9
    endloop
  endfacet
  facet normal -0.442679 0 0.89668
    outer loop
      vertex 77.9137 1.17479 3.93806
      vertex 77.9723 0.169049 3.96699
      vertex 77.9723 1.18646 3.96699
    endloop
  endfacet
  facet normal -0.442679 0 0.89668
    outer loop
      vertex 77.9723 0.169049 3.96699
      vertex 77.9137 1.17479 3.93806
      vertex 77.9137 0.157382 3.93806
    endloop
  endfacet
  facet normal 0.751479 0 0.659757
    outer loop
      vertex 77.336 1.05989 4.08381
      vertex 77.3688 0.0620337 4.04645
      vertex 77.3688 1.0664 4.04645
    endloop
  endfacet
  facet normal 0.750489 -7.47306e-05 0.660883
    outer loop
      vertex 77.3256 1.05921 4.09562
      vertex 77.3688 0.0620337 4.04645
      vertex 77.336 1.05989 4.08381
    endloop
  endfacet
  facet normal 0.751241 0 0.660028
    outer loop
      vertex 77.3688 0.0620337 4.04645
      vertex 77.3256 1.05921 4.09562
      vertex 77.3256 0.0592072 4.09562
    endloop
  endfacet
  facet normal 0.980961 0 0.194204
    outer loop
      vertex 77.2266 1.05271 4.33474
      vertex 77.2393 0.0535517 4.27059
      vertex 77.2393 1.05355 4.27059
    endloop
  endfacet
  facet normal 0.980961 0 0.194204
    outer loop
      vertex 77.2393 0.0535517 4.27059
      vertex 77.2266 1.05271 4.33474
      vertex 77.2266 0.0527154 4.33474
    endloop
  endfacet
  facet normal 0.321546 0 0.946894
    outer loop
      vertex 77.531 1.09867 3.93806
      vertex 77.5929 0.0935803 3.91704
      vertex 77.5929 1.11099 3.91704
    endloop
  endfacet
  facet normal 0.321546 0 0.946894
    outer loop
      vertex 77.5929 0.0935803 3.91704
      vertex 77.531 1.09867 3.93806
      vertex 77.531 0.0812612 3.93806
    endloop
  endfacet
  facet normal -0.980961 0 -0.194204
    outer loop
      vertex 78.218 0.217927 4.46526
      vertex 78.2053 1.2 4.52941
      vertex 78.218 1.2 4.46526
    endloop
  endfacet
  facet normal -0.980961 -0 -0.194204
    outer loop
      vertex 78.2053 1.2 4.52941
      vertex 78.218 0.217927 4.46526
      vertex 78.2053 0.215389 4.52941
    endloop
  endfacet
  facet normal -0.997836 0 -0.0657477
    outer loop
      vertex 78.2223 0.218777 4.4
      vertex 78.218 1.2 4.46526
      vertex 78.2223 1.2 4.4
    endloop
  endfacet
  facet normal -0.997836 -0 -0.0657477
    outer loop
      vertex 78.218 1.2 4.46526
      vertex 78.2223 0.218777 4.4
      vertex 78.218 0.217927 4.46526
    endloop
  endfacet
  facet normal -0.55537 -0 -0.831603
    outer loop
      vertex 77.9723 1.18646 4.83301
      vertex 78.0267 0.179866 4.79668
      vertex 77.9723 0.169049 4.83301
    endloop
  endfacet
  facet normal -0.55537 0 -0.831603
    outer loop
      vertex 78.0267 0.179866 4.79668
      vertex 77.9723 1.18646 4.83301
      vertex 78.0267 1.19727 4.79668
    endloop
  endfacet
  facet normal 0.0654033 0 -0.997859
    outer loop
      vertex 77.657 1.12375 4.89572
      vertex 77.7223 0.119321 4.9
      vertex 77.657 0.10634 4.89572
    endloop
  endfacet
  facet normal 0.0654033 0 -0.997859
    outer loop
      vertex 77.7223 0.119321 4.9
      vertex 77.657 1.12375 4.89572
      vertex 77.7223 1.13673 4.9
    endloop
  endfacet
  facet normal 0.946569 0 -0.322503
    outer loop
      vertex 77.2604 0.0549296 4.59134
      vertex 77.2393 1.05355 4.52941
      vertex 77.2604 1.05493 4.59134
    endloop
  endfacet
  facet normal 0.946569 0 -0.322503
    outer loop
      vertex 77.2393 1.05355 4.52941
      vertex 77.2604 0.0549296 4.59134
      vertex 77.2393 0.0535517 4.52941
    endloop
  endfacet
  facet normal -0.442679 -0 -0.89668
    outer loop
      vertex 77.9137 1.17479 4.86194
      vertex 77.9723 0.169049 4.83301
      vertex 77.9137 0.157382 4.86194
    endloop
  endfacet
  facet normal -0.442679 0 -0.89668
    outer loop
      vertex 77.9723 0.169049 4.83301
      vertex 77.9137 1.17479 4.86194
      vertex 77.9723 1.18646 4.83301
    endloop
  endfacet
  facet normal -0.321081 -0 -0.947052
    outer loop
      vertex 77.8517 1.16247 4.88296
      vertex 77.9137 0.157382 4.86194
      vertex 77.8517 0.145063 4.88296
    endloop
  endfacet
  facet normal -0.321081 0 -0.947052
    outer loop
      vertex 77.9137 0.157382 4.86194
      vertex 77.8517 1.16247 4.88296
      vertex 77.9137 1.17479 4.86194
    endloop
  endfacet
  facet normal 0 -1 0
    outer loop
      vertex 78.0404 1.2 4.78466
      vertex 78.119 1.2 4.70438
      vertex 78.0759 1.2 4.75355
    endloop
  endfacet
  facet normal 0 -1 0
    outer loop
      vertex 78.0404 1.2 4.78466
      vertex 78.1553 1.2 4.65
      vertex 78.119 1.2 4.70438
    endloop
  endfacet
  facet normal 0 -1 0
    outer loop
      vertex 78.0404 1.2 4.78466
      vertex 78.1842 1.2 4.59134
      vertex 78.1553 1.2 4.65
    endloop
  endfacet
  facet normal 0 -1 0
    outer loop
      vertex 78.0404 1.2 4.78466
      vertex 78.2053 1.2 4.52941
      vertex 78.1842 1.2 4.59134
    endloop
  endfacet
  facet normal 0 -1 0
    outer loop
      vertex 78.0404 1.2 4.78466
      vertex 78.218 1.2 4.46526
      vertex 78.2053 1.2 4.52941
    endloop
  endfacet
  facet normal 0 -1 0
    outer loop
      vertex 78.0404 1.2 4.78466
      vertex 78.2223 1.2 4.4
      vertex 78.218 1.2 4.46526
    endloop
  endfacet
  facet normal 0 -1 0
    outer loop
      vertex 78.0404 1.2 4.78466
      vertex 78.218 1.2 4.33474
      vertex 78.2223 1.2 4.4
    endloop
  endfacet
  facet normal 0 -1 0
    outer loop
      vertex 78.0404 1.2 4.78466
      vertex 78.2053 1.2 4.27059
      vertex 78.218 1.2 4.33474
    endloop
  endfacet
  facet normal 0 -1 0
    outer loop
      vertex 78.0404 1.2 4.78466
      vertex 78.1842 1.2 4.20866
      vertex 78.2053 1.2 4.27059
    endloop
  endfacet
  facet normal 0 -1 0
    outer loop
      vertex 78.0404 1.2 4.78466
      vertex 78.1553 1.2 4.15
      vertex 78.1842 1.2 4.20866
    endloop
  endfacet
  facet normal 0 -1 0
    outer loop
      vertex 78.0404 1.2 4.78466
      vertex 78.119 1.2 4.09562
      vertex 78.1553 1.2 4.15
    endloop
  endfacet
  facet normal 0 -1 0
    outer loop
      vertex 78.0404 1.2 4.01534
      vertex 78.119 1.2 4.09562
      vertex 78.0404 1.2 4.78466
    endloop
  endfacet
  facet normal 0 -1 0
    outer loop
      vertex 78.119 1.2 4.09562
      vertex 78.0404 1.2 4.01534
      vertex 78.0759 1.2 4.04645
    endloop
  endfacet
  facet normal -0.831721 0 -0.555194
    outer loop
      vertex 78.1553 0.205453 4.65
      vertex 78.119 1.2 4.70438
      vertex 78.1553 1.2 4.65
    endloop
  endfacet
  facet normal -0.831721 -0 -0.555194
    outer loop
      vertex 78.119 1.2 4.70438
      vertex 78.1553 0.205453 4.65
      vertex 78.119 0.198225 4.70438
    endloop
  endfacet
  facet normal -0.659197 0 -0.75197
    outer loop
      vertex 78.0267 1.19727 4.79668
      vertex 78.0759 1.2 4.75355
      vertex 78.0759 0.189647 4.75355
    endloop
  endfacet
  facet normal -0.659197 -0 -0.75197
    outer loop
      vertex 78.0267 1.19727 4.79668
      vertex 78.0759 0.189647 4.75355
      vertex 78.0267 0.179866 4.79668
    endloop
  endfacet
  facet normal -0.659069 -0.00390334 -0.752072
    outer loop
      vertex 78.0759 1.2 4.75355
      vertex 78.0267 1.19727 4.79668
      vertex 78.0404 1.2 4.78466
    endloop
  endfacet
  facet normal -0.897042 0 -0.441945
    outer loop
      vertex 78.1842 0.211207 4.59134
      vertex 78.1553 1.2 4.65
      vertex 78.1842 1.2 4.59134
    endloop
  endfacet
  facet normal -0.897042 -0 -0.441945
    outer loop
      vertex 78.1553 1.2 4.65
      vertex 78.1842 0.211207 4.59134
      vertex 78.1553 0.205453 4.65
    endloop
  endfacet
  facet normal 0.321546 0 -0.946894
    outer loop
      vertex 77.531 1.09867 4.86194
      vertex 77.5929 0.0935803 4.88296
      vertex 77.531 0.0812612 4.86194
    endloop
  endfacet
  facet normal 0.321546 0 -0.946894
    outer loop
      vertex 77.5929 0.0935803 4.88296
      vertex 77.531 1.09867 4.86194
      vertex 77.5929 1.11099 4.88296
    endloop
  endfacet
  facet normal 0.751479 0 -0.659757
    outer loop
      vertex 77.3688 0.0620337 4.75355
      vertex 77.336 1.05989 4.71619
      vertex 77.3688 1.0664 4.75355
    endloop
  endfacet
  facet normal 0.750489 -7.47306e-05 -0.660883
    outer loop
      vertex 77.3688 0.0620337 4.75355
      vertex 77.3256 1.05921 4.70438
      vertex 77.336 1.05989 4.71619
    endloop
  endfacet
  facet normal 0.751241 0 -0.660028
    outer loop
      vertex 77.3256 1.05921 4.70438
      vertex 77.3688 0.0620337 4.75355
      vertex 77.3256 0.0592072 4.70438
    endloop
  endfacet
  facet normal 0.997836 0 -0.0657477
    outer loop
      vertex 77.2266 0.0527154 4.46526
      vertex 77.2223 1.05243 4.4
      vertex 77.2266 1.05271 4.46526
    endloop
  endfacet
  facet normal 0.997836 0 -0.0657477
    outer loop
      vertex 77.2223 1.05243 4.4
      vertex 77.2266 0.0527154 4.46526
      vertex 77.2223 0.052435 4.4
    endloop
  endfacet
  facet normal -0.946569 0 -0.322503
    outer loop
      vertex 78.2053 0.215389 4.52941
      vertex 78.1842 1.2 4.59134
      vertex 78.2053 1.2 4.52941
    endloop
  endfacet
  facet normal -0.946569 -0 -0.322503
    outer loop
      vertex 78.1842 1.2 4.59134
      vertex 78.2053 0.215389 4.52941
      vertex 78.1842 0.211207 4.59134
    endloop
  endfacet
  facet normal -0.0654033 -0 -0.997859
    outer loop
      vertex 77.7223 1.13673 4.9
      vertex 77.7876 0.132303 4.89572
      vertex 77.7223 0.119321 4.9
    endloop
  endfacet
  facet normal -0.0654033 0 -0.997859
    outer loop
      vertex 77.7876 0.132303 4.89572
      vertex 77.7223 1.13673 4.9
      vertex 77.7876 1.14971 4.89572
    endloop
  endfacet
  facet normal 0.442072 0 -0.89698
    outer loop
      vertex 77.4723 1.087 4.83301
      vertex 77.531 0.0812612 4.86194
      vertex 77.4723 0.0695932 4.83301
    endloop
  endfacet
  facet normal 0.442072 0 -0.89698
    outer loop
      vertex 77.531 0.0812612 4.86194
      vertex 77.4723 1.087 4.83301
      vertex 77.531 1.09867 4.86194
    endloop
  endfacet
  facet normal 0.659955 0 -0.751305
    outer loop
      vertex 77.3688 1.0664 4.75355
      vertex 77.4179 0.0652566 4.79668
      vertex 77.3688 0.0620337 4.75355
    endloop
  endfacet
  facet normal 0.659955 0 -0.751305
    outer loop
      vertex 77.4179 0.0652566 4.79668
      vertex 77.3688 1.0664 4.75355
      vertex 77.4179 1.07618 4.79668
    endloop
  endfacet
  facet normal 0.980961 0 -0.194204
    outer loop
      vertex 77.2393 0.0535517 4.52941
      vertex 77.2266 1.05271 4.46526
      vertex 77.2393 1.05355 4.52941
    endloop
  endfacet
  facet normal 0.980961 0 -0.194204
    outer loop
      vertex 77.2266 1.05271 4.46526
      vertex 77.2393 0.0535517 4.52941
      vertex 77.2266 0.0527154 4.46526
    endloop
  endfacet
  facet normal -0.751998 0 -0.659165
    outer loop
      vertex 78.119 0.198225 4.70438
      vertex 78.0759 1.2 4.75355
      vertex 78.119 1.2 4.70438
    endloop
  endfacet
  facet normal -0.751998 -0 -0.659165
    outer loop
      vertex 78.0759 1.2 4.75355
      vertex 78.119 0.198225 4.70438
      vertex 78.0759 0.189647 4.75355
    endloop
  endfacet
  facet normal 0.555593 -0.00412334 -0.831444
    outer loop
      vertex 77.4179 0.0652566 4.79668
      vertex 77.4723 0.0695932 4.83301
      vertex 77.4665 0.0684414 4.82914
    endloop
  endfacet
  facet normal 0.55537 0 -0.831603
    outer loop
      vertex 77.4723 0.0695932 4.83301
      vertex 77.4179 0.0652566 4.79668
      vertex 77.4179 1.07618 4.79668
    endloop
  endfacet
  facet normal 0.55537 0 -0.831603
    outer loop
      vertex 77.4723 0.0695932 4.83301
      vertex 77.4179 1.07618 4.79668
      vertex 77.4723 1.087 4.83301
    endloop
  endfacet
  facet normal 0.831721 0 -0.555194
    outer loop
      vertex 77.3256 0.0592072 4.70438
      vertex 77.2893 1.05682 4.65
      vertex 77.3256 1.05921 4.70438
    endloop
  endfacet
  facet normal 0.831721 0 -0.555194
    outer loop
      vertex 77.2893 1.05682 4.65
      vertex 77.3256 0.0592072 4.70438
      vertex 77.2893 0.0568256 4.65
    endloop
  endfacet
  facet normal 0.897042 0 -0.441945
    outer loop
      vertex 77.2893 0.0568256 4.65
      vertex 77.2604 1.05493 4.59134
      vertex 77.2893 1.05682 4.65
    endloop
  endfacet
  facet normal 0.897042 0 -0.441945
    outer loop
      vertex 77.2604 1.05493 4.59134
      vertex 77.2893 0.0568256 4.65
      vertex 77.2604 0.0549296 4.59134
    endloop
  endfacet
  facet normal -0.555573 0 0.831468
    outer loop
      vertex 6.15 0.228723 2.15455
      vertex 6.35665 1.2 2.29263
      vertex 6.15 1.2 2.15455
    endloop
  endfacet
  facet normal -0.555573 0 0.831468
    outer loop
      vertex 6.35665 1.2 2.29263
      vertex 6.15 0.228723 2.15455
      vertex 6.35665 0.187618 2.29263
    endloop
  endfacet
  facet normal 0.32145 0 -0.946927
    outer loop
      vertex 4.4729 0.838588 5.55537
      vertex 4.70824 1.2 5.63526
      vertex 4.70824 0.72253 5.63526
    endloop
  endfacet
  facet normal 0.32145 0 -0.946927
    outer loop
      vertex 4.70824 1.2 5.63526
      vertex 4.4729 0.838588 5.55537
      vertex 4.4729 1.2 5.55537
    endloop
  endfacet
  facet normal 0.442282 -0 0.896876
    outer loop
      vertex 4.25 0.948511 2.15455
      vertex 4.4729 1.2 2.04463
      vertex 4.25 1.2 2.15455
    endloop
  endfacet
  facet normal 0.442282 0 0.896876
    outer loop
      vertex 4.4729 1.2 2.04463
      vertex 4.25 0.948511 2.15455
      vertex 4.4729 0.838588 2.04463
    endloop
  endfacet
  facet normal -0.896876 0 0.442282
    outer loop
      vertex 6.84545 0.09039 2.85
      vertex 6.95537 1.08593 3.0729
      vertex 6.84545 1.1078 2.85
    endloop
  endfacet
  facet normal -0.896876 0 0.442282
    outer loop
      vertex 6.95537 1.08593 3.0729
      vertex 6.84545 0.09039 2.85
      vertex 6.95537 0.0685249 3.0729
    endloop
  endfacet
  facet normal -0.831468 0 0.555573
    outer loop
      vertex 6.70737 0.117855 2.64335
      vertex 6.84545 1.1078 2.85
      vertex 6.70737 1.13526 2.64335
    endloop
  endfacet
  facet normal -0.831468 0 0.555573
    outer loop
      vertex 6.84545 1.1078 2.85
      vertex 6.70737 0.117855 2.64335
      vertex 6.84545 0.09039 2.85
    endloop
  endfacet
  facet normal -0.659345 -5.66981e-06 0.751841
    outer loop
      vertex 6.35665 0.187618 2.29263
      vertex 6.5435 1.16786 2.4565
      vertex 6.38191 1.2 2.31479
    endloop
  endfacet
  facet normal -0.659473 0 0.751728
    outer loop
      vertex 6.35665 0.187618 2.29263
      vertex 6.38191 1.2 2.31479
      vertex 6.35665 1.2 2.29263
    endloop
  endfacet
  facet normal -0.659362 0 0.751826
    outer loop
      vertex 6.5435 1.16786 2.4565
      vertex 6.35665 0.187618 2.29263
      vertex 6.5435 0.15045 2.4565
    endloop
  endfacet
  facet normal -0.32145 0 0.946927
    outer loop
      vertex 5.69176 0.353279 1.96474
      vertex 5.9271 1.2 2.04463
      vertex 5.69176 1.2 1.96474
    endloop
  endfacet
  facet normal -0.32145 0 0.946927
    outer loop
      vertex 5.9271 1.2 2.04463
      vertex 5.69176 0.353279 1.96474
      vertex 5.9271 0.273391 2.04463
    endloop
  endfacet
  facet normal -0.065384 0 0.99786
    outer loop
      vertex 5.2 0.520208 1.9
      vertex 5.448 1.2 1.91625
      vertex 5.2 1.2 1.9
    endloop
  endfacet
  facet normal -0.065384 0 0.99786
    outer loop
      vertex 5.448 1.2 1.91625
      vertex 5.2 0.520208 1.9
      vertex 5.448 0.436023 1.91625
    endloop
  endfacet
  facet normal 0.32145 -0 0.946927
    outer loop
      vertex 4.4729 0.838588 2.04463
      vertex 4.70824 1.2 1.96474
      vertex 4.4729 1.2 2.04463
    endloop
  endfacet
  facet normal 0.32145 0 0.946927
    outer loop
      vertex 4.70824 1.2 1.96474
      vertex 4.4729 0.838588 2.04463
      vertex 4.70824 0.72253 1.96474
    endloop
  endfacet
  facet normal 0.751808 -0 0.659382
    outer loop
      vertex 3.8565 1.16768 2.4565
      vertex 3.8565 1.2 2.4565
      vertex 3.80813 1.2 2.51165
    endloop
  endfacet
  facet normal -0.997861 0 -0.065371
    outer loop
      vertex 7.08632 1.05989 4.00877
      vertex 7.08375 0.0600548 4.048
      vertex 7.08375 1.0604 4.048
    endloop
  endfacet
  facet normal -0.99786 0 -0.0653864
    outer loop
      vertex 7.1 0.0589894 3.8
      vertex 7.08632 1.05989 4.00877
      vertex 7.1 1.05899 3.8
    endloop
  endfacet
  facet normal -0.99786 -5.13011e-07 -0.065384
    outer loop
      vertex 7.08632 1.05989 4.00877
      vertex 7.1 0.0589894 3.8
      vertex 7.08375 0.0600548 4.048
    endloop
  endfacet
  facet normal -0.32145 0 -0.946927
    outer loop
      vertex 5.69176 0.353279 5.63526
      vertex 5.9271 1.2 5.55537
      vertex 5.9271 0.273391 5.55537
    endloop
  endfacet
  facet normal -0.32145 0 -0.946927
    outer loop
      vertex 5.9271 1.2 5.55537
      vertex 5.69176 0.353279 5.63526
      vertex 5.69176 1.2 5.63526
    endloop
  endfacet
  facet normal -0.751826 0 -0.659362
    outer loop
      vertex 6.70737 1.13526 4.95665
      vertex 6.5435 0.15045 5.1435
      vertex 6.5435 1.16786 5.1435
    endloop
  endfacet
  facet normal -0.751826 0 -0.659362
    outer loop
      vertex 6.5435 0.15045 5.1435
      vertex 6.70737 1.13526 4.95665
      vertex 6.70737 0.117855 4.95665
    endloop
  endfacet
  facet normal 0.195136 0 -0.980776
    outer loop
      vertex 4.93853 0.608964 5.68107
      vertex 4.952 1.2 5.68375
      vertex 4.952 0.604393 5.68375
    endloop
  endfacet
  facet normal 0.195101 8.30149e-07 -0.980783
    outer loop
      vertex 4.70824 0.72253 5.63526
      vertex 4.952 1.2 5.68375
      vertex 4.93853 0.608964 5.68107
    endloop
  endfacet
  facet normal 0.195102 0 -0.980783
    outer loop
      vertex 4.952 1.2 5.68375
      vertex 4.70824 0.72253 5.63526
      vertex 4.70824 1.2 5.63526
    endloop
  endfacet
  facet normal 0.659376 0 -0.751813
    outer loop
      vertex 4 1.0718 5.26935
      vertex 4.04335 1.2 5.30737
      vertex 4.04335 1.05042 5.30737
    endloop
  endfacet
  facet normal 0.659361 9.08402e-06 -0.751827
    outer loop
      vertex 3.8565 1.16768 5.1435
      vertex 4.04335 1.2 5.30737
      vertex 4 1.0718 5.26935
    endloop
  endfacet
  facet normal 0.659362 0 -0.751826
    outer loop
      vertex 4.04335 1.2 5.30737
      vertex 3.8565 1.16768 5.1435
      vertex 3.8565 1.2 5.1435
    endloop
  endfacet
  facet normal 0.751808 0 -0.659382
    outer loop
      vertex 3.8565 1.2 5.1435
      vertex 3.8565 1.16768 5.1435
      vertex 3.80813 1.2 5.08835
    endloop
  endfacet
  facet normal -0.947145 0 0.320807
    outer loop
      vertex 6.95579 0.0684414 3.07414
      vertex 6.95537 1.08593 3.0729
      vertex 6.95537 0.0685249 3.0729
    endloop
  endfacet
  facet normal -0.946927 8.73224e-07 0.32145
    outer loop
      vertex 6.95537 1.08593 3.0729
      vertex 6.95579 0.0684414 3.07414
      vertex 7.03526 1.07004 3.30824
    endloop
  endfacet
  facet normal -0.946926 0 0.321453
    outer loop
      vertex 7.03526 1.07004 3.30824
      vertex 6.95579 0.0684414 3.07414
      vertex 7.03526 0.0632328 3.30824
    endloop
  endfacet
  facet normal -0.751826 0 0.659362
    outer loop
      vertex 6.5435 0.15045 2.4565
      vertex 6.70737 1.13526 2.64335
      vertex 6.5435 1.16786 2.4565
    endloop
  endfacet
  facet normal -0.751826 0 0.659362
    outer loop
      vertex 6.70737 1.13526 2.64335
      vertex 6.5435 0.15045 2.4565
      vertex 6.70737 0.117855 2.64335
    endloop
  endfacet
  facet normal -0.442278 0 0.896878
    outer loop
      vertex 6.15 1.2 2.15455
      vertex 5.92945 0.272593 2.04579
      vertex 6.15 0.228723 2.15455
    endloop
  endfacet
  facet normal -0.442282 0 0.896876
    outer loop
      vertex 5.9271 0.273391 2.04463
      vertex 6.15 1.2 2.15455
      vertex 5.9271 1.2 2.04463
    endloop
  endfacet
  facet normal -0.442603 9.5938e-05 0.896718
    outer loop
      vertex 6.15 1.2 2.15455
      vertex 5.9271 0.273391 2.04463
      vertex 5.92945 0.272593 2.04579
    endloop
  endfacet
  facet normal 0.065384 -0 0.99786
    outer loop
      vertex 4.952 0.604393 1.91625
      vertex 5.2 1.2 1.9
      vertex 4.952 1.2 1.91625
    endloop
  endfacet
  facet normal 0.065384 0 0.99786
    outer loop
      vertex 5.2 1.2 1.9
      vertex 4.952 0.604393 1.91625
      vertex 5.2 0.520208 1.9
    endloop
  endfacet
  facet normal -0.195102 0 0.980783
    outer loop
      vertex 5.448 0.436023 1.91625
      vertex 5.69176 1.2 1.96474
      vertex 5.448 1.2 1.91625
    endloop
  endfacet
  facet normal -0.195102 0 0.980783
    outer loop
      vertex 5.69176 1.2 1.96474
      vertex 5.448 0.436023 1.91625
      vertex 5.69176 0.353279 1.96474
    endloop
  endfacet
  facet normal 0 -1 0
    outer loop
      vertex 4.952 1.2 5.68375
      vertex 5.448 1.2 5.68375
      vertex 5.2 1.2 5.7
    endloop
  endfacet
  facet normal 0 -1 0
    outer loop
      vertex 4.70824 1.2 5.63526
      vertex 5.448 1.2 5.68375
      vertex 4.952 1.2 5.68375
    endloop
  endfacet
  facet normal 0 -1 0
    outer loop
      vertex 4.70824 1.2 5.63526
      vertex 5.69176 1.2 5.63526
      vertex 5.448 1.2 5.68375
    endloop
  endfacet
  facet normal 0 -1 0
    outer loop
      vertex 4.4729 1.2 5.55537
      vertex 5.69176 1.2 5.63526
      vertex 4.70824 1.2 5.63526
    endloop
  endfacet
  facet normal 0 -1 0
    outer loop
      vertex 4.4729 1.2 5.55537
      vertex 5.9271 1.2 5.55537
      vertex 5.69176 1.2 5.63526
    endloop
  endfacet
  facet normal 0 -1 0
    outer loop
      vertex 4.25 1.2 5.44545
      vertex 5.9271 1.2 5.55537
      vertex 4.4729 1.2 5.55537
    endloop
  endfacet
  facet normal 0 -1 0
    outer loop
      vertex 4.25 1.2 5.44545
      vertex 6.15 1.2 5.44545
      vertex 5.9271 1.2 5.55537
    endloop
  endfacet
  facet normal 0 -1 0
    outer loop
      vertex 4.04335 1.2 5.30737
      vertex 6.15 1.2 5.44545
      vertex 4.25 1.2 5.44545
    endloop
  endfacet
  facet normal 0 -1 0
    outer loop
      vertex 6.38191 1.2 5.28521
      vertex 6.15 1.2 5.44545
      vertex 4.04335 1.2 5.30737
    endloop
  endfacet
  facet normal 0 -1 0
    outer loop
      vertex 6.15 1.2 5.44545
      vertex 6.38191 1.2 5.28521
      vertex 6.35665 1.2 5.30737
    endloop
  endfacet
  facet normal 0 -1 0
    outer loop
      vertex 3.80813 1.2 5.08835
      vertex 4.04335 1.2 5.30737
      vertex 3.8565 1.2 5.1435
    endloop
  endfacet
  facet normal 0 -1 -0
    outer loop
      vertex 4.04335 1.2 5.30737
      vertex 3.80813 1.2 5.08835
      vertex 6.38191 1.2 5.28521
    endloop
  endfacet
  facet normal 0 -1 0
    outer loop
      vertex 3.80813 1.2 2.51165
      vertex 6.38191 1.2 5.28521
      vertex 3.80813 1.2 5.08835
    endloop
  endfacet
  facet normal 0 -1 0
    outer loop
      vertex 4.04335 1.2 2.29263
      vertex 3.80813 1.2 2.51165
      vertex 3.8565 1.2 2.4565
    endloop
  endfacet
  facet normal 0 -1 0
    outer loop
      vertex 3.80813 1.2 2.51165
      vertex 6.38191 1.2 2.31479
      vertex 6.38191 1.2 5.28521
    endloop
  endfacet
  facet normal 0 -1 0
    outer loop
      vertex 3.80813 1.2 2.51165
      vertex 4.04335 1.2 2.29263
      vertex 6.38191 1.2 2.31479
    endloop
  endfacet
  facet normal 0 -1 0
    outer loop
      vertex 4.25 1.2 2.15455
      vertex 6.38191 1.2 2.31479
      vertex 4.04335 1.2 2.29263
    endloop
  endfacet
  facet normal 0 -1 0
    outer loop
      vertex 6.15 1.2 2.15455
      vertex 6.38191 1.2 2.31479
      vertex 4.25 1.2 2.15455
    endloop
  endfacet
  facet normal 0 -1 0
    outer loop
      vertex 6.38191 1.2 2.31479
      vertex 6.15 1.2 2.15455
      vertex 6.35665 1.2 2.29263
    endloop
  endfacet
  facet normal 0 -1 0
    outer loop
      vertex 4.4729 1.2 2.04463
      vertex 6.15 1.2 2.15455
      vertex 4.25 1.2 2.15455
    endloop
  endfacet
  facet normal 0 -1 0
    outer loop
      vertex 4.4729 1.2 2.04463
      vertex 5.9271 1.2 2.04463
      vertex 6.15 1.2 2.15455
    endloop
  endfacet
  facet normal 0 -1 0
    outer loop
      vertex 4.70824 1.2 1.96474
      vertex 5.9271 1.2 2.04463
      vertex 4.4729 1.2 2.04463
    endloop
  endfacet
  facet normal 0 -1 0
    outer loop
      vertex 4.70824 1.2 1.96474
      vertex 5.69176 1.2 1.96474
      vertex 5.9271 1.2 2.04463
    endloop
  endfacet
  facet normal 0 -1 0
    outer loop
      vertex 4.952 1.2 1.91625
      vertex 5.69176 1.2 1.96474
      vertex 4.70824 1.2 1.96474
    endloop
  endfacet
  facet normal 0 -1 0
    outer loop
      vertex 4.952 1.2 1.91625
      vertex 5.448 1.2 1.91625
      vertex 5.69176 1.2 1.96474
    endloop
  endfacet
  facet normal -0 -1 0
    outer loop
      vertex 5.448 1.2 1.91625
      vertex 4.952 1.2 1.91625
      vertex 5.2 1.2 1.9
    endloop
  endfacet
  facet normal 0.195136 0 0.980776
    outer loop
      vertex 4.952 1.2 1.91625
      vertex 4.93853 0.608964 1.91893
      vertex 4.952 0.604393 1.91625
    endloop
  endfacet
  facet normal 0.195102 -0 0.980783
    outer loop
      vertex 4.70824 0.72253 1.96474
      vertex 4.952 1.2 1.91625
      vertex 4.70824 1.2 1.96474
    endloop
  endfacet
  facet normal 0.195101 8.30149e-07 0.980783
    outer loop
      vertex 4.952 1.2 1.91625
      vertex 4.70824 0.72253 1.96474
      vertex 4.93853 0.608964 1.91893
    endloop
  endfacet
  facet normal 0.659376 0 0.751813
    outer loop
      vertex 4.04335 1.2 2.29263
      vertex 4 1.0718 2.33065
      vertex 4.04335 1.05042 2.29263
    endloop
  endfacet
  facet normal 0.659362 -0 0.751826
    outer loop
      vertex 3.8565 1.16768 2.4565
      vertex 4.04335 1.2 2.29263
      vertex 3.8565 1.2 2.4565
    endloop
  endfacet
  facet normal 0.659361 9.08402e-06 0.751827
    outer loop
      vertex 4.04335 1.2 2.29263
      vertex 3.8565 1.16768 2.4565
      vertex 4 1.0718 2.33065
    endloop
  endfacet
  facet normal 0.555573 -0 0.831468
    outer loop
      vertex 4.04335 1.05042 2.29263
      vertex 4.25 1.2 2.15455
      vertex 4.04335 1.2 2.29263
    endloop
  endfacet
  facet normal 0.555573 0 0.831468
    outer loop
      vertex 4.25 1.2 2.15455
      vertex 4.04335 1.05042 2.29263
      vertex 4.25 0.948511 2.15455
    endloop
  endfacet
  facet normal -0.997861 0 0.065371
    outer loop
      vertex 7.08375 0.0600548 3.552
      vertex 7.08632 1.05989 3.59123
      vertex 7.08375 1.0604 3.552
    endloop
  endfacet
  facet normal -0.99786 -5.13011e-07 0.065384
    outer loop
      vertex 7.1 0.0589894 3.8
      vertex 7.08632 1.05989 3.59123
      vertex 7.08375 0.0600548 3.552
    endloop
  endfacet
  facet normal -0.99786 0 0.0653864
    outer loop
      vertex 7.08632 1.05989 3.59123
      vertex 7.1 0.0589894 3.8
      vertex 7.1 1.05899 3.8
    endloop
  endfacet
  facet normal -0.065384 0 -0.99786
    outer loop
      vertex 5.2 0.520208 5.7
      vertex 5.448 1.2 5.68375
      vertex 5.448 0.436023 5.68375
    endloop
  endfacet
  facet normal -0.065384 0 -0.99786
    outer loop
      vertex 5.448 1.2 5.68375
      vertex 5.2 0.520208 5.7
      vertex 5.2 1.2 5.7
    endloop
  endfacet
  facet normal -0.195102 0 -0.980783
    outer loop
      vertex 5.448 0.436023 5.68375
      vertex 5.69176 1.2 5.63526
      vertex 5.69176 0.353279 5.63526
    endloop
  endfacet
  facet normal -0.195102 0 -0.980783
    outer loop
      vertex 5.69176 1.2 5.63526
      vertex 5.448 0.436023 5.68375
      vertex 5.448 1.2 5.68375
    endloop
  endfacet
  facet normal -0.659362 0 -0.751826
    outer loop
      vertex 6.35665 0.187618 5.30737
      vertex 6.5435 1.16786 5.1435
      vertex 6.5435 0.15045 5.1435
    endloop
  endfacet
  facet normal -0.659345 -5.66981e-06 -0.751841
    outer loop
      vertex 6.5435 1.16786 5.1435
      vertex 6.35665 0.187618 5.30737
      vertex 6.38191 1.2 5.28521
    endloop
  endfacet
  facet normal -0.659473 0 -0.751728
    outer loop
      vertex 6.38191 1.2 5.28521
      vertex 6.35665 0.187618 5.30737
      vertex 6.35665 1.2 5.30737
    endloop
  endfacet
  facet normal -0.442278 0 -0.896878
    outer loop
      vertex 5.92945 0.272593 5.55421
      vertex 6.15 1.2 5.44545
      vertex 6.15 0.228723 5.44545
    endloop
  endfacet
  facet normal -0.442603 9.5938e-05 -0.896718
    outer loop
      vertex 5.9271 0.273391 5.55537
      vertex 6.15 1.2 5.44545
      vertex 5.92945 0.272593 5.55421
    endloop
  endfacet
  facet normal -0.442282 0 -0.896876
    outer loop
      vertex 6.15 1.2 5.44545
      vertex 5.9271 0.273391 5.55537
      vertex 5.9271 1.2 5.55537
    endloop
  endfacet
  facet normal -0.831468 0 -0.555573
    outer loop
      vertex 6.84545 1.1078 4.75
      vertex 6.70737 0.117855 4.95665
      vertex 6.70737 1.13526 4.95665
    endloop
  endfacet
  facet normal -0.831468 0 -0.555573
    outer loop
      vertex 6.70737 0.117855 4.95665
      vertex 6.84545 1.1078 4.75
      vertex 6.84545 0.09039 4.75
    endloop
  endfacet
  facet normal 0.065384 0 -0.99786
    outer loop
      vertex 4.952 0.604393 5.68375
      vertex 5.2 1.2 5.7
      vertex 5.2 0.520208 5.7
    endloop
  endfacet
  facet normal 0.065384 0 -0.99786
    outer loop
      vertex 5.2 1.2 5.7
      vertex 4.952 0.604393 5.68375
      vertex 4.952 1.2 5.68375
    endloop
  endfacet
  facet normal 0.555573 0 -0.831468
    outer loop
      vertex 4.04335 1.05042 5.30737
      vertex 4.25 1.2 5.44545
      vertex 4.25 0.948511 5.44545
    endloop
  endfacet
  facet normal 0.555573 0 -0.831468
    outer loop
      vertex 4.25 1.2 5.44545
      vertex 4.04335 1.05042 5.30737
      vertex 4.04335 1.2 5.30737
    endloop
  endfacet
  facet normal -0.980783 0 0.195102
    outer loop
      vertex 7.03526 0.0632328 3.30824
      vertex 7.08375 1.0604 3.552
      vertex 7.03526 1.07004 3.30824
    endloop
  endfacet
  facet normal -0.980783 0 0.195102
    outer loop
      vertex 7.08375 1.0604 3.552
      vertex 7.03526 0.0632328 3.30824
      vertex 7.08375 0.0600548 3.552
    endloop
  endfacet
  facet normal -0.980783 0 -0.195102
    outer loop
      vertex 7.08375 1.0604 4.048
      vertex 7.03526 0.0632328 4.29176
      vertex 7.03526 1.07004 4.29176
    endloop
  endfacet
  facet normal -0.980783 0 -0.195102
    outer loop
      vertex 7.03526 0.0632328 4.29176
      vertex 7.08375 1.0604 4.048
      vertex 7.08375 0.0600548 4.048
    endloop
  endfacet
  facet normal -0.946927 8.73224e-07 -0.32145
    outer loop
      vertex 6.95579 0.0684414 4.52586
      vertex 6.95537 1.08593 4.5271
      vertex 7.03526 1.07004 4.29176
    endloop
  endfacet
  facet normal -0.947145 -0 -0.320807
    outer loop
      vertex 6.95537 1.08593 4.5271
      vertex 6.95579 0.0684414 4.52586
      vertex 6.95537 0.0685249 4.5271
    endloop
  endfacet
  facet normal -0.946926 0 -0.321453
    outer loop
      vertex 6.95579 0.0684414 4.52586
      vertex 7.03526 1.07004 4.29176
      vertex 7.03526 0.0632328 4.29176
    endloop
  endfacet
  facet normal -0.555573 0 -0.831468
    outer loop
      vertex 6.15 0.228723 5.44545
      vertex 6.35665 1.2 5.30737
      vertex 6.35665 0.187618 5.30737
    endloop
  endfacet
  facet normal -0.555573 0 -0.831468
    outer loop
      vertex 6.35665 1.2 5.30737
      vertex 6.15 0.228723 5.44545
      vertex 6.15 1.2 5.44545
    endloop
  endfacet
  facet normal -0.896876 0 -0.442282
    outer loop
      vertex 6.95537 1.08593 4.5271
      vertex 6.84545 0.09039 4.75
      vertex 6.84545 1.1078 4.75
    endloop
  endfacet
  facet normal -0.896876 0 -0.442282
    outer loop
      vertex 6.84545 0.09039 4.75
      vertex 6.95537 1.08593 4.5271
      vertex 6.95537 0.0685249 4.5271
    endloop
  endfacet
  facet normal 0.442282 0 -0.896876
    outer loop
      vertex 4.25 0.948511 5.44545
      vertex 4.4729 1.2 5.55537
      vertex 4.4729 0.838588 5.55537
    endloop
  endfacet
  facet normal 0.442282 0 -0.896876
    outer loop
      vertex 4.4729 1.2 5.55537
      vertex 4.25 0.948511 5.44545
      vertex 4.25 1.2 5.44545
    endloop
  endfacet
  facet normal -0.897201 0 0.441622
    outer loop
      vertex 49.2776 0 5.2
      vertex 49.3007 1 5.24693
      vertex 49.2776 1 5.2
    endloop
  endfacet
  facet normal -0.897201 0 0.441622
    outer loop
      vertex 49.3007 1 5.24693
      vertex 49.2776 0 5.2
      vertex 49.3007 0 5.24693
    endloop
  endfacet
  facet normal -0.831167 0 0.556022
    outer loop
      vertex 49.2485 0 5.1565
      vertex 49.2776 1 5.2
      vertex 49.2485 1 5.1565
    endloop
  endfacet
  facet normal -0.831167 0 0.556022
    outer loop
      vertex 49.2776 1 5.2
      vertex 49.2485 0 5.1565
      vertex 49.2776 0 5.2
    endloop
  endfacet
  facet normal -0.321731 0 0.946831
    outer loop
      vertex 49.0347 1 5.01363
      vertex 49.0842 0 5.03045
      vertex 49.0842 1 5.03045
    endloop
  endfacet
  facet normal -0.321731 0 0.946831
    outer loop
      vertex 49.0842 0 5.03045
      vertex 49.0347 1 5.01363
      vertex 49.0347 0 5.01363
    endloop
  endfacet
  facet normal 0.321731 0 0.946831
    outer loop
      vertex 48.7781 1 5.03045
      vertex 48.8276 0 5.01363
      vertex 48.8276 1 5.01363
    endloop
  endfacet
  facet normal 0.321731 0 0.946831
    outer loop
      vertex 48.8276 0 5.01363
      vertex 48.7781 1 5.03045
      vertex 48.7781 0 5.03045
    endloop
  endfacet
  facet normal 0.897201 -0 0.441622
    outer loop
      vertex 48.5616 0 5.24693
      vertex 48.5847 1 5.2
      vertex 48.5616 1 5.24693
    endloop
  endfacet
  facet normal 0.897201 0 0.441622
    outer loop
      vertex 48.5847 1 5.2
      vertex 48.5616 0 5.24693
      vertex 48.5847 0 5.2
    endloop
  endfacet
  facet normal -0.980815 0 -0.19494
    outer loop
      vertex 49.3277 0 5.45221
      vertex 49.3175 1 5.50353
      vertex 49.3277 1 5.45221
    endloop
  endfacet
  facet normal -0.980815 -0 -0.19494
    outer loop
      vertex 49.3175 1 5.50353
      vertex 49.3277 0 5.45221
      vertex 49.3175 0 5.50353
    endloop
  endfacet
  facet normal -0.659722 0 0.75151
    outer loop
      vertex 49.1747 1 5.08266
      vertex 49.214 0 5.11716
      vertex 49.214 1 5.11716
    endloop
  endfacet
  facet normal -0.659722 0 0.75151
    outer loop
      vertex 49.214 0 5.11716
      vertex 49.1747 1 5.08266
      vertex 49.1747 0 5.08266
    endloop
  endfacet
  facet normal -0.0653771 0 0.997861
    outer loop
      vertex 48.9312 1 5
      vertex 48.9834 0 5.00342
      vertex 48.9834 1 5.00342
    endloop
  endfacet
  facet normal -0.0653771 0 0.997861
    outer loop
      vertex 48.9834 0 5.00342
      vertex 48.9312 1 5
      vertex 48.9312 0 5
    endloop
  endfacet
  facet normal -0.441708 0 0.897159
    outer loop
      vertex 49.0842 1 5.03045
      vertex 49.1312 0 5.05359
      vertex 49.1312 1 5.05359
    endloop
  endfacet
  facet normal -0.441708 0 0.897159
    outer loop
      vertex 49.1312 0 5.05359
      vertex 49.0842 1 5.03045
      vertex 49.0842 0 5.03045
    endloop
  endfacet
  facet normal 0.980815 -0 0.19494
    outer loop
      vertex 48.5346 0 5.34779
      vertex 48.5448 1 5.29647
      vertex 48.5346 1 5.34779
    endloop
  endfacet
  facet normal 0.980815 0 0.19494
    outer loop
      vertex 48.5448 1 5.29647
      vertex 48.5346 0 5.34779
      vertex 48.5448 0 5.29647
    endloop
  endfacet
  facet normal 0.751842 -0 0.659343
    outer loop
      vertex 48.6138 0 5.1565
      vertex 48.6483 1 5.11716
      vertex 48.6138 1 5.1565
    endloop
  endfacet
  facet normal 0.751842 0 0.659343
    outer loop
      vertex 48.6483 1 5.11716
      vertex 48.6138 0 5.1565
      vertex 48.6483 0 5.11716
    endloop
  endfacet
  facet normal 0.195197 0 0.980764
    outer loop
      vertex 48.8276 1 5.01363
      vertex 48.8789 0 5.00342
      vertex 48.8789 1 5.00342
    endloop
  endfacet
  facet normal 0.195197 0 0.980764
    outer loop
      vertex 48.8789 0 5.00342
      vertex 48.8276 1 5.01363
      vertex 48.8276 0 5.01363
    endloop
  endfacet
  facet normal 0.659722 0 0.75151
    outer loop
      vertex 48.6483 1 5.11716
      vertex 48.6876 0 5.08266
      vertex 48.6876 1 5.08266
    endloop
  endfacet
  facet normal 0.659722 0 0.75151
    outer loop
      vertex 48.6876 0 5.08266
      vertex 48.6483 1 5.11716
      vertex 48.6483 0 5.11716
    endloop
  endfacet
  facet normal -0.997761 0 -0.0668868
    outer loop
      vertex 49.3312 0 5.4
      vertex 49.3277 1 5.45221
      vertex 49.3312 1 5.4
    endloop
  endfacet
  facet normal -0.997761 -0 -0.0668868
    outer loop
      vertex 49.3277 1 5.45221
      vertex 49.3312 0 5.4
      vertex 49.3277 0 5.45221
    endloop
  endfacet
  facet normal -0.947026 0 -0.321156
    outer loop
      vertex 49.3175 0 5.50353
      vertex 49.3007 1 5.55307
      vertex 49.3175 1 5.50353
    endloop
  endfacet
  facet normal -0.947026 -0 -0.321156
    outer loop
      vertex 49.3007 1 5.55307
      vertex 49.3175 0 5.50353
      vertex 49.3007 0 5.55307
    endloop
  endfacet
  facet normal 0.659722 0 -0.75151
    outer loop
      vertex 48.6483 0 5.68284
      vertex 48.6876 1 5.71734
      vertex 48.6876 0 5.71734
    endloop
  endfacet
  facet normal 0.659722 0 -0.75151
    outer loop
      vertex 48.6876 1 5.71734
      vertex 48.6483 0 5.68284
      vertex 48.6483 1 5.68284
    endloop
  endfacet
  facet normal 0.897201 0 -0.441622
    outer loop
      vertex 48.5847 0 5.6
      vertex 48.5616 1 5.55307
      vertex 48.5847 1 5.6
    endloop
  endfacet
  facet normal 0.897201 0 -0.441622
    outer loop
      vertex 48.5616 1 5.55307
      vertex 48.5847 0 5.6
      vertex 48.5616 0 5.55307
    endloop
  endfacet
  facet normal -0.980815 0 0.19494
    outer loop
      vertex 49.3175 0 5.29647
      vertex 49.3277 1 5.34779
      vertex 49.3175 1 5.29647
    endloop
  endfacet
  facet normal -0.980815 0 0.19494
    outer loop
      vertex 49.3277 1 5.34779
      vertex 49.3175 0 5.29647
      vertex 49.3277 0 5.34779
    endloop
  endfacet
  facet normal -0.947026 0 0.321156
    outer loop
      vertex 49.3007 0 5.24693
      vertex 49.3175 1 5.29647
      vertex 49.3007 1 5.24693
    endloop
  endfacet
  facet normal -0.947026 0 0.321156
    outer loop
      vertex 49.3175 1 5.29647
      vertex 49.3007 0 5.24693
      vertex 49.3175 0 5.29647
    endloop
  endfacet
  facet normal -0.751842 0 0.659343
    outer loop
      vertex 49.214 0 5.11716
      vertex 49.2485 1 5.1565
      vertex 49.214 1 5.11716
    endloop
  endfacet
  facet normal -0.751842 0 0.659343
    outer loop
      vertex 49.2485 1 5.1565
      vertex 49.214 0 5.11716
      vertex 49.2485 0 5.1565
    endloop
  endfacet
  facet normal -0.195197 0 0.980764
    outer loop
      vertex 48.9834 1 5.00342
      vertex 49.0347 0 5.01363
      vertex 49.0347 1 5.01363
    endloop
  endfacet
  facet normal -0.195197 0 0.980764
    outer loop
      vertex 49.0347 0 5.01363
      vertex 48.9834 1 5.00342
      vertex 48.9834 0 5.00342
    endloop
  endfacet
  facet normal -0.555626 0 0.831432
    outer loop
      vertex 49.1312 1 5.05359
      vertex 49.1747 0 5.08266
      vertex 49.1747 1 5.08266
    endloop
  endfacet
  facet normal -0.555626 0 0.831432
    outer loop
      vertex 49.1747 0 5.08266
      vertex 49.1312 1 5.05359
      vertex 49.1312 0 5.05359
    endloop
  endfacet
  facet normal 0.997886 -0 0.064984
    outer loop
      vertex 48.5312 0 5.4
      vertex 48.5346 1 5.34779
      vertex 48.5312 1 5.4
    endloop
  endfacet
  facet normal 0.997886 0 0.064984
    outer loop
      vertex 48.5346 1 5.34779
      vertex 48.5312 0 5.4
      vertex 48.5346 0 5.34779
    endloop
  endfacet
  facet normal 0.947026 -0 0.321156
    outer loop
      vertex 48.5448 0 5.29647
      vertex 48.5616 1 5.24693
      vertex 48.5448 1 5.29647
    endloop
  endfacet
  facet normal 0.947026 0 0.321156
    outer loop
      vertex 48.5616 1 5.24693
      vertex 48.5448 0 5.29647
      vertex 48.5616 0 5.24693
    endloop
  endfacet
  facet normal 0.831167 -0 0.556022
    outer loop
      vertex 48.5847 0 5.2
      vertex 48.6138 1 5.1565
      vertex 48.5847 1 5.2
    endloop
  endfacet
  facet normal 0.831167 0 0.556022
    outer loop
      vertex 48.6138 1 5.1565
      vertex 48.5847 0 5.2
      vertex 48.6138 0 5.1565
    endloop
  endfacet
  facet normal 0.0652526 0 0.997869
    outer loop
      vertex 48.8789 1 5.00342
      vertex 48.9312 0 5
      vertex 48.9312 1 5
    endloop
  endfacet
  facet normal 0.0652526 0 0.997869
    outer loop
      vertex 48.9312 0 5
      vertex 48.8789 1 5.00342
      vertex 48.8789 0 5.00342
    endloop
  endfacet
  facet normal 0.554744 0 0.832021
    outer loop
      vertex 48.6876 1 5.08266
      vertex 48.7312 0 5.05359
      vertex 48.7312 1 5.05359
    endloop
  endfacet
  facet normal 0.554744 0 0.832021
    outer loop
      vertex 48.7312 0 5.05359
      vertex 48.6876 1 5.08266
      vertex 48.6876 0 5.08266
    endloop
  endfacet
  facet normal 0.442465 0 0.896786
    outer loop
      vertex 48.7312 1 5.05359
      vertex 48.7781 0 5.03045
      vertex 48.7781 1 5.03045
    endloop
  endfacet
  facet normal 0.442465 0 0.896786
    outer loop
      vertex 48.7781 0 5.03045
      vertex 48.7312 1 5.05359
      vertex 48.7312 0 5.05359
    endloop
  endfacet
  facet normal -0.997761 0 0.0668868
    outer loop
      vertex 49.3277 0 5.34779
      vertex 49.3312 1 5.4
      vertex 49.3277 1 5.34779
    endloop
  endfacet
  facet normal -0.997761 0 0.0668868
    outer loop
      vertex 49.3312 1 5.4
      vertex 49.3277 0 5.34779
      vertex 49.3312 0 5.4
    endloop
  endfacet
  facet normal 0.831226 0 -0.555934
    outer loop
      vertex 48.6138 0 5.64351
      vertex 48.5847 1 5.6
      vertex 48.6138 1 5.64351
    endloop
  endfacet
  facet normal 0.831226 0 -0.555934
    outer loop
      vertex 48.5847 1 5.6
      vertex 48.6138 0 5.64351
      vertex 48.5847 0 5.6
    endloop
  endfacet
  facet normal -0.195197 0 -0.980764
    outer loop
      vertex 48.9834 0 5.79658
      vertex 49.0347 1 5.78637
      vertex 49.0347 0 5.78637
    endloop
  endfacet
  facet normal -0.195197 0 -0.980764
    outer loop
      vertex 49.0347 1 5.78637
      vertex 48.9834 0 5.79658
      vertex 48.9834 1 5.79658
    endloop
  endfacet
  facet normal -0.751759 0 -0.659438
    outer loop
      vertex 49.2485 0 5.64351
      vertex 49.214 1 5.68284
      vertex 49.2485 1 5.64351
    endloop
  endfacet
  facet normal -0.751759 -0 -0.659438
    outer loop
      vertex 49.214 1 5.68284
      vertex 49.2485 0 5.64351
      vertex 49.214 0 5.68284
    endloop
  endfacet
  facet normal -0.897201 0 -0.441622
    outer loop
      vertex 49.3007 0 5.55307
      vertex 49.2776 1 5.6
      vertex 49.3007 1 5.55307
    endloop
  endfacet
  facet normal -0.897201 -0 -0.441622
    outer loop
      vertex 49.2776 1 5.6
      vertex 49.3007 0 5.55307
      vertex 49.2776 0 5.6
    endloop
  endfacet
  facet normal 0.195197 0 -0.980764
    outer loop
      vertex 48.8276 0 5.78637
      vertex 48.8789 1 5.79658
      vertex 48.8789 0 5.79658
    endloop
  endfacet
  facet normal 0.195197 0 -0.980764
    outer loop
      vertex 48.8789 1 5.79658
      vertex 48.8276 0 5.78637
      vertex 48.8276 1 5.78637
    endloop
  endfacet
  facet normal 0.0652526 0 -0.997869
    outer loop
      vertex 48.8789 0 5.79658
      vertex 48.9312 1 5.8
      vertex 48.9312 0 5.8
    endloop
  endfacet
  facet normal 0.0652526 0 -0.997869
    outer loop
      vertex 48.9312 1 5.8
      vertex 48.8789 0 5.79658
      vertex 48.8789 1 5.79658
    endloop
  endfacet
  facet normal 0.997886 0 -0.064984
    outer loop
      vertex 48.5346 0 5.45221
      vertex 48.5312 1 5.4
      vertex 48.5346 1 5.45221
    endloop
  endfacet
  facet normal 0.997886 0 -0.064984
    outer loop
      vertex 48.5312 1 5.4
      vertex 48.5346 0 5.45221
      vertex 48.5312 0 5.4
    endloop
  endfacet
  facet normal 0.947026 0 -0.321156
    outer loop
      vertex 48.5616 0 5.55307
      vertex 48.5448 1 5.50353
      vertex 48.5616 1 5.55307
    endloop
  endfacet
  facet normal 0.947026 0 -0.321156
    outer loop
      vertex 48.5448 1 5.50353
      vertex 48.5616 0 5.55307
      vertex 48.5448 0 5.50353
    endloop
  endfacet
  facet normal 0.751759 0 -0.659438
    outer loop
      vertex 48.6483 0 5.68284
      vertex 48.6138 1 5.64351
      vertex 48.6483 1 5.68284
    endloop
  endfacet
  facet normal 0.751759 0 -0.659438
    outer loop
      vertex 48.6138 1 5.64351
      vertex 48.6483 0 5.68284
      vertex 48.6138 0 5.64351
    endloop
  endfacet
  facet normal -0.441708 0 -0.897159
    outer loop
      vertex 49.0842 0 5.76955
      vertex 49.1312 1 5.74641
      vertex 49.1312 0 5.74641
    endloop
  endfacet
  facet normal -0.441708 0 -0.897159
    outer loop
      vertex 49.1312 1 5.74641
      vertex 49.0842 0 5.76955
      vertex 49.0842 1 5.76955
    endloop
  endfacet
  facet normal -0.321731 0 -0.946831
    outer loop
      vertex 49.0347 0 5.78637
      vertex 49.0842 1 5.76955
      vertex 49.0842 0 5.76955
    endloop
  endfacet
  facet normal -0.321731 0 -0.946831
    outer loop
      vertex 49.0842 1 5.76955
      vertex 49.0347 0 5.78637
      vertex 49.0347 1 5.78637
    endloop
  endfacet
  facet normal -0.659722 0 -0.75151
    outer loop
      vertex 49.1747 0 5.71734
      vertex 49.214 1 5.68284
      vertex 49.214 0 5.68284
    endloop
  endfacet
  facet normal -0.659722 0 -0.75151
    outer loop
      vertex 49.214 1 5.68284
      vertex 49.1747 0 5.71734
      vertex 49.1747 1 5.71734
    endloop
  endfacet
  facet normal -0.555626 0 -0.831432
    outer loop
      vertex 49.1312 0 5.74641
      vertex 49.1747 1 5.71734
      vertex 49.1747 0 5.71734
    endloop
  endfacet
  facet normal -0.555626 0 -0.831432
    outer loop
      vertex 49.1747 1 5.71734
      vertex 49.1312 0 5.74641
      vertex 49.1312 1 5.74641
    endloop
  endfacet
  facet normal -0.831226 0 -0.555934
    outer loop
      vertex 49.2776 0 5.6
      vertex 49.2485 1 5.64351
      vertex 49.2776 1 5.6
    endloop
  endfacet
  facet normal -0.831226 -0 -0.555934
    outer loop
      vertex 49.2485 1 5.64351
      vertex 49.2776 0 5.6
      vertex 49.2485 0 5.64351
    endloop
  endfacet
  facet normal -0.0653771 0 -0.997861
    outer loop
      vertex 48.9312 0 5.8
      vertex 48.9834 1 5.79658
      vertex 48.9834 0 5.79658
    endloop
  endfacet
  facet normal -0.0653771 0 -0.997861
    outer loop
      vertex 48.9834 1 5.79658
      vertex 48.9312 0 5.8
      vertex 48.9312 1 5.8
    endloop
  endfacet
  facet normal 0.442465 0 -0.896786
    outer loop
      vertex 48.7312 0 5.74641
      vertex 48.7781 1 5.76955
      vertex 48.7781 0 5.76955
    endloop
  endfacet
  facet normal 0.442465 0 -0.896786
    outer loop
      vertex 48.7781 1 5.76955
      vertex 48.7312 0 5.74641
      vertex 48.7312 1 5.74641
    endloop
  endfacet
  facet normal 0.980815 0 -0.19494
    outer loop
      vertex 48.5448 0 5.50353
      vertex 48.5346 1 5.45221
      vertex 48.5448 1 5.50353
    endloop
  endfacet
  facet normal 0.980815 0 -0.19494
    outer loop
      vertex 48.5346 1 5.45221
      vertex 48.5448 0 5.50353
      vertex 48.5346 0 5.45221
    endloop
  endfacet
  facet normal 0.554744 0 -0.832021
    outer loop
      vertex 48.6876 0 5.71734
      vertex 48.7312 1 5.74641
      vertex 48.7312 0 5.74641
    endloop
  endfacet
  facet normal 0.554744 0 -0.832021
    outer loop
      vertex 48.7312 1 5.74641
      vertex 48.6876 0 5.71734
      vertex 48.6876 1 5.71734
    endloop
  endfacet
  facet normal 0.321731 0 -0.946831
    outer loop
      vertex 48.7781 0 5.76955
      vertex 48.8276 1 5.78637
      vertex 48.8276 0 5.78637
    endloop
  endfacet
  facet normal 0.321731 0 -0.946831
    outer loop
      vertex 48.8276 1 5.78637
      vertex 48.7781 0 5.76955
      vertex 48.7781 1 5.76955
    endloop
  endfacet
  facet normal -0.555694 0 0.831387
    outer loop
      vertex 53.25 154.622 2.29737
      vertex 53.3696 153.622 2.37731
      vertex 53.3696 154.622 2.37731
    endloop
  endfacet
  facet normal -0.555694 0 0.831387
    outer loop
      vertex 53.3696 153.622 2.37731
      vertex 53.25 154.622 2.29737
      vertex 53.25 153.622 2.29737
    endloop
  endfacet
  facet normal -0.980746 0 -0.195287
    outer loop
      vertex 53.7906 153.622 3.39358
      vertex 53.7625 154.622 3.5347
      vertex 53.7906 154.622 3.39358
    endloop
  endfacet
  facet normal -0.980746 -0 -0.195287
    outer loop
      vertex 53.7625 154.622 3.5347
      vertex 53.7906 153.622 3.39358
      vertex 53.7625 153.622 3.5347
    endloop
  endfacet
  facet normal 0.32133 0 -0.946967
    outer loop
      vertex 52.279 153.622 4.26627
      vertex 52.4153 154.622 4.31252
      vertex 52.4153 153.622 4.31252
    endloop
  endfacet
  facet normal 0.32133 0 -0.946967
    outer loop
      vertex 52.4153 154.622 4.31252
      vertex 52.279 153.622 4.26627
      vertex 52.279 154.622 4.26627
    endloop
  endfacet
  facet normal 0.32133 0 0.946967
    outer loop
      vertex 52.279 154.622 2.23373
      vertex 52.4153 153.622 2.18748
      vertex 52.4153 154.622 2.18748
    endloop
  endfacet
  facet normal 0.32133 0 0.946967
    outer loop
      vertex 52.4153 153.622 2.18748
      vertex 52.279 154.622 2.23373
      vertex 52.279 153.622 2.23373
    endloop
  endfacet
  facet normal 0.896708 -0 0.442622
    outer loop
      vertex 51.6837 153.622 2.82905
      vertex 51.7474 154.622 2.7
      vertex 51.6837 154.622 2.82905
    endloop
  endfacet
  facet normal 0.896708 0 0.442622
    outer loop
      vertex 51.7474 154.622 2.7
      vertex 51.6837 153.622 2.82905
      vertex 51.7474 153.622 2.7
    endloop
  endfacet
  facet normal -0.896708 0 0.442622
    outer loop
      vertex 53.6526 153.622 2.7
      vertex 53.7163 154.622 2.82905
      vertex 53.6526 154.622 2.7
    endloop
  endfacet
  facet normal -0.896708 0 0.442622
    outer loop
      vertex 53.7163 154.622 2.82905
      vertex 53.6526 153.622 2.7
      vertex 53.7163 153.622 2.82905
    endloop
  endfacet
  facet normal -0.980746 0 0.195287
    outer loop
      vertex 53.7625 153.622 2.9653
      vertex 53.7906 154.622 3.10642
      vertex 53.7625 154.622 2.9653
    endloop
  endfacet
  facet normal -0.980746 0 0.195287
    outer loop
      vertex 53.7906 154.622 3.10642
      vertex 53.7625 153.622 2.9653
      vertex 53.7906 153.622 3.10642
    endloop
  endfacet
  facet normal -0.831601 0 0.555374
    outer loop
      vertex 53.5727 153.622 2.58036
      vertex 53.6526 154.622 2.7
      vertex 53.5727 154.622 2.58036
    endloop
  endfacet
  facet normal -0.831601 0 0.555374
    outer loop
      vertex 53.6526 154.622 2.7
      vertex 53.5727 153.622 2.58036
      vertex 53.6526 153.622 2.7
    endloop
  endfacet
  facet normal -0.32133 0 0.946967
    outer loop
      vertex 52.9847 154.622 2.18748
      vertex 53.121 153.622 2.23373
      vertex 53.121 154.622 2.23373
    endloop
  endfacet
  facet normal -0.32133 0 0.946967
    outer loop
      vertex 53.121 153.622 2.23373
      vertex 52.9847 154.622 2.18748
      vertex 52.9847 153.622 2.18748
    endloop
  endfacet
  facet normal -0.065389 0 0.99786
    outer loop
      vertex 52.7 154.622 2.15
      vertex 52.8436 153.622 2.15941
      vertex 52.8436 154.622 2.15941
    endloop
  endfacet
  facet normal -0.065389 0 0.99786
    outer loop
      vertex 52.8436 153.622 2.15941
      vertex 52.7 154.622 2.15
      vertex 52.7 153.622 2.15
    endloop
  endfacet
  facet normal 0.980746 -0 0.195287
    outer loop
      vertex 51.6094 153.622 3.10642
      vertex 51.6375 154.622 2.9653
      vertex 51.6094 154.622 3.10642
    endloop
  endfacet
  facet normal 0.980746 0 0.195287
    outer loop
      vertex 51.6375 154.622 2.9653
      vertex 51.6094 153.622 3.10642
      vertex 51.6375 153.622 2.9653
    endloop
  endfacet
  facet normal 0.751741 -0 0.659458
    outer loop
      vertex 51.8273 153.622 2.58036
      vertex 51.9222 154.622 2.47218
      vertex 51.8273 154.622 2.58036
    endloop
  endfacet
  facet normal 0.751741 0 0.659458
    outer loop
      vertex 51.9222 154.622 2.47218
      vertex 51.8273 153.622 2.58036
      vertex 51.9222 153.622 2.47218
    endloop
  endfacet
  facet normal 0.195113 0 0.980781
    outer loop
      vertex 52.4153 154.622 2.18748
      vertex 52.5564 153.622 2.15941
      vertex 52.5564 154.622 2.15941
    endloop
  endfacet
  facet normal 0.195113 0 0.980781
    outer loop
      vertex 52.5564 153.622 2.15941
      vertex 52.4153 154.622 2.18748
      vertex 52.4153 153.622 2.18748
    endloop
  endfacet
  facet normal 0.659272 0 0.751905
    outer loop
      vertex 51.9222 154.622 2.47218
      vertex 52.0304 153.622 2.37731
      vertex 52.0304 154.622 2.37731
    endloop
  endfacet
  facet normal 0.659272 0 0.751905
    outer loop
      vertex 52.0304 153.622 2.37731
      vertex 51.9222 154.622 2.47218
      vertex 51.9222 153.622 2.47218
    endloop
  endfacet
  facet normal -0.997864 0 -0.0653289
    outer loop
      vertex 53.8 153.622 3.25
      vertex 53.7906 154.622 3.39358
      vertex 53.8 154.622 3.25
    endloop
  endfacet
  facet normal -0.997864 -0 -0.0653289
    outer loop
      vertex 53.7906 154.622 3.39358
      vertex 53.8 153.622 3.25
      vertex 53.7906 153.622 3.39358
    endloop
  endfacet
  facet normal -0.442424 0 -0.896806
    outer loop
      vertex 53.121 153.622 4.26627
      vertex 53.25 154.622 4.20263
      vertex 53.25 153.622 4.20263
    endloop
  endfacet
  facet normal -0.442424 0 -0.896806
    outer loop
      vertex 53.25 154.622 4.20263
      vertex 53.121 153.622 4.26627
      vertex 53.121 154.622 4.26627
    endloop
  endfacet
  facet normal -0.555694 0 -0.831387
    outer loop
      vertex 53.25 153.622 4.20263
      vertex 53.3696 154.622 4.12269
      vertex 53.3696 153.622 4.12269
    endloop
  endfacet
  facet normal -0.555694 0 -0.831387
    outer loop
      vertex 53.3696 154.622 4.12269
      vertex 53.25 153.622 4.20263
      vertex 53.25 154.622 4.20263
    endloop
  endfacet
  facet normal -0.831601 0 -0.555374
    outer loop
      vertex 53.6526 153.622 3.8
      vertex 53.5727 154.622 3.91964
      vertex 53.6526 154.622 3.8
    endloop
  endfacet
  facet normal -0.831601 -0 -0.555374
    outer loop
      vertex 53.5727 154.622 3.91964
      vertex 53.6526 153.622 3.8
      vertex 53.5727 153.622 3.91964
    endloop
  endfacet
  facet normal 0.195113 0 -0.980781
    outer loop
      vertex 52.4153 153.622 4.31252
      vertex 52.5564 154.622 4.34059
      vertex 52.5564 153.622 4.34059
    endloop
  endfacet
  facet normal 0.195113 0 -0.980781
    outer loop
      vertex 52.5564 154.622 4.34059
      vertex 52.4153 153.622 4.31252
      vertex 52.4153 154.622 4.31252
    endloop
  endfacet
  facet normal 0.659272 0 -0.751905
    outer loop
      vertex 51.9222 153.622 4.02782
      vertex 52.0304 154.622 4.12269
      vertex 52.0304 153.622 4.12269
    endloop
  endfacet
  facet normal 0.659272 0 -0.751905
    outer loop
      vertex 52.0304 154.622 4.12269
      vertex 51.9222 153.622 4.02782
      vertex 51.9222 154.622 4.02782
    endloop
  endfacet
  facet normal 0.751741 0 -0.659458
    outer loop
      vertex 51.9222 153.622 4.02782
      vertex 51.8273 154.622 3.91964
      vertex 51.9222 154.622 4.02782
    endloop
  endfacet
  facet normal 0.751741 0 -0.659458
    outer loop
      vertex 51.8273 154.622 3.91964
      vertex 51.9222 153.622 4.02782
      vertex 51.8273 153.622 3.91964
    endloop
  endfacet
  facet normal -0.947037 0 0.321124
    outer loop
      vertex 53.7163 153.622 2.82905
      vertex 53.7625 154.622 2.9653
      vertex 53.7163 154.622 2.82905
    endloop
  endfacet
  facet normal -0.947037 0 0.321124
    outer loop
      vertex 53.7625 154.622 2.9653
      vertex 53.7163 153.622 2.82905
      vertex 53.7625 153.622 2.9653
    endloop
  endfacet
  facet normal -0.751741 0 0.659458
    outer loop
      vertex 53.4778 153.622 2.47218
      vertex 53.5727 154.622 2.58036
      vertex 53.4778 154.622 2.47218
    endloop
  endfacet
  facet normal -0.751741 0 0.659458
    outer loop
      vertex 53.5727 154.622 2.58036
      vertex 53.4778 153.622 2.47218
      vertex 53.5727 153.622 2.58036
    endloop
  endfacet
  facet normal -0.659272 0 0.751905
    outer loop
      vertex 53.3696 154.622 2.37731
      vertex 53.4778 153.622 2.47218
      vertex 53.4778 154.622 2.47218
    endloop
  endfacet
  facet normal -0.659272 0 0.751905
    outer loop
      vertex 53.4778 153.622 2.47218
      vertex 53.3696 154.622 2.37731
      vertex 53.3696 153.622 2.37731
    endloop
  endfacet
  facet normal -0.442424 0 0.896806
    outer loop
      vertex 53.121 154.622 2.23373
      vertex 53.25 153.622 2.29737
      vertex 53.25 154.622 2.29737
    endloop
  endfacet
  facet normal -0.442424 0 0.896806
    outer loop
      vertex 53.25 153.622 2.29737
      vertex 53.121 154.622 2.23373
      vertex 53.121 153.622 2.23373
    endloop
  endfacet
  facet normal -0.195113 0 0.980781
    outer loop
      vertex 52.8436 154.622 2.15941
      vertex 52.9847 153.622 2.18748
      vertex 52.9847 154.622 2.18748
    endloop
  endfacet
  facet normal -0.195113 0 0.980781
    outer loop
      vertex 52.9847 153.622 2.18748
      vertex 52.8436 154.622 2.15941
      vertex 52.8436 153.622 2.15941
    endloop
  endfacet
  facet normal 0.997864 -0 0.0653289
    outer loop
      vertex 51.6 153.622 3.25
      vertex 51.6094 154.622 3.10642
      vertex 51.6 154.622 3.25
    endloop
  endfacet
  facet normal 0.997864 0 0.0653289
    outer loop
      vertex 51.6094 154.622 3.10642
      vertex 51.6 153.622 3.25
      vertex 51.6094 153.622 3.10642
    endloop
  endfacet
  facet normal 0.947037 -0 0.321124
    outer loop
      vertex 51.6375 153.622 2.9653
      vertex 51.6837 154.622 2.82905
      vertex 51.6375 154.622 2.9653
    endloop
  endfacet
  facet normal 0.947037 0 0.321124
    outer loop
      vertex 51.6837 154.622 2.82905
      vertex 51.6375 153.622 2.9653
      vertex 51.6837 153.622 2.82905
    endloop
  endfacet
  facet normal 0.831601 -0 0.555374
    outer loop
      vertex 51.7474 153.622 2.7
      vertex 51.8273 154.622 2.58036
      vertex 51.7474 154.622 2.7
    endloop
  endfacet
  facet normal 0.831601 0 0.555374
    outer loop
      vertex 51.8273 154.622 2.58036
      vertex 51.7474 153.622 2.7
      vertex 51.8273 153.622 2.58036
    endloop
  endfacet
  facet normal 0.065389 0 0.99786
    outer loop
      vertex 52.5564 154.622 2.15941
      vertex 52.7 153.622 2.15
      vertex 52.7 154.622 2.15
    endloop
  endfacet
  facet normal 0.065389 0 0.99786
    outer loop
      vertex 52.7 153.622 2.15
      vertex 52.5564 154.622 2.15941
      vertex 52.5564 153.622 2.15941
    endloop
  endfacet
  facet normal 0.555694 0 0.831387
    outer loop
      vertex 52.0304 154.622 2.37731
      vertex 52.15 153.622 2.29737
      vertex 52.15 154.622 2.29737
    endloop
  endfacet
  facet normal 0.555694 0 0.831387
    outer loop
      vertex 52.15 153.622 2.29737
      vertex 52.0304 154.622 2.37731
      vertex 52.0304 153.622 2.37731
    endloop
  endfacet
  facet normal 0.442424 0 0.896806
    outer loop
      vertex 52.15 154.622 2.29737
      vertex 52.279 153.622 2.23373
      vertex 52.279 154.622 2.23373
    endloop
  endfacet
  facet normal 0.442424 0 0.896806
    outer loop
      vertex 52.279 153.622 2.23373
      vertex 52.15 154.622 2.29737
      vertex 52.15 153.622 2.29737
    endloop
  endfacet
  facet normal -0.997864 0 0.0653289
    outer loop
      vertex 53.7906 153.622 3.10642
      vertex 53.8 154.622 3.25
      vertex 53.7906 154.622 3.10642
    endloop
  endfacet
  facet normal -0.997864 0 0.0653289
    outer loop
      vertex 53.8 154.622 3.25
      vertex 53.7906 153.622 3.10642
      vertex 53.8 153.622 3.25
    endloop
  endfacet
  facet normal -0.065389 0 -0.99786
    outer loop
      vertex 52.7 153.622 4.35
      vertex 52.8436 154.622 4.34059
      vertex 52.8436 153.622 4.34059
    endloop
  endfacet
  facet normal -0.065389 0 -0.99786
    outer loop
      vertex 52.8436 154.622 4.34059
      vertex 52.7 153.622 4.35
      vertex 52.7 154.622 4.35
    endloop
  endfacet
  facet normal -0.195113 0 -0.980781
    outer loop
      vertex 52.8436 153.622 4.34059
      vertex 52.9847 154.622 4.31252
      vertex 52.9847 153.622 4.31252
    endloop
  endfacet
  facet normal -0.195113 0 -0.980781
    outer loop
      vertex 52.9847 154.622 4.31252
      vertex 52.8436 153.622 4.34059
      vertex 52.8436 154.622 4.34059
    endloop
  endfacet
  facet normal -0.32133 0 -0.946967
    outer loop
      vertex 52.9847 153.622 4.31252
      vertex 53.121 154.622 4.26627
      vertex 53.121 153.622 4.26627
    endloop
  endfacet
  facet normal -0.32133 0 -0.946967
    outer loop
      vertex 53.121 154.622 4.26627
      vertex 52.9847 153.622 4.31252
      vertex 52.9847 154.622 4.31252
    endloop
  endfacet
  facet normal -0.659272 0 -0.751905
    outer loop
      vertex 53.3696 153.622 4.12269
      vertex 53.4778 154.622 4.02782
      vertex 53.4778 153.622 4.02782
    endloop
  endfacet
  facet normal -0.659272 0 -0.751905
    outer loop
      vertex 53.4778 154.622 4.02782
      vertex 53.3696 153.622 4.12269
      vertex 53.3696 154.622 4.12269
    endloop
  endfacet
  facet normal -0.896708 0 -0.442622
    outer loop
      vertex 53.7163 153.622 3.67095
      vertex 53.6526 154.622 3.8
      vertex 53.7163 154.622 3.67095
    endloop
  endfacet
  facet normal -0.896708 -0 -0.442622
    outer loop
      vertex 53.6526 154.622 3.8
      vertex 53.7163 153.622 3.67095
      vertex 53.6526 153.622 3.8
    endloop
  endfacet
  facet normal 0.065389 0 -0.99786
    outer loop
      vertex 52.5564 153.622 4.34059
      vertex 52.7 154.622 4.35
      vertex 52.7 153.622 4.35
    endloop
  endfacet
  facet normal 0.065389 0 -0.99786
    outer loop
      vertex 52.7 154.622 4.35
      vertex 52.5564 153.622 4.34059
      vertex 52.5564 154.622 4.34059
    endloop
  endfacet
  facet normal 0.555694 0 -0.831387
    outer loop
      vertex 52.0304 153.622 4.12269
      vertex 52.15 154.622 4.20263
      vertex 52.15 153.622 4.20263
    endloop
  endfacet
  facet normal 0.555694 0 -0.831387
    outer loop
      vertex 52.15 154.622 4.20263
      vertex 52.0304 153.622 4.12269
      vertex 52.0304 154.622 4.12269
    endloop
  endfacet
  facet normal 0.947037 0 -0.321124
    outer loop
      vertex 51.6837 153.622 3.67095
      vertex 51.6375 154.622 3.5347
      vertex 51.6837 154.622 3.67095
    endloop
  endfacet
  facet normal 0.947037 0 -0.321124
    outer loop
      vertex 51.6375 154.622 3.5347
      vertex 51.6837 153.622 3.67095
      vertex 51.6375 153.622 3.5347
    endloop
  endfacet
  facet normal 0.997864 0 -0.0653289
    outer loop
      vertex 51.6094 153.622 3.39358
      vertex 51.6 154.622 3.25
      vertex 51.6094 154.622 3.39358
    endloop
  endfacet
  facet normal 0.997864 0 -0.0653289
    outer loop
      vertex 51.6 154.622 3.25
      vertex 51.6094 153.622 3.39358
      vertex 51.6 153.622 3.25
    endloop
  endfacet
  facet normal 0.896708 0 -0.442622
    outer loop
      vertex 51.7474 153.622 3.8
      vertex 51.6837 154.622 3.67095
      vertex 51.7474 154.622 3.8
    endloop
  endfacet
  facet normal 0.896708 0 -0.442622
    outer loop
      vertex 51.6837 154.622 3.67095
      vertex 51.7474 153.622 3.8
      vertex 51.6837 153.622 3.67095
    endloop
  endfacet
  facet normal -0.751741 0 -0.659458
    outer loop
      vertex 53.5727 153.622 3.91964
      vertex 53.4778 154.622 4.02782
      vertex 53.5727 154.622 3.91964
    endloop
  endfacet
  facet normal -0.751741 -0 -0.659458
    outer loop
      vertex 53.4778 154.622 4.02782
      vertex 53.5727 153.622 3.91964
      vertex 53.4778 153.622 4.02782
    endloop
  endfacet
  facet normal -0.947037 0 -0.321124
    outer loop
      vertex 53.7625 153.622 3.5347
      vertex 53.7163 154.622 3.67095
      vertex 53.7625 154.622 3.5347
    endloop
  endfacet
  facet normal -0.947037 -0 -0.321124
    outer loop
      vertex 53.7163 154.622 3.67095
      vertex 53.7625 153.622 3.5347
      vertex 53.7163 153.622 3.67095
    endloop
  endfacet
  facet normal 0.442424 0 -0.896806
    outer loop
      vertex 52.15 153.622 4.20263
      vertex 52.279 154.622 4.26627
      vertex 52.279 153.622 4.26627
    endloop
  endfacet
  facet normal 0.442424 0 -0.896806
    outer loop
      vertex 52.279 154.622 4.26627
      vertex 52.15 153.622 4.20263
      vertex 52.15 154.622 4.20263
    endloop
  endfacet
  facet normal 0.980746 0 -0.195287
    outer loop
      vertex 51.6375 153.622 3.5347
      vertex 51.6094 154.622 3.39358
      vertex 51.6375 154.622 3.5347
    endloop
  endfacet
  facet normal 0.980746 0 -0.195287
    outer loop
      vertex 51.6094 154.622 3.39358
      vertex 51.6375 153.622 3.5347
      vertex 51.6094 153.622 3.39358
    endloop
  endfacet
  facet normal 0.831601 0 -0.555374
    outer loop
      vertex 51.8273 153.622 3.91964
      vertex 51.7474 154.622 3.8
      vertex 51.8273 154.622 3.91964
    endloop
  endfacet
  facet normal 0.831601 0 -0.555374
    outer loop
      vertex 51.7474 154.622 3.8
      vertex 51.8273 153.622 3.91964
      vertex 51.7474 153.622 3.8
    endloop
  endfacet
endsolid OpenSCAD_Model
