#
# There is insufficient memory for the Java Runtime Environment to continue.
# Native memory allocation (mmap) failed to map 428867584 bytes. Error detail: G1 virtual space
# Possible reasons:
#   The system is out of physical RAM or swap space
#   This process is running with CompressedOops enabled, and the Java Heap may be blocking the growth of the native heap
# Possible solutions:
#   Reduce memory load on the system
#   Increase physical memory or swap space
#   Check if swap backing store is full
#   Decrease Java heap size (-Xmx/-Xms)
#   Decrease number of Java threads
#   Decrease Java thread stack sizes (-Xss)
#   Set larger code cache with -XX:ReservedCodeCacheSize=
#   JVM is running with Unscaled Compressed Oops mode in which the Java heap is
#     placed in the first 4GB address space. The Java Heap base address is the
#     maximum limit for the native heap growth. Please use -XX:HeapBaseMinAddress
#     to set the Java Heap base and to place the Java Heap above 4GB virtual address.
# This output file may be truncated or incomplete.
#
#  Out of Memory Error (os_windows.cpp:3686), pid=11156, tid=7844
#
# JRE version: OpenJDK Runtime Environment Temurin-21.0.7+6 (21.0.7+6) (build 21.0.7+6-LTS)
# Java VM: OpenJDK 64-Bit Server VM Temurin-21.0.7+6 (21.0.7+6-LTS, mixed mode, sharing, tiered, compressed oops, compressed class ptrs, g1 gc, windows-amd64)
# No core dump will be written. Minidumps are not enabled by default on client versions of Windows
#

---------------  S U M M A R Y ------------

Command Line: --add-opens=java.base/java.lang=ALL-UNNAMED --add-opens=java.base/java.lang.invoke=ALL-UNNAMED --add-opens=java.base/java.util=ALL-UNNAMED --add-opens=java.prefs/java.util.prefs=ALL-UNNAMED --add-exports=jdk.compiler/com.sun.tools.javac.api=ALL-UNNAMED --add-exports=jdk.compiler/com.sun.tools.javac.util=ALL-UNNAMED --add-opens=java.base/java.nio.charset=ALL-UNNAMED --add-opens=java.base/java.net=ALL-UNNAMED --add-opens=java.base/java.util.concurrent=ALL-UNNAMED --add-opens=java.base/java.util.concurrent.atomic=ALL-UNNAMED --add-opens=java.xml/javax.xml.namespace=ALL-UNNAMED --add-opens=java.base/java.time=ALL-UNNAMED -Xmx2048m -Dfile.encoding=UTF-8 -Duser.country=IL -Duser.language=he -Duser.variant -javaagent:C:\Users\yairz\.gradle\wrapper\dists\gradle-9.5.0-bin\bvnork1r7n8i6kp5cnkibsc9q\gradle-9.5.0\lib\agents\gradle-instrumentation-agent-9.5.0.jar org.gradle.launcher.daemon.bootstrap.GradleDaemon 9.5.0

Host: Intel(R) Core(TM) i7-6700 CPU @ 3.40GHz, 8 cores, 15G,  Windows 11 , 64 bit Build 26100 (10.0.26100.9168)
Time: Fri Sep  4 11:36:02 2026  Windows 11 , 64 bit Build 26100 (10.0.26100.9168) elapsed time: 65.332206 seconds (0d 0h 1m 5s)

---------------  T H R E A D  ---------------

Current thread (0x000001bc42850d60):  VMThread "VM Thread"          [id=7844, stack(0x0000008d45900000,0x0000008d45a00000) (1024K)]

Stack: [0x0000008d45900000,0x0000008d45a00000]
Native frames: (J=compiled Java code, j=interpreted, Vv=VM code, C=native code)
V  [jvm.dll+0x6ce119]
V  [jvm.dll+0x8a84a1]
V  [jvm.dll+0x8aa9ce]
V  [jvm.dll+0x8ab0b3]
V  [jvm.dll+0x27f8a6]
V  [jvm.dll+0x6ca945]
V  [jvm.dll+0x6bebea]
V  [jvm.dll+0x355eca]
V  [jvm.dll+0x35da96]
V  [jvm.dll+0x3af72e]
V  [jvm.dll+0x3af9d8]
V  [jvm.dll+0x32a05c]
V  [jvm.dll+0x32a0e7]
V  [jvm.dll+0x36deac]
V  [jvm.dll+0x36c6f8]
V  [jvm.dll+0x329821]
V  [jvm.dll+0x36bd6a]
V  [jvm.dll+0x8b0dcf]
V  [jvm.dll+0x8b2154]
V  [jvm.dll+0x8b2690]
V  [jvm.dll+0x8b2933]
V  [jvm.dll+0x851f6b]
V  [jvm.dll+0x6cc7dd]
C  [ucrtbase.dll+0x2cd30]
C  [KERNEL32.DLL+0x2ccb7]
C  [ntdll.dll+0xaad6c]

VM_Operation (0x0000008d49ef9e40): G1CollectForAllocation, mode: safepoint, requested by thread 0x000001bc8a4ba2c0


---------------  P R O C E S S  ---------------

Threads class SMR info:
_java_thread_list=0x000001bc9bc253c0, length=79, elements={
0x000001bc25c05a40, 0x000001bc42870f10, 0x000001bc42874790, 0x000001bc42877f10,
0x000001bc42878960, 0x000001bc428793b0, 0x000001bc42879e00, 0x000001bc4287bb90,
0x000001bc42880d90, 0x000001bc428bddb0, 0x000001bc42af9fb0, 0x000001bc42a190e0,
0x000001bc89cb3840, 0x000001bc89cb2510, 0x000001bc429b1120, 0x000001bc8a02b5d0,
0x000001bc88cf7bb0, 0x000001bc88cf8240, 0x000001bc88cf88d0, 0x000001bc88cf6e90,
0x000001bc8a4b67b0, 0x000001bc8a4b95a0, 0x000001bc8a4b9c30, 0x000001bc8a69d330,
0x000001bc8a69b8f0, 0x000001bc8a69cca0, 0x000001bca6f76bd0, 0x000001bca6f78ca0,
0x000001bc9b12f2d0, 0x000001bc9b12f960, 0x000001bc9b12fff0, 0x000001bc9b130680,
0x000001bc9b6aadc0, 0x000001bc9b6a8660, 0x000001bc9b6abae0, 0x000001bc9b6ab450,
0x000001bc9b6ac170, 0x000001bc9b6a8cf0, 0x000001bc9b6ac800, 0x000001bc9b6aa730,
0x000001bc9b6aa0a0, 0x000001bc9b6a9380, 0x000001bc9b6aef60, 0x000001bc9b6afc80,
0x000001bc9b6af5f0, 0x000001bc9b6ae8d0, 0x000001bc9b6ace90, 0x000001bc9b6ad520,
0x000001bc9b6adbb0, 0x000001bcabf61510, 0x000001bcabf5e090, 0x000001bcabf62f50,
0x000001bcabf635e0, 0x000001bcabf63c70, 0x000001bcabf607f0, 0x000001bcabf656b0,
0x000001bcabf64990, 0x000001bcabf64300, 0x000001bcabf65020, 0x000001bc8a4b81f0,
0x000001bc8a4b7b60, 0x000001bc8a4b8880, 0x000001bc8a4bc390, 0x000001bc8a4ba2c0,
0x000001bc8a4bbd00, 0x000001bc8a4bca20, 0x000001bc8a4bd0b0, 0x000001bc8a4bd740,
0x000001bc88cf7520, 0x000001bc88cf8f60, 0x000001bc88cf95f0, 0x000001bc88cf6170,
0x000001bca6f79330, 0x000001bca6f7a6e0, 0x000001bc9c4598c0, 0x000001bc9c45ac70,
0x000001bca08b4d90, 0x000001bca08b1910, 0x000001bca08b2cc0
}

Java Threads: ( => current thread )
  0x000001bc25c05a40 JavaThread "main"                              [_thread_blocked, id=15408, stack(0x0000008d45200000,0x0000008d45300000) (1024K)]
  0x000001bc42870f10 JavaThread "Reference Handler"          daemon [_thread_blocked, id=16540, stack(0x0000008d45a00000,0x0000008d45b00000) (1024K)]
  0x000001bc42874790 JavaThread "Finalizer"                  daemon [_thread_blocked, id=11716, stack(0x0000008d45b00000,0x0000008d45c00000) (1024K)]
  0x000001bc42877f10 JavaThread "Signal Dispatcher"          daemon [_thread_blocked, id=18468, stack(0x0000008d45c00000,0x0000008d45d00000) (1024K)]
  0x000001bc42878960 JavaThread "Attach Listener"            daemon [_thread_blocked, id=2100, stack(0x0000008d45d00000,0x0000008d45e00000) (1024K)]
  0x000001bc428793b0 JavaThread "Service Thread"             daemon [_thread_blocked, id=8044, stack(0x0000008d45e00000,0x0000008d45f00000) (1024K)]
  0x000001bc42879e00 JavaThread "Monitor Deflation Thread"   daemon [_thread_blocked, id=6420, stack(0x0000008d45f00000,0x0000008d46000000) (1024K)]
  0x000001bc4287bb90 JavaThread "C2 CompilerThread0"         daemon [_thread_blocked, id=18176, stack(0x0000008d46000000,0x0000008d46100000) (1024K)]
  0x000001bc42880d90 JavaThread "C1 CompilerThread0"         daemon [_thread_blocked, id=9152, stack(0x0000008d46100000,0x0000008d46200000) (1024K)]
  0x000001bc428bddb0 JavaThread "Common-Cleaner"             daemon [_thread_blocked, id=5972, stack(0x0000008d46200000,0x0000008d46300000) (1024K)]
  0x000001bc42af9fb0 JavaThread "Notification Thread"        daemon [_thread_blocked, id=14708, stack(0x0000008d46300000,0x0000008d46400000) (1024K)]
  0x000001bc42a190e0 JavaThread "Daemon health stats"               [_thread_blocked, id=3436, stack(0x0000008d46900000,0x0000008d46a00000) (1024K)]
  0x000001bc89cb3840 JavaThread "Incoming local TCP Connector on port 56276"        [_thread_in_native, id=13548, stack(0x0000008d46a00000,0x0000008d46b00000) (1024K)]
  0x000001bc89cb2510 JavaThread "Daemon periodic checks"            [_thread_blocked, id=2424, stack(0x0000008d46b00000,0x0000008d46c00000) (1024K)]
  0x000001bc429b1120 JavaThread "Daemon"                            [_thread_blocked, id=5244, stack(0x0000008d46c00000,0x0000008d46d00000) (1024K)]
  0x000001bc8a02b5d0 JavaThread "Daemon worker"                     [_thread_blocked, id=18444, stack(0x0000008d46f00000,0x0000008d47000000) (1024K)]
  0x000001bc88cf7bb0 JavaThread "Cache worker for journal cache (C:\Users\yairz\.gradle\caches\journal-1)"        [_thread_blocked, id=2456, stack(0x0000008d47300000,0x0000008d47400000) (1024K)]
  0x000001bc88cf8240 JavaThread "File lock request listener"        [_thread_in_native, id=19000, stack(0x0000008d47400000,0x0000008d47500000) (1024K)]
  0x000001bc88cf88d0 JavaThread "Cache worker for file hash cache (C:\Users\yairz\.gradle\caches\9.5.0\fileHashes)"        [_thread_blocked, id=16764, stack(0x0000008d47500000,0x0000008d47600000) (1024K)]
  0x000001bc88cf6e90 JavaThread "File lock release action executor"        [_thread_blocked, id=8080, stack(0x0000008d47600000,0x0000008d47700000) (1024K)]
  0x000001bc8a4b67b0 JavaThread "Cache worker for file content cache (C:\Users\yairz\.gradle\caches\9.5.0\fileContent)"        [_thread_blocked, id=2068, stack(0x0000008d47d00000,0x0000008d47e00000) (1024K)]
  0x000001bc8a4b95a0 JavaThread "File watcher server"        daemon [_thread_blocked, id=4696, stack(0x0000008d47e00000,0x0000008d47f00000) (1024K)]
  0x000001bc8a4b9c30 JavaThread "File watcher consumer"      daemon [_thread_blocked, id=18272, stack(0x0000008d47f00000,0x0000008d48000000) (1024K)]
  0x000001bc8a69d330 JavaThread "DefaultDispatcher-worker-1" daemon [_thread_blocked, id=10188, stack(0x0000008d48b00000,0x0000008d48c00000) (1024K)]
  0x000001bc8a69b8f0 JavaThread "DefaultDispatcher-worker-2" daemon [_thread_blocked, id=11524, stack(0x0000008d48c00000,0x0000008d48d00000) (1024K)]
  0x000001bc8a69cca0 JavaThread "DefaultDispatcher-worker-3" daemon [_thread_blocked, id=18848, stack(0x0000008d48d00000,0x0000008d48e00000) (1024K)]
  0x000001bca6f76bd0 JavaThread "Memory manager"                    [_thread_blocked, id=5136, stack(0x0000008d48e00000,0x0000008d48f00000) (1024K)]
  0x000001bca6f78ca0 JavaThread "DefaultDispatcher-worker-4" daemon [_thread_blocked, id=10332, stack(0x0000008d49000000,0x0000008d49100000) (1024K)]
  0x000001bc9b12f2d0 JavaThread "VFS cleanup"                       [_thread_blocked, id=12880, stack(0x0000008d47000000,0x0000008d47100000) (1024K)]
  0x000001bc9b12f960 JavaThread "Handler for socket connection from /127.0.0.1:56276 to /127.0.0.1:59893"        [_thread_in_native, id=14744, stack(0x0000008d46d00000,0x0000008d46e00000) (1024K)]
  0x000001bc9b12fff0 JavaThread "Cancel handler"                    [_thread_blocked, id=11924, stack(0x0000008d46e00000,0x0000008d46f00000) (1024K)]
  0x000001bc9b130680 JavaThread "Asynchronous log dispatcher for DefaultDaemonConnection: socket connection from /127.0.0.1:56276 to /127.0.0.1:59893"        [_thread_blocked, id=14128, stack(0x0000008d47100000,0x0000008d47200000) (1024K)]
  0x000001bc9b6aadc0 JavaThread "Stdin handler"                     [_thread_blocked, id=812, stack(0x0000008d47200000,0x0000008d47300000) (1024K)]
  0x000001bc9b6a8660 JavaThread "Daemon client event forwarder"        [_thread_blocked, id=464, stack(0x0000008d47a00000,0x0000008d47b00000) (1024K)]
  0x000001bc9b6abae0 JavaThread "Cache worker for file hash cache (C:\Users\yairz\Downloads\FutureOS-master\FutureOS-master\Assistant\.gradle\9.5.0\fileHashes)"        [_thread_blocked, id=19344, stack(0x0000008d47b00000,0x0000008d47c00000) (1024K)]
  0x000001bc9b6ab450 JavaThread "Cache worker for checksums cache (C:\Users\yairz\Downloads\FutureOS-master\FutureOS-master\Assistant\.gradle\9.5.0\checksums)"        [_thread_blocked, id=10416, stack(0x0000008d47c00000,0x0000008d47d00000) (1024K)]
  0x000001bc9b6ac170 JavaThread "Cache worker for Build Output Cleanup Cache (C:\Users\yairz\Downloads\FutureOS-master\FutureOS-master\Assistant\.gradle\buildOutputCleanup)"        [_thread_blocked, id=19032, stack(0x0000008d48000000,0x0000008d48100000) (1024K)]
  0x000001bc9b6a8cf0 JavaThread "Cache worker for cache directory md-supplier (C:\Users\yairz\.gradle\caches\9.5.0\md-supplier)"        [_thread_blocked, id=8036, stack(0x0000008d48100000,0x0000008d48200000) (1024K)]
  0x000001bc9b6ac800 JavaThread "Cache worker for cache directory md-rule (C:\Users\yairz\.gradle\caches\9.5.0\md-rule)"        [_thread_blocked, id=18388, stack(0x0000008d48200000,0x0000008d48300000) (1024K)]
  0x000001bc9b6aa730 JavaThread "Build operations"                  [_thread_blocked, id=2436, stack(0x0000008d48300000,0x0000008d48400000) (1024K)]
  0x000001bc9b6aa0a0 JavaThread "Build operations Thread 2"         [_thread_blocked, id=19240, stack(0x0000008d48400000,0x0000008d48500000) (1024K)]
  0x000001bc9b6a9380 JavaThread "Configuration cache report writer"        [_thread_blocked, id=17736, stack(0x0000008d48500000,0x0000008d48600000) (1024K)]
  0x000001bc9b6aef60 JavaThread "Build operations Thread 3"         [_thread_blocked, id=3928, stack(0x0000008d48600000,0x0000008d48700000) (1024K)]
  0x000001bc9b6afc80 JavaThread "Build operations Thread 4"         [_thread_blocked, id=9672, stack(0x0000008d48700000,0x0000008d48800000) (1024K)]
  0x000001bc9b6af5f0 JavaThread "Build operations Thread 5"         [_thread_blocked, id=19192, stack(0x0000008d48800000,0x0000008d48900000) (1024K)]
  0x000001bc9b6ae8d0 JavaThread "Build operations Thread 6"         [_thread_blocked, id=2708, stack(0x0000008d48900000,0x0000008d48a00000) (1024K)]
  0x000001bc9b6ace90 JavaThread "Build operations Thread 7"         [_thread_blocked, id=10940, stack(0x0000008d48a00000,0x0000008d48b00000) (1024K)]
  0x000001bc9b6ad520 JavaThread "Build operations Thread 8"         [_thread_blocked, id=18656, stack(0x0000008d48f00000,0x0000008d49000000) (1024K)]
  0x000001bc9b6adbb0 JavaThread "build event listener"              [_thread_blocked, id=4508, stack(0x0000008d49100000,0x0000008d49200000) (1024K)]
  0x000001bcabf61510 JavaThread "pool-4-thread-1"                   [_thread_blocked, id=17968, stack(0x0000008d49200000,0x0000008d49300000) (1024K)]
  0x000001bcabf5e090 JavaThread "build event listener"              [_thread_blocked, id=18912, stack(0x0000008d49300000,0x0000008d49400000) (1024K)]
  0x000001bcabf62f50 JavaThread "included builds"                   [_thread_blocked, id=11276, stack(0x0000008d45000000,0x0000008d45100000) (1024K)]
  0x000001bcabf635e0 JavaThread "Execution worker"                  [_thread_blocked, id=18032, stack(0x0000008d45100000,0x0000008d45200000) (1024K)]
  0x000001bcabf63c70 JavaThread "Execution worker Thread 2"         [_thread_blocked, id=9348, stack(0x0000008d49400000,0x0000008d49500000) (1024K)]
  0x000001bcabf607f0 JavaThread "Execution worker Thread 3"         [_thread_blocked, id=3516, stack(0x0000008d49500000,0x0000008d49600000) (1024K)]
  0x000001bcabf656b0 JavaThread "Execution worker Thread 4"         [_thread_blocked, id=14320, stack(0x0000008d49600000,0x0000008d49700000) (1024K)]
  0x000001bcabf64990 JavaThread "Execution worker Thread 5"         [_thread_blocked, id=7288, stack(0x0000008d49700000,0x0000008d49800000) (1024K)]
  0x000001bcabf64300 JavaThread "Execution worker Thread 6"         [_thread_blocked, id=4716, stack(0x0000008d49800000,0x0000008d49900000) (1024K)]
  0x000001bcabf65020 JavaThread "Execution worker Thread 7"         [_thread_blocked, id=9300, stack(0x0000008d49900000,0x0000008d49a00000) (1024K)]
  0x000001bc8a4b81f0 JavaThread "Cache worker for execution history cache (C:\Users\yairz\Downloads\FutureOS-master\FutureOS-master\Assistant\.gradle\9.5.0\executionHistory)"        [_thread_blocked, id=15840, stack(0x0000008d49a00000,0x0000008d49b00000) (1024K)]
  0x000001bc8a4b7b60 JavaThread "WorkerExecutor Queue"              [_thread_blocked, id=15104, stack(0x0000008d49b00000,0x0000008d49c00000) (1024K)]
  0x000001bc8a4b8880 JavaThread "WorkerExecutor Queue Thread 2"        [_thread_blocked, id=17148, stack(0x0000008d49c00000,0x0000008d49d00000) (1024K)]
  0x000001bc8a4bc390 JavaThread "WorkerExecutor Queue Thread 3"        [_thread_blocked, id=10056, stack(0x0000008d49d00000,0x0000008d49e00000) (1024K)]
  0x000001bc8a4ba2c0 JavaThread "WorkerExecutor Queue Thread 4"        [_thread_blocked, id=9168, stack(0x0000008d49e00000,0x0000008d49f00000) (1024K)]
  0x000001bc8a4bbd00 JavaThread "WorkerExecutor Queue Thread 5"        [_thread_blocked, id=19292, stack(0x0000008d49f00000,0x0000008d4a000000) (1024K)]
  0x000001bc8a4bca20 JavaThread "ForkJoinPool-1-worker-1"    daemon [_thread_blocked, id=12872, stack(0x0000008d4a000000,0x0000008d4a100000) (1024K)]
  0x000001bc8a4bd0b0 JavaThread "ForkJoinPool-1-worker-2"    daemon [_thread_blocked, id=18236, stack(0x0000008d4a100000,0x0000008d4a200000) (1024K)]
  0x000001bc8a4bd740 JavaThread "ForkJoinPool-1-worker-3"    daemon [_thread_blocked, id=13332, stack(0x0000008d4a200000,0x0000008d4a300000) (1024K)]
  0x000001bc88cf7520 JavaThread "ForkJoinPool-1-worker-4"    daemon [_thread_blocked, id=352, stack(0x0000008d4a300000,0x0000008d4a400000) (1024K)]
  0x000001bc88cf8f60 JavaThread "ForkJoinPool-1-worker-5"    daemon [_thread_blocked, id=7692, stack(0x0000008d4a400000,0x0000008d4a500000) (1024K)]
  0x000001bc88cf95f0 JavaThread "ForkJoinPool-1-worker-6"    daemon [_thread_blocked, id=2968, stack(0x0000008d4a500000,0x0000008d4a600000) (1024K)]
  0x000001bc88cf6170 JavaThread "ForkJoinPool-1-worker-7"    daemon [_thread_blocked, id=13868, stack(0x0000008d4a600000,0x0000008d4a700000) (1024K)]
  0x000001bca6f79330 JavaThread "ForkJoinPool-1-worker-8"    daemon [_thread_blocked, id=13832, stack(0x0000008d4a700000,0x0000008d4a800000) (1024K)]
  0x000001bca6f7a6e0 JavaThread "Exec process"                      [_thread_in_native, id=18512, stack(0x0000008d4a800000,0x0000008d4a900000) (1024K)]
  0x000001bc9c4598c0 JavaThread "WorkerExecutor Queue Thread 6"        [_thread_blocked, id=9916, stack(0x0000008d4a900000,0x0000008d4aa00000) (1024K)]
  0x000001bc9c45ac70 JavaThread "WorkerExecutor Queue Thread 7"        [_thread_blocked, id=5832, stack(0x0000008d4aa00000,0x0000008d4ab00000) (1024K)]
  0x000001bca08b4d90 JavaThread "Exec process Thread 2"             [_thread_in_native, id=18732, stack(0x0000008d4ab00000,0x0000008d4ac00000) (1024K)]
  0x000001bca08b1910 JavaThread "Exec process Thread 3"             [_thread_in_native, id=9880, stack(0x0000008d4ac00000,0x0000008d4ad00000) (1024K)]
  0x000001bca08b2cc0 JavaThread "WorkerExecutor Queue Thread 8"        [_thread_blocked, id=3160, stack(0x0000008d4ad00000,0x0000008d4ae00000) (1024K)]
Total: 79

Other Threads:
=>0x000001bc42850d60 VMThread "VM Thread"                           [id=7844, stack(0x0000008d45900000,0x0000008d45a00000) (1024K)]
  0x000001bc429419e0 WatcherThread "VM Periodic Task Thread"        [id=18128, stack(0x0000008d45800000,0x0000008d45900000) (1024K)]
  0x000001bc25c5e5a0 WorkerThread "GC Thread#0"                     [id=11900, stack(0x0000008d45300000,0x0000008d45400000) (1024K)]
  0x000001bc42c40a60 WorkerThread "GC Thread#1"                     [id=1984, stack(0x0000008d46400000,0x0000008d46500000) (1024K)]
  0x000001bc42c40e00 WorkerThread "GC Thread#2"                     [id=18328, stack(0x0000008d46500000,0x0000008d46600000) (1024K)]
  0x000001bc42c411a0 WorkerThread "GC Thread#3"                     [id=9932, stack(0x0000008d46600000,0x0000008d46700000) (1024K)]
  0x000001bc42c41540 WorkerThread "GC Thread#4"                     [id=15268, stack(0x0000008d46700000,0x0000008d46800000) (1024K)]
  0x000001bc42c418e0 WorkerThread "GC Thread#5"                     [id=19400, stack(0x0000008d46800000,0x0000008d46900000) (1024K)]
  0x000001bc8b737e70 WorkerThread "GC Thread#6"                     [id=5460, stack(0x0000008d47700000,0x0000008d47800000) (1024K)]
  0x000001bc8b7385b0 WorkerThread "GC Thread#7"                     [id=11660, stack(0x0000008d47800000,0x0000008d47900000) (1024K)]
  0x000001bc25c6fca0 ConcurrentGCThread "G1 Main Marker"            [id=18932, stack(0x0000008d45400000,0x0000008d45500000) (1024K)]
  0x000001bc25c706b0 WorkerThread "G1 Conc#0"                       [id=13172, stack(0x0000008d45500000,0x0000008d45600000) (1024K)]
  0x000001bc8b737390 WorkerThread "G1 Conc#1"                       [id=18244, stack(0x0000008d47900000,0x0000008d47a00000) (1024K)]
  0x000001bc25cbeae0 ConcurrentGCThread "G1 Refine#0"               [id=17820, stack(0x0000008d45600000,0x0000008d45700000) (1024K)]
  0x000001bc427918e0 ConcurrentGCThread "G1 Service"                [id=14428, stack(0x0000008d45700000,0x0000008d45800000) (1024K)]
Total: 15

Threads with active compile tasks:
C2 CompilerThread0  65804 24265       4       org.gradle.internal.snapshot.VfsRelativePath::lengthOfCommonPrefix (173 bytes)
C1 CompilerThread0  65804 24301       3       com.sun.org.apache.xerces.internal.impl.XMLDocumentScannerImpl::setFeature (75 bytes)
Total: 2

VM state: at safepoint (normal execution)

VM Mutex/Monitor currently owned by a thread:  ([mutex/lock_event])
[0x00007fffb588e308] Threads_lock - owner thread: 0x000001bc42850d60
[0x00007fffb588e408] Heap_lock - owner thread: 0x000001bc8a4ba2c0

Heap address: 0x0000000080000000, size: 2048 MB, Compressed Oops mode: 32-bit

CDS archive(s) mapped at: [0x000001bc43000000-0x000001bc43c80000-0x000001bc43c80000), size 13107200, SharedBaseAddress: 0x000001bc43000000, ArchiveRelocationMode: 1.
Compressed class space mapped at: 0x000001bc44000000-0x000001bc84000000, reserved size: 1073741824
Narrow klass base: 0x000001bc43000000, Narrow klass shift: 0, Narrow klass range: 0x100000000

GC Precious Log:
 CardTable entry size: 512
 Card Set container configuration: InlinePtr #cards 5 size 8 Array Of Cards #cards 12 size 40 Howl #buckets 4 coarsen threshold 1843 Howl Bitmap #cards 512 size 80 coarsen threshold 460 Card regions per heap region 1 cards per card region 2048
 CPUs: 8 total, 8 available
 Memory: 16301M
 Large Page Support: Disabled
 NUMA Support: Disabled
 Compressed Oops: Enabled (32-bit)
 Heap Region Size: 1M
 Heap Min Capacity: 8M
 Heap Initial Capacity: 256M
 Heap Max Capacity: 2G
 Pre-touch: Disabled
 Parallel Workers: 8
 Concurrent Workers: 2
 Concurrent Refinement Workers: 8
 Periodic GC: Disabled

Heap:
 garbage-first heap   total 342016K, used 233638K [0x0000000080000000, 0x0000000100000000)
  region size 1024K, 10 young (10240K), 10 survivors (10240K)
 Metaspace       used 195013K, committed 198208K, reserved 1245184K
  class space    used 24905K, committed 26560K, reserved 1048576K

Heap Regions: E=young(eden), S=young(survivor), O=old, HS=humongous(starts), HC=humongous(continues), CS=collection set, F=free, TAMS=top-at-mark-start, PB=parsable bottom
|   0|0x0000000080000000, 0x0000000080100000, 0x0000000080100000|100%|HS|  |TAMS 0x0000000080100000| PB 0x0000000080000000| Complete 
|   1|0x0000000080100000, 0x0000000080200000, 0x0000000080200000|100%|HC|  |TAMS 0x0000000080200000| PB 0x0000000080100000| Complete 
|   2|0x0000000080200000, 0x0000000080300000, 0x0000000080300000|100%|HC|  |TAMS 0x0000000080300000| PB 0x0000000080200000| Complete 
|   3|0x0000000080300000, 0x0000000080400000, 0x0000000080400000|100%|HC|  |TAMS 0x0000000080400000| PB 0x0000000080300000| Complete 
|   4|0x0000000080400000, 0x0000000080500000, 0x0000000080500000|100%| O|  |TAMS 0x0000000080500000| PB 0x0000000080400000| Untracked 
|   5|0x0000000080500000, 0x0000000080600000, 0x0000000080600000|100%| O|  |TAMS 0x0000000080600000| PB 0x0000000080500000| Untracked 
|   6|0x0000000080600000, 0x0000000080700000, 0x0000000080700000|100%| O|  |TAMS 0x0000000080700000| PB 0x0000000080600000| Untracked 
|   7|0x0000000080700000, 0x0000000080800000, 0x0000000080800000|100%| O|  |TAMS 0x0000000080800000| PB 0x0000000080700000| Untracked 
|   8|0x0000000080800000, 0x0000000080900000, 0x0000000080900000|100%|HS|  |TAMS 0x0000000080900000| PB 0x0000000080800000| Complete 
|   9|0x0000000080900000, 0x0000000080a00000, 0x0000000080a00000|100%| O|  |TAMS 0x0000000080a00000| PB 0x0000000080900000| Untracked 
|  10|0x0000000080a00000, 0x0000000080b00000, 0x0000000080b00000|100%| O|  |TAMS 0x0000000080b00000| PB 0x0000000080a00000| Untracked 
|  11|0x0000000080b00000, 0x0000000080c00000, 0x0000000080c00000|100%| O|  |TAMS 0x0000000080c00000| PB 0x0000000080b00000| Untracked 
|  12|0x0000000080c00000, 0x0000000080d00000, 0x0000000080d00000|100%| O|  |TAMS 0x0000000080d00000| PB 0x0000000080c00000| Untracked 
|  13|0x0000000080d00000, 0x0000000080e00000, 0x0000000080e00000|100%| O|  |TAMS 0x0000000080e00000| PB 0x0000000080d00000| Untracked 
|  14|0x0000000080e00000, 0x0000000080f00000, 0x0000000080f00000|100%| O|  |TAMS 0x0000000080f00000| PB 0x0000000080e00000| Untracked 
|  15|0x0000000080f00000, 0x0000000081000000, 0x0000000081000000|100%| O|  |TAMS 0x0000000081000000| PB 0x0000000080f00000| Untracked 
|  16|0x0000000081000000, 0x0000000081100000, 0x0000000081100000|100%| O|  |TAMS 0x0000000081100000| PB 0x0000000081000000| Untracked 
|  17|0x0000000081100000, 0x0000000081200000, 0x0000000081200000|100%| O|  |TAMS 0x0000000081200000| PB 0x0000000081100000| Untracked 
|  18|0x0000000081200000, 0x0000000081300000, 0x0000000081300000|100%| O|  |TAMS 0x0000000081300000| PB 0x0000000081200000| Untracked 
|  19|0x0000000081300000, 0x0000000081400000, 0x0000000081400000|100%| O|  |TAMS 0x0000000081400000| PB 0x0000000081300000| Untracked 
|  20|0x0000000081400000, 0x0000000081500000, 0x0000000081500000|100%| O|  |TAMS 0x0000000081500000| PB 0x0000000081400000| Untracked 
|  21|0x0000000081500000, 0x0000000081600000, 0x0000000081600000|100%| O|  |TAMS 0x0000000081600000| PB 0x0000000081500000| Untracked 
|  22|0x0000000081600000, 0x0000000081700000, 0x0000000081700000|100%| O|  |TAMS 0x0000000081700000| PB 0x0000000081600000| Untracked 
|  23|0x0000000081700000, 0x0000000081800000, 0x0000000081800000|100%| O|  |TAMS 0x0000000081800000| PB 0x0000000081700000| Untracked 
|  24|0x0000000081800000, 0x0000000081900000, 0x0000000081900000|100%| O|  |TAMS 0x0000000081900000| PB 0x0000000081800000| Untracked 
|  25|0x0000000081900000, 0x0000000081a00000, 0x0000000081a00000|100%| O|  |TAMS 0x0000000081a00000| PB 0x0000000081900000| Untracked 
|  26|0x0000000081a00000, 0x0000000081b00000, 0x0000000081b00000|100%| O|  |TAMS 0x0000000081b00000| PB 0x0000000081a00000| Untracked 
|  27|0x0000000081b00000, 0x0000000081c00000, 0x0000000081c00000|100%| O|  |TAMS 0x0000000081c00000| PB 0x0000000081b00000| Untracked 
|  28|0x0000000081c00000, 0x0000000081d00000, 0x0000000081d00000|100%| O|  |TAMS 0x0000000081d00000| PB 0x0000000081c00000| Untracked 
|  29|0x0000000081d00000, 0x0000000081e00000, 0x0000000081e00000|100%| O|  |TAMS 0x0000000081e00000| PB 0x0000000081d00000| Untracked 
|  30|0x0000000081e00000, 0x0000000081f00000, 0x0000000081f00000|100%| O|  |TAMS 0x0000000081f00000| PB 0x0000000081e00000| Untracked 
|  31|0x0000000081f00000, 0x0000000082000000, 0x0000000082000000|100%| O|  |TAMS 0x0000000082000000| PB 0x0000000081f00000| Untracked 
|  32|0x0000000082000000, 0x0000000082100000, 0x0000000082100000|100%| O|  |TAMS 0x0000000082100000| PB 0x0000000082000000| Untracked 
|  33|0x0000000082100000, 0x0000000082200000, 0x0000000082200000|100%| O|  |TAMS 0x0000000082200000| PB 0x0000000082100000| Untracked 
|  34|0x0000000082200000, 0x0000000082300000, 0x0000000082300000|100%| O|  |TAMS 0x0000000082300000| PB 0x0000000082200000| Untracked 
|  35|0x0000000082300000, 0x0000000082400000, 0x0000000082400000|100%| O|  |TAMS 0x0000000082400000| PB 0x0000000082300000| Untracked 
|  36|0x0000000082400000, 0x0000000082500000, 0x0000000082500000|100%| O|  |TAMS 0x0000000082500000| PB 0x0000000082400000| Untracked 
|  37|0x0000000082500000, 0x0000000082600000, 0x0000000082600000|100%| O|  |TAMS 0x0000000082600000| PB 0x0000000082500000| Untracked 
|  38|0x0000000082600000, 0x0000000082700000, 0x0000000082700000|100%| O|  |TAMS 0x0000000082700000| PB 0x0000000082600000| Untracked 
|  39|0x0000000082700000, 0x0000000082800000, 0x0000000082800000|100%| O|  |TAMS 0x0000000082800000| PB 0x0000000082700000| Untracked 
|  40|0x0000000082800000, 0x0000000082900000, 0x0000000082900000|100%| O|  |TAMS 0x0000000082900000| PB 0x0000000082800000| Untracked 
|  41|0x0000000082900000, 0x0000000082a00000, 0x0000000082a00000|100%| O|  |TAMS 0x0000000082a00000| PB 0x0000000082900000| Untracked 
|  42|0x0000000082a00000, 0x0000000082b00000, 0x0000000082b00000|100%| O|  |TAMS 0x0000000082a00000| PB 0x0000000082a00000| Untracked 
|  43|0x0000000082b00000, 0x0000000082c00000, 0x0000000082c00000|100%| O|  |TAMS 0x0000000082c00000| PB 0x0000000082b00000| Untracked 
|  44|0x0000000082c00000, 0x0000000082d00000, 0x0000000082d00000|100%| O|  |TAMS 0x0000000082d00000| PB 0x0000000082c00000| Untracked 
|  45|0x0000000082d00000, 0x0000000082e00000, 0x0000000082e00000|100%| O|  |TAMS 0x0000000082e00000| PB 0x0000000082d00000| Untracked 
|  46|0x0000000082e00000, 0x0000000082f00000, 0x0000000082f00000|100%| O|  |TAMS 0x0000000082f00000| PB 0x0000000082e00000| Untracked 
|  47|0x0000000082f00000, 0x0000000083000000, 0x0000000083000000|100%| O|  |TAMS 0x0000000083000000| PB 0x0000000082f00000| Untracked 
|  48|0x0000000083000000, 0x0000000083100000, 0x0000000083100000|100%| O|  |TAMS 0x0000000083100000| PB 0x0000000083000000| Untracked 
|  49|0x0000000083100000, 0x0000000083200000, 0x0000000083200000|100%| O|  |TAMS 0x0000000083200000| PB 0x0000000083100000| Untracked 
|  50|0x0000000083200000, 0x0000000083300000, 0x0000000083300000|100%| O|  |TAMS 0x0000000083300000| PB 0x0000000083200000| Untracked 
|  51|0x0000000083300000, 0x0000000083400000, 0x0000000083400000|100%| O|  |TAMS 0x0000000083400000| PB 0x0000000083300000| Untracked 
|  52|0x0000000083400000, 0x0000000083500000, 0x0000000083500000|100%| O|  |TAMS 0x0000000083500000| PB 0x0000000083400000| Untracked 
|  53|0x0000000083500000, 0x0000000083600000, 0x0000000083600000|100%| O|  |TAMS 0x0000000083600000| PB 0x0000000083500000| Untracked 
|  54|0x0000000083600000, 0x0000000083700000, 0x0000000083700000|100%| O|  |TAMS 0x0000000083700000| PB 0x0000000083600000| Untracked 
|  55|0x0000000083700000, 0x0000000083800000, 0x0000000083800000|100%| O|  |TAMS 0x0000000083800000| PB 0x0000000083700000| Untracked 
|  56|0x0000000083800000, 0x0000000083900000, 0x0000000083900000|100%| O|  |TAMS 0x0000000083900000| PB 0x0000000083800000| Untracked 
|  57|0x0000000083900000, 0x0000000083a00000, 0x0000000083a00000|100%| O|  |TAMS 0x0000000083a00000| PB 0x0000000083900000| Untracked 
|  58|0x0000000083a00000, 0x0000000083b00000, 0x0000000083b00000|100%|HS|  |TAMS 0x0000000083b00000| PB 0x0000000083a00000| Complete 
|  59|0x0000000083b00000, 0x0000000083c00000, 0x0000000083c00000|100%| O|  |TAMS 0x0000000083c00000| PB 0x0000000083b00000| Untracked 
|  60|0x0000000083c00000, 0x0000000083d00000, 0x0000000083d00000|100%| O|  |TAMS 0x0000000083d00000| PB 0x0000000083c00000| Untracked 
|  61|0x0000000083d00000, 0x0000000083e00000, 0x0000000083e00000|100%| O|  |TAMS 0x0000000083e00000| PB 0x0000000083d00000| Untracked 
|  62|0x0000000083e00000, 0x0000000083f00000, 0x0000000083f00000|100%| O|  |TAMS 0x0000000083f00000| PB 0x0000000083e00000| Untracked 
|  63|0x0000000083f00000, 0x0000000084000000, 0x0000000084000000|100%| O|  |TAMS 0x0000000084000000| PB 0x0000000083f00000| Untracked 
|  64|0x0000000084000000, 0x0000000084100000, 0x0000000084100000|100%| O|  |TAMS 0x0000000084100000| PB 0x0000000084000000| Untracked 
|  65|0x0000000084100000, 0x0000000084200000, 0x0000000084200000|100%| O|  |TAMS 0x0000000084200000| PB 0x0000000084100000| Untracked 
|  66|0x0000000084200000, 0x0000000084300000, 0x0000000084300000|100%| O|  |TAMS 0x0000000084300000| PB 0x0000000084200000| Untracked 
|  67|0x0000000084300000, 0x0000000084400000, 0x0000000084400000|100%| O|  |TAMS 0x0000000084400000| PB 0x0000000084300000| Untracked 
|  68|0x0000000084400000, 0x0000000084500000, 0x0000000084500000|100%| O|  |TAMS 0x0000000084500000| PB 0x0000000084400000| Untracked 
|  69|0x0000000084500000, 0x0000000084600000, 0x0000000084600000|100%| O|  |TAMS 0x0000000084600000| PB 0x0000000084500000| Untracked 
|  70|0x0000000084600000, 0x0000000084700000, 0x0000000084700000|100%| O|  |TAMS 0x0000000084700000| PB 0x0000000084600000| Untracked 
|  71|0x0000000084700000, 0x0000000084800000, 0x0000000084800000|100%| O|  |TAMS 0x0000000084800000| PB 0x0000000084700000| Untracked 
|  72|0x0000000084800000, 0x0000000084900000, 0x0000000084900000|100%| O|  |TAMS 0x0000000084800000| PB 0x0000000084800000| Untracked 
|  73|0x0000000084900000, 0x0000000084a00000, 0x0000000084a00000|100%| O|  |TAMS 0x0000000084a00000| PB 0x0000000084900000| Untracked 
|  74|0x0000000084a00000, 0x0000000084b00000, 0x0000000084b00000|100%| O|  |TAMS 0x0000000084b00000| PB 0x0000000084a00000| Untracked 
|  75|0x0000000084b00000, 0x0000000084c00000, 0x0000000084c00000|100%| O|  |TAMS 0x0000000084c00000| PB 0x0000000084b00000| Untracked 
|  76|0x0000000084c00000, 0x0000000084d00000, 0x0000000084d00000|100%| O|  |TAMS 0x0000000084d00000| PB 0x0000000084c00000| Untracked 
|  77|0x0000000084d00000, 0x0000000084e00000, 0x0000000084e00000|100%| O|  |TAMS 0x0000000084e00000| PB 0x0000000084d00000| Untracked 
|  78|0x0000000084e00000, 0x0000000084f00000, 0x0000000084f00000|100%| O|  |TAMS 0x0000000084f00000| PB 0x0000000084e00000| Untracked 
|  79|0x0000000084f00000, 0x0000000085000000, 0x0000000085000000|100%| O|  |TAMS 0x0000000085000000| PB 0x0000000084f00000| Untracked 
|  80|0x0000000085000000, 0x0000000085100000, 0x0000000085100000|100%| O|  |TAMS 0x0000000085100000| PB 0x0000000085000000| Untracked 
|  81|0x0000000085100000, 0x0000000085200000, 0x0000000085200000|100%| O|  |TAMS 0x0000000085200000| PB 0x0000000085100000| Untracked 
|  82|0x0000000085200000, 0x0000000085300000, 0x0000000085300000|100%| O|  |TAMS 0x0000000085300000| PB 0x0000000085200000| Untracked 
|  83|0x0000000085300000, 0x0000000085400000, 0x0000000085400000|100%| O|  |TAMS 0x0000000085400000| PB 0x0000000085300000| Untracked 
|  84|0x0000000085400000, 0x0000000085500000, 0x0000000085500000|100%| O|  |TAMS 0x0000000085500000| PB 0x0000000085400000| Untracked 
|  85|0x0000000085500000, 0x0000000085600000, 0x0000000085600000|100%| O|  |TAMS 0x0000000085600000| PB 0x0000000085500000| Untracked 
|  86|0x0000000085600000, 0x0000000085700000, 0x0000000085700000|100%| O|  |TAMS 0x0000000085700000| PB 0x0000000085600000| Untracked 
|  87|0x0000000085700000, 0x0000000085800000, 0x0000000085800000|100%| O|  |TAMS 0x0000000085800000| PB 0x0000000085700000| Untracked 
|  88|0x0000000085800000, 0x0000000085900000, 0x0000000085900000|100%| O|  |TAMS 0x0000000085900000| PB 0x0000000085800000| Untracked 
|  89|0x0000000085900000, 0x0000000085a00000, 0x0000000085a00000|100%| O|  |TAMS 0x0000000085a00000| PB 0x0000000085900000| Untracked 
|  90|0x0000000085a00000, 0x0000000085b00000, 0x0000000085b00000|100%| O|  |TAMS 0x0000000085b00000| PB 0x0000000085a00000| Untracked 
|  91|0x0000000085b00000, 0x0000000085c00000, 0x0000000085c00000|100%| O|  |TAMS 0x0000000085b00000| PB 0x0000000085b00000| Untracked 
|  92|0x0000000085c00000, 0x0000000085d00000, 0x0000000085d00000|100%| O|  |TAMS 0x0000000085d00000| PB 0x0000000085c00000| Untracked 
|  93|0x0000000085d00000, 0x0000000085e00000, 0x0000000085e00000|100%| O|  |TAMS 0x0000000085e00000| PB 0x0000000085d00000| Untracked 
|  94|0x0000000085e00000, 0x0000000085f00000, 0x0000000085f00000|100%|HS|  |TAMS 0x0000000085f00000| PB 0x0000000085e00000| Complete 
|  95|0x0000000085f00000, 0x0000000086000000, 0x0000000086000000|100%|HS|  |TAMS 0x0000000086000000| PB 0x0000000085f00000| Complete 
|  96|0x0000000086000000, 0x0000000086100000, 0x0000000086100000|100%| O|  |TAMS 0x0000000086100000| PB 0x0000000086000000| Untracked 
|  97|0x0000000086100000, 0x0000000086200000, 0x0000000086200000|100%| O|  |TAMS 0x0000000086200000| PB 0x0000000086100000| Untracked 
|  98|0x0000000086200000, 0x0000000086300000, 0x0000000086300000|100%| O|  |TAMS 0x0000000086300000| PB 0x0000000086200000| Untracked 
|  99|0x0000000086300000, 0x0000000086400000, 0x0000000086400000|100%| O|  |TAMS 0x0000000086400000| PB 0x0000000086300000| Untracked 
| 100|0x0000000086400000, 0x0000000086500000, 0x0000000086500000|100%| O|  |TAMS 0x0000000086500000| PB 0x0000000086400000| Untracked 
| 101|0x0000000086500000, 0x0000000086600000, 0x0000000086600000|100%| O|  |TAMS 0x0000000086600000| PB 0x0000000086500000| Untracked 
| 102|0x0000000086600000, 0x0000000086700000, 0x0000000086700000|100%| O|  |TAMS 0x0000000086700000| PB 0x0000000086600000| Untracked 
| 103|0x0000000086700000, 0x0000000086800000, 0x0000000086800000|100%|HS|  |TAMS 0x0000000086800000| PB 0x0000000086700000| Complete 
| 104|0x0000000086800000, 0x0000000086900000, 0x0000000086900000|100%| O|  |TAMS 0x0000000086900000| PB 0x0000000086800000| Untracked 
| 105|0x0000000086900000, 0x0000000086a00000, 0x0000000086a00000|100%| O|  |TAMS 0x0000000086a00000| PB 0x0000000086900000| Untracked 
| 106|0x0000000086a00000, 0x0000000086b00000, 0x0000000086b00000|100%| O|  |TAMS 0x0000000086b00000| PB 0x0000000086a00000| Untracked 
| 107|0x0000000086b00000, 0x0000000086c00000, 0x0000000086c00000|100%| O|  |TAMS 0x0000000086b00000| PB 0x0000000086b00000| Untracked 
| 108|0x0000000086c00000, 0x0000000086d00000, 0x0000000086d00000|100%| O|  |TAMS 0x0000000086d00000| PB 0x0000000086c00000| Untracked 
| 109|0x0000000086d00000, 0x0000000086e00000, 0x0000000086e00000|100%| O|  |TAMS 0x0000000086e00000| PB 0x0000000086d00000| Untracked 
| 110|0x0000000086e00000, 0x0000000086f00000, 0x0000000086f00000|100%| O|  |TAMS 0x0000000086f00000| PB 0x0000000086e00000| Untracked 
| 111|0x0000000086f00000, 0x0000000087000000, 0x0000000087000000|100%| O|  |TAMS 0x0000000087000000| PB 0x0000000086f00000| Untracked 
| 112|0x0000000087000000, 0x0000000087100000, 0x0000000087100000|100%| O|  |TAMS 0x0000000087100000| PB 0x0000000087000000| Untracked 
| 113|0x0000000087100000, 0x0000000087200000, 0x0000000087200000|100%| O|  |TAMS 0x0000000087200000| PB 0x0000000087100000| Untracked 
| 114|0x0000000087200000, 0x0000000087300000, 0x0000000087300000|100%| O|  |TAMS 0x0000000087300000| PB 0x0000000087200000| Untracked 
| 115|0x0000000087300000, 0x0000000087400000, 0x0000000087400000|100%| O|  |TAMS 0x0000000087400000| PB 0x0000000087300000| Untracked 
| 116|0x0000000087400000, 0x0000000087500000, 0x0000000087500000|100%| O|  |TAMS 0x0000000087500000| PB 0x0000000087400000| Untracked 
| 117|0x0000000087500000, 0x0000000087600000, 0x0000000087600000|100%|HS|  |TAMS 0x0000000087600000| PB 0x0000000087500000| Complete 
| 118|0x0000000087600000, 0x0000000087700000, 0x0000000087700000|100%|HS|  |TAMS 0x0000000087700000| PB 0x0000000087600000| Complete 
| 119|0x0000000087700000, 0x0000000087800000, 0x0000000087800000|100%|HS|  |TAMS 0x0000000087800000| PB 0x0000000087700000| Complete 
| 120|0x0000000087800000, 0x0000000087900000, 0x0000000087900000|100%|HC|  |TAMS 0x0000000087900000| PB 0x0000000087800000| Complete 
| 121|0x0000000087900000, 0x0000000087a00000, 0x0000000087a00000|100%|HS|  |TAMS 0x0000000087a00000| PB 0x0000000087900000| Complete 
| 122|0x0000000087a00000, 0x0000000087b00000, 0x0000000087b00000|100%|HS|  |TAMS 0x0000000087b00000| PB 0x0000000087a00000| Complete 
| 123|0x0000000087b00000, 0x0000000087c00000, 0x0000000087c00000|100%|HS|  |TAMS 0x0000000087c00000| PB 0x0000000087b00000| Complete 
| 124|0x0000000087c00000, 0x0000000087d00000, 0x0000000087d00000|100%| O|  |TAMS 0x0000000087d00000| PB 0x0000000087c00000| Untracked 
| 125|0x0000000087d00000, 0x0000000087e00000, 0x0000000087e00000|100%|HS|  |TAMS 0x0000000087e00000| PB 0x0000000087d00000| Complete 
| 126|0x0000000087e00000, 0x0000000087f00000, 0x0000000087f00000|100%| O|  |TAMS 0x0000000087e00000| PB 0x0000000087e00000| Untracked 
| 127|0x0000000087f00000, 0x0000000088000000, 0x0000000088000000|100%| O|  |TAMS 0x0000000088000000| PB 0x0000000087f00000| Untracked 
| 128|0x0000000088000000, 0x0000000088100000, 0x0000000088100000|100%| O|  |TAMS 0x0000000088000000| PB 0x0000000088000000| Untracked 
| 129|0x0000000088100000, 0x0000000088200000, 0x0000000088200000|100%|HS|  |TAMS 0x0000000088200000| PB 0x0000000088100000| Complete 
| 130|0x0000000088200000, 0x0000000088300000, 0x0000000088300000|100%|HS|  |TAMS 0x0000000088300000| PB 0x0000000088200000| Complete 
| 131|0x0000000088300000, 0x0000000088400000, 0x0000000088400000|100%|HS|  |TAMS 0x0000000088400000| PB 0x0000000088300000| Complete 
| 132|0x0000000088400000, 0x0000000088500000, 0x0000000088500000|100%|HS|  |TAMS 0x0000000088500000| PB 0x0000000088400000| Complete 
| 133|0x0000000088500000, 0x0000000088600000, 0x0000000088600000|100%|HC|  |TAMS 0x0000000088600000| PB 0x0000000088500000| Complete 
| 134|0x0000000088600000, 0x0000000088700000, 0x0000000088700000|100%| O|  |TAMS 0x0000000088700000| PB 0x0000000088600000| Untracked 
| 135|0x0000000088700000, 0x0000000088800000, 0x0000000088800000|100%| O|  |TAMS 0x0000000088800000| PB 0x0000000088700000| Untracked 
| 136|0x0000000088800000, 0x0000000088900000, 0x0000000088900000|100%| O|  |TAMS 0x0000000088900000| PB 0x0000000088800000| Untracked 
| 137|0x0000000088900000, 0x0000000088a00000, 0x0000000088a00000|100%| O|  |TAMS 0x0000000088a00000| PB 0x0000000088900000| Untracked 
| 138|0x0000000088a00000, 0x0000000088b00000, 0x0000000088b00000|100%| O|  |TAMS 0x0000000088b00000| PB 0x0000000088a00000| Untracked 
| 139|0x0000000088b00000, 0x0000000088c00000, 0x0000000088c00000|100%| O|  |TAMS 0x0000000088c00000| PB 0x0000000088b00000| Untracked 
| 140|0x0000000088c00000, 0x0000000088d00000, 0x0000000088d00000|100%| O|  |TAMS 0x0000000088d00000| PB 0x0000000088c00000| Untracked 
| 141|0x0000000088d00000, 0x0000000088e00000, 0x0000000088e00000|100%| O|  |TAMS 0x0000000088e00000| PB 0x0000000088d00000| Untracked 
| 142|0x0000000088e00000, 0x0000000088f00000, 0x0000000088f00000|100%| O|  |TAMS 0x0000000088f00000| PB 0x0000000088e00000| Untracked 
| 143|0x0000000088f00000, 0x0000000089000000, 0x0000000089000000|100%| O|  |TAMS 0x0000000089000000| PB 0x0000000088f00000| Untracked 
| 144|0x0000000089000000, 0x0000000089100000, 0x0000000089100000|100%| O|  |TAMS 0x0000000089100000| PB 0x0000000089000000| Untracked 
| 145|0x0000000089100000, 0x0000000089200000, 0x0000000089200000|100%| O|  |TAMS 0x0000000089200000| PB 0x0000000089100000| Untracked 
| 146|0x0000000089200000, 0x0000000089300000, 0x0000000089300000|100%| O|  |TAMS 0x0000000089300000| PB 0x0000000089200000| Untracked 
| 147|0x0000000089300000, 0x0000000089400000, 0x0000000089400000|100%| O|  |TAMS 0x0000000089400000| PB 0x0000000089300000| Untracked 
| 148|0x0000000089400000, 0x0000000089500000, 0x0000000089500000|100%| O|  |TAMS 0x0000000089500000| PB 0x0000000089400000| Untracked 
| 149|0x0000000089500000, 0x0000000089600000, 0x0000000089600000|100%| O|  |TAMS 0x0000000089600000| PB 0x0000000089500000| Untracked 
| 150|0x0000000089600000, 0x0000000089700000, 0x0000000089700000|100%|HS|  |TAMS 0x0000000089700000| PB 0x0000000089600000| Complete 
| 151|0x0000000089700000, 0x0000000089800000, 0x0000000089800000|100%| O|  |TAMS 0x0000000089800000| PB 0x0000000089700000| Untracked 
| 152|0x0000000089800000, 0x0000000089900000, 0x0000000089900000|100%| O|  |TAMS 0x0000000089900000| PB 0x0000000089800000| Untracked 
| 153|0x0000000089900000, 0x0000000089a00000, 0x0000000089a00000|100%| O|  |TAMS 0x0000000089a00000| PB 0x0000000089900000| Untracked 
| 154|0x0000000089a00000, 0x0000000089aa2580, 0x0000000089b00000| 63%| O|  |TAMS 0x0000000089a00000| PB 0x0000000089a00000| Untracked 
| 155|0x0000000089b00000, 0x0000000089b00000, 0x0000000089c00000|  0%| F|  |TAMS 0x0000000089b00000| PB 0x0000000089b00000| Untracked 
| 156|0x0000000089c00000, 0x0000000089d00000, 0x0000000089d00000|100%| O|  |TAMS 0x0000000089d00000| PB 0x0000000089c00000| Untracked 
| 157|0x0000000089d00000, 0x0000000089e00000, 0x0000000089e00000|100%| O|  |TAMS 0x0000000089e00000| PB 0x0000000089d00000| Untracked 
| 158|0x0000000089e00000, 0x0000000089f00000, 0x0000000089f00000|100%| O|  |TAMS 0x0000000089f00000| PB 0x0000000089e00000| Untracked 
| 159|0x0000000089f00000, 0x000000008a000000, 0x000000008a000000|100%| O|  |TAMS 0x000000008a000000| PB 0x0000000089f00000| Untracked 
| 160|0x000000008a000000, 0x000000008a100000, 0x000000008a100000|100%| O|  |TAMS 0x000000008a100000| PB 0x000000008a000000| Untracked 
| 161|0x000000008a100000, 0x000000008a100000, 0x000000008a200000|  0%| F|  |TAMS 0x000000008a100000| PB 0x000000008a100000| Untracked 
| 162|0x000000008a200000, 0x000000008a300000, 0x000000008a300000|100%| O|  |TAMS 0x000000008a300000| PB 0x000000008a200000| Untracked 
| 163|0x000000008a300000, 0x000000008a400000, 0x000000008a400000|100%| O|  |TAMS 0x000000008a400000| PB 0x000000008a300000| Untracked 
| 164|0x000000008a400000, 0x000000008a500000, 0x000000008a500000|100%| O|  |TAMS 0x000000008a500000| PB 0x000000008a400000| Untracked 
| 165|0x000000008a500000, 0x000000008a600000, 0x000000008a600000|100%| O|  |TAMS 0x000000008a600000| PB 0x000000008a500000| Untracked 
| 166|0x000000008a600000, 0x000000008a700000, 0x000000008a700000|100%| O|  |TAMS 0x000000008a700000| PB 0x000000008a600000| Untracked 
| 167|0x000000008a700000, 0x000000008a800000, 0x000000008a800000|100%| O|  |TAMS 0x000000008a800000| PB 0x000000008a700000| Untracked 
| 168|0x000000008a800000, 0x000000008a900000, 0x000000008a900000|100%| O|  |TAMS 0x000000008a900000| PB 0x000000008a800000| Untracked 
| 169|0x000000008a900000, 0x000000008aa00000, 0x000000008aa00000|100%| O|  |TAMS 0x000000008aa00000| PB 0x000000008a900000| Untracked 
| 170|0x000000008aa00000, 0x000000008ab00000, 0x000000008ab00000|100%| O|  |TAMS 0x000000008ab00000| PB 0x000000008aa00000| Untracked 
| 171|0x000000008ab00000, 0x000000008ac00000, 0x000000008ac00000|100%| O|  |TAMS 0x000000008ac00000| PB 0x000000008ab00000| Untracked 
| 172|0x000000008ac00000, 0x000000008ad00000, 0x000000008ad00000|100%| O|  |TAMS 0x000000008ad00000| PB 0x000000008ac00000| Untracked 
| 173|0x000000008ad00000, 0x000000008ae00000, 0x000000008ae00000|100%| O|  |TAMS 0x000000008ae00000| PB 0x000000008ad00000| Untracked 
| 174|0x000000008ae00000, 0x000000008af00000, 0x000000008af00000|100%| O|  |TAMS 0x000000008af00000| PB 0x000000008ae00000| Untracked 
| 175|0x000000008af00000, 0x000000008b000000, 0x000000008b000000|100%| O|  |TAMS 0x000000008b000000| PB 0x000000008af00000| Untracked 
| 176|0x000000008b000000, 0x000000008b100000, 0x000000008b100000|100%| O|  |TAMS 0x000000008b100000| PB 0x000000008b000000| Untracked 
| 177|0x000000008b100000, 0x000000008b200000, 0x000000008b200000|100%| O|  |TAMS 0x000000008b200000| PB 0x000000008b100000| Untracked 
| 178|0x000000008b200000, 0x000000008b300000, 0x000000008b300000|100%| O|  |TAMS 0x000000008b300000| PB 0x000000008b200000| Untracked 
| 179|0x000000008b300000, 0x000000008b400000, 0x000000008b400000|100%| O|  |TAMS 0x000000008b400000| PB 0x000000008b300000| Untracked 
| 180|0x000000008b400000, 0x000000008b400000, 0x000000008b500000|  0%| F|  |TAMS 0x000000008b400000| PB 0x000000008b400000| Untracked 
| 181|0x000000008b500000, 0x000000008b600000, 0x000000008b600000|100%| O|  |TAMS 0x000000008b600000| PB 0x000000008b500000| Untracked 
| 182|0x000000008b600000, 0x000000008b700000, 0x000000008b700000|100%| O|  |TAMS 0x000000008b700000| PB 0x000000008b600000| Untracked 
| 183|0x000000008b700000, 0x000000008b800000, 0x000000008b800000|100%| O|  |TAMS 0x000000008b800000| PB 0x000000008b700000| Untracked 
| 184|0x000000008b800000, 0x000000008b900000, 0x000000008b900000|100%| O|  |TAMS 0x000000008b900000| PB 0x000000008b800000| Untracked 
| 185|0x000000008b900000, 0x000000008ba00000, 0x000000008ba00000|100%| O|  |TAMS 0x000000008ba00000| PB 0x000000008b900000| Untracked 
| 186|0x000000008ba00000, 0x000000008bb00000, 0x000000008bb00000|100%| O|  |TAMS 0x000000008bb00000| PB 0x000000008ba00000| Untracked 
| 187|0x000000008bb00000, 0x000000008bc00000, 0x000000008bc00000|100%| O|  |TAMS 0x000000008bc00000| PB 0x000000008bb00000| Untracked 
| 188|0x000000008bc00000, 0x000000008bd00000, 0x000000008bd00000|100%| O|  |TAMS 0x000000008bd00000| PB 0x000000008bc00000| Untracked 
| 189|0x000000008bd00000, 0x000000008be00000, 0x000000008be00000|100%| O|  |TAMS 0x000000008be00000| PB 0x000000008bd00000| Untracked 
| 190|0x000000008be00000, 0x000000008bf00000, 0x000000008bf00000|100%| O|  |TAMS 0x000000008bf00000| PB 0x000000008be00000| Untracked 
| 191|0x000000008bf00000, 0x000000008c000000, 0x000000008c000000|100%| O|  |TAMS 0x000000008c000000| PB 0x000000008bf00000| Untracked 
| 192|0x000000008c000000, 0x000000008c100000, 0x000000008c100000|100%| O|  |TAMS 0x000000008c100000| PB 0x000000008c000000| Untracked 
| 193|0x000000008c100000, 0x000000008c200000, 0x000000008c200000|100%| O|  |TAMS 0x000000008c200000| PB 0x000000008c100000| Untracked 
| 194|0x000000008c200000, 0x000000008c300000, 0x000000008c300000|100%| O|  |TAMS 0x000000008c300000| PB 0x000000008c200000| Untracked 
| 195|0x000000008c300000, 0x000000008c400000, 0x000000008c400000|100%| O|  |TAMS 0x000000008c400000| PB 0x000000008c300000| Untracked 
| 196|0x000000008c400000, 0x000000008c500000, 0x000000008c500000|100%| O|  |TAMS 0x000000008c500000| PB 0x000000008c400000| Untracked 
| 197|0x000000008c500000, 0x000000008c600000, 0x000000008c600000|100%| O|  |TAMS 0x000000008c600000| PB 0x000000008c500000| Untracked 
| 198|0x000000008c600000, 0x000000008c700000, 0x000000008c700000|100%| O|  |TAMS 0x000000008c700000| PB 0x000000008c600000| Untracked 
| 199|0x000000008c700000, 0x000000008c800000, 0x000000008c800000|100%| O|  |TAMS 0x000000008c800000| PB 0x000000008c700000| Untracked 
| 200|0x000000008c800000, 0x000000008c900000, 0x000000008c900000|100%| O|  |TAMS 0x000000008c900000| PB 0x000000008c800000| Untracked 
| 201|0x000000008c900000, 0x000000008ca00000, 0x000000008ca00000|100%| O|  |TAMS 0x000000008ca00000| PB 0x000000008c900000| Untracked 
| 202|0x000000008ca00000, 0x000000008cb00000, 0x000000008cb00000|100%| O|  |TAMS 0x000000008cb00000| PB 0x000000008ca00000| Untracked 
| 203|0x000000008cb00000, 0x000000008cc00000, 0x000000008cc00000|100%| O|  |TAMS 0x000000008cc00000| PB 0x000000008cb00000| Untracked 
| 204|0x000000008cc00000, 0x000000008cd00000, 0x000000008cd00000|100%| O|  |TAMS 0x000000008cd00000| PB 0x000000008cc00000| Untracked 
| 205|0x000000008cd00000, 0x000000008ce00000, 0x000000008ce00000|100%| O|  |TAMS 0x000000008ce00000| PB 0x000000008cd00000| Untracked 
| 206|0x000000008ce00000, 0x000000008cf00000, 0x000000008cf00000|100%| O|  |TAMS 0x000000008cf00000| PB 0x000000008ce00000| Untracked 
| 207|0x000000008cf00000, 0x000000008d000000, 0x000000008d000000|100%| O|  |TAMS 0x000000008d000000| PB 0x000000008cf00000| Untracked 
| 208|0x000000008d000000, 0x000000008d100000, 0x000000008d100000|100%| O|  |TAMS 0x000000008d100000| PB 0x000000008d000000| Untracked 
| 209|0x000000008d100000, 0x000000008d200000, 0x000000008d200000|100%| O|  |TAMS 0x000000008d200000| PB 0x000000008d100000| Untracked 
| 210|0x000000008d200000, 0x000000008d300000, 0x000000008d300000|100%| O|  |TAMS 0x000000008d300000| PB 0x000000008d200000| Untracked 
| 211|0x000000008d300000, 0x000000008d400000, 0x000000008d400000|100%| O|  |TAMS 0x000000008d400000| PB 0x000000008d300000| Untracked 
| 212|0x000000008d400000, 0x000000008d400000, 0x000000008d500000|  0%| F|  |TAMS 0x000000008d400000| PB 0x000000008d400000| Untracked 
| 213|0x000000008d500000, 0x000000008d500000, 0x000000008d600000|  0%| F|  |TAMS 0x000000008d500000| PB 0x000000008d500000| Untracked 
| 214|0x000000008d600000, 0x000000008d600000, 0x000000008d700000|  0%| F|  |TAMS 0x000000008d600000| PB 0x000000008d600000| Untracked 
| 215|0x000000008d700000, 0x000000008d700000, 0x000000008d800000|  0%| F|  |TAMS 0x000000008d700000| PB 0x000000008d700000| Untracked 
| 216|0x000000008d800000, 0x000000008d800000, 0x000000008d900000|  0%| F|  |TAMS 0x000000008d800000| PB 0x000000008d800000| Untracked 
| 217|0x000000008d900000, 0x000000008d900000, 0x000000008da00000|  0%| F|  |TAMS 0x000000008d900000| PB 0x000000008d900000| Untracked 
| 218|0x000000008da00000, 0x000000008da00000, 0x000000008db00000|  0%| F|  |TAMS 0x000000008da00000| PB 0x000000008da00000| Untracked 
| 219|0x000000008db00000, 0x000000008db00000, 0x000000008dc00000|  0%| F|  |TAMS 0x000000008db00000| PB 0x000000008db00000| Untracked 
| 220|0x000000008dc00000, 0x000000008dc00000, 0x000000008dd00000|  0%| F|  |TAMS 0x000000008dc00000| PB 0x000000008dc00000| Untracked 
| 221|0x000000008dd00000, 0x000000008dd00000, 0x000000008de00000|  0%| F|  |TAMS 0x000000008dd00000| PB 0x000000008dd00000| Untracked 
| 222|0x000000008de00000, 0x000000008de00000, 0x000000008df00000|  0%| F|  |TAMS 0x000000008de00000| PB 0x000000008de00000| Untracked 
| 223|0x000000008df00000, 0x000000008df00000, 0x000000008e000000|  0%| F|  |TAMS 0x000000008df00000| PB 0x000000008df00000| Untracked 
| 224|0x000000008e000000, 0x000000008e000000, 0x000000008e100000|  0%| F|  |TAMS 0x000000008e000000| PB 0x000000008e000000| Untracked 
| 225|0x000000008e100000, 0x000000008e100000, 0x000000008e200000|  0%| F|  |TAMS 0x000000008e100000| PB 0x000000008e100000| Untracked 
| 226|0x000000008e200000, 0x000000008e200000, 0x000000008e300000|  0%| F|  |TAMS 0x000000008e200000| PB 0x000000008e200000| Untracked 
| 227|0x000000008e300000, 0x000000008e300000, 0x000000008e400000|  0%| F|  |TAMS 0x000000008e300000| PB 0x000000008e300000| Untracked 
| 228|0x000000008e400000, 0x000000008e400000, 0x000000008e500000|  0%| F|  |TAMS 0x000000008e400000| PB 0x000000008e400000| Untracked 
| 229|0x000000008e500000, 0x000000008e500000, 0x000000008e600000|  0%| F|  |TAMS 0x000000008e500000| PB 0x000000008e500000| Untracked 
| 230|0x000000008e600000, 0x000000008e600000, 0x000000008e700000|  0%| F|  |TAMS 0x000000008e600000| PB 0x000000008e600000| Untracked 
| 231|0x000000008e700000, 0x000000008e700000, 0x000000008e800000|  0%| F|  |TAMS 0x000000008e700000| PB 0x000000008e700000| Untracked 
| 232|0x000000008e800000, 0x000000008e8873f0, 0x000000008e900000| 52%| S|CS|TAMS 0x000000008e800000| PB 0x000000008e800000| Complete 
| 233|0x000000008e900000, 0x000000008ea00000, 0x000000008ea00000|100%| S|CS|TAMS 0x000000008e900000| PB 0x000000008e900000| Complete 
| 234|0x000000008ea00000, 0x000000008eb00000, 0x000000008eb00000|100%| S|CS|TAMS 0x000000008ea00000| PB 0x000000008ea00000| Complete 
| 235|0x000000008eb00000, 0x000000008ec00000, 0x000000008ec00000|100%| S|CS|TAMS 0x000000008eb00000| PB 0x000000008eb00000| Complete 
| 236|0x000000008ec00000, 0x000000008ed00000, 0x000000008ed00000|100%| S|CS|TAMS 0x000000008ec00000| PB 0x000000008ec00000| Complete 
| 237|0x000000008ed00000, 0x000000008ee00000, 0x000000008ee00000|100%| S|CS|TAMS 0x000000008ed00000| PB 0x000000008ed00000| Complete 
| 238|0x000000008ee00000, 0x000000008ef00000, 0x000000008ef00000|100%| S|CS|TAMS 0x000000008ee00000| PB 0x000000008ee00000| Complete 
| 239|0x000000008ef00000, 0x000000008f000000, 0x000000008f000000|100%| S|CS|TAMS 0x000000008ef00000| PB 0x000000008ef00000| Complete 
| 240|0x000000008f000000, 0x000000008f100000, 0x000000008f100000|100%| S|CS|TAMS 0x000000008f000000| PB 0x000000008f000000| Complete 
| 241|0x000000008f100000, 0x000000008f200000, 0x000000008f200000|100%| S|CS|TAMS 0x000000008f100000| PB 0x000000008f100000| Complete 
| 242|0x000000008f200000, 0x000000008f200000, 0x000000008f300000|  0%| F|  |TAMS 0x000000008f200000| PB 0x000000008f200000| Untracked 
| 243|0x000000008f300000, 0x000000008f300000, 0x000000008f400000|  0%| F|  |TAMS 0x000000008f300000| PB 0x000000008f300000| Untracked 
| 244|0x000000008f400000, 0x000000008f400000, 0x000000008f500000|  0%| F|  |TAMS 0x000000008f400000| PB 0x000000008f400000| Untracked 
| 245|0x000000008f500000, 0x000000008f500000, 0x000000008f600000|  0%| F|  |TAMS 0x000000008f500000| PB 0x000000008f500000| Untracked 
| 246|0x000000008f600000, 0x000000008f600000, 0x000000008f700000|  0%| F|  |TAMS 0x000000008f600000| PB 0x000000008f600000| Untracked 
| 247|0x000000008f700000, 0x000000008f700000, 0x000000008f800000|  0%| F|  |TAMS 0x000000008f700000| PB 0x000000008f700000| Untracked 
| 248|0x000000008f800000, 0x000000008f800000, 0x000000008f900000|  0%| F|  |TAMS 0x000000008f800000| PB 0x000000008f800000| Untracked 
| 249|0x000000008f900000, 0x000000008f900000, 0x000000008fa00000|  0%| F|  |TAMS 0x000000008f900000| PB 0x000000008f900000| Untracked 
| 250|0x000000008fa00000, 0x000000008fa00000, 0x000000008fb00000|  0%| F|  |TAMS 0x000000008fa00000| PB 0x000000008fa00000| Untracked 
| 251|0x000000008fb00000, 0x000000008fb00000, 0x000000008fc00000|  0%| F|  |TAMS 0x000000008fb00000| PB 0x000000008fb00000| Untracked 
| 252|0x000000008fc00000, 0x000000008fc00000, 0x000000008fd00000|  0%| F|  |TAMS 0x000000008fc00000| PB 0x000000008fc00000| Untracked 
| 253|0x000000008fd00000, 0x000000008fd00000, 0x000000008fe00000|  0%| F|  |TAMS 0x000000008fd00000| PB 0x000000008fd00000| Untracked 
| 254|0x000000008fe00000, 0x000000008fe00000, 0x000000008ff00000|  0%| F|  |TAMS 0x000000008fe00000| PB 0x000000008fe00000| Untracked 
| 255|0x000000008ff00000, 0x000000008ff00000, 0x0000000090000000|  0%| F|  |TAMS 0x000000008ff00000| PB 0x000000008ff00000| Untracked 
| 256|0x0000000090000000, 0x0000000090000000, 0x0000000090100000|  0%| F|  |TAMS 0x0000000090000000| PB 0x0000000090000000| Untracked 
| 257|0x0000000090100000, 0x0000000090100000, 0x0000000090200000|  0%| F|  |TAMS 0x0000000090100000| PB 0x0000000090100000| Untracked 
| 258|0x0000000090200000, 0x0000000090200000, 0x0000000090300000|  0%| F|  |TAMS 0x0000000090200000| PB 0x0000000090200000| Untracked 
| 259|0x0000000090300000, 0x0000000090300000, 0x0000000090400000|  0%| F|  |TAMS 0x0000000090300000| PB 0x0000000090300000| Untracked 
| 260|0x0000000090400000, 0x0000000090400000, 0x0000000090500000|  0%| F|  |TAMS 0x0000000090400000| PB 0x0000000090400000| Untracked 
| 261|0x0000000090500000, 0x0000000090500000, 0x0000000090600000|  0%| F|  |TAMS 0x0000000090500000| PB 0x0000000090500000| Untracked 
| 262|0x0000000090600000, 0x0000000090600000, 0x0000000090700000|  0%| F|  |TAMS 0x0000000090600000| PB 0x0000000090600000| Untracked 
| 263|0x0000000090700000, 0x0000000090700000, 0x0000000090800000|  0%| F|  |TAMS 0x0000000090700000| PB 0x0000000090700000| Untracked 
| 264|0x0000000090800000, 0x0000000090800000, 0x0000000090900000|  0%| F|  |TAMS 0x0000000090800000| PB 0x0000000090800000| Untracked 
| 265|0x0000000090900000, 0x0000000090900000, 0x0000000090a00000|  0%| F|  |TAMS 0x0000000090900000| PB 0x0000000090900000| Untracked 
| 266|0x0000000090a00000, 0x0000000090a00000, 0x0000000090b00000|  0%| F|  |TAMS 0x0000000090a00000| PB 0x0000000090a00000| Untracked 
| 267|0x0000000090b00000, 0x0000000090b00000, 0x0000000090c00000|  0%| F|  |TAMS 0x0000000090b00000| PB 0x0000000090b00000| Untracked 
| 268|0x0000000090c00000, 0x0000000090c00000, 0x0000000090d00000|  0%| F|  |TAMS 0x0000000090c00000| PB 0x0000000090c00000| Untracked 
| 269|0x0000000090d00000, 0x0000000090d00000, 0x0000000090e00000|  0%| F|  |TAMS 0x0000000090d00000| PB 0x0000000090d00000| Untracked 
| 270|0x0000000090e00000, 0x0000000090e00000, 0x0000000090f00000|  0%| F|  |TAMS 0x0000000090e00000| PB 0x0000000090e00000| Untracked 
| 271|0x0000000090f00000, 0x0000000090f00000, 0x0000000091000000|  0%| F|  |TAMS 0x0000000090f00000| PB 0x0000000090f00000| Untracked 
| 272|0x0000000091000000, 0x0000000091000000, 0x0000000091100000|  0%| F|  |TAMS 0x0000000091000000| PB 0x0000000091000000| Untracked 
| 273|0x0000000091100000, 0x0000000091100000, 0x0000000091200000|  0%| F|  |TAMS 0x0000000091100000| PB 0x0000000091100000| Untracked 
| 274|0x0000000091200000, 0x0000000091200000, 0x0000000091300000|  0%| F|  |TAMS 0x0000000091200000| PB 0x0000000091200000| Untracked 
| 275|0x0000000091300000, 0x0000000091300000, 0x0000000091400000|  0%| F|  |TAMS 0x0000000091300000| PB 0x0000000091300000| Untracked 
| 276|0x0000000091400000, 0x0000000091400000, 0x0000000091500000|  0%| F|  |TAMS 0x0000000091400000| PB 0x0000000091400000| Untracked 
| 277|0x0000000091500000, 0x0000000091500000, 0x0000000091600000|  0%| F|  |TAMS 0x0000000091500000| PB 0x0000000091500000| Untracked 
| 278|0x0000000091600000, 0x0000000091600000, 0x0000000091700000|  0%| F|  |TAMS 0x0000000091600000| PB 0x0000000091600000| Untracked 
| 279|0x0000000091700000, 0x0000000091700000, 0x0000000091800000|  0%| F|  |TAMS 0x0000000091700000| PB 0x0000000091700000| Untracked 
| 280|0x0000000091800000, 0x0000000091800000, 0x0000000091900000|  0%| F|  |TAMS 0x0000000091800000| PB 0x0000000091800000| Untracked 
| 281|0x0000000091900000, 0x0000000091900000, 0x0000000091a00000|  0%| F|  |TAMS 0x0000000091900000| PB 0x0000000091900000| Untracked 
| 282|0x0000000091a00000, 0x0000000091a00000, 0x0000000091b00000|  0%| F|  |TAMS 0x0000000091a00000| PB 0x0000000091a00000| Untracked 
| 283|0x0000000091b00000, 0x0000000091b00000, 0x0000000091c00000|  0%| F|  |TAMS 0x0000000091b00000| PB 0x0000000091b00000| Untracked 
| 284|0x0000000091c00000, 0x0000000091c00000, 0x0000000091d00000|  0%| F|  |TAMS 0x0000000091c00000| PB 0x0000000091c00000| Untracked 
| 285|0x0000000091d00000, 0x0000000091d00000, 0x0000000091e00000|  0%| F|  |TAMS 0x0000000091d00000| PB 0x0000000091d00000| Untracked 
| 286|0x0000000091e00000, 0x0000000091e00000, 0x0000000091f00000|  0%| F|  |TAMS 0x0000000091e00000| PB 0x0000000091e00000| Untracked 
| 287|0x0000000091f00000, 0x0000000091f00000, 0x0000000092000000|  0%| F|  |TAMS 0x0000000091f00000| PB 0x0000000091f00000| Untracked 
| 288|0x0000000092000000, 0x0000000092000000, 0x0000000092100000|  0%| F|  |TAMS 0x0000000092000000| PB 0x0000000092000000| Untracked 
| 289|0x0000000092100000, 0x0000000092100000, 0x0000000092200000|  0%| F|  |TAMS 0x0000000092100000| PB 0x0000000092100000| Untracked 
| 290|0x0000000092200000, 0x0000000092200000, 0x0000000092300000|  0%| F|  |TAMS 0x0000000092200000| PB 0x0000000092200000| Untracked 
| 291|0x0000000092300000, 0x0000000092300000, 0x0000000092400000|  0%| F|  |TAMS 0x0000000092300000| PB 0x0000000092300000| Untracked 
| 292|0x0000000092400000, 0x0000000092400000, 0x0000000092500000|  0%| F|  |TAMS 0x0000000092400000| PB 0x0000000092400000| Untracked 
| 293|0x0000000092500000, 0x0000000092500000, 0x0000000092600000|  0%| F|  |TAMS 0x0000000092500000| PB 0x0000000092500000| Untracked 
| 294|0x0000000092600000, 0x0000000092600000, 0x0000000092700000|  0%| F|  |TAMS 0x0000000092600000| PB 0x0000000092600000| Untracked 
| 295|0x0000000092700000, 0x0000000092700000, 0x0000000092800000|  0%| F|  |TAMS 0x0000000092700000| PB 0x0000000092700000| Untracked 
| 296|0x0000000092800000, 0x0000000092800000, 0x0000000092900000|  0%| F|  |TAMS 0x0000000092800000| PB 0x0000000092800000| Untracked 
| 297|0x0000000092900000, 0x0000000092900000, 0x0000000092a00000|  0%| F|  |TAMS 0x0000000092900000| PB 0x0000000092900000| Untracked 
| 298|0x0000000092a00000, 0x0000000092a00000, 0x0000000092b00000|  0%| F|  |TAMS 0x0000000092a00000| PB 0x0000000092a00000| Untracked 
| 299|0x0000000092b00000, 0x0000000092b00000, 0x0000000092c00000|  0%| F|  |TAMS 0x0000000092b00000| PB 0x0000000092b00000| Untracked 
| 300|0x0000000092c00000, 0x0000000092c00000, 0x0000000092d00000|  0%| F|  |TAMS 0x0000000092c00000| PB 0x0000000092c00000| Untracked 
| 301|0x0000000092d00000, 0x0000000092d00000, 0x0000000092e00000|  0%| F|  |TAMS 0x0000000092d00000| PB 0x0000000092d00000| Untracked 
| 302|0x0000000092e00000, 0x0000000092e00000, 0x0000000092f00000|  0%| F|  |TAMS 0x0000000092e00000| PB 0x0000000092e00000| Untracked 
| 303|0x0000000092f00000, 0x0000000092f00000, 0x0000000093000000|  0%| F|  |TAMS 0x0000000092f00000| PB 0x0000000092f00000| Untracked 
| 304|0x0000000093000000, 0x0000000093000000, 0x0000000093100000|  0%| F|  |TAMS 0x0000000093000000| PB 0x0000000093000000| Untracked 
| 305|0x0000000093100000, 0x0000000093100000, 0x0000000093200000|  0%| F|  |TAMS 0x0000000093100000| PB 0x0000000093100000| Untracked 
| 306|0x0000000093200000, 0x0000000093200000, 0x0000000093300000|  0%| F|  |TAMS 0x0000000093200000| PB 0x0000000093200000| Untracked 
| 307|0x0000000093300000, 0x0000000093300000, 0x0000000093400000|  0%| F|  |TAMS 0x0000000093300000| PB 0x0000000093300000| Untracked 
| 308|0x0000000093400000, 0x0000000093400000, 0x0000000093500000|  0%| F|  |TAMS 0x0000000093400000| PB 0x0000000093400000| Untracked 
| 309|0x0000000093500000, 0x0000000093500000, 0x0000000093600000|  0%| F|  |TAMS 0x0000000093500000| PB 0x0000000093500000| Untracked 
| 310|0x0000000093600000, 0x0000000093600000, 0x0000000093700000|  0%| F|  |TAMS 0x0000000093600000| PB 0x0000000093600000| Untracked 
| 311|0x0000000093700000, 0x0000000093700000, 0x0000000093800000|  0%| F|  |TAMS 0x0000000093700000| PB 0x0000000093700000| Untracked 
| 312|0x0000000093800000, 0x0000000093800000, 0x0000000093900000|  0%| F|  |TAMS 0x0000000093800000| PB 0x0000000093800000| Untracked 
|2027|0x00000000feb00000, 0x00000000feb00000, 0x00000000fec00000|  0%| F|  |TAMS 0x00000000feb00000| PB 0x00000000feb00000| Untracked 
|2028|0x00000000fec00000, 0x00000000fec00000, 0x00000000fed00000|  0%| F|  |TAMS 0x00000000fec00000| PB 0x00000000fec00000| Untracked 
|2029|0x00000000fed00000, 0x00000000fee00000, 0x00000000fee00000|100%| O|  |TAMS 0x00000000fee00000| PB 0x00000000fed00000| Untracked 
|2030|0x00000000fee00000, 0x00000000fef00000, 0x00000000fef00000|100%| O|  |TAMS 0x00000000fef00000| PB 0x00000000fee00000| Untracked 
|2031|0x00000000fef00000, 0x00000000fef00000, 0x00000000ff000000|  0%| F|  |TAMS 0x00000000fef00000| PB 0x00000000fef00000| Untracked 
|2032|0x00000000ff000000, 0x00000000ff100000, 0x00000000ff100000|100%| O|  |TAMS 0x00000000ff100000| PB 0x00000000ff000000| Untracked 
|2033|0x00000000ff100000, 0x00000000ff200000, 0x00000000ff200000|100%| O|  |TAMS 0x00000000ff200000| PB 0x00000000ff100000| Untracked 
|2034|0x00000000ff200000, 0x00000000ff300000, 0x00000000ff300000|100%| O|  |TAMS 0x00000000ff300000| PB 0x00000000ff200000| Untracked 
|2035|0x00000000ff300000, 0x00000000ff400000, 0x00000000ff400000|100%| O|  |TAMS 0x00000000ff400000| PB 0x00000000ff300000| Untracked 
|2036|0x00000000ff400000, 0x00000000ff500000, 0x00000000ff500000|100%| O|  |TAMS 0x00000000ff500000| PB 0x00000000ff400000| Untracked 
|2037|0x00000000ff500000, 0x00000000ff600000, 0x00000000ff600000|100%| O|  |TAMS 0x00000000ff600000| PB 0x00000000ff500000| Untracked 
|2038|0x00000000ff600000, 0x00000000ff700000, 0x00000000ff700000|100%| O|  |TAMS 0x00000000ff700000| PB 0x00000000ff600000| Untracked 
|2039|0x00000000ff700000, 0x00000000ff700000, 0x00000000ff800000|  0%| F|  |TAMS 0x00000000ff700000| PB 0x00000000ff700000| Untracked 
|2040|0x00000000ff800000, 0x00000000ff900000, 0x00000000ff900000|100%| O|  |TAMS 0x00000000ff900000| PB 0x00000000ff800000| Untracked 
|2041|0x00000000ff900000, 0x00000000ff900000, 0x00000000ffa00000|  0%| F|  |TAMS 0x00000000ff900000| PB 0x00000000ff900000| Untracked 
|2042|0x00000000ffa00000, 0x00000000ffa00000, 0x00000000ffb00000|  0%| F|  |TAMS 0x00000000ffa00000| PB 0x00000000ffa00000| Untracked 
|2043|0x00000000ffb00000, 0x00000000ffb00000, 0x00000000ffc00000|  0%| F|  |TAMS 0x00000000ffb00000| PB 0x00000000ffb00000| Untracked 
|2044|0x00000000ffc00000, 0x00000000ffc00000, 0x00000000ffd00000|  0%| F|  |TAMS 0x00000000ffc00000| PB 0x00000000ffc00000| Untracked 
|2045|0x00000000ffd00000, 0x00000000ffd00000, 0x00000000ffe00000|  0%| F|  |TAMS 0x00000000ffd00000| PB 0x00000000ffd00000| Untracked 
|2046|0x00000000ffe00000, 0x00000000ffe00000, 0x00000000fff00000|  0%| F|  |TAMS 0x00000000ffe00000| PB 0x00000000ffe00000| Untracked 
|2047|0x00000000fff00000, 0x00000000fff00000, 0x0000000100000000|  0%| F|  |TAMS 0x00000000fff00000| PB 0x00000000fff00000| Untracked 

Card table byte_map: [0x000001bc3da20000,0x000001bc3de20000] _byte_map_base: 0x000001bc3d620000

Marking Bits: (CMBitMap*) 0x000001bc25c5f3c0
 Bits: [0x000001bc3de20000, 0x000001bc3fe20000)

Polling page: 0x000001bc23bc0000

Metaspace:

Usage:
  Non-class:    166.12 MB used.
      Class:     24.32 MB used.
       Both:    190.44 MB used.

Virtual space:
  Non-class space:      192.00 MB reserved,     167.62 MB ( 87%) committed,  3 nodes.
      Class space:        1.00 GB reserved,      25.94 MB (  3%) committed,  1 nodes.
             Both:        1.19 GB reserved,     193.56 MB ( 16%) committed. 

Chunk freelists:
   Non-Class:  8.03 MB
       Class:  5.98 MB
        Both:  14.02 MB

MaxMetaspaceSize: unlimited
CompressedClassSpaceSize: 1.00 GB
Initial GC threshold: 21.00 MB
Current GC threshold: 313.69 MB
CDS: on
 - commit_granule_bytes: 65536.
 - commit_granule_words: 8192.
 - virtual_space_node_default_size: 8388608.
 - enlarge_chunks_in_place: 1.
 - use_allocation_guard: 0.


Internal statistics:

num_allocs_failed_limit: 9.
num_arena_births: 5988.
num_arena_deaths: 62.
num_vsnodes_births: 4.
num_vsnodes_deaths: 0.
num_space_committed: 3094.
num_space_uncommitted: 0.
num_chunks_returned_to_freelist: 102.
num_chunks_taken_from_freelist: 14846.
num_chunk_merges: 22.
num_chunk_splits: 9930.
num_chunks_enlarged: 6569.
num_inconsistent_stats: 0.

CodeHeap 'non-profiled nmethods': size=120000Kb used=9186Kb max_used=9262Kb free=110813Kb
 bounds [0x000001bc35dc0000, 0x000001bc366e0000, 0x000001bc3d2f0000]
CodeHeap 'profiled nmethods': size=120000Kb used=39065Kb max_used=39065Kb free=80934Kb
 bounds [0x000001bc2e2f0000, 0x000001bc30940000, 0x000001bc35820000]
CodeHeap 'non-nmethods': size=5760Kb used=2659Kb max_used=2719Kb free=3100Kb
 bounds [0x000001bc35820000, 0x000001bc35ad0000, 0x000001bc35dc0000]
 total_blobs=20550 nmethods=19296 adapters=1157
 compilation: enabled
              stopped_count=0, restarted_count=0
 full_count=0

Compilation events (20 events):
Event: 65.305 Thread 0x000001bc42880d90 24292       1       org.xml.sax.InputSource::setCharacterStream (6 bytes)
Event: 65.305 Thread 0x000001bc42880d90 nmethod 24292 0x000001bc36471890 code [0x000001bc36471a20, 0x000001bc36471b30]
Event: 65.305 Thread 0x000001bc42880d90 24293       1       com.sun.org.apache.xerces.internal.util.EntityResolver2Wrapper::setEntityResolver (6 bytes)
Event: 65.305 Thread 0x000001bc42880d90 nmethod 24293 0x000001bc36471590 code [0x000001bc36471720, 0x000001bc36471830]
Event: 65.305 Thread 0x000001bc42880d90 24294       1       com.sun.org.apache.xerces.internal.parsers.AbstractSAXParser::setDocumentHandler (6 bytes)
Event: 65.305 Thread 0x000001bc42880d90 nmethod 24294 0x000001bc36471290 code [0x000001bc36471420, 0x000001bc36471530]
Event: 65.305 Thread 0x000001bc42880d90 24295       1       com.android.utils.PositionXmlParser$DomBuilder::setDocumentLocator (6 bytes)
Event: 65.306 Thread 0x000001bc42880d90 nmethod 24295 0x000001bc36470f90 code [0x000001bc36471120, 0x000001bc36471230]
Event: 65.307 Thread 0x000001bc42880d90 24296   !   2       com.android.utils.PositionXmlParser::getXmlString (594 bytes)
Event: 65.308 Thread 0x000001bc42880d90 nmethod 24296 0x000001bc2ea70810 code [0x000001bc2ea70ae0, 0x000001bc2ea718c8]
Event: 65.309 Thread 0x000001bc42880d90 24297       1       com.android.ide.common.resources.DataFile::getType (5 bytes)
Event: 65.309 Thread 0x000001bc42880d90 nmethod 24297 0x000001bc36470c90 code [0x000001bc36470e20, 0x000001bc36470ee8]
Event: 65.309 Thread 0x000001bc42880d90 24298       1       com.android.ide.common.resources.ValueResourceParser2::setTrackSourcePositions (6 bytes)
Event: 65.309 Thread 0x000001bc42880d90 nmethod 24298 0x000001bc36470990 code [0x000001bc36470b20, 0x000001bc36470bf0]
Event: 65.309 Thread 0x000001bc42880d90 24299       1       com.android.ide.common.resources.ValueResourceParser2::setCheckDuplicates (6 bytes)
Event: 65.309 Thread 0x000001bc42880d90 nmethod 24299 0x000001bc36470690 code [0x000001bc36470820, 0x000001bc364708f0]
Event: 65.310 Thread 0x000001bc42880d90 24300       3       com.sun.org.apache.xerces.internal.parsers.XIncludeAwareParserConfiguration::setFeature (27 bytes)
Event: 65.310 Thread 0x000001bc42880d90 nmethod 24300 0x000001bc2ea70310 code [0x000001bc2ea704e0, 0x000001bc2ea706f8]
Event: 65.310 Thread 0x000001bc42880d90 24301       3       com.sun.org.apache.xerces.internal.impl.XMLDocumentScannerImpl::setFeature (75 bytes)
Event: 65.311 Thread 0x000001bc42880d90 nmethod 24301 0x000001bc3039c610 code [0x000001bc3039c8c0, 0x000001bc3039d508]

GC Heap History (20 events):
Event: 57.850 GC heap after
{Heap after GC invocations=61 (full 0):
 garbage-first heap   total 307200K, used 166861K [0x0000000080000000, 0x0000000100000000)
  region size 1024K, 8 young (8192K), 8 survivors (8192K)
 Metaspace       used 164466K, committed 167232K, reserved 1245184K
  class space    used 21099K, committed 22464K, reserved 1048576K
}
Event: 59.197 GC heap before
{Heap before GC invocations=61 (full 0):
 garbage-first heap   total 307200K, used 273357K [0x0000000080000000, 0x0000000100000000)
  region size 1024K, 108 young (110592K), 8 survivors (8192K)
 Metaspace       used 171234K, committed 173952K, reserved 1245184K
  class space    used 21894K, committed 23232K, reserved 1048576K
}
Event: 59.207 GC heap after
{Heap after GC invocations=62 (full 0):
 garbage-first heap   total 307200K, used 144313K [0x0000000080000000, 0x0000000100000000)
  region size 1024K, 14 young (14336K), 14 survivors (14336K)
 Metaspace       used 171234K, committed 173952K, reserved 1245184K
  class space    used 21894K, committed 23232K, reserved 1048576K
}
Event: 61.271 GC heap before
{Heap before GC invocations=62 (full 0):
 garbage-first heap   total 307200K, used 277433K [0x0000000080000000, 0x0000000100000000)
  region size 1024K, 140 young (143360K), 14 survivors (14336K)
 Metaspace       used 178010K, committed 181056K, reserved 1245184K
  class space    used 22578K, committed 24128K, reserved 1048576K
}
Event: 61.290 GC heap after
{Heap after GC invocations=63 (full 0):
 garbage-first heap   total 309248K, used 154396K [0x0000000080000000, 0x0000000100000000)
  region size 1024K, 18 young (18432K), 18 survivors (18432K)
 Metaspace       used 178010K, committed 181056K, reserved 1245184K
  class space    used 22578K, committed 24128K, reserved 1048576K
}
Event: 62.046 GC heap before
{Heap before GC invocations=63 (full 0):
 garbage-first heap   total 309248K, used 270108K [0x0000000080000000, 0x0000000100000000)
  region size 1024K, 130 young (133120K), 18 survivors (18432K)
 Metaspace       used 184078K, committed 187136K, reserved 1245184K
  class space    used 23578K, committed 25152K, reserved 1048576K
}
Event: 62.064 GC heap after
{Heap after GC invocations=64 (full 0):
 garbage-first heap   total 309248K, used 163117K [0x0000000080000000, 0x0000000100000000)
  region size 1024K, 10 young (10240K), 10 survivors (10240K)
 Metaspace       used 184078K, committed 187136K, reserved 1245184K
  class space    used 23578K, committed 25152K, reserved 1048576K
}
Event: 62.630 GC heap before
{Heap before GC invocations=64 (full 0):
 garbage-first heap   total 309248K, used 274733K [0x0000000080000000, 0x0000000100000000)
  region size 1024K, 120 young (122880K), 10 survivors (10240K)
 Metaspace       used 187986K, committed 191104K, reserved 1245184K
  class space    used 24074K, committed 25664K, reserved 1048576K
}
Event: 62.639 GC heap after
{Heap after GC invocations=65 (full 0):
 garbage-first heap   total 309248K, used 174005K [0x0000000080000000, 0x0000000100000000)
  region size 1024K, 13 young (13312K), 13 survivors (13312K)
 Metaspace       used 187986K, committed 191104K, reserved 1245184K
  class space    used 24074K, committed 25664K, reserved 1048576K
}
Event: 63.225 GC heap before
{Heap before GC invocations=66 (full 0):
 garbage-first heap   total 309248K, used 276405K [0x0000000080000000, 0x0000000100000000)
  region size 1024K, 114 young (116736K), 13 survivors (13312K)
 Metaspace       used 189132K, committed 192320K, reserved 1245184K
  class space    used 24233K, committed 25856K, reserved 1048576K
}
Event: 63.242 GC heap after
{Heap after GC invocations=67 (full 0):
 garbage-first heap   total 309248K, used 191703K [0x0000000080000000, 0x0000000100000000)
  region size 1024K, 15 young (15360K), 15 survivors (15360K)
 Metaspace       used 189132K, committed 192320K, reserved 1245184K
  class space    used 24233K, committed 25856K, reserved 1048576K
}
Event: 63.402 GC heap before
{Heap before GC invocations=67 (full 0):
 garbage-first heap   total 309248K, used 274647K [0x0000000080000000, 0x0000000100000000)
  region size 1024K, 96 young (98304K), 15 survivors (15360K)
 Metaspace       used 189275K, committed 192448K, reserved 1245184K
  class space    used 24250K, committed 25856K, reserved 1048576K
}
Event: 63.439 GC heap after
{Heap after GC invocations=68 (full 0):
 garbage-first heap   total 321536K, used 197120K [0x0000000080000000, 0x0000000100000000)
  region size 1024K, 12 young (12288K), 12 survivors (12288K)
 Metaspace       used 189275K, committed 192448K, reserved 1245184K
  class space    used 24250K, committed 25856K, reserved 1048576K
}
Event: 63.461 GC heap before
{Heap before GC invocations=68 (full 0):
 garbage-first heap   total 321536K, used 203264K [0x0000000080000000, 0x0000000100000000)
  region size 1024K, 19 young (19456K), 12 survivors (12288K)
 Metaspace       used 189280K, committed 192448K, reserved 1245184K
  class space    used 24251K, committed 25856K, reserved 1048576K
}
Event: 63.473 GC heap after
{Heap after GC invocations=69 (full 0):
 garbage-first heap   total 321536K, used 202137K [0x0000000080000000, 0x0000000100000000)
  region size 1024K, 3 young (3072K), 3 survivors (3072K)
 Metaspace       used 189280K, committed 192448K, reserved 1245184K
  class space    used 24251K, committed 25856K, reserved 1048576K
}
Event: 63.963 GC heap before
{Heap before GC invocations=70 (full 0):
 garbage-first heap   total 342016K, used 283033K [0x0000000080000000, 0x0000000100000000)
  region size 1024K, 79 young (80896K), 3 survivors (3072K)
 Metaspace       used 189708K, committed 192832K, reserved 1245184K
  class space    used 24295K, committed 25920K, reserved 1048576K
}
Event: 63.981 GC heap after
{Heap after GC invocations=71 (full 0):
 garbage-first heap   total 342016K, used 224641K [0x0000000080000000, 0x0000000100000000)
  region size 1024K, 10 young (10240K), 10 survivors (10240K)
 Metaspace       used 189708K, committed 192832K, reserved 1245184K
  class space    used 24295K, committed 25920K, reserved 1048576K
}
Event: 64.444 GC heap before
{Heap before GC invocations=71 (full 0):
 garbage-first heap   total 342016K, used 298369K [0x0000000080000000, 0x0000000100000000)
  region size 1024K, 83 young (84992K), 10 survivors (10240K)
 Metaspace       used 192348K, committed 195520K, reserved 1245184K
  class space    used 24629K, committed 26240K, reserved 1048576K
}
Event: 64.462 GC heap after
{Heap after GC invocations=72 (full 0):
 garbage-first heap   total 342016K, used 225109K [0x0000000080000000, 0x0000000100000000)
  region size 1024K, 8 young (8192K), 8 survivors (8192K)
 Metaspace       used 192348K, committed 195520K, reserved 1245184K
  class space    used 24629K, committed 26240K, reserved 1048576K
}
Event: 65.312 GC heap before
{Heap before GC invocations=72 (full 0):
 garbage-first heap   total 342016K, used 301909K [0x0000000080000000, 0x0000000100000000)
  region size 1024K, 84 young (86016K), 8 survivors (8192K)
 Metaspace       used 195013K, committed 198208K, reserved 1245184K
  class space    used 24905K, committed 26560K, reserved 1048576K
}

Dll operation events (15 events):
Event: 0.074 Loaded shared library C:\Users\yairz\.gradle\jdks\eclipse_adoptium-21-amd64-windows.2\bin\java.dll
Event: 0.355 Loaded shared library C:\Users\yairz\.gradle\jdks\eclipse_adoptium-21-amd64-windows.2\bin\jsvml.dll
Event: 0.470 Loaded shared library C:\Users\yairz\.gradle\jdks\eclipse_adoptium-21-amd64-windows.2\bin\zip.dll
Event: 0.480 Loaded shared library C:\Users\yairz\.gradle\jdks\eclipse_adoptium-21-amd64-windows.2\bin\instrument.dll
Event: 0.487 Loaded shared library C:\Users\yairz\.gradle\jdks\eclipse_adoptium-21-amd64-windows.2\bin\net.dll
Event: 0.496 Loaded shared library C:\Users\yairz\.gradle\jdks\eclipse_adoptium-21-amd64-windows.2\bin\nio.dll
Event: 0.501 Loaded shared library C:\Users\yairz\.gradle\jdks\eclipse_adoptium-21-amd64-windows.2\bin\zip.dll
Event: 1.243 Loaded shared library C:\Users\yairz\.gradle\jdks\eclipse_adoptium-21-amd64-windows.2\bin\jimage.dll
Event: 1.703 Loaded shared library C:\Users\yairz\.gradle\jdks\eclipse_adoptium-21-amd64-windows.2\bin\verify.dll
Event: 1.753 Loaded shared library C:\Users\yairz\.gradle\native\660c5614fbf4a5f2a75b1949f50a0caf5cd603558e7d8a26e50b933a0cfb79d1\windows-amd64\native-platform.dll
Event: 1.782 Loaded shared library C:\Users\yairz\.gradle\native\0.2.8\x86_64-windows-gnu\gradle-fileevents.dll
Event: 5.917 Loaded shared library C:\Users\yairz\.gradle\jdks\eclipse_adoptium-21-amd64-windows.2\bin\management.dll
Event: 5.928 Loaded shared library C:\Users\yairz\.gradle\jdks\eclipse_adoptium-21-amd64-windows.2\bin\management_ext.dll
Event: 7.085 Loaded shared library C:\Users\yairz\.gradle\jdks\eclipse_adoptium-21-amd64-windows.2\bin\extnet.dll
Event: 8.315 Loaded shared library C:\Users\yairz\.gradle\jdks\eclipse_adoptium-21-amd64-windows.2\bin\sunmscapi.dll

Deoptimization events (20 events):
Event: 64.830 Thread 0x000001bcabf63c70 Uncommon trap: trap_request=0xffffffc6 fr.pc=0x000001bc35f1d57c relative=0x000000000000097c
Event: 64.830 Thread 0x000001bcabf63c70 Uncommon trap: reason=bimorphic_or_optimized_type_check action=maybe_recompile pc=0x000001bc35f1d57c method=java.lang.Throwable.<init>(Ljava/lang/String;Ljava/lang/Throwable;)V @ 24 c2
Event: 64.830 Thread 0x000001bcabf63c70 DEOPT PACKING pc=0x000001bc35f1d57c sp=0x0000008d494fa470
Event: 64.830 Thread 0x000001bcabf63c70 DEOPT UNPACKING pc=0x000001bc358746a2 sp=0x0000008d494fa438 mode 2
Event: 65.074 Thread 0x000001bcabf63c70 Uncommon trap: trap_request=0xffffff54 fr.pc=0x000001bc35dfcf98 relative=0x00000000000004b8
Event: 65.074 Thread 0x000001bcabf63c70 Uncommon trap: reason=speculate_null_assert action=make_not_entrant pc=0x000001bc35dfcf98 method=kotlin.reflect.jvm.internal.impl.protobuf.GeneratedMessageLite$ExtendableMessage.getExtension(Lkotlin/reflect/jvm/internal/impl/protobuf/GeneratedMessageLite$
Event: 65.074 Thread 0x000001bcabf63c70 DEOPT PACKING pc=0x000001bc35dfcf98 sp=0x0000008d494f9a50
Event: 65.074 Thread 0x000001bcabf63c70 DEOPT UNPACKING pc=0x000001bc358746a2 sp=0x0000008d494f99f8 mode 2
Event: 65.127 Thread 0x000001bc9b6ad520 DEOPT PACKING pc=0x000001bc2eaa858f sp=0x0000008d48ffd710
Event: 65.127 Thread 0x000001bc9b6ad520 DEOPT UNPACKING pc=0x000001bc35874e42 sp=0x0000008d48ffcbf0 mode 0
Event: 65.127 Thread 0x000001bc9b6aa730 DEOPT PACKING pc=0x000001bc2e581842 sp=0x0000008d483fdba0
Event: 65.127 Thread 0x000001bc9b6aa730 DEOPT UNPACKING pc=0x000001bc35874e42 sp=0x0000008d483fd0b0 mode 0
Event: 65.177 Thread 0x000001bcabf64990 Uncommon trap: trap_request=0xffffff45 fr.pc=0x000001bc35e53b8c relative=0x0000000000000bec
Event: 65.177 Thread 0x000001bcabf64990 Uncommon trap: reason=unstable_if action=reinterpret pc=0x000001bc35e53b8c method=com.android.tools.r8.internal.h80.F(Ljava/lang/String;)Z @ 26 c2
Event: 65.177 Thread 0x000001bcabf64990 DEOPT PACKING pc=0x000001bc35e53b8c sp=0x0000008d497fa610
Event: 65.178 Thread 0x000001bcabf64990 DEOPT UNPACKING pc=0x000001bc358746a2 sp=0x0000008d497fa540 mode 2
Event: 65.247 Thread 0x000001bc8a4ba2c0 Uncommon trap: trap_request=0xffffff45 fr.pc=0x000001bc35e7a6c4 relative=0x00000000000000a4
Event: 65.247 Thread 0x000001bc8a4ba2c0 Uncommon trap: reason=unstable_if action=reinterpret pc=0x000001bc35e7a6c4 method=java.lang.ref.ReferenceQueue.poll()Ljava/lang/ref/Reference; @ 4 c2
Event: 65.247 Thread 0x000001bc8a4ba2c0 DEOPT PACKING pc=0x000001bc35e7a6c4 sp=0x0000008d49efca40
Event: 65.247 Thread 0x000001bc8a4ba2c0 DEOPT UNPACKING pc=0x000001bc358746a2 sp=0x0000008d49efc928 mode 2

Classes loaded (20 events):
Event: 65.169 Loading class org/w3c/dom/Comment done
Event: 65.169 Loading class com/sun/org/apache/xerces/internal/dom/CommentImpl done
Event: 65.256 Loading class java/rmi/RemoteException
Event: 65.258 Loading class java/rmi/RemoteException done
Event: 65.300 Loading class java/rmi/ConnectException
Event: 65.303 Loading class java/rmi/ConnectException done
Event: 65.303 Loading class java/rmi/ConnectIOException
Event: 65.303 Loading class java/rmi/ConnectIOException done
Event: 65.303 Loading class java/rmi/UnmarshalException
Event: 65.303 Loading class java/rmi/UnmarshalException done
Event: 65.308 Loading class java/rmi/server/RMIServerSocketFactory
Event: 65.309 Loading class java/rmi/server/RMIServerSocketFactory done
Event: 65.310 Loading class javax/management/MalformedObjectNameException
Event: 65.310 Loading class javax/management/MalformedObjectNameException done
Event: 65.310 Loading class java/rmi/server/RMIClientSocketFactory
Event: 65.310 Loading class java/rmi/server/RMIClientSocketFactory done
Event: 65.310 Loading class javax/management/InstanceAlreadyExistsException
Event: 65.310 Loading class javax/management/InstanceAlreadyExistsException done
Event: 65.310 Loading class javax/management/MBeanRegistrationException
Event: 65.311 Loading class javax/management/MBeanException

Classes unloaded (20 events):
Event: 63.687 Thread 0x000001bc42850d60 Unloading class 0x000001bc457f8400 'java/lang/invoke/LambdaForm$DMH+0x000001bc457f8400'
Event: 63.687 Thread 0x000001bc42850d60 Unloading class 0x000001bc457f8000 'java/lang/invoke/LambdaForm$DMH+0x000001bc457f8000'
Event: 63.687 Thread 0x000001bc42850d60 Unloading class 0x000001bc457f1c00 'java/lang/invoke/LambdaForm$DMH+0x000001bc457f1c00'
Event: 63.687 Thread 0x000001bc42850d60 Unloading class 0x000001bc457f1400 'java/lang/invoke/LambdaForm$DMH+0x000001bc457f1400'
Event: 63.687 Thread 0x000001bc42850d60 Unloading class 0x000001bc457f1800 'java/lang/invoke/LambdaForm$DMH+0x000001bc457f1800'
Event: 63.687 Thread 0x000001bc42850d60 Unloading class 0x000001bc457e7000 'java/lang/invoke/LambdaForm$MH+0x000001bc457e7000'
Event: 63.687 Thread 0x000001bc42850d60 Unloading class 0x000001bc457e6800 'java/lang/invoke/LambdaForm$MH+0x000001bc457e6800'
Event: 63.687 Thread 0x000001bc42850d60 Unloading class 0x000001bc457e6000 'java/lang/invoke/LambdaForm$MH+0x000001bc457e6000'
Event: 63.687 Thread 0x000001bc42850d60 Unloading class 0x000001bc457e5800 'java/lang/invoke/LambdaForm$MH+0x000001bc457e5800'
Event: 63.687 Thread 0x000001bc42850d60 Unloading class 0x000001bc457e5000 'java/lang/invoke/LambdaForm$MH+0x000001bc457e5000'
Event: 63.687 Thread 0x000001bc42850d60 Unloading class 0x000001bc457e4800 'java/lang/invoke/LambdaForm$MH+0x000001bc457e4800'
Event: 63.687 Thread 0x000001bc42850d60 Unloading class 0x000001bc457e4000 'java/lang/invoke/LambdaForm$MH+0x000001bc457e4000'
Event: 63.687 Thread 0x000001bc42850d60 Unloading class 0x000001bc457e3800 'java/lang/invoke/LambdaForm$MH+0x000001bc457e3800'
Event: 63.687 Thread 0x000001bc42850d60 Unloading class 0x000001bc457e3000 'java/lang/invoke/LambdaForm$MH+0x000001bc457e3000'
Event: 63.687 Thread 0x000001bc42850d60 Unloading class 0x000001bc457e2800 'java/lang/invoke/LambdaForm$MH+0x000001bc457e2800'
Event: 63.687 Thread 0x000001bc42850d60 Unloading class 0x000001bc457e2000 'java/lang/invoke/LambdaForm$MH+0x000001bc457e2000'
Event: 63.687 Thread 0x000001bc42850d60 Unloading class 0x000001bc457e1800 'java/lang/invoke/LambdaForm$MH+0x000001bc457e1800'
Event: 63.687 Thread 0x000001bc42850d60 Unloading class 0x000001bc457e1000 'java/lang/invoke/LambdaForm$MH+0x000001bc457e1000'
Event: 63.687 Thread 0x000001bc42850d60 Unloading class 0x000001bc457e0800 'java/lang/invoke/LambdaForm$MH+0x000001bc457e0800'
Event: 63.687 Thread 0x000001bc42850d60 Unloading class 0x000001bc457e0000 'java/lang/invoke/LambdaForm$MH+0x000001bc457e0000'

Classes redefined (0 events):
No events

Internal exceptions (20 events):
Event: 64.340 Thread 0x000001bcabf607f0 Exception <a 'sun/nio/fs/WindowsException'{0x0000000090b27180}> (0x0000000090b27180) 
thrown [s\src\hotspot\share\prims\jni.cpp, line 520]
Event: 64.341 Thread 0x000001bcabf607f0 Exception <a 'sun/nio/fs/WindowsException'{0x0000000090b59d98}> (0x0000000090b59d98) 
thrown [s\src\hotspot\share\prims\jni.cpp, line 520]
Event: 64.342 Thread 0x000001bcabf607f0 Exception <a 'sun/nio/fs/WindowsException'{0x0000000090b5cb80}> (0x0000000090b5cb80) 
thrown [s\src\hotspot\share\prims\jni.cpp, line 520]
Event: 64.573 Thread 0x000001bc9b6ace90 Exception <a 'java/io/FileNotFoundException'{0x00000000930043d0}> (0x00000000930043d0) 
thrown [s\src\hotspot\share\prims\jni.cpp, line 520]
Event: 64.581 Thread 0x000001bc8a4bbd00 Exception <a 'sun/nio/fs/WindowsException'{0x0000000092f28140}> (0x0000000092f28140) 
thrown [s\src\hotspot\share\prims\jni.cpp, line 520]
Event: 64.581 Thread 0x000001bc8a4bbd00 Exception <a 'sun/nio/fs/WindowsException'{0x0000000092f28ef0}> (0x0000000092f28ef0) 
thrown [s\src\hotspot\share\prims\jni.cpp, line 520]
Event: 64.588 Thread 0x000001bcabf607f0 Exception <a 'sun/nio/fs/WindowsException'{0x0000000092fd7be0}> (0x0000000092fd7be0) 
thrown [s\src\hotspot\share\prims\jni.cpp, line 520]
Event: 64.589 Thread 0x000001bcabf607f0 Exception <a 'sun/nio/fs/WindowsException'{0x0000000092fdd810}> (0x0000000092fdd810) 
thrown [s\src\hotspot\share\prims\jni.cpp, line 520]
Event: 64.589 Thread 0x000001bcabf607f0 Exception <a 'sun/nio/fs/WindowsException'{0x0000000092e074a8}> (0x0000000092e074a8) 
thrown [s\src\hotspot\share\prims\jni.cpp, line 520]
Event: 64.614 Thread 0x000001bcabf607f0 Exception <a 'sun/nio/fs/WindowsException'{0x0000000092eca838}> (0x0000000092eca838) 
thrown [s\src\hotspot\share\prims\jni.cpp, line 520]
Event: 64.614 Thread 0x000001bcabf607f0 Exception <a 'sun/nio/fs/WindowsException'{0x0000000092eccf40}> (0x0000000092eccf40) 
thrown [s\src\hotspot\share\prims\jni.cpp, line 520]
Event: 64.615 Thread 0x000001bcabf607f0 Exception <a 'sun/nio/fs/WindowsException'{0x0000000092ecf6d0}> (0x0000000092ecf6d0) 
thrown [s\src\hotspot\share\prims\jni.cpp, line 520]
Event: 64.639 Thread 0x000001bcabf607f0 Exception <a 'sun/nio/fs/WindowsException'{0x0000000092c01d98}> (0x0000000092c01d98) 
thrown [s\src\hotspot\share\prims\jni.cpp, line 520]
Event: 64.639 Thread 0x000001bcabf607f0 Exception <a 'sun/nio/fs/WindowsException'{0x0000000092c05948}> (0x0000000092c05948) 
thrown [s\src\hotspot\share\prims\jni.cpp, line 520]
Event: 65.197 Thread 0x000001bcabf63c70 Exception <a 'java/lang/NoSuchMethodError'{0x0000000090013ff8}: static [Ljava/lang/String;.<clinit>()V> (0x0000000090013ff8) 
thrown [s\src\hotspot\share\prims\jni.cpp, line 1111]
Event: 65.208 Thread 0x000001bcabf63c70 Exception <a 'java/lang/NoSuchMethodError'{0x0000000090092940}: static Ljava/lang/Object;.<clinit>()V> (0x0000000090092940) 
thrown [s\src\hotspot\share\prims\jni.cpp, line 1111]
Event: 65.209 Thread 0x000001bcabf63c70 Exception <a 'java/lang/NoSuchMethodError'{0x00000000900c9770}: static Lorg/jetbrains/kotlin/incremental/ClasspathChanges$ClasspathSnapshotEnabled$NotAvailableForNonIncrementalRun;.<clinit>()V> (0x00000000900c9770) 
thrown [s\src\hotspot\share\prims\jni.cpp, line 1111]
Event: 65.210 Thread 0x000001bcabf63c70 Exception <a 'java/lang/NoSuchMethodError'{0x00000000900cb770}: static Lorg/jetbrains/kotlin/incremental/ClasspathChanges$ClasspathSnapshotEnabled;.<clinit>()V> (0x00000000900cb770) 
thrown [s\src\hotspot\share\prims\jni.cpp, line 1111]
Event: 65.210 Thread 0x000001bcabf63c70 Exception <a 'java/lang/NoSuchMethodError'{0x00000000900cd5c0}: static Lorg/jetbrains/kotlin/incremental/ClasspathChanges;.<clinit>()V> (0x00000000900cd5c0) 
thrown [s\src\hotspot\share\prims\jni.cpp, line 1111]
Event: 65.250 Thread 0x000001bcabf607f0 Exception <a 'sun/nio/fs/WindowsException'{0x000000008fe9b680}> (0x000000008fe9b680) 
thrown [s\src\hotspot\share\prims\jni.cpp, line 520]

ZGC Phase Switch (0 events):
No events

VM Operations (20 events):
Event: 63.726 Executing VM operation: G1PauseRemark done
Event: 63.936 Executing VM operation: G1PauseCleanup
Event: 63.937 Executing VM operation: G1PauseCleanup done
Event: 63.962 Executing VM operation: G1CollectForAllocation (G1 Evacuation Pause)
Event: 63.981 Executing VM operation: G1CollectForAllocation (G1 Evacuation Pause) done
Event: 64.002 Executing VM operation: HandshakeAllThreads (Deoptimize)
Event: 64.003 Executing VM operation: HandshakeAllThreads (Deoptimize) done
Event: 64.020 Executing VM operation: HandshakeAllThreads (Deoptimize)
Event: 64.020 Executing VM operation: HandshakeAllThreads (Deoptimize) done
Event: 64.317 Executing VM operation: HandshakeAllThreads (Deoptimize)
Event: 64.318 Executing VM operation: HandshakeAllThreads (Deoptimize) done
Event: 64.324 Executing VM operation: HandshakeAllThreads (Deoptimize)
Event: 64.325 Executing VM operation: HandshakeAllThreads (Deoptimize) done
Event: 64.369 Executing VM operation: ICBufferFull
Event: 64.369 Executing VM operation: ICBufferFull done
Event: 64.444 Executing VM operation: G1CollectForAllocation (G1 Evacuation Pause)
Event: 64.462 Executing VM operation: G1CollectForAllocation (G1 Evacuation Pause) done
Event: 64.704 Executing VM operation: ICBufferFull
Event: 64.704 Executing VM operation: ICBufferFull done
Event: 65.312 Executing VM operation: G1CollectForAllocation (G1 Evacuation Pause)

Memory protections (0 events):
No events

Nmethod flushes (20 events):
Event: 63.723 Thread 0x000001bc42850d60 flushing  nmethod 0x000001bc2fafb690
Event: 63.723 Thread 0x000001bc42850d60 flushing  nmethod 0x000001bc2fc41710
Event: 63.723 Thread 0x000001bc42850d60 flushing  nmethod 0x000001bc2fc42790
Event: 63.723 Thread 0x000001bc42850d60 flushing  nmethod 0x000001bc2fd09310
Event: 63.723 Thread 0x000001bc42850d60 flushing  nmethod 0x000001bc2fd09790
Event: 63.723 Thread 0x000001bc42850d60 flushing  nmethod 0x000001bc3003b510
Event: 63.723 Thread 0x000001bc42850d60 flushing  nmethod 0x000001bc30319310
Event: 63.723 Thread 0x000001bc42850d60 flushing  nmethod 0x000001bc30319a10
Event: 63.723 Thread 0x000001bc42850d60 flushing  nmethod 0x000001bc3031a710
Event: 63.723 Thread 0x000001bc42850d60 flushing  nmethod 0x000001bc3031c210
Event: 63.723 Thread 0x000001bc42850d60 flushing  nmethod 0x000001bc3031da90
Event: 63.723 Thread 0x000001bc42850d60 flushing  nmethod 0x000001bc3031e110
Event: 63.723 Thread 0x000001bc42850d60 flushing  nmethod 0x000001bc3031f010
Event: 63.723 Thread 0x000001bc42850d60 flushing  nmethod 0x000001bc3031f710
Event: 63.723 Thread 0x000001bc42850d60 flushing  nmethod 0x000001bc303dab90
Event: 63.723 Thread 0x000001bc42850d60 flushing  nmethod 0x000001bc305de090
Event: 63.723 Thread 0x000001bc42850d60 flushing  nmethod 0x000001bc305de490
Event: 63.723 Thread 0x000001bc42850d60 flushing  nmethod 0x000001bc305de890
Event: 63.723 Thread 0x000001bc42850d60 flushing  nmethod 0x000001bc305e5910
Event: 63.723 Thread 0x000001bc42850d60 flushing  nmethod 0x000001bc30876010

Events (20 events):
Event: 61.443 Thread 0x000001bcabf635e0 Thread added: 0x000001bc8a4b81f0
Event: 61.624 Thread 0x000001bcabf62f50 Thread added: 0x000001bc8a4b7b60
Event: 61.625 Thread 0x000001bcabf64300 Thread added: 0x000001bc8a4b8880
Event: 61.671 Thread 0x000001bcabf607f0 Thread added: 0x000001bc8a4bc390
Event: 61.736 Thread 0x000001bcabf62f50 Thread added: 0x000001bc8a4ba2c0
Event: 62.251 Thread 0x000001bcabf656b0 Thread added: 0x000001bc8a4bbd00
Event: 62.421 Thread 0x000001bcabf64990 Thread added: 0x000001bc8a4bca20
Event: 62.425 Thread 0x000001bc8a4bca20 Thread added: 0x000001bc8a4bd0b0
Event: 62.427 Thread 0x000001bc8a4bd0b0 Thread added: 0x000001bc8a4bd740
Event: 62.431 Thread 0x000001bcabf64990 Thread added: 0x000001bc88cf7520
Event: 62.440 Thread 0x000001bc8a4bd740 Thread added: 0x000001bc88cf8f60
Event: 62.442 Thread 0x000001bc88cf7520 Thread added: 0x000001bc88cf95f0
Event: 62.442 Thread 0x000001bc88cf8f60 Thread added: 0x000001bc88cf6170
Event: 62.445 Thread 0x000001bc88cf95f0 Thread added: 0x000001bca6f79330
Event: 62.449 Thread 0x000001bcabf635e0 Thread added: 0x000001bca6f7a6e0
Event: 63.377 Thread 0x000001bcabf62f50 Thread added: 0x000001bc9c4598c0
Event: 63.602 Thread 0x000001bcabf64300 Thread added: 0x000001bc9c45ac70
Event: 64.023 Thread 0x000001bca6f7a6e0 Thread added: 0x000001bca08b4d90
Event: 64.023 Thread 0x000001bca6f7a6e0 Thread added: 0x000001bca08b1910
Event: 64.225 Thread 0x000001bcabf607f0 Thread added: 0x000001bca08b2cc0


Dynamic libraries:
0x00007ff69c640000 - 0x00007ff69c64e000 	C:\Users\yairz\.gradle\jdks\eclipse_adoptium-21-amd64-windows.2\bin\java.exe
0x00007ff844820000 - 0x00007ff844a86000 	C:\WINDOWS\SYSTEM32\ntdll.dll
0x00007ff842be0000 - 0x00007ff842ca9000 	C:\WINDOWS\System32\KERNEL32.DLL
0x00007ff841e60000 - 0x00007ff84225f000 	C:\WINDOWS\System32\KERNELBASE.dll
0x00007ff841d00000 - 0x00007ff841e4c000 	C:\WINDOWS\System32\ucrtbase.dll
0x00007ff827bf0000 - 0x00007ff827c08000 	C:\Users\yairz\.gradle\jdks\eclipse_adoptium-21-amd64-windows.2\bin\jli.dll
0x00007ff842930000 - 0x00007ff842af6000 	C:\WINDOWS\System32\USER32.dll
0x00007ff841cd0000 - 0x00007ff841cf7000 	C:\WINDOWS\System32\win32u.dll
0x00007ff844790000 - 0x00007ff8447bb000 	C:\WINDOWS\System32\GDI32.dll
0x00007ff841af0000 - 0x00007ff841c19000 	C:\WINDOWS\System32\gdi32full.dll
0x00007ff841c20000 - 0x00007ff841cc3000 	C:\WINDOWS\System32\msvcp_win.dll
0x00007ff82a690000 - 0x00007ff82a6ae000 	C:\Users\yairz\.gradle\jdks\eclipse_adoptium-21-amd64-windows.2\bin\VCRUNTIME140.dll
0x00007ff82d960000 - 0x00007ff82dbf1000 	C:\WINDOWS\WinSxS\amd64_microsoft.windows.common-controls_6595b64144ccf1df_6.0.26100.8972_none_3e0da176e32f9d4b\COMCTL32.dll
0x00007ff844100000 - 0x00007ff8441a9000 	C:\WINDOWS\System32\msvcrt.dll
0x00007ff843ef0000 - 0x00007ff843f22000 	C:\WINDOWS\System32\IMM32.DLL
0x00007ff832cf0000 - 0x00007ff832cfc000 	C:\Users\yairz\.gradle\jdks\eclipse_adoptium-21-amd64-windows.2\bin\vcruntime140_1.dll
0x00007ff81cec0000 - 0x00007ff81cf4d000 	C:\Users\yairz\.gradle\jdks\eclipse_adoptium-21-amd64-windows.2\bin\msvcp140.dll
0x00007fffb4be0000 - 0x00007fffb5970000 	C:\Users\yairz\.gradle\jdks\eclipse_adoptium-21-amd64-windows.2\bin\server\jvm.dll
0x00007ff843e20000 - 0x00007ff843edc000 	C:\WINDOWS\System32\ADVAPI32.dll
0x00007ff842cb0000 - 0x00007ff842d5a000 	C:\WINDOWS\System32\sechost.dll
0x00007ff842620000 - 0x00007ff842738000 	C:\WINDOWS\System32\RPCRT4.dll
0x00007ff8438e0000 - 0x00007ff843962000 	C:\WINDOWS\System32\WS2_32.dll
0x00007ff841890000 - 0x00007ff8418ee000 	C:\WINDOWS\SYSTEM32\POWRPROF.dll
0x00007ff8348e0000 - 0x00007ff834916000 	C:\WINDOWS\SYSTEM32\WINMM.dll
0x00007ff83b560000 - 0x00007ff83b56b000 	C:\WINDOWS\SYSTEM32\VERSION.dll
0x00007ff841870000 - 0x00007ff841885000 	C:\WINDOWS\SYSTEM32\UMPDC.dll
0x00007ff8406e0000 - 0x00007ff8406fb000 	C:\WINDOWS\SYSTEM32\kernel.appcore.dll
0x00007ff832c90000 - 0x00007ff832c9a000 	C:\Users\yairz\.gradle\jdks\eclipse_adoptium-21-amd64-windows.2\bin\jimage.dll
0x00007ff81d650000 - 0x00007ff81d892000 	C:\WINDOWS\SYSTEM32\DBGHELP.DLL
0x00007ff8441e0000 - 0x00007ff844565000 	C:\WINDOWS\System32\combase.dll
0x00007ff843660000 - 0x00007ff843739000 	C:\WINDOWS\System32\OLEAUT32.dll
0x00007ff826ba0000 - 0x00007ff826bdb000 	C:\WINDOWS\SYSTEM32\dbgcore.DLL
0x00007ff841a30000 - 0x00007ff841adc000 	C:\WINDOWS\System32\bcryptPrimitives.dll
0x00007ff82dfb0000 - 0x00007ff82dfbf000 	C:\Users\yairz\.gradle\jdks\eclipse_adoptium-21-amd64-windows.2\bin\instrument.dll
0x00007ff827bd0000 - 0x00007ff827bef000 	C:\Users\yairz\.gradle\jdks\eclipse_adoptium-21-amd64-windows.2\bin\java.dll
0x00007ff842d60000 - 0x00007ff8434e8000 	C:\WINDOWS\System32\SHELL32.dll
0x00007ff83f4c0000 - 0x00007ff83fd5b000 	C:\WINDOWS\SYSTEM32\windows.storage.dll
0x00007ff844690000 - 0x00007ff844789000 	C:\WINDOWS\System32\SHCORE.dll
0x00007ff843f30000 - 0x00007ff843f96000 	C:\WINDOWS\System32\shlwapi.dll
0x00007ff841950000 - 0x00007ff841979000 	C:\WINDOWS\SYSTEM32\profapi.dll
0x00007ff81cde0000 - 0x00007ff81ceb7000 	C:\Users\yairz\.gradle\jdks\eclipse_adoptium-21-amd64-windows.2\bin\jsvml.dll
0x00007ff827820000 - 0x00007ff827838000 	C:\Users\yairz\.gradle\jdks\eclipse_adoptium-21-amd64-windows.2\bin\zip.dll
0x00007ff82a770000 - 0x00007ff82a780000 	C:\Users\yairz\.gradle\jdks\eclipse_adoptium-21-amd64-windows.2\bin\net.dll
0x00007ff83aeb0000 - 0x00007ff83afd8000 	C:\WINDOWS\SYSTEM32\WINHTTP.dll
0x00007ff840c70000 - 0x00007ff840cdc000 	C:\WINDOWS\system32\mswsock.dll
0x00007ff827800000 - 0x00007ff827816000 	C:\Users\yairz\.gradle\jdks\eclipse_adoptium-21-amd64-windows.2\bin\nio.dll
0x00007ff827bc0000 - 0x00007ff827bd0000 	C:\Users\yairz\.gradle\jdks\eclipse_adoptium-21-amd64-windows.2\bin\verify.dll
0x00007ff82f5a0000 - 0x00007ff82f5c7000 	C:\Users\yairz\.gradle\native\660c5614fbf4a5f2a75b1949f50a0caf5cd603558e7d8a26e50b933a0cfb79d1\windows-amd64\native-platform.dll
0x00007ff81cd60000 - 0x00007ff81cdd7000 	C:\Users\yairz\.gradle\native\0.2.8\x86_64-windows-gnu\gradle-fileevents.dll
0x00007ff827700000 - 0x00007ff82770a000 	C:\Users\yairz\.gradle\jdks\eclipse_adoptium-21-amd64-windows.2\bin\management.dll
0x00007ff8276f0000 - 0x00007ff8276fb000 	C:\Users\yairz\.gradle\jdks\eclipse_adoptium-21-amd64-windows.2\bin\management_ext.dll
0x00007ff842740000 - 0x00007ff842748000 	C:\WINDOWS\System32\PSAPI.DLL
0x00007ff840090000 - 0x00007ff8400c3000 	C:\WINDOWS\SYSTEM32\IPHLPAPI.DLL
0x00007ff842b00000 - 0x00007ff842b0a000 	C:\WINDOWS\System32\NSI.dll
0x00007ff8276e0000 - 0x00007ff8276e9000 	C:\Users\yairz\.gradle\jdks\eclipse_adoptium-21-amd64-windows.2\bin\extnet.dll
0x00007ff841090000 - 0x00007ff8410ab000 	C:\WINDOWS\SYSTEM32\CRYPTSP.dll
0x00007ff840640000 - 0x00007ff840679000 	C:\WINDOWS\system32\rsaenh.dll
0x00007ff840d20000 - 0x00007ff840d52000 	C:\WINDOWS\SYSTEM32\USERENV.dll
0x00007ff841920000 - 0x00007ff84194a000 	C:\WINDOWS\SYSTEM32\bcrypt.dll
0x00007ff840ed0000 - 0x00007ff840edc000 	C:\WINDOWS\SYSTEM32\CRYPTBASE.dll
0x00007ff827680000 - 0x00007ff82768e000 	C:\Users\yairz\.gradle\jdks\eclipse_adoptium-21-amd64-windows.2\bin\sunmscapi.dll
0x00007ff842330000 - 0x00007ff8424ae000 	C:\WINDOWS\System32\CRYPT32.dll
0x00007ff841200000 - 0x00007ff841230000 	C:\WINDOWS\SYSTEM32\ncrypt.dll
0x00007ff8411b0000 - 0x00007ff8411ef000 	C:\WINDOWS\SYSTEM32\NTASN1.dll
0x00007ff8280f0000 - 0x00007ff8280f8000 	C:\WINDOWS\system32\wshunix.dll
0x00007ff83e900000 - 0x00007ff83e99f000 	C:\WINDOWS\system32\apphelp.dll
0x00007ff840810000 - 0x00007ff840846000 	C:\WINDOWS\SYSTEM32\ntmarta.dll

dbghelp: loaded successfully - version: 4.0.5 - missing functions: none
symbol engine: initialized successfully - sym options: 0x614 - pdb path: .;C:\Users\yairz\.gradle\jdks\eclipse_adoptium-21-amd64-windows.2\bin;C:\WINDOWS\SYSTEM32;C:\WINDOWS\WinSxS\amd64_microsoft.windows.common-controls_6595b64144ccf1df_6.0.26100.8972_none_3e0da176e32f9d4b;C:\Users\yairz\.gradle\jdks\eclipse_adoptium-21-amd64-windows.2\bin\server;C:\Users\yairz\.gradle\native\660c5614fbf4a5f2a75b1949f50a0caf5cd603558e7d8a26e50b933a0cfb79d1\windows-amd64;C:\Users\yairz\.gradle\native\0.2.8\x86_64-windows-gnu

VM Arguments:
jvm_args: --add-opens=java.base/java.lang=ALL-UNNAMED --add-opens=java.base/java.lang.invoke=ALL-UNNAMED --add-opens=java.base/java.util=ALL-UNNAMED --add-opens=java.prefs/java.util.prefs=ALL-UNNAMED --add-exports=jdk.compiler/com.sun.tools.javac.api=ALL-UNNAMED --add-exports=jdk.compiler/com.sun.tools.javac.util=ALL-UNNAMED --add-opens=java.base/java.nio.charset=ALL-UNNAMED --add-opens=java.base/java.net=ALL-UNNAMED --add-opens=java.base/java.util.concurrent=ALL-UNNAMED --add-opens=java.base/java.util.concurrent.atomic=ALL-UNNAMED --add-opens=java.xml/javax.xml.namespace=ALL-UNNAMED --add-opens=java.base/java.time=ALL-UNNAMED -Xmx2048m -Dfile.encoding=UTF-8 -Duser.country=IL -Duser.language=he -Duser.variant -javaagent:C:\Users\yairz\.gradle\wrapper\dists\gradle-9.5.0-bin\bvnork1r7n8i6kp5cnkibsc9q\gradle-9.5.0\lib\agents\gradle-instrumentation-agent-9.5.0.jar 
java_command: org.gradle.launcher.daemon.bootstrap.GradleDaemon 9.5.0
java_class_path (initial): C:\Users\yairz\.gradle\wrapper\dists\gradle-9.5.0-bin\bvnork1r7n8i6kp5cnkibsc9q\gradle-9.5.0\lib\gradle-daemon-main-9.5.0.jar
Launcher Type: SUN_STANDARD

[Global flags]
     intx CICompilerCount                          = 4                                         {product} {ergonomic}
     uint ConcGCThreads                            = 2                                         {product} {ergonomic}
     uint G1ConcRefinementThreads                  = 8                                         {product} {ergonomic}
   size_t G1HeapRegionSize                         = 1048576                                   {product} {ergonomic}
    uintx GCDrainStackTargetSize                   = 64                                        {product} {ergonomic}
   size_t InitialHeapSize                          = 268435456                                 {product} {ergonomic}
   size_t MarkStackSize                            = 4194304                                   {product} {ergonomic}
   size_t MaxHeapSize                              = 2147483648                                {product} {command line}
   size_t MaxNewSize                               = 1287651328                                {product} {ergonomic}
   size_t MinHeapDeltaBytes                        = 1048576                                   {product} {ergonomic}
   size_t MinHeapSize                              = 8388608                                   {product} {ergonomic}
    uintx NonNMethodCodeHeapSize                   = 5839372                                {pd product} {ergonomic}
    uintx NonProfiledCodeHeapSize                  = 122909434                              {pd product} {ergonomic}
    uintx ProfiledCodeHeapSize                     = 122909434                              {pd product} {ergonomic}
    uintx ReservedCodeCacheSize                    = 251658240                              {pd product} {ergonomic}
     bool SegmentedCodeCache                       = true                                      {product} {ergonomic}
   size_t SoftMaxHeapSize                          = 2147483648                             {manageable} {ergonomic}
     bool UseCompressedOops                        = true                           {product lp64_product} {ergonomic}
     bool UseG1GC                                  = true                                      {product} {ergonomic}
     bool UseLargePagesIndividualAllocation        = false                                  {pd product} {ergonomic}

Logging:
Log output configuration:
 #0: stdout all=warning uptime,level,tags foldmultilines=false
 #1: stderr all=off uptime,level,tags foldmultilines=false

Environment Variables:
PATH=C:\Users\yairz\bin;C:\Program Files\Git\mingw64\bin;C:\Program Files\Git\usr\local\bin;C:\Program Files\Git\usr\bin;C:\Program Files\Git\usr\bin;C:\Program Files\Git\mingw64\bin;C:\Program Files\Git\usr\bin;C:\Users\yairz\bin;C:\Program Files\Common Files\Oracle\Java\javapath;C:\WINDOWS\system32;C:\WINDOWS;C:\WINDOWS\System32\Wbem;C:\WINDOWS\System32\WindowsPowerShell\v1.0;C:\WINDOWS\System32\OpenSSH;C:\Program Files\nodejs;C:\Program Files\Git\cmd;C:\Program Files\GitHub CLI;C:\Users\yairz\.local\bin;C:\Users\yairz\AppData\Local\Microsoft\WindowsApps;C:\Users\yairz\AppData\Roaming\npm;C:\Users\yairz\AppData\Local\Packages\PythonSoftwareFoundation.Python.3.13_qbz5n2kfra8p0\LocalCache\local-packages\Python313\Scripts;C:\src\flutter\bin;C:\Program Files\Java\jdk-26.0.2\bin;C:\Program Files\nodejs;C:\Program Files\Git\mingw64\bin;C:\Program Files\Git\usr\bin\vendor_perl;C:\Program Files\Git\usr\bin\core_perl;C:\Users\yairz\.claude\plugins\cache\claude-plugins-official\agent-sdk-dev\unknown\bin;C:\Users\yairz\.claude\plugins\cache\claude-plugins-official\ai-plugins\adc5aa4a357c\bin;C:\Users\yairz\.claude\plugins\cache\claude-plugins-official\canva\1.0.0\bin;C:\Users\yairz\.claude\plugins\cache\claude-plugins-official\chrome-devtools-mcp\1.6.0\bin;C:\Users\yairz\.claude\plugins\cache\claude-plugins-official\claude-md-management\1.0.0\bin;C:\Users\yairz\.claude\plugins\cache\claude-plugins-official\code-review\unknown\bin;C:\Users\yairz\.claude\plugins\cache\claude-plugins-official\figma\2.2.91\bin;C:\Users\yairz\AppData\Roaming\Claude\local-agent-mode-sessions\616f8666-78a5-4deb-8313-411e9a0be485\ed41e0eb-6876-4525-8718-30392f0d8f06\rpm\plugin_011v5h6QUzBZvas64y44XLhy\bin;C:\Users\yairz\AppData\Roaming\Claude\local-agent-mode-sessions\616f8666-78a5-4deb-8313-411e9a0be485\ed41e0eb-6876-4525-8718-30392f0d8f06\rpm\plugin_014WxCYbLf7f3uw2isHFR9US\bin;C:\Users\yairz\AppData\Roaming\Claude\local-agent-mode-sessions\616f8666-78a5-4deb-8313-411e9a0be485\ed41e0eb-6876-4525-8718-30392f0d8f06\rpm\plugin_0155zZVATbJU3jHUmPP9NvMC\bin;C:\Users\yairz\AppData\Roaming\Claude\local-agent-mode-sessions\616f8666-78a5-4deb-8313-411e9a0be485\ed41e0eb-6876-4525-8718-30392f0d8f06\rpm\plugin_017zncz89kmhdPgdpZQZm5Dj\bin;C:\Users\yairz\AppData\Roaming\Claude\local-agent-mode-sessions\616f8666-78a5-4deb-8313-411e9a0be485\ed41e0eb-6876-4525-8718-30392f0d8f06\rpm\plugin_01AYHYqVLaZRH2Vi6aHgDwEw\bin;C:\Users\yairz\AppData\Roaming\Claude\local-agent-mode-sessions\616f8666-78a5-4deb-8313-411e9a0be485\ed41e0eb-6876-4525-8718-30392f0d8f06\rpm\plugin_01Eeb9y5m4iFuY3yRtytYfdc\bin;C:\Users\yairz\AppData\Roaming\Claude\local-agent-mode-sessions\616f8666-78a5-4deb-8313-411e9a0be485\ed41e0eb-6876-4525-8718-30392f0d8f06\rpm\plugin_01FTLa86dhbVJ3HB1LdHdhN7\bin;C:\Users\yairz\AppData\Roaming\Claude\local-agent-mode-sessions\616f8666-78a5-4deb-8313-411e9a0be485\ed41e0eb-6876-4525-8718-30392f0d8f06\rpm\plugin_01KmRfL8EXGF3PeqMRzef1TR\bin;C:\Users\yairz\AppData\Roaming\Claude\local-agent-mode-sessions\616f8666-78a5-4deb-8313-411e9a0be485\ed41e0eb-6876-4525-8718-30392f0d8f06\rpm\plugin_01VTbvGZYaCVU2CNSvhDCnkg\bin;C:\Users\yairz\AppData\Roaming\Claude\local-agent-mode-sessions\616f8666-78a5-4deb-8313-411e9a0be485\ed41e0eb-6876-4525-8718-30392f0d8f06\rpm\plugin_01XXJmxLXPEhPMmnxmrgntNw\bin;C:\Users\yairz\AppData\Roaming\Claude\local-agent-mode-sessions\skills-plugin\ed41e0eb-6876-4525-8718-30392f0d8f06\616f8666-78a5-4deb-8313-411e9a0be485\bin
USERNAME=yairz
SHELL=C:\Program Files\Git\usr\bin\bash.exe
TERM=xterm-256color
OS=Windows_NT
PROCESSOR_IDENTIFIER=Intel64 Family 6 Model 94 Stepping 3, GenuineIntel
TMP=C:\Users\yairz\AppData\Local\Temp
TEMP=C:\Users\yairz\AppData\Local\Temp




Periodic native trim disabled

---------------  S Y S T E M  ---------------

OS:
 Windows 11 , 64 bit Build 26100 (10.0.26100.9168)
OS uptime: 0 days 2:06 hours
Hyper-V role detected

CPU: total 8 (initial active 8) (4 cores per cpu, 2 threads per core) family 6 model 94 stepping 3 microcode 0xd6, cx8, cmov, fxsr, ht, mmx, 3dnowpref, sse, sse2, sse3, ssse3, sse4.1, sse4.2, popcnt, lzcnt, tsc, tscinvbit, avx, avx2, aes, erms, clmul, bmi1, bmi2, rtm, adx, fma, vzeroupper, clflush, clflushopt, hv, rdtscp, f16c
Processor Information for the first 8 processors :
  Max Mhz: 3401, Current Mhz: 3401, Mhz Limit: 3401

Memory: 4k page, system-wide physical 16301M (210M free)
TotalPageFile size 26225M (AvailPageFile size 470M)
current process WorkingSet (physical memory assigned to process): 796M, peak: 797M
current process commit charge ("private bytes"): 837M, peak: 1246M

vm_info: OpenJDK 64-Bit Server VM (21.0.7+6-LTS) for windows-amd64 JRE (21.0.7+6-LTS), built on 2025-04-15T00:00:00Z by "admin" with MS VC++ 17.7 (VS2022)

END.
