solid OpenSCAD_Model
  facet normal 0 -0.750264 0.661138
    outer loop
      vertex 52 110.317 -4.36949
      vertex 53.3 110.421 -4.25147
      vertex 52 110.421 -4.25147
    endloop
  endfacet
  facet normal 0 -0.750264 0.661138
    outer loop
      vertex 53.3 110.421 -4.25147
      vertex 52 110.317 -4.36949
      vertex 53.3 110.317 -4.36949
    endloop
  endfacet
  facet normal -0 0 1
    outer loop
      vertex 52 118.869 -3.9
      vertex 53.3 111.269 -3.9
      vertex 53.3 118.869 -3.9
    endloop
  endfacet
  facet normal 0 0 1
    outer loop
      vertex 53.3 111.269 -3.9
      vertex 52 118.869 -3.9
      vertex 52 111.269 -3.9
    endloop
  endfacet
  facet normal 0 -0.557101 0.830445
    outer loop
      vertex 52 110.669 -4.06077
      vertex 53.3 110.539 -4.14798
      vertex 53.3 110.669 -4.06077
    endloop
  endfacet
  facet normal 0 -0.557101 0.830445
    outer loop
      vertex 53.3 110.539 -4.14798
      vertex 52 110.669 -4.06077
      vertex 52 110.539 -4.14798
    endloop
  endfacet
  facet normal 0 -0.945872 0.324539
    outer loop
      vertex 52 110.11 -4.78942
      vertex 53.3 110.161 -4.64078
      vertex 52 110.161 -4.64078
    endloop
  endfacet
  facet normal 0 -0.945872 0.324539
    outer loop
      vertex 53.3 110.161 -4.64078
      vertex 52 110.11 -4.78942
      vertex 53.3 110.11 -4.78942
    endloop
  endfacet
  facet normal 0 0.897945 -0.440107
    outer loop
      vertex 53.3 119.909 -5.7
      vertex 52 119.978 -5.55922
      vertex 53.3 119.978 -5.55922
    endloop
  endfacet
  facet normal 0 0.897945 -0.440107
    outer loop
      vertex 52 119.978 -5.55922
      vertex 53.3 119.909 -5.7
      vertex 52 119.909 -5.7
    endloop
  endfacet
  facet normal 0 -0.65937 0.751818
    outer loop
      vertex 52 110.539 -4.14798
      vertex 53.3 110.421 -4.25147
      vertex 53.3 110.539 -4.14798
    endloop
  endfacet
  facet normal 0 -0.65937 0.751818
    outer loop
      vertex 53.3 110.421 -4.25147
      vertex 52 110.539 -4.14798
      vertex 52 110.421 -4.25147
    endloop
  endfacet
  facet normal 0 -0.195014 0.980801
    outer loop
      vertex 52 111.113 -3.91027
      vertex 53.3 110.959 -3.94089
      vertex 53.3 111.113 -3.91027
    endloop
  endfacet
  facet normal 0 -0.195014 0.980801
    outer loop
      vertex 53.3 110.959 -3.94089
      vertex 52 111.113 -3.91027
      vertex 52 110.959 -3.94089
    endloop
  endfacet
  facet normal 0 0.980323 -0.197402
    outer loop
      vertex 53.3 120.028 -5.41058
      vertex 52 120.059 -5.25663
      vertex 53.3 120.059 -5.25663
    endloop
  endfacet
  facet normal 0 0.980323 -0.197402
    outer loop
      vertex 52 120.059 -5.25663
      vertex 53.3 120.028 -5.41058
      vertex 52 120.028 -5.41058
    endloop
  endfacet
  facet normal 0 -0.83207 0.554671
    outer loop
      vertex 52 110.23 -4.5
      vertex 53.3 110.317 -4.36949
      vertex 52 110.317 -4.36949
    endloop
  endfacet
  facet normal 0 -0.83207 0.554671
    outer loop
      vertex 53.3 110.317 -4.36949
      vertex 52 110.23 -4.5
      vertex 53.3 110.23 -4.5
    endloop
  endfacet
  facet normal 0 -0.0656911 -0.99784
    outer loop
      vertex 52 111.113 -6.28973
      vertex 53.3 111.269 -6.3
      vertex 53.3 111.113 -6.28973
    endloop
  endfacet
  facet normal -0 -0.0656911 -0.99784
    outer loop
      vertex 53.3 111.269 -6.3
      vertex 52 111.113 -6.28973
      vertex 52 111.269 -6.3
    endloop
  endfacet
  facet normal -0 0.441759 0.897134
    outer loop
      vertex 52 119.469 -4.06077
      vertex 53.3 119.328 -3.99134
      vertex 53.3 119.469 -4.06077
    endloop
  endfacet
  facet normal 0 0.441759 0.897134
    outer loop
      vertex 53.3 119.328 -3.99134
      vertex 52 119.469 -4.06077
      vertex 52 119.328 -3.99134
    endloop
  endfacet
  facet normal 0 0 -1
    outer loop
      vertex 52 111.269 -6.3
      vertex 53.3 118.869 -6.3
      vertex 53.3 111.269 -6.3
    endloop
  endfacet
  facet normal -0 0 -1
    outer loop
      vertex 53.3 118.869 -6.3
      vertex 52 111.269 -6.3
      vertex 52 118.869 -6.3
    endloop
  endfacet
  facet normal 0 -0.441759 0.897134
    outer loop
      vertex 52 110.81 -3.99134
      vertex 53.3 110.669 -4.06077
      vertex 53.3 110.81 -3.99134
    endloop
  endfacet
  facet normal 0 -0.441759 0.897134
    outer loop
      vertex 53.3 110.669 -4.06077
      vertex 52 110.81 -3.99134
      vertex 52 110.669 -4.06077
    endloop
  endfacet
  facet normal 0 -0.320706 0.947179
    outer loop
      vertex 52 110.959 -3.94089
      vertex 53.3 110.81 -3.99134
      vertex 53.3 110.959 -3.94089
    endloop
  endfacet
  facet normal 0 -0.320706 0.947179
    outer loop
      vertex 53.3 110.81 -3.99134
      vertex 52 110.959 -3.94089
      vertex 52 110.81 -3.99134
    endloop
  endfacet
  facet normal 0 0.997968 0.063715
    outer loop
      vertex 53.3 120.069 -5.1
      vertex 52 120.059 -4.94337
      vertex 53.3 120.059 -4.94337
    endloop
  endfacet
  facet normal 0 0.997968 0.063715
    outer loop
      vertex 52 120.059 -4.94337
      vertex 53.3 120.069 -5.1
      vertex 52 120.069 -5.1
    endloop
  endfacet
  facet normal -0 0.65937 0.751818
    outer loop
      vertex 52 119.718 -4.25147
      vertex 53.3 119.6 -4.14798
      vertex 53.3 119.718 -4.25147
    endloop
  endfacet
  facet normal 0 0.65937 0.751818
    outer loop
      vertex 53.3 119.6 -4.14798
      vertex 52 119.718 -4.25147
      vertex 52 119.6 -4.14798
    endloop
  endfacet
  facet normal -0 0.0652745 0.997867
    outer loop
      vertex 52 119.026 -3.91027
      vertex 53.3 118.869 -3.9
      vertex 53.3 119.026 -3.91027
    endloop
  endfacet
  facet normal 0 0.0652745 0.997867
    outer loop
      vertex 53.3 118.869 -3.9
      vertex 52 119.026 -3.91027
      vertex 52 118.869 -3.9
    endloop
  endfacet
  facet normal 0 0.753422 -0.657537
    outer loop
      vertex 53.3 119.718 -5.94853
      vertex 52 119.821 -5.83051
      vertex 53.3 119.821 -5.83051
    endloop
  endfacet
  facet normal 0 0.753422 -0.657537
    outer loop
      vertex 52 119.821 -5.83051
      vertex 53.3 119.718 -5.94853
      vertex 52 119.718 -5.94853
    endloop
  endfacet
  facet normal 0 0.829126 -0.559061
    outer loop
      vertex 53.3 119.821 -5.83051
      vertex 52 119.909 -5.7
      vertex 53.3 119.909 -5.7
    endloop
  endfacet
  facet normal 0 0.829126 -0.559061
    outer loop
      vertex 52 119.909 -5.7
      vertex 53.3 119.821 -5.83051
      vertex 52 119.821 -5.83051
    endloop
  endfacet
  facet normal 0 -0.981537 -0.191271
    outer loop
      vertex 52 110.11 -5.41058
      vertex 53.3 110.08 -5.25663
      vertex 52 110.08 -5.25663
    endloop
  endfacet
  facet normal 0 -0.981537 -0.191271
    outer loop
      vertex 53.3 110.08 -5.25663
      vertex 52 110.11 -5.41058
      vertex 53.3 110.11 -5.41058
    endloop
  endfacet
  facet normal 0 -0.997543 0.0700567
    outer loop
      vertex 52 110.069 -5.1
      vertex 53.3 110.08 -4.94337
      vertex 52 110.08 -4.94337
    endloop
  endfacet
  facet normal 0 -0.997543 0.0700567
    outer loop
      vertex 53.3 110.08 -4.94337
      vertex 52 110.069 -5.1
      vertex 53.3 110.069 -5.1
    endloop
  endfacet
  facet normal 0 0.554158 -0.832412
    outer loop
      vertex 52 119.469 -6.13923
      vertex 53.3 119.6 -6.05202
      vertex 53.3 119.469 -6.13923
    endloop
  endfacet
  facet normal 0 0.554158 -0.832412
    outer loop
      vertex 53.3 119.6 -6.05202
      vertex 52 119.469 -6.13923
      vertex 52 119.6 -6.05202
    endloop
  endfacet
  facet normal 0 -0.897945 0.440107
    outer loop
      vertex 52 110.161 -4.64078
      vertex 53.3 110.23 -4.5
      vertex 52 110.23 -4.5
    endloop
  endfacet
  facet normal 0 -0.897945 0.440107
    outer loop
      vertex 53.3 110.23 -4.5
      vertex 52 110.161 -4.64078
      vertex 53.3 110.161 -4.64078
    endloop
  endfacet
  facet normal 0 -0.0656911 0.99784
    outer loop
      vertex 52 111.269 -3.9
      vertex 53.3 111.113 -3.91027
      vertex 53.3 111.269 -3.9
    endloop
  endfacet
  facet normal 0 -0.0656911 0.99784
    outer loop
      vertex 53.3 111.113 -3.91027
      vertex 52 111.269 -3.9
      vertex 52 111.113 -3.91027
    endloop
  endfacet
  facet normal 0 0.947813 -0.318828
    outer loop
      vertex 53.3 119.978 -5.55922
      vertex 52 120.028 -5.41058
      vertex 53.3 120.028 -5.41058
    endloop
  endfacet
  facet normal 0 0.947813 -0.318828
    outer loop
      vertex 52 120.028 -5.41058
      vertex 53.3 119.978 -5.55922
      vertex 52 119.978 -5.55922
    endloop
  endfacet
  facet normal 0 0.195014 -0.980801
    outer loop
      vertex 52 119.026 -6.28973
      vertex 53.3 119.18 -6.25911
      vertex 53.3 119.026 -6.28973
    endloop
  endfacet
  facet normal 0 0.195014 -0.980801
    outer loop
      vertex 53.3 119.18 -6.25911
      vertex 52 119.026 -6.28973
      vertex 52 119.18 -6.25911
    endloop
  endfacet
  facet normal 0 -0.945872 -0.324539
    outer loop
      vertex 52 110.161 -5.55922
      vertex 53.3 110.11 -5.41058
      vertex 52 110.11 -5.41058
    endloop
  endfacet
  facet normal 0 -0.945872 -0.324539
    outer loop
      vertex 53.3 110.11 -5.41058
      vertex 52 110.161 -5.55922
      vertex 53.3 110.161 -5.55922
    endloop
  endfacet
  facet normal -0 0.554158 0.832412
    outer loop
      vertex 52 119.6 -4.14798
      vertex 53.3 119.469 -4.06077
      vertex 53.3 119.6 -4.14798
    endloop
  endfacet
  facet normal 0 0.554158 0.832412
    outer loop
      vertex 53.3 119.469 -4.06077
      vertex 52 119.6 -4.14798
      vertex 52 119.469 -4.06077
    endloop
  endfacet
  facet normal 0 0.947813 0.318828
    outer loop
      vertex 53.3 120.028 -4.78942
      vertex 52 119.978 -4.64078
      vertex 53.3 119.978 -4.64078
    endloop
  endfacet
  facet normal 0 0.947813 0.318828
    outer loop
      vertex 52 119.978 -4.64078
      vertex 53.3 120.028 -4.78942
      vertex 52 120.028 -4.78942
    endloop
  endfacet
  facet normal 0 0.980323 0.197402
    outer loop
      vertex 53.3 120.059 -4.94337
      vertex 52 120.028 -4.78942
      vertex 53.3 120.028 -4.78942
    endloop
  endfacet
  facet normal 0 0.980323 0.197402
    outer loop
      vertex 52 120.028 -4.78942
      vertex 53.3 120.059 -4.94337
      vertex 52 120.059 -4.94337
    endloop
  endfacet
  facet normal 0 -0.195014 -0.980801
    outer loop
      vertex 52 110.959 -6.25911
      vertex 53.3 111.113 -6.28973
      vertex 53.3 110.959 -6.25911
    endloop
  endfacet
  facet normal -0 -0.195014 -0.980801
    outer loop
      vertex 53.3 111.113 -6.28973
      vertex 52 110.959 -6.25911
      vertex 52 111.113 -6.28973
    endloop
  endfacet
  facet normal -0 0.322648 0.946519
    outer loop
      vertex 52 119.328 -3.99134
      vertex 53.3 119.18 -3.94089
      vertex 53.3 119.328 -3.99134
    endloop
  endfacet
  facet normal 0 0.322648 0.946519
    outer loop
      vertex 53.3 119.18 -3.94089
      vertex 52 119.328 -3.99134
      vertex 52 119.18 -3.94089
    endloop
  endfacet
  facet normal 0 -0.83207 -0.554671
    outer loop
      vertex 52 110.317 -5.83051
      vertex 53.3 110.23 -5.7
      vertex 52 110.23 -5.7
    endloop
  endfacet
  facet normal 0 -0.83207 -0.554671
    outer loop
      vertex 53.3 110.23 -5.7
      vertex 52 110.317 -5.83051
      vertex 53.3 110.317 -5.83051
    endloop
  endfacet
  facet normal 0 0.322705 -0.9465
    outer loop
      vertex 52 119.18 -6.25911
      vertex 53.3 119.328 -6.20865
      vertex 53.3 119.18 -6.25911
    endloop
  endfacet
  facet normal 0 0.322705 -0.9465
    outer loop
      vertex 53.3 119.328 -6.20865
      vertex 52 119.18 -6.25911
      vertex 52 119.328 -6.20865
    endloop
  endfacet
  facet normal 0 0.441708 -0.897159
    outer loop
      vertex 52 119.328 -6.20865
      vertex 53.3 119.469 -6.13923
      vertex 53.3 119.328 -6.20865
    endloop
  endfacet
  facet normal 0 0.441708 -0.897159
    outer loop
      vertex 53.3 119.469 -6.13923
      vertex 52 119.328 -6.20865
      vertex 52 119.469 -6.13923
    endloop
  endfacet
  facet normal 0 -0.750264 -0.661138
    outer loop
      vertex 52 110.421 -5.94853
      vertex 53.3 110.317 -5.83051
      vertex 52 110.317 -5.83051
    endloop
  endfacet
  facet normal 0 -0.750264 -0.661138
    outer loop
      vertex 53.3 110.317 -5.83051
      vertex 52 110.421 -5.94853
      vertex 53.3 110.421 -5.94853
    endloop
  endfacet
  facet normal 0 0.65937 -0.751818
    outer loop
      vertex 52 119.6 -6.05202
      vertex 53.3 119.718 -5.94853
      vertex 53.3 119.6 -6.05202
    endloop
  endfacet
  facet normal 0 0.65937 -0.751818
    outer loop
      vertex 53.3 119.718 -5.94853
      vertex 52 119.6 -6.05202
      vertex 52 119.718 -5.94853
    endloop
  endfacet
  facet normal 0 -0.65937 -0.751818
    outer loop
      vertex 52 110.421 -5.94853
      vertex 53.3 110.539 -6.05202
      vertex 53.3 110.421 -5.94853
    endloop
  endfacet
  facet normal -0 -0.65937 -0.751818
    outer loop
      vertex 53.3 110.539 -6.05202
      vertex 52 110.421 -5.94853
      vertex 52 110.539 -6.05202
    endloop
  endfacet
  facet normal 0 0.897945 0.440107
    outer loop
      vertex 53.3 119.978 -4.64078
      vertex 52 119.909 -4.5
      vertex 53.3 119.909 -4.5
    endloop
  endfacet
  facet normal 0 0.897945 0.440107
    outer loop
      vertex 52 119.909 -4.5
      vertex 53.3 119.978 -4.64078
      vertex 52 119.978 -4.64078
    endloop
  endfacet
  facet normal 0 0.997968 -0.063715
    outer loop
      vertex 53.3 120.059 -5.25663
      vertex 52 120.069 -5.1
      vertex 53.3 120.069 -5.1
    endloop
  endfacet
  facet normal 0 0.997968 -0.063715
    outer loop
      vertex 52 120.069 -5.1
      vertex 53.3 120.059 -5.25663
      vertex 52 120.059 -5.25663
    endloop
  endfacet
  facet normal 0 -0.981537 0.191271
    outer loop
      vertex 52 110.08 -4.94337
      vertex 53.3 110.11 -4.78942
      vertex 52 110.11 -4.78942
    endloop
  endfacet
  facet normal 0 -0.981537 0.191271
    outer loop
      vertex 53.3 110.11 -4.78942
      vertex 52 110.08 -4.94337
      vertex 53.3 110.08 -4.94337
    endloop
  endfacet
  facet normal -0 0.195014 0.980801
    outer loop
      vertex 52 119.18 -3.94089
      vertex 53.3 119.026 -3.91027
      vertex 53.3 119.18 -3.94089
    endloop
  endfacet
  facet normal 0 0.195014 0.980801
    outer loop
      vertex 53.3 119.026 -3.91027
      vertex 52 119.18 -3.94089
      vertex 52 119.026 -3.91027
    endloop
  endfacet
  facet normal 0 -0.997543 -0.0700567
    outer loop
      vertex 52 110.08 -5.25663
      vertex 53.3 110.069 -5.1
      vertex 52 110.069 -5.1
    endloop
  endfacet
  facet normal 0 -0.997543 -0.0700567
    outer loop
      vertex 53.3 110.069 -5.1
      vertex 52 110.08 -5.25663
      vertex 53.3 110.08 -5.25663
    endloop
  endfacet
  facet normal 0 -0.897945 -0.440107
    outer loop
      vertex 52 110.23 -5.7
      vertex 53.3 110.161 -5.55922
      vertex 52 110.161 -5.55922
    endloop
  endfacet
  facet normal 0 -0.897945 -0.440107
    outer loop
      vertex 53.3 110.161 -5.55922
      vertex 52 110.23 -5.7
      vertex 53.3 110.23 -5.7
    endloop
  endfacet
  facet normal 0 -0.557101 -0.830445
    outer loop
      vertex 52 110.539 -6.05202
      vertex 53.3 110.669 -6.13923
      vertex 53.3 110.539 -6.05202
    endloop
  endfacet
  facet normal -0 -0.557101 -0.830445
    outer loop
      vertex 53.3 110.669 -6.13923
      vertex 52 110.539 -6.05202
      vertex 52 110.669 -6.13923
    endloop
  endfacet
  facet normal 0 -0.320763 -0.94716
    outer loop
      vertex 52 110.81 -6.20865
      vertex 53.3 110.959 -6.25911
      vertex 53.3 110.81 -6.20865
    endloop
  endfacet
  facet normal -0 -0.320763 -0.94716
    outer loop
      vertex 53.3 110.959 -6.25911
      vertex 52 110.81 -6.20865
      vertex 52 110.959 -6.25911
    endloop
  endfacet
  facet normal 0 -0.441708 -0.897159
    outer loop
      vertex 52 110.669 -6.13923
      vertex 53.3 110.81 -6.20865
      vertex 53.3 110.669 -6.13923
    endloop
  endfacet
  facet normal -0 -0.441708 -0.897159
    outer loop
      vertex 53.3 110.81 -6.20865
      vertex 52 110.669 -6.13923
      vertex 52 110.81 -6.20865
    endloop
  endfacet
  facet normal 0 0.0652745 -0.997867
    outer loop
      vertex 52 118.869 -6.3
      vertex 53.3 119.026 -6.28973
      vertex 53.3 118.869 -6.3
    endloop
  endfacet
  facet normal 0 0.0652745 -0.997867
    outer loop
      vertex 53.3 119.026 -6.28973
      vertex 52 118.869 -6.3
      vertex 52 119.026 -6.28973
    endloop
  endfacet
  facet normal 0 0.829126 0.559061
    outer loop
      vertex 53.3 119.909 -4.5
      vertex 52 119.821 -4.36949
      vertex 53.3 119.821 -4.36949
    endloop
  endfacet
  facet normal 0 0.829126 0.559061
    outer loop
      vertex 52 119.821 -4.36949
      vertex 53.3 119.909 -4.5
      vertex 52 119.909 -4.5
    endloop
  endfacet
  facet normal 0 0.753422 0.657537
    outer loop
      vertex 53.3 119.821 -4.36949
      vertex 52 119.718 -4.25147
      vertex 53.3 119.718 -4.25147
    endloop
  endfacet
  facet normal 0 0.753422 0.657537
    outer loop
      vertex 52 119.718 -4.25147
      vertex 53.3 119.821 -4.36949
      vertex 52 119.821 -4.36949
    endloop
  endfacet
  facet normal 1 0 0
    outer loop
      vertex 52 120.069 -5.1
      vertex 52 120.569 -5.1
      vertex 52 120.555 -4.87811
    endloop
  endfacet
  facet normal 1 0 0
    outer loop
      vertex 52 120.059 -4.94337
      vertex 52 120.555 -4.87811
      vertex 52 120.511 -4.66001
    endloop
  endfacet
  facet normal 1 0 0
    outer loop
      vertex 52 120.569 -5.1
      vertex 52 120.069 -5.1
      vertex 52 120.555 -5.32189
    endloop
  endfacet
  facet normal 1 0 0
    outer loop
      vertex 52 120.028 -4.78942
      vertex 52 120.511 -4.66001
      vertex 52 120.44 -4.44944
    endloop
  endfacet
  facet normal 1 -0 0
    outer loop
      vertex 52 120.059 -5.25663
      vertex 52 120.555 -5.32189
      vertex 52 120.069 -5.1
    endloop
  endfacet
  facet normal 1 0 0
    outer loop
      vertex 52 119.978 -4.64078
      vertex 52 120.44 -4.44944
      vertex 52 120.342 -4.25
    endloop
  endfacet
  facet normal 1 0 0
    outer loop
      vertex 52 120.555 -5.32189
      vertex 52 120.059 -5.25663
      vertex 52 120.511 -5.53999
    endloop
  endfacet
  facet normal 1 0 0
    outer loop
      vertex 52 119.909 -4.5
      vertex 52 120.342 -4.25
      vertex 52 120.218 -4.06511
    endloop
  endfacet
  facet normal 1 -0 0
    outer loop
      vertex 52 120.028 -5.41058
      vertex 52 120.511 -5.53999
      vertex 52 120.059 -5.25663
    endloop
  endfacet
  facet normal 1 0 0
    outer loop
      vertex 52 119.821 -4.36949
      vertex 52 120.218 -4.06511
      vertex 52 120.071 -3.89792
    endloop
  endfacet
  facet normal 1 0 0
    outer loop
      vertex 52 120.511 -5.53999
      vertex 52 120.028 -5.41058
      vertex 52 120.44 -5.75056
    endloop
  endfacet
  facet normal 1 -0 0
    outer loop
      vertex 52 119.978 -5.55922
      vertex 52 120.44 -5.75056
      vertex 52 120.028 -5.41058
    endloop
  endfacet
  facet normal 1 0 0
    outer loop
      vertex 52 120.555 -4.87811
      vertex 52 120.059 -4.94337
      vertex 52 120.069 -5.1
    endloop
  endfacet
  facet normal 1 0 0
    outer loop
      vertex 52 120.511 -4.66001
      vertex 52 120.028 -4.78942
      vertex 52 120.059 -4.94337
    endloop
  endfacet
  facet normal 1 0 0
    outer loop
      vertex 52 120.44 -4.44944
      vertex 52 119.978 -4.64078
      vertex 52 120.028 -4.78942
    endloop
  endfacet
  facet normal 1 0 0
    outer loop
      vertex 52 120.342 -4.25
      vertex 52 119.909 -4.5
      vertex 52 119.978 -4.64078
    endloop
  endfacet
  facet normal 1 0 0
    outer loop
      vertex 52 119.718 -4.25147
      vertex 52 120.071 -3.89792
      vertex 52 119.904 -3.7513
    endloop
  endfacet
  facet normal 1 0 0
    outer loop
      vertex 52 120.218 -4.06511
      vertex 52 119.821 -4.36949
      vertex 52 119.909 -4.5
    endloop
  endfacet
  facet normal 1 0 0
    outer loop
      vertex 52 119.6 -4.14798
      vertex 52 119.904 -3.7513
      vertex 52 119.719 -3.62776
    endloop
  endfacet
  facet normal 1 0 0
    outer loop
      vertex 52 120.071 -3.89792
      vertex 52 119.718 -4.25147
      vertex 52 119.821 -4.36949
    endloop
  endfacet
  facet normal 1 0 0
    outer loop
      vertex 52 119.904 -3.7513
      vertex 52 119.6 -4.14798
      vertex 52 119.718 -4.25147
    endloop
  endfacet
  facet normal 1 0 0
    outer loop
      vertex 52 119.469 -4.06077
      vertex 52 119.719 -3.62776
      vertex 52 119.52 -3.52941
    endloop
  endfacet
  facet normal 1 0 0
    outer loop
      vertex 52 119.719 -3.62776
      vertex 52 119.469 -4.06077
      vertex 52 119.6 -4.14798
    endloop
  endfacet
  facet normal 1 0 0
    outer loop
      vertex 52 119.52 -3.52941
      vertex 52 119.328 -3.99134
      vertex 52 119.469 -4.06077
    endloop
  endfacet
  facet normal 1 0 0
    outer loop
      vertex 52 119.309 -3.45793
      vertex 52 119.328 -3.99134
      vertex 52 119.52 -3.52941
    endloop
  endfacet
  facet normal 1 0 0
    outer loop
      vertex 52 119.309 -3.45793
      vertex 52 119.18 -3.94089
      vertex 52 119.328 -3.99134
    endloop
  endfacet
  facet normal 1 0 0
    outer loop
      vertex 52 119.091 -3.41454
      vertex 52 119.18 -3.94089
      vertex 52 119.309 -3.45793
    endloop
  endfacet
  facet normal 1 0 0
    outer loop
      vertex 52 119.091 -3.41454
      vertex 52 119.026 -3.91027
      vertex 52 119.18 -3.94089
    endloop
  endfacet
  facet normal 1 0 0
    outer loop
      vertex 52 118.869 -3.4
      vertex 52 119.026 -3.91027
      vertex 52 119.091 -3.41454
    endloop
  endfacet
  facet normal 1 0 0
    outer loop
      vertex 52 118.869 -3.4
      vertex 52 118.869 -3.9
      vertex 52 119.026 -3.91027
    endloop
  endfacet
  facet normal 1 -0 0
    outer loop
      vertex 52 111.269 -3.4
      vertex 52 118.869 -3.9
      vertex 52 118.869 -3.4
    endloop
  endfacet
  facet normal 1 0 0
    outer loop
      vertex 52 111.269 -3.4
      vertex 52 111.269 -3.9
      vertex 52 118.869 -3.9
    endloop
  endfacet
  facet normal 1 0 0
    outer loop
      vertex 52 111.269 -3.4
      vertex 52 111.113 -3.91027
      vertex 52 111.269 -3.9
    endloop
  endfacet
  facet normal 1 -0 0
    outer loop
      vertex 52 111.047 -3.41454
      vertex 52 111.113 -3.91027
      vertex 52 111.269 -3.4
    endloop
  endfacet
  facet normal 1 0 0
    outer loop
      vertex 52 111.047 -3.41454
      vertex 52 110.959 -3.94089
      vertex 52 111.113 -3.91027
    endloop
  endfacet
  facet normal 1 -0 0
    outer loop
      vertex 52 110.829 -3.45793
      vertex 52 110.959 -3.94089
      vertex 52 111.047 -3.41454
    endloop
  endfacet
  facet normal 1 0 0
    outer loop
      vertex 52 110.829 -3.45793
      vertex 52 110.81 -3.99134
      vertex 52 110.959 -3.94089
    endloop
  endfacet
  facet normal 1 -0 0
    outer loop
      vertex 52 110.619 -3.52941
      vertex 52 110.81 -3.99134
      vertex 52 110.829 -3.45793
    endloop
  endfacet
  facet normal 1 0 0
    outer loop
      vertex 52 110.81 -3.99134
      vertex 52 110.619 -3.52941
      vertex 52 110.669 -4.06077
    endloop
  endfacet
  facet normal 1 -0 0
    outer loop
      vertex 52 110.419 -3.62776
      vertex 52 110.669 -4.06077
      vertex 52 110.619 -3.52941
    endloop
  endfacet
  facet normal 1 0 0
    outer loop
      vertex 52 110.669 -4.06077
      vertex 52 110.419 -3.62776
      vertex 52 110.539 -4.14798
    endloop
  endfacet
  facet normal 1 -0 0
    outer loop
      vertex 52 110.234 -3.7513
      vertex 52 110.539 -4.14798
      vertex 52 110.419 -3.62776
    endloop
  endfacet
  facet normal 1 0 0
    outer loop
      vertex 52 110.539 -4.14798
      vertex 52 110.234 -3.7513
      vertex 52 110.421 -4.25147
    endloop
  endfacet
  facet normal 1 -0 0
    outer loop
      vertex 52 110.067 -3.89792
      vertex 52 110.421 -4.25147
      vertex 52 110.234 -3.7513
    endloop
  endfacet
  facet normal 1 0 0
    outer loop
      vertex 52 110.421 -4.25147
      vertex 52 110.067 -3.89792
      vertex 52 110.317 -4.36949
    endloop
  endfacet
  facet normal 1 -0 0
    outer loop
      vertex 52 109.921 -4.06511
      vertex 52 110.317 -4.36949
      vertex 52 110.067 -3.89792
    endloop
  endfacet
  facet normal 1 0 0
    outer loop
      vertex 52 110.317 -4.36949
      vertex 52 109.921 -4.06511
      vertex 52 110.23 -4.5
    endloop
  endfacet
  facet normal 1 -0 0
    outer loop
      vertex 52 109.797 -4.25
      vertex 52 110.23 -4.5
      vertex 52 109.921 -4.06511
    endloop
  endfacet
  facet normal 1 -0 0
    outer loop
      vertex 52 109.699 -4.44944
      vertex 52 110.161 -4.64078
      vertex 52 109.797 -4.25
    endloop
  endfacet
  facet normal 1 0 0
    outer loop
      vertex 52 110.23 -4.5
      vertex 52 109.797 -4.25
      vertex 52 110.161 -4.64078
    endloop
  endfacet
  facet normal 1 0 0
    outer loop
      vertex 52 120.44 -5.75056
      vertex 52 119.978 -5.55922
      vertex 52 120.342 -5.95
    endloop
  endfacet
  facet normal 1 -0 0
    outer loop
      vertex 52 119.909 -5.7
      vertex 52 120.342 -5.95
      vertex 52 119.978 -5.55922
    endloop
  endfacet
  facet normal 1 0 0
    outer loop
      vertex 52 120.342 -5.95
      vertex 52 119.909 -5.7
      vertex 52 120.218 -6.13489
    endloop
  endfacet
  facet normal 1 -0 0
    outer loop
      vertex 52 119.821 -5.83051
      vertex 52 120.218 -6.13489
      vertex 52 119.909 -5.7
    endloop
  endfacet
  facet normal 1 0 0
    outer loop
      vertex 52 120.218 -6.13489
      vertex 52 119.821 -5.83051
      vertex 52 120.071 -6.30208
    endloop
  endfacet
  facet normal 1 -0 0
    outer loop
      vertex 52 119.718 -5.94853
      vertex 52 120.071 -6.30208
      vertex 52 119.821 -5.83051
    endloop
  endfacet
  facet normal 1 0 0
    outer loop
      vertex 52 120.071 -6.30208
      vertex 52 119.718 -5.94853
      vertex 52 119.904 -6.4487
    endloop
  endfacet
  facet normal 1 -0 0
    outer loop
      vertex 52 119.6 -6.05202
      vertex 52 119.904 -6.4487
      vertex 52 119.718 -5.94853
    endloop
  endfacet
  facet normal 1 0 0
    outer loop
      vertex 52 119.904 -6.4487
      vertex 52 119.6 -6.05202
      vertex 52 119.719 -6.57224
    endloop
  endfacet
  facet normal 1 -0 0
    outer loop
      vertex 52 119.469 -6.13923
      vertex 52 119.719 -6.57224
      vertex 52 119.6 -6.05202
    endloop
  endfacet
  facet normal 1 0 0
    outer loop
      vertex 52 119.719 -6.57224
      vertex 52 119.469 -6.13923
      vertex 52 119.52 -6.67059
    endloop
  endfacet
  facet normal 1 -0 0
    outer loop
      vertex 52 119.328 -6.20865
      vertex 52 119.52 -6.67059
      vertex 52 119.469 -6.13923
    endloop
  endfacet
  facet normal 1 0 0
    outer loop
      vertex 52 119.328 -6.20865
      vertex 52 119.309 -6.74207
      vertex 52 119.52 -6.67059
    endloop
  endfacet
  facet normal 1 -0 0
    outer loop
      vertex 52 119.18 -6.25911
      vertex 52 119.309 -6.74207
      vertex 52 119.328 -6.20865
    endloop
  endfacet
  facet normal 1 0 0
    outer loop
      vertex 52 119.18 -6.25911
      vertex 52 119.091 -6.78546
      vertex 52 119.309 -6.74207
    endloop
  endfacet
  facet normal 1 -0 0
    outer loop
      vertex 52 119.026 -6.28973
      vertex 52 119.091 -6.78546
      vertex 52 119.18 -6.25911
    endloop
  endfacet
  facet normal 1 -0 0
    outer loop
      vertex 52 118.869 -6.3
      vertex 52 119.091 -6.78546
      vertex 52 119.026 -6.28973
    endloop
  endfacet
  facet normal 1 0 0
    outer loop
      vertex 52 118.869 -6.3
      vertex 52 118.869 -6.8
      vertex 52 119.091 -6.78546
    endloop
  endfacet
  facet normal 1 -0 0
    outer loop
      vertex 52 111.269 -6.3
      vertex 52 118.869 -6.8
      vertex 52 118.869 -6.3
    endloop
  endfacet
  facet normal 1 0 0
    outer loop
      vertex 52 111.269 -6.3
      vertex 52 111.269 -6.8
      vertex 52 118.869 -6.8
    endloop
  endfacet
  facet normal 1 0 0
    outer loop
      vertex 52 111.113 -6.28973
      vertex 52 111.269 -6.8
      vertex 52 111.269 -6.3
    endloop
  endfacet
  facet normal 1 0 0
    outer loop
      vertex 52 111.113 -6.28973
      vertex 52 111.047 -6.78546
      vertex 52 111.269 -6.8
    endloop
  endfacet
  facet normal 1 0 0
    outer loop
      vertex 52 110.959 -6.25911
      vertex 52 111.047 -6.78546
      vertex 52 111.113 -6.28973
    endloop
  endfacet
  facet normal 1 0 0
    outer loop
      vertex 52 110.959 -6.25911
      vertex 52 110.829 -6.74207
      vertex 52 111.047 -6.78546
    endloop
  endfacet
  facet normal 1 0 0
    outer loop
      vertex 52 110.81 -6.20865
      vertex 52 110.829 -6.74207
      vertex 52 110.959 -6.25911
    endloop
  endfacet
  facet normal 1 0 0
    outer loop
      vertex 52 110.619 -6.67059
      vertex 52 110.81 -6.20865
      vertex 52 110.669 -6.13923
    endloop
  endfacet
  facet normal 1 0 0
    outer loop
      vertex 52 110.81 -6.20865
      vertex 52 110.619 -6.67059
      vertex 52 110.829 -6.74207
    endloop
  endfacet
  facet normal 1 0 0
    outer loop
      vertex 52 110.419 -6.57224
      vertex 52 110.669 -6.13923
      vertex 52 110.539 -6.05202
    endloop
  endfacet
  facet normal 1 0 0
    outer loop
      vertex 52 110.234 -6.4487
      vertex 52 110.539 -6.05202
      vertex 52 110.421 -5.94853
    endloop
  endfacet
  facet normal 1 0 0
    outer loop
      vertex 52 110.669 -6.13923
      vertex 52 110.419 -6.57224
      vertex 52 110.619 -6.67059
    endloop
  endfacet
  facet normal 1 0 0
    outer loop
      vertex 52 110.067 -6.30208
      vertex 52 110.421 -5.94853
      vertex 52 110.317 -5.83051
    endloop
  endfacet
  facet normal 1 0 0
    outer loop
      vertex 52 110.539 -6.05202
      vertex 52 110.234 -6.4487
      vertex 52 110.419 -6.57224
    endloop
  endfacet
  facet normal 1 0 0
    outer loop
      vertex 52 109.921 -6.13489
      vertex 52 110.317 -5.83051
      vertex 52 110.23 -5.7
    endloop
  endfacet
  facet normal 1 0 0
    outer loop
      vertex 52 109.797 -5.95
      vertex 52 110.23 -5.7
      vertex 52 110.161 -5.55922
    endloop
  endfacet
  facet normal 1 0 0
    outer loop
      vertex 52 109.699 -5.75056
      vertex 52 110.161 -5.55922
      vertex 52 110.11 -5.41058
    endloop
  endfacet
  facet normal 1 0 0
    outer loop
      vertex 52 109.627 -5.53999
      vertex 52 110.11 -5.41058
      vertex 52 110.08 -5.25663
    endloop
  endfacet
  facet normal 1 0 0
    outer loop
      vertex 52 110.421 -5.94853
      vertex 52 110.067 -6.30208
      vertex 52 110.234 -6.4487
    endloop
  endfacet
  facet normal 1 0 0
    outer loop
      vertex 52 109.584 -5.32189
      vertex 52 110.08 -5.25663
      vertex 52 110.069 -5.1
    endloop
  endfacet
  facet normal 1 0 0
    outer loop
      vertex 52 110.161 -4.64078
      vertex 52 109.699 -4.44944
      vertex 52 110.11 -4.78942
    endloop
  endfacet
  facet normal 1 -0 0
    outer loop
      vertex 52 109.627 -4.66001
      vertex 52 110.11 -4.78942
      vertex 52 109.699 -4.44944
    endloop
  endfacet
  facet normal 1 0 0
    outer loop
      vertex 52 110.317 -5.83051
      vertex 52 109.921 -6.13489
      vertex 52 110.067 -6.30208
    endloop
  endfacet
  facet normal 1 0 0
    outer loop
      vertex 52 110.11 -4.78942
      vertex 52 109.627 -4.66001
      vertex 52 110.08 -4.94337
    endloop
  endfacet
  facet normal 1 0 0
    outer loop
      vertex 52 110.23 -5.7
      vertex 52 109.797 -5.95
      vertex 52 109.921 -6.13489
    endloop
  endfacet
  facet normal 1 -0 0
    outer loop
      vertex 52 109.584 -4.87811
      vertex 52 110.08 -4.94337
      vertex 52 109.627 -4.66001
    endloop
  endfacet
  facet normal 1 0 0
    outer loop
      vertex 52 110.161 -5.55922
      vertex 52 109.699 -5.75056
      vertex 52 109.797 -5.95
    endloop
  endfacet
  facet normal 1 0 0
    outer loop
      vertex 52 110.08 -4.94337
      vertex 52 109.584 -4.87811
      vertex 52 110.069 -5.1
    endloop
  endfacet
  facet normal 1 0 0
    outer loop
      vertex 52 110.11 -5.41058
      vertex 52 109.627 -5.53999
      vertex 52 109.699 -5.75056
    endloop
  endfacet
  facet normal 1 0 0
    outer loop
      vertex 52 109.569 -5.1
      vertex 52 110.069 -5.1
      vertex 52 109.584 -4.87811
    endloop
  endfacet
  facet normal 1 0 0
    outer loop
      vertex 52 110.08 -5.25663
      vertex 52 109.584 -5.32189
      vertex 52 109.627 -5.53999
    endloop
  endfacet
  facet normal 1 0 0
    outer loop
      vertex 52 110.069 -5.1
      vertex 52 109.569 -5.1
      vertex 52 109.584 -5.32189
    endloop
  endfacet
  facet normal 0.7062 -0.138072 0.694418
    outer loop
      vertex 53.3 111.113 -3.91027
      vertex 53.3 110.959 -3.94089
      vertex 53.6 111.036 -4.23067
    endloop
  endfacet
  facet normal 0.706342 -0.0465008 0.706342
    outer loop
      vertex 53.3 111.269 -3.9
      vertex 53.3 111.113 -3.91027
      vertex 53.6 111.269 -4.2
    endloop
  endfacet
  facet normal 0.706074 -0.228493 0.670261
    outer loop
      vertex 53.6 111.036 -4.23067
      vertex 53.3 110.959 -3.94089
      vertex 53.6 110.925 -4.26851
    endloop
  endfacet
  facet normal 0.706197 0.670146 0.228452
    outer loop
      vertex 53.6 119.739 -4.86706
      vertex 53.3 119.978 -4.64078
      vertex 53.6 119.701 -4.75559
    endloop
  endfacet
  facet normal 0.70619 -0.635176 0.312806
    outer loop
      vertex 53.6 110.49 -4.65
      vertex 53.3 110.161 -4.64078
      vertex 53.6 110.438 -4.75559
    endloop
  endfacet
  facet normal 0.706197 -0.670146 0.228452
    outer loop
      vertex 53.6 110.438 -4.75559
      vertex 53.3 110.161 -4.64078
      vertex 53.6 110.4 -4.86706
    endloop
  endfacet
  facet normal 0.706495 0.635492 0.311471
    outer loop
      vertex 53.3 119.978 -4.64078
      vertex 53.3 119.909 -4.5
      vertex 53.6 119.649 -4.65
    endloop
  endfacet
  facet normal 0.706495 -0.635492 0.311471
    outer loop
      vertex 53.3 110.23 -4.5
      vertex 53.3 110.161 -4.64078
      vertex 53.6 110.49 -4.65
    endloop
  endfacet
  facet normal 0.70628 -0.531124 0.468056
    outer loop
      vertex 53.6 110.633 -4.4636
      vertex 53.3 110.317 -4.36949
      vertex 53.6 110.555 -4.55211
    endloop
  endfacet
  facet normal 0.706326 0.0460946 0.706385
    outer loop
      vertex 53.6 118.987 -4.2077
      vertex 53.3 119.026 -3.91027
      vertex 53.6 118.869 -4.2
    endloop
  endfacet
  facet normal 0.706269 -0.589767 0.391611
    outer loop
      vertex 53.6 110.555 -4.55211
      vertex 53.3 110.317 -4.36949
      vertex 53.6 110.49 -4.65
    endloop
  endfacet
  facet normal 0.706352 0.0462053 0.706352
    outer loop
      vertex 53.3 119.026 -3.91027
      vertex 53.3 118.869 -3.9
      vertex 53.6 118.869 -4.2
    endloop
  endfacet
  facet normal 0.7062 -0.138072 -0.694418
    outer loop
      vertex 53.6 111.036 -5.96933
      vertex 53.3 110.959 -6.25911
      vertex 53.3 111.113 -6.28973
    endloop
  endfacet
  facet normal 0.706431 0.586855 0.395673
    outer loop
      vertex 53.6 119.649 -4.65
      vertex 53.3 119.821 -4.36949
      vertex 53.6 119.583 -4.55211
    endloop
  endfacet
  facet normal 0.706289 0.138661 0.694211
    outer loop
      vertex 53.6 119.102 -4.23067
      vertex 53.3 119.026 -3.91027
      vertex 53.6 118.987 -4.2077
    endloop
  endfacet
  facet normal 0.706338 -0.046486 0.706346
    outer loop
      vertex 53.6 111.269 -4.2
      vertex 53.3 111.113 -3.91027
      vertex 53.6 111.152 -4.2077
    endloop
  endfacet
  facet normal 0.706328 -0.137503 0.694401
    outer loop
      vertex 53.6 111.152 -4.2077
      vertex 53.3 111.113 -3.91027
      vertex 53.6 111.036 -4.23067
    endloop
  endfacet
  facet normal 0.706197 0.670146 -0.228452
    outer loop
      vertex 53.6 119.701 -5.44441
      vertex 53.3 119.978 -5.55922
      vertex 53.6 119.739 -5.33294
    endloop
  endfacet
  facet normal 0.706471 -0.312652 0.63494
    outer loop
      vertex 53.3 110.81 -3.99134
      vertex 53.3 110.669 -4.06077
      vertex 53.6 110.925 -4.26851
    endloop
  endfacet
  facet normal 0.706518 0.226521 0.670463
    outer loop
      vertex 53.6 119.214 -4.26851
      vertex 53.3 119.18 -3.94089
      vertex 53.6 119.102 -4.23067
    endloop
  endfacet
  facet normal 0.706364 -0.392921 -0.588781
    outer loop
      vertex 53.6 110.721 -5.81402
      vertex 53.3 110.669 -6.13923
      vertex 53.6 110.819 -5.87942
    endloop
  endfacet
  facet normal 0.706315 -0.312114 0.635377
    outer loop
      vertex 53.6 110.925 -4.26851
      vertex 53.3 110.669 -4.06077
      vertex 53.6 110.819 -4.32058
    endloop
  endfacet
  facet normal 0.706512 -0.694635 -0.135362
    outer loop
      vertex 53.6 110.4 -5.33294
      vertex 53.3 110.08 -5.25663
      vertex 53.3 110.11 -5.41058
    endloop
  endfacet
  facet normal 0.706352 0.0462053 -0.706352
    outer loop
      vertex 53.6 118.869 -6
      vertex 53.3 118.869 -6.3
      vertex 53.3 119.026 -6.28973
    endloop
  endfacet
  facet normal 0.705536 0.67169 0.225945
    outer loop
      vertex 53.3 120.028 -4.78942
      vertex 53.3 119.978 -4.64078
      vertex 53.6 119.739 -4.86706
    endloop
  endfacet
  facet normal 0.707107 -0 0.707107
    outer loop
      vertex 53.3 111.269 -3.9
      vertex 53.6 118.869 -4.2
      vertex 53.3 118.869 -3.9
    endloop
  endfacet
  facet normal 0.707107 0 0.707107
    outer loop
      vertex 53.6 118.869 -4.2
      vertex 53.3 111.269 -3.9
      vertex 53.6 111.269 -4.2
    endloop
  endfacet
  facet normal 0.70584 -0.694724 -0.138379
    outer loop
      vertex 53.6 110.377 -5.21747
      vertex 53.3 110.08 -5.25663
      vertex 53.6 110.4 -5.33294
    endloop
  endfacet
  facet normal 0.706326 0.0460946 -0.706385
    outer loop
      vertex 53.6 118.869 -6
      vertex 53.3 119.026 -6.28973
      vertex 53.6 118.987 -5.9923
    endloop
  endfacet
  facet normal 0.706237 -0.706237 0.0495984
    outer loop
      vertex 53.3 110.08 -4.94337
      vertex 53.3 110.069 -5.1
      vertex 53.6 110.369 -5.1
    endloop
  endfacet
  facet normal 0.706411 -0.226996 0.670415
    outer loop
      vertex 53.3 110.959 -3.94089
      vertex 53.3 110.81 -3.99134
      vertex 53.6 110.925 -4.26851
    endloop
  endfacet
  facet normal 0.70619 -0.635176 -0.312806
    outer loop
      vertex 53.6 110.438 -5.44441
      vertex 53.3 110.161 -5.55922
      vertex 53.6 110.49 -5.55
    endloop
  endfacet
  facet normal 0.706402 -0.22704 -0.67041
    outer loop
      vertex 53.6 110.925 -5.93149
      vertex 53.3 110.81 -6.20865
      vertex 53.3 110.959 -6.25911
    endloop
  endfacet
  facet normal 0.705939 0.31285 -0.635433
    outer loop
      vertex 53.6 119.214 -5.93149
      vertex 53.3 119.328 -6.20865
      vertex 53.3 119.469 -6.13923
    endloop
  endfacet
  facet normal 0.706402 0.314464 0.634121
    outer loop
      vertex 53.6 119.319 -4.32058
      vertex 53.3 119.469 -4.06077
      vertex 53.6 119.214 -4.26851
    endloop
  endfacet
  facet normal 0.70584 0.694724 -0.138379
    outer loop
      vertex 53.6 119.739 -5.33294
      vertex 53.3 120.059 -5.25663
      vertex 53.6 119.762 -5.21747
    endloop
  endfacet
  facet normal 0.706289 0.138661 -0.694211
    outer loop
      vertex 53.6 118.987 -5.9923
      vertex 53.3 119.026 -6.28973
      vertex 53.6 119.102 -5.96933
    endloop
  endfacet
  facet normal 0.706426 0.533996 0.464554
    outer loop
      vertex 53.6 119.583 -4.55211
      vertex 53.3 119.821 -4.36949
      vertex 53.6 119.506 -4.4636
    endloop
  endfacet
  facet normal 0.706068 0.228522 -0.670258
    outer loop
      vertex 53.6 119.214 -5.93149
      vertex 53.3 119.18 -6.25911
      vertex 53.3 119.328 -6.20865
    endloop
  endfacet
  facet normal 0.706074 -0.228493 -0.670261
    outer loop
      vertex 53.6 110.925 -5.93149
      vertex 53.3 110.959 -6.25911
      vertex 53.6 111.036 -5.96933
    endloop
  endfacet
  facet normal 0.706563 -0.588815 0.392513
    outer loop
      vertex 53.3 110.317 -4.36949
      vertex 53.3 110.23 -4.5
      vertex 53.6 110.49 -4.65
    endloop
  endfacet
  facet normal 0.707107 0 -0.707107
    outer loop
      vertex 53.6 111.269 -6
      vertex 53.3 118.869 -6.3
      vertex 53.6 118.869 -6
    endloop
  endfacet
  facet normal 0.707107 0 -0.707107
    outer loop
      vertex 53.3 118.869 -6.3
      vertex 53.6 111.269 -6
      vertex 53.3 111.269 -6.3
    endloop
  endfacet
  facet normal 0.70619 0.635176 -0.312806
    outer loop
      vertex 53.6 119.649 -5.55
      vertex 53.3 119.978 -5.55922
      vertex 53.6 119.701 -5.44441
    endloop
  endfacet
  facet normal 0.706364 0.392921 -0.588781
    outer loop
      vertex 53.6 119.319 -5.87942
      vertex 53.3 119.469 -6.13923
      vertex 53.6 119.417 -5.81402
    endloop
  endfacet
  facet normal 0.706632 0.466558 0.531973
    outer loop
      vertex 53.3 119.718 -4.25147
      vertex 53.3 119.6 -4.14798
      vertex 53.6 119.417 -4.38598
    endloop
  endfacet
  facet normal 0.706495 -0.635492 -0.311471
    outer loop
      vertex 53.6 110.49 -5.55
      vertex 53.3 110.161 -5.55922
      vertex 53.3 110.23 -5.7
    endloop
  endfacet
  facet normal 0.706276 -0.589742 -0.391635
    outer loop
      vertex 53.6 110.49 -5.55
      vertex 53.3 110.317 -5.83051
      vertex 53.6 110.555 -5.64788
    endloop
  endfacet
  facet normal 0.706328 -0.137503 -0.694401
    outer loop
      vertex 53.6 111.036 -5.96933
      vertex 53.3 111.113 -6.28973
      vertex 53.6 111.152 -5.9923
    endloop
  endfacet
  facet normal 0.706289 -0.531143 -0.46802
    outer loop
      vertex 53.6 110.555 -5.64788
      vertex 53.3 110.317 -5.83051
      vertex 53.6 110.633 -5.7364
    endloop
  endfacet
  facet normal 0.706517 -0.66939 0.229675
    outer loop
      vertex 53.3 110.161 -4.64078
      vertex 53.3 110.11 -4.78942
      vertex 53.6 110.4 -4.86706
    endloop
  endfacet
  facet normal 0.706284 -0.531133 0.468038
    outer loop
      vertex 53.3 110.421 -4.25147
      vertex 53.3 110.317 -4.36949
      vertex 53.6 110.633 -4.4636
    endloop
  endfacet
  facet normal 0.706518 0.226521 -0.670463
    outer loop
      vertex 53.6 119.102 -5.96933
      vertex 53.3 119.18 -6.25911
      vertex 53.6 119.214 -5.93149
    endloop
  endfacet
  facet normal 0.706179 0.465377 -0.533606
    outer loop
      vertex 53.6 119.417 -5.81402
      vertex 53.3 119.718 -5.94853
      vertex 53.6 119.506 -5.7364
    endloop
  endfacet
  facet normal 0.706364 -0.392921 0.588781
    outer loop
      vertex 53.6 110.819 -4.32058
      vertex 53.3 110.669 -4.06077
      vertex 53.6 110.721 -4.38598
    endloop
  endfacet
  facet normal 0.706563 -0.588815 -0.392513
    outer loop
      vertex 53.6 110.49 -5.55
      vertex 53.3 110.23 -5.7
      vertex 53.3 110.317 -5.83051
    endloop
  endfacet
  facet normal 0.706308 -0.468273 -0.530894
    outer loop
      vertex 53.6 110.633 -5.7364
      vertex 53.3 110.421 -5.94853
      vertex 53.6 110.721 -5.81402
    endloop
  endfacet
  facet normal 0.706308 -0.468273 0.530894
    outer loop
      vertex 53.6 110.721 -4.38598
      vertex 53.3 110.421 -4.25147
      vertex 53.6 110.633 -4.4636
    endloop
  endfacet
  facet normal 0.706512 -0.694635 0.135362
    outer loop
      vertex 53.3 110.11 -4.78942
      vertex 53.3 110.08 -4.94337
      vertex 53.6 110.4 -4.86706
    endloop
  endfacet
  facet normal 0.706338 -0.046486 -0.706346
    outer loop
      vertex 53.6 111.152 -5.9923
      vertex 53.3 111.113 -6.28973
      vertex 53.6 111.269 -6
    endloop
  endfacet
  facet normal 0.706342 -0.0465008 -0.706342
    outer loop
      vertex 53.6 111.269 -6
      vertex 53.3 111.113 -6.28973
      vertex 53.3 111.269 -6.3
    endloop
  endfacet
  facet normal 0.706197 -0.670146 -0.228452
    outer loop
      vertex 53.6 110.4 -5.33294
      vertex 53.3 110.161 -5.55922
      vertex 53.6 110.438 -5.44441
    endloop
  endfacet
  facet normal 0.706364 0.392921 0.588781
    outer loop
      vertex 53.6 119.417 -4.38598
      vertex 53.3 119.469 -4.06077
      vertex 53.6 119.319 -4.32058
    endloop
  endfacet
  facet normal 0.706517 -0.66939 -0.229675
    outer loop
      vertex 53.6 110.4 -5.33294
      vertex 53.3 110.11 -5.41058
      vertex 53.3 110.161 -5.55922
    endloop
  endfacet
  facet normal 0.706179 0.465377 0.533606
    outer loop
      vertex 53.6 119.506 -4.4636
      vertex 53.3 119.718 -4.25147
      vertex 53.6 119.417 -4.38598
    endloop
  endfacet
  facet normal 0.706284 -0.531133 -0.468038
    outer loop
      vertex 53.6 110.633 -5.7364
      vertex 53.3 110.317 -5.83051
      vertex 53.3 110.421 -5.94853
    endloop
  endfacet
  facet normal 0.706495 0.635492 -0.311471
    outer loop
      vertex 53.6 119.649 -5.55
      vertex 53.3 119.909 -5.7
      vertex 53.3 119.978 -5.55922
    endloop
  endfacet
  facet normal 0.705895 -0.70668 -0.0481266
    outer loop
      vertex 53.6 110.369 -5.1
      vertex 53.3 110.08 -5.25663
      vertex 53.6 110.377 -5.21747
    endloop
  endfacet
  facet normal 0.706237 -0.706237 -0.0495984
    outer loop
      vertex 53.6 110.369 -5.1
      vertex 53.3 110.069 -5.1
      vertex 53.3 110.08 -5.25663
    endloop
  endfacet
  facet normal 0.705895 -0.70668 0.0481266
    outer loop
      vertex 53.6 110.377 -4.98253
      vertex 53.3 110.08 -4.94337
      vertex 53.6 110.369 -5.1
    endloop
  endfacet
  facet normal 0.705852 -0.467071 0.532558
    outer loop
      vertex 53.3 110.539 -4.14798
      vertex 53.3 110.421 -4.25147
      vertex 53.6 110.721 -4.38598
    endloop
  endfacet
  facet normal 0.705971 -0.394562 0.588155
    outer loop
      vertex 53.3 110.669 -4.06077
      vertex 53.3 110.539 -4.14798
      vertex 53.6 110.721 -4.38598
    endloop
  endfacet
  facet normal 0.705692 0.707264 0.0421456
    outer loop
      vertex 53.6 119.769 -5.1
      vertex 53.3 120.059 -4.94337
      vertex 53.6 119.762 -4.98253
    endloop
  endfacet
  facet normal 0.706436 0.586836 0.395691
    outer loop
      vertex 53.3 119.909 -4.5
      vertex 53.3 119.821 -4.36949
      vertex 53.6 119.649 -4.65
    endloop
  endfacet
  facet normal 0.706546 0.392159 0.58907
    outer loop
      vertex 53.3 119.6 -4.14798
      vertex 53.3 119.469 -4.06077
      vertex 53.6 119.417 -4.38598
    endloop
  endfacet
  facet normal 0.706461 -0.312619 -0.634966
    outer loop
      vertex 53.6 110.925 -5.93149
      vertex 53.3 110.669 -6.13923
      vertex 53.3 110.81 -6.20865
    endloop
  endfacet
  facet normal 0.706632 0.466558 -0.531973
    outer loop
      vertex 53.6 119.417 -5.81402
      vertex 53.3 119.6 -6.05202
      vertex 53.3 119.718 -5.94853
    endloop
  endfacet
  facet normal 0.706315 -0.312114 -0.635377
    outer loop
      vertex 53.6 110.819 -5.87942
      vertex 53.3 110.669 -6.13923
      vertex 53.6 110.925 -5.93149
    endloop
  endfacet
  facet normal 0.70584 -0.694724 0.138379
    outer loop
      vertex 53.6 110.4 -4.86706
      vertex 53.3 110.08 -4.94337
      vertex 53.6 110.377 -4.98253
    endloop
  endfacet
  facet normal 0.705852 -0.467071 -0.532558
    outer loop
      vertex 53.6 110.721 -5.81402
      vertex 53.3 110.421 -5.94853
      vertex 53.3 110.539 -6.05202
    endloop
  endfacet
  facet normal 0.706431 0.138027 0.694193
    outer loop
      vertex 53.3 119.18 -3.94089
      vertex 53.3 119.026 -3.91027
      vertex 53.6 119.102 -4.23067
    endloop
  endfacet
  facet normal 0.70619 0.635176 0.312806
    outer loop
      vertex 53.6 119.701 -4.75559
      vertex 53.3 119.978 -4.64078
      vertex 53.6 119.649 -4.65
    endloop
  endfacet
  facet normal 0.706173 0.533453 0.465562
    outer loop
      vertex 53.3 119.821 -4.36949
      vertex 53.3 119.718 -4.25147
      vertex 53.6 119.506 -4.4636
    endloop
  endfacet
  facet normal 0.705498 0.694766 -0.139901
    outer loop
      vertex 53.6 119.739 -5.33294
      vertex 53.3 120.028 -5.41058
      vertex 53.3 120.059 -5.25663
    endloop
  endfacet
  facet normal 0.705536 0.67169 -0.225945
    outer loop
      vertex 53.6 119.739 -5.33294
      vertex 53.3 119.978 -5.55922
      vertex 53.3 120.028 -5.41058
    endloop
  endfacet
  facet normal 0.706435 0.534015 -0.464518
    outer loop
      vertex 53.6 119.506 -5.7364
      vertex 53.3 119.821 -5.83051
      vertex 53.6 119.583 -5.64788
    endloop
  endfacet
  facet normal 0.706438 0.58683 -0.395696
    outer loop
      vertex 53.6 119.583 -5.64788
      vertex 53.3 119.821 -5.83051
      vertex 53.6 119.649 -5.55
    endloop
  endfacet
  facet normal 0.706402 0.314464 -0.634121
    outer loop
      vertex 53.6 119.214 -5.93149
      vertex 53.3 119.469 -6.13923
      vertex 53.6 119.319 -5.87942
    endloop
  endfacet
  facet normal 0.705498 0.694766 0.139901
    outer loop
      vertex 53.3 120.059 -4.94337
      vertex 53.3 120.028 -4.78942
      vertex 53.6 119.739 -4.86706
    endloop
  endfacet
  facet normal 0.70584 0.694724 0.138379
    outer loop
      vertex 53.6 119.762 -4.98253
      vertex 53.3 120.059 -4.94337
      vertex 53.6 119.739 -4.86706
    endloop
  endfacet
  facet normal 0.706173 0.533453 -0.465562
    outer loop
      vertex 53.6 119.506 -5.7364
      vertex 53.3 119.718 -5.94853
      vertex 53.3 119.821 -5.83051
    endloop
  endfacet
  facet normal 0.706431 0.138027 -0.694193
    outer loop
      vertex 53.6 119.102 -5.96933
      vertex 53.3 119.026 -6.28973
      vertex 53.3 119.18 -6.25911
    endloop
  endfacet
  facet normal 1 0 0
    outer loop
      vertex 53.6 119.762 -4.98253
      vertex 53.6 119.762 -5.21747
      vertex 53.6 119.769 -5.1
    endloop
  endfacet
  facet normal 1 0 0
    outer loop
      vertex 53.6 119.739 -4.86706
      vertex 53.6 119.762 -5.21747
      vertex 53.6 119.762 -4.98253
    endloop
  endfacet
  facet normal 1 0 0
    outer loop
      vertex 53.6 119.739 -4.86706
      vertex 53.6 119.739 -5.33294
      vertex 53.6 119.762 -5.21747
    endloop
  endfacet
  facet normal 1 0 0
    outer loop
      vertex 53.6 119.701 -4.75559
      vertex 53.6 119.739 -5.33294
      vertex 53.6 119.739 -4.86706
    endloop
  endfacet
  facet normal 1 0 0
    outer loop
      vertex 53.6 119.701 -4.75559
      vertex 53.6 119.701 -5.44441
      vertex 53.6 119.739 -5.33294
    endloop
  endfacet
  facet normal 1 0 0
    outer loop
      vertex 53.6 119.649 -4.65
      vertex 53.6 119.701 -5.44441
      vertex 53.6 119.701 -4.75559
    endloop
  endfacet
  facet normal 1 0 0
    outer loop
      vertex 53.6 119.649 -4.65
      vertex 53.6 119.649 -5.55
      vertex 53.6 119.701 -5.44441
    endloop
  endfacet
  facet normal 1 0 0
    outer loop
      vertex 53.6 119.583 -4.55211
      vertex 53.6 119.649 -5.55
      vertex 53.6 119.649 -4.65
    endloop
  endfacet
  facet normal 1 0 0
    outer loop
      vertex 53.6 119.583 -4.55211
      vertex 53.6 119.583 -5.64788
      vertex 53.6 119.649 -5.55
    endloop
  endfacet
  facet normal 1 0 0
    outer loop
      vertex 53.6 119.506 -4.4636
      vertex 53.6 119.583 -5.64788
      vertex 53.6 119.583 -4.55211
    endloop
  endfacet
  facet normal 1 0 0
    outer loop
      vertex 53.6 119.506 -4.4636
      vertex 53.6 119.506 -5.7364
      vertex 53.6 119.583 -5.64788
    endloop
  endfacet
  facet normal 1 0 0
    outer loop
      vertex 53.6 119.417 -4.38598
      vertex 53.6 119.506 -5.7364
      vertex 53.6 119.506 -4.4636
    endloop
  endfacet
  facet normal 1 0 0
    outer loop
      vertex 53.6 119.417 -4.38598
      vertex 53.6 119.417 -5.81402
      vertex 53.6 119.506 -5.7364
    endloop
  endfacet
  facet normal 1 0 0
    outer loop
      vertex 53.6 119.319 -4.32058
      vertex 53.6 119.417 -5.81402
      vertex 53.6 119.417 -4.38598
    endloop
  endfacet
  facet normal 1 0 0
    outer loop
      vertex 53.6 119.319 -4.32058
      vertex 53.6 119.319 -5.87942
      vertex 53.6 119.417 -5.81402
    endloop
  endfacet
  facet normal 1 0 0
    outer loop
      vertex 53.6 119.214 -4.26851
      vertex 53.6 119.319 -5.87942
      vertex 53.6 119.319 -4.32058
    endloop
  endfacet
  facet normal 1 0 0
    outer loop
      vertex 53.6 119.214 -4.26851
      vertex 53.6 119.214 -5.93149
      vertex 53.6 119.319 -5.87942
    endloop
  endfacet
  facet normal 1 0 0
    outer loop
      vertex 53.6 119.102 -4.23067
      vertex 53.6 119.214 -5.93149
      vertex 53.6 119.214 -4.26851
    endloop
  endfacet
  facet normal 1 0 0
    outer loop
      vertex 53.6 119.102 -4.23067
      vertex 53.6 119.102 -5.96933
      vertex 53.6 119.214 -5.93149
    endloop
  endfacet
  facet normal 1 0 0
    outer loop
      vertex 53.6 118.987 -4.2077
      vertex 53.6 119.102 -5.96933
      vertex 53.6 119.102 -4.23067
    endloop
  endfacet
  facet normal 1 0 0
    outer loop
      vertex 53.6 118.987 -4.2077
      vertex 53.6 118.987 -5.9923
      vertex 53.6 119.102 -5.96933
    endloop
  endfacet
  facet normal 1 0 0
    outer loop
      vertex 53.6 118.869 -4.2
      vertex 53.6 118.987 -5.9923
      vertex 53.6 118.987 -4.2077
    endloop
  endfacet
  facet normal 1 0 0
    outer loop
      vertex 53.6 118.869 -4.2
      vertex 53.6 118.869 -6
      vertex 53.6 118.987 -5.9923
    endloop
  endfacet
  facet normal 1 0 0
    outer loop
      vertex 53.6 118.869 -4.2
      vertex 53.6 115.557 -5.0673
      vertex 53.6 118.869 -6
    endloop
  endfacet
  facet normal 1 0 0
    outer loop
      vertex 53.6 118.869 -4.2
      vertex 53.6 115.553 -5.03829
      vertex 53.6 115.557 -5.0673
    endloop
  endfacet
  facet normal 1 0 0
    outer loop
      vertex 53.6 118.869 -4.2
      vertex 53.6 115.548 -5.00246
      vertex 53.6 115.553 -5.03829
    endloop
  endfacet
  facet normal 1 0 0
    outer loop
      vertex 53.6 118.869 -4.2
      vertex 53.6 115.541 -4.97634
      vertex 53.6 115.548 -5.00246
    endloop
  endfacet
  facet normal 1 0 0
    outer loop
      vertex 53.6 118.869 -4.2
      vertex 53.6 115.531 -4.93928
      vertex 53.6 115.541 -4.97634
    endloop
  endfacet
  facet normal 1 0 0
    outer loop
      vertex 53.6 118.869 -4.2
      vertex 53.6 115.513 -4.89675
      vertex 53.6 115.531 -4.93928
    endloop
  endfacet
  facet normal 1 0 0
    outer loop
      vertex 53.6 118.869 -4.2
      vertex 53.6 115.506 -4.87886
      vertex 53.6 115.513 -4.89675
    endloop
  endfacet
  facet normal 1 0 0
    outer loop
      vertex 53.6 118.869 -4.2
      vertex 53.6 115.497 -4.86413
      vertex 53.6 115.506 -4.87886
    endloop
  endfacet
  facet normal 1 0 0
    outer loop
      vertex 53.6 118.869 -4.2
      vertex 53.6 115.472 -4.82222
      vertex 53.6 115.497 -4.86413
    endloop
  endfacet
  facet normal 1 0 0
    outer loop
      vertex 53.6 118.869 -4.2
      vertex 53.6 115.442 -4.78394
      vertex 53.6 115.472 -4.82222
    endloop
  endfacet
  facet normal 1 0 0
    outer loop
      vertex 53.6 118.869 -4.2
      vertex 53.6 115.433 -4.7726
      vertex 53.6 115.442 -4.78394
    endloop
  endfacet
  facet normal 1 0 0
    outer loop
      vertex 53.6 118.869 -4.2
      vertex 53.6 115.431 -4.77033
      vertex 53.6 115.433 -4.7726
    endloop
  endfacet
  facet normal 1 0 0
    outer loop
      vertex 53.6 118.869 -4.2
      vertex 53.6 115.427 -4.766
      vertex 53.6 115.431 -4.77033
    endloop
  endfacet
  facet normal 1 0 0
    outer loop
      vertex 53.6 118.869 -4.2
      vertex 53.6 115.383 -4.72408
      vertex 53.6 115.427 -4.766
    endloop
  endfacet
  facet normal 1 0 0
    outer loop
      vertex 53.6 118.869 -4.2
      vertex 53.6 115.344 -4.69623
      vertex 53.6 115.383 -4.72408
    endloop
  endfacet
  facet normal 1 0 0
    outer loop
      vertex 53.6 118.869 -4.2
      vertex 53.6 115.328 -4.68427
      vertex 53.6 115.344 -4.69623
    endloop
  endfacet
  facet normal 1 0 0
    outer loop
      vertex 53.6 118.869 -4.2
      vertex 53.6 115.32 -4.68006
      vertex 53.6 115.328 -4.68427
    endloop
  endfacet
  facet normal 1 0 0
    outer loop
      vertex 53.6 118.869 -4.2
      vertex 53.6 115.311 -4.67475
      vertex 53.6 115.32 -4.68006
    endloop
  endfacet
  facet normal 1 0 0
    outer loop
      vertex 53.6 118.869 -4.2
      vertex 53.6 115.284 -4.66083
      vertex 53.6 115.311 -4.67475
    endloop
  endfacet
  facet normal 1 0 0
    outer loop
      vertex 53.6 118.869 -4.2
      vertex 53.6 115.266 -4.65156
      vertex 53.6 115.284 -4.66083
    endloop
  endfacet
  facet normal 1 0 0
    outer loop
      vertex 53.6 118.869 -4.2
      vertex 53.6 115.252 -4.64617
      vertex 53.6 115.266 -4.65156
    endloop
  endfacet
  facet normal 1 0 0
    outer loop
      vertex 53.6 118.869 -4.2
      vertex 53.6 115.242 -4.6428
      vertex 53.6 115.252 -4.64617
    endloop
  endfacet
  facet normal 1 0 0
    outer loop
      vertex 53.6 118.869 -4.2
      vertex 53.6 115.208 -4.63078
      vertex 53.6 115.242 -4.6428
    endloop
  endfacet
  facet normal 1 0 0
    outer loop
      vertex 53.6 118.869 -4.2
      vertex 53.6 115.2 -4.628
      vertex 53.6 115.208 -4.63078
    endloop
  endfacet
  facet normal 1 0 0
    outer loop
      vertex 53.6 118.869 -4.2
      vertex 53.6 115.198 -4.62746
      vertex 53.6 115.2 -4.628
    endloop
  endfacet
  facet normal 1 0 0
    outer loop
      vertex 53.6 118.869 -4.2
      vertex 53.6 115.195 -4.62653
      vertex 53.6 115.198 -4.62746
    endloop
  endfacet
  facet normal 1 0 0
    outer loop
      vertex 53.6 118.869 -4.2
      vertex 53.6 115.169 -4.62136
      vertex 53.6 115.195 -4.62653
    endloop
  endfacet
  facet normal 1 0 0
    outer loop
      vertex 53.6 118.869 -4.2
      vertex 53.6 115.162 -4.62016
      vertex 53.6 115.169 -4.62136
    endloop
  endfacet
  facet normal 1 0 0
    outer loop
      vertex 53.6 118.869 -4.2
      vertex 53.6 115.146 -4.61724
      vertex 53.6 115.162 -4.62016
    endloop
  endfacet
  facet normal 1 0 0
    outer loop
      vertex 53.6 118.869 -4.2
      vertex 53.6 115.136 -4.6158
      vertex 53.6 115.146 -4.61724
    endloop
  endfacet
  facet normal 1 0 0
    outer loop
      vertex 53.6 118.869 -4.2
      vertex 53.6 115.127 -4.61441
      vertex 53.6 115.136 -4.6158
    endloop
  endfacet
  facet normal 1 0 0
    outer loop
      vertex 53.6 118.869 -4.2
      vertex 53.6 115.115 -4.61302
      vertex 53.6 115.127 -4.61441
    endloop
  endfacet
  facet normal 1 0 0
    outer loop
      vertex 53.6 118.869 -4.2
      vertex 53.6 115.111 -4.61247
      vertex 53.6 115.115 -4.61302
    endloop
  endfacet
  facet normal 1 0 0
    outer loop
      vertex 53.6 118.869 -4.2
      vertex 53.6 115.107 -4.61218
      vertex 53.6 115.111 -4.61247
    endloop
  endfacet
  facet normal 1 0 0
    outer loop
      vertex 53.6 118.869 -4.2
      vertex 53.6 115.096 -4.61121
      vertex 53.6 115.107 -4.61218
    endloop
  endfacet
  facet normal 1 0 0
    outer loop
      vertex 53.6 118.869 -4.2
      vertex 53.6 115.084 -4.61056
      vertex 53.6 115.096 -4.61121
    endloop
  endfacet
  facet normal 1 0 0
    outer loop
      vertex 53.6 118.869 -4.2
      vertex 53.6 115.082 -4.6105
      vertex 53.6 115.084 -4.61056
    endloop
  endfacet
  facet normal 1 0 0
    outer loop
      vertex 53.6 118.869 -4.2
      vertex 53.6 115.081 -4.61048
      vertex 53.6 115.082 -4.6105
    endloop
  endfacet
  facet normal 1 0 0
    outer loop
      vertex 53.6 118.869 -4.2
      vertex 53.6 115.069 -4.61027
      vertex 53.6 115.081 -4.61048
    endloop
  endfacet
  facet normal 1 -0 0
    outer loop
      vertex 53.6 111.269 -4.2
      vertex 53.6 115.069 -4.61027
      vertex 53.6 118.869 -4.2
    endloop
  endfacet
  facet normal 1 0 0
    outer loop
      vertex 53.6 115.069 -4.61027
      vertex 53.6 111.269 -4.2
      vertex 53.6 115.057 -4.61048
    endloop
  endfacet
  facet normal 1 0 0
    outer loop
      vertex 53.6 115.057 -4.61048
      vertex 53.6 111.269 -4.2
      vertex 53.6 115.056 -4.6105
    endloop
  endfacet
  facet normal 1 0 0
    outer loop
      vertex 53.6 115.056 -4.6105
      vertex 53.6 111.269 -4.2
      vertex 53.6 115.055 -4.61056
    endloop
  endfacet
  facet normal 1 0 0
    outer loop
      vertex 53.6 115.055 -4.61056
      vertex 53.6 111.269 -4.2
      vertex 53.6 115.042 -4.61121
    endloop
  endfacet
  facet normal 1 0 0
    outer loop
      vertex 53.6 115.042 -4.61121
      vertex 53.6 111.269 -4.2
      vertex 53.6 115.031 -4.61218
    endloop
  endfacet
  facet normal -1 0 0
    outer loop
      vertex 53.6 114.896 -4.6428
      vertex 53.6 114.873 -4.65156
      vertex 53.6 114.887 -4.64617
    endloop
  endfacet
  facet normal -1 0 0
    outer loop
      vertex 53.6 114.707 -4.77033
      vertex 53.6 114.696 -4.78394
      vertex 53.6 114.705 -4.7726
    endloop
  endfacet
  facet normal 1 0 0
    outer loop
      vertex 53.6 111.269 -4.2
      vertex 53.6 114.642 -4.86413
      vertex 53.6 114.666 -4.82222
    endloop
  endfacet
  facet normal 1 0 0
    outer loop
      vertex 53.6 111.269 -4.2
      vertex 53.6 114.625 -4.89675
      vertex 53.6 114.633 -4.87886
    endloop
  endfacet
  facet normal 1 0 0
    outer loop
      vertex 53.6 114.582 -5.0673
      vertex 53.6 111.269 -4.2
      vertex 53.6 114.582 -5.1327
    endloop
  endfacet
  facet normal 1 0 0
    outer loop
      vertex 53.6 114.585 -5.03829
      vertex 53.6 111.269 -4.2
      vertex 53.6 114.582 -5.0673
    endloop
  endfacet
  facet normal 1 0 0
    outer loop
      vertex 53.6 114.59 -5.00246
      vertex 53.6 111.269 -4.2
      vertex 53.6 114.585 -5.03829
    endloop
  endfacet
  facet normal 1 0 0
    outer loop
      vertex 53.6 114.597 -4.97634
      vertex 53.6 111.269 -4.2
      vertex 53.6 114.59 -5.00246
    endloop
  endfacet
  facet normal 1 0 0
    outer loop
      vertex 53.6 114.607 -4.93928
      vertex 53.6 111.269 -4.2
      vertex 53.6 114.597 -4.97634
    endloop
  endfacet
  facet normal 1 0 0
    outer loop
      vertex 53.6 114.625 -4.89675
      vertex 53.6 111.269 -4.2
      vertex 53.6 114.607 -4.93928
    endloop
  endfacet
  facet normal 1 0 0
    outer loop
      vertex 53.6 114.642 -4.86413
      vertex 53.6 111.269 -4.2
      vertex 53.6 114.633 -4.87886
    endloop
  endfacet
  facet normal 1 0 0
    outer loop
      vertex 53.6 114.696 -4.78394
      vertex 53.6 111.269 -4.2
      vertex 53.6 114.666 -4.82222
    endloop
  endfacet
  facet normal 1 0 0
    outer loop
      vertex 53.6 114.707 -4.77033
      vertex 53.6 111.269 -4.2
      vertex 53.6 114.696 -4.78394
    endloop
  endfacet
  facet normal 1 0 0
    outer loop
      vertex 53.6 114.712 -4.766
      vertex 53.6 111.269 -4.2
      vertex 53.6 114.707 -4.77033
    endloop
  endfacet
  facet normal 1 0 0
    outer loop
      vertex 53.6 114.756 -4.72408
      vertex 53.6 111.269 -4.2
      vertex 53.6 114.712 -4.766
    endloop
  endfacet
  facet normal 1 0 0
    outer loop
      vertex 53.6 114.794 -4.69623
      vertex 53.6 111.269 -4.2
      vertex 53.6 114.756 -4.72408
    endloop
  endfacet
  facet normal 1 0 0
    outer loop
      vertex 53.6 114.81 -4.68427
      vertex 53.6 111.269 -4.2
      vertex 53.6 114.794 -4.69623
    endloop
  endfacet
  facet normal 1 0 0
    outer loop
      vertex 53.6 114.818 -4.68006
      vertex 53.6 111.269 -4.2
      vertex 53.6 114.81 -4.68427
    endloop
  endfacet
  facet normal 1 0 0
    outer loop
      vertex 53.6 114.828 -4.67475
      vertex 53.6 111.269 -4.2
      vertex 53.6 114.818 -4.68006
    endloop
  endfacet
  facet normal 1 0 0
    outer loop
      vertex 53.6 114.855 -4.66083
      vertex 53.6 111.269 -4.2
      vertex 53.6 114.828 -4.67475
    endloop
  endfacet
  facet normal 1 0 0
    outer loop
      vertex 53.6 114.873 -4.65156
      vertex 53.6 111.269 -4.2
      vertex 53.6 114.855 -4.66083
    endloop
  endfacet
  facet normal 1 0 0
    outer loop
      vertex 53.6 114.896 -4.6428
      vertex 53.6 111.269 -4.2
      vertex 53.6 114.873 -4.65156
    endloop
  endfacet
  facet normal 1 0 0
    outer loop
      vertex 53.6 114.931 -4.63078
      vertex 53.6 111.269 -4.2
      vertex 53.6 114.896 -4.6428
    endloop
  endfacet
  facet normal 1 0 0
    outer loop
      vertex 53.6 114.939 -4.628
      vertex 53.6 111.269 -4.2
      vertex 53.6 114.931 -4.63078
    endloop
  endfacet
  facet normal 1 0 0
    outer loop
      vertex 53.6 114.941 -4.62746
      vertex 53.6 111.269 -4.2
      vertex 53.6 114.939 -4.628
    endloop
  endfacet
  facet normal 1 0 0
    outer loop
      vertex 53.6 114.944 -4.62653
      vertex 53.6 111.269 -4.2
      vertex 53.6 114.941 -4.62746
    endloop
  endfacet
  facet normal 1 0 0
    outer loop
      vertex 53.6 114.969 -4.62136
      vertex 53.6 111.269 -4.2
      vertex 53.6 114.944 -4.62653
    endloop
  endfacet
  facet normal 1 0 0
    outer loop
      vertex 53.6 114.976 -4.62016
      vertex 53.6 111.269 -4.2
      vertex 53.6 114.969 -4.62136
    endloop
  endfacet
  facet normal 1 0 0
    outer loop
      vertex 53.6 114.993 -4.61724
      vertex 53.6 111.269 -4.2
      vertex 53.6 114.976 -4.62016
    endloop
  endfacet
  facet normal 1 0 0
    outer loop
      vertex 53.6 115.002 -4.6158
      vertex 53.6 111.269 -4.2
      vertex 53.6 114.993 -4.61724
    endloop
  endfacet
  facet normal 1 0 0
    outer loop
      vertex 53.6 115.012 -4.61441
      vertex 53.6 111.269 -4.2
      vertex 53.6 115.002 -4.6158
    endloop
  endfacet
  facet normal 1 0 0
    outer loop
      vertex 53.6 115.023 -4.61302
      vertex 53.6 111.269 -4.2
      vertex 53.6 115.012 -4.61441
    endloop
  endfacet
  facet normal 1 0 0
    outer loop
      vertex 53.6 115.028 -4.61247
      vertex 53.6 111.269 -4.2
      vertex 53.6 115.023 -4.61302
    endloop
  endfacet
  facet normal 1 0 0
    outer loop
      vertex 53.6 115.031 -4.61218
      vertex 53.6 111.269 -4.2
      vertex 53.6 115.028 -4.61247
    endloop
  endfacet
  facet normal 1 -0 0
    outer loop
      vertex 53.6 115.557 -5.1327
      vertex 53.6 118.869 -6
      vertex 53.6 115.557 -5.0673
    endloop
  endfacet
  facet normal 1 -0 0
    outer loop
      vertex 53.6 115.553 -5.16171
      vertex 53.6 118.869 -6
      vertex 53.6 115.557 -5.1327
    endloop
  endfacet
  facet normal 1 -0 0
    outer loop
      vertex 53.6 115.548 -5.19754
      vertex 53.6 118.869 -6
      vertex 53.6 115.553 -5.16171
    endloop
  endfacet
  facet normal 1 -0 0
    outer loop
      vertex 53.6 115.541 -5.22366
      vertex 53.6 118.869 -6
      vertex 53.6 115.548 -5.19754
    endloop
  endfacet
  facet normal 1 -0 0
    outer loop
      vertex 53.6 115.531 -5.26072
      vertex 53.6 118.869 -6
      vertex 53.6 115.541 -5.22366
    endloop
  endfacet
  facet normal 1 -0 0
    outer loop
      vertex 53.6 115.513 -5.30325
      vertex 53.6 118.869 -6
      vertex 53.6 115.531 -5.26072
    endloop
  endfacet
  facet normal 1 -0 0
    outer loop
      vertex 53.6 115.506 -5.32114
      vertex 53.6 118.869 -6
      vertex 53.6 115.513 -5.30325
    endloop
  endfacet
  facet normal 1 -0 0
    outer loop
      vertex 53.6 115.497 -5.33587
      vertex 53.6 118.869 -6
      vertex 53.6 115.506 -5.32114
    endloop
  endfacet
  facet normal 1 -0 0
    outer loop
      vertex 53.6 115.472 -5.37778
      vertex 53.6 118.869 -6
      vertex 53.6 115.497 -5.33587
    endloop
  endfacet
  facet normal 1 -0 0
    outer loop
      vertex 53.6 115.442 -5.41606
      vertex 53.6 118.869 -6
      vertex 53.6 115.472 -5.37778
    endloop
  endfacet
  facet normal 1 -0 0
    outer loop
      vertex 53.6 115.433 -5.4274
      vertex 53.6 118.869 -6
      vertex 53.6 115.442 -5.41606
    endloop
  endfacet
  facet normal 1 -0 0
    outer loop
      vertex 53.6 115.431 -5.42967
      vertex 53.6 118.869 -6
      vertex 53.6 115.433 -5.4274
    endloop
  endfacet
  facet normal 1 -0 0
    outer loop
      vertex 53.6 115.427 -5.434
      vertex 53.6 118.869 -6
      vertex 53.6 115.431 -5.42967
    endloop
  endfacet
  facet normal 1 -0 0
    outer loop
      vertex 53.6 115.383 -5.47592
      vertex 53.6 118.869 -6
      vertex 53.6 115.427 -5.434
    endloop
  endfacet
  facet normal 1 -0 0
    outer loop
      vertex 53.6 115.344 -5.50377
      vertex 53.6 118.869 -6
      vertex 53.6 115.383 -5.47592
    endloop
  endfacet
  facet normal 1 -0 0
    outer loop
      vertex 53.6 115.328 -5.51573
      vertex 53.6 118.869 -6
      vertex 53.6 115.344 -5.50377
    endloop
  endfacet
  facet normal 1 -0 0
    outer loop
      vertex 53.6 115.32 -5.51994
      vertex 53.6 118.869 -6
      vertex 53.6 115.328 -5.51573
    endloop
  endfacet
  facet normal 1 -0 0
    outer loop
      vertex 53.6 115.311 -5.52525
      vertex 53.6 118.869 -6
      vertex 53.6 115.32 -5.51994
    endloop
  endfacet
  facet normal 1 -0 0
    outer loop
      vertex 53.6 115.284 -5.53917
      vertex 53.6 118.869 -6
      vertex 53.6 115.311 -5.52525
    endloop
  endfacet
  facet normal 1 -0 0
    outer loop
      vertex 53.6 115.266 -5.54844
      vertex 53.6 118.869 -6
      vertex 53.6 115.284 -5.53917
    endloop
  endfacet
  facet normal 1 -0 0
    outer loop
      vertex 53.6 115.252 -5.55383
      vertex 53.6 118.869 -6
      vertex 53.6 115.266 -5.54844
    endloop
  endfacet
  facet normal 1 -0 0
    outer loop
      vertex 53.6 115.242 -5.5572
      vertex 53.6 118.869 -6
      vertex 53.6 115.252 -5.55383
    endloop
  endfacet
  facet normal 1 -0 0
    outer loop
      vertex 53.6 115.208 -5.56922
      vertex 53.6 118.869 -6
      vertex 53.6 115.242 -5.5572
    endloop
  endfacet
  facet normal 1 -0 0
    outer loop
      vertex 53.6 115.2 -5.572
      vertex 53.6 118.869 -6
      vertex 53.6 115.208 -5.56922
    endloop
  endfacet
  facet normal 1 -0 0
    outer loop
      vertex 53.6 115.198 -5.57254
      vertex 53.6 118.869 -6
      vertex 53.6 115.2 -5.572
    endloop
  endfacet
  facet normal 1 -0 0
    outer loop
      vertex 53.6 115.195 -5.57346
      vertex 53.6 118.869 -6
      vertex 53.6 115.198 -5.57254
    endloop
  endfacet
  facet normal 1 -0 0
    outer loop
      vertex 53.6 115.169 -5.57864
      vertex 53.6 118.869 -6
      vertex 53.6 115.195 -5.57346
    endloop
  endfacet
  facet normal 1 -0 0
    outer loop
      vertex 53.6 115.162 -5.57984
      vertex 53.6 118.869 -6
      vertex 53.6 115.169 -5.57864
    endloop
  endfacet
  facet normal 1 -0 0
    outer loop
      vertex 53.6 115.146 -5.58276
      vertex 53.6 118.869 -6
      vertex 53.6 115.162 -5.57984
    endloop
  endfacet
  facet normal 1 -0 0
    outer loop
      vertex 53.6 115.136 -5.5842
      vertex 53.6 118.869 -6
      vertex 53.6 115.146 -5.58276
    endloop
  endfacet
  facet normal 1 -0 0
    outer loop
      vertex 53.6 115.127 -5.58559
      vertex 53.6 118.869 -6
      vertex 53.6 115.136 -5.5842
    endloop
  endfacet
  facet normal 1 -0 0
    outer loop
      vertex 53.6 115.115 -5.58698
      vertex 53.6 118.869 -6
      vertex 53.6 115.127 -5.58559
    endloop
  endfacet
  facet normal 1 -0 0
    outer loop
      vertex 53.6 115.111 -5.58753
      vertex 53.6 118.869 -6
      vertex 53.6 115.115 -5.58698
    endloop
  endfacet
  facet normal 1 -0 0
    outer loop
      vertex 53.6 115.107 -5.58782
      vertex 53.6 118.869 -6
      vertex 53.6 115.111 -5.58753
    endloop
  endfacet
  facet normal 1 -0 0
    outer loop
      vertex 53.6 115.096 -5.58879
      vertex 53.6 118.869 -6
      vertex 53.6 115.107 -5.58782
    endloop
  endfacet
  facet normal 1 -0 0
    outer loop
      vertex 53.6 115.084 -5.58944
      vertex 53.6 118.869 -6
      vertex 53.6 115.096 -5.58879
    endloop
  endfacet
  facet normal 1 -0 0
    outer loop
      vertex 53.6 115.082 -5.5895
      vertex 53.6 118.869 -6
      vertex 53.6 115.084 -5.58944
    endloop
  endfacet
  facet normal 1 -0 0
    outer loop
      vertex 53.6 115.081 -5.58952
      vertex 53.6 118.869 -6
      vertex 53.6 115.082 -5.5895
    endloop
  endfacet
  facet normal 1 -0 0
    outer loop
      vertex 53.6 115.069 -5.58973
      vertex 53.6 118.869 -6
      vertex 53.6 115.081 -5.58952
    endloop
  endfacet
  facet normal 1 0 0
    outer loop
      vertex 53.6 111.269 -6
      vertex 53.6 115.069 -5.58973
      vertex 53.6 115.057 -5.58952
    endloop
  endfacet
  facet normal 1 0 0
    outer loop
      vertex 53.6 111.269 -6
      vertex 53.6 115.057 -5.58952
      vertex 53.6 115.056 -5.5895
    endloop
  endfacet
  facet normal 1 0 0
    outer loop
      vertex 53.6 111.269 -6
      vertex 53.6 115.056 -5.5895
      vertex 53.6 115.055 -5.58944
    endloop
  endfacet
  facet normal 1 0 0
    outer loop
      vertex 53.6 111.269 -6
      vertex 53.6 115.055 -5.58944
      vertex 53.6 115.042 -5.58879
    endloop
  endfacet
  facet normal 1 0 0
    outer loop
      vertex 53.6 111.269 -6
      vertex 53.6 115.042 -5.58879
      vertex 53.6 115.031 -5.58782
    endloop
  endfacet
  facet normal 1 0 0
    outer loop
      vertex 53.6 111.269 -6
      vertex 53.6 115.031 -5.58782
      vertex 53.6 115.028 -5.58753
    endloop
  endfacet
  facet normal 1 0 0
    outer loop
      vertex 53.6 114.896 -5.5572
      vertex 53.6 114.939 -5.572
      vertex 53.6 114.931 -5.56922
    endloop
  endfacet
  facet normal -1 0 0
    outer loop
      vertex 53.6 114.873 -5.54844
      vertex 53.6 114.896 -5.5572
      vertex 53.6 114.887 -5.55383
    endloop
  endfacet
  facet normal -1 0 0
    outer loop
      vertex 53.6 114.696 -5.41606
      vertex 53.6 114.707 -5.42967
      vertex 53.6 114.705 -5.4274
    endloop
  endfacet
  facet normal 1 0 0
    outer loop
      vertex 53.6 111.269 -6
      vertex 53.6 114.642 -5.33587
      vertex 53.6 114.633 -5.32114
    endloop
  endfacet
  facet normal 1 0 0
    outer loop
      vertex 53.6 111.269 -6
      vertex 53.6 114.625 -5.30325
      vertex 53.6 114.607 -5.26072
    endloop
  endfacet
  facet normal 1 0 0
    outer loop
      vertex 53.6 111.269 -6
      vertex 53.6 114.582 -5.1327
      vertex 53.6 111.269 -4.2
    endloop
  endfacet
  facet normal 1 0 0
    outer loop
      vertex 53.6 114.582 -5.1327
      vertex 53.6 111.269 -6
      vertex 53.6 114.585 -5.16171
    endloop
  endfacet
  facet normal 1 0 0
    outer loop
      vertex 53.6 114.585 -5.16171
      vertex 53.6 111.269 -6
      vertex 53.6 114.59 -5.19754
    endloop
  endfacet
  facet normal 1 0 0
    outer loop
      vertex 53.6 114.59 -5.19754
      vertex 53.6 111.269 -6
      vertex 53.6 114.597 -5.22366
    endloop
  endfacet
  facet normal 1 0 0
    outer loop
      vertex 53.6 114.597 -5.22366
      vertex 53.6 111.269 -6
      vertex 53.6 114.607 -5.26072
    endloop
  endfacet
  facet normal 1 0 0
    outer loop
      vertex 53.6 114.625 -5.30325
      vertex 53.6 111.269 -6
      vertex 53.6 114.633 -5.32114
    endloop
  endfacet
  facet normal 1 0 0
    outer loop
      vertex 53.6 114.642 -5.33587
      vertex 53.6 111.269 -6
      vertex 53.6 114.666 -5.37778
    endloop
  endfacet
  facet normal 1 0 0
    outer loop
      vertex 53.6 114.666 -5.37778
      vertex 53.6 111.269 -6
      vertex 53.6 114.696 -5.41606
    endloop
  endfacet
  facet normal 1 0 0
    outer loop
      vertex 53.6 114.696 -5.41606
      vertex 53.6 111.269 -6
      vertex 53.6 114.707 -5.42967
    endloop
  endfacet
  facet normal 1 0 0
    outer loop
      vertex 53.6 114.707 -5.42967
      vertex 53.6 111.269 -6
      vertex 53.6 114.712 -5.434
    endloop
  endfacet
  facet normal 1 0 0
    outer loop
      vertex 53.6 114.712 -5.434
      vertex 53.6 111.269 -6
      vertex 53.6 114.756 -5.47592
    endloop
  endfacet
  facet normal 1 0 0
    outer loop
      vertex 53.6 114.756 -5.47592
      vertex 53.6 111.269 -6
      vertex 53.6 114.794 -5.50377
    endloop
  endfacet
  facet normal 1 0 0
    outer loop
      vertex 53.6 114.794 -5.50377
      vertex 53.6 111.269 -6
      vertex 53.6 114.81 -5.51573
    endloop
  endfacet
  facet normal 1 0 0
    outer loop
      vertex 53.6 114.81 -5.51573
      vertex 53.6 111.269 -6
      vertex 53.6 114.818 -5.51994
    endloop
  endfacet
  facet normal 1 0 0
    outer loop
      vertex 53.6 114.818 -5.51994
      vertex 53.6 111.269 -6
      vertex 53.6 114.828 -5.52525
    endloop
  endfacet
  facet normal 1 0 0
    outer loop
      vertex 53.6 114.828 -5.52525
      vertex 53.6 111.269 -6
      vertex 53.6 114.855 -5.53917
    endloop
  endfacet
  facet normal 1 0 0
    outer loop
      vertex 53.6 115.069 -5.58973
      vertex 53.6 111.269 -6
      vertex 53.6 118.869 -6
    endloop
  endfacet
  facet normal 1 0 0
    outer loop
      vertex 53.6 115.023 -5.58698
      vertex 53.6 111.269 -6
      vertex 53.6 115.028 -5.58753
    endloop
  endfacet
  facet normal 1 0 0
    outer loop
      vertex 53.6 115.012 -5.58559
      vertex 53.6 111.269 -6
      vertex 53.6 115.023 -5.58698
    endloop
  endfacet
  facet normal 1 0 0
    outer loop
      vertex 53.6 115.002 -5.5842
      vertex 53.6 111.269 -6
      vertex 53.6 115.012 -5.58559
    endloop
  endfacet
  facet normal 1 0 0
    outer loop
      vertex 53.6 114.993 -5.58276
      vertex 53.6 111.269 -6
      vertex 53.6 115.002 -5.5842
    endloop
  endfacet
  facet normal 1 0 0
    outer loop
      vertex 53.6 114.976 -5.57984
      vertex 53.6 111.269 -6
      vertex 53.6 114.993 -5.58276
    endloop
  endfacet
  facet normal 1 0 0
    outer loop
      vertex 53.6 114.969 -5.57864
      vertex 53.6 111.269 -6
      vertex 53.6 114.976 -5.57984
    endloop
  endfacet
  facet normal 1 0 0
    outer loop
      vertex 53.6 114.944 -5.57346
      vertex 53.6 111.269 -6
      vertex 53.6 114.969 -5.57864
    endloop
  endfacet
  facet normal 1 0 0
    outer loop
      vertex 53.6 114.941 -5.57254
      vertex 53.6 111.269 -6
      vertex 53.6 114.944 -5.57346
    endloop
  endfacet
  facet normal 1 0 0
    outer loop
      vertex 53.6 114.939 -5.572
      vertex 53.6 111.269 -6
      vertex 53.6 114.941 -5.57254
    endloop
  endfacet
  facet normal 1 0 0
    outer loop
      vertex 53.6 114.896 -5.5572
      vertex 53.6 111.269 -6
      vertex 53.6 114.939 -5.572
    endloop
  endfacet
  facet normal 1 0 0
    outer loop
      vertex 53.6 114.873 -5.54844
      vertex 53.6 111.269 -6
      vertex 53.6 114.896 -5.5572
    endloop
  endfacet
  facet normal 1 0 0
    outer loop
      vertex 53.6 114.855 -5.53917
      vertex 53.6 111.269 -6
      vertex 53.6 114.873 -5.54844
    endloop
  endfacet
  facet normal 1 -0 0
    outer loop
      vertex 53.6 111.152 -4.2077
      vertex 53.6 111.269 -6
      vertex 53.6 111.269 -4.2
    endloop
  endfacet
  facet normal 1 0 0
    outer loop
      vertex 53.6 111.152 -4.2077
      vertex 53.6 111.152 -5.9923
      vertex 53.6 111.269 -6
    endloop
  endfacet
  facet normal 1 -0 0
    outer loop
      vertex 53.6 111.036 -4.23067
      vertex 53.6 111.152 -5.9923
      vertex 53.6 111.152 -4.2077
    endloop
  endfacet
  facet normal 1 0 0
    outer loop
      vertex 53.6 111.036 -4.23067
      vertex 53.6 111.036 -5.96933
      vertex 53.6 111.152 -5.9923
    endloop
  endfacet
  facet normal 1 -0 0
    outer loop
      vertex 53.6 110.925 -4.26851
      vertex 53.6 111.036 -5.96933
      vertex 53.6 111.036 -4.23067
    endloop
  endfacet
  facet normal 1 0 0
    outer loop
      vertex 53.6 110.925 -4.26851
      vertex 53.6 110.925 -5.93149
      vertex 53.6 111.036 -5.96933
    endloop
  endfacet
  facet normal 1 -0 0
    outer loop
      vertex 53.6 110.819 -4.32058
      vertex 53.6 110.925 -5.93149
      vertex 53.6 110.925 -4.26851
    endloop
  endfacet
  facet normal 1 0 0
    outer loop
      vertex 53.6 110.819 -4.32058
      vertex 53.6 110.819 -5.87942
      vertex 53.6 110.925 -5.93149
    endloop
  endfacet
  facet normal 1 -0 0
    outer loop
      vertex 53.6 110.721 -4.38598
      vertex 53.6 110.819 -5.87942
      vertex 53.6 110.819 -4.32058
    endloop
  endfacet
  facet normal 1 0 0
    outer loop
      vertex 53.6 110.721 -4.38598
      vertex 53.6 110.721 -5.81402
      vertex 53.6 110.819 -5.87942
    endloop
  endfacet
  facet normal 1 -0 0
    outer loop
      vertex 53.6 110.633 -4.4636
      vertex 53.6 110.721 -5.81402
      vertex 53.6 110.721 -4.38598
    endloop
  endfacet
  facet normal 1 0 0
    outer loop
      vertex 53.6 110.633 -4.4636
      vertex 53.6 110.633 -5.7364
      vertex 53.6 110.721 -5.81402
    endloop
  endfacet
  facet normal 1 -0 0
    outer loop
      vertex 53.6 110.555 -4.55211
      vertex 53.6 110.633 -5.7364
      vertex 53.6 110.633 -4.4636
    endloop
  endfacet
  facet normal 1 0 0
    outer loop
      vertex 53.6 110.555 -4.55211
      vertex 53.6 110.555 -5.64788
      vertex 53.6 110.633 -5.7364
    endloop
  endfacet
  facet normal 1 -0 0
    outer loop
      vertex 53.6 110.49 -4.65
      vertex 53.6 110.555 -5.64788
      vertex 53.6 110.555 -4.55211
    endloop
  endfacet
  facet normal 1 0 0
    outer loop
      vertex 53.6 110.49 -4.65
      vertex 53.6 110.49 -5.55
      vertex 53.6 110.555 -5.64788
    endloop
  endfacet
  facet normal 1 -0 0
    outer loop
      vertex 53.6 110.438 -4.75559
      vertex 53.6 110.49 -5.55
      vertex 53.6 110.49 -4.65
    endloop
  endfacet
  facet normal 1 0 0
    outer loop
      vertex 53.6 110.438 -4.75559
      vertex 53.6 110.438 -5.44441
      vertex 53.6 110.49 -5.55
    endloop
  endfacet
  facet normal 1 -0 0
    outer loop
      vertex 53.6 110.4 -4.86706
      vertex 53.6 110.438 -5.44441
      vertex 53.6 110.438 -4.75559
    endloop
  endfacet
  facet normal 1 0 0
    outer loop
      vertex 53.6 110.4 -4.86706
      vertex 53.6 110.4 -5.33294
      vertex 53.6 110.438 -5.44441
    endloop
  endfacet
  facet normal 1 -0 0
    outer loop
      vertex 53.6 110.377 -4.98253
      vertex 53.6 110.4 -5.33294
      vertex 53.6 110.4 -4.86706
    endloop
  endfacet
  facet normal 1 0 0
    outer loop
      vertex 53.6 110.377 -4.98253
      vertex 53.6 110.377 -5.21747
      vertex 53.6 110.4 -5.33294
    endloop
  endfacet
  facet normal 1 0 -0
    outer loop
      vertex 53.6 110.377 -5.21747
      vertex 53.6 110.377 -4.98253
      vertex 53.6 110.369 -5.1
    endloop
  endfacet
  facet normal 0.706078 0.228478 0.670263
    outer loop
      vertex 53.3 119.328 -3.99134
      vertex 53.3 119.18 -3.94089
      vertex 53.6 119.214 -4.26851
    endloop
  endfacet
  facet normal 0.705948 0.312882 0.635407
    outer loop
      vertex 53.3 119.469 -4.06077
      vertex 53.3 119.328 -3.99134
      vertex 53.6 119.214 -4.26851
    endloop
  endfacet
  facet normal 0.705971 -0.394562 -0.588155
    outer loop
      vertex 53.6 110.721 -5.81402
      vertex 53.3 110.539 -6.05202
      vertex 53.3 110.669 -6.13923
    endloop
  endfacet
  facet normal 0.706387 0.706387 -0.0450991
    outer loop
      vertex 53.6 119.769 -5.1
      vertex 53.3 120.059 -5.25663
      vertex 53.3 120.069 -5.1
    endloop
  endfacet
  facet normal 0.706387 0.706387 0.0450991
    outer loop
      vertex 53.3 120.069 -5.1
      vertex 53.3 120.059 -4.94337
      vertex 53.6 119.769 -5.1
    endloop
  endfacet
  facet normal 0.706436 0.586836 -0.395691
    outer loop
      vertex 53.6 119.649 -5.55
      vertex 53.3 119.821 -5.83051
      vertex 53.3 119.909 -5.7
    endloop
  endfacet
  facet normal 0.705692 0.707264 -0.0421456
    outer loop
      vertex 53.6 119.762 -5.21747
      vertex 53.3 120.059 -5.25663
      vertex 53.6 119.769 -5.1
    endloop
  endfacet
  facet normal 0.706546 0.392159 -0.58907
    outer loop
      vertex 53.6 119.417 -5.81402
      vertex 53.3 119.469 -6.13923
      vertex 53.3 119.6 -6.05202
    endloop
  endfacet
  facet normal 0 0.320856 -0.947128
    outer loop
      vertex 51.6 119.309 -6.74207
      vertex 52 119.52 -6.67059
      vertex 52 119.309 -6.74207
    endloop
  endfacet
  facet normal 0 0.320856 -0.947128
    outer loop
      vertex 52 119.52 -6.67059
      vertex 51.6 119.309 -6.74207
      vertex 51.6 119.52 -6.67059
    endloop
  endfacet
  facet normal 0 -0.322226 0.946663
    outer loop
      vertex 51.6 110.829 -3.45793
      vertex 52 110.619 -3.52941
      vertex 52 110.829 -3.45793
    endloop
  endfacet
  facet normal 0 -0.322226 0.946663
    outer loop
      vertex 52 110.619 -3.52941
      vertex 51.6 110.829 -3.45793
      vertex 51.6 110.619 -3.52941
    endloop
  endfacet
  facet normal 0 -0.0653555 -0.997862
    outer loop
      vertex 51.6 111.047 -6.78546
      vertex 52 111.269 -6.8
      vertex 52 111.047 -6.78546
    endloop
  endfacet
  facet normal -0 -0.0653555 -0.997862
    outer loop
      vertex 52 111.269 -6.8
      vertex 51.6 111.047 -6.78546
      vertex 51.6 111.269 -6.8
    endloop
  endfacet
  facet normal 0 0.998015 0.0629691
    outer loop
      vertex 52 120.569 -5.1
      vertex 51.6 120.555 -4.87811
      vertex 52 120.555 -4.87811
    endloop
  endfacet
  facet normal 0 0.998015 0.0629691
    outer loop
      vertex 51.6 120.555 -4.87811
      vertex 52 120.569 -5.1
      vertex 51.6 120.569 -5.1
    endloop
  endfacet
  facet normal -0 0.0653555 0.997862
    outer loop
      vertex 51.6 119.091 -3.41454
      vertex 52 118.869 -3.4
      vertex 52 119.091 -3.41454
    endloop
  endfacet
  facet normal 0 0.0653555 0.997862
    outer loop
      vertex 52 118.869 -3.4
      vertex 51.6 119.091 -3.41454
      vertex 51.6 118.869 -3.4
    endloop
  endfacet
  facet normal -0 0.195208 0.980762
    outer loop
      vertex 51.6 119.309 -3.45793
      vertex 52 119.091 -3.41454
      vertex 52 119.309 -3.45793
    endloop
  endfacet
  facet normal 0 0.195208 0.980762
    outer loop
      vertex 52 119.091 -3.41454
      vertex 51.6 119.309 -3.45793
      vertex 51.6 119.091 -3.41454
    endloop
  endfacet
  facet normal 0 0 -1
    outer loop
      vertex 51.6 111.269 -6.8
      vertex 52 118.869 -6.8
      vertex 52 111.269 -6.8
    endloop
  endfacet
  facet normal -0 0 -1
    outer loop
      vertex 52 118.869 -6.8
      vertex 51.6 111.269 -6.8
      vertex 51.6 118.869 -6.8
    endloop
  endfacet
  facet normal -0 0 1
    outer loop
      vertex 51.6 118.869 -3.4
      vertex 52 111.269 -3.4
      vertex 52 118.869 -3.4
    endloop
  endfacet
  facet normal 0 0 1
    outer loop
      vertex 52 111.269 -3.4
      vertex 51.6 118.869 -3.4
      vertex 51.6 111.269 -3.4
    endloop
  endfacet
  facet normal 0 -0.322226 -0.946663
    outer loop
      vertex 51.6 110.619 -6.67059
      vertex 52 110.829 -6.74207
      vertex 52 110.619 -6.67059
    endloop
  endfacet
  facet normal -0 -0.322226 -0.946663
    outer loop
      vertex 52 110.829 -6.74207
      vertex 51.6 110.619 -6.67059
      vertex 51.6 110.829 -6.74207
    endloop
  endfacet
  facet normal 0 -0.753227 0.657761
    outer loop
      vertex 51.6 109.921 -4.06511
      vertex 52 110.067 -3.89792
      vertex 51.6 110.067 -3.89792
    endloop
  endfacet
  facet normal 0 -0.753227 0.657761
    outer loop
      vertex 52 110.067 -3.89792
      vertex 51.6 109.921 -4.06511
      vertex 52 109.921 -4.06511
    endloop
  endfacet
  facet normal 0 -0.830513 0.556999
    outer loop
      vertex 51.6 109.797 -4.25
      vertex 52 109.921 -4.06511
      vertex 51.6 109.921 -4.06511
    endloop
  endfacet
  facet normal 0 -0.830513 0.556999
    outer loop
      vertex 52 109.921 -4.06511
      vertex 51.6 109.797 -4.25
      vertex 52 109.797 -4.25
    endloop
  endfacet
  facet normal 0 -0.659765 -0.751472
    outer loop
      vertex 51.6 110.067 -6.30208
      vertex 52 110.234 -6.4487
      vertex 52 110.067 -6.30208
    endloop
  endfacet
  facet normal -0 -0.659765 -0.751472
    outer loop
      vertex 52 110.234 -6.4487
      vertex 51.6 110.067 -6.30208
      vertex 51.6 110.234 -6.4487
    endloop
  endfacet
  facet normal 0 -0.195208 -0.980762
    outer loop
      vertex 51.6 110.829 -6.74207
      vertex 52 111.047 -6.78546
      vertex 52 110.829 -6.74207
    endloop
  endfacet
  facet normal -0 -0.195208 -0.980762
    outer loop
      vertex 52 111.047 -6.78546
      vertex 51.6 110.829 -6.74207
      vertex 51.6 111.047 -6.78546
    endloop
  endfacet
  facet normal 0 -0.441281 0.897369
    outer loop
      vertex 51.6 110.619 -3.52941
      vertex 52 110.419 -3.62776
      vertex 52 110.619 -3.52941
    endloop
  endfacet
  facet normal 0 -0.441281 0.897369
    outer loop
      vertex 52 110.419 -3.62776
      vertex 51.6 110.619 -3.52941
      vertex 51.6 110.419 -3.62776
    endloop
  endfacet
  facet normal 0 0.443064 -0.89649
    outer loop
      vertex 51.6 119.52 -6.67059
      vertex 52 119.719 -6.57224
      vertex 52 119.52 -6.67059
    endloop
  endfacet
  facet normal 0 0.443064 -0.89649
    outer loop
      vertex 52 119.719 -6.57224
      vertex 51.6 119.52 -6.67059
      vertex 51.6 119.719 -6.57224
    endloop
  endfacet
  facet normal -0 0.555343 0.831621
    outer loop
      vertex 51.6 119.904 -3.7513
      vertex 52 119.719 -3.62776
      vertex 52 119.904 -3.7513
    endloop
  endfacet
  facet normal 0 0.555343 0.831621
    outer loop
      vertex 52 119.719 -3.62776
      vertex 51.6 119.904 -3.7513
      vertex 51.6 119.719 -3.62776
    endloop
  endfacet
  facet normal 0 0.947584 -0.319506
    outer loop
      vertex 52 120.44 -5.75056
      vertex 51.6 120.511 -5.53999
      vertex 52 120.511 -5.53999
    endloop
  endfacet
  facet normal 0 0.947584 -0.319506
    outer loop
      vertex 51.6 120.511 -5.53999
      vertex 52 120.44 -5.75056
      vertex 51.6 120.44 -5.75056
    endloop
  endfacet
  facet normal 0 -0.997723 -0.0674471
    outer loop
      vertex 51.6 109.584 -5.32189
      vertex 52 109.569 -5.1
      vertex 51.6 109.569 -5.1
    endloop
  endfacet
  facet normal 0 -0.997723 -0.0674471
    outer loop
      vertex 52 109.569 -5.1
      vertex 51.6 109.584 -5.32189
      vertex 52 109.584 -5.32189
    endloop
  endfacet
  facet normal 0 0.830513 -0.556999
    outer loop
      vertex 52 120.218 -6.13489
      vertex 51.6 120.342 -5.95
      vertex 52 120.342 -5.95
    endloop
  endfacet
  facet normal 0 0.830513 -0.556999
    outer loop
      vertex 51.6 120.342 -5.95
      vertex 52 120.218 -6.13489
      vertex 51.6 120.218 -6.13489
    endloop
  endfacet
  facet normal 0 -0.981113 0.193434
    outer loop
      vertex 51.6 109.584 -4.87811
      vertex 52 109.627 -4.66001
      vertex 51.6 109.627 -4.66001
    endloop
  endfacet
  facet normal 0 -0.981113 0.193434
    outer loop
      vertex 52 109.627 -4.66001
      vertex 51.6 109.584 -4.87811
      vertex 52 109.584 -4.87811
    endloop
  endfacet
  facet normal 0 -0.897502 -0.441011
    outer loop
      vertex 51.6 109.797 -5.95
      vertex 52 109.699 -5.75056
      vertex 51.6 109.699 -5.75056
    endloop
  endfacet
  facet normal 0 -0.897502 -0.441011
    outer loop
      vertex 52 109.699 -5.75056
      vertex 51.6 109.797 -5.95
      vertex 52 109.797 -5.95
    endloop
  endfacet
  facet normal 0 0.0653555 -0.997862
    outer loop
      vertex 51.6 118.869 -6.8
      vertex 52 119.091 -6.78546
      vertex 52 118.869 -6.8
    endloop
  endfacet
  facet normal 0 0.0653555 -0.997862
    outer loop
      vertex 52 119.091 -6.78546
      vertex 51.6 118.869 -6.8
      vertex 51.6 119.091 -6.78546
    endloop
  endfacet
  facet normal 0 -0.753227 -0.657761
    outer loop
      vertex 51.6 110.067 -6.30208
      vertex 52 109.921 -6.13489
      vertex 51.6 109.921 -6.13489
    endloop
  endfacet
  facet normal 0 -0.753227 -0.657761
    outer loop
      vertex 52 109.921 -6.13489
      vertex 51.6 110.067 -6.30208
      vertex 52 110.067 -6.30208
    endloop
  endfacet
  facet normal 0 -0.946215 0.323538
    outer loop
      vertex 51.6 109.627 -4.66001
      vertex 52 109.699 -4.44944
      vertex 51.6 109.699 -4.44944
    endloop
  endfacet
  facet normal 0 -0.946215 0.323538
    outer loop
      vertex 52 109.699 -4.44944
      vertex 51.6 109.627 -4.66001
      vertex 52 109.627 -4.66001
    endloop
  endfacet
  facet normal 0 0.195208 -0.980762
    outer loop
      vertex 51.6 119.091 -6.78546
      vertex 52 119.309 -6.74207
      vertex 52 119.091 -6.78546
    endloop
  endfacet
  facet normal 0 0.195208 -0.980762
    outer loop
      vertex 52 119.309 -6.74207
      vertex 51.6 119.091 -6.78546
      vertex 51.6 119.309 -6.74207
    endloop
  endfacet
  facet normal 0 -0.897502 0.441011
    outer loop
      vertex 51.6 109.699 -4.44944
      vertex 52 109.797 -4.25
      vertex 51.6 109.797 -4.25
    endloop
  endfacet
  facet normal 0 -0.897502 0.441011
    outer loop
      vertex 52 109.797 -4.25
      vertex 51.6 109.699 -4.44944
      vertex 52 109.699 -4.44944
    endloop
  endfacet
  facet normal 0 -0.555343 -0.831621
    outer loop
      vertex 51.6 110.234 -6.4487
      vertex 52 110.419 -6.57224
      vertex 52 110.234 -6.4487
    endloop
  endfacet
  facet normal -0 -0.555343 -0.831621
    outer loop
      vertex 52 110.419 -6.57224
      vertex 51.6 110.234 -6.4487
      vertex 51.6 110.419 -6.57224
    endloop
  endfacet
  facet normal 0 0.830513 0.556999
    outer loop
      vertex 52 120.342 -4.25
      vertex 51.6 120.218 -4.06511
      vertex 52 120.218 -4.06511
    endloop
  endfacet
  facet normal 0 0.830513 0.556999
    outer loop
      vertex 51.6 120.218 -4.06511
      vertex 52 120.342 -4.25
      vertex 51.6 120.342 -4.25
    endloop
  endfacet
  facet normal 0 0.998015 -0.0629691
    outer loop
      vertex 52 120.555 -5.32189
      vertex 51.6 120.569 -5.1
      vertex 52 120.569 -5.1
    endloop
  endfacet
  facet normal 0 0.998015 -0.0629691
    outer loop
      vertex 51.6 120.569 -5.1
      vertex 52 120.555 -5.32189
      vertex 51.6 120.555 -5.32189
    endloop
  endfacet
  facet normal 0 -0.0653555 0.997862
    outer loop
      vertex 51.6 111.269 -3.4
      vertex 52 111.047 -3.41454
      vertex 52 111.269 -3.4
    endloop
  endfacet
  facet normal 0 -0.0653555 0.997862
    outer loop
      vertex 52 111.047 -3.41454
      vertex 51.6 111.269 -3.4
      vertex 51.6 111.047 -3.41454
    endloop
  endfacet
  facet normal 0 -0.195208 0.980762
    outer loop
      vertex 51.6 111.047 -3.41454
      vertex 52 110.829 -3.45793
      vertex 52 111.047 -3.41454
    endloop
  endfacet
  facet normal 0 -0.195208 0.980762
    outer loop
      vertex 52 110.829 -3.45793
      vertex 51.6 111.047 -3.41454
      vertex 51.6 110.829 -3.45793
    endloop
  endfacet
  facet normal 0 -0.555343 0.831621
    outer loop
      vertex 51.6 110.419 -3.62776
      vertex 52 110.234 -3.7513
      vertex 52 110.419 -3.62776
    endloop
  endfacet
  facet normal 0 -0.555343 0.831621
    outer loop
      vertex 52 110.234 -3.7513
      vertex 51.6 110.419 -3.62776
      vertex 51.6 110.234 -3.7513
    endloop
  endfacet
  facet normal 0 0.555343 -0.831621
    outer loop
      vertex 51.6 119.719 -6.57224
      vertex 52 119.904 -6.4487
      vertex 52 119.719 -6.57224
    endloop
  endfacet
  facet normal 0 0.555343 -0.831621
    outer loop
      vertex 52 119.904 -6.4487
      vertex 51.6 119.719 -6.57224
      vertex 51.6 119.904 -6.4487
    endloop
  endfacet
  facet normal 0 -0.997723 0.0674471
    outer loop
      vertex 51.6 109.569 -5.1
      vertex 52 109.584 -4.87811
      vertex 51.6 109.584 -4.87811
    endloop
  endfacet
  facet normal 0 -0.997723 0.0674471
    outer loop
      vertex 52 109.584 -4.87811
      vertex 51.6 109.569 -5.1
      vertex 52 109.569 -5.1
    endloop
  endfacet
  facet normal 0 -0.981113 -0.193434
    outer loop
      vertex 51.6 109.627 -5.53999
      vertex 52 109.584 -5.32189
      vertex 51.6 109.584 -5.32189
    endloop
  endfacet
  facet normal 0 -0.981113 -0.193434
    outer loop
      vertex 52 109.584 -5.32189
      vertex 51.6 109.627 -5.53999
      vertex 52 109.627 -5.53999
    endloop
  endfacet
  facet normal 0 0.980251 -0.197758
    outer loop
      vertex 52 120.511 -5.53999
      vertex 51.6 120.555 -5.32189
      vertex 52 120.555 -5.32189
    endloop
  endfacet
  facet normal 0 0.980251 -0.197758
    outer loop
      vertex 51.6 120.555 -5.32189
      vertex 52 120.511 -5.53999
      vertex 51.6 120.511 -5.53999
    endloop
  endfacet
  facet normal 0 0.659765 -0.751472
    outer loop
      vertex 51.6 119.904 -6.4487
      vertex 52 120.071 -6.30208
      vertex 52 119.904 -6.4487
    endloop
  endfacet
  facet normal 0 0.659765 -0.751472
    outer loop
      vertex 52 120.071 -6.30208
      vertex 51.6 119.904 -6.4487
      vertex 51.6 120.071 -6.30208
    endloop
  endfacet
  facet normal 0 -0.830513 -0.556999
    outer loop
      vertex 51.6 109.921 -6.13489
      vertex 52 109.797 -5.95
      vertex 51.6 109.797 -5.95
    endloop
  endfacet
  facet normal 0 -0.830513 -0.556999
    outer loop
      vertex 52 109.797 -5.95
      vertex 51.6 109.921 -6.13489
      vertex 52 109.921 -6.13489
    endloop
  endfacet
  facet normal 0 -0.946215 -0.323538
    outer loop
      vertex 51.6 109.699 -5.75056
      vertex 52 109.627 -5.53999
      vertex 51.6 109.627 -5.53999
    endloop
  endfacet
  facet normal 0 -0.946215 -0.323538
    outer loop
      vertex 52 109.627 -5.53999
      vertex 51.6 109.699 -5.75056
      vertex 52 109.699 -5.75056
    endloop
  endfacet
  facet normal 0 -0.659765 0.751472
    outer loop
      vertex 51.6 110.234 -3.7513
      vertex 52 110.067 -3.89792
      vertex 52 110.234 -3.7513
    endloop
  endfacet
  facet normal 0 -0.659765 0.751472
    outer loop
      vertex 52 110.067 -3.89792
      vertex 51.6 110.234 -3.7513
      vertex 51.6 110.067 -3.89792
    endloop
  endfacet
  facet normal -0 0.320856 0.947128
    outer loop
      vertex 51.6 119.52 -3.52941
      vertex 52 119.309 -3.45793
      vertex 52 119.52 -3.52941
    endloop
  endfacet
  facet normal 0 0.320856 0.947128
    outer loop
      vertex 52 119.309 -3.45793
      vertex 51.6 119.52 -3.52941
      vertex 51.6 119.309 -3.45793
    endloop
  endfacet
  facet normal -0 0.659765 0.751472
    outer loop
      vertex 51.6 120.071 -3.89792
      vertex 52 119.904 -3.7513
      vertex 52 120.071 -3.89792
    endloop
  endfacet
  facet normal 0 0.659765 0.751472
    outer loop
      vertex 52 119.904 -3.7513
      vertex 51.6 120.071 -3.89792
      vertex 51.6 119.904 -3.7513
    endloop
  endfacet
  facet normal 0 -0.441281 -0.897369
    outer loop
      vertex 51.6 110.419 -6.57224
      vertex 52 110.619 -6.67059
      vertex 52 110.419 -6.57224
    endloop
  endfacet
  facet normal -0 -0.441281 -0.897369
    outer loop
      vertex 52 110.619 -6.67059
      vertex 51.6 110.419 -6.57224
      vertex 51.6 110.619 -6.67059
    endloop
  endfacet
  facet normal 0 0.897502 -0.441011
    outer loop
      vertex 52 120.342 -5.95
      vertex 51.6 120.44 -5.75056
      vertex 52 120.44 -5.75056
    endloop
  endfacet
  facet normal 0 0.897502 -0.441011
    outer loop
      vertex 51.6 120.44 -5.75056
      vertex 52 120.342 -5.95
      vertex 51.6 120.342 -5.95
    endloop
  endfacet
  facet normal 0 0.750997 0.660306
    outer loop
      vertex 52 120.218 -4.06511
      vertex 51.6 120.071 -3.89792
      vertex 52 120.071 -3.89792
    endloop
  endfacet
  facet normal 0 0.750997 0.660306
    outer loop
      vertex 51.6 120.071 -3.89792
      vertex 52 120.218 -4.06511
      vertex 51.6 120.218 -4.06511
    endloop
  endfacet
  facet normal 0 0.750997 -0.660306
    outer loop
      vertex 52 120.071 -6.30208
      vertex 51.6 120.218 -6.13489
      vertex 52 120.218 -6.13489
    endloop
  endfacet
  facet normal 0 0.750997 -0.660306
    outer loop
      vertex 51.6 120.218 -6.13489
      vertex 52 120.071 -6.30208
      vertex 51.6 120.071 -6.30208
    endloop
  endfacet
  facet normal 0 0.947584 0.319506
    outer loop
      vertex 52 120.511 -4.66001
      vertex 51.6 120.44 -4.44944
      vertex 52 120.44 -4.44944
    endloop
  endfacet
  facet normal 0 0.947584 0.319506
    outer loop
      vertex 51.6 120.44 -4.44944
      vertex 52 120.511 -4.66001
      vertex 51.6 120.511 -4.66001
    endloop
  endfacet
  facet normal -0 0.443064 0.89649
    outer loop
      vertex 51.6 119.719 -3.62776
      vertex 52 119.52 -3.52941
      vertex 52 119.719 -3.62776
    endloop
  endfacet
  facet normal 0 0.443064 0.89649
    outer loop
      vertex 52 119.52 -3.52941
      vertex 51.6 119.719 -3.62776
      vertex 51.6 119.52 -3.52941
    endloop
  endfacet
  facet normal 0 0.897502 0.441011
    outer loop
      vertex 52 120.44 -4.44944
      vertex 51.6 120.342 -4.25
      vertex 52 120.342 -4.25
    endloop
  endfacet
  facet normal 0 0.897502 0.441011
    outer loop
      vertex 51.6 120.342 -4.25
      vertex 52 120.44 -4.44944
      vertex 51.6 120.44 -4.44944
    endloop
  endfacet
  facet normal -1 0 0
    outer loop
      vertex 51.6 120.555 -5.32189
      vertex 51.6 120.555 -4.87811
      vertex 51.6 120.569 -5.1
    endloop
  endfacet
  facet normal -1 0 0
    outer loop
      vertex 51.6 120.511 -5.53999
      vertex 51.6 120.555 -4.87811
      vertex 51.6 120.555 -5.32189
    endloop
  endfacet
  facet normal -1 0 0
    outer loop
      vertex 51.6 120.511 -5.53999
      vertex 51.6 120.511 -4.66001
      vertex 51.6 120.555 -4.87811
    endloop
  endfacet
  facet normal -1 0 0
    outer loop
      vertex 51.6 120.44 -5.75056
      vertex 51.6 120.511 -4.66001
      vertex 51.6 120.511 -5.53999
    endloop
  endfacet
  facet normal -1 0 0
    outer loop
      vertex 51.6 120.44 -5.75056
      vertex 51.6 120.44 -4.44944
      vertex 51.6 120.511 -4.66001
    endloop
  endfacet
  facet normal -1 0 0
    outer loop
      vertex 51.6 120.342 -5.95
      vertex 51.6 120.44 -4.44944
      vertex 51.6 120.44 -5.75056
    endloop
  endfacet
  facet normal -1 0 0
    outer loop
      vertex 51.6 120.342 -5.95
      vertex 51.6 120.342 -4.25
      vertex 51.6 120.44 -4.44944
    endloop
  endfacet
  facet normal -1 0 0
    outer loop
      vertex 51.6 120.218 -6.13489
      vertex 51.6 120.342 -4.25
      vertex 51.6 120.342 -5.95
    endloop
  endfacet
  facet normal -1 0 0
    outer loop
      vertex 51.6 120.218 -6.13489
      vertex 51.6 120.218 -4.06511
      vertex 51.6 120.342 -4.25
    endloop
  endfacet
  facet normal -1 0 0
    outer loop
      vertex 51.6 120.071 -6.30208
      vertex 51.6 120.218 -4.06511
      vertex 51.6 120.218 -6.13489
    endloop
  endfacet
  facet normal -1 0 0
    outer loop
      vertex 51.6 120.071 -6.30208
      vertex 51.6 120.071 -3.89792
      vertex 51.6 120.218 -4.06511
    endloop
  endfacet
  facet normal -1 0 0
    outer loop
      vertex 51.6 119.904 -6.4487
      vertex 51.6 120.071 -3.89792
      vertex 51.6 120.071 -6.30208
    endloop
  endfacet
  facet normal -1 0 0
    outer loop
      vertex 51.6 119.904 -6.4487
      vertex 51.6 119.904 -3.7513
      vertex 51.6 120.071 -3.89792
    endloop
  endfacet
  facet normal -1 0 0
    outer loop
      vertex 51.6 119.719 -6.57224
      vertex 51.6 119.904 -3.7513
      vertex 51.6 119.904 -6.4487
    endloop
  endfacet
  facet normal -1 0 0
    outer loop
      vertex 51.6 119.719 -6.57224
      vertex 51.6 119.719 -3.62776
      vertex 51.6 119.904 -3.7513
    endloop
  endfacet
  facet normal -1 0 0
    outer loop
      vertex 51.6 119.52 -6.67059
      vertex 51.6 119.719 -3.62776
      vertex 51.6 119.719 -6.57224
    endloop
  endfacet
  facet normal -1 0 0
    outer loop
      vertex 51.6 119.52 -6.67059
      vertex 51.6 119.52 -3.52941
      vertex 51.6 119.719 -3.62776
    endloop
  endfacet
  facet normal -1 0 0
    outer loop
      vertex 51.6 119.309 -6.74207
      vertex 51.6 119.52 -3.52941
      vertex 51.6 119.52 -6.67059
    endloop
  endfacet
  facet normal -1 0 0
    outer loop
      vertex 51.6 119.309 -6.74207
      vertex 51.6 119.309 -3.45793
      vertex 51.6 119.52 -3.52941
    endloop
  endfacet
  facet normal -1 0 0
    outer loop
      vertex 51.6 119.091 -6.78546
      vertex 51.6 119.309 -3.45793
      vertex 51.6 119.309 -6.74207
    endloop
  endfacet
  facet normal -1 0 0
    outer loop
      vertex 51.6 119.091 -6.78546
      vertex 51.6 119.091 -3.41454
      vertex 51.6 119.309 -3.45793
    endloop
  endfacet
  facet normal -1 0 0
    outer loop
      vertex 51.6 118.869 -6.8
      vertex 51.6 119.091 -3.41454
      vertex 51.6 119.091 -6.78546
    endloop
  endfacet
  facet normal -1 0 0
    outer loop
      vertex 51.6 118.869 -6.8
      vertex 51.6 118.869 -3.4
      vertex 51.6 119.091 -3.41454
    endloop
  endfacet
  facet normal -1 0 0
    outer loop
      vertex 51.6 118.869 -6.8
      vertex 51.6 115.819 -5.1
      vertex 51.6 118.869 -3.4
    endloop
  endfacet
  facet normal -1 0 0
    outer loop
      vertex 51.6 118.869 -6.8
      vertex 51.6 115.813 -5.19789
      vertex 51.6 115.819 -5.1
    endloop
  endfacet
  facet normal -1 0 0
    outer loop
      vertex 51.6 118.869 -6.8
      vertex 51.6 115.794 -5.29411
      vertex 51.6 115.813 -5.19789
    endloop
  endfacet
  facet normal -1 0 0
    outer loop
      vertex 51.6 118.869 -6.8
      vertex 51.6 115.762 -5.38701
      vertex 51.6 115.794 -5.29411
    endloop
  endfacet
  facet normal -1 0 0
    outer loop
      vertex 51.6 118.869 -6.8
      vertex 51.6 115.719 -5.475
      vertex 51.6 115.762 -5.38701
    endloop
  endfacet
  facet normal -1 0 0
    outer loop
      vertex 51.6 118.869 -6.8
      vertex 51.6 115.664 -5.55657
      vertex 51.6 115.719 -5.475
    endloop
  endfacet
  facet normal -1 0 0
    outer loop
      vertex 51.6 118.869 -6.8
      vertex 51.6 115.6 -5.63033
      vertex 51.6 115.664 -5.55657
    endloop
  endfacet
  facet normal -1 0 0
    outer loop
      vertex 51.6 118.869 -6.8
      vertex 51.6 115.526 -5.69501
      vertex 51.6 115.6 -5.63033
    endloop
  endfacet
  facet normal -1 0 0
    outer loop
      vertex 51.6 118.869 -6.8
      vertex 51.6 115.444 -5.74952
      vertex 51.6 115.526 -5.69501
    endloop
  endfacet
  facet normal -1 0 0
    outer loop
      vertex 51.6 118.869 -6.8
      vertex 51.6 115.356 -5.79291
      vertex 51.6 115.444 -5.74952
    endloop
  endfacet
  facet normal -1 0 0
    outer loop
      vertex 51.6 118.869 -6.8
      vertex 51.6 115.263 -5.82444
      vertex 51.6 115.356 -5.79291
    endloop
  endfacet
  facet normal -1 0 0
    outer loop
      vertex 51.6 118.869 -6.8
      vertex 51.6 115.167 -5.84358
      vertex 51.6 115.263 -5.82444
    endloop
  endfacet
  facet normal -1 0 0
    outer loop
      vertex 51.6 118.869 -6.8
      vertex 51.6 115.069 -5.85
      vertex 51.6 115.167 -5.84358
    endloop
  endfacet
  facet normal -1 0 0
    outer loop
      vertex 51.6 111.269 -6.8
      vertex 51.6 115.069 -5.85
      vertex 51.6 118.869 -6.8
    endloop
  endfacet
  facet normal -1 -0 0
    outer loop
      vertex 51.6 115.069 -5.85
      vertex 51.6 111.269 -6.8
      vertex 51.6 114.971 -5.84358
    endloop
  endfacet
  facet normal -1 -0 0
    outer loop
      vertex 51.6 114.326 -5.19789
      vertex 51.6 111.269 -6.8
      vertex 51.6 114.319 -5.1
    endloop
  endfacet
  facet normal -1 -0 0
    outer loop
      vertex 51.6 114.345 -5.29411
      vertex 51.6 111.269 -6.8
      vertex 51.6 114.326 -5.19789
    endloop
  endfacet
  facet normal -1 -0 0
    outer loop
      vertex 51.6 114.376 -5.38701
      vertex 51.6 111.269 -6.8
      vertex 51.6 114.345 -5.29411
    endloop
  endfacet
  facet normal -1 -0 0
    outer loop
      vertex 51.6 114.42 -5.475
      vertex 51.6 111.269 -6.8
      vertex 51.6 114.376 -5.38701
    endloop
  endfacet
  facet normal -1 -0 0
    outer loop
      vertex 51.6 114.474 -5.55657
      vertex 51.6 111.269 -6.8
      vertex 51.6 114.42 -5.475
    endloop
  endfacet
  facet normal -1 -0 0
    outer loop
      vertex 51.6 114.539 -5.63033
      vertex 51.6 111.269 -6.8
      vertex 51.6 114.474 -5.55657
    endloop
  endfacet
  facet normal -1 -0 0
    outer loop
      vertex 51.6 114.613 -5.69501
      vertex 51.6 111.269 -6.8
      vertex 51.6 114.539 -5.63033
    endloop
  endfacet
  facet normal -1 -0 0
    outer loop
      vertex 51.6 114.694 -5.74952
      vertex 51.6 111.269 -6.8
      vertex 51.6 114.613 -5.69501
    endloop
  endfacet
  facet normal -1 -0 0
    outer loop
      vertex 51.6 114.782 -5.79291
      vertex 51.6 111.269 -6.8
      vertex 51.6 114.694 -5.74952
    endloop
  endfacet
  facet normal -1 -0 0
    outer loop
      vertex 51.6 114.875 -5.82444
      vertex 51.6 111.269 -6.8
      vertex 51.6 114.782 -5.79291
    endloop
  endfacet
  facet normal -1 -0 0
    outer loop
      vertex 51.6 114.971 -5.84358
      vertex 51.6 111.269 -6.8
      vertex 51.6 114.875 -5.82444
    endloop
  endfacet
  facet normal -1 0 0
    outer loop
      vertex 51.6 115.813 -5.00211
      vertex 51.6 118.869 -3.4
      vertex 51.6 115.819 -5.1
    endloop
  endfacet
  facet normal -1 0 0
    outer loop
      vertex 51.6 115.794 -4.90589
      vertex 51.6 118.869 -3.4
      vertex 51.6 115.813 -5.00211
    endloop
  endfacet
  facet normal -1 0 0
    outer loop
      vertex 51.6 115.762 -4.81299
      vertex 51.6 118.869 -3.4
      vertex 51.6 115.794 -4.90589
    endloop
  endfacet
  facet normal -1 0 0
    outer loop
      vertex 51.6 115.719 -4.725
      vertex 51.6 118.869 -3.4
      vertex 51.6 115.762 -4.81299
    endloop
  endfacet
  facet normal -1 0 0
    outer loop
      vertex 51.6 115.664 -4.64343
      vertex 51.6 118.869 -3.4
      vertex 51.6 115.719 -4.725
    endloop
  endfacet
  facet normal -1 0 0
    outer loop
      vertex 51.6 115.6 -4.56967
      vertex 51.6 118.869 -3.4
      vertex 51.6 115.664 -4.64343
    endloop
  endfacet
  facet normal -1 0 0
    outer loop
      vertex 51.6 115.526 -4.50499
      vertex 51.6 118.869 -3.4
      vertex 51.6 115.6 -4.56967
    endloop
  endfacet
  facet normal -1 0 0
    outer loop
      vertex 51.6 115.444 -4.45048
      vertex 51.6 118.869 -3.4
      vertex 51.6 115.526 -4.50499
    endloop
  endfacet
  facet normal -1 0 0
    outer loop
      vertex 51.6 115.356 -4.40709
      vertex 51.6 118.869 -3.4
      vertex 51.6 115.444 -4.45048
    endloop
  endfacet
  facet normal -1 0 0
    outer loop
      vertex 51.6 115.263 -4.37556
      vertex 51.6 118.869 -3.4
      vertex 51.6 115.356 -4.40709
    endloop
  endfacet
  facet normal -1 0 0
    outer loop
      vertex 51.6 115.167 -4.35642
      vertex 51.6 118.869 -3.4
      vertex 51.6 115.263 -4.37556
    endloop
  endfacet
  facet normal -1 0 0
    outer loop
      vertex 51.6 115.069 -4.35
      vertex 51.6 118.869 -3.4
      vertex 51.6 115.167 -4.35642
    endloop
  endfacet
  facet normal -1 0 0
    outer loop
      vertex 51.6 111.269 -3.4
      vertex 51.6 115.069 -4.35
      vertex 51.6 114.971 -4.35642
    endloop
  endfacet
  facet normal -1 0 0
    outer loop
      vertex 51.6 111.269 -3.4
      vertex 51.6 114.971 -4.35642
      vertex 51.6 114.875 -4.37556
    endloop
  endfacet
  facet normal -1 0 0
    outer loop
      vertex 51.6 111.269 -3.4
      vertex 51.6 114.319 -5.1
      vertex 51.6 111.269 -6.8
    endloop
  endfacet
  facet normal -1 0 0
    outer loop
      vertex 51.6 114.319 -5.1
      vertex 51.6 111.269 -3.4
      vertex 51.6 114.326 -5.00211
    endloop
  endfacet
  facet normal -1 0 0
    outer loop
      vertex 51.6 114.326 -5.00211
      vertex 51.6 111.269 -3.4
      vertex 51.6 114.345 -4.90589
    endloop
  endfacet
  facet normal -1 0 0
    outer loop
      vertex 51.6 114.345 -4.90589
      vertex 51.6 111.269 -3.4
      vertex 51.6 114.376 -4.81299
    endloop
  endfacet
  facet normal -1 0 0
    outer loop
      vertex 51.6 114.376 -4.81299
      vertex 51.6 111.269 -3.4
      vertex 51.6 114.42 -4.725
    endloop
  endfacet
  facet normal -1 0 0
    outer loop
      vertex 51.6 114.42 -4.725
      vertex 51.6 111.269 -3.4
      vertex 51.6 114.474 -4.64343
    endloop
  endfacet
  facet normal -1 0 0
    outer loop
      vertex 51.6 114.474 -4.64343
      vertex 51.6 111.269 -3.4
      vertex 51.6 114.539 -4.56967
    endloop
  endfacet
  facet normal -1 0 0
    outer loop
      vertex 51.6 115.069 -4.35
      vertex 51.6 111.269 -3.4
      vertex 51.6 118.869 -3.4
    endloop
  endfacet
  facet normal -1 0 0
    outer loop
      vertex 51.6 114.782 -4.40709
      vertex 51.6 111.269 -3.4
      vertex 51.6 114.875 -4.37556
    endloop
  endfacet
  facet normal -1 0 0
    outer loop
      vertex 51.6 114.694 -4.45048
      vertex 51.6 111.269 -3.4
      vertex 51.6 114.782 -4.40709
    endloop
  endfacet
  facet normal -1 0 0
    outer loop
      vertex 51.6 114.613 -4.50499
      vertex 51.6 111.269 -3.4
      vertex 51.6 114.694 -4.45048
    endloop
  endfacet
  facet normal -1 0 0
    outer loop
      vertex 51.6 114.539 -4.56967
      vertex 51.6 111.269 -3.4
      vertex 51.6 114.613 -4.50499
    endloop
  endfacet
  facet normal -1 0 0
    outer loop
      vertex 51.6 111.047 -6.78546
      vertex 51.6 111.269 -3.4
      vertex 51.6 111.269 -6.8
    endloop
  endfacet
  facet normal -1 0 0
    outer loop
      vertex 51.6 111.047 -6.78546
      vertex 51.6 111.047 -3.41454
      vertex 51.6 111.269 -3.4
    endloop
  endfacet
  facet normal -1 0 0
    outer loop
      vertex 51.6 110.829 -6.74207
      vertex 51.6 111.047 -3.41454
      vertex 51.6 111.047 -6.78546
    endloop
  endfacet
  facet normal -1 0 0
    outer loop
      vertex 51.6 110.829 -6.74207
      vertex 51.6 110.829 -3.45793
      vertex 51.6 111.047 -3.41454
    endloop
  endfacet
  facet normal -1 0 0
    outer loop
      vertex 51.6 110.619 -6.67059
      vertex 51.6 110.829 -3.45793
      vertex 51.6 110.829 -6.74207
    endloop
  endfacet
  facet normal -1 0 0
    outer loop
      vertex 51.6 110.619 -6.67059
      vertex 51.6 110.619 -3.52941
      vertex 51.6 110.829 -3.45793
    endloop
  endfacet
  facet normal -1 0 0
    outer loop
      vertex 51.6 110.419 -6.57224
      vertex 51.6 110.619 -3.52941
      vertex 51.6 110.619 -6.67059
    endloop
  endfacet
  facet normal -1 0 0
    outer loop
      vertex 51.6 110.419 -6.57224
      vertex 51.6 110.419 -3.62776
      vertex 51.6 110.619 -3.52941
    endloop
  endfacet
  facet normal -1 0 0
    outer loop
      vertex 51.6 110.234 -6.4487
      vertex 51.6 110.419 -3.62776
      vertex 51.6 110.419 -6.57224
    endloop
  endfacet
  facet normal -1 0 0
    outer loop
      vertex 51.6 110.234 -6.4487
      vertex 51.6 110.234 -3.7513
      vertex 51.6 110.419 -3.62776
    endloop
  endfacet
  facet normal -1 0 0
    outer loop
      vertex 51.6 110.067 -6.30208
      vertex 51.6 110.234 -3.7513
      vertex 51.6 110.234 -6.4487
    endloop
  endfacet
  facet normal -1 0 0
    outer loop
      vertex 51.6 110.067 -6.30208
      vertex 51.6 110.067 -3.89792
      vertex 51.6 110.234 -3.7513
    endloop
  endfacet
  facet normal -1 0 0
    outer loop
      vertex 51.6 109.921 -6.13489
      vertex 51.6 110.067 -3.89792
      vertex 51.6 110.067 -6.30208
    endloop
  endfacet
  facet normal -1 0 0
    outer loop
      vertex 51.6 109.921 -6.13489
      vertex 51.6 109.921 -4.06511
      vertex 51.6 110.067 -3.89792
    endloop
  endfacet
  facet normal -1 0 0
    outer loop
      vertex 51.6 109.797 -5.95
      vertex 51.6 109.921 -4.06511
      vertex 51.6 109.921 -6.13489
    endloop
  endfacet
  facet normal -1 0 0
    outer loop
      vertex 51.6 109.797 -5.95
      vertex 51.6 109.797 -4.25
      vertex 51.6 109.921 -4.06511
    endloop
  endfacet
  facet normal -1 0 0
    outer loop
      vertex 51.6 109.699 -5.75056
      vertex 51.6 109.797 -4.25
      vertex 51.6 109.797 -5.95
    endloop
  endfacet
  facet normal -1 0 0
    outer loop
      vertex 51.6 109.699 -5.75056
      vertex 51.6 109.699 -4.44944
      vertex 51.6 109.797 -4.25
    endloop
  endfacet
  facet normal -1 0 0
    outer loop
      vertex 51.6 109.627 -5.53999
      vertex 51.6 109.699 -4.44944
      vertex 51.6 109.699 -5.75056
    endloop
  endfacet
  facet normal -1 0 0
    outer loop
      vertex 51.6 109.627 -5.53999
      vertex 51.6 109.627 -4.66001
      vertex 51.6 109.699 -4.44944
    endloop
  endfacet
  facet normal -1 0 0
    outer loop
      vertex 51.6 109.584 -5.32189
      vertex 51.6 109.627 -4.66001
      vertex 51.6 109.627 -5.53999
    endloop
  endfacet
  facet normal -1 0 0
    outer loop
      vertex 51.6 109.584 -5.32189
      vertex 51.6 109.584 -4.87811
      vertex 51.6 109.627 -4.66001
    endloop
  endfacet
  facet normal -1 0 -0
    outer loop
      vertex 51.6 109.584 -4.87811
      vertex 51.6 109.584 -5.32189
      vertex 51.6 109.569 -5.1
    endloop
  endfacet
  facet normal 0 0.980251 0.197758
    outer loop
      vertex 52 120.555 -4.87811
      vertex 51.6 120.511 -4.66001
      vertex 52 120.511 -4.66001
    endloop
  endfacet
  facet normal 0 0.980251 0.197758
    outer loop
      vertex 51.6 120.511 -4.66001
      vertex 52 120.555 -4.87811
      vertex 51.6 120.555 -4.87811
    endloop
  endfacet
  facet normal 0 0.658101 -0.75293
    outer loop
      vertex 51.4 115.526 -5.69501
      vertex 51.6 115.6 -5.63033
      vertex 51.6 115.526 -5.69501
    endloop
  endfacet
  facet normal 0 0.658101 -0.75293
    outer loop
      vertex 51.6 115.6 -5.63033
      vertex 51.4 115.526 -5.69501
      vertex 51.4 115.6 -5.63033
    endloop
  endfacet
  facet normal 0 -0.833839 0.552008
    outer loop
      vertex 51.4 114.42 -4.725
      vertex 51.6 114.474 -4.64343
      vertex 51.4 114.474 -4.64343
    endloop
  endfacet
  facet normal 0 -0.833839 0.552008
    outer loop
      vertex 51.6 114.474 -4.64343
      vertex 51.4 114.42 -4.725
      vertex 51.6 114.42 -4.725
    endloop
  endfacet
  facet normal 0 -0.658101 -0.75293
    outer loop
      vertex 51.4 114.539 -5.63033
      vertex 51.6 114.613 -5.69501
      vertex 51.6 114.539 -5.63033
    endloop
  endfacet
  facet normal -0 -0.658101 -0.75293
    outer loop
      vertex 51.6 114.613 -5.69501
      vertex 51.4 114.539 -5.63033
      vertex 51.4 114.613 -5.69501
    endloop
  endfacet
  facet normal 0 0.195527 -0.980698
    outer loop
      vertex 51.4 115.167 -5.84358
      vertex 51.6 115.263 -5.82444
      vertex 51.6 115.167 -5.84358
    endloop
  endfacet
  facet normal 0 0.195527 -0.980698
    outer loop
      vertex 51.6 115.263 -5.82444
      vertex 51.4 115.167 -5.84358
      vertex 51.4 115.263 -5.82444
    endloop
  endfacet
  facet normal 0 0.755311 0.655367
    outer loop
      vertex 51.6 115.664 -4.64343
      vertex 51.4 115.6 -4.56967
      vertex 51.6 115.6 -4.56967
    endloop
  endfacet
  facet normal 0 0.755311 0.655367
    outer loop
      vertex 51.4 115.6 -4.56967
      vertex 51.6 115.664 -4.64343
      vertex 51.4 115.664 -4.64343
    endloop
  endfacet
  facet normal 0 -0.894407 -0.447254
    outer loop
      vertex 51.4 114.42 -5.475
      vertex 51.6 114.376 -5.38701
      vertex 51.4 114.376 -5.38701
    endloop
  endfacet
  facet normal 0 -0.894407 -0.447254
    outer loop
      vertex 51.6 114.376 -5.38701
      vertex 51.4 114.42 -5.475
      vertex 51.6 114.42 -5.475
    endloop
  endfacet
  facet normal -0 0.553598 0.832784
    outer loop
      vertex 51.4 115.526 -4.50499
      vertex 51.6 115.444 -4.45048
      vertex 51.6 115.526 -4.50499
    endloop
  endfacet
  facet normal 0 0.553598 0.832784
    outer loop
      vertex 51.6 115.444 -4.45048
      vertex 51.4 115.526 -4.50499
      vertex 51.4 115.444 -4.45048
    endloop
  endfacet
  facet normal -0 0.321081 0.947052
    outer loop
      vertex 51.4 115.356 -4.40709
      vertex 51.6 115.263 -4.37556
      vertex 51.6 115.356 -4.40709
    endloop
  endfacet
  facet normal 0 0.321081 0.947052
    outer loop
      vertex 51.6 115.263 -4.37556
      vertex 51.4 115.356 -4.40709
      vertex 51.4 115.263 -4.37556
    endloop
  endfacet
  facet normal 0 0.442233 -0.8969
    outer loop
      vertex 51.4 115.356 -5.79291
      vertex 51.6 115.444 -5.74952
      vertex 51.6 115.356 -5.79291
    endloop
  endfacet
  facet normal 0 0.442233 -0.8969
    outer loop
      vertex 51.6 115.444 -5.74952
      vertex 51.4 115.356 -5.79291
      vertex 51.4 115.444 -5.74952
    endloop
  endfacet
  facet normal 0 0.898454 0.439067
    outer loop
      vertex 51.6 115.762 -4.81299
      vertex 51.4 115.719 -4.725
      vertex 51.6 115.719 -4.725
    endloop
  endfacet
  facet normal 0 0.898454 0.439067
    outer loop
      vertex 51.4 115.719 -4.725
      vertex 51.6 115.762 -4.81299
      vertex 51.4 115.762 -4.81299
    endloop
  endfacet
  facet normal 0 -0.558311 0.829632
    outer loop
      vertex 51.4 114.694 -4.45048
      vertex 51.6 114.613 -4.50499
      vertex 51.6 114.694 -4.45048
    endloop
  endfacet
  facet normal 0 -0.558311 0.829632
    outer loop
      vertex 51.6 114.613 -4.50499
      vertex 51.4 114.694 -4.45048
      vertex 51.4 114.613 -4.50499
    endloop
  endfacet
  facet normal 0 -0.442233 -0.8969
    outer loop
      vertex 51.4 114.694 -5.74952
      vertex 51.6 114.782 -5.79291
      vertex 51.6 114.694 -5.74952
    endloop
  endfacet
  facet normal -0 -0.442233 -0.8969
    outer loop
      vertex 51.6 114.782 -5.79291
      vertex 51.4 114.694 -5.74952
      vertex 51.4 114.782 -5.79291
    endloop
  endfacet
  facet normal 0 0.0653701 -0.997861
    outer loop
      vertex 51.4 115.069 -5.85
      vertex 51.6 115.167 -5.84358
      vertex 51.6 115.069 -5.85
    endloop
  endfacet
  facet normal 0 0.0653701 -0.997861
    outer loop
      vertex 51.6 115.167 -5.84358
      vertex 51.4 115.069 -5.85
      vertex 51.4 115.167 -5.84358
    endloop
  endfacet
  facet normal 0 0.321081 -0.947052
    outer loop
      vertex 51.4 115.263 -5.82444
      vertex 51.6 115.356 -5.79291
      vertex 51.6 115.263 -5.82444
    endloop
  endfacet
  facet normal 0 0.321081 -0.947052
    outer loop
      vertex 51.6 115.356 -5.79291
      vertex 51.4 115.263 -5.82444
      vertex 51.4 115.356 -5.79291
    endloop
  endfacet
  facet normal -0 0.442233 0.8969
    outer loop
      vertex 51.4 115.444 -4.45048
      vertex 51.6 115.356 -4.40709
      vertex 51.6 115.444 -4.45048
    endloop
  endfacet
  facet normal 0 0.442233 0.8969
    outer loop
      vertex 51.6 115.356 -4.40709
      vertex 51.4 115.444 -4.45048
      vertex 51.4 115.356 -4.40709
    endloop
  endfacet
  facet normal 0 0.82913 0.559056
    outer loop
      vertex 51.6 115.719 -4.725
      vertex 51.4 115.664 -4.64343
      vertex 51.6 115.664 -4.64343
    endloop
  endfacet
  facet normal 0 0.82913 0.559056
    outer loop
      vertex 51.4 115.664 -4.64343
      vertex 51.6 115.719 -4.725
      vertex 51.4 115.719 -4.725
    endloop
  endfacet
  facet normal 0 0.553598 -0.832784
    outer loop
      vertex 51.4 115.444 -5.74952
      vertex 51.6 115.526 -5.69501
      vertex 51.6 115.444 -5.74952
    endloop
  endfacet
  facet normal 0 0.553598 -0.832784
    outer loop
      vertex 51.6 115.526 -5.69501
      vertex 51.4 115.444 -5.74952
      vertex 51.4 115.526 -5.69501
    endloop
  endfacet
  facet normal 0 0.981056 0.193723
    outer loop
      vertex 51.6 115.813 -5.00211
      vertex 51.4 115.794 -4.90589
      vertex 51.6 115.794 -4.90589
    endloop
  endfacet
  facet normal 0 0.981056 0.193723
    outer loop
      vertex 51.4 115.794 -4.90589
      vertex 51.6 115.813 -5.00211
      vertex 51.4 115.813 -5.00211
    endloop
  endfacet
  facet normal 0 -0.948581 -0.316534
    outer loop
      vertex 51.4 114.376 -5.38701
      vertex 51.6 114.345 -5.29411
      vertex 51.4 114.345 -5.29411
    endloop
  endfacet
  facet normal 0 -0.948581 -0.316534
    outer loop
      vertex 51.6 114.345 -5.29411
      vertex 51.4 114.376 -5.38701
      vertex 51.6 114.376 -5.38701
    endloop
  endfacet
  facet normal 0 0.898454 -0.439067
    outer loop
      vertex 51.6 115.719 -5.475
      vertex 51.4 115.762 -5.38701
      vertex 51.6 115.762 -5.38701
    endloop
  endfacet
  facet normal 0 0.898454 -0.439067
    outer loop
      vertex 51.4 115.762 -5.38701
      vertex 51.6 115.719 -5.475
      vertex 51.4 115.719 -5.475
    endloop
  endfacet
  facet normal 0 -0.997453 -0.0713267
    outer loop
      vertex 51.4 114.326 -5.19789
      vertex 51.6 114.319 -5.1
      vertex 51.4 114.319 -5.1
    endloop
  endfacet
  facet normal 0 -0.997453 -0.0713267
    outer loop
      vertex 51.6 114.319 -5.1
      vertex 51.4 114.326 -5.19789
      vertex 51.6 114.326 -5.19789
    endloop
  endfacet
  facet normal 0 -0.0653701 -0.997861
    outer loop
      vertex 51.4 114.971 -5.84358
      vertex 51.6 115.069 -5.85
      vertex 51.6 114.971 -5.84358
    endloop
  endfacet
  facet normal -0 -0.0653701 -0.997861
    outer loop
      vertex 51.6 115.069 -5.85
      vertex 51.4 114.971 -5.84358
      vertex 51.4 115.069 -5.85
    endloop
  endfacet
  facet normal 0 -0.195527 0.980698
    outer loop
      vertex 51.4 114.971 -4.35642
      vertex 51.6 114.875 -4.37556
      vertex 51.6 114.971 -4.35642
    endloop
  endfacet
  facet normal 0 -0.195527 0.980698
    outer loop
      vertex 51.6 114.875 -4.37556
      vertex 51.4 114.971 -4.35642
      vertex 51.4 114.875 -4.37556
    endloop
  endfacet
  facet normal 0 -0.894407 0.447254
    outer loop
      vertex 51.4 114.376 -4.81299
      vertex 51.6 114.42 -4.725
      vertex 51.4 114.42 -4.725
    endloop
  endfacet
  facet normal 0 -0.894407 0.447254
    outer loop
      vertex 51.6 114.42 -4.725
      vertex 51.4 114.376 -4.81299
      vertex 51.6 114.376 -4.81299
    endloop
  endfacet
  facet normal 0 -0.321081 0.947052
    outer loop
      vertex 51.4 114.875 -4.37556
      vertex 51.6 114.782 -4.40709
      vertex 51.6 114.875 -4.37556
    endloop
  endfacet
  facet normal 0 -0.321081 0.947052
    outer loop
      vertex 51.6 114.782 -4.40709
      vertex 51.4 114.875 -4.37556
      vertex 51.4 114.782 -4.40709
    endloop
  endfacet
  facet normal 0 -0.997453 0.0713267
    outer loop
      vertex 51.4 114.319 -5.1
      vertex 51.6 114.326 -5.00211
      vertex 51.4 114.326 -5.00211
    endloop
  endfacet
  facet normal 0 -0.997453 0.0713267
    outer loop
      vertex 51.6 114.326 -5.00211
      vertex 51.4 114.319 -5.1
      vertex 51.6 114.319 -5.1
    endloop
  endfacet
  facet normal 0 0.82913 -0.559056
    outer loop
      vertex 51.6 115.664 -5.55657
      vertex 51.4 115.719 -5.475
      vertex 51.6 115.719 -5.475
    endloop
  endfacet
  facet normal 0 0.82913 -0.559056
    outer loop
      vertex 51.4 115.719 -5.475
      vertex 51.6 115.664 -5.55657
      vertex 51.4 115.664 -5.55657
    endloop
  endfacet
  facet normal 0 0.755311 -0.655367
    outer loop
      vertex 51.6 115.6 -5.63033
      vertex 51.4 115.664 -5.55657
      vertex 51.6 115.664 -5.55657
    endloop
  endfacet
  facet normal 0 0.755311 -0.655367
    outer loop
      vertex 51.4 115.664 -5.55657
      vertex 51.6 115.6 -5.63033
      vertex 51.4 115.6 -5.63033
    endloop
  endfacet
  facet normal 0 -0.0653701 0.997861
    outer loop
      vertex 51.4 115.069 -4.35
      vertex 51.6 114.971 -4.35642
      vertex 51.6 115.069 -4.35
    endloop
  endfacet
  facet normal 0 -0.0653701 0.997861
    outer loop
      vertex 51.6 114.971 -4.35642
      vertex 51.4 115.069 -4.35
      vertex 51.4 114.971 -4.35642
    endloop
  endfacet
  facet normal 0 -0.195527 -0.980698
    outer loop
      vertex 51.4 114.875 -5.82444
      vertex 51.6 114.971 -5.84358
      vertex 51.6 114.875 -5.82444
    endloop
  endfacet
  facet normal -0 -0.195527 -0.980698
    outer loop
      vertex 51.6 114.971 -5.84358
      vertex 51.4 114.875 -5.82444
      vertex 51.4 114.971 -5.84358
    endloop
  endfacet
  facet normal 0 -0.981056 -0.193723
    outer loop
      vertex 51.4 114.345 -5.29411
      vertex 51.6 114.326 -5.19789
      vertex 51.4 114.326 -5.19789
    endloop
  endfacet
  facet normal 0 -0.981056 -0.193723
    outer loop
      vertex 51.6 114.326 -5.19789
      vertex 51.4 114.345 -5.29411
      vertex 51.6 114.345 -5.29411
    endloop
  endfacet
  facet normal 0 -0.558311 -0.829632
    outer loop
      vertex 51.4 114.613 -5.69501
      vertex 51.6 114.694 -5.74952
      vertex 51.6 114.613 -5.69501
    endloop
  endfacet
  facet normal -0 -0.558311 -0.829632
    outer loop
      vertex 51.6 114.694 -5.74952
      vertex 51.4 114.613 -5.69501
      vertex 51.4 114.694 -5.74952
    endloop
  endfacet
  facet normal 0 -0.750253 -0.661151
    outer loop
      vertex 51.4 114.539 -5.63033
      vertex 51.6 114.474 -5.55657
      vertex 51.4 114.474 -5.55657
    endloop
  endfacet
  facet normal 0 -0.750253 -0.661151
    outer loop
      vertex 51.6 114.474 -5.55657
      vertex 51.4 114.539 -5.63033
      vertex 51.6 114.539 -5.63033
    endloop
  endfacet
  facet normal 0 0.945481 0.325677
    outer loop
      vertex 51.6 115.794 -4.90589
      vertex 51.4 115.762 -4.81299
      vertex 51.6 115.762 -4.81299
    endloop
  endfacet
  facet normal 0 0.945481 0.325677
    outer loop
      vertex 51.4 115.762 -4.81299
      vertex 51.6 115.794 -4.90589
      vertex 51.4 115.794 -4.90589
    endloop
  endfacet
  facet normal 0 -0.442233 0.8969
    outer loop
      vertex 51.4 114.782 -4.40709
      vertex 51.6 114.694 -4.45048
      vertex 51.6 114.782 -4.40709
    endloop
  endfacet
  facet normal 0 -0.442233 0.8969
    outer loop
      vertex 51.6 114.694 -4.45048
      vertex 51.4 114.782 -4.40709
      vertex 51.4 114.694 -4.45048
    endloop
  endfacet
  facet normal 0 0.998127 -0.0611785
    outer loop
      vertex 51.6 115.813 -5.19789
      vertex 51.4 115.819 -5.1
      vertex 51.6 115.819 -5.1
    endloop
  endfacet
  facet normal 0 0.998127 -0.0611785
    outer loop
      vertex 51.4 115.819 -5.1
      vertex 51.6 115.813 -5.19789
      vertex 51.4 115.813 -5.19789
    endloop
  endfacet
  facet normal 0 -0.948581 0.316534
    outer loop
      vertex 51.4 114.345 -4.90589
      vertex 51.6 114.376 -4.81299
      vertex 51.4 114.376 -4.81299
    endloop
  endfacet
  facet normal 0 -0.948581 0.316534
    outer loop
      vertex 51.6 114.376 -4.81299
      vertex 51.4 114.345 -4.90589
      vertex 51.6 114.345 -4.90589
    endloop
  endfacet
  facet normal 0 -0.321081 -0.947052
    outer loop
      vertex 51.4 114.782 -5.79291
      vertex 51.6 114.875 -5.82444
      vertex 51.6 114.782 -5.79291
    endloop
  endfacet
  facet normal -0 -0.321081 -0.947052
    outer loop
      vertex 51.6 114.875 -5.82444
      vertex 51.4 114.782 -5.79291
      vertex 51.4 114.875 -5.82444
    endloop
  endfacet
  facet normal 0 0.945481 -0.325677
    outer loop
      vertex 51.6 115.762 -5.38701
      vertex 51.4 115.794 -5.29411
      vertex 51.6 115.794 -5.29411
    endloop
  endfacet
  facet normal 0 0.945481 -0.325677
    outer loop
      vertex 51.4 115.794 -5.29411
      vertex 51.6 115.762 -5.38701
      vertex 51.4 115.762 -5.38701
    endloop
  endfacet
  facet normal -0 0.658101 0.75293
    outer loop
      vertex 51.4 115.6 -4.56967
      vertex 51.6 115.526 -4.50499
      vertex 51.6 115.6 -4.56967
    endloop
  endfacet
  facet normal 0 0.658101 0.75293
    outer loop
      vertex 51.6 115.526 -4.50499
      vertex 51.4 115.6 -4.56967
      vertex 51.4 115.526 -4.50499
    endloop
  endfacet
  facet normal -0 0.195527 0.980698
    outer loop
      vertex 51.4 115.263 -4.37556
      vertex 51.6 115.167 -4.35642
      vertex 51.6 115.263 -4.37556
    endloop
  endfacet
  facet normal 0 0.195527 0.980698
    outer loop
      vertex 51.6 115.167 -4.35642
      vertex 51.4 115.263 -4.37556
      vertex 51.4 115.167 -4.35642
    endloop
  endfacet
  facet normal 0 0.998127 0.0611785
    outer loop
      vertex 51.6 115.819 -5.1
      vertex 51.4 115.813 -5.00211
      vertex 51.6 115.813 -5.00211
    endloop
  endfacet
  facet normal 0 0.998127 0.0611785
    outer loop
      vertex 51.4 115.813 -5.00211
      vertex 51.6 115.819 -5.1
      vertex 51.4 115.819 -5.1
    endloop
  endfacet
  facet normal -0 0.0653701 0.997861
    outer loop
      vertex 51.4 115.167 -4.35642
      vertex 51.6 115.069 -4.35
      vertex 51.6 115.167 -4.35642
    endloop
  endfacet
  facet normal 0 0.0653701 0.997861
    outer loop
      vertex 51.6 115.069 -4.35
      vertex 51.4 115.167 -4.35642
      vertex 51.4 115.069 -4.35
    endloop
  endfacet
  facet normal 0 0.981056 -0.193723
    outer loop
      vertex 51.6 115.794 -5.29411
      vertex 51.4 115.813 -5.19789
      vertex 51.6 115.813 -5.19789
    endloop
  endfacet
  facet normal 0 0.981056 -0.193723
    outer loop
      vertex 51.4 115.813 -5.19789
      vertex 51.6 115.794 -5.29411
      vertex 51.4 115.794 -5.29411
    endloop
  endfacet
  facet normal 0 -0.833839 -0.552008
    outer loop
      vertex 51.4 114.474 -5.55657
      vertex 51.6 114.42 -5.475
      vertex 51.4 114.42 -5.475
    endloop
  endfacet
  facet normal 0 -0.833839 -0.552008
    outer loop
      vertex 51.6 114.42 -5.475
      vertex 51.4 114.474 -5.55657
      vertex 51.6 114.474 -5.55657
    endloop
  endfacet
  facet normal 0 -0.658101 0.75293
    outer loop
      vertex 51.4 114.613 -4.50499
      vertex 51.6 114.539 -4.56967
      vertex 51.6 114.613 -4.50499
    endloop
  endfacet
  facet normal 0 -0.658101 0.75293
    outer loop
      vertex 51.6 114.539 -4.56967
      vertex 51.4 114.613 -4.50499
      vertex 51.4 114.539 -4.56967
    endloop
  endfacet
  facet normal 0 -0.750253 0.661151
    outer loop
      vertex 51.4 114.474 -4.64343
      vertex 51.6 114.539 -4.56967
      vertex 51.4 114.539 -4.56967
    endloop
  endfacet
  facet normal 0 -0.750253 0.661151
    outer loop
      vertex 51.6 114.539 -4.56967
      vertex 51.4 114.474 -4.64343
      vertex 51.6 114.474 -4.64343
    endloop
  endfacet
  facet normal -1 0 0
    outer loop
      vertex 51.4 115.813 -5.19789
      vertex 51.4 115.813 -5.00211
      vertex 51.4 115.819 -5.1
    endloop
  endfacet
  facet normal -1 0 0
    outer loop
      vertex 51.4 115.794 -5.29411
      vertex 51.4 115.813 -5.00211
      vertex 51.4 115.813 -5.19789
    endloop
  endfacet
  facet normal -1 0 0
    outer loop
      vertex 51.4 115.794 -5.29411
      vertex 51.4 115.794 -4.90589
      vertex 51.4 115.813 -5.00211
    endloop
  endfacet
  facet normal -1 0 0
    outer loop
      vertex 51.4 115.762 -5.38701
      vertex 51.4 115.794 -4.90589
      vertex 51.4 115.794 -5.29411
    endloop
  endfacet
  facet normal -1 0 0
    outer loop
      vertex 51.4 115.762 -5.38701
      vertex 51.4 115.762 -4.81299
      vertex 51.4 115.794 -4.90589
    endloop
  endfacet
  facet normal -1 0 0
    outer loop
      vertex 51.4 115.719 -5.475
      vertex 51.4 115.762 -4.81299
      vertex 51.4 115.762 -5.38701
    endloop
  endfacet
  facet normal -1 0 0
    outer loop
      vertex 51.4 115.719 -5.475
      vertex 51.4 115.719 -4.725
      vertex 51.4 115.762 -4.81299
    endloop
  endfacet
  facet normal -1 0 0
    outer loop
      vertex 51.4 115.664 -5.55657
      vertex 51.4 115.719 -4.725
      vertex 51.4 115.719 -5.475
    endloop
  endfacet
  facet normal -1 0 0
    outer loop
      vertex 51.4 115.664 -5.55657
      vertex 51.4 115.664 -4.64343
      vertex 51.4 115.719 -4.725
    endloop
  endfacet
  facet normal -1 0 0
    outer loop
      vertex 51.4 115.6 -5.63033
      vertex 51.4 115.664 -4.64343
      vertex 51.4 115.664 -5.55657
    endloop
  endfacet
  facet normal -1 0 0
    outer loop
      vertex 51.4 115.6 -5.63033
      vertex 51.4 115.6 -4.56967
      vertex 51.4 115.664 -4.64343
    endloop
  endfacet
  facet normal -1 0 0
    outer loop
      vertex 51.4 115.526 -5.69501
      vertex 51.4 115.6 -4.56967
      vertex 51.4 115.6 -5.63033
    endloop
  endfacet
  facet normal -1 0 0
    outer loop
      vertex 51.4 115.526 -5.69501
      vertex 51.4 115.526 -4.50499
      vertex 51.4 115.6 -4.56967
    endloop
  endfacet
  facet normal -1 0 0
    outer loop
      vertex 51.4 115.444 -5.74952
      vertex 51.4 115.526 -4.50499
      vertex 51.4 115.526 -5.69501
    endloop
  endfacet
  facet normal -1 0 0
    outer loop
      vertex 51.4 115.444 -5.74952
      vertex 51.4 115.444 -4.45048
      vertex 51.4 115.526 -4.50499
    endloop
  endfacet
  facet normal -1 0 0
    outer loop
      vertex 51.4 115.356 -5.79291
      vertex 51.4 115.444 -4.45048
      vertex 51.4 115.444 -5.74952
    endloop
  endfacet
  facet normal -1 0 0
    outer loop
      vertex 51.4 115.356 -5.79291
      vertex 51.4 115.356 -4.40709
      vertex 51.4 115.444 -4.45048
    endloop
  endfacet
  facet normal -1 0 0
    outer loop
      vertex 51.4 115.263 -5.82444
      vertex 51.4 115.356 -4.40709
      vertex 51.4 115.356 -5.79291
    endloop
  endfacet
  facet normal -1 0 0
    outer loop
      vertex 51.4 115.263 -5.82444
      vertex 51.4 115.263 -4.37556
      vertex 51.4 115.356 -4.40709
    endloop
  endfacet
  facet normal -1 0 0
    outer loop
      vertex 51.4 115.167 -5.84358
      vertex 51.4 115.263 -4.37556
      vertex 51.4 115.263 -5.82444
    endloop
  endfacet
  facet normal -1 0 0
    outer loop
      vertex 51.4 115.167 -5.84358
      vertex 51.4 115.167 -4.35642
      vertex 51.4 115.263 -4.37556
    endloop
  endfacet
  facet normal -1 0 0
    outer loop
      vertex 51.4 115.069 -5.85
      vertex 51.4 115.167 -4.35642
      vertex 51.4 115.167 -5.84358
    endloop
  endfacet
  facet normal -1 0 0
    outer loop
      vertex 51.4 115.069 -5.85
      vertex 51.4 115.069 -4.35
      vertex 51.4 115.167 -4.35642
    endloop
  endfacet
  facet normal -1 0 0
    outer loop
      vertex 51.4 114.971 -5.84358
      vertex 51.4 115.069 -4.35
      vertex 51.4 115.069 -5.85
    endloop
  endfacet
  facet normal -1 0 0
    outer loop
      vertex 51.4 114.971 -5.84358
      vertex 51.4 114.971 -4.35642
      vertex 51.4 115.069 -4.35
    endloop
  endfacet
  facet normal -1 0 0
    outer loop
      vertex 51.4 114.875 -5.82444
      vertex 51.4 114.971 -4.35642
      vertex 51.4 114.971 -5.84358
    endloop
  endfacet
  facet normal -1 0 0
    outer loop
      vertex 51.4 114.875 -5.82444
      vertex 51.4 114.875 -4.37556
      vertex 51.4 114.971 -4.35642
    endloop
  endfacet
  facet normal -1 0 0
    outer loop
      vertex 51.4 114.782 -5.79291
      vertex 51.4 114.875 -4.37556
      vertex 51.4 114.875 -5.82444
    endloop
  endfacet
  facet normal -1 0 0
    outer loop
      vertex 51.4 114.782 -5.79291
      vertex 51.4 114.782 -4.40709
      vertex 51.4 114.875 -4.37556
    endloop
  endfacet
  facet normal -1 0 0
    outer loop
      vertex 51.4 114.694 -5.74952
      vertex 51.4 114.782 -4.40709
      vertex 51.4 114.782 -5.79291
    endloop
  endfacet
  facet normal -1 0 0
    outer loop
      vertex 51.4 114.694 -5.74952
      vertex 51.4 114.694 -4.45048
      vertex 51.4 114.782 -4.40709
    endloop
  endfacet
  facet normal -1 0 0
    outer loop
      vertex 51.4 114.613 -5.69501
      vertex 51.4 114.694 -4.45048
      vertex 51.4 114.694 -5.74952
    endloop
  endfacet
  facet normal -1 0 0
    outer loop
      vertex 51.4 114.613 -5.69501
      vertex 51.4 114.613 -4.50499
      vertex 51.4 114.694 -4.45048
    endloop
  endfacet
  facet normal -1 0 0
    outer loop
      vertex 51.4 114.539 -5.63033
      vertex 51.4 114.613 -4.50499
      vertex 51.4 114.613 -5.69501
    endloop
  endfacet
  facet normal -1 0 0
    outer loop
      vertex 51.4 114.539 -5.63033
      vertex 51.4 114.539 -4.56967
      vertex 51.4 114.613 -4.50499
    endloop
  endfacet
  facet normal -1 0 0
    outer loop
      vertex 51.4 114.474 -5.55657
      vertex 51.4 114.539 -4.56967
      vertex 51.4 114.539 -5.63033
    endloop
  endfacet
  facet normal -1 0 0
    outer loop
      vertex 51.4 114.474 -5.55657
      vertex 51.4 114.474 -4.64343
      vertex 51.4 114.539 -4.56967
    endloop
  endfacet
  facet normal -1 0 0
    outer loop
      vertex 51.4 114.42 -5.475
      vertex 51.4 114.474 -4.64343
      vertex 51.4 114.474 -5.55657
    endloop
  endfacet
  facet normal -1 0 0
    outer loop
      vertex 51.4 114.42 -5.475
      vertex 51.4 114.42 -4.725
      vertex 51.4 114.474 -4.64343
    endloop
  endfacet
  facet normal -1 0 0
    outer loop
      vertex 51.4 114.376 -5.38701
      vertex 51.4 114.42 -4.725
      vertex 51.4 114.42 -5.475
    endloop
  endfacet
  facet normal -1 0 0
    outer loop
      vertex 51.4 114.376 -5.38701
      vertex 51.4 114.376 -4.81299
      vertex 51.4 114.42 -4.725
    endloop
  endfacet
  facet normal -1 0 0
    outer loop
      vertex 51.4 114.345 -5.29411
      vertex 51.4 114.376 -4.81299
      vertex 51.4 114.376 -5.38701
    endloop
  endfacet
  facet normal -1 0 0
    outer loop
      vertex 51.4 114.345 -5.29411
      vertex 51.4 114.345 -4.90589
      vertex 51.4 114.376 -4.81299
    endloop
  endfacet
  facet normal -1 0 0
    outer loop
      vertex 51.4 114.326 -5.19789
      vertex 51.4 114.345 -4.90589
      vertex 51.4 114.345 -5.29411
    endloop
  endfacet
  facet normal -1 0 0
    outer loop
      vertex 51.4 114.326 -5.19789
      vertex 51.4 114.326 -5.00211
      vertex 51.4 114.345 -4.90589
    endloop
  endfacet
  facet normal -1 0 -0
    outer loop
      vertex 51.4 114.326 -5.00211
      vertex 51.4 114.326 -5.19789
      vertex 51.4 114.319 -5.1
    endloop
  endfacet
  facet normal 0 -0.981056 0.193723
    outer loop
      vertex 51.4 114.326 -5.00211
      vertex 51.6 114.345 -4.90589
      vertex 51.4 114.345 -4.90589
    endloop
  endfacet
  facet normal 0 -0.981056 0.193723
    outer loop
      vertex 51.6 114.345 -4.90589
      vertex 51.4 114.326 -5.00211
      vertex 51.6 114.326 -5.00211
    endloop
  endfacet
  facet normal 0.816293 0.137604 0.561009
    outer loop
      vertex 53.7092 115.155 -4.72408
      vertex 53.6783 115.176 -4.68427
      vertex 53.6842 115.141 -4.68427
    endloop
  endfacet
  facet normal 0.668306 0.676017 -0.310431
    outer loop
      vertex 53.6621 115.458 -5.32114
      vertex 53.6358 115.484 -5.32114
      vertex 53.6406 115.507 -5.26072
    endloop
  endfacet
  facet normal 0.997274 -0.032723 0.0661363
    outer loop
      vertex 53.7952 115.069 -5.00246
      vertex 53.7931 115.005 -5.00246
      vertex 53.7995 115.069 -5.0673
    endloop
  endfacet
  facet normal 0.676095 0.671266 0.303806
    outer loop
      vertex 53.6684 115.479 -4.93928
      vertex 53.6406 115.507 -4.93928
      vertex 53.6621 115.458 -4.87886
    endloop
  endfacet
  facet normal 0.728973 0.408667 0.549172
    outer loop
      vertex 53.6644 115.368 -4.77033
      vertex 53.6503 115.331 -4.72408
      vertex 53.6829 115.335 -4.77033
    endloop
  endfacet
  facet normal 0.926809 0.226974 -0.299179
    outer loop
      vertex 53.742 115.228 -5.37778
      vertex 53.73 115.277 -5.37778
      vertex 53.7571 115.241 -5.32114
    endloop
  endfacet
  facet normal 0.887225 -0.0887225 -0.452725
    outer loop
      vertex 53.7316 114.972 -5.42967
      vertex 53.7092 114.984 -5.47592
      vertex 53.7134 115.026 -5.47592
    endloop
  endfacet
  facet normal 0.955247 -0.0955247 0.279963
    outer loop
      vertex 53.7561 115.015 -4.82222
      vertex 53.7508 114.962 -4.82222
      vertex 53.7723 115.011 -4.87886
    endloop
  endfacet
  facet normal 0.986034 0.0986034 0.134218
    outer loop
      vertex 53.7868 115.196 -5.00246
      vertex 53.7847 115.131 -4.93928
      vertex 53.7931 115.133 -5.00246
    endloop
  endfacet
  facet normal 0.322453 -0.941564 -0.0973696
    outer loop
      vertex 53.6146 114.587 -5.1327
      vertex 53.6 114.582 -5.1327
      vertex 53.6 114.585 -5.16171
    endloop
  endfacet
  facet normal 0.948291 0.231993 0.216619
    outer loop
      vertex 53.7687 115.25 -4.93928
      vertex 53.755 115.306 -4.93928
      vertex 53.7571 115.241 -4.87886
    endloop
  endfacet
  facet normal 0.926703 0.229894 0.297272
    outer loop
      vertex 53.7442 115.293 -4.87886
      vertex 53.73 115.277 -4.82222
      vertex 53.7571 115.241 -4.87886
    endloop
  endfacet
  facet normal 0.960521 -0.0314654 0.276421
    outer loop
      vertex 53.7742 115.069 -4.87886
      vertex 53.7579 115.069 -4.82222
      vertex 53.7723 115.011 -4.87886
    endloop
  endfacet
  facet normal 0.873734 0.150054 0.462679
    outer loop
      vertex 53.7237 115.213 -4.77033
      vertex 53.7023 115.195 -4.72408
      vertex 53.7316 115.167 -4.77033
    endloop
  endfacet
  facet normal 0.938854 -0.310544 -0.148714
    outer loop
      vertex 53.7445 114.771 -5.19754
      vertex 53.7378 114.781 -5.26072
      vertex 53.755 114.833 -5.26072
    endloop
  endfacet
  facet normal 0.782818 0.591718 0.192523
    outer loop
      vertex 53.6726 115.494 -5.00246
      vertex 53.6684 115.479 -4.93928
      vertex 53.6941 115.445 -4.93928
    endloop
  endfacet
  facet normal 0.558296 0.821493 0.115994
    outer loop
      vertex 53.6455 115.53 -5.0673
      vertex 53.6146 115.551 -5.0673
      vertex 53.6438 115.522 -5.00246
    endloop
  endfacet
  facet normal 0.392853 -0.887847 -0.23957
    outer loop
      vertex 53.6113 114.612 -5.26072
      vertex 53.6 114.597 -5.22366
      vertex 53.6 114.607 -5.26072
    endloop
  endfacet
  facet normal 0.395546 -0.886968 -0.238393
    outer loop
      vertex 53.6 114.597 -5.22366
      vertex 53.6113 114.612 -5.26072
      vertex 53.6135 114.596 -5.19754
    endloop
  endfacet
  facet normal 0.598369 -0.608342 0.521416
    outer loop
      vertex 53.6539 114.709 -4.82222
      vertex 53.6219 114.722 -4.77033
      vertex 53.6295 114.685 -4.82222
    endloop
  endfacet
  facet normal 0.990565 0.0319537 0.133267
    outer loop
      vertex 53.7952 115.069 -5.00246
      vertex 53.7847 115.131 -4.93928
      vertex 53.7867 115.069 -4.93928
    endloop
  endfacet
  facet normal 0.915357 -0.393603 0.0848441
    outer loop
      vertex 53.7479 114.766 -5.0673
      vertex 53.7234 114.723 -5.00246
      vertex 53.7264 114.716 -5.0673
    endloop
  endfacet
  facet normal 0.75965 -0.260451 -0.5959
    outer loop
      vertex 53.6808 114.869 -5.47592
      vertex 53.6602 114.9 -5.51573
      vertex 53.6928 114.904 -5.47592
    endloop
  endfacet
  facet normal 0.720113 -0.419209 0.552902
    outer loop
      vertex 53.6666 114.836 -4.72408
      vertex 53.6503 114.808 -4.72408
      vertex 53.6829 114.803 -4.77033
    endloop
  endfacet
  facet normal 0.915932 0.157301 0.369222
    outer loop
      vertex 53.7508 115.177 -4.82222
      vertex 53.7237 115.213 -4.77033
      vertex 53.7316 115.167 -4.77033
    endloop
  endfacet
  facet normal 0.983735 0.166106 0.0683723
    outer loop
      vertex 53.7805 115.26 -5.0673
      vertex 53.7765 115.257 -5.00246
      vertex 53.7868 115.196 -5.00246
    endloop
  endfacet
  facet normal 0.955247 0.0955247 -0.279963
    outer loop
      vertex 53.7561 115.124 -5.37778
      vertex 53.7508 115.177 -5.37778
      vertex 53.7723 115.128 -5.32114
    endloop
  endfacet
  facet normal 0.830521 0.0830521 0.55076
    outer loop
      vertex 53.7092 115.155 -4.72408
      vertex 53.6842 115.141 -4.68427
      vertex 53.6877 115.106 -4.68427
    endloop
  endfacet
  facet normal 0.782371 0.342552 0.520148
    outer loop
      vertex 53.6829 115.335 -4.77033
      vertex 53.6666 115.302 -4.72408
      vertex 53.6991 115.298 -4.77033
    endloop
  endfacet
  facet normal 0.889142 -0.385925 0.245945
    outer loop
      vertex 53.7378 114.781 -4.93928
      vertex 53.7085 114.752 -4.87886
      vertex 53.7174 114.734 -4.93928
    endloop
  endfacet
  facet normal 0.591065 -0.145493 -0.793394
    outer loop
      vertex 53.6458 114.959 -5.54844
      vertex 53.6196 114.989 -5.57346
      vertex 53.6522 114.985 -5.54844
    endloop
  endfacet
  facet normal 0.868765 -0.291519 -0.40033
    outer loop
      vertex 53.7149 114.816 -5.37778
      vertex 53.7128 114.881 -5.42967
      vertex 53.73 114.861 -5.37778
    endloop
  endfacet
  facet normal 0.549881 -0.558563 0.620998
    outer loop
      vertex 53.6324 114.784 -4.72408
      vertex 53.6131 114.765 -4.72408
      vertex 53.644 114.744 -4.77033
    endloop
  endfacet
  facet normal 0.72111 -0.416892 -0.553355
    outer loop
      vertex 53.6644 114.771 -5.42967
      vertex 53.6503 114.808 -5.47592
      vertex 53.6829 114.803 -5.42967
    endloop
  endfacet
  facet normal 0.92786 -0.092786 -0.361202
    outer loop
      vertex 53.7508 114.962 -5.37778
      vertex 53.7316 114.972 -5.42967
      vertex 53.7561 115.015 -5.37778
    endloop
  endfacet
  facet normal 0.99519 -0.097964 0
    outer loop
      vertex 53.791 114.94 -5.0673
      vertex 53.7973 115.004 -5.1327
      vertex 53.7973 115.004 -5.0673
    endloop
  endfacet
  facet normal 0.99519 -0.097964 0
    outer loop
      vertex 53.7973 115.004 -5.1327
      vertex 53.791 114.94 -5.0673
      vertex 53.791 114.94 -5.1327
    endloop
  endfacet
  facet normal 0.971103 0.238661 0
    outer loop
      vertex 53.7805 115.26 -5.0673
      vertex 53.766 115.319 -5.1327
      vertex 53.766 115.319 -5.0673
    endloop
  endfacet
  facet normal 0.971103 0.238661 0
    outer loop
      vertex 53.766 115.319 -5.1327
      vertex 53.7805 115.26 -5.0673
      vertex 53.7805 115.26 -5.1327
    endloop
  endfacet
  facet normal 0.868993 -0.48704 -0.0874254
    outer loop
      vertex 53.7019 114.673 -5.1327
      vertex 53.6993 114.68 -5.19754
      vertex 53.7234 114.723 -5.19754
    endloop
  endfacet
  facet normal 0.93348 -0.030481 0.357332
    outer loop
      vertex 53.738 115.069 -4.77033
      vertex 53.7364 115.02 -4.77033
      vertex 53.7561 115.015 -4.82222
    endloop
  endfacet
  facet normal 0.53576 -0.811676 0.232688
    outer loop
      vertex 53.6406 114.632 -4.93928
      vertex 53.6135 114.596 -5.00246
      vertex 53.6438 114.616 -5.00246
    endloop
  endfacet
  facet normal 0.955014 -0.0938548 0.281319
    outer loop
      vertex 53.7723 115.011 -4.87886
      vertex 53.7508 114.962 -4.82222
      vertex 53.7666 114.953 -4.87886
    endloop
  endfacet
  facet normal 0.732901 0.124865 0.668778
    outer loop
      vertex 53.6783 115.176 -4.68427
      vertex 53.6522 115.154 -4.65156
      vertex 53.6568 115.127 -4.65156
    endloop
  endfacet
  facet normal 0.904377 -0.397549 -0.155101
    outer loop
      vertex 53.7234 114.723 -5.19754
      vertex 53.7174 114.734 -5.26072
      vertex 53.7445 114.771 -5.19754
    endloop
  endfacet
  facet normal 0.92786 -0.092786 0.361202
    outer loop
      vertex 53.7561 115.015 -4.82222
      vertex 53.7316 114.972 -4.77033
      vertex 53.7508 114.962 -4.82222
    endloop
  endfacet
  facet normal 0.986034 -0.0986034 0.134218
    outer loop
      vertex 53.7931 115.005 -5.00246
      vertex 53.7847 115.007 -4.93928
      vertex 53.7868 114.942 -5.00246
    endloop
  endfacet
  facet normal 0.816263 -0.137371 0.561109
    outer loop
      vertex 53.7092 114.984 -4.72408
      vertex 53.6783 114.963 -4.68427
      vertex 53.7023 114.943 -4.72408
    endloop
  endfacet
  facet normal 0.3996 0.2997 0.866314
    outer loop
      vertex 53.6 115.208 -4.63078
      vertex 53.6173 115.245 -4.65156
      vertex 53.6053 115.261 -4.65156
    endloop
  endfacet
  facet normal 0.397021 0.301267 0.866956
    outer loop
      vertex 53.6173 115.245 -4.65156
      vertex 53.6 115.208 -4.63078
      vertex 53.6 115.2 -4.628
    endloop
  endfacet
  facet normal 0.732901 -0.124865 0.668778
    outer loop
      vertex 53.6568 115.012 -4.65156
      vertex 53.6522 114.985 -4.65156
      vertex 53.6783 114.963 -4.68427
    endloop
  endfacet
  facet normal 0.704673 0.709533 -0
    outer loop
      vertex 53.6747 115.501 -5.1327
      vertex 53.6455 115.53 -5.0673
      vertex 53.6747 115.501 -5.0673
    endloop
  endfacet
  facet normal 0.704673 0.709533 0
    outer loop
      vertex 53.6455 115.53 -5.0673
      vertex 53.6747 115.501 -5.1327
      vertex 53.6455 115.53 -5.1327
    endloop
  endfacet
  facet normal 0.699924 0.528832 0.480045
    outer loop
      vertex 53.6539 115.429 -4.82222
      vertex 53.644 115.395 -4.77033
      vertex 53.6644 115.368 -4.77033
    endloop
  endfacet
  facet normal 0.425043 0.664889 0.614216
    outer loop
      vertex 53.6 115.427 -4.766
      vertex 53.6219 115.417 -4.77033
      vertex 53.6 115.431 -4.77033
    endloop
  endfacet
  facet normal 0.416027 0.625154 0.660382
    outer loop
      vertex 53.6219 115.417 -4.77033
      vertex 53.6 115.427 -4.766
      vertex 53.6131 115.374 -4.72408
    endloop
  endfacet
  facet normal 0.202823 0.770729 0.60402
    outer loop
      vertex 53.6 115.472 -4.82222
      vertex 53.6 115.442 -4.78394
      vertex 53.6038 115.471 -4.82222
    endloop
  endfacet
  facet normal 0.903478 0.397154 0.161233
    outer loop
      vertex 53.7234 115.416 -5.00246
      vertex 53.7174 115.404 -4.93928
      vertex 53.7445 115.368 -5.00246
    endloop
  endfacet
  facet normal 0.492737 0.226826 -0.840095
    outer loop
      vertex 53.6 115.2 -5.572
      vertex 53.6282 115.226 -5.54844
      vertex 53.6 115.198 -5.57254
    endloop
  endfacet
  facet normal 0.462341 0.265238 -0.846103
    outer loop
      vertex 53.6282 115.226 -5.54844
      vertex 53.6 115.2 -5.572
      vertex 53.6173 115.245 -5.54844
    endloop
  endfacet
  facet normal 0.986034 -0.0986034 -0.134218
    outer loop
      vertex 53.7868 114.942 -5.19754
      vertex 53.7847 115.007 -5.26072
      vertex 53.7931 115.005 -5.19754
    endloop
  endfacet
  facet normal 0.693861 0.688905 -0.209683
    outer loop
      vertex 53.6684 115.479 -5.26072
      vertex 53.6406 115.507 -5.26072
      vertex 53.6726 115.494 -5.19754
    endloop
  endfacet
  facet normal 0.901283 0.299815 -0.312729
    outer loop
      vertex 53.7442 115.293 -5.32114
      vertex 53.7149 115.322 -5.37778
      vertex 53.7279 115.342 -5.32114
    endloop
  endfacet
  facet normal 0.915728 0.401799 0
    outer loop
      vertex 53.7479 115.373 -5.0673
      vertex 53.7264 115.422 -5.1327
      vertex 53.7264 115.422 -5.0673
    endloop
  endfacet
  facet normal 0.915728 0.401799 0
    outer loop
      vertex 53.7264 115.422 -5.1327
      vertex 53.7479 115.373 -5.0673
      vertex 53.7479 115.373 -5.1327
    endloop
  endfacet
  facet normal 0.838741 0.476651 0.263281
    outer loop
      vertex 53.6941 115.445 -4.93928
      vertex 53.6865 115.425 -4.87886
      vertex 53.7174 115.404 -4.93928
    endloop
  endfacet
  facet normal 0.939312 0.309625 0.147736
    outer loop
      vertex 53.7623 115.314 -5.00246
      vertex 53.7445 115.368 -5.00246
      vertex 53.755 115.306 -4.93928
    endloop
  endfacet
  facet normal 0.997274 0.032723 0.0661363
    outer loop
      vertex 53.7995 115.069 -5.0673
      vertex 53.7931 115.133 -5.00246
      vertex 53.7952 115.069 -5.00246
    endloop
  endfacet
  facet normal 0.887461 0.0869349 0.45261
    outer loop
      vertex 53.7316 115.167 -4.77033
      vertex 53.7134 115.112 -4.72408
      vertex 53.7364 115.118 -4.77033
    endloop
  endfacet
  facet normal 0.637971 0.021999 0.769746
    outer loop
      vertex 53.6596 115.098 -4.65156
      vertex 53.6304 115.069 -4.62653
      vertex 53.6606 115.069 -4.65156
    endloop
  endfacet
  facet normal 0.864573 0.37746 0.33172
    outer loop
      vertex 53.7279 115.342 -4.87886
      vertex 53.697 115.363 -4.82222
      vertex 53.7149 115.322 -4.82222
    endloop
  endfacet
  facet normal 0.986409 0.0970238 0.132605
    outer loop
      vertex 53.7868 115.196 -5.00246
      vertex 53.7787 115.192 -4.93928
      vertex 53.7847 115.131 -4.93928
    endloop
  endfacet
  facet normal 0.566152 0.816876 -0.110391
    outer loop
      vertex 53.6438 115.522 -5.19754
      vertex 53.6135 115.543 -5.19754
      vertex 53.6146 115.551 -5.1327
    endloop
  endfacet
  facet normal 0.739898 -0.557389 -0.376655
    outer loop
      vertex 53.6865 114.714 -5.32114
      vertex 53.6539 114.709 -5.37778
      vertex 53.6765 114.739 -5.37778
    endloop
  endfacet
  facet normal 0.672585 -0.226437 -0.704525
    outer loop
      vertex 53.6602 114.9 -5.51573
      vertex 53.6458 114.959 -5.54844
      vertex 53.6703 114.93 -5.51573
    endloop
  endfacet
  facet normal 0.471674 -0.0157225 0.881633
    outer loop
      vertex 53.6 115.057 -4.61048
      vertex 53.6297 115.048 -4.62653
      vertex 53.6304 115.069 -4.62653
    endloop
  endfacet
  facet normal 0.471208 -0.0176369 0.881846
    outer loop
      vertex 53.6297 115.048 -4.62653
      vertex 53.6 115.057 -4.61048
      vertex 53.6 115.056 -4.6105
    endloop
  endfacet
  facet normal 0.831296 0.362932 -0.420984
    outer loop
      vertex 53.6991 115.298 -5.42967
      vertex 53.697 115.363 -5.37778
      vertex 53.7149 115.322 -5.37778
    endloop
  endfacet
  facet normal 0.73099 -0.126848 -0.670494
    outer loop
      vertex 53.6783 114.963 -5.51573
      vertex 53.6568 115.012 -5.54844
      vertex 53.6842 114.997 -5.51573
    endloop
  endfacet
  facet normal 0.927915 -0.227244 -0.295523
    outer loop
      vertex 53.7571 114.898 -5.32114
      vertex 53.73 114.861 -5.37778
      vertex 53.742 114.91 -5.37778
    endloop
  endfacet
  facet normal 0.983092 -0.168764 0.0710583
    outer loop
      vertex 53.7868 114.942 -5.00246
      vertex 53.7765 114.882 -5.00246
      vertex 53.7805 114.878 -5.0673
    endloop
  endfacet
  facet normal 0.70563 -0.700764 0.104961
    outer loop
      vertex 53.6726 114.645 -5.00246
      vertex 53.6438 114.616 -5.00246
      vertex 53.6455 114.608 -5.0673
    endloop
  endfacet
  facet normal 0.90095 -0.302319 -0.311275
    outer loop
      vertex 53.7442 114.845 -5.32114
      vertex 53.7149 114.816 -5.37778
      vertex 53.73 114.861 -5.37778
    endloop
  endfacet
  facet normal 0.792627 -0.582015 -0.181659
    outer loop
      vertex 53.6726 114.645 -5.19754
      vertex 53.6684 114.659 -5.26072
      vertex 53.6941 114.694 -5.26072
    endloop
  endfacet
  facet normal 0.964046 0.163544 -0.209448
    outer loop
      vertex 53.7666 115.185 -5.32114
      vertex 53.7571 115.241 -5.32114
      vertex 53.7687 115.25 -5.26072
    endloop
  endfacet
  facet normal 0.960354 -0.0320118 -0.276938
    outer loop
      vertex 53.7723 115.011 -5.32114
      vertex 53.7561 115.015 -5.37778
      vertex 53.7579 115.069 -5.37778
    endloop
  endfacet
  facet normal 0.584778 -0.436147 -0.683967
    outer loop
      vertex 53.6324 114.784 -5.47592
      vertex 53.6194 114.829 -5.51573
      vertex 53.6503 114.808 -5.47592
    endloop
  endfacet
  facet normal 0.459432 -0.694554 -0.55364
    outer loop
      vertex 53.6 114.696 -5.41606
      vertex 53.6295 114.685 -5.37778
      vertex 53.6038 114.668 -5.37778
    endloop
  endfacet
  facet normal 0.457573 -0.696478 -0.552761
    outer loop
      vertex 53.6295 114.685 -5.37778
      vertex 53.6 114.696 -5.41606
      vertex 53.6 114.705 -5.4274
    endloop
  endfacet
  facet normal 0.531054 -0.777016 -0.337975
    outer loop
      vertex 53.6406 114.632 -5.26072
      vertex 53.608 114.636 -5.32114
      vertex 53.6358 114.655 -5.32114
    endloop
  endfacet
  facet normal 0.394481 -0.887583 -0.237867
    outer loop
      vertex 53.6135 114.596 -5.19754
      vertex 53.6 114.59 -5.19754
      vertex 53.6 114.597 -5.22366
    endloop
  endfacet
  facet normal 0.53576 -0.811676 -0.232688
    outer loop
      vertex 53.6438 114.616 -5.19754
      vertex 53.6135 114.596 -5.19754
      vertex 53.6406 114.632 -5.26072
    endloop
  endfacet
  facet normal 0.933241 -0.031108 0.357901
    outer loop
      vertex 53.7579 115.069 -4.82222
      vertex 53.738 115.069 -4.77033
      vertex 53.7561 115.015 -4.82222
    endloop
  endfacet
  facet normal 0.933257 0.030543 0.357908
    outer loop
      vertex 53.7561 115.124 -4.82222
      vertex 53.738 115.069 -4.77033
      vertex 53.7579 115.069 -4.82222
    endloop
  endfacet
  facet normal 0.748435 -0.0748435 0.658971
    outer loop
      vertex 53.6596 115.04 -4.65156
      vertex 53.6568 115.012 -4.65156
      vertex 53.6877 115.033 -4.68427
    endloop
  endfacet
  facet normal 0.810605 -0.469298 0.350256
    outer loop
      vertex 53.7085 114.752 -4.87886
      vertex 53.6765 114.739 -4.82222
      vertex 53.6865 114.714 -4.87886
    endloop
  endfacet
  facet normal 0.816808 -0.14174 0.559227
    outer loop
      vertex 53.6842 114.997 -4.68427
      vertex 53.6783 114.963 -4.68427
      vertex 53.7092 114.984 -4.72408
    endloop
  endfacet
  facet normal 0.874652 -0.147016 0.461921
    outer loop
      vertex 53.7316 114.972 -4.77033
      vertex 53.7023 114.943 -4.72408
      vertex 53.7237 114.925 -4.77033
    endloop
  endfacet
  facet normal 0.863744 0.380833 0.330018
    outer loop
      vertex 53.7085 115.386 -4.87886
      vertex 53.697 115.363 -4.82222
      vertex 53.7279 115.342 -4.87886
    endloop
  endfacet
  facet normal 0.893468 0.0290897 0.448183
    outer loop
      vertex 53.738 115.069 -4.77033
      vertex 53.7134 115.112 -4.72408
      vertex 53.7148 115.069 -4.72408
    endloop
  endfacet
  facet normal 0.874674 -0.147201 0.461819
    outer loop
      vertex 53.7092 114.984 -4.72408
      vertex 53.7023 114.943 -4.72408
      vertex 53.7316 114.972 -4.77033
    endloop
  endfacet
  facet normal 0.591598 0.143229 0.793409
    outer loop
      vertex 53.6522 115.154 -4.65156
      vertex 53.6196 115.15 -4.62653
      vertex 53.6242 115.131 -4.62653
    endloop
  endfacet
  facet normal 0.613695 0.104555 0.78259
    outer loop
      vertex 53.6522 115.154 -4.65156
      vertex 53.6242 115.131 -4.62653
      vertex 53.6568 115.127 -4.65156
    endloop
  endfacet
  facet normal 0.360323 0.5585 -0.747158
    outer loop
      vertex 53.6031 115.326 -5.51573
      vertex 53.6 115.328 -5.51573
      vertex 53.6 115.344 -5.50377
    endloop
  endfacet
  facet normal 0.377058 0.917509 0.126509
    outer loop
      vertex 53.6 115.557 -5.0673
      vertex 53.6 115.553 -5.03829
      vertex 53.6146 115.551 -5.0673
    endloop
  endfacet
  facet normal 0.380112 0.92494 -0
    outer loop
      vertex 53.6146 115.551 -5.1327
      vertex 53.6 115.557 -5.0673
      vertex 53.6146 115.551 -5.0673
    endloop
  endfacet
  facet normal 0.380112 0.92494 0
    outer loop
      vertex 53.6 115.557 -5.0673
      vertex 53.6146 115.551 -5.1327
      vertex 53.6 115.557 -5.1327
    endloop
  endfacet
  facet normal 0.635079 0.645663 0.424021
    outer loop
      vertex 53.6358 115.484 -4.87886
      vertex 53.6295 115.453 -4.82222
      vertex 53.6539 115.429 -4.82222
    endloop
  endfacet
  facet normal 0.889142 0.385925 0.245945
    outer loop
      vertex 53.7174 115.404 -4.93928
      vertex 53.7085 115.386 -4.87886
      vertex 53.7378 115.357 -4.93928
    endloop
  endfacet
  facet normal 0.90095 0.302319 0.311275
    outer loop
      vertex 53.7442 115.293 -4.87886
      vertex 53.7149 115.322 -4.82222
      vertex 53.73 115.277 -4.82222
    endloop
  endfacet
  facet normal 0.344378 0.929821 0.129755
    outer loop
      vertex 53.6135 115.543 -5.00246
      vertex 53.6 115.553 -5.03829
      vertex 53.6 115.548 -5.00246
    endloop
  endfacet
  facet normal 0.365097 0.923191 0.120098
    outer loop
      vertex 53.6 115.553 -5.03829
      vertex 53.6135 115.543 -5.00246
      vertex 53.6146 115.551 -5.0673
    endloop
  endfacet
  facet normal 0.92786 0.092786 -0.361202
    outer loop
      vertex 53.7561 115.124 -5.37778
      vertex 53.7316 115.167 -5.42967
      vertex 53.7508 115.177 -5.37778
    endloop
  endfacet
  facet normal 0.74776 0.0721975 -0.660032
    outer loop
      vertex 53.6596 115.098 -5.54844
      vertex 53.6568 115.127 -5.54844
      vertex 53.6877 115.106 -5.51573
    endloop
  endfacet
  facet normal 0.63727 0.644624 -0.422311
    outer loop
      vertex 53.6539 115.429 -5.37778
      vertex 53.6358 115.484 -5.32114
      vertex 53.6621 115.458 -5.32114
    endloop
  endfacet
  facet normal 0.724381 0.310449 -0.615543
    outer loop
      vertex 53.6602 115.238 -5.51573
      vertex 53.6482 115.266 -5.51573
      vertex 53.6666 115.302 -5.47592
    endloop
  endfacet
  facet normal 0.662622 0.375486 -0.64803
    outer loop
      vertex 53.6482 115.266 -5.51573
      vertex 53.6346 115.29 -5.51573
      vertex 53.6503 115.331 -5.47592
    endloop
  endfacet
  facet normal 0.864573 0.37746 -0.33172
    outer loop
      vertex 53.7149 115.322 -5.37778
      vertex 53.697 115.363 -5.37778
      vertex 53.7279 115.342 -5.32114
    endloop
  endfacet
  facet normal 0.839873 0.473775 -0.26486
    outer loop
      vertex 53.7085 115.386 -5.32114
      vertex 53.6865 115.425 -5.32114
      vertex 53.7174 115.404 -5.26072
    endloop
  endfacet
  facet normal 0.990618 0.0325047 0.132735
    outer loop
      vertex 53.7931 115.133 -5.00246
      vertex 53.7847 115.131 -4.93928
      vertex 53.7952 115.069 -5.00246
    endloop
  endfacet
  facet normal 0.999428 0.0338268 0
    outer loop
      vertex 53.7995 115.069 -5.0673
      vertex 53.7973 115.134 -5.1327
      vertex 53.7973 115.134 -5.0673
    endloop
  endfacet
  facet normal 0.999428 0.0338268 0
    outer loop
      vertex 53.7973 115.134 -5.1327
      vertex 53.7995 115.069 -5.0673
      vertex 53.7995 115.069 -5.1327
    endloop
  endfacet
  facet normal 0.976364 -0.167609 0.136456
    outer loop
      vertex 53.7868 114.942 -5.00246
      vertex 53.7687 114.888 -4.93928
      vertex 53.7765 114.882 -5.00246
    endloop
  endfacet
  facet normal 0.990565 -0.0319537 0.133267
    outer loop
      vertex 53.7867 115.069 -4.93928
      vertex 53.7847 115.007 -4.93928
      vertex 53.7952 115.069 -5.00246
    endloop
  endfacet
  facet normal 0.960537 0.0309326 0.276426
    outer loop
      vertex 53.7723 115.128 -4.87886
      vertex 53.7579 115.069 -4.82222
      vertex 53.7742 115.069 -4.87886
    endloop
  endfacet
  facet normal 0.944161 0.162914 0.286389
    outer loop
      vertex 53.7666 115.185 -4.87886
      vertex 53.742 115.228 -4.82222
      vertex 53.7508 115.177 -4.82222
    endloop
  endfacet
  facet normal 0.868765 0.291519 0.40033
    outer loop
      vertex 53.7149 115.322 -4.82222
      vertex 53.7128 115.257 -4.77033
      vertex 53.73 115.277 -4.82222
    endloop
  endfacet
  facet normal 0.978774 -0.0315734 0.202494
    outer loop
      vertex 53.7867 115.069 -4.93928
      vertex 53.7742 115.069 -4.87886
      vertex 53.7847 115.007 -4.93928
    endloop
  endfacet
  facet normal 0.922517 0.311123 -0.228397
    outer loop
      vertex 53.755 115.306 -5.26072
      vertex 53.7279 115.342 -5.32114
      vertex 53.7378 115.357 -5.26072
    endloop
  endfacet
  facet normal 0.486398 0.495518 -0.719639
    outer loop
      vertex 53.6194 115.31 -5.51573
      vertex 53.6031 115.326 -5.51573
      vertex 53.6131 115.374 -5.47592
    endloop
  endfacet
  facet normal 0.321015 -0.340276 0.883834
    outer loop
      vertex 53.6 114.887 -4.64617
      vertex 53.6 114.873 -4.65156
      vertex 53.6053 114.878 -4.65156
    endloop
  endfacet
  facet normal 0.697686 -0.52559 0.486816
    outer loop
      vertex 53.6644 114.771 -4.77033
      vertex 53.6539 114.709 -4.82222
      vertex 53.6765 114.739 -4.82222
    endloop
  endfacet
  facet normal 0.732901 0.124865 -0.668778
    outer loop
      vertex 53.6568 115.127 -5.54844
      vertex 53.6522 115.154 -5.54844
      vertex 53.6783 115.176 -5.51573
    endloop
  endfacet
  facet normal 0.591449 0.143193 -0.793526
    outer loop
      vertex 53.6242 115.131 -5.57346
      vertex 53.6196 115.15 -5.57346
      vertex 53.6522 115.154 -5.54844
    endloop
  endfacet
  facet normal 0.776265 -0.44204 -0.449459
    outer loop
      vertex 53.697 114.775 -5.37778
      vertex 53.6765 114.739 -5.37778
      vertex 53.6829 114.803 -5.42967
    endloop
  endfacet
  facet normal 0.652968 -0.380121 -0.655089
    outer loop
      vertex 53.6503 114.808 -5.47592
      vertex 53.6482 114.873 -5.51573
      vertex 53.6666 114.836 -5.47592
    endloop
  endfacet
  facet normal 0.63782 -0.0219938 -0.769871
    outer loop
      vertex 53.6596 115.04 -5.54844
      vertex 53.6304 115.069 -5.57346
      vertex 53.6606 115.069 -5.54844
    endloop
  endfacet
  facet normal 0.651107 -0.485617 -0.583298
    outer loop
      vertex 53.644 114.744 -5.42967
      vertex 53.6324 114.784 -5.47592
      vertex 53.6503 114.808 -5.47592
    endloop
  endfacet
  facet normal 0.549573 -0.805125 -0.22303
    outer loop
      vertex 53.6135 114.596 -5.19754
      vertex 53.6113 114.612 -5.26072
      vertex 53.6406 114.632 -5.26072
    endloop
  endfacet
  facet normal 0.546614 -0.82812 0.124219
    outer loop
      vertex 53.6438 114.616 -5.00246
      vertex 53.6135 114.596 -5.00246
      vertex 53.6146 114.587 -5.0673
    endloop
  endfacet
  facet normal 0.792627 -0.582015 0.181659
    outer loop
      vertex 53.6941 114.694 -4.93928
      vertex 53.6684 114.659 -4.93928
      vertex 53.6726 114.645 -5.00246
    endloop
  endfacet
  facet normal 0.760359 -0.255988 0.596929
    outer loop
      vertex 53.6703 114.93 -4.68427
      vertex 53.6602 114.9 -4.68427
      vertex 53.6928 114.904 -4.72408
    endloop
  endfacet
  facet normal 0.57105 -0.327602 0.752714
    outer loop
      vertex 53.6282 114.913 -4.65156
      vertex 53.6173 114.894 -4.65156
      vertex 53.6346 114.849 -4.68427
    endloop
  endfacet
  facet normal 0.916732 -0.155139 0.36815
    outer loop
      vertex 53.7508 114.962 -4.82222
      vertex 53.7237 114.925 -4.77033
      vertex 53.742 114.91 -4.82222
    endloop
  endfacet
  facet normal 0.938854 -0.310544 0.148714
    outer loop
      vertex 53.755 114.833 -4.93928
      vertex 53.7378 114.781 -4.93928
      vertex 53.7445 114.771 -5.00246
    endloop
  endfacet
  facet normal 0.36315 0.167278 -0.916592
    outer loop
      vertex 53.6 115.162 -5.57984
      vertex 53.6138 115.167 -5.57346
      vertex 53.6 115.146 -5.58276
    endloop
  endfacet
  facet normal 0.365861 0.160064 -0.916802
    outer loop
      vertex 53.6138 115.167 -5.57346
      vertex 53.6 115.162 -5.57984
      vertex 53.6068 115.183 -5.57346
    endloop
  endfacet
  facet normal 0.781288 0.346697 -0.519029
    outer loop
      vertex 53.6808 115.27 -5.47592
      vertex 53.6666 115.302 -5.47592
      vertex 53.6991 115.298 -5.42967
    endloop
  endfacet
  facet normal 0.825322 0.275107 -0.493112
    outer loop
      vertex 53.6928 115.234 -5.47592
      vertex 53.6808 115.27 -5.47592
      vertex 53.6991 115.298 -5.42967
    endloop
  endfacet
  facet normal 0.897544 -0.219807 0.38223
    outer loop
      vertex 53.742 114.91 -4.82222
      vertex 53.7128 114.881 -4.77033
      vertex 53.73 114.861 -4.82222
    endloop
  endfacet
  facet normal 0.868765 -0.291519 0.40033
    outer loop
      vertex 53.73 114.861 -4.82222
      vertex 53.7128 114.881 -4.77033
      vertex 53.7149 114.816 -4.82222
    endloop
  endfacet
  facet normal 0.945399 -0.317511 -0.0735352
    outer loop
      vertex 53.766 114.82 -5.1327
      vertex 53.7445 114.771 -5.19754
      vertex 53.7623 114.824 -5.19754
    endloop
  endfacet
  facet normal 0.976364 -0.167609 -0.136456
    outer loop
      vertex 53.7765 114.882 -5.19754
      vertex 53.7687 114.888 -5.26072
      vertex 53.7868 114.942 -5.19754
    endloop
  endfacet
  facet normal 0.967439 -0.24186 0.074602
    outer loop
      vertex 53.7765 114.882 -5.00246
      vertex 53.766 114.82 -5.0673
      vertex 53.7805 114.878 -5.0673
    endloop
  endfacet
  facet normal 0.70042 -0.70525 0.109699
    outer loop
      vertex 53.6726 114.645 -5.00246
      vertex 53.6455 114.608 -5.0673
      vertex 53.6747 114.637 -5.0673
    endloop
  endfacet
  facet normal 0.771061 -0.44577 -0.454702
    outer loop
      vertex 53.6765 114.739 -5.37778
      vertex 53.6644 114.771 -5.42967
      vertex 53.6829 114.803 -5.42967
    endloop
  endfacet
  facet normal 0.816293 0.137604 -0.561009
    outer loop
      vertex 53.6842 115.141 -5.51573
      vertex 53.6783 115.176 -5.51573
      vertex 53.7092 115.155 -5.47592
    endloop
  endfacet
  facet normal 0.933241 -0.031108 -0.357901
    outer loop
      vertex 53.7561 115.015 -5.37778
      vertex 53.738 115.069 -5.42967
      vertex 53.7579 115.069 -5.37778
    endloop
  endfacet
  facet normal 0.948811 -0.230937 -0.215465
    outer loop
      vertex 53.755 114.833 -5.26072
      vertex 53.7442 114.845 -5.32114
      vertex 53.7571 114.898 -5.32114
    endloop
  endfacet
  facet normal 0.831741 0.0812398 -0.549188
    outer loop
      vertex 53.7134 115.112 -5.47592
      vertex 53.6877 115.106 -5.51573
      vertex 53.7092 115.155 -5.47592
    endloop
  endfacet
  facet normal 0.90095 0.302319 -0.311275
    outer loop
      vertex 53.73 115.277 -5.37778
      vertex 53.7149 115.322 -5.37778
      vertex 53.7442 115.293 -5.32114
    endloop
  endfacet
  facet normal 0.983621 0.166581 0.0688521
    outer loop
      vertex 53.791 115.198 -5.0673
      vertex 53.7805 115.26 -5.0673
      vertex 53.7868 115.196 -5.00246
    endloop
  endfacet
  facet normal 0.986034 0.0986034 -0.134218
    outer loop
      vertex 53.7931 115.133 -5.19754
      vertex 53.7847 115.131 -5.26072
      vertex 53.7868 115.196 -5.19754
    endloop
  endfacet
  facet normal 0.382718 -0.727164 -0.569877
    outer loop
      vertex 53.6038 114.668 -5.37778
      vertex 53.6 114.666 -5.37778
      vertex 53.6 114.696 -5.41606
    endloop
  endfacet
  facet normal 0.770096 -0.569405 -0.287628
    outer loop
      vertex 53.6684 114.659 -5.26072
      vertex 53.6621 114.681 -5.32114
      vertex 53.6865 114.714 -5.32114
    endloop
  endfacet
  facet normal 0.813019 -0.462969 -0.353072
    outer loop
      vertex 53.7085 114.752 -5.32114
      vertex 53.6765 114.739 -5.37778
      vertex 53.697 114.775 -5.37778
    endloop
  endfacet
  facet normal 0.693784 -0.689 -0.209625
    outer loop
      vertex 53.6438 114.616 -5.19754
      vertex 53.6406 114.632 -5.26072
      vertex 53.6726 114.645 -5.19754
    endloop
  endfacet
  facet normal 0.546614 -0.82812 -0.124219
    outer loop
      vertex 53.6146 114.587 -5.1327
      vertex 53.6135 114.596 -5.19754
      vertex 53.6438 114.616 -5.19754
    endloop
  endfacet
  facet normal 0.558296 -0.821493 0.115994
    outer loop
      vertex 53.6438 114.616 -5.00246
      vertex 53.6146 114.587 -5.0673
      vertex 53.6455 114.608 -5.0673
    endloop
  endfacet
  facet normal 0.304773 -0.812728 0.496575
    outer loop
      vertex 53.6 114.642 -4.86413
      vertex 53.6 114.633 -4.87886
      vertex 53.608 114.636 -4.87886
    endloop
  endfacet
  facet normal 0.978774 0.0315734 0.202494
    outer loop
      vertex 53.7847 115.131 -4.93928
      vertex 53.7742 115.069 -4.87886
      vertex 53.7867 115.069 -4.93928
    endloop
  endfacet
  facet normal 0.916628 -0.154072 0.368857
    outer loop
      vertex 53.7316 114.972 -4.77033
      vertex 53.7237 114.925 -4.77033
      vertex 53.7508 114.962 -4.82222
    endloop
  endfacet
  facet normal 0.601585 -0.60432 0.522391
    outer loop
      vertex 53.644 114.744 -4.77033
      vertex 53.6219 114.722 -4.77033
      vertex 53.6539 114.709 -4.82222
    endloop
  endfacet
  facet normal 0.530639 -0.777387 0.337775
    outer loop
      vertex 53.6406 114.632 -4.93928
      vertex 53.608 114.636 -4.87886
      vertex 53.6113 114.612 -4.93928
    endloop
  endfacet
  facet normal 0.863744 -0.380833 0.330018
    outer loop
      vertex 53.7279 114.796 -4.87886
      vertex 53.697 114.775 -4.82222
      vertex 53.7085 114.752 -4.87886
    endloop
  endfacet
  facet normal 0.864573 -0.37746 0.33172
    outer loop
      vertex 53.7149 114.816 -4.82222
      vertex 53.697 114.775 -4.82222
      vertex 53.7279 114.796 -4.87886
    endloop
  endfacet
  facet normal 0.830526 -0.363636 0.421896
    outer loop
      vertex 53.6991 114.84 -4.77033
      vertex 53.6829 114.803 -4.77033
      vertex 53.697 114.775 -4.82222
    endloop
  endfacet
  facet normal 0.869608 -0.290576 0.399184
    outer loop
      vertex 53.7128 114.881 -4.77033
      vertex 53.6991 114.84 -4.77033
      vertex 53.7149 114.816 -4.82222
    endloop
  endfacet
  facet normal 0.943993 -0.159753 0.288716
    outer loop
      vertex 53.7508 114.962 -4.82222
      vertex 53.742 114.91 -4.82222
      vertex 53.7666 114.953 -4.87886
    endloop
  endfacet
  facet normal 0.901283 -0.299815 0.312729
    outer loop
      vertex 53.7442 114.845 -4.87886
      vertex 53.7149 114.816 -4.82222
      vertex 53.7279 114.796 -4.87886
    endloop
  endfacet
  facet normal 0.897526 -0.222342 0.380803
    outer loop
      vertex 53.7237 114.925 -4.77033
      vertex 53.7128 114.881 -4.77033
      vertex 53.742 114.91 -4.82222
    endloop
  endfacet
  facet normal 0.85312 -0.211341 0.476992
    outer loop
      vertex 53.7237 114.925 -4.77033
      vertex 53.7023 114.943 -4.72408
      vertex 53.7128 114.881 -4.77033
    endloop
  endfacet
  facet normal 0.755516 -0.0260523 0.654612
    outer loop
      vertex 53.6606 115.069 -4.65156
      vertex 53.6596 115.04 -4.65156
      vertex 53.6877 115.033 -4.68427
    endloop
  endfacet
  facet normal 0.637971 -0.021999 0.769746
    outer loop
      vertex 53.6606 115.069 -4.65156
      vertex 53.6304 115.069 -4.62653
      vertex 53.6596 115.04 -4.65156
    endloop
  endfacet
  facet normal 0.819108 -0.280837 0.500193
    outer loop
      vertex 53.6928 114.904 -4.72408
      vertex 53.6808 114.869 -4.72408
      vertex 53.6991 114.84 -4.77033
    endloop
  endfacet
  facet normal 0.613692 -0.104328 0.782623
    outer loop
      vertex 53.6276 115.028 -4.62653
      vertex 53.6242 115.008 -4.62653
      vertex 53.6568 115.012 -4.65156
    endloop
  endfacet
  facet normal 0.635889 0.272524 0.722064
    outer loop
      vertex 53.6482 115.266 -4.68427
      vertex 53.6282 115.226 -4.65156
      vertex 53.6602 115.238 -4.68427
    endloop
  endfacet
  facet normal 0.74776 0.0721975 0.660032
    outer loop
      vertex 53.6877 115.106 -4.68427
      vertex 53.6568 115.127 -4.65156
      vertex 53.6596 115.098 -4.65156
    endloop
  endfacet
  facet normal 0.58093 0.441507 0.683807
    outer loop
      vertex 53.6503 115.331 -4.72408
      vertex 53.6194 115.31 -4.68427
      vertex 53.6346 115.29 -4.68427
    endloop
  endfacet
  facet normal 0.321015 0.340276 0.883834
    outer loop
      vertex 53.6 115.266 -4.65156
      vertex 53.6 115.252 -4.64617
      vertex 53.6053 115.261 -4.65156
    endloop
  endfacet
  facet normal 0.566152 0.816876 0.110391
    outer loop
      vertex 53.6146 115.551 -5.0673
      vertex 53.6135 115.543 -5.00246
      vertex 53.6438 115.522 -5.00246
    endloop
  endfacet
  facet normal 0.813019 0.462969 0.353072
    outer loop
      vertex 53.7085 115.386 -4.87886
      vertex 53.6765 115.399 -4.82222
      vertex 53.697 115.363 -4.82222
    endloop
  endfacet
  facet normal 0.737135 0.555308 0.385052
    outer loop
      vertex 53.6865 115.425 -4.87886
      vertex 53.6539 115.429 -4.82222
      vertex 53.6765 115.399 -4.82222
    endloop
  endfacet
  facet normal 0.392435 0.784871 -0.479554
    outer loop
      vertex 53.608 115.502 -5.32114
      vertex 53.6 115.497 -5.33587
      vertex 53.6 115.506 -5.32114
    endloop
  endfacet
  facet normal 0.693861 0.688905 0.209683
    outer loop
      vertex 53.6726 115.494 -5.00246
      vertex 53.6406 115.507 -4.93928
      vertex 53.6684 115.479 -4.93928
    endloop
  endfacet
  facet normal 0.645806 0.487942 0.587237
    outer loop
      vertex 53.6644 115.368 -4.77033
      vertex 53.644 115.395 -4.77033
      vertex 53.6503 115.331 -4.72408
    endloop
  endfacet
  facet normal 0.591214 0.14553 0.793276
    outer loop
      vertex 53.6458 115.18 -4.65156
      vertex 53.6196 115.15 -4.62653
      vertex 53.6522 115.154 -4.65156
    endloop
  endfacet
  facet normal 0.482228 0.744775 0.461265
    outer loop
      vertex 53.6358 115.484 -4.87886
      vertex 53.608 115.502 -4.87886
      vertex 53.6295 115.453 -4.82222
    endloop
  endfacet
  facet normal 0.79459 0.600357 0.090548
    outer loop
      vertex 53.6747 115.501 -5.0673
      vertex 53.6726 115.494 -5.00246
      vertex 53.7019 115.465 -5.0673
    endloop
  endfacet
  facet normal 0.946847 0.234891 0.219787
    outer loop
      vertex 53.755 115.306 -4.93928
      vertex 53.7442 115.293 -4.87886
      vertex 53.7571 115.241 -4.87886
    endloop
  endfacet
  facet normal 0.887671 0.391382 0.242613
    outer loop
      vertex 53.7378 115.357 -4.93928
      vertex 53.7085 115.386 -4.87886
      vertex 53.7279 115.342 -4.87886
    endloop
  endfacet
  facet normal 0.83795 0.0272821 -0.545064
    outer loop
      vertex 53.7148 115.069 -5.47592
      vertex 53.6877 115.106 -5.51573
      vertex 53.7134 115.112 -5.47592
    endloop
  endfacet
  facet normal 0.830521 0.0830521 -0.55076
    outer loop
      vertex 53.6877 115.106 -5.51573
      vertex 53.6842 115.141 -5.51573
      vertex 53.7092 115.155 -5.47592
    endloop
  endfacet
  facet normal 0.51093 0.789104 -0.340977
    outer loop
      vertex 53.6358 115.484 -5.32114
      vertex 53.608 115.502 -5.32114
      vertex 53.6406 115.507 -5.26072
    endloop
  endfacet
  facet normal 0.741128 0.547985 -0.387868
    outer loop
      vertex 53.6865 115.425 -5.32114
      vertex 53.6539 115.429 -5.37778
      vertex 53.6621 115.458 -5.32114
    endloop
  endfacet
  facet normal 0.782818 0.591718 -0.192523
    outer loop
      vertex 53.6941 115.445 -5.26072
      vertex 53.6684 115.479 -5.26072
      vertex 53.6726 115.494 -5.19754
    endloop
  endfacet
  facet normal 0.799486 0.592952 -0.0960723
    outer loop
      vertex 53.6993 115.458 -5.19754
      vertex 53.6726 115.494 -5.19754
      vertex 53.7019 115.465 -5.1327
    endloop
  endfacet
  facet normal 0.813019 0.462969 -0.353072
    outer loop
      vertex 53.697 115.363 -5.37778
      vertex 53.6765 115.399 -5.37778
      vertex 53.7085 115.386 -5.32114
    endloop
  endfacet
  facet normal 0.814363 0.459384 -0.354654
    outer loop
      vertex 53.7085 115.386 -5.32114
      vertex 53.6765 115.399 -5.37778
      vertex 53.6865 115.425 -5.32114
    endloop
  endfacet
  facet normal 0.79459 0.600357 -0.090548
    outer loop
      vertex 53.7019 115.465 -5.1327
      vertex 53.6726 115.494 -5.19754
      vertex 53.6747 115.501 -5.1327
    endloop
  endfacet
  facet normal 0.865668 0.493229 -0.0856937
    outer loop
      vertex 53.7234 115.416 -5.19754
      vertex 53.7019 115.465 -5.1327
      vertex 53.7264 115.422 -5.1327
    endloop
  endfacet
  facet normal 0.904847 0.392742 -0.164334
    outer loop
      vertex 53.7378 115.357 -5.26072
      vertex 53.7174 115.404 -5.26072
      vertex 53.7445 115.368 -5.19754
    endloop
  endfacet
  facet normal 0.903478 0.397154 -0.161233
    outer loop
      vertex 53.7445 115.368 -5.19754
      vertex 53.7174 115.404 -5.26072
      vertex 53.7234 115.416 -5.19754
    endloop
  endfacet
  facet normal 0.960354 -0.0320118 0.276938
    outer loop
      vertex 53.7579 115.069 -4.82222
      vertex 53.7561 115.015 -4.82222
      vertex 53.7723 115.011 -4.87886
    endloop
  endfacet
  facet normal 0.973827 0.0957863 0.206121
    outer loop
      vertex 53.7787 115.192 -4.93928
      vertex 53.7666 115.185 -4.87886
      vertex 53.7847 115.131 -4.93928
    endloop
  endfacet
  facet normal 0.983092 -0.168764 -0.0710583
    outer loop
      vertex 53.7805 114.878 -5.1327
      vertex 53.7765 114.882 -5.19754
      vertex 53.7868 114.942 -5.19754
    endloop
  endfacet
  facet normal 0.990618 -0.0325047 0.132735
    outer loop
      vertex 53.7952 115.069 -5.00246
      vertex 53.7847 115.007 -4.93928
      vertex 53.7931 115.005 -5.00246
    endloop
  endfacet
  facet normal 0.893498 0.0291754 0.448119
    outer loop
      vertex 53.7364 115.118 -4.77033
      vertex 53.7134 115.112 -4.72408
      vertex 53.738 115.069 -4.77033
    endloop
  endfacet
  facet normal 0.635183 0.274283 0.722019
    outer loop
      vertex 53.6602 115.238 -4.68427
      vertex 53.6282 115.226 -4.65156
      vertex 53.6377 115.204 -4.65156
    endloop
  endfacet
  facet normal 0.747892 -0.0727117 0.659826
    outer loop
      vertex 53.6877 115.033 -4.68427
      vertex 53.6568 115.012 -4.65156
      vertex 53.6842 114.997 -4.68427
    endloop
  endfacet
  facet normal 0.887225 -0.0887225 0.452725
    outer loop
      vertex 53.7134 115.026 -4.72408
      vertex 53.7092 114.984 -4.72408
      vertex 53.7316 114.972 -4.77033
    endloop
  endfacet
  facet normal 0.944014 0.160145 0.288427
    outer loop
      vertex 53.7571 115.241 -4.87886
      vertex 53.742 115.228 -4.82222
      vertex 53.7666 115.185 -4.87886
    endloop
  endfacet
  facet normal 0.926809 0.226974 0.299179
    outer loop
      vertex 53.7571 115.241 -4.87886
      vertex 53.73 115.277 -4.82222
      vertex 53.742 115.228 -4.82222
    endloop
  endfacet
  facet normal 0.964046 0.163544 0.209448
    outer loop
      vertex 53.7687 115.25 -4.93928
      vertex 53.7571 115.241 -4.87886
      vertex 53.7666 115.185 -4.87886
    endloop
  endfacet
  facet normal 0.963039 0.166041 0.2121
    outer loop
      vertex 53.7687 115.25 -4.93928
      vertex 53.7666 115.185 -4.87886
      vertex 53.7787 115.192 -4.93928
    endloop
  endfacet
  facet normal 0.912844 0.400534 -0.0792988
    outer loop
      vertex 53.7479 115.373 -5.1327
      vertex 53.7234 115.416 -5.19754
      vertex 53.7264 115.422 -5.1327
    endloop
  endfacet
  facet normal 0.946833 0.312104 -0.0780969
    outer loop
      vertex 53.7623 115.314 -5.19754
      vertex 53.7445 115.368 -5.19754
      vertex 53.766 115.319 -5.1327
    endloop
  endfacet
  facet normal 0.357998 0.807634 -0.468578
    outer loop
      vertex 53.6038 115.471 -5.37778
      vertex 53.6 115.497 -5.33587
      vertex 53.608 115.502 -5.32114
    endloop
  endfacet
  facet normal 0.220443 0.837683 -0.499692
    outer loop
      vertex 53.6 115.497 -5.33587
      vertex 53.6038 115.471 -5.37778
      vertex 53.6 115.472 -5.37778
    endloop
  endfacet
  facet normal 0.202823 0.770729 -0.60402
    outer loop
      vertex 53.6038 115.471 -5.37778
      vertex 53.6 115.442 -5.41606
      vertex 53.6 115.472 -5.37778
    endloop
  endfacet
  facet normal 0.33684 0.909469 -0.243732
    outer loop
      vertex 53.6135 115.543 -5.19754
      vertex 53.6 115.541 -5.22366
      vertex 53.6 115.548 -5.19754
    endloop
  endfacet
  facet normal 0.325432 0.184412 0.927408
    outer loop
      vertex 53.6 115.195 -4.62653
      vertex 53.6 115.169 -4.62136
      vertex 53.6068 115.183 -4.62653
    endloop
  endfacet
  facet normal 0.287745 0.446005 0.847515
    outer loop
      vertex 53.6 115.328 -4.68427
      vertex 53.6 115.32 -4.68006
      vertex 53.6031 115.326 -4.68427
    endloop
  endfacet
  facet normal 0.613545 0.10453 -0.782711
    outer loop
      vertex 53.6568 115.127 -5.54844
      vertex 53.6242 115.131 -5.57346
      vertex 53.6522 115.154 -5.54844
    endloop
  endfacet
  facet normal 0.638248 -0.0212749 -0.769537
    outer loop
      vertex 53.6596 115.04 -5.54844
      vertex 53.6297 115.048 -5.57346
      vertex 53.6304 115.069 -5.57346
    endloop
  endfacet
  facet normal 0.601585 -0.60432 -0.522391
    outer loop
      vertex 53.6539 114.709 -5.37778
      vertex 53.6219 114.722 -5.42967
      vertex 53.644 114.744 -5.42967
    endloop
  endfacet
  facet normal 0.85312 -0.211341 -0.476992
    outer loop
      vertex 53.7128 114.881 -5.42967
      vertex 53.7023 114.943 -5.47592
      vertex 53.7237 114.925 -5.42967
    endloop
  endfacet
  facet normal 0.830526 0.363636 -0.421896
    outer loop
      vertex 53.6991 115.298 -5.42967
      vertex 53.6829 115.335 -5.42967
      vertex 53.697 115.363 -5.37778
    endloop
  endfacet
  facet normal 0.58093 0.441507 -0.683807
    outer loop
      vertex 53.6346 115.29 -5.51573
      vertex 53.6194 115.31 -5.51573
      vertex 53.6503 115.331 -5.47592
    endloop
  endfacet
  facet normal 0.782371 0.342552 -0.520148
    outer loop
      vertex 53.6991 115.298 -5.42967
      vertex 53.6666 115.302 -5.47592
      vertex 53.6829 115.335 -5.42967
    endloop
  endfacet
  facet normal 0.960612 -0.23928 0.141318
    outer loop
      vertex 53.7687 114.888 -4.93928
      vertex 53.755 114.833 -4.93928
      vertex 53.7765 114.882 -5.00246
    endloop
  endfacet
  facet normal 0.90095 -0.302319 0.311275
    outer loop
      vertex 53.73 114.861 -4.82222
      vertex 53.7149 114.816 -4.82222
      vertex 53.7442 114.845 -4.87886
    endloop
  endfacet
  facet normal 0.962924 -0.166323 0.212399
    outer loop
      vertex 53.7666 114.953 -4.87886
      vertex 53.7571 114.898 -4.87886
      vertex 53.7687 114.888 -4.93928
    endloop
  endfacet
  facet normal 0.946418 -0.235744 0.22072
    outer loop
      vertex 53.7571 114.898 -4.87886
      vertex 53.755 114.833 -4.93928
      vertex 53.7687 114.888 -4.93928
    endloop
  endfacet
  facet normal 0.916628 -0.154072 -0.368857
    outer loop
      vertex 53.7508 114.962 -5.37778
      vertex 53.7237 114.925 -5.42967
      vertex 53.7316 114.972 -5.42967
    endloop
  endfacet
  facet normal 0.960383 0.0314307 -0.276905
    outer loop
      vertex 53.7579 115.069 -5.37778
      vertex 53.7561 115.124 -5.37778
      vertex 53.7723 115.128 -5.32114
    endloop
  endfacet
  facet normal 0.945554 -0.316936 -0.0740216
    outer loop
      vertex 53.7479 114.766 -5.1327
      vertex 53.7445 114.771 -5.19754
      vertex 53.766 114.82 -5.1327
    endloop
  endfacet
  facet normal 0.834075 -0.482886 -0.26672
    outer loop
      vertex 53.7174 114.734 -5.26072
      vertex 53.6865 114.714 -5.32114
      vertex 53.7085 114.752 -5.32114
    endloop
  endfacet
  facet normal 0.936796 -0.314622 0.153058
    outer loop
      vertex 53.755 114.833 -4.93928
      vertex 53.7445 114.771 -5.00246
      vertex 53.7623 114.824 -5.00246
    endloop
  endfacet
  facet normal 0.833098 -0.485279 -0.265428
    outer loop
      vertex 53.6941 114.694 -5.26072
      vertex 53.6865 114.714 -5.32114
      vertex 53.7174 114.734 -5.26072
    endloop
  endfacet
  facet normal 0.794575 -0.19355 -0.57549
    outer loop
      vertex 53.6928 114.904 -5.47592
      vertex 53.6703 114.93 -5.51573
      vertex 53.7023 114.943 -5.47592
    endloop
  endfacet
  facet normal 0.946418 -0.235744 -0.22072
    outer loop
      vertex 53.7687 114.888 -5.26072
      vertex 53.755 114.833 -5.26072
      vertex 53.7571 114.898 -5.32114
    endloop
  endfacet
  facet normal 0.816263 -0.137371 -0.561109
    outer loop
      vertex 53.7023 114.943 -5.47592
      vertex 53.6783 114.963 -5.51573
      vertex 53.7092 114.984 -5.47592
    endloop
  endfacet
  facet normal 0.92786 -0.092786 -0.361202
    outer loop
      vertex 53.7561 115.015 -5.37778
      vertex 53.7316 114.972 -5.42967
      vertex 53.7364 115.02 -5.42967
    endloop
  endfacet
  facet normal 0.960608 0.239309 -0.141293
    outer loop
      vertex 53.7765 115.257 -5.19754
      vertex 53.755 115.306 -5.26072
      vertex 53.7623 115.314 -5.19754
    endloop
  endfacet
  facet normal 0.976327 0.168332 -0.135827
    outer loop
      vertex 53.7787 115.192 -5.26072
      vertex 53.7687 115.25 -5.26072
      vertex 53.7868 115.196 -5.19754
    endloop
  endfacet
  facet normal 0.893468 0.0290897 -0.448183
    outer loop
      vertex 53.7148 115.069 -5.47592
      vertex 53.7134 115.112 -5.47592
      vertex 53.738 115.069 -5.42967
    endloop
  endfacet
  facet normal 0.887601 0.0866959 -0.452381
    outer loop
      vertex 53.7134 115.112 -5.47592
      vertex 53.7092 115.155 -5.47592
      vertex 53.7316 115.167 -5.42967
    endloop
  endfacet
  facet normal 0.945554 0.316936 -0.0740216
    outer loop
      vertex 53.766 115.319 -5.1327
      vertex 53.7445 115.368 -5.19754
      vertex 53.7479 115.373 -5.1327
    endloop
  endfacet
  facet normal 0.983735 0.166106 -0.0683723
    outer loop
      vertex 53.7868 115.196 -5.19754
      vertex 53.7765 115.257 -5.19754
      vertex 53.7805 115.26 -5.1327
    endloop
  endfacet
  facet normal 0.889142 -0.385925 -0.245945
    outer loop
      vertex 53.7174 114.734 -5.26072
      vertex 53.7085 114.752 -5.32114
      vertex 53.7378 114.781 -5.26072
    endloop
  endfacet
  facet normal 0.810605 -0.469298 -0.350256
    outer loop
      vertex 53.6865 114.714 -5.32114
      vertex 53.6765 114.739 -5.37778
      vertex 53.7085 114.752 -5.32114
    endloop
  endfacet
  facet normal 0.697686 -0.52559 -0.486816
    outer loop
      vertex 53.6765 114.739 -5.37778
      vertex 53.6539 114.709 -5.37778
      vertex 53.6644 114.771 -5.42967
    endloop
  endfacet
  facet normal 0.662622 -0.375486 -0.64803
    outer loop
      vertex 53.6503 114.808 -5.47592
      vertex 53.6346 114.849 -5.51573
      vertex 53.6482 114.873 -5.51573
    endloop
  endfacet
  facet normal 0.323879 -0.863678 -0.386217
    outer loop
      vertex 53.608 114.636 -5.32114
      vertex 53.6 114.625 -5.30325
      vertex 53.6 114.633 -5.32114
    endloop
  endfacet
  facet normal 0.402876 -0.906471 -0.126496
    outer loop
      vertex 53.6135 114.596 -5.19754
      vertex 53.6 114.585 -5.16171
      vertex 53.6 114.59 -5.19754
    endloop
  endfacet
  facet normal 0.389347 -0.911422 -0.133113
    outer loop
      vertex 53.6 114.585 -5.16171
      vertex 53.6135 114.596 -5.19754
      vertex 53.6146 114.587 -5.1327
    endloop
  endfacet
  facet normal 0.640314 -0.647702 -0.412893
    outer loop
      vertex 53.6621 114.681 -5.32114
      vertex 53.6358 114.655 -5.32114
      vertex 53.6539 114.709 -5.37778
    endloop
  endfacet
  facet normal 0.74389 -0.550028 -0.379602
    outer loop
      vertex 53.6621 114.681 -5.32114
      vertex 53.6539 114.709 -5.37778
      vertex 53.6865 114.714 -5.32114
    endloop
  endfacet
  facet normal 0.772616 -0.567321 -0.284977
    outer loop
      vertex 53.6941 114.694 -5.26072
      vertex 53.6684 114.659 -5.26072
      vertex 53.6865 114.714 -5.32114
    endloop
  endfacet
  facet normal 0.682479 -0.702701 -0.20108
    outer loop
      vertex 53.6726 114.645 -5.19754
      vertex 53.6406 114.632 -5.26072
      vertex 53.6684 114.659 -5.26072
    endloop
  endfacet
  facet normal 0.56209 -0.827076 0
    outer loop
      vertex 53.6146 114.587 -5.1327
      vertex 53.6455 114.608 -5.0673
      vertex 53.6146 114.587 -5.0673
    endloop
  endfacet
  facet normal 0.56209 -0.827076 0
    outer loop
      vertex 53.6455 114.608 -5.0673
      vertex 53.6146 114.587 -5.1327
      vertex 53.6455 114.608 -5.1327
    endloop
  endfacet
  facet normal 0.978787 0.0315203 0.202442
    outer loop
      vertex 53.7847 115.131 -4.93928
      vertex 53.7723 115.128 -4.87886
      vertex 53.7742 115.069 -4.87886
    endloop
  endfacet
  facet normal 0.92786 0.092786 0.361202
    outer loop
      vertex 53.7508 115.177 -4.82222
      vertex 53.7316 115.167 -4.77033
      vertex 53.7561 115.124 -4.82222
    endloop
  endfacet
  facet normal 0.831296 -0.362932 0.420984
    outer loop
      vertex 53.6991 114.84 -4.77033
      vertex 53.697 114.775 -4.82222
      vertex 53.7149 114.816 -4.82222
    endloop
  endfacet
  facet normal 0.776265 -0.44204 0.449459
    outer loop
      vertex 53.6829 114.803 -4.77033
      vertex 53.6765 114.739 -4.82222
      vertex 53.697 114.775 -4.82222
    endloop
  endfacet
  facet normal 0.491053 -0.742356 0.455823
    outer loop
      vertex 53.6295 114.685 -4.82222
      vertex 53.6038 114.668 -4.82222
      vertex 53.608 114.636 -4.87886
    endloop
  endfacet
  facet normal 0.416027 -0.625154 0.660382
    outer loop
      vertex 53.6 114.712 -4.766
      vertex 53.6219 114.722 -4.77033
      vertex 53.6131 114.765 -4.72408
    endloop
  endfacet
  facet normal 0.409139 -0.597343 0.689773
    outer loop
      vertex 53.6219 114.722 -4.77033
      vertex 53.6 114.712 -4.766
      vertex 53.6 114.707 -4.77033
    endloop
  endfacet
  facet normal 0.651107 -0.485617 0.583298
    outer loop
      vertex 53.6503 114.808 -4.72408
      vertex 53.6324 114.784 -4.72408
      vertex 53.644 114.744 -4.77033
    endloop
  endfacet
  facet normal 0.486398 -0.495518 0.719639
    outer loop
      vertex 53.6194 114.829 -4.68427
      vertex 53.6031 114.813 -4.68427
      vertex 53.6131 114.765 -4.72408
    endloop
  endfacet
  facet normal 0.662622 -0.375486 0.64803
    outer loop
      vertex 53.6482 114.873 -4.68427
      vertex 53.6346 114.849 -4.68427
      vertex 53.6503 114.808 -4.72408
    endloop
  endfacet
  facet normal 0.613695 -0.104555 0.78259
    outer loop
      vertex 53.6568 115.012 -4.65156
      vertex 53.6242 115.008 -4.62653
      vertex 53.6522 114.985 -4.65156
    endloop
  endfacet
  facet normal 0.552748 -0.555261 0.621414
    outer loop
      vertex 53.644 114.744 -4.77033
      vertex 53.6131 114.765 -4.72408
      vertex 53.6219 114.722 -4.77033
    endloop
  endfacet
  facet normal 0.382718 -0.727164 0.569877
    outer loop
      vertex 53.6 114.696 -4.78394
      vertex 53.6 114.666 -4.82222
      vertex 53.6038 114.668 -4.82222
    endloop
  endfacet
  facet normal 0.924266 -0.30746 0.226276
    outer loop
      vertex 53.7442 114.845 -4.87886
      vertex 53.7279 114.796 -4.87886
      vertex 53.755 114.833 -4.93928
    endloop
  endfacet
  facet normal 0.72111 -0.416892 0.553355
    outer loop
      vertex 53.6829 114.803 -4.77033
      vertex 53.6503 114.808 -4.72408
      vertex 53.6644 114.771 -4.77033
    endloop
  endfacet
  facet normal 0.771061 -0.44577 0.454702
    outer loop
      vertex 53.6829 114.803 -4.77033
      vertex 53.6644 114.771 -4.77033
      vertex 53.6765 114.739 -4.82222
    endloop
  endfacet
  facet normal 0.813019 -0.462969 0.353072
    outer loop
      vertex 53.697 114.775 -4.82222
      vertex 53.6765 114.739 -4.82222
      vertex 53.7085 114.752 -4.87886
    endloop
  endfacet
  facet normal 0.92786 -0.092786 0.361202
    outer loop
      vertex 53.7364 115.02 -4.77033
      vertex 53.7316 114.972 -4.77033
      vertex 53.7561 115.015 -4.82222
    endloop
  endfacet
  facet normal 0.756006 -0.0252002 0.65408
    outer loop
      vertex 53.6889 115.069 -4.68427
      vertex 53.6606 115.069 -4.65156
      vertex 53.6877 115.033 -4.68427
    endloop
  endfacet
  facet normal 0.927915 -0.227244 0.295523
    outer loop
      vertex 53.742 114.91 -4.82222
      vertex 53.73 114.861 -4.82222
      vertex 53.7571 114.898 -4.87886
    endloop
  endfacet
  facet normal 0.94417 -0.163084 0.286264
    outer loop
      vertex 53.7666 114.953 -4.87886
      vertex 53.742 114.91 -4.82222
      vertex 53.7571 114.898 -4.87886
    endloop
  endfacet
  facet normal 0.824792 -0.275601 0.493723
    outer loop
      vertex 53.7128 114.881 -4.77033
      vertex 53.6928 114.904 -4.72408
      vertex 53.6991 114.84 -4.77033
    endloop
  endfacet
  facet normal 0.855678 -0.208434 0.473677
    outer loop
      vertex 53.7023 114.943 -4.72408
      vertex 53.6928 114.904 -4.72408
      vertex 53.7128 114.881 -4.77033
    endloop
  endfacet
  facet normal 0.46474 0.0478915 0.884151
    outer loop
      vertex 53.6 115.096 -4.61121
      vertex 53.6 115.084 -4.61056
      vertex 53.6276 115.111 -4.62653
    endloop
  endfacet
  facet normal 0.756018 0.0245195 0.654091
    outer loop
      vertex 53.6877 115.106 -4.68427
      vertex 53.6606 115.069 -4.65156
      vertex 53.6889 115.069 -4.68427
    endloop
  endfacet
  facet normal 0.755122 0.0260387 0.655067
    outer loop
      vertex 53.6877 115.106 -4.68427
      vertex 53.6596 115.098 -4.65156
      vertex 53.6606 115.069 -4.65156
    endloop
  endfacet
  facet normal 0.638399 -0.02128 0.769411
    outer loop
      vertex 53.6304 115.069 -4.62653
      vertex 53.6297 115.048 -4.62653
      vertex 53.6596 115.04 -4.65156
    endloop
  endfacet
  facet normal 0.630026 -0.0661527 0.773751
    outer loop
      vertex 53.6297 115.048 -4.62653
      vertex 53.6276 115.028 -4.62653
      vertex 53.6596 115.04 -4.65156
    endloop
  endfacet
  facet normal 0.887225 -0.0887225 0.452725
    outer loop
      vertex 53.7364 115.02 -4.77033
      vertex 53.7134 115.026 -4.72408
      vertex 53.7316 114.972 -4.77033
    endloop
  endfacet
  facet normal 0.893498 -0.0291754 0.448119
    outer loop
      vertex 53.738 115.069 -4.77033
      vertex 53.7134 115.026 -4.72408
      vertex 53.7364 115.02 -4.77033
    endloop
  endfacet
  facet normal 0.462341 0.265238 0.846103
    outer loop
      vertex 53.6 115.2 -4.628
      vertex 53.6282 115.226 -4.65156
      vertex 53.6173 115.245 -4.65156
    endloop
  endfacet
  facet normal 0.492737 0.226826 0.840095
    outer loop
      vertex 53.6282 115.226 -4.65156
      vertex 53.6 115.2 -4.628
      vertex 53.6 115.198 -4.62746
    endloop
  endfacet
  facet normal 0.50011 0.375083 0.780514
    outer loop
      vertex 53.6346 115.29 -4.68427
      vertex 53.6053 115.261 -4.65156
      vertex 53.6173 115.245 -4.65156
    endloop
  endfacet
  facet normal 0.392435 0.784871 0.479554
    outer loop
      vertex 53.6 115.506 -4.87886
      vertex 53.6 115.497 -4.86413
      vertex 53.608 115.502 -4.87886
    endloop
  endfacet
  facet normal 0.323394 0.913589 0.246516
    outer loop
      vertex 53.6113 115.527 -4.93928
      vertex 53.6 115.541 -4.97634
      vertex 53.6 115.531 -4.93928
    endloop
  endfacet
  facet normal 0.333883 0.910936 0.242316
    outer loop
      vertex 53.6 115.541 -4.97634
      vertex 53.6113 115.527 -4.93928
      vertex 53.6135 115.543 -5.00246
    endloop
  endfacet
  facet normal 0.789275 0.585379 0.185409
    outer loop
      vertex 53.6993 115.458 -5.00246
      vertex 53.6726 115.494 -5.00246
      vertex 53.6941 115.445 -4.93928
    endloop
  endfacet
  facet normal 0.856658 0.486833 0.170678
    outer loop
      vertex 53.6993 115.458 -5.00246
      vertex 53.6941 115.445 -4.93928
      vertex 53.7174 115.404 -4.93928
    endloop
  endfacet
  facet normal 0.799486 0.592952 0.0960723
    outer loop
      vertex 53.7019 115.465 -5.0673
      vertex 53.6726 115.494 -5.00246
      vertex 53.6993 115.458 -5.00246
    endloop
  endfacet
  facet normal 0.760735 0.253578 0.597479
    outer loop
      vertex 53.6808 115.27 -4.72408
      vertex 53.6602 115.238 -4.68427
      vertex 53.6928 115.234 -4.72408
    endloop
  endfacet
  facet normal 0.869608 0.290576 0.399184
    outer loop
      vertex 53.7149 115.322 -4.82222
      vertex 53.6991 115.298 -4.77033
      vertex 53.7128 115.257 -4.77033
    endloop
  endfacet
  facet normal 0.51093 0.789104 0.340977
    outer loop
      vertex 53.6406 115.507 -4.93928
      vertex 53.608 115.502 -4.87886
      vertex 53.6358 115.484 -4.87886
    endloop
  endfacet
  facet normal 0.764109 0.577577 0.287302
    outer loop
      vertex 53.6941 115.445 -4.93928
      vertex 53.6684 115.479 -4.93928
      vertex 53.6865 115.425 -4.87886
    endloop
  endfacet
  facet normal 0.486398 0.495518 0.719639
    outer loop
      vertex 53.6131 115.374 -4.72408
      vertex 53.6031 115.326 -4.68427
      vertex 53.6194 115.31 -4.68427
    endloop
  endfacet
  facet normal 0.662622 0.375486 0.64803
    outer loop
      vertex 53.6503 115.331 -4.72408
      vertex 53.6346 115.29 -4.68427
      vertex 53.6482 115.266 -4.68427
    endloop
  endfacet
  facet normal 0.904847 0.392742 0.164334
    outer loop
      vertex 53.7445 115.368 -5.00246
      vertex 53.7174 115.404 -4.93928
      vertex 53.7378 115.357 -4.93928
    endloop
  endfacet
  facet normal 0.936221 0.315745 0.154256
    outer loop
      vertex 53.7445 115.368 -5.00246
      vertex 53.7378 115.357 -4.93928
      vertex 53.755 115.306 -4.93928
    endloop
  endfacet
  facet normal 0.776265 0.44204 0.449459
    outer loop
      vertex 53.697 115.363 -4.82222
      vertex 53.6765 115.399 -4.82222
      vertex 53.6829 115.335 -4.77033
    endloop
  endfacet
  facet normal 0.901283 0.299815 0.312729
    outer loop
      vertex 53.7279 115.342 -4.87886
      vertex 53.7149 115.322 -4.82222
      vertex 53.7442 115.293 -4.87886
    endloop
  endfacet
  facet normal 0.56209 0.827076 -0
    outer loop
      vertex 53.6455 115.53 -5.1327
      vertex 53.6146 115.551 -5.0673
      vertex 53.6455 115.53 -5.0673
    endloop
  endfacet
  facet normal 0.56209 0.827076 0
    outer loop
      vertex 53.6146 115.551 -5.0673
      vertex 53.6455 115.53 -5.1327
      vertex 53.6146 115.551 -5.1327
    endloop
  endfacet
  facet normal 0.693141 0.712945 -0.106137
    outer loop
      vertex 53.6726 115.494 -5.19754
      vertex 53.6438 115.522 -5.19754
      vertex 53.6455 115.53 -5.1327
    endloop
  endfacet
  facet normal 0.865668 0.493229 0.0856937
    outer loop
      vertex 53.7264 115.422 -5.0673
      vertex 53.7019 115.465 -5.0673
      vertex 53.7234 115.416 -5.00246
    endloop
  endfacet
  facet normal 0.365097 0.923191 -0.120098
    outer loop
      vertex 53.6135 115.543 -5.19754
      vertex 53.6 115.553 -5.16171
      vertex 53.6146 115.551 -5.1327
    endloop
  endfacet
  facet normal 0.344378 0.929821 -0.129755
    outer loop
      vertex 53.6 115.553 -5.16171
      vertex 53.6135 115.543 -5.19754
      vertex 53.6 115.548 -5.19754
    endloop
  endfacet
  facet normal 0.638248 0.0212749 -0.769537
    outer loop
      vertex 53.6304 115.069 -5.57346
      vertex 53.6297 115.09 -5.57346
      vertex 53.6596 115.098 -5.54844
    endloop
  endfacet
  facet normal 0.755122 0.0260387 -0.655067
    outer loop
      vertex 53.6606 115.069 -5.54844
      vertex 53.6596 115.098 -5.54844
      vertex 53.6877 115.106 -5.51573
    endloop
  endfacet
  facet normal 0.45117 0.0783926 -0.888988
    outer loop
      vertex 53.6276 115.111 -5.57346
      vertex 53.6 115.096 -5.58879
      vertex 53.6 115.107 -5.58782
    endloop
  endfacet
  facet normal 0.869608 0.290576 -0.399184
    outer loop
      vertex 53.7128 115.257 -5.42967
      vertex 53.6991 115.298 -5.42967
      vertex 53.7149 115.322 -5.37778
    endloop
  endfacet
  facet normal 0.927494 0.0908566 -0.362628
    outer loop
      vertex 53.7364 115.118 -5.42967
      vertex 53.7316 115.167 -5.42967
      vertex 53.7561 115.124 -5.37778
    endloop
  endfacet
  facet normal 0.737135 0.555308 -0.385052
    outer loop
      vertex 53.6765 115.399 -5.37778
      vertex 53.6539 115.429 -5.37778
      vertex 53.6865 115.425 -5.32114
    endloop
  endfacet
  facet normal 0.889142 0.385925 -0.245945
    outer loop
      vertex 53.7378 115.357 -5.26072
      vertex 53.7085 115.386 -5.32114
      vertex 53.7174 115.404 -5.26072
    endloop
  endfacet
  facet normal 0.482228 0.744775 -0.461265
    outer loop
      vertex 53.6295 115.453 -5.37778
      vertex 53.608 115.502 -5.32114
      vertex 53.6358 115.484 -5.32114
    endloop
  endfacet
  facet normal 0.635079 0.645663 -0.424021
    outer loop
      vertex 53.6539 115.429 -5.37778
      vertex 53.6295 115.453 -5.37778
      vertex 53.6358 115.484 -5.32114
    endloop
  endfacet
  facet normal 0.549573 0.805125 -0.22303
    outer loop
      vertex 53.6406 115.507 -5.26072
      vertex 53.6113 115.527 -5.26072
      vertex 53.6135 115.543 -5.19754
    endloop
  endfacet
  facet normal 0.528305 0.773966 -0.349099
    outer loop
      vertex 53.6406 115.507 -5.26072
      vertex 53.608 115.502 -5.32114
      vertex 53.6113 115.527 -5.26072
    endloop
  endfacet
  facet normal 0.887671 0.391382 -0.242613
    outer loop
      vertex 53.7279 115.342 -5.32114
      vertex 53.7085 115.386 -5.32114
      vertex 53.7378 115.357 -5.26072
    endloop
  endfacet
  facet normal 0.863744 0.380833 -0.330018
    outer loop
      vertex 53.7279 115.342 -5.32114
      vertex 53.697 115.363 -5.37778
      vertex 53.7085 115.386 -5.32114
    endloop
  endfacet
  facet normal 0.676095 0.671266 -0.303806
    outer loop
      vertex 53.6621 115.458 -5.32114
      vertex 53.6406 115.507 -5.26072
      vertex 53.6684 115.479 -5.26072
    endloop
  endfacet
  facet normal 0.838741 0.476651 -0.263281
    outer loop
      vertex 53.7174 115.404 -5.26072
      vertex 53.6865 115.425 -5.32114
      vertex 53.6941 115.445 -5.26072
    endloop
  endfacet
  facet normal 0.997306 -0.033755 -0.0651209
    outer loop
      vertex 53.7973 115.004 -5.1327
      vertex 53.7931 115.005 -5.19754
      vertex 53.7995 115.069 -5.1327
    endloop
  endfacet
  facet normal 0.978659 -0.0320595 0.202973
    outer loop
      vertex 53.7742 115.069 -4.87886
      vertex 53.7723 115.011 -4.87886
      vertex 53.7847 115.007 -4.93928
    endloop
  endfacet
  facet normal 0.97382 -0.095703 0.206193
    outer loop
      vertex 53.7723 115.011 -4.87886
      vertex 53.7666 114.953 -4.87886
      vertex 53.7847 115.007 -4.93928
    endloop
  endfacet
  facet normal 0.816702 0.140881 0.559598
    outer loop
      vertex 53.7023 115.195 -4.72408
      vertex 53.6783 115.176 -4.68427
      vertex 53.7092 115.155 -4.72408
    endloop
  endfacet
  facet normal 0.831741 0.0812398 0.549188
    outer loop
      vertex 53.7092 115.155 -4.72408
      vertex 53.6877 115.106 -4.68427
      vertex 53.7134 115.112 -4.72408
    endloop
  endfacet
  facet normal 0.557273 0.18808 0.808748
    outer loop
      vertex 53.6377 115.204 -4.65156
      vertex 53.6196 115.15 -4.62653
      vertex 53.6458 115.18 -4.65156
    endloop
  endfacet
  facet normal 0.855678 0.208434 0.473677
    outer loop
      vertex 53.7128 115.257 -4.77033
      vertex 53.6928 115.234 -4.72408
      vertex 53.7023 115.195 -4.72408
    endloop
  endfacet
  facet normal 0.915999 0.158055 0.368734
    outer loop
      vertex 53.742 115.228 -4.82222
      vertex 53.7237 115.213 -4.77033
      vertex 53.7508 115.177 -4.82222
    endloop
  endfacet
  facet normal 0.781288 0.346697 0.519029
    outer loop
      vertex 53.6991 115.298 -4.77033
      vertex 53.6666 115.302 -4.72408
      vertex 53.6808 115.27 -4.72408
    endloop
  endfacet
  facet normal 0.976495 0.164884 0.138823
    outer loop
      vertex 53.7765 115.257 -5.00246
      vertex 53.7687 115.25 -4.93928
      vertex 53.7868 115.196 -5.00246
    endloop
  endfacet
  facet normal 0.976327 0.168332 0.135827
    outer loop
      vertex 53.7868 115.196 -5.00246
      vertex 53.7687 115.25 -4.93928
      vertex 53.7787 115.192 -4.93928
    endloop
  endfacet
  facet normal 0.960608 0.239309 0.141293
    outer loop
      vertex 53.7623 115.314 -5.00246
      vertex 53.755 115.306 -4.93928
      vertex 53.7765 115.257 -5.00246
    endloop
  endfacet
  facet normal 0.602019 0.612053 -0.512801
    outer loop
      vertex 53.6539 115.429 -5.37778
      vertex 53.6219 115.417 -5.42967
      vertex 53.6295 115.453 -5.37778
    endloop
  endfacet
  facet normal 0.645806 0.487942 -0.587237
    outer loop
      vertex 53.6503 115.331 -5.47592
      vertex 53.644 115.395 -5.42967
      vertex 53.6644 115.368 -5.42967
    endloop
  endfacet
  facet normal 0.463008 0.262388 0.846626
    outer loop
      vertex 53.6 115.198 -4.62746
      vertex 53.6068 115.183 -4.62653
      vertex 53.6282 115.226 -4.65156
    endloop
  endfacet
  facet normal 0.463115 0.262432 0.846554
    outer loop
      vertex 53.6068 115.183 -4.62653
      vertex 53.6 115.198 -4.62746
      vertex 53.6 115.195 -4.62653
    endloop
  endfacet
  facet normal 0.416455 0.424264 0.804093
    outer loop
      vertex 53.6 115.311 -4.67475
      vertex 53.6194 115.31 -4.68427
      vertex 53.6031 115.326 -4.68427
    endloop
  endfacet
  facet normal 0.417747 0.416341 0.807557
    outer loop
      vertex 53.6194 115.31 -4.68427
      vertex 53.6 115.311 -4.67475
      vertex 53.6 115.284 -4.66083
    endloop
  endfacet
  facet normal 0.635183 0.274283 -0.722019
    outer loop
      vertex 53.6377 115.204 -5.54844
      vertex 53.6282 115.226 -5.54844
      vertex 53.6602 115.238 -5.51573
    endloop
  endfacet
  facet normal 0.630495 0.0630495 -0.773629
    outer loop
      vertex 53.6297 115.09 -5.57346
      vertex 53.6276 115.111 -5.57346
      vertex 53.6596 115.098 -5.54844
    endloop
  endfacet
  facet normal 0.630029 0.0608304 -0.774186
    outer loop
      vertex 53.6596 115.098 -5.54844
      vertex 53.6276 115.111 -5.57346
      vertex 53.6568 115.127 -5.54844
    endloop
  endfacet
  facet normal 0.471811 -0.0154274 -0.881565
    outer loop
      vertex 53.6304 115.069 -5.57346
      vertex 53.6 115.057 -5.58952
      vertex 53.6 115.069 -5.58973
    endloop
  endfacet
  facet normal 0.471439 -0.0176344 -0.881722
    outer loop
      vertex 53.6 115.057 -5.58952
      vertex 53.6297 115.048 -5.57346
      vertex 53.6 115.056 -5.5895
    endloop
  endfacet
  facet normal 0.471902 -0.0157301 -0.881511
    outer loop
      vertex 53.6297 115.048 -5.57346
      vertex 53.6 115.057 -5.58952
      vertex 53.6304 115.069 -5.57346
    endloop
  endfacet
  facet normal 0.321015 -0.340276 -0.883834
    outer loop
      vertex 53.6053 114.878 -5.54844
      vertex 53.6 114.873 -5.54844
      vertex 53.6 114.887 -5.55383
    endloop
  endfacet
  facet normal 0.58093 -0.441507 -0.683807
    outer loop
      vertex 53.6503 114.808 -5.47592
      vertex 53.6194 114.829 -5.51573
      vertex 53.6346 114.849 -5.51573
    endloop
  endfacet
  facet normal 0.417975 -0.295074 0.859202
    outer loop
      vertex 53.6 114.931 -4.63078
      vertex 53.6 114.896 -4.6428
      vertex 53.6053 114.878 -4.65156
    endloop
  endfacet
  facet normal 0.640314 -0.647702 0.412893
    outer loop
      vertex 53.6539 114.709 -4.82222
      vertex 53.6358 114.655 -4.87886
      vertex 53.6621 114.681 -4.87886
    endloop
  endfacet
  facet normal 0.693784 -0.689 0.209625
    outer loop
      vertex 53.6726 114.645 -5.00246
      vertex 53.6406 114.632 -4.93928
      vertex 53.6438 114.616 -5.00246
    endloop
  endfacet
  facet normal 0.416027 0.625154 -0.660382
    outer loop
      vertex 53.6 115.427 -5.434
      vertex 53.6219 115.417 -5.42967
      vertex 53.6131 115.374 -5.47592
    endloop
  endfacet
  facet normal 0.425043 0.664889 -0.614216
    outer loop
      vertex 53.6219 115.417 -5.42967
      vertex 53.6 115.427 -5.434
      vertex 53.6 115.431 -5.42967
    endloop
  endfacet
  facet normal 0.728973 0.408667 -0.549172
    outer loop
      vertex 53.6829 115.335 -5.42967
      vertex 53.6503 115.331 -5.47592
      vertex 53.6644 115.368 -5.42967
    endloop
  endfacet
  facet normal 0.78158 0.438158 -0.444017
    outer loop
      vertex 53.6829 115.335 -5.42967
      vertex 53.6644 115.368 -5.42967
      vertex 53.6765 115.399 -5.37778
    endloop
  endfacet
  facet normal 0.728618 0.409534 -0.548997
    outer loop
      vertex 53.6666 115.302 -5.47592
      vertex 53.6503 115.331 -5.47592
      vertex 53.6829 115.335 -5.42967
    endloop
  endfacet
  facet normal 0.417747 0.416341 -0.807557
    outer loop
      vertex 53.6 115.311 -5.52525
      vertex 53.6194 115.31 -5.51573
      vertex 53.6 115.284 -5.53917
    endloop
  endfacet
  facet normal 0.416455 0.424264 -0.804093
    outer loop
      vertex 53.6194 115.31 -5.51573
      vertex 53.6 115.311 -5.52525
      vertex 53.6031 115.326 -5.51573
    endloop
  endfacet
  facet normal 0.824792 0.275601 -0.493723
    outer loop
      vertex 53.7128 115.257 -5.42967
      vertex 53.6928 115.234 -5.47592
      vertex 53.6991 115.298 -5.42967
    endloop
  endfacet
  facet normal 0.675314 0.227918 -0.70143
    outer loop
      vertex 53.6458 115.18 -5.54844
      vertex 53.6377 115.204 -5.54844
      vertex 53.6602 115.238 -5.51573
    endloop
  endfacet
  facet normal 0.904377 -0.397549 0.155101
    outer loop
      vertex 53.7445 114.771 -5.00246
      vertex 53.7174 114.734 -4.93928
      vertex 53.7234 114.723 -5.00246
    endloop
  endfacet
  facet normal 0.964101 -0.163407 0.209303
    outer loop
      vertex 53.7787 114.947 -4.93928
      vertex 53.7666 114.953 -4.87886
      vertex 53.7687 114.888 -4.93928
    endloop
  endfacet
  facet normal 0.976466 -0.165503 0.138286
    outer loop
      vertex 53.7787 114.947 -4.93928
      vertex 53.7687 114.888 -4.93928
      vertex 53.7868 114.942 -5.00246
    endloop
  endfacet
  facet normal 0.955247 0.0955247 -0.279963
    outer loop
      vertex 53.7723 115.128 -5.32114
      vertex 53.7508 115.177 -5.37778
      vertex 53.7666 115.185 -5.32114
    endloop
  endfacet
  facet normal 0.993031 -0.0977515 -0.065831
    outer loop
      vertex 53.7973 115.004 -5.1327
      vertex 53.791 114.94 -5.1327
      vertex 53.7931 115.005 -5.19754
    endloop
  endfacet
  facet normal 0.964101 -0.163407 -0.209303
    outer loop
      vertex 53.7687 114.888 -5.26072
      vertex 53.7666 114.953 -5.32114
      vertex 53.7787 114.947 -5.26072
    endloop
  endfacet
  facet normal 0.924266 -0.30746 -0.226276
    outer loop
      vertex 53.755 114.833 -5.26072
      vertex 53.7279 114.796 -5.32114
      vertex 53.7442 114.845 -5.32114
    endloop
  endfacet
  facet normal 0.924536 -0.305808 -0.227409
    outer loop
      vertex 53.7378 114.781 -5.26072
      vertex 53.7279 114.796 -5.32114
      vertex 53.755 114.833 -5.26072
    endloop
  endfacet
  facet normal 0.916732 -0.155139 -0.36815
    outer loop
      vertex 53.742 114.91 -5.37778
      vertex 53.7237 114.925 -5.42967
      vertex 53.7508 114.962 -5.37778
    endloop
  endfacet
  facet normal 0.868993 -0.48704 0.0874254
    outer loop
      vertex 53.7234 114.723 -5.00246
      vertex 53.6993 114.68 -5.00246
      vertex 53.7019 114.673 -5.0673
    endloop
  endfacet
  facet normal 0.791325 -0.603668 0.0969019
    outer loop
      vertex 53.6993 114.68 -5.00246
      vertex 53.6726 114.645 -5.00246
      vertex 53.7019 114.673 -5.0673
    endloop
  endfacet
  facet normal 0.961109 -0.235306 -0.144569
    outer loop
      vertex 53.7623 114.824 -5.19754
      vertex 53.755 114.833 -5.26072
      vertex 53.7765 114.882 -5.19754
    endloop
  endfacet
  facet normal 0.960612 -0.23928 -0.141318
    outer loop
      vertex 53.7765 114.882 -5.19754
      vertex 53.755 114.833 -5.26072
      vertex 53.7687 114.888 -5.26072
    endloop
  endfacet
  facet normal 0.869608 -0.290576 -0.399184
    outer loop
      vertex 53.7149 114.816 -5.37778
      vertex 53.6991 114.84 -5.42967
      vertex 53.7128 114.881 -5.42967
    endloop
  endfacet
  facet normal 0.831296 -0.362932 -0.420984
    outer loop
      vertex 53.7149 114.816 -5.37778
      vertex 53.697 114.775 -5.37778
      vertex 53.6991 114.84 -5.42967
    endloop
  endfacet
  facet normal 0.57105 -0.327602 -0.752714
    outer loop
      vertex 53.6346 114.849 -5.51573
      vertex 53.6173 114.894 -5.54844
      vertex 53.6282 114.913 -5.54844
    endloop
  endfacet
  facet normal 0.63135 -0.272628 -0.725997
    outer loop
      vertex 53.6602 114.9 -5.51573
      vertex 53.6282 114.913 -5.54844
      vertex 53.6377 114.935 -5.54844
    endloop
  endfacet
  facet normal 0.830521 -0.0830521 -0.55076
    outer loop
      vertex 53.7092 114.984 -5.47592
      vertex 53.6877 115.033 -5.51573
      vertex 53.7134 115.026 -5.47592
    endloop
  endfacet
  facet normal 0.837637 -0.0272719 -0.545546
    outer loop
      vertex 53.7134 115.026 -5.47592
      vertex 53.6877 115.033 -5.51573
      vertex 53.7148 115.069 -5.47592
    endloop
  endfacet
  facet normal 0.96113 0.235134 -0.14471
    outer loop
      vertex 53.7687 115.25 -5.26072
      vertex 53.755 115.306 -5.26072
      vertex 53.7765 115.257 -5.19754
    endloop
  endfacet
  facet normal 0.946847 0.234891 -0.219787
    outer loop
      vertex 53.7571 115.241 -5.32114
      vertex 53.7442 115.293 -5.32114
      vertex 53.755 115.306 -5.26072
    endloop
  endfacet
  facet normal 0.948291 0.231993 -0.216619
    outer loop
      vertex 53.7571 115.241 -5.32114
      vertex 53.755 115.306 -5.26072
      vertex 53.7687 115.25 -5.26072
    endloop
  endfacet
  facet normal 0.873734 0.150054 -0.462679
    outer loop
      vertex 53.7316 115.167 -5.42967
      vertex 53.7023 115.195 -5.47592
      vertex 53.7237 115.213 -5.42967
    endloop
  endfacet
  facet normal 0.893498 0.0291754 -0.448119
    outer loop
      vertex 53.738 115.069 -5.42967
      vertex 53.7134 115.112 -5.47592
      vertex 53.7364 115.118 -5.42967
    endloop
  endfacet
  facet normal 0.978787 0.0315203 -0.202442
    outer loop
      vertex 53.7742 115.069 -5.32114
      vertex 53.7723 115.128 -5.32114
      vertex 53.7847 115.131 -5.26072
    endloop
  endfacet
  facet normal 0.85312 0.211341 -0.476992
    outer loop
      vertex 53.7237 115.213 -5.42967
      vertex 53.7023 115.195 -5.47592
      vertex 53.7128 115.257 -5.42967
    endloop
  endfacet
  facet normal 0.926703 0.229894 -0.297272
    outer loop
      vertex 53.7571 115.241 -5.32114
      vertex 53.73 115.277 -5.37778
      vertex 53.7442 115.293 -5.32114
    endloop
  endfacet
  facet normal 0.997306 0.033755 -0.0651209
    outer loop
      vertex 53.7995 115.069 -5.1327
      vertex 53.7931 115.133 -5.19754
      vertex 53.7973 115.134 -5.1327
    endloop
  endfacet
  facet normal 0.933284 0.0304746 -0.357844
    outer loop
      vertex 53.738 115.069 -5.42967
      vertex 53.7364 115.118 -5.42967
      vertex 53.7561 115.124 -5.37778
    endloop
  endfacet
  facet normal 0.887671 -0.391382 -0.242613
    outer loop
      vertex 53.7378 114.781 -5.26072
      vertex 53.7085 114.752 -5.32114
      vertex 53.7279 114.796 -5.32114
    endloop
  endfacet
  facet normal 0.863744 -0.380833 -0.330018
    outer loop
      vertex 53.7085 114.752 -5.32114
      vertex 53.697 114.775 -5.37778
      vertex 53.7279 114.796 -5.32114
    endloop
  endfacet
  facet normal 0.377359 -0.852831 -0.360944
    outer loop
      vertex 53.6 114.625 -5.30325
      vertex 53.6113 114.612 -5.26072
      vertex 53.6 114.607 -5.26072
    endloop
  endfacet
  facet normal 0.371208 -0.855828 -0.360226
    outer loop
      vertex 53.6113 114.612 -5.26072
      vertex 53.6 114.625 -5.30325
      vertex 53.608 114.636 -5.32114
    endloop
  endfacet
  facet normal 0.530639 -0.777387 -0.337775
    outer loop
      vertex 53.6113 114.612 -5.26072
      vertex 53.608 114.636 -5.32114
      vertex 53.6406 114.632 -5.26072
    endloop
  endfacet
  facet normal 0.558296 -0.821493 -0.115994
    outer loop
      vertex 53.6455 114.608 -5.1327
      vertex 53.6146 114.587 -5.1327
      vertex 53.6438 114.616 -5.19754
    endloop
  endfacet
  facet normal 0.394481 -0.887583 0.237867
    outer loop
      vertex 53.6 114.597 -4.97634
      vertex 53.6 114.59 -5.00246
      vertex 53.6135 114.596 -5.00246
    endloop
  endfacet
  facet normal 0.79389 -0.599828 -0.0997193
    outer loop
      vertex 53.6747 114.637 -5.1327
      vertex 53.6726 114.645 -5.19754
      vertex 53.7019 114.673 -5.1327
    endloop
  endfacet
  facet normal 0.779651 -0.594763 -0.195962
    outer loop
      vertex 53.6993 114.68 -5.19754
      vertex 53.6726 114.645 -5.19754
      vertex 53.6941 114.694 -5.26072
    endloop
  endfacet
  facet normal 0.660855 -0.680436 -0.316666
    outer loop
      vertex 53.6684 114.659 -5.26072
      vertex 53.6406 114.632 -5.26072
      vertex 53.6621 114.681 -5.32114
    endloop
  endfacet
  facet normal 0.668306 -0.676017 -0.310431
    outer loop
      vertex 53.6406 114.632 -5.26072
      vertex 53.6358 114.655 -5.32114
      vertex 53.6621 114.681 -5.32114
    endloop
  endfacet
  facet normal 0.960383 0.0314307 0.276905
    outer loop
      vertex 53.7723 115.128 -4.87886
      vertex 53.7561 115.124 -4.82222
      vertex 53.7579 115.069 -4.82222
    endloop
  endfacet
  facet normal 0.955247 0.0955247 0.279963
    outer loop
      vertex 53.7723 115.128 -4.87886
      vertex 53.7508 115.177 -4.82222
      vertex 53.7561 115.124 -4.82222
    endloop
  endfacet
  facet normal 0.973962 0.0973962 0.204722
    outer loop
      vertex 53.7847 115.131 -4.93928
      vertex 53.7666 115.185 -4.87886
      vertex 53.7723 115.128 -4.87886
    endloop
  endfacet
  facet normal 0.955247 0.0955247 0.279963
    outer loop
      vertex 53.7666 115.185 -4.87886
      vertex 53.7508 115.177 -4.82222
      vertex 53.7723 115.128 -4.87886
    endloop
  endfacet
  facet normal 0.549573 -0.805125 0.22303
    outer loop
      vertex 53.6406 114.632 -4.93928
      vertex 53.6113 114.612 -4.93928
      vertex 53.6135 114.596 -5.00246
    endloop
  endfacet
  facet normal 0.739898 -0.557389 0.376655
    outer loop
      vertex 53.6765 114.739 -4.82222
      vertex 53.6539 114.709 -4.82222
      vertex 53.6865 114.714 -4.87886
    endloop
  endfacet
  facet normal 0.415448 -0.789351 0.452026
    outer loop
      vertex 53.6 114.642 -4.86413
      vertex 53.6038 114.668 -4.82222
      vertex 53.6 114.666 -4.82222
    endloop
  endfacet
  facet normal 0.278107 -0.827329 0.48804
    outer loop
      vertex 53.6038 114.668 -4.82222
      vertex 53.6 114.642 -4.86413
      vertex 53.608 114.636 -4.87886
    endloop
  endfacet
  facet normal 0.696489 -0.526236 0.48783
    outer loop
      vertex 53.6644 114.771 -4.77033
      vertex 53.644 114.744 -4.77033
      vertex 53.6539 114.709 -4.82222
    endloop
  endfacet
  facet normal 0.645806 -0.487942 0.587237
    outer loop
      vertex 53.6503 114.808 -4.72408
      vertex 53.644 114.744 -4.77033
      vertex 53.6644 114.771 -4.77033
    endloop
  endfacet
  facet normal 0.336534 -0.190703 0.922159
    outer loop
      vertex 53.6 114.969 -4.62136
      vertex 53.6 114.944 -4.62653
      vertex 53.6068 114.956 -4.62653
    endloop
  endfacet
  facet normal 0.58093 -0.441507 0.683807
    outer loop
      vertex 53.6346 114.849 -4.68427
      vertex 53.6194 114.829 -4.68427
      vertex 53.6503 114.808 -4.72408
    endloop
  endfacet
  facet normal 0.948811 -0.230937 0.215465
    outer loop
      vertex 53.7571 114.898 -4.87886
      vertex 53.7442 114.845 -4.87886
      vertex 53.755 114.833 -4.93928
    endloop
  endfacet
  facet normal 0.927958 -0.225861 0.296447
    outer loop
      vertex 53.7571 114.898 -4.87886
      vertex 53.73 114.861 -4.82222
      vertex 53.7442 114.845 -4.87886
    endloop
  endfacet
  facet normal 0.783733 -0.337243 0.521565
    outer loop
      vertex 53.6808 114.869 -4.72408
      vertex 53.6666 114.836 -4.72408
      vertex 53.6991 114.84 -4.77033
    endloop
  endfacet
  facet normal 0.782371 -0.342552 0.520148
    outer loop
      vertex 53.6991 114.84 -4.77033
      vertex 53.6666 114.836 -4.72408
      vertex 53.6829 114.803 -4.77033
    endloop
  endfacet
  facet normal 0.672021 -0.226807 0.704944
    outer loop
      vertex 53.6458 114.959 -4.65156
      vertex 53.6377 114.935 -4.65156
      vertex 53.6602 114.9 -4.68427
    endloop
  endfacet
  facet normal 0.794575 -0.19355 0.57549
    outer loop
      vertex 53.7023 114.943 -4.72408
      vertex 53.6703 114.93 -4.68427
      vertex 53.6928 114.904 -4.72408
    endloop
  endfacet
  facet normal 0.629418 -0.0629418 0.774514
    outer loop
      vertex 53.6596 115.04 -4.65156
      vertex 53.6276 115.028 -4.62653
      vertex 53.6568 115.012 -4.65156
    endloop
  endfacet
  facet normal 0.628521 -0.279343 0.725898
    outer loop
      vertex 53.6602 114.9 -4.68427
      vertex 53.6282 114.913 -4.65156
      vertex 53.6482 114.873 -4.68427
    endloop
  endfacet
  facet normal 0.450914 0.078404 0.889117
    outer loop
      vertex 53.6 115.107 -4.61218
      vertex 53.6 115.096 -4.61121
      vertex 53.6276 115.111 -4.62653
    endloop
  endfacet
  facet normal 0.471586 0.0154295 0.881685
    outer loop
      vertex 53.6 115.081 -4.61048
      vertex 53.6 115.069 -4.61027
      vertex 53.6304 115.069 -4.62653
    endloop
  endfacet
  facet normal 0.365378 0.159853 0.917031
    outer loop
      vertex 53.6 115.162 -4.62016
      vertex 53.6138 115.167 -4.62653
      vertex 53.6068 115.183 -4.62653
    endloop
  endfacet
  facet normal 0.362573 0.167318 0.916813
    outer loop
      vertex 53.6138 115.167 -4.62653
      vertex 53.6 115.162 -4.62016
      vertex 53.6 115.146 -4.61724
    endloop
  endfacet
  facet normal 0.710374 0.174861 0.681757
    outer loop
      vertex 53.6703 115.208 -4.68427
      vertex 53.6458 115.18 -4.65156
      vertex 53.6522 115.154 -4.65156
    endloop
  endfacet
  facet normal 0.401316 0.13692 0.905648
    outer loop
      vertex 53.6 115.146 -4.61724
      vertex 53.6196 115.15 -4.62653
      vertex 53.6138 115.167 -4.62653
    endloop
  endfacet
  facet normal 0.402779 0.130457 0.905953
    outer loop
      vertex 53.6196 115.15 -4.62653
      vertex 53.6 115.146 -4.61724
      vertex 53.6 115.136 -4.6158
    endloop
  endfacet
  facet normal 0.830521 -0.0830521 0.55076
    outer loop
      vertex 53.7134 115.026 -4.72408
      vertex 53.6877 115.033 -4.68427
      vertex 53.7092 114.984 -4.72408
    endloop
  endfacet
  facet normal 0.83789 -0.0279297 0.545123
    outer loop
      vertex 53.6889 115.069 -4.68427
      vertex 53.6877 115.033 -4.68427
      vertex 53.7148 115.069 -4.72408
    endloop
  endfacet
  facet normal 0.831978 -0.0808867 0.548881
    outer loop
      vertex 53.6877 115.033 -4.68427
      vertex 53.6842 114.997 -4.68427
      vertex 53.7092 114.984 -4.72408
    endloop
  endfacet
  facet normal 0.73099 -0.126848 0.670494
    outer loop
      vertex 53.6842 114.997 -4.68427
      vertex 53.6568 115.012 -4.65156
      vertex 53.6783 114.963 -4.68427
    endloop
  endfacet
  facet normal 0.549881 0.558563 0.620998
    outer loop
      vertex 53.644 115.395 -4.77033
      vertex 53.6131 115.374 -4.72408
      vertex 53.6324 115.355 -4.72408
    endloop
  endfacet
  facet normal 0.487557 0.495256 0.719034
    outer loop
      vertex 53.6324 115.355 -4.72408
      vertex 53.6131 115.374 -4.72408
      vertex 53.6194 115.31 -4.68427
    endloop
  endfacet
  facet normal 0.497452 0.378063 0.780775
    outer loop
      vertex 53.6194 115.31 -4.68427
      vertex 53.6053 115.261 -4.65156
      vertex 53.6346 115.29 -4.68427
    endloop
  endfacet
  facet normal 0.412448 0.420708 0.808017
    outer loop
      vertex 53.6 115.284 -4.66083
      vertex 53.6053 115.261 -4.65156
      vertex 53.6194 115.31 -4.68427
    endloop
  endfacet
  facet normal 0.396526 0.420317 0.81615
    outer loop
      vertex 53.6053 115.261 -4.65156
      vertex 53.6 115.284 -4.66083
      vertex 53.6 115.266 -4.65156
    endloop
  endfacet
  facet normal 0.555073 0.189378 0.809957
    outer loop
      vertex 53.6377 115.204 -4.65156
      vertex 53.6138 115.167 -4.62653
      vertex 53.6196 115.15 -4.62653
    endloop
  endfacet
  facet normal 0.824792 0.275601 0.493723
    outer loop
      vertex 53.6991 115.298 -4.77033
      vertex 53.6928 115.234 -4.72408
      vertex 53.7128 115.257 -4.77033
    endloop
  endfacet
  facet normal 0.428245 0.623334 -0.654263
    outer loop
      vertex 53.6131 115.374 -5.47592
      vertex 53.6 115.383 -5.47592
      vertex 53.6 115.427 -5.434
    endloop
  endfacet
  facet normal 0.591065 0.145493 -0.793394
    outer loop
      vertex 53.6522 115.154 -5.54844
      vertex 53.6196 115.15 -5.57346
      vertex 53.6458 115.18 -5.54844
    endloop
  endfacet
  facet normal 0.497452 0.378063 -0.780775
    outer loop
      vertex 53.6346 115.29 -5.51573
      vertex 53.6053 115.261 -5.54844
      vertex 53.6194 115.31 -5.51573
    endloop
  endfacet
  facet normal 0.741128 0.547985 0.387868
    outer loop
      vertex 53.6621 115.458 -4.87886
      vertex 53.6539 115.429 -4.82222
      vertex 53.6865 115.425 -4.87886
    endloop
  endfacet
  facet normal 0.220443 0.837683 0.499692
    outer loop
      vertex 53.6038 115.471 -4.82222
      vertex 53.6 115.497 -4.86413
      vertex 53.6 115.472 -4.82222
    endloop
  endfacet
  facet normal 0.357998 0.807634 0.468578
    outer loop
      vertex 53.6 115.497 -4.86413
      vertex 53.6038 115.471 -4.82222
      vertex 53.608 115.502 -4.87886
    endloop
  endfacet
  facet normal 0.33684 0.909469 0.243732
    outer loop
      vertex 53.6 115.548 -5.00246
      vertex 53.6 115.541 -4.97634
      vertex 53.6135 115.543 -5.00246
    endloop
  endfacet
  facet normal 0.868864 0.495051 0
    outer loop
      vertex 53.7264 115.422 -5.0673
      vertex 53.7019 115.465 -5.1327
      vertex 53.7019 115.465 -5.0673
    endloop
  endfacet
  facet normal 0.868864 0.495051 0
    outer loop
      vertex 53.7019 115.465 -5.1327
      vertex 53.7264 115.422 -5.0673
      vertex 53.7264 115.422 -5.1327
    endloop
  endfacet
  facet normal 0.682805 0.702314 0.201325
    outer loop
      vertex 53.6438 115.522 -5.00246
      vertex 53.6406 115.507 -4.93928
      vertex 53.6726 115.494 -5.00246
    endloop
  endfacet
  facet normal 0.814363 0.459384 0.354654
    outer loop
      vertex 53.6865 115.425 -4.87886
      vertex 53.6765 115.399 -4.82222
      vertex 53.7085 115.386 -4.87886
    endloop
  endfacet
  facet normal 0.839873 0.473775 0.26486
    outer loop
      vertex 53.7174 115.404 -4.93928
      vertex 53.6865 115.425 -4.87886
      vertex 53.7085 115.386 -4.87886
    endloop
  endfacet
  facet normal 0.528305 0.773966 0.349099
    outer loop
      vertex 53.6113 115.527 -4.93928
      vertex 53.608 115.502 -4.87886
      vertex 53.6406 115.507 -4.93928
    endloop
  endfacet
  facet normal 0.772158 0.570929 0.278949
    outer loop
      vertex 53.6684 115.479 -4.93928
      vertex 53.6621 115.458 -4.87886
      vertex 53.6865 115.425 -4.87886
    endloop
  endfacet
  facet normal 0.78158 0.438158 0.444017
    outer loop
      vertex 53.6765 115.399 -4.82222
      vertex 53.6644 115.368 -4.77033
      vertex 53.6829 115.335 -4.77033
    endloop
  endfacet
  facet normal 0.701115 0.528174 0.47903
    outer loop
      vertex 53.6765 115.399 -4.82222
      vertex 53.6539 115.429 -4.82222
      vertex 53.6644 115.368 -4.77033
    endloop
  endfacet
  facet normal 0.728618 0.409534 0.548997
    outer loop
      vertex 53.6829 115.335 -4.77033
      vertex 53.6503 115.331 -4.72408
      vertex 53.6666 115.302 -4.72408
    endloop
  endfacet
  facet normal 0.665523 0.37407 0.645872
    outer loop
      vertex 53.6503 115.331 -4.72408
      vertex 53.6482 115.266 -4.68427
      vertex 53.6666 115.302 -4.72408
    endloop
  endfacet
  facet normal 0.57105 0.327602 0.752714
    outer loop
      vertex 53.6346 115.29 -4.68427
      vertex 53.6173 115.245 -4.65156
      vertex 53.6282 115.226 -4.65156
    endloop
  endfacet
  facet normal 0.575193 0.325942 0.750277
    outer loop
      vertex 53.6346 115.29 -4.68427
      vertex 53.6282 115.226 -4.65156
      vertex 53.6482 115.266 -4.68427
    endloop
  endfacet
  facet normal 0.922517 0.311123 0.228397
    outer loop
      vertex 53.7378 115.357 -4.93928
      vertex 53.7279 115.342 -4.87886
      vertex 53.755 115.306 -4.93928
    endloop
  endfacet
  facet normal 0.923192 0.307103 0.231096
    outer loop
      vertex 53.755 115.306 -4.93928
      vertex 53.7279 115.342 -4.87886
      vertex 53.7442 115.293 -4.87886
    endloop
  endfacet
  facet normal 0.91261 0.401168 0.0787895
    outer loop
      vertex 53.7479 115.373 -5.0673
      vertex 53.7234 115.416 -5.00246
      vertex 53.7445 115.368 -5.00246
    endloop
  endfacet
  facet normal 0.912844 0.400534 0.0792988
    outer loop
      vertex 53.7264 115.422 -5.0673
      vertex 53.7234 115.416 -5.00246
      vertex 53.7479 115.373 -5.0673
    endloop
  endfacet
  facet normal 0.85312 0.211341 0.476992
    outer loop
      vertex 53.7128 115.257 -4.77033
      vertex 53.7023 115.195 -4.72408
      vertex 53.7237 115.213 -4.77033
    endloop
  endfacet
  facet normal 0.825322 0.275107 0.493112
    outer loop
      vertex 53.6991 115.298 -4.77033
      vertex 53.6808 115.27 -4.72408
      vertex 53.6928 115.234 -4.72408
    endloop
  endfacet
  facet normal 0.377058 0.917509 -0.126509
    outer loop
      vertex 53.6146 115.551 -5.1327
      vertex 53.6 115.553 -5.16171
      vertex 53.6 115.557 -5.1327
    endloop
  endfacet
  facet normal 0.748435 0.0748435 -0.658971
    outer loop
      vertex 53.6877 115.106 -5.51573
      vertex 53.6568 115.127 -5.54844
      vertex 53.6842 115.141 -5.51573
    endloop
  endfacet
  facet normal 0.73399 0.12373 -0.667794
    outer loop
      vertex 53.6842 115.141 -5.51573
      vertex 53.6568 115.127 -5.54844
      vertex 53.6783 115.176 -5.51573
    endloop
  endfacet
  facet normal 0.83789 -0.0279297 -0.545123
    outer loop
      vertex 53.7148 115.069 -5.47592
      vertex 53.6877 115.033 -5.51573
      vertex 53.6889 115.069 -5.51573
    endloop
  endfacet
  facet normal 0.63782 0.0219938 -0.769871
    outer loop
      vertex 53.6606 115.069 -5.54844
      vertex 53.6304 115.069 -5.57346
      vertex 53.6596 115.098 -5.54844
    endloop
  endfacet
  facet normal 0.887461 0.0869349 -0.45261
    outer loop
      vertex 53.7364 115.118 -5.42967
      vertex 53.7134 115.112 -5.47592
      vertex 53.7316 115.167 -5.42967
    endloop
  endfacet
  facet normal 0.933257 0.030543 -0.357908
    outer loop
      vertex 53.7579 115.069 -5.37778
      vertex 53.738 115.069 -5.42967
      vertex 53.7561 115.124 -5.37778
    endloop
  endfacet
  facet normal 0.87381 0.150732 -0.462316
    outer loop
      vertex 53.7092 115.155 -5.47592
      vertex 53.7023 115.195 -5.47592
      vertex 53.7316 115.167 -5.42967
    endloop
  endfacet
  facet normal 0.816702 0.140881 -0.559598
    outer loop
      vertex 53.7092 115.155 -5.47592
      vertex 53.6783 115.176 -5.51573
      vertex 53.7023 115.195 -5.47592
    endloop
  endfacet
  facet normal 0.474947 0.678119 -0.560874
    outer loop
      vertex 53.6295 115.453 -5.37778
      vertex 53.6 115.442 -5.41606
      vertex 53.6038 115.471 -5.37778
    endloop
  endfacet
  facet normal 0.457573 0.696478 -0.552761
    outer loop
      vertex 53.6 115.442 -5.41606
      vertex 53.6295 115.453 -5.37778
      vertex 53.6 115.433 -5.4274
    endloop
  endfacet
  facet normal 0.514985 0.735285 -0.440621
    outer loop
      vertex 53.6295 115.453 -5.37778
      vertex 53.6038 115.471 -5.37778
      vertex 53.608 115.502 -5.32114
    endloop
  endfacet
  facet normal 0.333883 0.910936 -0.242316
    outer loop
      vertex 53.6113 115.527 -5.26072
      vertex 53.6 115.541 -5.22366
      vertex 53.6135 115.543 -5.19754
    endloop
  endfacet
  facet normal 0.323394 0.913589 -0.246516
    outer loop
      vertex 53.6 115.541 -5.22366
      vertex 53.6113 115.527 -5.26072
      vertex 53.6 115.531 -5.26072
    endloop
  endfacet
  facet normal 0.309936 0.875568 -0.370567
    outer loop
      vertex 53.6113 115.527 -5.26072
      vertex 53.6 115.513 -5.30325
      vertex 53.6 115.531 -5.26072
    endloop
  endfacet
  facet normal 0.344866 0.860534 -0.374899
    outer loop
      vertex 53.6 115.513 -5.30325
      vertex 53.6113 115.527 -5.26072
      vertex 53.608 115.502 -5.32114
    endloop
  endfacet
  facet normal 0.558296 0.821493 -0.115994
    outer loop
      vertex 53.6438 115.522 -5.19754
      vertex 53.6146 115.551 -5.1327
      vertex 53.6455 115.53 -5.1327
    endloop
  endfacet
  facet normal 0.701216 0.706052 -0.0989345
    outer loop
      vertex 53.6726 115.494 -5.19754
      vertex 53.6455 115.53 -5.1327
      vertex 53.6747 115.501 -5.1327
    endloop
  endfacet
  facet normal 0.993031 -0.0977515 0.065831
    outer loop
      vertex 53.7931 115.005 -5.00246
      vertex 53.791 114.94 -5.0673
      vertex 53.7973 115.004 -5.0673
    endloop
  endfacet
  facet normal 0.997306 -0.033755 0.0651209
    outer loop
      vertex 53.7995 115.069 -5.0673
      vertex 53.7931 115.005 -5.00246
      vertex 53.7973 115.004 -5.0673
    endloop
  endfacet
  facet normal 0.992777 -0.0992777 0.0673692
    outer loop
      vertex 53.7931 115.005 -5.00246
      vertex 53.7868 114.942 -5.00246
      vertex 53.791 114.94 -5.0673
    endloop
  endfacet
  facet normal 0.983621 -0.166581 0.0688521
    outer loop
      vertex 53.7868 114.942 -5.00246
      vertex 53.7805 114.878 -5.0673
      vertex 53.791 114.94 -5.0673
    endloop
  endfacet
  facet normal 0.944161 0.162914 -0.286389
    outer loop
      vertex 53.7508 115.177 -5.37778
      vertex 53.742 115.228 -5.37778
      vertex 53.7666 115.185 -5.32114
    endloop
  endfacet
  facet normal 0.978774 -0.0315734 -0.202494
    outer loop
      vertex 53.7847 115.007 -5.26072
      vertex 53.7742 115.069 -5.32114
      vertex 53.7867 115.069 -5.26072
    endloop
  endfacet
  facet normal 0.83795 0.0272821 0.545064
    outer loop
      vertex 53.7134 115.112 -4.72408
      vertex 53.6877 115.106 -4.68427
      vertex 53.7148 115.069 -4.72408
    endloop
  endfacet
  facet normal 0.837908 0.0271754 0.545135
    outer loop
      vertex 53.7148 115.069 -4.72408
      vertex 53.6877 115.106 -4.68427
      vertex 53.6889 115.069 -4.68427
    endloop
  endfacet
  facet normal 0.714093 0.316879 0.624226
    outer loop
      vertex 53.6666 115.302 -4.72408
      vertex 53.6602 115.238 -4.68427
      vertex 53.6808 115.27 -4.72408
    endloop
  endfacet
  facet normal 0.724381 0.310449 0.615543
    outer loop
      vertex 53.6666 115.302 -4.72408
      vertex 53.6482 115.266 -4.68427
      vertex 53.6602 115.238 -4.68427
    endloop
  endfacet
  facet normal 0.73399 0.12373 0.667794
    outer loop
      vertex 53.6783 115.176 -4.68427
      vertex 53.6568 115.127 -4.65156
      vertex 53.6842 115.141 -4.68427
    endloop
  endfacet
  facet normal 0.748435 0.0748435 0.658971
    outer loop
      vertex 53.6842 115.141 -4.68427
      vertex 53.6568 115.127 -4.65156
      vertex 53.6877 115.106 -4.68427
    endloop
  endfacet
  facet normal 0.897526 0.222342 0.380803
    outer loop
      vertex 53.742 115.228 -4.82222
      vertex 53.7128 115.257 -4.77033
      vertex 53.7237 115.213 -4.77033
    endloop
  endfacet
  facet normal 0.897544 0.219807 0.38223
    outer loop
      vertex 53.73 115.277 -4.82222
      vertex 53.7128 115.257 -4.77033
      vertex 53.742 115.228 -4.82222
    endloop
  endfacet
  facet normal 0.992777 0.0992777 0.0673692
    outer loop
      vertex 53.791 115.198 -5.0673
      vertex 53.7868 115.196 -5.00246
      vertex 53.7931 115.133 -5.00246
    endloop
  endfacet
  facet normal 0.983621 0.166581 -0.0688521
    outer loop
      vertex 53.7868 115.196 -5.19754
      vertex 53.7805 115.26 -5.1327
      vertex 53.791 115.198 -5.1327
    endloop
  endfacet
  facet normal 0.91261 0.401168 -0.0787895
    outer loop
      vertex 53.7445 115.368 -5.19754
      vertex 53.7234 115.416 -5.19754
      vertex 53.7479 115.373 -5.1327
    endloop
  endfacet
  facet normal 0.945554 0.316936 0.0740216
    outer loop
      vertex 53.7479 115.373 -5.0673
      vertex 53.7445 115.368 -5.00246
      vertex 53.766 115.319 -5.0673
    endloop
  endfacet
  facet normal 0.946833 0.312104 0.0780969
    outer loop
      vertex 53.766 115.319 -5.0673
      vertex 53.7445 115.368 -5.00246
      vertex 53.7623 115.314 -5.00246
    endloop
  endfacet
  facet normal 0.341562 0.313268 0.886114
    outer loop
      vertex 53.6 115.242 -4.6428
      vertex 53.6 115.208 -4.63078
      vertex 53.6053 115.261 -4.65156
    endloop
  endfacet
  facet normal 0.431264 0.104411 0.896164
    outer loop
      vertex 53.6 115.115 -4.61302
      vertex 53.6242 115.131 -4.62653
      vertex 53.6196 115.15 -4.62653
    endloop
  endfacet
  facet normal 0.420151 0.123612 0.898996
    outer loop
      vertex 53.6242 115.131 -4.62653
      vertex 53.6 115.115 -4.61302
      vertex 53.6 115.111 -4.61247
    endloop
  endfacet
  facet normal 0.464318 -0.0487534 -0.884326
    outer loop
      vertex 53.6 115.055 -5.58944
      vertex 53.6297 115.048 -5.57346
      vertex 53.6276 115.028 -5.57346
    endloop
  endfacet
  facet normal 0.46342 -0.0530729 -0.884548
    outer loop
      vertex 53.6297 115.048 -5.57346
      vertex 53.6 115.055 -5.58944
      vertex 53.6 115.056 -5.5895
    endloop
  endfacet
  facet normal 0.396974 0.140093 -0.907075
    outer loop
      vertex 53.6196 115.15 -5.57346
      vertex 53.6 115.127 -5.58559
      vertex 53.6 115.136 -5.5842
    endloop
  endfacet
  facet normal 0.501332 -0.518043 -0.693035
    outer loop
      vertex 53.6031 114.813 -5.51573
      vertex 53.6 114.794 -5.50377
      vertex 53.6 114.81 -5.51573
    endloop
  endfacet
  facet normal 0.409139 -0.597343 -0.689773
    outer loop
      vertex 53.6 114.712 -5.434
      vertex 53.6219 114.722 -5.42967
      vertex 53.6 114.707 -5.42967
    endloop
  endfacet
  facet normal 0.416027 -0.625154 -0.660382
    outer loop
      vertex 53.6219 114.722 -5.42967
      vertex 53.6 114.712 -5.434
      vertex 53.6131 114.765 -5.47592
    endloop
  endfacet
  facet normal 0.598369 -0.608342 -0.521416
    outer loop
      vertex 53.6295 114.685 -5.37778
      vertex 53.6219 114.722 -5.42967
      vertex 53.6539 114.709 -5.37778
    endloop
  endfacet
  facet normal 0.638129 -0.648764 -0.414604
    outer loop
      vertex 53.6358 114.655 -5.32114
      vertex 53.6295 114.685 -5.37778
      vertex 53.6539 114.709 -5.37778
    endloop
  endfacet
  facet normal 0.672021 -0.226807 -0.704944
    outer loop
      vertex 53.6602 114.9 -5.51573
      vertex 53.6377 114.935 -5.54844
      vertex 53.6458 114.959 -5.54844
    endloop
  endfacet
  facet normal 0.521854 -0.225346 -0.822732
    outer loop
      vertex 53.6282 114.913 -5.54844
      vertex 53.6138 114.971 -5.57346
      vertex 53.6377 114.935 -5.54844
    endloop
  endfacet
  facet normal 0.362445 -0.169141 -0.916529
    outer loop
      vertex 53.6 114.976 -5.57984
      vertex 53.6138 114.971 -5.57346
      vertex 53.6068 114.956 -5.57346
    endloop
  endfacet
  facet normal 0.366824 -0.157485 -0.916864
    outer loop
      vertex 53.6138 114.971 -5.57346
      vertex 53.6 114.976 -5.57984
      vertex 53.6 114.993 -5.58276
    endloop
  endfacet
  facet normal 0.629875 -0.0661369 -0.773875
    outer loop
      vertex 53.6596 115.04 -5.54844
      vertex 53.6276 115.028 -5.57346
      vertex 53.6297 115.048 -5.57346
    endloop
  endfacet
  facet normal 0.467887 -0.0441343 -0.882685
    outer loop
      vertex 53.6276 115.028 -5.57346
      vertex 53.6 115.042 -5.58879
      vertex 53.6 115.055 -5.58944
    endloop
  endfacet
  facet normal 0.462341 -0.265238 -0.846103
    outer loop
      vertex 53.6 114.939 -5.572
      vertex 53.6282 114.913 -5.54844
      vertex 53.6173 114.894 -5.54844
    endloop
  endfacet
  facet normal 0.492737 -0.226826 -0.840095
    outer loop
      vertex 53.6282 114.913 -5.54844
      vertex 53.6 114.939 -5.572
      vertex 53.6 114.941 -5.57254
    endloop
  endfacet
  facet normal 0.50011 -0.375083 -0.780514
    outer loop
      vertex 53.6346 114.849 -5.51573
      vertex 53.6053 114.878 -5.54844
      vertex 53.6173 114.894 -5.54844
    endloop
  endfacet
  facet normal 0.415448 -0.789351 -0.452026
    outer loop
      vertex 53.6038 114.668 -5.37778
      vertex 53.6 114.642 -5.33587
      vertex 53.6 114.666 -5.37778
    endloop
  endfacet
  facet normal 0.278107 -0.827329 -0.48804
    outer loop
      vertex 53.6 114.642 -5.33587
      vertex 53.6038 114.668 -5.37778
      vertex 53.608 114.636 -5.32114
    endloop
  endfacet
  facet normal 0.392853 -0.887847 0.23957
    outer loop
      vertex 53.6 114.597 -4.97634
      vertex 53.6113 114.612 -4.93928
      vertex 53.6 114.607 -4.93928
    endloop
  endfacet
  facet normal 0.395546 -0.886968 0.238393
    outer loop
      vertex 53.6113 114.612 -4.93928
      vertex 53.6 114.597 -4.97634
      vertex 53.6135 114.596 -5.00246
    endloop
  endfacet
  facet normal 0.377359 -0.852831 0.360944
    outer loop
      vertex 53.6113 114.612 -4.93928
      vertex 53.6 114.625 -4.89675
      vertex 53.6 114.607 -4.93928
    endloop
  endfacet
  facet normal 0.371208 -0.855828 0.360226
    outer loop
      vertex 53.6 114.625 -4.89675
      vertex 53.6113 114.612 -4.93928
      vertex 53.608 114.636 -4.87886
    endloop
  endfacet
  facet normal 0.701115 0.528174 -0.47903
    outer loop
      vertex 53.6644 115.368 -5.42967
      vertex 53.6539 115.429 -5.37778
      vertex 53.6765 115.399 -5.37778
    endloop
  endfacet
  facet normal 0.776265 0.44204 -0.449459
    outer loop
      vertex 53.6829 115.335 -5.42967
      vertex 53.6765 115.399 -5.37778
      vertex 53.697 115.363 -5.37778
    endloop
  endfacet
  facet normal 0.584778 0.436147 -0.683967
    outer loop
      vertex 53.6503 115.331 -5.47592
      vertex 53.6194 115.31 -5.51573
      vertex 53.6324 115.355 -5.47592
    endloop
  endfacet
  facet normal 0.487557 0.495256 -0.719034
    outer loop
      vertex 53.6194 115.31 -5.51573
      vertex 53.6131 115.374 -5.47592
      vertex 53.6324 115.355 -5.47592
    endloop
  endfacet
  facet normal 0.183002 0.499568 -0.846725
    outer loop
      vertex 53.6031 115.326 -5.51573
      vertex 53.6 115.311 -5.52525
      vertex 53.6 115.32 -5.51994
    endloop
  endfacet
  facet normal 0.57105 0.327602 -0.752714
    outer loop
      vertex 53.6282 115.226 -5.54844
      vertex 53.6173 115.245 -5.54844
      vertex 53.6346 115.29 -5.51573
    endloop
  endfacet
  facet normal 0.794541 0.198635 -0.573802
    outer loop
      vertex 53.6783 115.176 -5.51573
      vertex 53.6703 115.208 -5.51573
      vertex 53.7023 115.195 -5.47592
    endloop
  endfacet
  facet normal 0.707854 0.176963 -0.683833
    outer loop
      vertex 53.6783 115.176 -5.51573
      vertex 53.6522 115.154 -5.54844
      vertex 53.6703 115.208 -5.51573
    endloop
  endfacet
  facet normal 0.860282 -0.482158 0.165645
    outer loop
      vertex 53.7174 114.734 -4.93928
      vertex 53.6993 114.68 -5.00246
      vertex 53.7234 114.723 -5.00246
    endloop
  endfacet
  facet normal 0.850029 -0.495142 0.179679
    outer loop
      vertex 53.7174 114.734 -4.93928
      vertex 53.6941 114.694 -4.93928
      vertex 53.6993 114.68 -5.00246
    endloop
  endfacet
  facet normal 0.924536 -0.305808 0.227409
    outer loop
      vertex 53.755 114.833 -4.93928
      vertex 53.7279 114.796 -4.87886
      vertex 53.7378 114.781 -4.93928
    endloop
  endfacet
  facet normal 0.887671 -0.391382 0.242613
    outer loop
      vertex 53.7279 114.796 -4.87886
      vertex 53.7085 114.752 -4.87886
      vertex 53.7378 114.781 -4.93928
    endloop
  endfacet
  facet normal 0.905755 -0.393136 0.158277
    outer loop
      vertex 53.7378 114.781 -4.93928
      vertex 53.7174 114.734 -4.93928
      vertex 53.7445 114.771 -5.00246
    endloop
  endfacet
  facet normal 0.936796 -0.314622 -0.153058
    outer loop
      vertex 53.7623 114.824 -5.19754
      vertex 53.7445 114.771 -5.19754
      vertex 53.755 114.833 -5.26072
    endloop
  endfacet
  facet normal 0.986034 -0.0986034 0.134218
    outer loop
      vertex 53.7847 115.007 -4.93928
      vertex 53.7787 114.947 -4.93928
      vertex 53.7868 114.942 -5.00246
    endloop
  endfacet
  facet normal 0.973962 -0.0973962 0.204722
    outer loop
      vertex 53.7847 115.007 -4.93928
      vertex 53.7666 114.953 -4.87886
      vertex 53.7787 114.947 -4.93928
    endloop
  endfacet
  facet normal 0.986034 -0.0986034 -0.134218
    outer loop
      vertex 53.7868 114.942 -5.19754
      vertex 53.7787 114.947 -5.26072
      vertex 53.7847 115.007 -5.26072
    endloop
  endfacet
  facet normal 0.976466 -0.165503 -0.138286
    outer loop
      vertex 53.7868 114.942 -5.19754
      vertex 53.7687 114.888 -5.26072
      vertex 53.7787 114.947 -5.26072
    endloop
  endfacet
  facet normal 0.992777 -0.0992777 -0.0673692
    outer loop
      vertex 53.791 114.94 -5.1327
      vertex 53.7868 114.942 -5.19754
      vertex 53.7931 115.005 -5.19754
    endloop
  endfacet
  facet normal 0.978659 -0.0320595 -0.202973
    outer loop
      vertex 53.7847 115.007 -5.26072
      vertex 53.7723 115.011 -5.32114
      vertex 53.7742 115.069 -5.32114
    endloop
  endfacet
  facet normal 0.960521 -0.0314654 -0.276421
    outer loop
      vertex 53.7723 115.011 -5.32114
      vertex 53.7579 115.069 -5.37778
      vertex 53.7742 115.069 -5.32114
    endloop
  endfacet
  facet normal 0.927958 -0.225861 -0.296447
    outer loop
      vertex 53.7442 114.845 -5.32114
      vertex 53.73 114.861 -5.37778
      vertex 53.7571 114.898 -5.32114
    endloop
  endfacet
  facet normal 0.865079 -0.492894 0.0932371
    outer loop
      vertex 53.7234 114.723 -5.00246
      vertex 53.7019 114.673 -5.0673
      vertex 53.7264 114.716 -5.0673
    endloop
  endfacet
  facet normal 0.850029 -0.495142 -0.179679
    outer loop
      vertex 53.6993 114.68 -5.19754
      vertex 53.6941 114.694 -5.26072
      vertex 53.7174 114.734 -5.26072
    endloop
  endfacet
  facet normal 0.865079 -0.492894 -0.0932371
    outer loop
      vertex 53.7264 114.716 -5.1327
      vertex 53.7019 114.673 -5.1327
      vertex 53.7234 114.723 -5.19754
    endloop
  endfacet
  facet normal 0.983621 -0.166581 -0.0688521
    outer loop
      vertex 53.791 114.94 -5.1327
      vertex 53.7805 114.878 -5.1327
      vertex 53.7868 114.942 -5.19754
    endloop
  endfacet
  facet normal 0.985961 -0.166977 0
    outer loop
      vertex 53.7805 114.878 -5.0673
      vertex 53.791 114.94 -5.1327
      vertex 53.791 114.94 -5.0673
    endloop
  endfacet
  facet normal 0.985961 -0.166977 0
    outer loop
      vertex 53.791 114.94 -5.1327
      vertex 53.7805 114.878 -5.0673
      vertex 53.7805 114.878 -5.1327
    endloop
  endfacet
  facet normal 0.782371 -0.342552 -0.520148
    outer loop
      vertex 53.6829 114.803 -5.42967
      vertex 53.6666 114.836 -5.47592
      vertex 53.6991 114.84 -5.42967
    endloop
  endfacet
  facet normal 0.830526 -0.363636 -0.421896
    outer loop
      vertex 53.697 114.775 -5.37778
      vertex 53.6829 114.803 -5.42967
      vertex 53.6991 114.84 -5.42967
    endloop
  endfacet
  facet normal 0.824792 -0.275601 -0.493723
    outer loop
      vertex 53.6991 114.84 -5.42967
      vertex 53.6928 114.904 -5.47592
      vertex 53.7128 114.881 -5.42967
    endloop
  endfacet
  facet normal 0.794579 -0.192625 -0.575795
    outer loop
      vertex 53.7023 114.943 -5.47592
      vertex 53.6703 114.93 -5.51573
      vertex 53.6783 114.963 -5.51573
    endloop
  endfacet
  facet normal 0.901283 -0.299815 -0.312729
    outer loop
      vertex 53.7279 114.796 -5.32114
      vertex 53.7149 114.816 -5.37778
      vertex 53.7442 114.845 -5.32114
    endloop
  endfacet
  facet normal 0.864573 -0.37746 -0.33172
    outer loop
      vertex 53.7279 114.796 -5.32114
      vertex 53.697 114.775 -5.37778
      vertex 53.7149 114.816 -5.37778
    endloop
  endfacet
  facet normal 0.855678 -0.208434 -0.473677
    outer loop
      vertex 53.7128 114.881 -5.42967
      vertex 53.6928 114.904 -5.47592
      vertex 53.7023 114.943 -5.47592
    endloop
  endfacet
  facet normal 0.732901 -0.124865 -0.668778
    outer loop
      vertex 53.6783 114.963 -5.51573
      vertex 53.6522 114.985 -5.54844
      vertex 53.6568 115.012 -5.54844
    endloop
  endfacet
  facet normal 0.976495 0.164884 -0.138823
    outer loop
      vertex 53.7868 115.196 -5.19754
      vertex 53.7687 115.25 -5.26072
      vertex 53.7765 115.257 -5.19754
    endloop
  endfacet
  facet normal 0.923192 0.307103 -0.231096
    outer loop
      vertex 53.7442 115.293 -5.32114
      vertex 53.7279 115.342 -5.32114
      vertex 53.755 115.306 -5.26072
    endloop
  endfacet
  facet normal 0.936221 0.315745 -0.154256
    outer loop
      vertex 53.755 115.306 -5.26072
      vertex 53.7378 115.357 -5.26072
      vertex 53.7445 115.368 -5.19754
    endloop
  endfacet
  facet normal 0.939312 0.309625 -0.147736
    outer loop
      vertex 53.755 115.306 -5.26072
      vertex 53.7445 115.368 -5.19754
      vertex 53.7623 115.314 -5.19754
    endloop
  endfacet
  facet normal 0.794575 0.19355 -0.57549
    outer loop
      vertex 53.7023 115.195 -5.47592
      vertex 53.6703 115.208 -5.51573
      vertex 53.6928 115.234 -5.47592
    endloop
  endfacet
  facet normal 0.868765 0.291519 -0.40033
    outer loop
      vertex 53.73 115.277 -5.37778
      vertex 53.7128 115.257 -5.42967
      vertex 53.7149 115.322 -5.37778
    endloop
  endfacet
  facet normal 0.887225 -0.0887225 -0.452725
    outer loop
      vertex 53.7316 114.972 -5.42967
      vertex 53.7134 115.026 -5.47592
      vertex 53.7364 115.02 -5.42967
    endloop
  endfacet
  facet normal 0.893468 -0.0290897 -0.448183
    outer loop
      vertex 53.738 115.069 -5.42967
      vertex 53.7134 115.026 -5.47592
      vertex 53.7148 115.069 -5.47592
    endloop
  endfacet
  facet normal 0.955014 -0.0938548 -0.281319
    outer loop
      vertex 53.7666 114.953 -5.32114
      vertex 53.7508 114.962 -5.37778
      vertex 53.7723 115.011 -5.32114
    endloop
  endfacet
  facet normal 0.960537 0.0309326 -0.276426
    outer loop
      vertex 53.7742 115.069 -5.32114
      vertex 53.7579 115.069 -5.37778
      vertex 53.7723 115.128 -5.32114
    endloop
  endfacet
  facet normal 0.491053 -0.742356 -0.455823
    outer loop
      vertex 53.608 114.636 -5.32114
      vertex 53.6038 114.668 -5.37778
      vertex 53.6295 114.685 -5.37778
    endloop
  endfacet
  facet normal 0.504678 -0.738423 -0.447249
    outer loop
      vertex 53.6358 114.655 -5.32114
      vertex 53.608 114.636 -5.32114
      vertex 53.6295 114.685 -5.37778
    endloop
  endfacet
  facet normal 0.323993 -0.946059 0
    outer loop
      vertex 53.6 114.582 -5.1327
      vertex 53.6146 114.587 -5.0673
      vertex 53.6 114.582 -5.0673
    endloop
  endfacet
  facet normal 0.323993 -0.946059 0
    outer loop
      vertex 53.6146 114.587 -5.0673
      vertex 53.6 114.582 -5.1327
      vertex 53.6146 114.587 -5.1327
    endloop
  endfacet
  facet normal 0.70563 -0.700764 -0.104961
    outer loop
      vertex 53.6455 114.608 -5.1327
      vertex 53.6438 114.616 -5.19754
      vertex 53.6726 114.645 -5.19754
    endloop
  endfacet
  facet normal 0.70042 -0.70525 -0.109699
    outer loop
      vertex 53.6747 114.637 -5.1327
      vertex 53.6455 114.608 -5.1327
      vertex 53.6726 114.645 -5.19754
    endloop
  endfacet
  facet normal 0.968936 -0.237222 -0.0699252
    outer loop
      vertex 53.766 114.82 -5.1327
      vertex 53.7623 114.824 -5.19754
      vertex 53.7765 114.882 -5.19754
    endloop
  endfacet
  facet normal 0.791325 -0.603668 -0.0969019
    outer loop
      vertex 53.7019 114.673 -5.1327
      vertex 53.6726 114.645 -5.19754
      vertex 53.6993 114.68 -5.19754
    endloop
  endfacet
  facet normal 0.927494 0.0908566 0.362628
    outer loop
      vertex 53.7561 115.124 -4.82222
      vertex 53.7316 115.167 -4.77033
      vertex 53.7364 115.118 -4.77033
    endloop
  endfacet
  facet normal 0.933284 0.0304746 0.357844
    outer loop
      vertex 53.7561 115.124 -4.82222
      vertex 53.7364 115.118 -4.77033
      vertex 53.738 115.069 -4.77033
    endloop
  endfacet
  facet normal 0.770096 -0.569405 0.287628
    outer loop
      vertex 53.6865 114.714 -4.87886
      vertex 53.6621 114.681 -4.87886
      vertex 53.6684 114.659 -4.93928
    endloop
  endfacet
  facet normal 0.834075 -0.482886 0.26672
    outer loop
      vertex 53.7085 114.752 -4.87886
      vertex 53.6865 114.714 -4.87886
      vertex 53.7174 114.734 -4.93928
    endloop
  endfacet
  facet normal 0.638129 -0.648764 0.414604
    outer loop
      vertex 53.6539 114.709 -4.82222
      vertex 53.6295 114.685 -4.82222
      vertex 53.6358 114.655 -4.87886
    endloop
  endfacet
  facet normal 0.504678 -0.738423 0.447249
    outer loop
      vertex 53.6295 114.685 -4.82222
      vertex 53.608 114.636 -4.87886
      vertex 53.6358 114.655 -4.87886
    endloop
  endfacet
  facet normal 0.459432 -0.694554 0.55364
    outer loop
      vertex 53.6295 114.685 -4.82222
      vertex 53.6 114.696 -4.78394
      vertex 53.6038 114.668 -4.82222
    endloop
  endfacet
  facet normal 0.457573 -0.696478 0.552761
    outer loop
      vertex 53.6 114.696 -4.78394
      vertex 53.6295 114.685 -4.82222
      vertex 53.6 114.705 -4.7726
    endloop
  endfacet
  facet normal 0.457089 -0.66735 0.587974
    outer loop
      vertex 53.6 114.705 -4.7726
      vertex 53.6219 114.722 -4.77033
      vertex 53.6 114.707 -4.77033
    endloop
  endfacet
  facet normal 0.472729 -0.68329 0.556455
    outer loop
      vertex 53.6219 114.722 -4.77033
      vertex 53.6 114.705 -4.7726
      vertex 53.6295 114.685 -4.82222
    endloop
  endfacet
  facet normal 0.63135 -0.272628 0.725997
    outer loop
      vertex 53.6377 114.935 -4.65156
      vertex 53.6282 114.913 -4.65156
      vertex 53.6602 114.9 -4.68427
    endloop
  endfacet
  facet normal 0.652968 -0.380121 0.655089
    outer loop
      vertex 53.6666 114.836 -4.72408
      vertex 53.6482 114.873 -4.68427
      vertex 53.6503 114.808 -4.72408
    endloop
  endfacet
  facet normal 0.396526 -0.420317 0.81615
    outer loop
      vertex 53.6 114.855 -4.66083
      vertex 53.6053 114.878 -4.65156
      vertex 53.6 114.873 -4.65156
    endloop
  endfacet
  facet normal 0.412448 -0.420708 0.808017
    outer loop
      vertex 53.6053 114.878 -4.65156
      vertex 53.6 114.855 -4.66083
      vertex 53.6194 114.829 -4.68427
    endloop
  endfacet
  facet normal 0.405057 -0.428787 0.807509
    outer loop
      vertex 53.6 114.828 -4.67475
      vertex 53.6 114.818 -4.68006
      vertex 53.6031 114.813 -4.68427
    endloop
  endfacet
  facet normal 0.428245 -0.623334 0.654263
    outer loop
      vertex 53.6 114.756 -4.72408
      vertex 53.6 114.712 -4.766
      vertex 53.6131 114.765 -4.72408
    endloop
  endfacet
  facet normal 0.410879 -0.424575 0.806793
    outer loop
      vertex 53.6 114.818 -4.68006
      vertex 53.6 114.81 -4.68427
      vertex 53.6031 114.813 -4.68427
    endloop
  endfacet
  facet normal 0.710269 -0.172186 0.682547
    outer loop
      vertex 53.6783 114.963 -4.68427
      vertex 53.6522 114.985 -4.65156
      vertex 53.6703 114.93 -4.68427
    endloop
  endfacet
  facet normal 0.794579 -0.192625 0.575795
    outer loop
      vertex 53.6783 114.963 -4.68427
      vertex 53.6703 114.93 -4.68427
      vertex 53.7023 114.943 -4.72408
    endloop
  endfacet
  facet normal 0.75965 -0.260451 0.5959
    outer loop
      vertex 53.6928 114.904 -4.72408
      vertex 53.6602 114.9 -4.68427
      vertex 53.6808 114.869 -4.72408
    endloop
  endfacet
  facet normal 0.557273 -0.18808 0.808748
    outer loop
      vertex 53.6458 114.959 -4.65156
      vertex 53.6196 114.989 -4.62653
      vertex 53.6377 114.935 -4.65156
    endloop
  endfacet
  facet normal 0.463186 -0.0530802 0.88467
    outer loop
      vertex 53.6 115.055 -4.61056
      vertex 53.6297 115.048 -4.62653
      vertex 53.6 115.056 -4.6105
    endloop
  endfacet
  facet normal 0.464091 -0.0487295 0.884446
    outer loop
      vertex 53.6297 115.048 -4.62653
      vertex 53.6 115.055 -4.61056
      vertex 53.6276 115.028 -4.62653
    endloop
  endfacet
  facet normal 0.630645 0.0630645 0.773504
    outer loop
      vertex 53.6596 115.098 -4.65156
      vertex 53.6276 115.111 -4.62653
      vertex 53.6297 115.09 -4.62653
    endloop
  endfacet
  facet normal 0.465758 0.0465758 0.883686
    outer loop
      vertex 53.6 115.084 -4.61056
      vertex 53.6297 115.09 -4.62653
      vertex 53.6276 115.111 -4.62653
    endloop
  endfacet
  facet normal 0.469266 0.0264798 0.88266
    outer loop
      vertex 53.6297 115.09 -4.62653
      vertex 53.6 115.084 -4.61056
      vertex 53.6 115.082 -4.6105
    endloop
  endfacet
  facet normal 0.452571 0.076937 0.888403
    outer loop
      vertex 53.6 115.111 -4.61247
      vertex 53.6276 115.111 -4.62653
      vertex 53.6242 115.131 -4.62653
    endloop
  endfacet
  facet normal 0.452972 0.0644663 0.889191
    outer loop
      vertex 53.6276 115.111 -4.62653
      vertex 53.6 115.111 -4.61247
      vertex 53.6 115.107 -4.61218
    endloop
  endfacet
  facet normal 0.552748 0.555261 0.621414
    outer loop
      vertex 53.6219 115.417 -4.77033
      vertex 53.6131 115.374 -4.72408
      vertex 53.644 115.395 -4.77033
    endloop
  endfacet
  facet normal 0.605237 0.607989 0.513846
    outer loop
      vertex 53.6539 115.429 -4.82222
      vertex 53.6219 115.417 -4.77033
      vertex 53.644 115.395 -4.77033
    endloop
  endfacet
  facet normal 0.584778 0.436147 0.683967
    outer loop
      vertex 53.6324 115.355 -4.72408
      vertex 53.6194 115.31 -4.68427
      vertex 53.6503 115.331 -4.72408
    endloop
  endfacet
  facet normal 0.651107 0.485617 0.583298
    outer loop
      vertex 53.644 115.395 -4.77033
      vertex 53.6324 115.355 -4.72408
      vertex 53.6503 115.331 -4.72408
    endloop
  endfacet
  facet normal 0.329116 0.561255 -0.759392
    outer loop
      vertex 53.6 115.344 -5.50377
      vertex 53.6131 115.374 -5.47592
      vertex 53.6031 115.326 -5.51573
    endloop
  endfacet
  facet normal 0.370795 0.539713 -0.755792
    outer loop
      vertex 53.6131 115.374 -5.47592
      vertex 53.6 115.344 -5.50377
      vertex 53.6 115.383 -5.47592
    endloop
  endfacet
  facet normal 0.457573 0.696478 0.552761
    outer loop
      vertex 53.6295 115.453 -4.82222
      vertex 53.6 115.442 -4.78394
      vertex 53.6 115.433 -4.7726
    endloop
  endfacet
  facet normal 0.474947 0.678119 0.560874
    outer loop
      vertex 53.6 115.442 -4.78394
      vertex 53.6295 115.453 -4.82222
      vertex 53.6038 115.471 -4.82222
    endloop
  endfacet
  facet normal 0.514985 0.735285 0.440621
    outer loop
      vertex 53.608 115.502 -4.87886
      vertex 53.6038 115.471 -4.82222
      vertex 53.6295 115.453 -4.82222
    endloop
  endfacet
  facet normal 0.797867 0.602833 0
    outer loop
      vertex 53.7019 115.465 -5.0673
      vertex 53.6747 115.501 -5.1327
      vertex 53.6747 115.501 -5.0673
    endloop
  endfacet
  facet normal 0.797867 0.602833 0
    outer loop
      vertex 53.6747 115.501 -5.1327
      vertex 53.7019 115.465 -5.0673
      vertex 53.7019 115.465 -5.1327
    endloop
  endfacet
  facet normal 0.863975 0.495757 0.0881652
    outer loop
      vertex 53.7019 115.465 -5.0673
      vertex 53.6993 115.458 -5.00246
      vertex 53.7234 115.416 -5.00246
    endloop
  endfacet
  facet normal 0.854092 0.490086 0.174194
    outer loop
      vertex 53.7234 115.416 -5.00246
      vertex 53.6993 115.458 -5.00246
      vertex 53.7174 115.404 -4.93928
    endloop
  endfacet
  facet normal 0.549573 0.805125 0.22303
    outer loop
      vertex 53.6135 115.543 -5.00246
      vertex 53.6113 115.527 -4.93928
      vertex 53.6406 115.507 -4.93928
    endloop
  endfacet
  facet normal 0.55586 0.802027 0.218568
    outer loop
      vertex 53.6438 115.522 -5.00246
      vertex 53.6135 115.543 -5.00246
      vertex 53.6406 115.507 -4.93928
    endloop
  endfacet
  facet normal 0.756018 0.0245195 -0.654091
    outer loop
      vertex 53.6889 115.069 -5.51573
      vertex 53.6606 115.069 -5.54844
      vertex 53.6877 115.106 -5.51573
    endloop
  endfacet
  facet normal 0.837908 0.0271754 -0.545135
    outer loop
      vertex 53.6889 115.069 -5.51573
      vertex 53.6877 115.106 -5.51573
      vertex 53.7148 115.069 -5.47592
    endloop
  endfacet
  facet normal 0.42211 0.84422 -0.330326
    outer loop
      vertex 53.608 115.502 -5.32114
      vertex 53.6 115.506 -5.32114
      vertex 53.6 115.513 -5.30325
    endloop
  endfacet
  facet normal 0.863975 0.495757 -0.0881652
    outer loop
      vertex 53.7234 115.416 -5.19754
      vertex 53.6993 115.458 -5.19754
      vertex 53.7019 115.465 -5.1327
    endloop
  endfacet
  facet normal 0.854092 0.490086 -0.174194
    outer loop
      vertex 53.7174 115.404 -5.26072
      vertex 53.6993 115.458 -5.19754
      vertex 53.7234 115.416 -5.19754
    endloop
  endfacet
  facet normal 0.682805 0.702314 -0.201325
    outer loop
      vertex 53.6726 115.494 -5.19754
      vertex 53.6406 115.507 -5.26072
      vertex 53.6438 115.522 -5.19754
    endloop
  endfacet
  facet normal 0.55586 0.802027 -0.218568
    outer loop
      vertex 53.6406 115.507 -5.26072
      vertex 53.6135 115.543 -5.19754
      vertex 53.6438 115.522 -5.19754
    endloop
  endfacet
  facet normal 0.978774 0.0315734 -0.202494
    outer loop
      vertex 53.7867 115.069 -5.26072
      vertex 53.7742 115.069 -5.32114
      vertex 53.7847 115.131 -5.26072
    endloop
  endfacet
  facet normal 0.999428 -0.0338268 0
    outer loop
      vertex 53.7973 115.004 -5.0673
      vertex 53.7995 115.069 -5.1327
      vertex 53.7995 115.069 -5.0673
    endloop
  endfacet
  facet normal 0.999428 -0.0338268 0
    outer loop
      vertex 53.7995 115.069 -5.1327
      vertex 53.7973 115.004 -5.0673
      vertex 53.7973 115.004 -5.1327
    endloop
  endfacet
  facet normal 0.887601 0.0866959 0.452381
    outer loop
      vertex 53.7316 115.167 -4.77033
      vertex 53.7092 115.155 -4.72408
      vertex 53.7134 115.112 -4.72408
    endloop
  endfacet
  facet normal 0.87381 0.150732 0.462316
    outer loop
      vertex 53.7316 115.167 -4.77033
      vertex 53.7023 115.195 -4.72408
      vertex 53.7092 115.155 -4.72408
    endloop
  endfacet
  facet normal 0.837637 -0.0272719 0.545546
    outer loop
      vertex 53.7148 115.069 -4.72408
      vertex 53.6877 115.033 -4.68427
      vertex 53.7134 115.026 -4.72408
    endloop
  endfacet
  facet normal 0.893468 -0.0290897 0.448183
    outer loop
      vertex 53.7148 115.069 -4.72408
      vertex 53.7134 115.026 -4.72408
      vertex 53.738 115.069 -4.77033
    endloop
  endfacet
  facet normal 0.707854 0.176963 0.683833
    outer loop
      vertex 53.6703 115.208 -4.68427
      vertex 53.6522 115.154 -4.65156
      vertex 53.6783 115.176 -4.68427
    endloop
  endfacet
  facet normal 0.794541 0.198635 0.573802
    outer loop
      vertex 53.7023 115.195 -4.72408
      vertex 53.6703 115.208 -4.68427
      vertex 53.6783 115.176 -4.68427
    endloop
  endfacet
  facet normal 0.613692 0.104328 0.782623
    outer loop
      vertex 53.6568 115.127 -4.65156
      vertex 53.6242 115.131 -4.62653
      vertex 53.6276 115.111 -4.62653
    endloop
  endfacet
  facet normal 0.63018 0.0608449 0.774062
    outer loop
      vertex 53.6568 115.127 -4.65156
      vertex 53.6276 115.111 -4.62653
      vertex 53.6596 115.098 -4.65156
    endloop
  endfacet
  facet normal 0.831296 0.362932 0.420984
    outer loop
      vertex 53.7149 115.322 -4.82222
      vertex 53.697 115.363 -4.82222
      vertex 53.6991 115.298 -4.77033
    endloop
  endfacet
  facet normal 0.830526 0.363636 0.421896
    outer loop
      vertex 53.697 115.363 -4.82222
      vertex 53.6829 115.335 -4.77033
      vertex 53.6991 115.298 -4.77033
    endloop
  endfacet
  facet normal 0.993031 0.0977515 0.065831
    outer loop
      vertex 53.7973 115.134 -5.0673
      vertex 53.791 115.198 -5.0673
      vertex 53.7931 115.133 -5.00246
    endloop
  endfacet
  facet normal 0.997306 0.033755 0.0651209
    outer loop
      vertex 53.7973 115.134 -5.0673
      vertex 53.7931 115.133 -5.00246
      vertex 53.7995 115.069 -5.0673
    endloop
  endfacet
  facet normal 0.948155 0.317808 0
    outer loop
      vertex 53.766 115.319 -5.0673
      vertex 53.7479 115.373 -5.1327
      vertex 53.7479 115.373 -5.0673
    endloop
  endfacet
  facet normal 0.948155 0.317808 0
    outer loop
      vertex 53.7479 115.373 -5.1327
      vertex 53.766 115.319 -5.0673
      vertex 53.766 115.319 -5.1327
    endloop
  endfacet
  facet normal 0.96113 0.235134 0.14471
    outer loop
      vertex 53.7765 115.257 -5.00246
      vertex 53.755 115.306 -4.93928
      vertex 53.7687 115.25 -4.93928
    endloop
  endfacet
  facet normal 0.968668 0.238062 -0.070772
    outer loop
      vertex 53.7765 115.257 -5.19754
      vertex 53.766 115.319 -5.1327
      vertex 53.7805 115.26 -5.1327
    endloop
  endfacet
  facet normal 0.967696 0.241075 -0.0738101
    outer loop
      vertex 53.7765 115.257 -5.19754
      vertex 53.7623 115.314 -5.19754
      vertex 53.766 115.319 -5.1327
    endloop
  endfacet
  facet normal 0.388352 0.294288 0.873257
    outer loop
      vertex 53.6 115.252 -4.64617
      vertex 53.6 115.242 -4.6428
      vertex 53.6053 115.261 -4.65156
    endloop
  endfacet
  facet normal 0.183002 0.499568 0.846725
    outer loop
      vertex 53.6 115.32 -4.68006
      vertex 53.6 115.311 -4.67475
      vertex 53.6031 115.326 -4.68427
    endloop
  endfacet
  facet normal 0.464991 0.0478844 -0.884019
    outer loop
      vertex 53.6276 115.111 -5.57346
      vertex 53.6 115.084 -5.58944
      vertex 53.6 115.096 -5.58879
    endloop
  endfacet
  facet normal 0.557128 0.188031 -0.808859
    outer loop
      vertex 53.6458 115.18 -5.54844
      vertex 53.6196 115.15 -5.57346
      vertex 53.6377 115.204 -5.54844
    endloop
  endfacet
  facet normal 0.453228 0.0644569 -0.889061
    outer loop
      vertex 53.6 115.111 -5.58753
      vertex 53.6276 115.111 -5.57346
      vertex 53.6 115.107 -5.58782
    endloop
  endfacet
  facet normal 0.452825 0.0769802 -0.88827
    outer loop
      vertex 53.6276 115.111 -5.57346
      vertex 53.6 115.111 -5.58753
      vertex 53.6242 115.131 -5.57346
    endloop
  endfacet
  facet normal 0.613542 0.104302 -0.782744
    outer loop
      vertex 53.6276 115.111 -5.57346
      vertex 53.6242 115.131 -5.57346
      vertex 53.6568 115.127 -5.54844
    endloop
  endfacet
  facet normal 0.514716 0.225188 -0.827259
    outer loop
      vertex 53.6138 115.167 -5.57346
      vertex 53.6068 115.183 -5.57346
      vertex 53.6282 115.226 -5.54844
    endloop
  endfacet
  facet normal 0.518008 0.223685 -0.82561
    outer loop
      vertex 53.6377 115.204 -5.54844
      vertex 53.6138 115.167 -5.57346
      vertex 53.6282 115.226 -5.54844
    endloop
  endfacet
  facet normal 0.675873 0.227544 -0.701013
    outer loop
      vertex 53.6703 115.208 -5.51573
      vertex 53.6458 115.18 -5.54844
      vertex 53.6602 115.238 -5.51573
    endloop
  endfacet
  facet normal 0.710374 0.174861 -0.681757
    outer loop
      vertex 53.6522 115.154 -5.54844
      vertex 53.6458 115.18 -5.54844
      vertex 53.6703 115.208 -5.51573
    endloop
  endfacet
  facet normal 0.486398 -0.495518 -0.719639
    outer loop
      vertex 53.6131 114.765 -5.47592
      vertex 53.6031 114.813 -5.51573
      vertex 53.6194 114.829 -5.51573
    endloop
  endfacet
  facet normal 0.376276 -0.54769 -0.747297
    outer loop
      vertex 53.6 114.794 -5.50377
      vertex 53.6131 114.765 -5.47592
      vertex 53.6 114.756 -5.47592
    endloop
  endfacet
  facet normal 0.400631 -0.534023 -0.744522
    outer loop
      vertex 53.6131 114.765 -5.47592
      vertex 53.6 114.794 -5.50377
      vertex 53.6031 114.813 -5.51573
    endloop
  endfacet
  facet normal 0.552748 -0.555261 -0.621414
    outer loop
      vertex 53.6219 114.722 -5.42967
      vertex 53.6131 114.765 -5.47592
      vertex 53.644 114.744 -5.42967
    endloop
  endfacet
  facet normal 0.416455 -0.424264 -0.804093
    outer loop
      vertex 53.6 114.828 -5.52525
      vertex 53.6194 114.829 -5.51573
      vertex 53.6031 114.813 -5.51573
    endloop
  endfacet
  facet normal 0.417747 -0.416341 -0.807557
    outer loop
      vertex 53.6194 114.829 -5.51573
      vertex 53.6 114.828 -5.52525
      vertex 53.6 114.855 -5.53917
    endloop
  endfacet
  facet normal 0.645806 -0.487942 -0.587237
    outer loop
      vertex 53.6644 114.771 -5.42967
      vertex 53.644 114.744 -5.42967
      vertex 53.6503 114.808 -5.47592
    endloop
  endfacet
  facet normal 0.696489 -0.526236 -0.48783
    outer loop
      vertex 53.6539 114.709 -5.37778
      vertex 53.644 114.744 -5.42967
      vertex 53.6644 114.771 -5.42967
    endloop
  endfacet
  facet normal 0.457089 -0.66735 -0.587974
    outer loop
      vertex 53.6219 114.722 -5.42967
      vertex 53.6 114.705 -5.4274
      vertex 53.6 114.707 -5.42967
    endloop
  endfacet
  facet normal 0.472729 -0.68329 -0.556455
    outer loop
      vertex 53.6 114.705 -5.4274
      vertex 53.6219 114.722 -5.42967
      vertex 53.6295 114.685 -5.37778
    endloop
  endfacet
  facet normal 0.463359 -0.261979 -0.846561
    outer loop
      vertex 53.6 114.941 -5.57254
      vertex 53.6068 114.956 -5.57346
      vertex 53.6282 114.913 -5.54844
    endloop
  endfacet
  facet normal 0.45953 -0.2604 -0.849131
    outer loop
      vertex 53.6068 114.956 -5.57346
      vertex 53.6 114.941 -5.57254
      vertex 53.6 114.944 -5.57346
    endloop
  endfacet
  facet normal 0.3996 -0.2997 -0.866314
    outer loop
      vertex 53.6 114.931 -5.56922
      vertex 53.6173 114.894 -5.54844
      vertex 53.6053 114.878 -5.54844
    endloop
  endfacet
  facet normal 0.397021 -0.301267 -0.866956
    outer loop
      vertex 53.6173 114.894 -5.54844
      vertex 53.6 114.931 -5.56922
      vertex 53.6 114.939 -5.572
    endloop
  endfacet
  facet normal 0.337087 -0.191016 -0.921892
    outer loop
      vertex 53.6068 114.956 -5.57346
      vertex 53.6 114.944 -5.57346
      vertex 53.6 114.969 -5.57864
    endloop
  endfacet
  facet normal 0.434526 -0.105201 -0.894494
    outer loop
      vertex 53.6 115.023 -5.58698
      vertex 53.6242 115.008 -5.57346
      vertex 53.6196 114.989 -5.57346
    endloop
  endfacet
  facet normal 0.438242 -0.0982814 -0.893468
    outer loop
      vertex 53.6242 115.008 -5.57346
      vertex 53.6 115.023 -5.58698
      vertex 53.6 115.028 -5.58753
    endloop
  endfacet
  facet normal 0.613545 -0.10453 -0.782711
    outer loop
      vertex 53.6522 114.985 -5.54844
      vertex 53.6242 115.008 -5.57346
      vertex 53.6568 115.012 -5.54844
    endloop
  endfacet
  facet normal 0.613542 -0.104302 -0.782744
    outer loop
      vertex 53.6568 115.012 -5.54844
      vertex 53.6242 115.008 -5.57346
      vertex 53.6276 115.028 -5.57346
    endloop
  endfacet
  facet normal 0.816808 -0.14174 -0.559227
    outer loop
      vertex 53.7092 114.984 -5.47592
      vertex 53.6783 114.963 -5.51573
      vertex 53.6842 114.997 -5.51573
    endloop
  endfacet
  facet normal 0.591449 -0.143193 -0.793526
    outer loop
      vertex 53.6522 114.985 -5.54844
      vertex 53.6196 114.989 -5.57346
      vertex 53.6242 115.008 -5.57346
    endloop
  endfacet
  facet normal 0.393315 -0.155346 -0.906185
    outer loop
      vertex 53.6068 114.956 -5.57346
      vertex 53.6 114.969 -5.57864
      vertex 53.6 114.976 -5.57984
    endloop
  endfacet
  facet normal 0.405057 -0.428787 -0.807509
    outer loop
      vertex 53.6031 114.813 -5.51573
      vertex 53.6 114.818 -5.51994
      vertex 53.6 114.828 -5.52525
    endloop
  endfacet
  facet normal 0.410879 -0.424575 -0.806793
    outer loop
      vertex 53.6031 114.813 -5.51573
      vertex 53.6 114.81 -5.51573
      vertex 53.6 114.818 -5.51994
    endloop
  endfacet
  facet normal 0.322453 -0.941564 0.0973696
    outer loop
      vertex 53.6 114.585 -5.03829
      vertex 53.6 114.582 -5.0673
      vertex 53.6146 114.587 -5.0673
    endloop
  endfacet
  facet normal 0.402876 -0.906471 0.126496
    outer loop
      vertex 53.6 114.585 -5.03829
      vertex 53.6135 114.596 -5.00246
      vertex 53.6 114.59 -5.00246
    endloop
  endfacet
  facet normal 0.389347 -0.911422 0.133113
    outer loop
      vertex 53.6135 114.596 -5.00246
      vertex 53.6 114.585 -5.03829
      vertex 53.6146 114.587 -5.0673
    endloop
  endfacet
  facet normal 0.323879 -0.863678 0.386217
    outer loop
      vertex 53.6 114.633 -4.87886
      vertex 53.6 114.625 -4.89675
      vertex 53.608 114.636 -4.87886
    endloop
  endfacet
  facet normal 0.714093 0.316879 -0.624226
    outer loop
      vertex 53.6808 115.27 -5.47592
      vertex 53.6602 115.238 -5.51573
      vertex 53.6666 115.302 -5.47592
    endloop
  endfacet
  facet normal 0.665523 0.37407 -0.645872
    outer loop
      vertex 53.6666 115.302 -5.47592
      vertex 53.6482 115.266 -5.51573
      vertex 53.6503 115.331 -5.47592
    endloop
  endfacet
  facet normal 0.699924 0.528832 -0.480045
    outer loop
      vertex 53.6644 115.368 -5.42967
      vertex 53.644 115.395 -5.42967
      vertex 53.6539 115.429 -5.37778
    endloop
  endfacet
  facet normal 0.453917 0.699592 -0.551842
    outer loop
      vertex 53.6219 115.417 -5.42967
      vertex 53.6 115.433 -5.4274
      vertex 53.6295 115.453 -5.37778
    endloop
  endfacet
  facet normal 0.432479 0.676521 -0.596054
    outer loop
      vertex 53.6 115.433 -5.4274
      vertex 53.6219 115.417 -5.42967
      vertex 53.6 115.431 -5.42967
    endloop
  endfacet
  facet normal 0.651107 0.485617 -0.583298
    outer loop
      vertex 53.6503 115.331 -5.47592
      vertex 53.6324 115.355 -5.47592
      vertex 53.644 115.395 -5.42967
    endloop
  endfacet
  facet normal 0.549881 0.558563 -0.620998
    outer loop
      vertex 53.6324 115.355 -5.47592
      vertex 53.6131 115.374 -5.47592
      vertex 53.644 115.395 -5.42967
    endloop
  endfacet
  facet normal 0.635889 0.272524 -0.722064
    outer loop
      vertex 53.6602 115.238 -5.51573
      vertex 53.6282 115.226 -5.54844
      vertex 53.6482 115.266 -5.51573
    endloop
  endfacet
  facet normal 0.575193 0.325942 -0.750277
    outer loop
      vertex 53.6482 115.266 -5.51573
      vertex 53.6282 115.226 -5.54844
      vertex 53.6346 115.29 -5.51573
    endloop
  endfacet
  facet normal 0.341562 0.313268 -0.886114
    outer loop
      vertex 53.6053 115.261 -5.54844
      vertex 53.6 115.208 -5.56922
      vertex 53.6 115.242 -5.5572
    endloop
  endfacet
  facet normal 0.388352 0.294288 -0.873257
    outer loop
      vertex 53.6053 115.261 -5.54844
      vertex 53.6 115.242 -5.5572
      vertex 53.6 115.252 -5.55383
    endloop
  endfacet
  facet normal 0.760359 0.255988 -0.596929
    outer loop
      vertex 53.6703 115.208 -5.51573
      vertex 53.6602 115.238 -5.51573
      vertex 53.6928 115.234 -5.47592
    endloop
  endfacet
  facet normal 0.760735 0.253578 -0.597479
    outer loop
      vertex 53.6928 115.234 -5.47592
      vertex 53.6602 115.238 -5.51573
      vertex 53.6808 115.27 -5.47592
    endloop
  endfacet
  facet normal 0.79389 -0.599828 0.0997193
    outer loop
      vertex 53.7019 114.673 -5.0673
      vertex 53.6726 114.645 -5.00246
      vertex 53.6747 114.637 -5.0673
    endloop
  endfacet
  facet normal 0.868864 -0.495051 0
    outer loop
      vertex 53.7019 114.673 -5.0673
      vertex 53.7264 114.716 -5.1327
      vertex 53.7264 114.716 -5.0673
    endloop
  endfacet
  facet normal 0.868864 -0.495051 0
    outer loop
      vertex 53.7264 114.716 -5.1327
      vertex 53.7019 114.673 -5.0673
      vertex 53.7019 114.673 -5.1327
    endloop
  endfacet
  facet normal 0.986409 0.0970238 -0.132605
    outer loop
      vertex 53.7847 115.131 -5.26072
      vertex 53.7787 115.192 -5.26072
      vertex 53.7868 115.196 -5.19754
    endloop
  endfacet
  facet normal 0.944014 0.160145 -0.288427
    outer loop
      vertex 53.7666 115.185 -5.32114
      vertex 53.742 115.228 -5.37778
      vertex 53.7571 115.241 -5.32114
    endloop
  endfacet
  facet normal 0.943993 -0.159753 -0.288716
    outer loop
      vertex 53.7666 114.953 -5.32114
      vertex 53.742 114.91 -5.37778
      vertex 53.7508 114.962 -5.37778
    endloop
  endfacet
  facet normal 0.973962 -0.0973962 -0.204722
    outer loop
      vertex 53.7787 114.947 -5.26072
      vertex 53.7666 114.953 -5.32114
      vertex 53.7847 115.007 -5.26072
    endloop
  endfacet
  facet normal 0.97382 -0.095703 -0.206193
    outer loop
      vertex 53.7847 115.007 -5.26072
      vertex 53.7666 114.953 -5.32114
      vertex 53.7723 115.011 -5.32114
    endloop
  endfacet
  facet normal 0.955247 -0.0955247 -0.279963
    outer loop
      vertex 53.7723 115.011 -5.32114
      vertex 53.7508 114.962 -5.37778
      vertex 53.7561 115.015 -5.37778
    endloop
  endfacet
  facet normal 0.970143 -0.242536 0
    outer loop
      vertex 53.766 114.82 -5.0673
      vertex 53.7805 114.878 -5.1327
      vertex 53.7805 114.878 -5.0673
    endloop
  endfacet
  facet normal 0.970143 -0.242536 0
    outer loop
      vertex 53.7805 114.878 -5.1327
      vertex 53.766 114.82 -5.0673
      vertex 53.766 114.82 -5.1327
    endloop
  endfacet
  facet normal 0.918669 -0.395028 0
    outer loop
      vertex 53.7264 114.716 -5.0673
      vertex 53.7479 114.766 -5.1327
      vertex 53.7479 114.766 -5.0673
    endloop
  endfacet
  facet normal 0.918669 -0.395028 0
    outer loop
      vertex 53.7479 114.766 -5.1327
      vertex 53.7264 114.716 -5.0673
      vertex 53.7264 114.716 -5.1327
    endloop
  endfacet
  facet normal 0.91261 -0.401168 0.0787895
    outer loop
      vertex 53.7445 114.771 -5.00246
      vertex 53.7234 114.723 -5.00246
      vertex 53.7479 114.766 -5.0673
    endloop
  endfacet
  facet normal 0.860282 -0.482158 -0.165645
    outer loop
      vertex 53.7234 114.723 -5.19754
      vertex 53.6993 114.68 -5.19754
      vertex 53.7174 114.734 -5.26072
    endloop
  endfacet
  facet normal 0.905755 -0.393136 -0.158277
    outer loop
      vertex 53.7445 114.771 -5.19754
      vertex 53.7174 114.734 -5.26072
      vertex 53.7378 114.781 -5.26072
    endloop
  endfacet
  facet normal 0.874674 -0.147201 -0.461819
    outer loop
      vertex 53.7316 114.972 -5.42967
      vertex 53.7023 114.943 -5.47592
      vertex 53.7092 114.984 -5.47592
    endloop
  endfacet
  facet normal 0.874652 -0.147016 -0.461921
    outer loop
      vertex 53.7237 114.925 -5.42967
      vertex 53.7023 114.943 -5.47592
      vertex 53.7316 114.972 -5.42967
    endloop
  endfacet
  facet normal 0.963039 0.166041 -0.2121
    outer loop
      vertex 53.7787 115.192 -5.26072
      vertex 53.7666 115.185 -5.32114
      vertex 53.7687 115.25 -5.26072
    endloop
  endfacet
  facet normal 0.855678 0.208434 -0.473677
    outer loop
      vertex 53.7023 115.195 -5.47592
      vertex 53.6928 115.234 -5.47592
      vertex 53.7128 115.257 -5.42967
    endloop
  endfacet
  facet normal 0.893498 -0.0291754 -0.448119
    outer loop
      vertex 53.7364 115.02 -5.42967
      vertex 53.7134 115.026 -5.47592
      vertex 53.738 115.069 -5.42967
    endloop
  endfacet
  facet normal 0.93348 -0.030481 -0.357332
    outer loop
      vertex 53.7561 115.015 -5.37778
      vertex 53.7364 115.02 -5.42967
      vertex 53.738 115.069 -5.42967
    endloop
  endfacet
  facet normal 0.704673 -0.709533 0
    outer loop
      vertex 53.6455 114.608 -5.1327
      vertex 53.6747 114.637 -5.0673
      vertex 53.6455 114.608 -5.0673
    endloop
  endfacet
  facet normal 0.704673 -0.709533 0
    outer loop
      vertex 53.6747 114.637 -5.0673
      vertex 53.6455 114.608 -5.1327
      vertex 53.6747 114.637 -5.1327
    endloop
  endfacet
  facet normal 0.797867 -0.602833 0
    outer loop
      vertex 53.6747 114.637 -5.0673
      vertex 53.7019 114.673 -5.1327
      vertex 53.7019 114.673 -5.0673
    endloop
  endfacet
  facet normal 0.797867 -0.602833 0
    outer loop
      vertex 53.7019 114.673 -5.1327
      vertex 53.6747 114.637 -5.0673
      vertex 53.6747 114.637 -5.1327
    endloop
  endfacet
  facet normal 0.779651 -0.594763 0.195962
    outer loop
      vertex 53.6941 114.694 -4.93928
      vertex 53.6726 114.645 -5.00246
      vertex 53.6993 114.68 -5.00246
    endloop
  endfacet
  facet normal 0.531054 -0.777016 0.337975
    outer loop
      vertex 53.6358 114.655 -4.87886
      vertex 53.608 114.636 -4.87886
      vertex 53.6406 114.632 -4.93928
    endloop
  endfacet
  facet normal 0.400631 -0.534023 0.744522
    outer loop
      vertex 53.6 114.794 -4.69623
      vertex 53.6131 114.765 -4.72408
      vertex 53.6031 114.813 -4.68427
    endloop
  endfacet
  facet normal 0.376276 -0.54769 0.747297
    outer loop
      vertex 53.6131 114.765 -4.72408
      vertex 53.6 114.794 -4.69623
      vertex 53.6 114.756 -4.72408
    endloop
  endfacet
  facet normal 0.501332 -0.518043 0.693035
    outer loop
      vertex 53.6 114.81 -4.68427
      vertex 53.6 114.794 -4.69623
      vertex 53.6031 114.813 -4.68427
    endloop
  endfacet
  facet normal 0.487557 -0.495256 0.719034
    outer loop
      vertex 53.6194 114.829 -4.68427
      vertex 53.6131 114.765 -4.72408
      vertex 53.6324 114.784 -4.72408
    endloop
  endfacet
  facet normal 0.584778 -0.436147 0.683967
    outer loop
      vertex 53.6503 114.808 -4.72408
      vertex 53.6194 114.829 -4.68427
      vertex 53.6324 114.784 -4.72408
    endloop
  endfacet
  facet normal 0.575193 -0.325942 0.750277
    outer loop
      vertex 53.6482 114.873 -4.68427
      vertex 53.6282 114.913 -4.65156
      vertex 53.6346 114.849 -4.68427
    endloop
  endfacet
  facet normal 0.591214 -0.14553 0.793276
    outer loop
      vertex 53.6522 114.985 -4.65156
      vertex 53.6196 114.989 -4.62653
      vertex 53.6458 114.959 -4.65156
    endloop
  endfacet
  facet normal 0.713626 -0.317167 0.624614
    outer loop
      vertex 53.6602 114.9 -4.68427
      vertex 53.6482 114.873 -4.68427
      vertex 53.6666 114.836 -4.72408
    endloop
  endfacet
  facet normal 0.723201 -0.311195 0.616553
    outer loop
      vertex 53.6808 114.869 -4.72408
      vertex 53.6602 114.9 -4.68427
      vertex 53.6666 114.836 -4.72408
    endloop
  endfacet
  facet normal 0.521995 -0.225407 0.822626
    outer loop
      vertex 53.6377 114.935 -4.65156
      vertex 53.6138 114.971 -4.62653
      vertex 53.6282 114.913 -4.65156
    endloop
  endfacet
  facet normal 0.417747 -0.416341 0.807557
    outer loop
      vertex 53.6 114.828 -4.67475
      vertex 53.6194 114.829 -4.68427
      vertex 53.6 114.855 -4.66083
    endloop
  endfacet
  facet normal 0.416455 -0.424264 0.804093
    outer loop
      vertex 53.6194 114.829 -4.68427
      vertex 53.6 114.828 -4.67475
      vertex 53.6031 114.813 -4.68427
    endloop
  endfacet
  facet normal 0.471208 0.0176369 0.881846
    outer loop
      vertex 53.6 115.081 -4.61048
      vertex 53.6297 115.09 -4.62653
      vertex 53.6 115.082 -4.6105
    endloop
  endfacet
  facet normal 0.471674 0.0157225 0.881633
    outer loop
      vertex 53.6297 115.09 -4.62653
      vertex 53.6 115.081 -4.61048
      vertex 53.6304 115.069 -4.62653
    endloop
  endfacet
  facet normal 0.638399 0.02128 0.769411
    outer loop
      vertex 53.6596 115.098 -4.65156
      vertex 53.6297 115.09 -4.62653
      vertex 53.6304 115.069 -4.62653
    endloop
  endfacet
  facet normal 0.432171 0.103764 0.895802
    outer loop
      vertex 53.6 115.127 -4.61441
      vertex 53.6 115.115 -4.61302
      vertex 53.6196 115.15 -4.62653
    endloop
  endfacet
  facet normal 0.396584 0.140118 0.907242
    outer loop
      vertex 53.6 115.136 -4.6158
      vertex 53.6 115.127 -4.61441
      vertex 53.6196 115.15 -4.62653
    endloop
  endfacet
  facet normal 0.51815 0.223746 0.825505
    outer loop
      vertex 53.6282 115.226 -4.65156
      vertex 53.6138 115.167 -4.62653
      vertex 53.6377 115.204 -4.65156
    endloop
  endfacet
  facet normal 0.514857 0.22525 0.827155
    outer loop
      vertex 53.6282 115.226 -4.65156
      vertex 53.6068 115.183 -4.62653
      vertex 53.6138 115.167 -4.62653
    endloop
  endfacet
  facet normal 0.372587 0.156798 0.914655
    outer loop
      vertex 53.6 115.169 -4.62136
      vertex 53.6 115.162 -4.62016
      vertex 53.6068 115.183 -4.62653
    endloop
  endfacet
  facet normal 0.432479 0.676521 0.596054
    outer loop
      vertex 53.6219 115.417 -4.77033
      vertex 53.6 115.433 -4.7726
      vertex 53.6 115.431 -4.77033
    endloop
  endfacet
  facet normal 0.453917 0.699592 0.551842
    outer loop
      vertex 53.6 115.433 -4.7726
      vertex 53.6219 115.417 -4.77033
      vertex 53.6295 115.453 -4.82222
    endloop
  endfacet
  facet normal 0.602019 0.612053 0.512801
    outer loop
      vertex 53.6295 115.453 -4.82222
      vertex 53.6219 115.417 -4.77033
      vertex 53.6539 115.429 -4.82222
    endloop
  endfacet
  facet normal 0.287745 0.446005 -0.847515
    outer loop
      vertex 53.6031 115.326 -5.51573
      vertex 53.6 115.32 -5.51994
      vertex 53.6 115.328 -5.51573
    endloop
  endfacet
  facet normal 0.668306 0.676017 0.310431
    outer loop
      vertex 53.6406 115.507 -4.93928
      vertex 53.6358 115.484 -4.87886
      vertex 53.6621 115.458 -4.87886
    endloop
  endfacet
  facet normal 0.63727 0.644624 0.422311
    outer loop
      vertex 53.6621 115.458 -4.87886
      vertex 53.6358 115.484 -4.87886
      vertex 53.6539 115.429 -4.82222
    endloop
  endfacet
  facet normal 0.42211 0.84422 0.330326
    outer loop
      vertex 53.6 115.513 -4.89675
      vertex 53.6 115.506 -4.87886
      vertex 53.608 115.502 -4.87886
    endloop
  endfacet
  facet normal 0.344866 0.860534 0.374899
    outer loop
      vertex 53.6113 115.527 -4.93928
      vertex 53.6 115.513 -4.89675
      vertex 53.608 115.502 -4.87886
    endloop
  endfacet
  facet normal 0.309936 0.875568 0.370567
    outer loop
      vertex 53.6 115.513 -4.89675
      vertex 53.6113 115.527 -4.93928
      vertex 53.6 115.531 -4.93928
    endloop
  endfacet
  facet normal 0.701216 0.706052 0.0989345
    outer loop
      vertex 53.6747 115.501 -5.0673
      vertex 53.6455 115.53 -5.0673
      vertex 53.6726 115.494 -5.00246
    endloop
  endfacet
  facet normal 0.693141 0.712945 0.106137
    outer loop
      vertex 53.6455 115.53 -5.0673
      vertex 53.6438 115.522 -5.00246
      vertex 53.6726 115.494 -5.00246
    endloop
  endfacet
  facet normal 0.789275 0.585379 -0.185409
    outer loop
      vertex 53.6941 115.445 -5.26072
      vertex 53.6726 115.494 -5.19754
      vertex 53.6993 115.458 -5.19754
    endloop
  endfacet
  facet normal 0.856658 0.486833 -0.170678
    outer loop
      vertex 53.7174 115.404 -5.26072
      vertex 53.6941 115.445 -5.26072
      vertex 53.6993 115.458 -5.19754
    endloop
  endfacet
  facet normal 0.985961 0.166977 0
    outer loop
      vertex 53.791 115.198 -5.0673
      vertex 53.7805 115.26 -5.1327
      vertex 53.7805 115.26 -5.0673
    endloop
  endfacet
  facet normal 0.985961 0.166977 0
    outer loop
      vertex 53.7805 115.26 -5.1327
      vertex 53.791 115.198 -5.0673
      vertex 53.791 115.198 -5.1327
    endloop
  endfacet
  facet normal 0.99519 0.097964 0
    outer loop
      vertex 53.7973 115.134 -5.0673
      vertex 53.791 115.198 -5.1327
      vertex 53.791 115.198 -5.0673
    endloop
  endfacet
  facet normal 0.99519 0.097964 0
    outer loop
      vertex 53.791 115.198 -5.1327
      vertex 53.7973 115.134 -5.0673
      vertex 53.7973 115.134 -5.1327
    endloop
  endfacet
  facet normal 0.997274 -0.032723 -0.0661363
    outer loop
      vertex 53.7995 115.069 -5.1327
      vertex 53.7931 115.005 -5.19754
      vertex 53.7952 115.069 -5.19754
    endloop
  endfacet
  facet normal 0.990565 -0.0319537 -0.133267
    outer loop
      vertex 53.7952 115.069 -5.19754
      vertex 53.7847 115.007 -5.26072
      vertex 53.7867 115.069 -5.26072
    endloop
  endfacet
  facet normal 0.760359 0.255988 0.596929
    outer loop
      vertex 53.6928 115.234 -4.72408
      vertex 53.6602 115.238 -4.68427
      vertex 53.6703 115.208 -4.68427
    endloop
  endfacet
  facet normal 0.794575 0.19355 0.57549
    outer loop
      vertex 53.6928 115.234 -4.72408
      vertex 53.6703 115.208 -4.68427
      vertex 53.7023 115.195 -4.72408
    endloop
  endfacet
  facet normal 0.675873 0.227544 0.701013
    outer loop
      vertex 53.6602 115.238 -4.68427
      vertex 53.6458 115.18 -4.65156
      vertex 53.6703 115.208 -4.68427
    endloop
  endfacet
  facet normal 0.675314 0.227918 0.70143
    outer loop
      vertex 53.6602 115.238 -4.68427
      vertex 53.6377 115.204 -4.65156
      vertex 53.6458 115.18 -4.65156
    endloop
  endfacet
  facet normal 0.990565 0.0319537 -0.133267
    outer loop
      vertex 53.7867 115.069 -5.26072
      vertex 53.7847 115.131 -5.26072
      vertex 53.7952 115.069 -5.19754
    endloop
  endfacet
  facet normal 0.990618 -0.0325047 -0.132735
    outer loop
      vertex 53.7931 115.005 -5.19754
      vertex 53.7847 115.007 -5.26072
      vertex 53.7952 115.069 -5.19754
    endloop
  endfacet
  facet normal 0.968668 0.238062 0.070772
    outer loop
      vertex 53.7805 115.26 -5.0673
      vertex 53.766 115.319 -5.0673
      vertex 53.7765 115.257 -5.00246
    endloop
  endfacet
  facet normal 0.967696 0.241075 0.0738101
    outer loop
      vertex 53.766 115.319 -5.0673
      vertex 53.7623 115.314 -5.00246
      vertex 53.7765 115.257 -5.00246
    endloop
  endfacet
  facet normal 0.370795 0.539713 0.755792
    outer loop
      vertex 53.6 115.344 -4.69623
      vertex 53.6131 115.374 -4.72408
      vertex 53.6 115.383 -4.72408
    endloop
  endfacet
  facet normal 0.329116 0.561255 0.759392
    outer loop
      vertex 53.6131 115.374 -4.72408
      vertex 53.6 115.344 -4.69623
      vertex 53.6031 115.326 -4.68427
    endloop
  endfacet
  facet normal 0.428245 0.623334 0.654263
    outer loop
      vertex 53.6 115.427 -4.766
      vertex 53.6 115.383 -4.72408
      vertex 53.6131 115.374 -4.72408
    endloop
  endfacet
  facet normal 0.373745 0.156719 -0.914196
    outer loop
      vertex 53.6068 115.183 -5.57346
      vertex 53.6 115.162 -5.57984
      vertex 53.6 115.169 -5.57864
    endloop
  endfacet
  facet normal 0.469498 0.0264761 -0.882537
    outer loop
      vertex 53.6 115.084 -5.58944
      vertex 53.6297 115.09 -5.57346
      vertex 53.6 115.082 -5.5895
    endloop
  endfacet
  facet normal 0.465985 0.0465985 -0.883564
    outer loop
      vertex 53.6297 115.09 -5.57346
      vertex 53.6 115.084 -5.58944
      vertex 53.6276 115.111 -5.57346
    endloop
  endfacet
  facet normal 0.471902 0.0157301 -0.881511
    outer loop
      vertex 53.6 115.081 -5.58952
      vertex 53.6297 115.09 -5.57346
      vertex 53.6304 115.069 -5.57346
    endloop
  endfacet
  facet normal 0.471439 0.0176344 -0.881722
    outer loop
      vertex 53.6297 115.09 -5.57346
      vertex 53.6 115.081 -5.58952
      vertex 53.6 115.082 -5.5895
    endloop
  endfacet
  facet normal 0.471811 0.0154274 -0.881565
    outer loop
      vertex 53.6304 115.069 -5.57346
      vertex 53.6 115.069 -5.58973
      vertex 53.6 115.081 -5.58952
    endloop
  endfacet
  facet normal 0.403166 0.130433 -0.905784
    outer loop
      vertex 53.6 115.146 -5.58276
      vertex 53.6196 115.15 -5.57346
      vertex 53.6 115.136 -5.5842
    endloop
  endfacet
  facet normal 0.40167 0.13704 -0.905473
    outer loop
      vertex 53.6196 115.15 -5.57346
      vertex 53.6 115.146 -5.58276
      vertex 53.6138 115.167 -5.57346
    endloop
  endfacet
  facet normal 0.554927 0.189328 -0.810068
    outer loop
      vertex 53.6196 115.15 -5.57346
      vertex 53.6138 115.167 -5.57346
      vertex 53.6377 115.204 -5.54844
    endloop
  endfacet
  facet normal 0.420456 0.123593 -0.898856
    outer loop
      vertex 53.6 115.115 -5.58698
      vertex 53.6242 115.131 -5.57346
      vertex 53.6 115.111 -5.58753
    endloop
  endfacet
  facet normal 0.43152 0.104473 -0.896033
    outer loop
      vertex 53.6242 115.131 -5.57346
      vertex 53.6 115.115 -5.58698
      vertex 53.6196 115.15 -5.57346
    endloop
  endfacet
  facet normal 0.432543 0.103743 -0.895625
    outer loop
      vertex 53.6196 115.15 -5.57346
      vertex 53.6 115.115 -5.58698
      vertex 53.6 115.127 -5.58559
    endloop
  endfacet
  facet normal 0.412448 -0.420708 -0.808017
    outer loop
      vertex 53.6 114.855 -5.53917
      vertex 53.6053 114.878 -5.54844
      vertex 53.6194 114.829 -5.51573
    endloop
  endfacet
  facet normal 0.396526 -0.420317 -0.81615
    outer loop
      vertex 53.6053 114.878 -5.54844
      vertex 53.6 114.855 -5.53917
      vertex 53.6 114.873 -5.54844
    endloop
  endfacet
  facet normal 0.497452 -0.378063 -0.780775
    outer loop
      vertex 53.6194 114.829 -5.51573
      vertex 53.6053 114.878 -5.54844
      vertex 53.6346 114.849 -5.51573
    endloop
  endfacet
  facet normal 0.720113 -0.419209 -0.552902
    outer loop
      vertex 53.6829 114.803 -5.42967
      vertex 53.6503 114.808 -5.47592
      vertex 53.6666 114.836 -5.47592
    endloop
  endfacet
  facet normal 0.575193 -0.325942 -0.750277
    outer loop
      vertex 53.6346 114.849 -5.51573
      vertex 53.6282 114.913 -5.54844
      vertex 53.6482 114.873 -5.51573
    endloop
  endfacet
  facet normal 0.549881 -0.558563 -0.620998
    outer loop
      vertex 53.644 114.744 -5.42967
      vertex 53.6131 114.765 -5.47592
      vertex 53.6324 114.784 -5.47592
    endloop
  endfacet
  facet normal 0.487557 -0.495256 -0.719034
    outer loop
      vertex 53.6324 114.784 -5.47592
      vertex 53.6131 114.765 -5.47592
      vertex 53.6194 114.829 -5.51573
    endloop
  endfacet
  facet normal 0.304773 -0.812728 -0.496575
    outer loop
      vertex 53.608 114.636 -5.32114
      vertex 53.6 114.633 -5.32114
      vertex 53.6 114.642 -5.33587
    endloop
  endfacet
  facet normal 0.428245 -0.623334 -0.654263
    outer loop
      vertex 53.6131 114.765 -5.47592
      vertex 53.6 114.712 -5.434
      vertex 53.6 114.756 -5.47592
    endloop
  endfacet
  facet normal 0.50223 -0.234374 -0.832366
    outer loop
      vertex 53.6282 114.913 -5.54844
      vertex 53.6068 114.956 -5.57346
      vertex 53.6138 114.971 -5.57346
    endloop
  endfacet
  facet normal 0.557128 -0.188031 -0.808859
    outer loop
      vertex 53.6377 114.935 -5.54844
      vertex 53.6196 114.989 -5.57346
      vertex 53.6458 114.959 -5.54844
    endloop
  endfacet
  facet normal 0.423045 -0.113596 -0.89896
    outer loop
      vertex 53.6196 114.989 -5.57346
      vertex 53.6 115.012 -5.58559
      vertex 53.6 115.023 -5.58698
    endloop
  endfacet
  facet normal 0.411445 -0.125483 -0.902755
    outer loop
      vertex 53.6196 114.989 -5.57346
      vertex 53.6 115.002 -5.5842
      vertex 53.6 115.012 -5.58559
    endloop
  endfacet
  facet normal 0.710269 -0.172186 -0.682547
    outer loop
      vertex 53.6703 114.93 -5.51573
      vertex 53.6522 114.985 -5.54844
      vertex 53.6783 114.963 -5.51573
    endloop
  endfacet
  facet normal 0.707789 -0.174225 -0.684603
    outer loop
      vertex 53.6703 114.93 -5.51573
      vertex 53.6458 114.959 -5.54844
      vertex 53.6522 114.985 -5.54844
    endloop
  endfacet
  facet normal 0.452825 -0.0769802 -0.88827
    outer loop
      vertex 53.6 115.028 -5.58753
      vertex 53.6276 115.028 -5.57346
      vertex 53.6242 115.008 -5.57346
    endloop
  endfacet
  facet normal 0.452497 -0.0858041 -0.887628
    outer loop
      vertex 53.6276 115.028 -5.57346
      vertex 53.6 115.028 -5.58753
      vertex 53.6 115.031 -5.58782
    endloop
  endfacet
  facet normal 0.453428 -0.078292 -0.887848
    outer loop
      vertex 53.6276 115.028 -5.57346
      vertex 53.6 115.031 -5.58782
      vertex 53.6 115.042 -5.58879
    endloop
  endfacet
  facet normal 0.748435 -0.0748435 -0.658971
    outer loop
      vertex 53.6877 115.033 -5.51573
      vertex 53.6568 115.012 -5.54844
      vertex 53.6596 115.04 -5.54844
    endloop
  endfacet
  facet normal 0.629267 -0.0629267 -0.774637
    outer loop
      vertex 53.6568 115.012 -5.54844
      vertex 53.6276 115.028 -5.57346
      vertex 53.6596 115.04 -5.54844
    endloop
  endfacet
  facet normal 0.747892 -0.0727117 -0.659826
    outer loop
      vertex 53.6842 114.997 -5.51573
      vertex 53.6568 115.012 -5.54844
      vertex 53.6877 115.033 -5.51573
    endloop
  endfacet
  facet normal 0.831978 -0.0808867 -0.548881
    outer loop
      vertex 53.7092 114.984 -5.47592
      vertex 53.6842 114.997 -5.51573
      vertex 53.6877 115.033 -5.51573
    endloop
  endfacet
  facet normal 0.417975 -0.295074 -0.859202
    outer loop
      vertex 53.6053 114.878 -5.54844
      vertex 53.6 114.896 -5.5572
      vertex 53.6 114.931 -5.56922
    endloop
  endfacet
  facet normal 0.336159 -0.33026 -0.882001
    outer loop
      vertex 53.6053 114.878 -5.54844
      vertex 53.6 114.887 -5.55383
      vertex 53.6 114.896 -5.5572
    endloop
  endfacet
  facet normal 0.605237 0.607989 -0.513846
    outer loop
      vertex 53.644 115.395 -5.42967
      vertex 53.6219 115.417 -5.42967
      vertex 53.6539 115.429 -5.37778
    endloop
  endfacet
  facet normal 0.552748 0.555261 -0.621414
    outer loop
      vertex 53.644 115.395 -5.42967
      vertex 53.6131 115.374 -5.47592
      vertex 53.6219 115.417 -5.42967
    endloop
  endfacet
  facet normal 0.396526 0.420317 -0.81615
    outer loop
      vertex 53.6 115.284 -5.53917
      vertex 53.6053 115.261 -5.54844
      vertex 53.6 115.266 -5.54844
    endloop
  endfacet
  facet normal 0.412448 0.420708 -0.808017
    outer loop
      vertex 53.6053 115.261 -5.54844
      vertex 53.6 115.284 -5.53917
      vertex 53.6194 115.31 -5.51573
    endloop
  endfacet
  facet normal 0.321015 0.340276 -0.883834
    outer loop
      vertex 53.6053 115.261 -5.54844
      vertex 53.6 115.252 -5.55383
      vertex 53.6 115.266 -5.54844
    endloop
  endfacet
  facet normal 0.397021 0.301267 -0.866956
    outer loop
      vertex 53.6 115.208 -5.56922
      vertex 53.6173 115.245 -5.54844
      vertex 53.6 115.2 -5.572
    endloop
  endfacet
  facet normal 0.3996 0.2997 -0.866314
    outer loop
      vertex 53.6173 115.245 -5.54844
      vertex 53.6 115.208 -5.56922
      vertex 53.6053 115.261 -5.54844
    endloop
  endfacet
  facet normal 0.50011 0.375083 -0.780514
    outer loop
      vertex 53.6173 115.245 -5.54844
      vertex 53.6053 115.261 -5.54844
      vertex 53.6346 115.29 -5.51573
    endloop
  endfacet
  facet normal 0.973827 0.0957863 -0.206121
    outer loop
      vertex 53.7847 115.131 -5.26072
      vertex 53.7666 115.185 -5.32114
      vertex 53.7787 115.192 -5.26072
    endloop
  endfacet
  facet normal 0.973962 0.0973962 -0.204722
    outer loop
      vertex 53.7723 115.128 -5.32114
      vertex 53.7666 115.185 -5.32114
      vertex 53.7847 115.131 -5.26072
    endloop
  endfacet
  facet normal 0.897544 -0.219807 -0.38223
    outer loop
      vertex 53.73 114.861 -5.37778
      vertex 53.7128 114.881 -5.42967
      vertex 53.742 114.91 -5.37778
    endloop
  endfacet
  facet normal 0.897526 -0.222342 -0.380803
    outer loop
      vertex 53.742 114.91 -5.37778
      vertex 53.7128 114.881 -5.42967
      vertex 53.7237 114.925 -5.42967
    endloop
  endfacet
  facet normal 0.962924 -0.166323 -0.212399
    outer loop
      vertex 53.7687 114.888 -5.26072
      vertex 53.7571 114.898 -5.32114
      vertex 53.7666 114.953 -5.32114
    endloop
  endfacet
  facet normal 0.94417 -0.163084 -0.286264
    outer loop
      vertex 53.7571 114.898 -5.32114
      vertex 53.742 114.91 -5.37778
      vertex 53.7666 114.953 -5.32114
    endloop
  endfacet
  facet normal 0.968936 -0.237222 0.0699252
    outer loop
      vertex 53.7765 114.882 -5.00246
      vertex 53.7623 114.824 -5.00246
      vertex 53.766 114.82 -5.0673
    endloop
  endfacet
  facet normal 0.961109 -0.235306 0.144569
    outer loop
      vertex 53.7765 114.882 -5.00246
      vertex 53.755 114.833 -4.93928
      vertex 53.7623 114.824 -5.00246
    endloop
  endfacet
  facet normal 0.967439 -0.24186 -0.074602
    outer loop
      vertex 53.7805 114.878 -5.1327
      vertex 53.766 114.82 -5.1327
      vertex 53.7765 114.882 -5.19754
    endloop
  endfacet
  facet normal 0.91261 -0.401168 -0.0787895
    outer loop
      vertex 53.7479 114.766 -5.1327
      vertex 53.7234 114.723 -5.19754
      vertex 53.7445 114.771 -5.19754
    endloop
  endfacet
  facet normal 0.915357 -0.393603 -0.0848441
    outer loop
      vertex 53.7264 114.716 -5.1327
      vertex 53.7234 114.723 -5.19754
      vertex 53.7479 114.766 -5.1327
    endloop
  endfacet
  facet normal 0.915999 0.158055 -0.368734
    outer loop
      vertex 53.7508 115.177 -5.37778
      vertex 53.7237 115.213 -5.42967
      vertex 53.742 115.228 -5.37778
    endloop
  endfacet
  facet normal 0.915932 0.157301 -0.369222
    outer loop
      vertex 53.7316 115.167 -5.42967
      vertex 53.7237 115.213 -5.42967
      vertex 53.7508 115.177 -5.37778
    endloop
  endfacet
  facet normal 0.74389 -0.550028 0.379602
    outer loop
      vertex 53.6865 114.714 -4.87886
      vertex 53.6539 114.709 -4.82222
      vertex 53.6621 114.681 -4.87886
    endloop
  endfacet
  facet normal 0.682479 -0.702701 0.20108
    outer loop
      vertex 53.6684 114.659 -4.93928
      vertex 53.6406 114.632 -4.93928
      vertex 53.6726 114.645 -5.00246
    endloop
  endfacet
  facet normal 0.591598 -0.143229 0.793409
    outer loop
      vertex 53.6242 115.008 -4.62653
      vertex 53.6196 114.989 -4.62653
      vertex 53.6522 114.985 -4.65156
    endloop
  endfacet
  facet normal 0.392187 -0.155427 0.906659
    outer loop
      vertex 53.6 114.976 -4.62016
      vertex 53.6 114.969 -4.62136
      vertex 53.6068 114.956 -4.62653
    endloop
  endfacet
  facet normal 0.463115 -0.262432 0.846554
    outer loop
      vertex 53.6 114.941 -4.62746
      vertex 53.6068 114.956 -4.62653
      vertex 53.6 114.944 -4.62653
    endloop
  endfacet
  facet normal 0.463008 -0.262388 0.846626
    outer loop
      vertex 53.6068 114.956 -4.62653
      vertex 53.6 114.941 -4.62746
      vertex 53.6282 114.913 -4.65156
    endloop
  endfacet
  facet normal 0.672585 -0.226437 0.704525
    outer loop
      vertex 53.6703 114.93 -4.68427
      vertex 53.6458 114.959 -4.65156
      vertex 53.6602 114.9 -4.68427
    endloop
  endfacet
  facet normal 0.707789 -0.174225 0.684603
    outer loop
      vertex 53.6522 114.985 -4.65156
      vertex 53.6458 114.959 -4.65156
      vertex 53.6703 114.93 -4.68427
    endloop
  endfacet
  facet normal 0.566557 -0.182557 0.803546
    outer loop
      vertex 53.6196 114.989 -4.62653
      vertex 53.6138 114.971 -4.62653
      vertex 53.6377 114.935 -4.65156
    endloop
  endfacet
  facet normal 0.411062 -0.125507 0.902926
    outer loop
      vertex 53.6 115.012 -4.61441
      vertex 53.6 115.002 -4.6158
      vertex 53.6196 114.989 -4.62653
    endloop
  endfacet
  facet normal 0.399498 -0.144835 0.905221
    outer loop
      vertex 53.6 114.993 -4.61724
      vertex 53.6196 114.989 -4.62653
      vertex 53.6 115.002 -4.6158
    endloop
  endfacet
  facet normal 0.40292 -0.12983 0.90598
    outer loop
      vertex 53.6196 114.989 -4.62653
      vertex 53.6 114.993 -4.61724
      vertex 53.6138 114.971 -4.62653
    endloop
  endfacet
  facet normal 0.471586 -0.0154295 0.881685
    outer loop
      vertex 53.6 115.069 -4.61027
      vertex 53.6 115.057 -4.61048
      vertex 53.6304 115.069 -4.62653
    endloop
  endfacet
  facet normal 0.422668 -0.113618 0.899134
    outer loop
      vertex 53.6 115.023 -4.61302
      vertex 53.6 115.012 -4.61441
      vertex 53.6196 114.989 -4.62653
    endloop
  endfacet
  facet normal 0.437944 -0.0982973 0.893612
    outer loop
      vertex 53.6 115.023 -4.61302
      vertex 53.6242 115.008 -4.62653
      vertex 53.6 115.028 -4.61247
    endloop
  endfacet
  facet normal 0.434269 -0.105139 0.894626
    outer loop
      vertex 53.6242 115.008 -4.62653
      vertex 53.6 115.023 -4.61302
      vertex 53.6196 114.989 -4.62653
    endloop
  endfacet
  facet normal 0.497452 -0.378063 0.780775
    outer loop
      vertex 53.6346 114.849 -4.68427
      vertex 53.6053 114.878 -4.65156
      vertex 53.6194 114.829 -4.68427
    endloop
  endfacet
  facet normal 0.50011 -0.375083 0.780514
    outer loop
      vertex 53.6173 114.894 -4.65156
      vertex 53.6053 114.878 -4.65156
      vertex 53.6346 114.849 -4.68427
    endloop
  endfacet
  facet normal 0.336159 -0.33026 0.882001
    outer loop
      vertex 53.6 114.896 -4.6428
      vertex 53.6 114.887 -4.64617
      vertex 53.6053 114.878 -4.65156
    endloop
  endfacet
  facet normal 0.764109 0.577577 -0.287302
    outer loop
      vertex 53.6865 115.425 -5.32114
      vertex 53.6684 115.479 -5.26072
      vertex 53.6941 115.445 -5.26072
    endloop
  endfacet
  facet normal 0.772158 0.570929 -0.278949
    outer loop
      vertex 53.6865 115.425 -5.32114
      vertex 53.6621 115.458 -5.32114
      vertex 53.6684 115.479 -5.26072
    endloop
  endfacet
  facet normal 0.990618 0.0325047 -0.132735
    outer loop
      vertex 53.7952 115.069 -5.19754
      vertex 53.7847 115.131 -5.26072
      vertex 53.7931 115.133 -5.19754
    endloop
  endfacet
  facet normal 0.997274 0.032723 -0.0661363
    outer loop
      vertex 53.7952 115.069 -5.19754
      vertex 53.7931 115.133 -5.19754
      vertex 53.7995 115.069 -5.1327
    endloop
  endfacet
  facet normal 0.760359 -0.255988 -0.596929
    outer loop
      vertex 53.6928 114.904 -5.47592
      vertex 53.6602 114.9 -5.51573
      vertex 53.6703 114.93 -5.51573
    endloop
  endfacet
  facet normal 0.723201 -0.311195 -0.616553
    outer loop
      vertex 53.6666 114.836 -5.47592
      vertex 53.6602 114.9 -5.51573
      vertex 53.6808 114.869 -5.47592
    endloop
  endfacet
  facet normal 0.403276 -0.129944 -0.905805
    outer loop
      vertex 53.6 114.993 -5.58276
      vertex 53.6196 114.989 -5.57346
      vertex 53.6138 114.971 -5.57346
    endloop
  endfacet
  facet normal 0.399886 -0.144809 -0.905053
    outer loop
      vertex 53.6196 114.989 -5.57346
      vertex 53.6 114.993 -5.58276
      vertex 53.6 115.002 -5.5842
    endloop
  endfacet
  facet normal 0.56641 -0.18251 -0.80366
    outer loop
      vertex 53.6377 114.935 -5.54844
      vertex 53.6138 114.971 -5.57346
      vertex 53.6196 114.989 -5.57346
    endloop
  endfacet
  facet normal 0.756006 -0.0252002 -0.65408
    outer loop
      vertex 53.6877 115.033 -5.51573
      vertex 53.6606 115.069 -5.54844
      vertex 53.6889 115.069 -5.51573
    endloop
  endfacet
  facet normal 0.755516 -0.0260523 -0.654612
    outer loop
      vertex 53.6877 115.033 -5.51573
      vertex 53.6596 115.04 -5.54844
      vertex 53.6606 115.069 -5.54844
    endloop
  endfacet
  facet normal 0.945554 -0.316936 0.0740216
    outer loop
      vertex 53.766 114.82 -5.0673
      vertex 53.7445 114.771 -5.00246
      vertex 53.7479 114.766 -5.0673
    endloop
  endfacet
  facet normal 0.945399 -0.317511 0.0735352
    outer loop
      vertex 53.7623 114.824 -5.00246
      vertex 53.7445 114.771 -5.00246
      vertex 53.766 114.82 -5.0673
    endloop
  endfacet
  facet normal 0.897544 0.219807 -0.38223
    outer loop
      vertex 53.742 115.228 -5.37778
      vertex 53.7128 115.257 -5.42967
      vertex 53.73 115.277 -5.37778
    endloop
  endfacet
  facet normal 0.897526 0.222342 -0.380803
    outer loop
      vertex 53.7237 115.213 -5.42967
      vertex 53.7128 115.257 -5.42967
      vertex 53.742 115.228 -5.37778
    endloop
  endfacet
  facet normal 0.833098 -0.485279 0.265428
    outer loop
      vertex 53.7174 114.734 -4.93928
      vertex 53.6865 114.714 -4.87886
      vertex 53.6941 114.694 -4.93928
    endloop
  endfacet
  facet normal 0.772616 -0.567321 0.284977
    outer loop
      vertex 53.6865 114.714 -4.87886
      vertex 53.6684 114.659 -4.93928
      vertex 53.6941 114.694 -4.93928
    endloop
  endfacet
  facet normal 0.668306 -0.676017 0.310431
    outer loop
      vertex 53.6621 114.681 -4.87886
      vertex 53.6358 114.655 -4.87886
      vertex 53.6406 114.632 -4.93928
    endloop
  endfacet
  facet normal 0.660855 -0.680436 0.316666
    outer loop
      vertex 53.6621 114.681 -4.87886
      vertex 53.6406 114.632 -4.93928
      vertex 53.6684 114.659 -4.93928
    endloop
  endfacet
  facet normal 0.452242 -0.0858165 0.887757
    outer loop
      vertex 53.6 115.028 -4.61247
      vertex 53.6276 115.028 -4.62653
      vertex 53.6 115.031 -4.61218
    endloop
  endfacet
  facet normal 0.452571 -0.076937 0.888403
    outer loop
      vertex 53.6276 115.028 -4.62653
      vertex 53.6 115.028 -4.61247
      vertex 53.6242 115.008 -4.62653
    endloop
  endfacet
  facet normal 0.366248 -0.157523 0.917087
    outer loop
      vertex 53.6 114.976 -4.62016
      vertex 53.6138 114.971 -4.62653
      vertex 53.6 114.993 -4.61724
    endloop
  endfacet
  facet normal 0.361968 -0.168918 0.916758
    outer loop
      vertex 53.6138 114.971 -4.62653
      vertex 53.6 114.976 -4.62016
      vertex 53.6068 114.956 -4.62653
    endloop
  endfacet
  facet normal 0.502369 -0.234439 0.832264
    outer loop
      vertex 53.6138 114.971 -4.62653
      vertex 53.6068 114.956 -4.62653
      vertex 53.6282 114.913 -4.65156
    endloop
  endfacet
  facet normal 0.397021 -0.301267 0.866956
    outer loop
      vertex 53.6 114.931 -4.63078
      vertex 53.6173 114.894 -4.65156
      vertex 53.6 114.939 -4.628
    endloop
  endfacet
  facet normal 0.3996 -0.2997 0.866314
    outer loop
      vertex 53.6173 114.894 -4.65156
      vertex 53.6 114.931 -4.63078
      vertex 53.6053 114.878 -4.65156
    endloop
  endfacet
  facet normal 0.492737 -0.226826 0.840095
    outer loop
      vertex 53.6 114.939 -4.628
      vertex 53.6282 114.913 -4.65156
      vertex 53.6 114.941 -4.62746
    endloop
  endfacet
  facet normal 0.462341 -0.265238 0.846103
    outer loop
      vertex 53.6282 114.913 -4.65156
      vertex 53.6 114.939 -4.628
      vertex 53.6173 114.894 -4.65156
    endloop
  endfacet
  facet normal 0.453172 -0.0783034 0.887977
    outer loop
      vertex 53.6 115.042 -4.61121
      vertex 53.6 115.031 -4.61218
      vertex 53.6276 115.028 -4.62653
    endloop
  endfacet
  facet normal 0.992777 0.0992777 -0.0673692
    outer loop
      vertex 53.7931 115.133 -5.19754
      vertex 53.7868 115.196 -5.19754
      vertex 53.791 115.198 -5.1327
    endloop
  endfacet
  facet normal 0.993031 0.0977515 -0.065831
    outer loop
      vertex 53.7931 115.133 -5.19754
      vertex 53.791 115.198 -5.1327
      vertex 53.7973 115.134 -5.1327
    endloop
  endfacet
  facet normal 0.360323 0.5585 0.747158
    outer loop
      vertex 53.6 115.344 -4.69623
      vertex 53.6 115.328 -4.68427
      vertex 53.6031 115.326 -4.68427
    endloop
  endfacet
  facet normal 0.45953 0.2604 -0.849131
    outer loop
      vertex 53.6 115.198 -5.57254
      vertex 53.6068 115.183 -5.57346
      vertex 53.6 115.195 -5.57346
    endloop
  endfacet
  facet normal 0.463359 0.261979 -0.846561
    outer loop
      vertex 53.6068 115.183 -5.57346
      vertex 53.6 115.198 -5.57254
      vertex 53.6282 115.226 -5.54844
    endloop
  endfacet
  facet normal 0.325973 0.184718 -0.927157
    outer loop
      vertex 53.6068 115.183 -5.57346
      vertex 53.6 115.169 -5.57864
      vertex 53.6 115.195 -5.57346
    endloop
  endfacet
  facet normal 0.628521 -0.279343 -0.725898
    outer loop
      vertex 53.6482 114.873 -5.51573
      vertex 53.6282 114.913 -5.54844
      vertex 53.6602 114.9 -5.51573
    endloop
  endfacet
  facet normal 0.713626 -0.317167 -0.624614
    outer loop
      vertex 53.6666 114.836 -5.47592
      vertex 53.6482 114.873 -5.51573
      vertex 53.6602 114.9 -5.51573
    endloop
  endfacet
  facet normal 0.819108 -0.280837 -0.500193
    outer loop
      vertex 53.6991 114.84 -5.42967
      vertex 53.6808 114.869 -5.47592
      vertex 53.6928 114.904 -5.47592
    endloop
  endfacet
  facet normal 0.783733 -0.337243 -0.521565
    outer loop
      vertex 53.6991 114.84 -5.42967
      vertex 53.6666 114.836 -5.47592
      vertex 53.6808 114.869 -5.47592
    endloop
  endfacet
  facet normal 0.948155 -0.317808 0
    outer loop
      vertex 53.7479 114.766 -5.0673
      vertex 53.766 114.82 -5.1327
      vertex 53.766 114.82 -5.0673
    endloop
  endfacet
  facet normal 0.948155 -0.317808 0
    outer loop
      vertex 53.766 114.82 -5.1327
      vertex 53.7479 114.766 -5.0673
      vertex 53.7479 114.766 -5.1327
    endloop
  endfacet
  facet normal 0.467637 -0.0441409 0.882818
    outer loop
      vertex 53.6 115.055 -4.61056
      vertex 53.6 115.042 -4.61121
      vertex 53.6276 115.028 -4.62653
    endloop
  endfacet
  facet normal 0 -0.751842 0.659343
    outer loop
      vertex 52 98.7172 -4.36949
      vertex 53.3 98.8207 -4.25147
      vertex 52 98.8207 -4.25147
    endloop
  endfacet
  facet normal 0 -0.751842 0.659343
    outer loop
      vertex 53.3 98.8207 -4.25147
      vertex 52 98.7172 -4.36949
      vertex 53.3 98.7172 -4.36949
    endloop
  endfacet
  facet normal -0 0 1
    outer loop
      vertex 52 107.269 -3.9
      vertex 53.3 99.6693 -3.9
      vertex 53.3 107.269 -3.9
    endloop
  endfacet
  facet normal 0 0 1
    outer loop
      vertex 53.3 99.6693 -3.9
      vertex 52 107.269 -3.9
      vertex 52 99.6693 -3.9
    endloop
  endfacet
  facet normal 0 -0.555626 0.831432
    outer loop
      vertex 52 99.0693 -4.06077
      vertex 53.3 98.9388 -4.14798
      vertex 53.3 99.0693 -4.06077
    endloop
  endfacet
  facet normal 0 -0.555626 0.831432
    outer loop
      vertex 53.3 98.9388 -4.14798
      vertex 52 99.0693 -4.06077
      vertex 52 98.9388 -4.14798
    endloop
  endfacet
  facet normal 0 -0.94704 0.321117
    outer loop
      vertex 52 98.5102 -4.78942
      vertex 53.3 98.5606 -4.64078
      vertex 52 98.5606 -4.64078
    endloop
  endfacet
  facet normal 0 -0.94704 0.321117
    outer loop
      vertex 53.3 98.5606 -4.64078
      vertex 52 98.5102 -4.78942
      vertex 53.3 98.5102 -4.78942
    endloop
  endfacet
  facet normal 0 0.897945 -0.440107
    outer loop
      vertex 53.3 108.309 -5.7
      vertex 52 108.378 -5.55922
      vertex 53.3 108.378 -5.55922
    endloop
  endfacet
  facet normal 0 0.897945 -0.440107
    outer loop
      vertex 52 108.378 -5.55922
      vertex 53.3 108.309 -5.7
      vertex 52 108.309 -5.7
    endloop
  endfacet
  facet normal 0 -0.659054 0.752095
    outer loop
      vertex 52 98.9388 -4.14798
      vertex 53.3 98.8207 -4.25147
      vertex 53.3 98.9388 -4.14798
    endloop
  endfacet
  facet normal 0 -0.659054 0.752095
    outer loop
      vertex 53.3 98.8207 -4.25147
      vertex 52 98.9388 -4.14798
      vertex 52 98.8207 -4.25147
    endloop
  endfacet
  facet normal 0 -0.195136 0.980776
    outer loop
      vertex 52 99.5126 -3.91027
      vertex 53.3 99.3587 -3.94089
      vertex 53.3 99.5126 -3.91027
    endloop
  endfacet
  facet normal 0 -0.195136 0.980776
    outer loop
      vertex 53.3 99.3587 -3.94089
      vertex 52 99.5126 -3.91027
      vertex 52 99.3587 -3.94089
    endloop
  endfacet
  facet normal 0 0.980323 -0.197402
    outer loop
      vertex 53.3 108.428 -5.41058
      vertex 52 108.459 -5.25663
      vertex 53.3 108.459 -5.25663
    endloop
  endfacet
  facet normal 0 0.980323 -0.197402
    outer loop
      vertex 52 108.459 -5.25663
      vertex 53.3 108.428 -5.41058
      vertex 52 108.428 -5.41058
    endloop
  endfacet
  facet normal 0 -0.831481 0.555553
    outer loop
      vertex 52 98.63 -4.5
      vertex 53.3 98.7172 -4.36949
      vertex 52 98.7172 -4.36949
    endloop
  endfacet
  facet normal 0 -0.831481 0.555553
    outer loop
      vertex 53.3 98.7172 -4.36949
      vertex 52 98.63 -4.5
      vertex 53.3 98.63 -4.5
    endloop
  endfacet
  facet normal 0 -0.0653989 -0.997859
    outer loop
      vertex 52 99.5126 -6.28973
      vertex 53.3 99.6693 -6.3
      vertex 53.3 99.5126 -6.28973
    endloop
  endfacet
  facet normal -0 -0.0653989 -0.997859
    outer loop
      vertex 53.3 99.6693 -6.3
      vertex 52 99.5126 -6.28973
      vertex 52 99.6693 -6.3
    endloop
  endfacet
  facet normal -0 0.441759 0.897134
    outer loop
      vertex 52 107.869 -4.06077
      vertex 53.3 107.728 -3.99134
      vertex 53.3 107.869 -4.06077
    endloop
  endfacet
  facet normal 0 0.441759 0.897134
    outer loop
      vertex 53.3 107.728 -3.99134
      vertex 52 107.869 -4.06077
      vertex 52 107.728 -3.99134
    endloop
  endfacet
  facet normal 0 0 -1
    outer loop
      vertex 52 99.6693 -6.3
      vertex 53.3 107.269 -6.3
      vertex 53.3 99.6693 -6.3
    endloop
  endfacet
  facet normal -0 0 -1
    outer loop
      vertex 53.3 107.269 -6.3
      vertex 52 99.6693 -6.3
      vertex 52 107.269 -6.3
    endloop
  endfacet
  facet normal 0 -0.442264 0.896885
    outer loop
      vertex 52 99.2101 -3.99134
      vertex 53.3 99.0693 -4.06077
      vertex 53.3 99.2101 -3.99134
    endloop
  endfacet
  facet normal 0 -0.442264 0.896885
    outer loop
      vertex 53.3 99.0693 -4.06077
      vertex 52 99.2101 -3.99134
      vertex 52 99.0693 -4.06077
    endloop
  endfacet
  facet normal 0 -0.32148 0.946916
    outer loop
      vertex 52 99.3587 -3.94089
      vertex 53.3 99.2101 -3.99134
      vertex 53.3 99.3587 -3.94089
    endloop
  endfacet
  facet normal 0 -0.32148 0.946916
    outer loop
      vertex 53.3 99.2101 -3.99134
      vertex 52 99.3587 -3.94089
      vertex 52 99.2101 -3.99134
    endloop
  endfacet
  facet normal 0 0.997968 0.063715
    outer loop
      vertex 53.3 108.469 -5.1
      vertex 52 108.459 -4.94337
      vertex 53.3 108.459 -4.94337
    endloop
  endfacet
  facet normal 0 0.997968 0.063715
    outer loop
      vertex 52 108.459 -4.94337
      vertex 53.3 108.469 -5.1
      vertex 52 108.469 -5.1
    endloop
  endfacet
  facet normal -0 0.65937 0.751818
    outer loop
      vertex 52 108.118 -4.25147
      vertex 53.3 108 -4.14798
      vertex 53.3 108.118 -4.25147
    endloop
  endfacet
  facet normal 0 0.65937 0.751818
    outer loop
      vertex 53.3 108 -4.14798
      vertex 52 108.118 -4.25147
      vertex 52 108 -4.14798
    endloop
  endfacet
  facet normal -0 0.0652745 0.997867
    outer loop
      vertex 52 107.426 -3.91027
      vertex 53.3 107.269 -3.9
      vertex 53.3 107.426 -3.91027
    endloop
  endfacet
  facet normal 0 0.0652745 0.997867
    outer loop
      vertex 53.3 107.269 -3.9
      vertex 52 107.426 -3.91027
      vertex 52 107.269 -3.9
    endloop
  endfacet
  facet normal 0 0.753422 -0.657537
    outer loop
      vertex 53.3 108.118 -5.94853
      vertex 52 108.221 -5.83051
      vertex 53.3 108.221 -5.83051
    endloop
  endfacet
  facet normal 0 0.753422 -0.657537
    outer loop
      vertex 52 108.221 -5.83051
      vertex 53.3 108.118 -5.94853
      vertex 52 108.118 -5.94853
    endloop
  endfacet
  facet normal 0 0.829126 -0.559061
    outer loop
      vertex 53.3 108.221 -5.83051
      vertex 52 108.309 -5.7
      vertex 53.3 108.309 -5.7
    endloop
  endfacet
  facet normal 0 0.829126 -0.559061
    outer loop
      vertex 52 108.309 -5.7
      vertex 53.3 108.221 -5.83051
      vertex 52 108.221 -5.83051
    endloop
  endfacet
  facet normal 0 -0.980691 -0.195565
    outer loop
      vertex 52 98.5102 -5.41058
      vertex 53.3 98.4795 -5.25663
      vertex 52 98.4795 -5.25663
    endloop
  endfacet
  facet normal 0 -0.980691 -0.195565
    outer loop
      vertex 53.3 98.4795 -5.25663
      vertex 52 98.5102 -5.41058
      vertex 53.3 98.5102 -5.41058
    endloop
  endfacet
  facet normal 0 -0.997886 0.064984
    outer loop
      vertex 52 98.4693 -5.1
      vertex 53.3 98.4795 -4.94337
      vertex 52 98.4795 -4.94337
    endloop
  endfacet
  facet normal 0 -0.997886 0.064984
    outer loop
      vertex 53.3 98.4795 -4.94337
      vertex 52 98.4693 -5.1
      vertex 53.3 98.4693 -5.1
    endloop
  endfacet
  facet normal 0 0.554158 -0.832412
    outer loop
      vertex 52 107.869 -6.13923
      vertex 53.3 108 -6.05202
      vertex 53.3 107.869 -6.13923
    endloop
  endfacet
  facet normal 0 0.554158 -0.832412
    outer loop
      vertex 53.3 108 -6.05202
      vertex 52 107.869 -6.13923
      vertex 52 108 -6.05202
    endloop
  endfacet
  facet normal 0 -0.896936 0.44216
    outer loop
      vertex 52 98.5606 -4.64078
      vertex 53.3 98.63 -4.5
      vertex 52 98.63 -4.5
    endloop
  endfacet
  facet normal 0 -0.896936 0.44216
    outer loop
      vertex 53.3 98.63 -4.5
      vertex 52 98.5606 -4.64078
      vertex 53.3 98.5606 -4.64078
    endloop
  endfacet
  facet normal 0 -0.0653989 0.997859
    outer loop
      vertex 52 99.6693 -3.9
      vertex 53.3 99.5126 -3.91027
      vertex 53.3 99.6693 -3.9
    endloop
  endfacet
  facet normal 0 -0.0653989 0.997859
    outer loop
      vertex 53.3 99.5126 -3.91027
      vertex 52 99.6693 -3.9
      vertex 52 99.5126 -3.91027
    endloop
  endfacet
  facet normal 0 0.947813 -0.318828
    outer loop
      vertex 53.3 108.378 -5.55922
      vertex 52 108.428 -5.41058
      vertex 53.3 108.428 -5.41058
    endloop
  endfacet
  facet normal 0 0.947813 -0.318828
    outer loop
      vertex 52 108.428 -5.41058
      vertex 53.3 108.378 -5.55922
      vertex 52 108.378 -5.55922
    endloop
  endfacet
  facet normal 0 0.195014 -0.980801
    outer loop
      vertex 52 107.426 -6.28973
      vertex 53.3 107.58 -6.25911
      vertex 53.3 107.426 -6.28973
    endloop
  endfacet
  facet normal 0 0.195014 -0.980801
    outer loop
      vertex 53.3 107.58 -6.25911
      vertex 52 107.426 -6.28973
      vertex 52 107.58 -6.25911
    endloop
  endfacet
  facet normal 0 -0.94704 -0.321117
    outer loop
      vertex 52 98.5606 -5.55922
      vertex 53.3 98.5102 -5.41058
      vertex 52 98.5102 -5.41058
    endloop
  endfacet
  facet normal 0 -0.94704 -0.321117
    outer loop
      vertex 53.3 98.5102 -5.41058
      vertex 52 98.5606 -5.55922
      vertex 53.3 98.5606 -5.55922
    endloop
  endfacet
  facet normal -0 0.554158 0.832412
    outer loop
      vertex 52 108 -4.14798
      vertex 53.3 107.869 -4.06077
      vertex 53.3 108 -4.14798
    endloop
  endfacet
  facet normal 0 0.554158 0.832412
    outer loop
      vertex 53.3 107.869 -4.06077
      vertex 52 108 -4.14798
      vertex 52 107.869 -4.06077
    endloop
  endfacet
  facet normal 0 0.947813 0.318828
    outer loop
      vertex 53.3 108.428 -4.78942
      vertex 52 108.378 -4.64078
      vertex 53.3 108.378 -4.64078
    endloop
  endfacet
  facet normal 0 0.947813 0.318828
    outer loop
      vertex 52 108.378 -4.64078
      vertex 53.3 108.428 -4.78942
      vertex 52 108.428 -4.78942
    endloop
  endfacet
  facet normal 0 0.980323 0.197402
    outer loop
      vertex 53.3 108.459 -4.94337
      vertex 52 108.428 -4.78942
      vertex 53.3 108.428 -4.78942
    endloop
  endfacet
  facet normal 0 0.980323 0.197402
    outer loop
      vertex 52 108.428 -4.78942
      vertex 53.3 108.459 -4.94337
      vertex 52 108.459 -4.94337
    endloop
  endfacet
  facet normal 0 -0.195136 -0.980776
    outer loop
      vertex 52 99.3587 -6.25911
      vertex 53.3 99.5126 -6.28973
      vertex 53.3 99.3587 -6.25911
    endloop
  endfacet
  facet normal -0 -0.195136 -0.980776
    outer loop
      vertex 53.3 99.5126 -6.28973
      vertex 52 99.3587 -6.25911
      vertex 52 99.5126 -6.28973
    endloop
  endfacet
  facet normal -0 0.322648 0.946519
    outer loop
      vertex 52 107.728 -3.99134
      vertex 53.3 107.58 -3.94089
      vertex 53.3 107.728 -3.99134
    endloop
  endfacet
  facet normal 0 0.322648 0.946519
    outer loop
      vertex 53.3 107.58 -3.94089
      vertex 52 107.728 -3.99134
      vertex 52 107.58 -3.94089
    endloop
  endfacet
  facet normal 0 -0.831481 -0.555553
    outer loop
      vertex 52 98.7172 -5.83051
      vertex 53.3 98.63 -5.7
      vertex 52 98.63 -5.7
    endloop
  endfacet
  facet normal 0 -0.831481 -0.555553
    outer loop
      vertex 53.3 98.63 -5.7
      vertex 52 98.7172 -5.83051
      vertex 53.3 98.7172 -5.83051
    endloop
  endfacet
  facet normal 0 0.322705 -0.9465
    outer loop
      vertex 52 107.58 -6.25911
      vertex 53.3 107.728 -6.20865
      vertex 53.3 107.58 -6.25911
    endloop
  endfacet
  facet normal 0 0.322705 -0.9465
    outer loop
      vertex 53.3 107.728 -6.20865
      vertex 52 107.58 -6.25911
      vertex 52 107.728 -6.20865
    endloop
  endfacet
  facet normal 0 0.441708 -0.897159
    outer loop
      vertex 52 107.728 -6.20865
      vertex 53.3 107.869 -6.13923
      vertex 53.3 107.728 -6.20865
    endloop
  endfacet
  facet normal 0 0.441708 -0.897159
    outer loop
      vertex 53.3 107.869 -6.13923
      vertex 52 107.728 -6.20865
      vertex 52 107.869 -6.13923
    endloop
  endfacet
  facet normal 0 -0.751842 -0.659343
    outer loop
      vertex 52 98.8207 -5.94853
      vertex 53.3 98.7172 -5.83051
      vertex 52 98.7172 -5.83051
    endloop
  endfacet
  facet normal 0 -0.751842 -0.659343
    outer loop
      vertex 53.3 98.7172 -5.83051
      vertex 52 98.8207 -5.94853
      vertex 53.3 98.8207 -5.94853
    endloop
  endfacet
  facet normal 0 0.65937 -0.751818
    outer loop
      vertex 52 108 -6.05202
      vertex 53.3 108.118 -5.94853
      vertex 53.3 108 -6.05202
    endloop
  endfacet
  facet normal 0 0.65937 -0.751818
    outer loop
      vertex 53.3 108.118 -5.94853
      vertex 52 108 -6.05202
      vertex 52 108.118 -5.94853
    endloop
  endfacet
  facet normal 0 -0.659054 -0.752095
    outer loop
      vertex 52 98.8207 -5.94853
      vertex 53.3 98.9388 -6.05202
      vertex 53.3 98.8207 -5.94853
    endloop
  endfacet
  facet normal -0 -0.659054 -0.752095
    outer loop
      vertex 53.3 98.9388 -6.05202
      vertex 52 98.8207 -5.94853
      vertex 52 98.9388 -6.05202
    endloop
  endfacet
  facet normal 0 0.897945 0.440107
    outer loop
      vertex 53.3 108.378 -4.64078
      vertex 52 108.309 -4.5
      vertex 53.3 108.309 -4.5
    endloop
  endfacet
  facet normal 0 0.897945 0.440107
    outer loop
      vertex 52 108.309 -4.5
      vertex 53.3 108.378 -4.64078
      vertex 52 108.378 -4.64078
    endloop
  endfacet
  facet normal 0 0.997968 -0.063715
    outer loop
      vertex 53.3 108.459 -5.25663
      vertex 52 108.469 -5.1
      vertex 53.3 108.469 -5.1
    endloop
  endfacet
  facet normal 0 0.997968 -0.063715
    outer loop
      vertex 52 108.469 -5.1
      vertex 53.3 108.459 -5.25663
      vertex 52 108.459 -5.25663
    endloop
  endfacet
  facet normal 0 -0.980691 0.195565
    outer loop
      vertex 52 98.4795 -4.94337
      vertex 53.3 98.5102 -4.78942
      vertex 52 98.5102 -4.78942
    endloop
  endfacet
  facet normal 0 -0.980691 0.195565
    outer loop
      vertex 53.3 98.5102 -4.78942
      vertex 52 98.4795 -4.94337
      vertex 53.3 98.4795 -4.94337
    endloop
  endfacet
  facet normal -0 0.195014 0.980801
    outer loop
      vertex 52 107.58 -3.94089
      vertex 53.3 107.426 -3.91027
      vertex 53.3 107.58 -3.94089
    endloop
  endfacet
  facet normal 0 0.195014 0.980801
    outer loop
      vertex 53.3 107.426 -3.91027
      vertex 52 107.58 -3.94089
      vertex 52 107.426 -3.91027
    endloop
  endfacet
  facet normal 0 -0.997886 -0.064984
    outer loop
      vertex 52 98.4795 -5.25663
      vertex 53.3 98.4693 -5.1
      vertex 52 98.4693 -5.1
    endloop
  endfacet
  facet normal 0 -0.997886 -0.064984
    outer loop
      vertex 53.3 98.4693 -5.1
      vertex 52 98.4795 -5.25663
      vertex 53.3 98.4795 -5.25663
    endloop
  endfacet
  facet normal 0 -0.896936 -0.44216
    outer loop
      vertex 52 98.63 -5.7
      vertex 53.3 98.5606 -5.55922
      vertex 52 98.5606 -5.55922
    endloop
  endfacet
  facet normal 0 -0.896936 -0.44216
    outer loop
      vertex 53.3 98.5606 -5.55922
      vertex 52 98.63 -5.7
      vertex 53.3 98.63 -5.7
    endloop
  endfacet
  facet normal 0 -0.555626 -0.831432
    outer loop
      vertex 52 98.9388 -6.05202
      vertex 53.3 99.0693 -6.13923
      vertex 53.3 98.9388 -6.05202
    endloop
  endfacet
  facet normal -0 -0.555626 -0.831432
    outer loop
      vertex 53.3 99.0693 -6.13923
      vertex 52 98.9388 -6.05202
      vertex 52 99.0693 -6.13923
    endloop
  endfacet
  facet normal 0 -0.321537 -0.946897
    outer loop
      vertex 52 99.2101 -6.20865
      vertex 53.3 99.3587 -6.25911
      vertex 53.3 99.2101 -6.20865
    endloop
  endfacet
  facet normal -0 -0.321537 -0.946897
    outer loop
      vertex 53.3 99.3587 -6.25911
      vertex 52 99.2101 -6.20865
      vertex 52 99.3587 -6.25911
    endloop
  endfacet
  facet normal 0 -0.442212 -0.89691
    outer loop
      vertex 52 99.0693 -6.13923
      vertex 53.3 99.2101 -6.20865
      vertex 53.3 99.0693 -6.13923
    endloop
  endfacet
  facet normal -0 -0.442212 -0.89691
    outer loop
      vertex 53.3 99.2101 -6.20865
      vertex 52 99.0693 -6.13923
      vertex 52 99.2101 -6.20865
    endloop
  endfacet
  facet normal 0 0.0652745 -0.997867
    outer loop
      vertex 52 107.269 -6.3
      vertex 53.3 107.426 -6.28973
      vertex 53.3 107.269 -6.3
    endloop
  endfacet
  facet normal 0 0.0652745 -0.997867
    outer loop
      vertex 53.3 107.426 -6.28973
      vertex 52 107.269 -6.3
      vertex 52 107.426 -6.28973
    endloop
  endfacet
  facet normal 0 0.829126 0.559061
    outer loop
      vertex 53.3 108.309 -4.5
      vertex 52 108.221 -4.36949
      vertex 53.3 108.221 -4.36949
    endloop
  endfacet
  facet normal 0 0.829126 0.559061
    outer loop
      vertex 52 108.221 -4.36949
      vertex 53.3 108.309 -4.5
      vertex 52 108.309 -4.5
    endloop
  endfacet
  facet normal 0 0.753422 0.657537
    outer loop
      vertex 53.3 108.221 -4.36949
      vertex 52 108.118 -4.25147
      vertex 53.3 108.118 -4.25147
    endloop
  endfacet
  facet normal 0 0.753422 0.657537
    outer loop
      vertex 52 108.118 -4.25147
      vertex 53.3 108.221 -4.36949
      vertex 52 108.221 -4.36949
    endloop
  endfacet
  facet normal 1 0 0
    outer loop
      vertex 52 108.469 -5.1
      vertex 52 108.969 -5.1
      vertex 52 108.955 -4.87811
    endloop
  endfacet
  facet normal 1 0 0
    outer loop
      vertex 52 108.459 -4.94337
      vertex 52 108.955 -4.87811
      vertex 52 108.911 -4.66001
    endloop
  endfacet
  facet normal 1 0 0
    outer loop
      vertex 52 108.969 -5.1
      vertex 52 108.469 -5.1
      vertex 52 108.955 -5.32189
    endloop
  endfacet
  facet normal 1 0 0
    outer loop
      vertex 52 108.428 -4.78942
      vertex 52 108.911 -4.66001
      vertex 52 108.84 -4.44944
    endloop
  endfacet
  facet normal 1 -0 0
    outer loop
      vertex 52 108.459 -5.25663
      vertex 52 108.955 -5.32189
      vertex 52 108.469 -5.1
    endloop
  endfacet
  facet normal 1 0 0
    outer loop
      vertex 52 108.378 -4.64078
      vertex 52 108.84 -4.44944
      vertex 52 108.742 -4.25
    endloop
  endfacet
  facet normal 1 0 0
    outer loop
      vertex 52 108.955 -5.32189
      vertex 52 108.459 -5.25663
      vertex 52 108.911 -5.53999
    endloop
  endfacet
  facet normal 1 0 0
    outer loop
      vertex 52 108.309 -4.5
      vertex 52 108.742 -4.25
      vertex 52 108.618 -4.06511
    endloop
  endfacet
  facet normal 1 -0 0
    outer loop
      vertex 52 108.428 -5.41058
      vertex 52 108.911 -5.53999
      vertex 52 108.459 -5.25663
    endloop
  endfacet
  facet normal 1 0 0
    outer loop
      vertex 52 108.221 -4.36949
      vertex 52 108.618 -4.06511
      vertex 52 108.471 -3.89792
    endloop
  endfacet
  facet normal 1 0 0
    outer loop
      vertex 52 108.911 -5.53999
      vertex 52 108.428 -5.41058
      vertex 52 108.84 -5.75056
    endloop
  endfacet
  facet normal 1 -0 0
    outer loop
      vertex 52 108.378 -5.55922
      vertex 52 108.84 -5.75056
      vertex 52 108.428 -5.41058
    endloop
  endfacet
  facet normal 1 0 0
    outer loop
      vertex 52 108.955 -4.87811
      vertex 52 108.459 -4.94337
      vertex 52 108.469 -5.1
    endloop
  endfacet
  facet normal 1 0 0
    outer loop
      vertex 52 108.911 -4.66001
      vertex 52 108.428 -4.78942
      vertex 52 108.459 -4.94337
    endloop
  endfacet
  facet normal 1 0 0
    outer loop
      vertex 52 108.84 -4.44944
      vertex 52 108.378 -4.64078
      vertex 52 108.428 -4.78942
    endloop
  endfacet
  facet normal 1 0 0
    outer loop
      vertex 52 108.742 -4.25
      vertex 52 108.309 -4.5
      vertex 52 108.378 -4.64078
    endloop
  endfacet
  facet normal 1 0 0
    outer loop
      vertex 52 108.118 -4.25147
      vertex 52 108.471 -3.89792
      vertex 52 108.304 -3.7513
    endloop
  endfacet
  facet normal 1 0 0
    outer loop
      vertex 52 108.618 -4.06511
      vertex 52 108.221 -4.36949
      vertex 52 108.309 -4.5
    endloop
  endfacet
  facet normal 1 0 0
    outer loop
      vertex 52 108 -4.14798
      vertex 52 108.304 -3.7513
      vertex 52 108.119 -3.62776
    endloop
  endfacet
  facet normal 1 0 0
    outer loop
      vertex 52 108.471 -3.89792
      vertex 52 108.118 -4.25147
      vertex 52 108.221 -4.36949
    endloop
  endfacet
  facet normal 1 0 0
    outer loop
      vertex 52 108.304 -3.7513
      vertex 52 108 -4.14798
      vertex 52 108.118 -4.25147
    endloop
  endfacet
  facet normal 1 0 0
    outer loop
      vertex 52 107.869 -4.06077
      vertex 52 108.119 -3.62776
      vertex 52 107.92 -3.52941
    endloop
  endfacet
  facet normal 1 0 0
    outer loop
      vertex 52 108.119 -3.62776
      vertex 52 107.869 -4.06077
      vertex 52 108 -4.14798
    endloop
  endfacet
  facet normal 1 0 0
    outer loop
      vertex 52 107.92 -3.52941
      vertex 52 107.728 -3.99134
      vertex 52 107.869 -4.06077
    endloop
  endfacet
  facet normal 1 0 0
    outer loop
      vertex 52 107.709 -3.45793
      vertex 52 107.728 -3.99134
      vertex 52 107.92 -3.52941
    endloop
  endfacet
  facet normal 1 0 0
    outer loop
      vertex 52 107.709 -3.45793
      vertex 52 107.58 -3.94089
      vertex 52 107.728 -3.99134
    endloop
  endfacet
  facet normal 1 0 0
    outer loop
      vertex 52 107.491 -3.41454
      vertex 52 107.58 -3.94089
      vertex 52 107.709 -3.45793
    endloop
  endfacet
  facet normal 1 0 0
    outer loop
      vertex 52 107.491 -3.41454
      vertex 52 107.426 -3.91027
      vertex 52 107.58 -3.94089
    endloop
  endfacet
  facet normal 1 0 0
    outer loop
      vertex 52 107.269 -3.4
      vertex 52 107.426 -3.91027
      vertex 52 107.491 -3.41454
    endloop
  endfacet
  facet normal 1 0 0
    outer loop
      vertex 52 107.269 -3.4
      vertex 52 107.269 -3.9
      vertex 52 107.426 -3.91027
    endloop
  endfacet
  facet normal 1 -0 0
    outer loop
      vertex 52 99.6693 -3.4
      vertex 52 107.269 -3.9
      vertex 52 107.269 -3.4
    endloop
  endfacet
  facet normal 1 0 0
    outer loop
      vertex 52 99.6693 -3.4
      vertex 52 99.6693 -3.9
      vertex 52 107.269 -3.9
    endloop
  endfacet
  facet normal 1 0 0
    outer loop
      vertex 52 99.6693 -3.4
      vertex 52 99.5126 -3.91027
      vertex 52 99.6693 -3.9
    endloop
  endfacet
  facet normal 1 -0 0
    outer loop
      vertex 52 99.4474 -3.41454
      vertex 52 99.5126 -3.91027
      vertex 52 99.6693 -3.4
    endloop
  endfacet
  facet normal 1 0 0
    outer loop
      vertex 52 99.4474 -3.41454
      vertex 52 99.3587 -3.94089
      vertex 52 99.5126 -3.91027
    endloop
  endfacet
  facet normal 1 -0 0
    outer loop
      vertex 52 99.2293 -3.45793
      vertex 52 99.3587 -3.94089
      vertex 52 99.4474 -3.41454
    endloop
  endfacet
  facet normal 1 0 0
    outer loop
      vertex 52 99.2293 -3.45793
      vertex 52 99.2101 -3.99134
      vertex 52 99.3587 -3.94089
    endloop
  endfacet
  facet normal 1 -0 0
    outer loop
      vertex 52 99.0187 -3.52941
      vertex 52 99.2101 -3.99134
      vertex 52 99.2293 -3.45793
    endloop
  endfacet
  facet normal 1 0 0
    outer loop
      vertex 52 99.2101 -3.99134
      vertex 52 99.0187 -3.52941
      vertex 52 99.0693 -4.06077
    endloop
  endfacet
  facet normal 1 -0 0
    outer loop
      vertex 52 98.8193 -3.62776
      vertex 52 99.0693 -4.06077
      vertex 52 99.0187 -3.52941
    endloop
  endfacet
  facet normal 1 0 0
    outer loop
      vertex 52 99.0693 -4.06077
      vertex 52 98.8193 -3.62776
      vertex 52 98.9388 -4.14798
    endloop
  endfacet
  facet normal 1 -0 0
    outer loop
      vertex 52 98.6344 -3.7513
      vertex 52 98.9388 -4.14798
      vertex 52 98.8193 -3.62776
    endloop
  endfacet
  facet normal 1 0 0
    outer loop
      vertex 52 98.9388 -4.14798
      vertex 52 98.6344 -3.7513
      vertex 52 98.8207 -4.25147
    endloop
  endfacet
  facet normal 1 -0 0
    outer loop
      vertex 52 98.4672 -3.89792
      vertex 52 98.8207 -4.25147
      vertex 52 98.6344 -3.7513
    endloop
  endfacet
  facet normal 1 0 0
    outer loop
      vertex 52 98.8207 -4.25147
      vertex 52 98.4672 -3.89792
      vertex 52 98.7172 -4.36949
    endloop
  endfacet
  facet normal 1 -0 0
    outer loop
      vertex 52 98.3206 -4.06511
      vertex 52 98.7172 -4.36949
      vertex 52 98.4672 -3.89792
    endloop
  endfacet
  facet normal 1 0 0
    outer loop
      vertex 52 98.7172 -4.36949
      vertex 52 98.3206 -4.06511
      vertex 52 98.63 -4.5
    endloop
  endfacet
  facet normal 1 -0 0
    outer loop
      vertex 52 98.197 -4.25
      vertex 52 98.63 -4.5
      vertex 52 98.3206 -4.06511
    endloop
  endfacet
  facet normal 1 -0 0
    outer loop
      vertex 52 98.0987 -4.44944
      vertex 52 98.5606 -4.64078
      vertex 52 98.197 -4.25
    endloop
  endfacet
  facet normal 1 0 0
    outer loop
      vertex 52 98.63 -4.5
      vertex 52 98.197 -4.25
      vertex 52 98.5606 -4.64078
    endloop
  endfacet
  facet normal 1 0 0
    outer loop
      vertex 52 108.84 -5.75056
      vertex 52 108.378 -5.55922
      vertex 52 108.742 -5.95
    endloop
  endfacet
  facet normal 1 -0 0
    outer loop
      vertex 52 108.309 -5.7
      vertex 52 108.742 -5.95
      vertex 52 108.378 -5.55922
    endloop
  endfacet
  facet normal 1 0 0
    outer loop
      vertex 52 108.742 -5.95
      vertex 52 108.309 -5.7
      vertex 52 108.618 -6.13489
    endloop
  endfacet
  facet normal 1 -0 0
    outer loop
      vertex 52 108.221 -5.83051
      vertex 52 108.618 -6.13489
      vertex 52 108.309 -5.7
    endloop
  endfacet
  facet normal 1 0 0
    outer loop
      vertex 52 108.618 -6.13489
      vertex 52 108.221 -5.83051
      vertex 52 108.471 -6.30208
    endloop
  endfacet
  facet normal 1 -0 0
    outer loop
      vertex 52 108.118 -5.94853
      vertex 52 108.471 -6.30208
      vertex 52 108.221 -5.83051
    endloop
  endfacet
  facet normal 1 0 0
    outer loop
      vertex 52 108.471 -6.30208
      vertex 52 108.118 -5.94853
      vertex 52 108.304 -6.4487
    endloop
  endfacet
  facet normal 1 -0 0
    outer loop
      vertex 52 108 -6.05202
      vertex 52 108.304 -6.4487
      vertex 52 108.118 -5.94853
    endloop
  endfacet
  facet normal 1 0 0
    outer loop
      vertex 52 108.304 -6.4487
      vertex 52 108 -6.05202
      vertex 52 108.119 -6.57224
    endloop
  endfacet
  facet normal 1 -0 0
    outer loop
      vertex 52 107.869 -6.13923
      vertex 52 108.119 -6.57224
      vertex 52 108 -6.05202
    endloop
  endfacet
  facet normal 1 0 0
    outer loop
      vertex 52 108.119 -6.57224
      vertex 52 107.869 -6.13923
      vertex 52 107.92 -6.67059
    endloop
  endfacet
  facet normal 1 -0 0
    outer loop
      vertex 52 107.728 -6.20865
      vertex 52 107.92 -6.67059
      vertex 52 107.869 -6.13923
    endloop
  endfacet
  facet normal 1 0 0
    outer loop
      vertex 52 107.728 -6.20865
      vertex 52 107.709 -6.74207
      vertex 52 107.92 -6.67059
    endloop
  endfacet
  facet normal 1 -0 0
    outer loop
      vertex 52 107.58 -6.25911
      vertex 52 107.709 -6.74207
      vertex 52 107.728 -6.20865
    endloop
  endfacet
  facet normal 1 0 0
    outer loop
      vertex 52 107.58 -6.25911
      vertex 52 107.491 -6.78546
      vertex 52 107.709 -6.74207
    endloop
  endfacet
  facet normal 1 -0 0
    outer loop
      vertex 52 107.426 -6.28973
      vertex 52 107.491 -6.78546
      vertex 52 107.58 -6.25911
    endloop
  endfacet
  facet normal 1 -0 0
    outer loop
      vertex 52 107.269 -6.3
      vertex 52 107.491 -6.78546
      vertex 52 107.426 -6.28973
    endloop
  endfacet
  facet normal 1 0 0
    outer loop
      vertex 52 107.269 -6.3
      vertex 52 107.269 -6.8
      vertex 52 107.491 -6.78546
    endloop
  endfacet
  facet normal 1 -0 0
    outer loop
      vertex 52 99.6693 -6.3
      vertex 52 107.269 -6.8
      vertex 52 107.269 -6.3
    endloop
  endfacet
  facet normal 1 0 0
    outer loop
      vertex 52 99.6693 -6.3
      vertex 52 99.6693 -6.8
      vertex 52 107.269 -6.8
    endloop
  endfacet
  facet normal 1 0 0
    outer loop
      vertex 52 99.5126 -6.28973
      vertex 52 99.6693 -6.8
      vertex 52 99.6693 -6.3
    endloop
  endfacet
  facet normal 1 0 0
    outer loop
      vertex 52 99.5126 -6.28973
      vertex 52 99.4474 -6.78546
      vertex 52 99.6693 -6.8
    endloop
  endfacet
  facet normal 1 0 0
    outer loop
      vertex 52 99.3587 -6.25911
      vertex 52 99.4474 -6.78546
      vertex 52 99.5126 -6.28973
    endloop
  endfacet
  facet normal 1 0 0
    outer loop
      vertex 52 99.3587 -6.25911
      vertex 52 99.2293 -6.74207
      vertex 52 99.4474 -6.78546
    endloop
  endfacet
  facet normal 1 0 0
    outer loop
      vertex 52 99.2101 -6.20865
      vertex 52 99.2293 -6.74207
      vertex 52 99.3587 -6.25911
    endloop
  endfacet
  facet normal 1 0 0
    outer loop
      vertex 52 99.0187 -6.67059
      vertex 52 99.2101 -6.20865
      vertex 52 99.0693 -6.13923
    endloop
  endfacet
  facet normal 1 0 0
    outer loop
      vertex 52 99.2101 -6.20865
      vertex 52 99.0187 -6.67059
      vertex 52 99.2293 -6.74207
    endloop
  endfacet
  facet normal 1 0 0
    outer loop
      vertex 52 98.8193 -6.57224
      vertex 52 99.0693 -6.13923
      vertex 52 98.9388 -6.05202
    endloop
  endfacet
  facet normal 1 0 0
    outer loop
      vertex 52 98.6344 -6.4487
      vertex 52 98.9388 -6.05202
      vertex 52 98.8207 -5.94853
    endloop
  endfacet
  facet normal 1 0 0
    outer loop
      vertex 52 99.0693 -6.13923
      vertex 52 98.8193 -6.57224
      vertex 52 99.0187 -6.67059
    endloop
  endfacet
  facet normal 1 0 0
    outer loop
      vertex 52 98.4672 -6.30208
      vertex 52 98.8207 -5.94853
      vertex 52 98.7172 -5.83051
    endloop
  endfacet
  facet normal 1 0 0
    outer loop
      vertex 52 98.9388 -6.05202
      vertex 52 98.6344 -6.4487
      vertex 52 98.8193 -6.57224
    endloop
  endfacet
  facet normal 1 0 0
    outer loop
      vertex 52 98.3206 -6.13489
      vertex 52 98.7172 -5.83051
      vertex 52 98.63 -5.7
    endloop
  endfacet
  facet normal 1 0 0
    outer loop
      vertex 52 98.197 -5.95
      vertex 52 98.63 -5.7
      vertex 52 98.5606 -5.55922
    endloop
  endfacet
  facet normal 1 0 0
    outer loop
      vertex 52 98.0987 -5.75056
      vertex 52 98.5606 -5.55922
      vertex 52 98.5102 -5.41058
    endloop
  endfacet
  facet normal 1 0 0
    outer loop
      vertex 52 98.0272 -5.53999
      vertex 52 98.5102 -5.41058
      vertex 52 98.4795 -5.25663
    endloop
  endfacet
  facet normal 1 0 0
    outer loop
      vertex 52 98.8207 -5.94853
      vertex 52 98.4672 -6.30208
      vertex 52 98.6344 -6.4487
    endloop
  endfacet
  facet normal 1 0 0
    outer loop
      vertex 52 97.9838 -5.32189
      vertex 52 98.4795 -5.25663
      vertex 52 98.4693 -5.1
    endloop
  endfacet
  facet normal 1 0 0
    outer loop
      vertex 52 98.5606 -4.64078
      vertex 52 98.0987 -4.44944
      vertex 52 98.5102 -4.78942
    endloop
  endfacet
  facet normal 1 -0 0
    outer loop
      vertex 52 98.0272 -4.66001
      vertex 52 98.5102 -4.78942
      vertex 52 98.0987 -4.44944
    endloop
  endfacet
  facet normal 1 0 0
    outer loop
      vertex 52 98.7172 -5.83051
      vertex 52 98.3206 -6.13489
      vertex 52 98.4672 -6.30208
    endloop
  endfacet
  facet normal 1 0 0
    outer loop
      vertex 52 98.5102 -4.78942
      vertex 52 98.0272 -4.66001
      vertex 52 98.4795 -4.94337
    endloop
  endfacet
  facet normal 1 0 0
    outer loop
      vertex 52 98.63 -5.7
      vertex 52 98.197 -5.95
      vertex 52 98.3206 -6.13489
    endloop
  endfacet
  facet normal 1 -0 0
    outer loop
      vertex 52 97.9838 -4.87811
      vertex 52 98.4795 -4.94337
      vertex 52 98.0272 -4.66001
    endloop
  endfacet
  facet normal 1 0 0
    outer loop
      vertex 52 98.5606 -5.55922
      vertex 52 98.0987 -5.75056
      vertex 52 98.197 -5.95
    endloop
  endfacet
  facet normal 1 0 0
    outer loop
      vertex 52 98.4795 -4.94337
      vertex 52 97.9838 -4.87811
      vertex 52 98.4693 -5.1
    endloop
  endfacet
  facet normal 1 0 0
    outer loop
      vertex 52 98.5102 -5.41058
      vertex 52 98.0272 -5.53999
      vertex 52 98.0987 -5.75056
    endloop
  endfacet
  facet normal 1 0 0
    outer loop
      vertex 52 97.9693 -5.1
      vertex 52 98.4693 -5.1
      vertex 52 97.9838 -4.87811
    endloop
  endfacet
  facet normal 1 0 0
    outer loop
      vertex 52 98.4795 -5.25663
      vertex 52 97.9838 -5.32189
      vertex 52 98.0272 -5.53999
    endloop
  endfacet
  facet normal 1 0 0
    outer loop
      vertex 52 98.4693 -5.1
      vertex 52 97.9693 -5.1
      vertex 52 97.9838 -5.32189
    endloop
  endfacet
  facet normal 0.706342 -0.138131 0.694263
    outer loop
      vertex 53.3 99.5126 -3.91027
      vertex 53.3 99.3587 -3.94089
      vertex 53.6 99.4363 -4.23067
    endloop
  endfacet
  facet normal 0.706349 -0.0462936 0.706349
    outer loop
      vertex 53.3 99.6693 -3.9
      vertex 53.3 99.5126 -3.91027
      vertex 53.6 99.6693 -4.2
    endloop
  endfacet
  facet normal 0.706329 -0.227676 0.670271
    outer loop
      vertex 53.6 99.4363 -4.23067
      vertex 53.3 99.3587 -3.94089
      vertex 53.6 99.3249 -4.26851
    endloop
  endfacet
  facet normal 0.706197 0.670146 0.228452
    outer loop
      vertex 53.6 108.139 -4.86706
      vertex 53.3 108.378 -4.64078
      vertex 53.6 108.101 -4.75559
    endloop
  endfacet
  facet normal 0.706402 -0.634986 0.312712
    outer loop
      vertex 53.6 98.8898 -4.65
      vertex 53.3 98.5606 -4.64078
      vertex 53.6 98.8378 -4.75559
    endloop
  endfacet
  facet normal 0.706402 -0.670135 0.227847
    outer loop
      vertex 53.6 98.8378 -4.75559
      vertex 53.3 98.5606 -4.64078
      vertex 53.6 98.7999 -4.86706
    endloop
  endfacet
  facet normal 0.706495 0.635492 0.311471
    outer loop
      vertex 53.3 108.378 -4.64078
      vertex 53.3 108.309 -4.5
      vertex 53.6 108.049 -4.65
    endloop
  endfacet
  facet normal 0.706337 -0.634919 0.312995
    outer loop
      vertex 53.3 98.63 -4.5
      vertex 53.3 98.5606 -4.64078
      vertex 53.6 98.8898 -4.65
    endloop
  endfacet
  facet normal 0.706429 -0.532203 0.466603
    outer loop
      vertex 53.6 99.0329 -4.4636
      vertex 53.3 98.7172 -4.36949
      vertex 53.6 98.9553 -4.55211
    endloop
  endfacet
  facet normal 0.706326 0.0460946 0.706385
    outer loop
      vertex 53.6 107.387 -4.2077
      vertex 53.3 107.426 -3.91027
      vertex 53.6 107.269 -4.2
    endloop
  endfacet
  facet normal 0.70645 -0.588228 0.393594
    outer loop
      vertex 53.6 98.9553 -4.55211
      vertex 53.3 98.7172 -4.36949
      vertex 53.6 98.8898 -4.65
    endloop
  endfacet
  facet normal 0.706352 0.0462053 0.706352
    outer loop
      vertex 53.3 107.426 -3.91027
      vertex 53.3 107.269 -3.9
      vertex 53.6 107.269 -4.2
    endloop
  endfacet
  facet normal 0.706342 -0.138131 -0.694263
    outer loop
      vertex 53.6 99.4363 -5.96933
      vertex 53.3 99.3587 -6.25911
      vertex 53.3 99.5126 -6.28973
    endloop
  endfacet
  facet normal 0.706431 0.586855 0.395673
    outer loop
      vertex 53.6 108.049 -4.65
      vertex 53.3 108.221 -4.36949
      vertex 53.6 107.983 -4.55211
    endloop
  endfacet
  facet normal 0.706289 0.138661 0.694211
    outer loop
      vertex 53.6 107.502 -4.23067
      vertex 53.3 107.426 -3.91027
      vertex 53.6 107.387 -4.2077
    endloop
  endfacet
  facet normal 0.706347 -0.0462885 0.70635
    outer loop
      vertex 53.6 99.6693 -4.2
      vertex 53.3 99.5126 -3.91027
      vertex 53.6 99.5518 -4.2077
    endloop
  endfacet
  facet normal 0.706355 -0.138071 0.694261
    outer loop
      vertex 53.6 99.5518 -4.2077
      vertex 53.3 99.5126 -3.91027
      vertex 53.6 99.4363 -4.23067
    endloop
  endfacet
  facet normal 0.706197 0.670146 -0.228452
    outer loop
      vertex 53.6 108.101 -5.44441
      vertex 53.3 108.378 -5.55922
      vertex 53.6 108.139 -5.33294
    endloop
  endfacet
  facet normal 0.706353 -0.313061 0.634869
    outer loop
      vertex 53.3 99.2101 -3.99134
      vertex 53.3 99.0693 -4.06077
      vertex 53.6 99.3249 -4.26851
    endloop
  endfacet
  facet normal 0.706518 0.226521 0.670463
    outer loop
      vertex 53.6 107.614 -4.26851
      vertex 53.3 107.58 -3.94089
      vertex 53.6 107.502 -4.23067
    endloop
  endfacet
  facet normal 0.706353 -0.393205 -0.588604
    outer loop
      vertex 53.6 99.1214 -5.81402
      vertex 53.3 99.0693 -6.13923
      vertex 53.6 99.2193 -5.87942
    endloop
  endfacet
  facet normal 0.70635 -0.31305 0.634877
    outer loop
      vertex 53.6 99.3249 -4.26851
      vertex 53.3 99.0693 -4.06077
      vertex 53.6 99.2193 -4.32058
    endloop
  endfacet
  facet normal 0.706268 -0.694274 -0.138449
    outer loop
      vertex 53.6 98.7999 -5.33294
      vertex 53.3 98.4795 -5.25663
      vertex 53.3 98.5102 -5.41058
    endloop
  endfacet
  facet normal 0.706352 0.0462053 -0.706352
    outer loop
      vertex 53.6 107.269 -6
      vertex 53.3 107.269 -6.3
      vertex 53.3 107.426 -6.28973
    endloop
  endfacet
  facet normal 0.705536 0.67169 0.225945
    outer loop
      vertex 53.3 108.428 -4.78942
      vertex 53.3 108.378 -4.64078
      vertex 53.6 108.139 -4.86706
    endloop
  endfacet
  facet normal 0.707107 -0 0.707107
    outer loop
      vertex 53.3 99.6693 -3.9
      vertex 53.6 107.269 -4.2
      vertex 53.3 107.269 -3.9
    endloop
  endfacet
  facet normal 0.707107 0 0.707107
    outer loop
      vertex 53.6 107.269 -4.2
      vertex 53.3 99.6693 -3.9
      vertex 53.6 99.6693 -4.2
    endloop
  endfacet
  facet normal 0.706439 -0.694252 -0.137684
    outer loop
      vertex 53.6 98.777 -5.21747
      vertex 53.3 98.4795 -5.25663
      vertex 53.6 98.7999 -5.33294
    endloop
  endfacet
  facet normal 0.706326 0.0460946 -0.706385
    outer loop
      vertex 53.6 107.269 -6
      vertex 53.3 107.426 -6.28973
      vertex 53.6 107.387 -5.9923
    endloop
  endfacet
  facet normal 0.706358 -0.706358 0.0459992
    outer loop
      vertex 53.3 98.4795 -4.94337
      vertex 53.3 98.4693 -5.1
      vertex 53.6 98.7693 -5.1
    endloop
  endfacet
  facet normal 0.706355 -0.227562 0.670283
    outer loop
      vertex 53.3 99.3587 -3.94089
      vertex 53.3 99.2101 -3.99134
      vertex 53.6 99.3249 -4.26851
    endloop
  endfacet
  facet normal 0.706402 -0.634986 -0.312712
    outer loop
      vertex 53.6 98.8378 -5.44441
      vertex 53.3 98.5606 -5.55922
      vertex 53.6 98.8898 -5.55
    endloop
  endfacet
  facet normal 0.706345 -0.227606 -0.670278
    outer loop
      vertex 53.6 99.3249 -5.93149
      vertex 53.3 99.2101 -6.20865
      vertex 53.3 99.3587 -6.25911
    endloop
  endfacet
  facet normal 0.705939 0.31285 -0.635433
    outer loop
      vertex 53.6 107.614 -5.93149
      vertex 53.3 107.728 -6.20865
      vertex 53.3 107.869 -6.13923
    endloop
  endfacet
  facet normal 0.706402 0.314464 0.634121
    outer loop
      vertex 53.6 107.719 -4.32058
      vertex 53.3 107.869 -4.06077
      vertex 53.6 107.614 -4.26851
    endloop
  endfacet
  facet normal 0.70584 0.694724 -0.138379
    outer loop
      vertex 53.6 108.139 -5.33294
      vertex 53.3 108.459 -5.25663
      vertex 53.6 108.162 -5.21747
    endloop
  endfacet
  facet normal 0.706289 0.138661 -0.694211
    outer loop
      vertex 53.6 107.387 -5.9923
      vertex 53.3 107.426 -6.28973
      vertex 53.6 107.502 -5.96933
    endloop
  endfacet
  facet normal 0.706426 0.533996 0.464554
    outer loop
      vertex 53.6 107.983 -4.55211
      vertex 53.3 108.221 -4.36949
      vertex 53.6 107.906 -4.4636
    endloop
  endfacet
  facet normal 0.706068 0.228522 -0.670258
    outer loop
      vertex 53.6 107.614 -5.93149
      vertex 53.3 107.58 -6.25911
      vertex 53.3 107.728 -6.20865
    endloop
  endfacet
  facet normal 0.706329 -0.227676 -0.670271
    outer loop
      vertex 53.6 99.3249 -5.93149
      vertex 53.3 99.3587 -6.25911
      vertex 53.6 99.4363 -5.96933
    endloop
  endfacet
  facet normal 0.706342 -0.588582 0.39326
    outer loop
      vertex 53.3 98.7172 -4.36949
      vertex 53.3 98.63 -4.5
      vertex 53.6 98.8898 -4.65
    endloop
  endfacet
  facet normal 0.707107 0 -0.707107
    outer loop
      vertex 53.6 99.6693 -6
      vertex 53.3 107.269 -6.3
      vertex 53.6 107.269 -6
    endloop
  endfacet
  facet normal 0.707107 0 -0.707107
    outer loop
      vertex 53.3 107.269 -6.3
      vertex 53.6 99.6693 -6
      vertex 53.3 99.6693 -6.3
    endloop
  endfacet
  facet normal 0.70619 0.635176 -0.312806
    outer loop
      vertex 53.6 108.049 -5.55
      vertex 53.3 108.378 -5.55922
      vertex 53.6 108.101 -5.44441
    endloop
  endfacet
  facet normal 0.706364 0.392921 -0.588781
    outer loop
      vertex 53.6 107.719 -5.87942
      vertex 53.3 107.869 -6.13923
      vertex 53.6 107.817 -5.81402
    endloop
  endfacet
  facet normal 0.706632 0.466558 0.531973
    outer loop
      vertex 53.3 108.118 -4.25147
      vertex 53.3 108 -4.14798
      vertex 53.6 107.817 -4.38598
    endloop
  endfacet
  facet normal 0.706337 -0.634919 -0.312995
    outer loop
      vertex 53.6 98.8898 -5.55
      vertex 53.3 98.5606 -5.55922
      vertex 53.3 98.63 -5.7
    endloop
  endfacet
  facet normal 0.706458 -0.588203 -0.393617
    outer loop
      vertex 53.6 98.8898 -5.55
      vertex 53.3 98.7172 -5.83051
      vertex 53.6 98.9553 -5.64788
    endloop
  endfacet
  facet normal 0.706355 -0.138071 -0.694261
    outer loop
      vertex 53.6 99.4363 -5.96933
      vertex 53.3 99.5126 -6.28973
      vertex 53.6 99.5518 -5.9923
    endloop
  endfacet
  facet normal 0.706438 -0.532223 -0.466567
    outer loop
      vertex 53.6 98.9553 -5.64788
      vertex 53.3 98.7172 -5.83051
      vertex 53.6 99.0329 -5.7364
    endloop
  endfacet
  facet normal 0.706267 -0.670452 0.227333
    outer loop
      vertex 53.3 98.5606 -4.64078
      vertex 53.3 98.5102 -4.78942
      vertex 53.6 98.7999 -4.86706
    endloop
  endfacet
  facet normal 0.706407 -0.532158 0.466687
    outer loop
      vertex 53.3 98.8207 -4.25147
      vertex 53.3 98.7172 -4.36949
      vertex 53.6 99.0329 -4.4636
    endloop
  endfacet
  facet normal 0.706518 0.226521 -0.670463
    outer loop
      vertex 53.6 107.502 -5.96933
      vertex 53.3 107.58 -6.25911
      vertex 53.6 107.614 -5.93149
    endloop
  endfacet
  facet normal 0.706179 0.465377 -0.533606
    outer loop
      vertex 53.6 107.817 -5.81402
      vertex 53.3 108.118 -5.94853
      vertex 53.6 107.906 -5.7364
    endloop
  endfacet
  facet normal 0.706353 -0.393205 0.588604
    outer loop
      vertex 53.6 99.2193 -4.32058
      vertex 53.3 99.0693 -4.06077
      vertex 53.6 99.1214 -4.38598
    endloop
  endfacet
  facet normal 0.706342 -0.588582 -0.39326
    outer loop
      vertex 53.6 98.8898 -5.55
      vertex 53.3 98.63 -5.7
      vertex 53.3 98.7172 -5.83051
    endloop
  endfacet
  facet normal 0.706401 -0.466719 -0.532139
    outer loop
      vertex 53.6 99.0329 -5.7364
      vertex 53.3 98.8207 -5.94853
      vertex 53.6 99.1214 -5.81402
    endloop
  endfacet
  facet normal 0.706401 -0.466719 0.532139
    outer loop
      vertex 53.6 99.1214 -4.38598
      vertex 53.3 98.8207 -4.25147
      vertex 53.6 99.0329 -4.4636
    endloop
  endfacet
  facet normal 0.706268 -0.694274 0.138449
    outer loop
      vertex 53.3 98.5102 -4.78942
      vertex 53.3 98.4795 -4.94337
      vertex 53.6 98.7999 -4.86706
    endloop
  endfacet
  facet normal 0.706347 -0.0462885 -0.70635
    outer loop
      vertex 53.6 99.5518 -5.9923
      vertex 53.3 99.5126 -6.28973
      vertex 53.6 99.6693 -6
    endloop
  endfacet
  facet normal 0.706349 -0.0462936 -0.706349
    outer loop
      vertex 53.6 99.6693 -6
      vertex 53.3 99.5126 -6.28973
      vertex 53.3 99.6693 -6.3
    endloop
  endfacet
  facet normal 0.706402 -0.670135 -0.227847
    outer loop
      vertex 53.6 98.7999 -5.33294
      vertex 53.3 98.5606 -5.55922
      vertex 53.6 98.8378 -5.44441
    endloop
  endfacet
  facet normal 0.706364 0.392921 0.588781
    outer loop
      vertex 53.6 107.817 -4.38598
      vertex 53.3 107.869 -4.06077
      vertex 53.6 107.719 -4.32058
    endloop
  endfacet
  facet normal 0.706267 -0.670452 -0.227333
    outer loop
      vertex 53.6 98.7999 -5.33294
      vertex 53.3 98.5102 -5.41058
      vertex 53.3 98.5606 -5.55922
    endloop
  endfacet
  facet normal 0.706179 0.465377 0.533606
    outer loop
      vertex 53.6 107.906 -4.4636
      vertex 53.3 108.118 -4.25147
      vertex 53.6 107.817 -4.38598
    endloop
  endfacet
  facet normal 0.706407 -0.532158 -0.466687
    outer loop
      vertex 53.6 99.0329 -5.7364
      vertex 53.3 98.7172 -5.83051
      vertex 53.3 98.8207 -5.94853
    endloop
  endfacet
  facet normal 0.706495 0.635492 -0.311471
    outer loop
      vertex 53.6 108.049 -5.55
      vertex 53.3 108.309 -5.7
      vertex 53.3 108.378 -5.55922
    endloop
  endfacet
  facet normal 0.706427 -0.70627 -0.046295
    outer loop
      vertex 53.6 98.7693 -5.1
      vertex 53.3 98.4795 -5.25663
      vertex 53.6 98.777 -5.21747
    endloop
  endfacet
  facet normal 0.706358 -0.706358 -0.0459992
    outer loop
      vertex 53.6 98.7693 -5.1
      vertex 53.3 98.4693 -5.1
      vertex 53.3 98.4795 -5.25663
    endloop
  endfacet
  facet normal 0.706427 -0.70627 0.046295
    outer loop
      vertex 53.6 98.777 -4.98253
      vertex 53.3 98.4795 -4.94337
      vertex 53.6 98.7693 -5.1
    endloop
  endfacet
  facet normal 0.70633 -0.466533 0.532395
    outer loop
      vertex 53.3 98.9388 -4.14798
      vertex 53.3 98.8207 -4.25147
      vertex 53.6 99.1214 -4.38598
    endloop
  endfacet
  facet normal 0.706326 -0.393321 0.58856
    outer loop
      vertex 53.3 99.0693 -4.06077
      vertex 53.3 98.9388 -4.14798
      vertex 53.6 99.1214 -4.38598
    endloop
  endfacet
  facet normal 0.705692 0.707264 0.0421456
    outer loop
      vertex 53.6 108.169 -5.1
      vertex 53.3 108.459 -4.94337
      vertex 53.6 108.162 -4.98253
    endloop
  endfacet
  facet normal 0.706436 0.586836 0.395691
    outer loop
      vertex 53.3 108.309 -4.5
      vertex 53.3 108.221 -4.36949
      vertex 53.6 108.049 -4.65
    endloop
  endfacet
  facet normal 0.706546 0.392159 0.58907
    outer loop
      vertex 53.3 108 -4.14798
      vertex 53.3 107.869 -4.06077
      vertex 53.6 107.817 -4.38598
    endloop
  endfacet
  facet normal 0.706344 -0.313028 -0.634895
    outer loop
      vertex 53.6 99.3249 -5.93149
      vertex 53.3 99.0693 -6.13923
      vertex 53.3 99.2101 -6.20865
    endloop
  endfacet
  facet normal 0.706632 0.466558 -0.531973
    outer loop
      vertex 53.6 107.817 -5.81402
      vertex 53.3 108 -6.05202
      vertex 53.3 108.118 -5.94853
    endloop
  endfacet
  facet normal 0.70635 -0.31305 -0.634877
    outer loop
      vertex 53.6 99.2193 -5.87942
      vertex 53.3 99.0693 -6.13923
      vertex 53.6 99.3249 -5.93149
    endloop
  endfacet
  facet normal 0.706439 -0.694252 0.137684
    outer loop
      vertex 53.6 98.7999 -4.86706
      vertex 53.3 98.4795 -4.94337
      vertex 53.6 98.777 -4.98253
    endloop
  endfacet
  facet normal 0.70633 -0.466533 -0.532395
    outer loop
      vertex 53.6 99.1214 -5.81402
      vertex 53.3 98.8207 -5.94853
      vertex 53.3 98.9388 -6.05202
    endloop
  endfacet
  facet normal 0.706431 0.138027 0.694193
    outer loop
      vertex 53.3 107.58 -3.94089
      vertex 53.3 107.426 -3.91027
      vertex 53.6 107.502 -4.23067
    endloop
  endfacet
  facet normal 0.70619 0.635176 0.312806
    outer loop
      vertex 53.6 108.101 -4.75559
      vertex 53.3 108.378 -4.64078
      vertex 53.6 108.049 -4.65
    endloop
  endfacet
  facet normal 0.706173 0.533453 0.465562
    outer loop
      vertex 53.3 108.221 -4.36949
      vertex 53.3 108.118 -4.25147
      vertex 53.6 107.906 -4.4636
    endloop
  endfacet
  facet normal 0.705498 0.694766 -0.139901
    outer loop
      vertex 53.6 108.139 -5.33294
      vertex 53.3 108.428 -5.41058
      vertex 53.3 108.459 -5.25663
    endloop
  endfacet
  facet normal 0.705536 0.67169 -0.225945
    outer loop
      vertex 53.6 108.139 -5.33294
      vertex 53.3 108.378 -5.55922
      vertex 53.3 108.428 -5.41058
    endloop
  endfacet
  facet normal 0.706435 0.534015 -0.464518
    outer loop
      vertex 53.6 107.906 -5.7364
      vertex 53.3 108.221 -5.83051
      vertex 53.6 107.983 -5.64788
    endloop
  endfacet
  facet normal 0.706438 0.58683 -0.395696
    outer loop
      vertex 53.6 107.983 -5.64788
      vertex 53.3 108.221 -5.83051
      vertex 53.6 108.049 -5.55
    endloop
  endfacet
  facet normal 0.706402 0.314464 -0.634121
    outer loop
      vertex 53.6 107.614 -5.93149
      vertex 53.3 107.869 -6.13923
      vertex 53.6 107.719 -5.87942
    endloop
  endfacet
  facet normal 0.705498 0.694766 0.139901
    outer loop
      vertex 53.3 108.459 -4.94337
      vertex 53.3 108.428 -4.78942
      vertex 53.6 108.139 -4.86706
    endloop
  endfacet
  facet normal 0.70584 0.694724 0.138379
    outer loop
      vertex 53.6 108.162 -4.98253
      vertex 53.3 108.459 -4.94337
      vertex 53.6 108.139 -4.86706
    endloop
  endfacet
  facet normal 0.706173 0.533453 -0.465562
    outer loop
      vertex 53.6 107.906 -5.7364
      vertex 53.3 108.118 -5.94853
      vertex 53.3 108.221 -5.83051
    endloop
  endfacet
  facet normal 0.706431 0.138027 -0.694193
    outer loop
      vertex 53.6 107.502 -5.96933
      vertex 53.3 107.426 -6.28973
      vertex 53.3 107.58 -6.25911
    endloop
  endfacet
  facet normal 1 0 0
    outer loop
      vertex 53.6 108.162 -4.98253
      vertex 53.6 108.162 -5.21747
      vertex 53.6 108.169 -5.1
    endloop
  endfacet
  facet normal 1 0 0
    outer loop
      vertex 53.6 108.139 -4.86706
      vertex 53.6 108.162 -5.21747
      vertex 53.6 108.162 -4.98253
    endloop
  endfacet
  facet normal 1 0 0
    outer loop
      vertex 53.6 108.139 -4.86706
      vertex 53.6 108.139 -5.33294
      vertex 53.6 108.162 -5.21747
    endloop
  endfacet
  facet normal 1 0 0
    outer loop
      vertex 53.6 108.101 -4.75559
      vertex 53.6 108.139 -5.33294
      vertex 53.6 108.139 -4.86706
    endloop
  endfacet
  facet normal 1 0 0
    outer loop
      vertex 53.6 108.101 -4.75559
      vertex 53.6 108.101 -5.44441
      vertex 53.6 108.139 -5.33294
    endloop
  endfacet
  facet normal 1 0 0
    outer loop
      vertex 53.6 108.049 -4.65
      vertex 53.6 108.101 -5.44441
      vertex 53.6 108.101 -4.75559
    endloop
  endfacet
  facet normal 1 0 0
    outer loop
      vertex 53.6 108.049 -4.65
      vertex 53.6 108.049 -5.55
      vertex 53.6 108.101 -5.44441
    endloop
  endfacet
  facet normal 1 0 0
    outer loop
      vertex 53.6 107.983 -4.55211
      vertex 53.6 108.049 -5.55
      vertex 53.6 108.049 -4.65
    endloop
  endfacet
  facet normal 1 0 0
    outer loop
      vertex 53.6 107.983 -4.55211
      vertex 53.6 107.983 -5.64788
      vertex 53.6 108.049 -5.55
    endloop
  endfacet
  facet normal 1 0 0
    outer loop
      vertex 53.6 107.906 -4.4636
      vertex 53.6 107.983 -5.64788
      vertex 53.6 107.983 -4.55211
    endloop
  endfacet
  facet normal 1 0 0
    outer loop
      vertex 53.6 107.906 -4.4636
      vertex 53.6 107.906 -5.7364
      vertex 53.6 107.983 -5.64788
    endloop
  endfacet
  facet normal 1 0 0
    outer loop
      vertex 53.6 107.817 -4.38598
      vertex 53.6 107.906 -5.7364
      vertex 53.6 107.906 -4.4636
    endloop
  endfacet
  facet normal 1 0 0
    outer loop
      vertex 53.6 107.817 -4.38598
      vertex 53.6 107.817 -5.81402
      vertex 53.6 107.906 -5.7364
    endloop
  endfacet
  facet normal 1 0 0
    outer loop
      vertex 53.6 107.719 -4.32058
      vertex 53.6 107.817 -5.81402
      vertex 53.6 107.817 -4.38598
    endloop
  endfacet
  facet normal 1 0 0
    outer loop
      vertex 53.6 107.719 -4.32058
      vertex 53.6 107.719 -5.87942
      vertex 53.6 107.817 -5.81402
    endloop
  endfacet
  facet normal 1 0 0
    outer loop
      vertex 53.6 107.614 -4.26851
      vertex 53.6 107.719 -5.87942
      vertex 53.6 107.719 -4.32058
    endloop
  endfacet
  facet normal 1 0 0
    outer loop
      vertex 53.6 107.614 -4.26851
      vertex 53.6 107.614 -5.93149
      vertex 53.6 107.719 -5.87942
    endloop
  endfacet
  facet normal 1 0 0
    outer loop
      vertex 53.6 107.502 -4.23067
      vertex 53.6 107.614 -5.93149
      vertex 53.6 107.614 -4.26851
    endloop
  endfacet
  facet normal 1 0 0
    outer loop
      vertex 53.6 107.502 -4.23067
      vertex 53.6 107.502 -5.96933
      vertex 53.6 107.614 -5.93149
    endloop
  endfacet
  facet normal 1 0 0
    outer loop
      vertex 53.6 107.387 -4.2077
      vertex 53.6 107.502 -5.96933
      vertex 53.6 107.502 -4.23067
    endloop
  endfacet
  facet normal 1 0 0
    outer loop
      vertex 53.6 107.387 -4.2077
      vertex 53.6 107.387 -5.9923
      vertex 53.6 107.502 -5.96933
    endloop
  endfacet
  facet normal 1 0 0
    outer loop
      vertex 53.6 107.269 -4.2
      vertex 53.6 107.387 -5.9923
      vertex 53.6 107.387 -4.2077
    endloop
  endfacet
  facet normal 1 0 0
    outer loop
      vertex 53.6 107.269 -4.2
      vertex 53.6 107.269 -6
      vertex 53.6 107.387 -5.9923
    endloop
  endfacet
  facet normal 1 -0 0
    outer loop
      vertex 53.6 99.6693 -4.2
      vertex 53.6 107.269 -6
      vertex 53.6 107.269 -4.2
    endloop
  endfacet
  facet normal 1 0 0
    outer loop
      vertex 53.6 99.6693 -4.2
      vertex 53.6 99.6693 -6
      vertex 53.6 107.269 -6
    endloop
  endfacet
  facet normal 1 -0 0
    outer loop
      vertex 53.6 99.5518 -4.2077
      vertex 53.6 99.6693 -6
      vertex 53.6 99.6693 -4.2
    endloop
  endfacet
  facet normal 1 0 0
    outer loop
      vertex 53.6 99.5518 -4.2077
      vertex 53.6 99.5518 -5.9923
      vertex 53.6 99.6693 -6
    endloop
  endfacet
  facet normal 1 -0 0
    outer loop
      vertex 53.6 99.4363 -4.23067
      vertex 53.6 99.5518 -5.9923
      vertex 53.6 99.5518 -4.2077
    endloop
  endfacet
  facet normal 1 0 0
    outer loop
      vertex 53.6 99.4363 -4.23067
      vertex 53.6 99.4363 -5.96933
      vertex 53.6 99.5518 -5.9923
    endloop
  endfacet
  facet normal 1 -0 0
    outer loop
      vertex 53.6 99.3249 -4.26851
      vertex 53.6 99.4363 -5.96933
      vertex 53.6 99.4363 -4.23067
    endloop
  endfacet
  facet normal 1 0 0
    outer loop
      vertex 53.6 99.3249 -4.26851
      vertex 53.6 99.3249 -5.93149
      vertex 53.6 99.4363 -5.96933
    endloop
  endfacet
  facet normal 1 -0 0
    outer loop
      vertex 53.6 99.2193 -4.32058
      vertex 53.6 99.3249 -5.93149
      vertex 53.6 99.3249 -4.26851
    endloop
  endfacet
  facet normal 1 0 0
    outer loop
      vertex 53.6 99.2193 -4.32058
      vertex 53.6 99.2193 -5.87942
      vertex 53.6 99.3249 -5.93149
    endloop
  endfacet
  facet normal 1 -0 0
    outer loop
      vertex 53.6 99.1214 -4.38598
      vertex 53.6 99.2193 -5.87942
      vertex 53.6 99.2193 -4.32058
    endloop
  endfacet
  facet normal 1 0 0
    outer loop
      vertex 53.6 99.1214 -4.38598
      vertex 53.6 99.1214 -5.81402
      vertex 53.6 99.2193 -5.87942
    endloop
  endfacet
  facet normal 1 -0 0
    outer loop
      vertex 53.6 99.0329 -4.4636
      vertex 53.6 99.1214 -5.81402
      vertex 53.6 99.1214 -4.38598
    endloop
  endfacet
  facet normal 1 0 0
    outer loop
      vertex 53.6 99.0329 -4.4636
      vertex 53.6 99.0329 -5.7364
      vertex 53.6 99.1214 -5.81402
    endloop
  endfacet
  facet normal 1 -0 0
    outer loop
      vertex 53.6 98.9553 -4.55211
      vertex 53.6 99.0329 -5.7364
      vertex 53.6 99.0329 -4.4636
    endloop
  endfacet
  facet normal 1 0 0
    outer loop
      vertex 53.6 98.9553 -4.55211
      vertex 53.6 98.9553 -5.64788
      vertex 53.6 99.0329 -5.7364
    endloop
  endfacet
  facet normal 1 -0 0
    outer loop
      vertex 53.6 98.8898 -4.65
      vertex 53.6 98.9553 -5.64788
      vertex 53.6 98.9553 -4.55211
    endloop
  endfacet
  facet normal 1 0 0
    outer loop
      vertex 53.6 98.8898 -4.65
      vertex 53.6 98.8898 -5.55
      vertex 53.6 98.9553 -5.64788
    endloop
  endfacet
  facet normal 1 -0 0
    outer loop
      vertex 53.6 98.8378 -4.75559
      vertex 53.6 98.8898 -5.55
      vertex 53.6 98.8898 -4.65
    endloop
  endfacet
  facet normal 1 0 0
    outer loop
      vertex 53.6 98.8378 -4.75559
      vertex 53.6 98.8378 -5.44441
      vertex 53.6 98.8898 -5.55
    endloop
  endfacet
  facet normal 1 -0 0
    outer loop
      vertex 53.6 98.7999 -4.86706
      vertex 53.6 98.8378 -5.44441
      vertex 53.6 98.8378 -4.75559
    endloop
  endfacet
  facet normal 1 0 0
    outer loop
      vertex 53.6 98.7999 -4.86706
      vertex 53.6 98.7999 -5.33294
      vertex 53.6 98.8378 -5.44441
    endloop
  endfacet
  facet normal 1 -0 0
    outer loop
      vertex 53.6 98.777 -4.98253
      vertex 53.6 98.7999 -5.33294
      vertex 53.6 98.7999 -4.86706
    endloop
  endfacet
  facet normal 1 0 0
    outer loop
      vertex 53.6 98.777 -4.98253
      vertex 53.6 98.777 -5.21747
      vertex 53.6 98.7999 -5.33294
    endloop
  endfacet
  facet normal 1 0 -0
    outer loop
      vertex 53.6 98.777 -5.21747
      vertex 53.6 98.777 -4.98253
      vertex 53.6 98.7693 -5.1
    endloop
  endfacet
  facet normal 0.706078 0.228478 0.670263
    outer loop
      vertex 53.3 107.728 -3.99134
      vertex 53.3 107.58 -3.94089
      vertex 53.6 107.614 -4.26851
    endloop
  endfacet
  facet normal 0.705948 0.312882 0.635407
    outer loop
      vertex 53.3 107.869 -4.06077
      vertex 53.3 107.728 -3.99134
      vertex 53.6 107.614 -4.26851
    endloop
  endfacet
  facet normal 0.706326 -0.393321 -0.58856
    outer loop
      vertex 53.6 99.1214 -5.81402
      vertex 53.3 98.9388 -6.05202
      vertex 53.3 99.0693 -6.13923
    endloop
  endfacet
  facet normal 0.706387 0.706387 -0.0450991
    outer loop
      vertex 53.6 108.169 -5.1
      vertex 53.3 108.459 -5.25663
      vertex 53.3 108.469 -5.1
    endloop
  endfacet
  facet normal 0.706387 0.706387 0.0450991
    outer loop
      vertex 53.3 108.469 -5.1
      vertex 53.3 108.459 -4.94337
      vertex 53.6 108.169 -5.1
    endloop
  endfacet
  facet normal 0.706436 0.586836 -0.395691
    outer loop
      vertex 53.6 108.049 -5.55
      vertex 53.3 108.221 -5.83051
      vertex 53.3 108.309 -5.7
    endloop
  endfacet
  facet normal 0.705692 0.707264 -0.0421456
    outer loop
      vertex 53.6 108.162 -5.21747
      vertex 53.3 108.459 -5.25663
      vertex 53.6 108.169 -5.1
    endloop
  endfacet
  facet normal 0.706546 0.392159 -0.58907
    outer loop
      vertex 53.6 107.817 -5.81402
      vertex 53.3 107.869 -6.13923
      vertex 53.3 108 -6.05202
    endloop
  endfacet
  facet normal 0 0.320856 -0.947128
    outer loop
      vertex 51.6 107.709 -6.74207
      vertex 52 107.92 -6.67059
      vertex 52 107.709 -6.74207
    endloop
  endfacet
  facet normal 0 0.320856 -0.947128
    outer loop
      vertex 52 107.92 -6.67059
      vertex 51.6 107.709 -6.74207
      vertex 51.6 107.92 -6.67059
    endloop
  endfacet
  facet normal 0 -0.321403 0.946943
    outer loop
      vertex 51.6 99.2293 -3.45793
      vertex 52 99.0187 -3.52941
      vertex 52 99.2293 -3.45793
    endloop
  endfacet
  facet normal 0 -0.321403 0.946943
    outer loop
      vertex 52 99.0187 -3.52941
      vertex 51.6 99.2293 -3.45793
      vertex 51.6 99.0187 -3.52941
    endloop
  endfacet
  facet normal 0 -0.0653848 -0.99786
    outer loop
      vertex 51.6 99.4474 -6.78546
      vertex 52 99.6693 -6.8
      vertex 52 99.4474 -6.78546
    endloop
  endfacet
  facet normal -0 -0.0653848 -0.99786
    outer loop
      vertex 52 99.6693 -6.8
      vertex 51.6 99.4474 -6.78546
      vertex 51.6 99.6693 -6.8
    endloop
  endfacet
  facet normal 0 0.998015 0.0629691
    outer loop
      vertex 52 108.969 -5.1
      vertex 51.6 108.955 -4.87811
      vertex 52 108.955 -4.87811
    endloop
  endfacet
  facet normal 0 0.998015 0.0629691
    outer loop
      vertex 51.6 108.955 -4.87811
      vertex 52 108.969 -5.1
      vertex 51.6 108.969 -5.1
    endloop
  endfacet
  facet normal -0 0.0653555 0.997862
    outer loop
      vertex 51.6 107.491 -3.41454
      vertex 52 107.269 -3.4
      vertex 52 107.491 -3.41454
    endloop
  endfacet
  facet normal 0 0.0653555 0.997862
    outer loop
      vertex 52 107.269 -3.4
      vertex 51.6 107.491 -3.41454
      vertex 51.6 107.269 -3.4
    endloop
  endfacet
  facet normal -0 0.195208 0.980762
    outer loop
      vertex 51.6 107.709 -3.45793
      vertex 52 107.491 -3.41454
      vertex 52 107.709 -3.45793
    endloop
  endfacet
  facet normal 0 0.195208 0.980762
    outer loop
      vertex 52 107.491 -3.41454
      vertex 51.6 107.709 -3.45793
      vertex 51.6 107.491 -3.41454
    endloop
  endfacet
  facet normal 0 0 -1
    outer loop
      vertex 51.6 99.6693 -6.8
      vertex 52 107.269 -6.8
      vertex 52 99.6693 -6.8
    endloop
  endfacet
  facet normal -0 0 -1
    outer loop
      vertex 52 107.269 -6.8
      vertex 51.6 99.6693 -6.8
      vertex 51.6 107.269 -6.8
    endloop
  endfacet
  facet normal -0 0 1
    outer loop
      vertex 51.6 107.269 -3.4
      vertex 52 99.6693 -3.4
      vertex 52 107.269 -3.4
    endloop
  endfacet
  facet normal 0 0 1
    outer loop
      vertex 52 99.6693 -3.4
      vertex 51.6 107.269 -3.4
      vertex 51.6 99.6693 -3.4
    endloop
  endfacet
  facet normal 0 -0.321403 -0.946943
    outer loop
      vertex 51.6 99.0187 -6.67059
      vertex 52 99.2293 -6.74207
      vertex 52 99.0187 -6.67059
    endloop
  endfacet
  facet normal -0 -0.321403 -0.946943
    outer loop
      vertex 52 99.2293 -6.74207
      vertex 51.6 99.0187 -6.67059
      vertex 51.6 99.2293 -6.74207
    endloop
  endfacet
  facet normal 0 -0.751888 0.659291
    outer loop
      vertex 51.6 98.3206 -4.06511
      vertex 52 98.4672 -3.89792
      vertex 51.6 98.4672 -3.89792
    endloop
  endfacet
  facet normal 0 -0.751888 0.659291
    outer loop
      vertex 52 98.4672 -3.89792
      vertex 51.6 98.3206 -4.06511
      vertex 52 98.3206 -4.06511
    endloop
  endfacet
  facet normal 0 -0.831344 0.555758
    outer loop
      vertex 51.6 98.197 -4.25
      vertex 52 98.3206 -4.06511
      vertex 51.6 98.3206 -4.06511
    endloop
  endfacet
  facet normal 0 -0.831344 0.555758
    outer loop
      vertex 52 98.3206 -4.06511
      vertex 51.6 98.197 -4.25
      vertex 52 98.197 -4.25
    endloop
  endfacet
  facet normal 0 -0.659319 -0.751863
    outer loop
      vertex 51.6 98.4672 -6.30208
      vertex 52 98.6344 -6.4487
      vertex 52 98.4672 -6.30208
    endloop
  endfacet
  facet normal -0 -0.659319 -0.751863
    outer loop
      vertex 52 98.6344 -6.4487
      vertex 51.6 98.4672 -6.30208
      vertex 51.6 98.6344 -6.4487
    endloop
  endfacet
  facet normal 0 -0.195122 -0.980779
    outer loop
      vertex 51.6 99.2293 -6.74207
      vertex 52 99.4474 -6.78546
      vertex 52 99.2293 -6.74207
    endloop
  endfacet
  facet normal -0 -0.195122 -0.980779
    outer loop
      vertex 52 99.4474 -6.78546
      vertex 51.6 99.2293 -6.74207
      vertex 51.6 99.4474 -6.78546
    endloop
  endfacet
  facet normal 0 -0.442349 0.896843
    outer loop
      vertex 51.6 99.0187 -3.52941
      vertex 52 98.8193 -3.62776
      vertex 52 99.0187 -3.52941
    endloop
  endfacet
  facet normal 0 -0.442349 0.896843
    outer loop
      vertex 52 98.8193 -3.62776
      vertex 51.6 99.0187 -3.52941
      vertex 51.6 98.8193 -3.62776
    endloop
  endfacet
  facet normal 0 0.443064 -0.89649
    outer loop
      vertex 51.6 107.92 -6.67059
      vertex 52 108.119 -6.57224
      vertex 52 107.92 -6.67059
    endloop
  endfacet
  facet normal 0 0.443064 -0.89649
    outer loop
      vertex 52 108.119 -6.57224
      vertex 51.6 107.92 -6.67059
      vertex 51.6 108.119 -6.57224
    endloop
  endfacet
  facet normal -0 0.555343 0.831621
    outer loop
      vertex 51.6 108.304 -3.7513
      vertex 52 108.119 -3.62776
      vertex 52 108.304 -3.7513
    endloop
  endfacet
  facet normal 0 0.555343 0.831621
    outer loop
      vertex 52 108.119 -3.62776
      vertex 51.6 108.304 -3.7513
      vertex 51.6 108.119 -3.62776
    endloop
  endfacet
  facet normal 0 0.947584 -0.319506
    outer loop
      vertex 52 108.84 -5.75056
      vertex 51.6 108.911 -5.53999
      vertex 52 108.911 -5.53999
    endloop
  endfacet
  facet normal 0 0.947584 -0.319506
    outer loop
      vertex 51.6 108.911 -5.53999
      vertex 52 108.84 -5.75056
      vertex 51.6 108.84 -5.75056
    endloop
  endfacet
  facet normal 0 -0.997872 -0.0652086
    outer loop
      vertex 51.6 97.9838 -5.32189
      vertex 52 97.9693 -5.1
      vertex 51.6 97.9693 -5.1
    endloop
  endfacet
  facet normal 0 -0.997872 -0.0652086
    outer loop
      vertex 52 97.9693 -5.1
      vertex 51.6 97.9838 -5.32189
      vertex 52 97.9838 -5.32189
    endloop
  endfacet
  facet normal 0 0.830513 -0.556999
    outer loop
      vertex 52 108.618 -6.13489
      vertex 51.6 108.742 -5.95
      vertex 52 108.742 -5.95
    endloop
  endfacet
  facet normal 0 0.830513 -0.556999
    outer loop
      vertex 51.6 108.742 -5.95
      vertex 52 108.618 -6.13489
      vertex 51.6 108.618 -6.13489
    endloop
  endfacet
  facet normal 0 -0.98077 0.195165
    outer loop
      vertex 51.6 97.9838 -4.87811
      vertex 52 98.0272 -4.66001
      vertex 51.6 98.0272 -4.66001
    endloop
  endfacet
  facet normal 0 -0.98077 0.195165
    outer loop
      vertex 52 98.0272 -4.66001
      vertex 51.6 97.9838 -4.87811
      vertex 52 97.9838 -4.87811
    endloop
  endfacet
  facet normal 0 -0.896967 -0.442097
    outer loop
      vertex 51.6 98.197 -5.95
      vertex 52 98.0987 -5.75056
      vertex 51.6 98.0987 -5.75056
    endloop
  endfacet
  facet normal 0 -0.896967 -0.442097
    outer loop
      vertex 52 98.0987 -5.75056
      vertex 51.6 98.197 -5.95
      vertex 52 98.197 -5.95
    endloop
  endfacet
  facet normal 0 0.0653555 -0.997862
    outer loop
      vertex 51.6 107.269 -6.8
      vertex 52 107.491 -6.78546
      vertex 52 107.269 -6.8
    endloop
  endfacet
  facet normal 0 0.0653555 -0.997862
    outer loop
      vertex 52 107.491 -6.78546
      vertex 51.6 107.269 -6.8
      vertex 51.6 107.491 -6.78546
    endloop
  endfacet
  facet normal 0 -0.751888 -0.659291
    outer loop
      vertex 51.6 98.4672 -6.30208
      vertex 52 98.3206 -6.13489
      vertex 51.6 98.3206 -6.13489
    endloop
  endfacet
  facet normal 0 -0.751888 -0.659291
    outer loop
      vertex 52 98.3206 -6.13489
      vertex 51.6 98.4672 -6.30208
      vertex 52 98.4672 -6.30208
    endloop
  endfacet
  facet normal 0 -0.946901 0.321525
    outer loop
      vertex 51.6 98.0272 -4.66001
      vertex 52 98.0987 -4.44944
      vertex 51.6 98.0987 -4.44944
    endloop
  endfacet
  facet normal 0 -0.946901 0.321525
    outer loop
      vertex 52 98.0987 -4.44944
      vertex 51.6 98.0272 -4.66001
      vertex 52 98.0272 -4.66001
    endloop
  endfacet
  facet normal 0 0.195208 -0.980762
    outer loop
      vertex 51.6 107.491 -6.78546
      vertex 52 107.709 -6.74207
      vertex 52 107.491 -6.78546
    endloop
  endfacet
  facet normal 0 0.195208 -0.980762
    outer loop
      vertex 52 107.709 -6.74207
      vertex 51.6 107.491 -6.78546
      vertex 51.6 107.709 -6.74207
    endloop
  endfacet
  facet normal 0 -0.896967 0.442097
    outer loop
      vertex 51.6 98.0987 -4.44944
      vertex 52 98.197 -4.25
      vertex 51.6 98.197 -4.25
    endloop
  endfacet
  facet normal 0 -0.896967 0.442097
    outer loop
      vertex 52 98.197 -4.25
      vertex 51.6 98.0987 -4.44944
      vertex 52 98.0987 -4.44944
    endloop
  endfacet
  facet normal 0 -0.555551 -0.831483
    outer loop
      vertex 51.6 98.6344 -6.4487
      vertex 52 98.8193 -6.57224
      vertex 52 98.6344 -6.4487
    endloop
  endfacet
  facet normal -0 -0.555551 -0.831483
    outer loop
      vertex 52 98.8193 -6.57224
      vertex 51.6 98.6344 -6.4487
      vertex 51.6 98.8193 -6.57224
    endloop
  endfacet
  facet normal 0 0.830513 0.556999
    outer loop
      vertex 52 108.742 -4.25
      vertex 51.6 108.618 -4.06511
      vertex 52 108.618 -4.06511
    endloop
  endfacet
  facet normal 0 0.830513 0.556999
    outer loop
      vertex 51.6 108.618 -4.06511
      vertex 52 108.742 -4.25
      vertex 51.6 108.742 -4.25
    endloop
  endfacet
  facet normal 0 0.998015 -0.0629691
    outer loop
      vertex 52 108.955 -5.32189
      vertex 51.6 108.969 -5.1
      vertex 52 108.969 -5.1
    endloop
  endfacet
  facet normal 0 0.998015 -0.0629691
    outer loop
      vertex 51.6 108.969 -5.1
      vertex 52 108.955 -5.32189
      vertex 51.6 108.955 -5.32189
    endloop
  endfacet
  facet normal 0 -0.0653848 0.99786
    outer loop
      vertex 51.6 99.6693 -3.4
      vertex 52 99.4474 -3.41454
      vertex 52 99.6693 -3.4
    endloop
  endfacet
  facet normal 0 -0.0653848 0.99786
    outer loop
      vertex 52 99.4474 -3.41454
      vertex 51.6 99.6693 -3.4
      vertex 51.6 99.4474 -3.41454
    endloop
  endfacet
  facet normal 0 -0.195122 0.980779
    outer loop
      vertex 51.6 99.4474 -3.41454
      vertex 52 99.2293 -3.45793
      vertex 52 99.4474 -3.41454
    endloop
  endfacet
  facet normal 0 -0.195122 0.980779
    outer loop
      vertex 52 99.2293 -3.45793
      vertex 51.6 99.4474 -3.41454
      vertex 51.6 99.2293 -3.45793
    endloop
  endfacet
  facet normal 0 -0.555551 0.831483
    outer loop
      vertex 51.6 98.8193 -3.62776
      vertex 52 98.6344 -3.7513
      vertex 52 98.8193 -3.62776
    endloop
  endfacet
  facet normal 0 -0.555551 0.831483
    outer loop
      vertex 52 98.6344 -3.7513
      vertex 51.6 98.8193 -3.62776
      vertex 51.6 98.6344 -3.7513
    endloop
  endfacet
  facet normal 0 0.555343 -0.831621
    outer loop
      vertex 51.6 108.119 -6.57224
      vertex 52 108.304 -6.4487
      vertex 52 108.119 -6.57224
    endloop
  endfacet
  facet normal 0 0.555343 -0.831621
    outer loop
      vertex 52 108.304 -6.4487
      vertex 51.6 108.119 -6.57224
      vertex 51.6 108.304 -6.4487
    endloop
  endfacet
  facet normal 0 0.897502 -0.441011
    outer loop
      vertex 52 108.742 -5.95
      vertex 51.6 108.84 -5.75056
      vertex 52 108.84 -5.75056
    endloop
  endfacet
  facet normal 0 0.897502 -0.441011
    outer loop
      vertex 51.6 108.84 -5.75056
      vertex 52 108.742 -5.95
      vertex 51.6 108.742 -5.95
    endloop
  endfacet
  facet normal 0 -0.997872 0.0652086
    outer loop
      vertex 51.6 97.9693 -5.1
      vertex 52 97.9838 -4.87811
      vertex 51.6 97.9838 -4.87811
    endloop
  endfacet
  facet normal 0 -0.997872 0.0652086
    outer loop
      vertex 52 97.9838 -4.87811
      vertex 51.6 97.9693 -5.1
      vertex 52 97.9693 -5.1
    endloop
  endfacet
  facet normal 0 -0.98077 -0.195165
    outer loop
      vertex 51.6 98.0272 -5.53999
      vertex 52 97.9838 -5.32189
      vertex 51.6 97.9838 -5.32189
    endloop
  endfacet
  facet normal 0 -0.98077 -0.195165
    outer loop
      vertex 52 97.9838 -5.32189
      vertex 51.6 98.0272 -5.53999
      vertex 52 98.0272 -5.53999
    endloop
  endfacet
  facet normal 0 0.980251 -0.197758
    outer loop
      vertex 52 108.911 -5.53999
      vertex 51.6 108.955 -5.32189
      vertex 52 108.955 -5.32189
    endloop
  endfacet
  facet normal 0 0.980251 -0.197758
    outer loop
      vertex 51.6 108.955 -5.32189
      vertex 52 108.911 -5.53999
      vertex 51.6 108.911 -5.53999
    endloop
  endfacet
  facet normal 0 0.659765 -0.751472
    outer loop
      vertex 51.6 108.304 -6.4487
      vertex 52 108.471 -6.30208
      vertex 52 108.304 -6.4487
    endloop
  endfacet
  facet normal 0 0.659765 -0.751472
    outer loop
      vertex 52 108.471 -6.30208
      vertex 51.6 108.304 -6.4487
      vertex 51.6 108.471 -6.30208
    endloop
  endfacet
  facet normal 0 -0.831344 -0.555758
    outer loop
      vertex 51.6 98.3206 -6.13489
      vertex 52 98.197 -5.95
      vertex 51.6 98.197 -5.95
    endloop
  endfacet
  facet normal 0 -0.831344 -0.555758
    outer loop
      vertex 52 98.197 -5.95
      vertex 51.6 98.3206 -6.13489
      vertex 52 98.3206 -6.13489
    endloop
  endfacet
  facet normal 0 -0.946901 -0.321525
    outer loop
      vertex 51.6 98.0987 -5.75056
      vertex 52 98.0272 -5.53999
      vertex 51.6 98.0272 -5.53999
    endloop
  endfacet
  facet normal 0 -0.946901 -0.321525
    outer loop
      vertex 52 98.0272 -5.53999
      vertex 51.6 98.0987 -5.75056
      vertex 52 98.0987 -5.75056
    endloop
  endfacet
  facet normal 0 -0.659319 0.751863
    outer loop
      vertex 51.6 98.6344 -3.7513
      vertex 52 98.4672 -3.89792
      vertex 52 98.6344 -3.7513
    endloop
  endfacet
  facet normal 0 -0.659319 0.751863
    outer loop
      vertex 52 98.4672 -3.89792
      vertex 51.6 98.6344 -3.7513
      vertex 51.6 98.4672 -3.89792
    endloop
  endfacet
  facet normal -0 0.320856 0.947128
    outer loop
      vertex 51.6 107.92 -3.52941
      vertex 52 107.709 -3.45793
      vertex 52 107.92 -3.52941
    endloop
  endfacet
  facet normal 0 0.320856 0.947128
    outer loop
      vertex 52 107.709 -3.45793
      vertex 51.6 107.92 -3.52941
      vertex 51.6 107.709 -3.45793
    endloop
  endfacet
  facet normal -0 0.659765 0.751472
    outer loop
      vertex 51.6 108.471 -3.89792
      vertex 52 108.304 -3.7513
      vertex 52 108.471 -3.89792
    endloop
  endfacet
  facet normal 0 0.659765 0.751472
    outer loop
      vertex 52 108.304 -3.7513
      vertex 51.6 108.471 -3.89792
      vertex 51.6 108.304 -3.7513
    endloop
  endfacet
  facet normal 0 -0.442349 -0.896843
    outer loop
      vertex 51.6 98.8193 -6.57224
      vertex 52 99.0187 -6.67059
      vertex 52 98.8193 -6.57224
    endloop
  endfacet
  facet normal -0 -0.442349 -0.896843
    outer loop
      vertex 52 99.0187 -6.67059
      vertex 51.6 98.8193 -6.57224
      vertex 51.6 99.0187 -6.67059
    endloop
  endfacet
  facet normal 0 0.750997 0.660306
    outer loop
      vertex 52 108.618 -4.06511
      vertex 51.6 108.471 -3.89792
      vertex 52 108.471 -3.89792
    endloop
  endfacet
  facet normal 0 0.750997 0.660306
    outer loop
      vertex 51.6 108.471 -3.89792
      vertex 52 108.618 -4.06511
      vertex 51.6 108.618 -4.06511
    endloop
  endfacet
  facet normal 0 0.750997 -0.660306
    outer loop
      vertex 52 108.471 -6.30208
      vertex 51.6 108.618 -6.13489
      vertex 52 108.618 -6.13489
    endloop
  endfacet
  facet normal 0 0.750997 -0.660306
    outer loop
      vertex 51.6 108.618 -6.13489
      vertex 52 108.471 -6.30208
      vertex 51.6 108.471 -6.30208
    endloop
  endfacet
  facet normal 0 0.947584 0.319506
    outer loop
      vertex 52 108.911 -4.66001
      vertex 51.6 108.84 -4.44944
      vertex 52 108.84 -4.44944
    endloop
  endfacet
  facet normal 0 0.947584 0.319506
    outer loop
      vertex 51.6 108.84 -4.44944
      vertex 52 108.911 -4.66001
      vertex 51.6 108.911 -4.66001
    endloop
  endfacet
  facet normal -0 0.443064 0.89649
    outer loop
      vertex 51.6 108.119 -3.62776
      vertex 52 107.92 -3.52941
      vertex 52 108.119 -3.62776
    endloop
  endfacet
  facet normal 0 0.443064 0.89649
    outer loop
      vertex 52 107.92 -3.52941
      vertex 51.6 108.119 -3.62776
      vertex 51.6 107.92 -3.52941
    endloop
  endfacet
  facet normal 0 0.897502 0.441011
    outer loop
      vertex 52 108.84 -4.44944
      vertex 51.6 108.742 -4.25
      vertex 52 108.742 -4.25
    endloop
  endfacet
  facet normal 0 0.897502 0.441011
    outer loop
      vertex 51.6 108.742 -4.25
      vertex 52 108.84 -4.44944
      vertex 51.6 108.84 -4.44944
    endloop
  endfacet
  facet normal -1 0 0
    outer loop
      vertex 51.6 108.955 -5.32189
      vertex 51.6 108.955 -4.87811
      vertex 51.6 108.969 -5.1
    endloop
  endfacet
  facet normal -1 0 0
    outer loop
      vertex 51.6 108.911 -5.53999
      vertex 51.6 108.955 -4.87811
      vertex 51.6 108.955 -5.32189
    endloop
  endfacet
  facet normal -1 0 0
    outer loop
      vertex 51.6 108.911 -5.53999
      vertex 51.6 108.911 -4.66001
      vertex 51.6 108.955 -4.87811
    endloop
  endfacet
  facet normal -1 0 0
    outer loop
      vertex 51.6 108.84 -5.75056
      vertex 51.6 108.911 -4.66001
      vertex 51.6 108.911 -5.53999
    endloop
  endfacet
  facet normal -1 0 0
    outer loop
      vertex 51.6 108.84 -5.75056
      vertex 51.6 108.84 -4.44944
      vertex 51.6 108.911 -4.66001
    endloop
  endfacet
  facet normal -1 0 0
    outer loop
      vertex 51.6 108.742 -5.95
      vertex 51.6 108.84 -4.44944
      vertex 51.6 108.84 -5.75056
    endloop
  endfacet
  facet normal -1 0 0
    outer loop
      vertex 51.6 108.742 -5.95
      vertex 51.6 108.742 -4.25
      vertex 51.6 108.84 -4.44944
    endloop
  endfacet
  facet normal -1 0 0
    outer loop
      vertex 51.6 108.618 -6.13489
      vertex 51.6 108.742 -4.25
      vertex 51.6 108.742 -5.95
    endloop
  endfacet
  facet normal -1 0 0
    outer loop
      vertex 51.6 108.618 -6.13489
      vertex 51.6 108.618 -4.06511
      vertex 51.6 108.742 -4.25
    endloop
  endfacet
  facet normal -1 0 0
    outer loop
      vertex 51.6 108.471 -6.30208
      vertex 51.6 108.618 -4.06511
      vertex 51.6 108.618 -6.13489
    endloop
  endfacet
  facet normal -1 0 0
    outer loop
      vertex 51.6 108.471 -6.30208
      vertex 51.6 108.471 -3.89792
      vertex 51.6 108.618 -4.06511
    endloop
  endfacet
  facet normal -1 0 0
    outer loop
      vertex 51.6 108.304 -6.4487
      vertex 51.6 108.471 -3.89792
      vertex 51.6 108.471 -6.30208
    endloop
  endfacet
  facet normal -1 0 0
    outer loop
      vertex 51.6 108.304 -6.4487
      vertex 51.6 108.304 -3.7513
      vertex 51.6 108.471 -3.89792
    endloop
  endfacet
  facet normal -1 0 0
    outer loop
      vertex 51.6 108.119 -6.57224
      vertex 51.6 108.304 -3.7513
      vertex 51.6 108.304 -6.4487
    endloop
  endfacet
  facet normal -1 0 0
    outer loop
      vertex 51.6 108.119 -6.57224
      vertex 51.6 108.119 -3.62776
      vertex 51.6 108.304 -3.7513
    endloop
  endfacet
  facet normal -1 0 0
    outer loop
      vertex 51.6 107.92 -6.67059
      vertex 51.6 108.119 -3.62776
      vertex 51.6 108.119 -6.57224
    endloop
  endfacet
  facet normal -1 0 0
    outer loop
      vertex 51.6 107.92 -6.67059
      vertex 51.6 107.92 -3.52941
      vertex 51.6 108.119 -3.62776
    endloop
  endfacet
  facet normal -1 0 0
    outer loop
      vertex 51.6 107.709 -6.74207
      vertex 51.6 107.92 -3.52941
      vertex 51.6 107.92 -6.67059
    endloop
  endfacet
  facet normal -1 0 0
    outer loop
      vertex 51.6 107.709 -6.74207
      vertex 51.6 107.709 -3.45793
      vertex 51.6 107.92 -3.52941
    endloop
  endfacet
  facet normal -1 0 0
    outer loop
      vertex 51.6 107.491 -6.78546
      vertex 51.6 107.709 -3.45793
      vertex 51.6 107.709 -6.74207
    endloop
  endfacet
  facet normal -1 0 0
    outer loop
      vertex 51.6 107.491 -6.78546
      vertex 51.6 107.491 -3.41454
      vertex 51.6 107.709 -3.45793
    endloop
  endfacet
  facet normal -1 0 0
    outer loop
      vertex 51.6 107.269 -6.8
      vertex 51.6 107.491 -3.41454
      vertex 51.6 107.491 -6.78546
    endloop
  endfacet
  facet normal -1 0 0
    outer loop
      vertex 51.6 107.269 -6.8
      vertex 51.6 107.269 -3.4
      vertex 51.6 107.491 -3.41454
    endloop
  endfacet
  facet normal -1 0 0
    outer loop
      vertex 51.6 107.269 -6.8
      vertex 51.6 104.219 -5.1
      vertex 51.6 107.269 -3.4
    endloop
  endfacet
  facet normal -1 0 0
    outer loop
      vertex 51.6 107.269 -6.8
      vertex 51.6 104.213 -5.19789
      vertex 51.6 104.219 -5.1
    endloop
  endfacet
  facet normal -1 0 0
    outer loop
      vertex 51.6 107.269 -6.8
      vertex 51.6 104.194 -5.29411
      vertex 51.6 104.213 -5.19789
    endloop
  endfacet
  facet normal -1 0 0
    outer loop
      vertex 51.6 107.269 -6.8
      vertex 51.6 104.162 -5.38701
      vertex 51.6 104.194 -5.29411
    endloop
  endfacet
  facet normal -1 0 0
    outer loop
      vertex 51.6 107.269 -6.8
      vertex 51.6 104.119 -5.475
      vertex 51.6 104.162 -5.38701
    endloop
  endfacet
  facet normal -1 0 0
    outer loop
      vertex 51.6 107.269 -6.8
      vertex 51.6 104.064 -5.55657
      vertex 51.6 104.119 -5.475
    endloop
  endfacet
  facet normal -1 0 0
    outer loop
      vertex 51.6 107.269 -6.8
      vertex 51.6 104 -5.63033
      vertex 51.6 104.064 -5.55657
    endloop
  endfacet
  facet normal -1 0 0
    outer loop
      vertex 51.6 107.269 -6.8
      vertex 51.6 103.926 -5.69501
      vertex 51.6 104 -5.63033
    endloop
  endfacet
  facet normal -1 0 0
    outer loop
      vertex 51.6 107.269 -6.8
      vertex 51.6 103.844 -5.74952
      vertex 51.6 103.926 -5.69501
    endloop
  endfacet
  facet normal -1 0 0
    outer loop
      vertex 51.6 107.269 -6.8
      vertex 51.6 103.756 -5.79291
      vertex 51.6 103.844 -5.74952
    endloop
  endfacet
  facet normal -1 0 0
    outer loop
      vertex 51.6 107.269 -6.8
      vertex 51.6 103.663 -5.82444
      vertex 51.6 103.756 -5.79291
    endloop
  endfacet
  facet normal -1 0 0
    outer loop
      vertex 51.6 107.269 -6.8
      vertex 51.6 103.567 -5.84358
      vertex 51.6 103.663 -5.82444
    endloop
  endfacet
  facet normal -1 0 0
    outer loop
      vertex 51.6 107.269 -6.8
      vertex 51.6 103.469 -5.85
      vertex 51.6 103.567 -5.84358
    endloop
  endfacet
  facet normal -1 0 0
    outer loop
      vertex 51.6 99.6693 -6.8
      vertex 51.6 103.469 -5.85
      vertex 51.6 107.269 -6.8
    endloop
  endfacet
  facet normal -1 -0 0
    outer loop
      vertex 51.6 103.469 -5.85
      vertex 51.6 99.6693 -6.8
      vertex 51.6 103.371 -5.84358
    endloop
  endfacet
  facet normal -1 -0 0
    outer loop
      vertex 51.6 102.726 -5.19789
      vertex 51.6 99.6693 -6.8
      vertex 51.6 102.719 -5.1
    endloop
  endfacet
  facet normal -1 -0 0
    outer loop
      vertex 51.6 102.745 -5.29411
      vertex 51.6 99.6693 -6.8
      vertex 51.6 102.726 -5.19789
    endloop
  endfacet
  facet normal -1 -0 0
    outer loop
      vertex 51.6 102.776 -5.38701
      vertex 51.6 99.6693 -6.8
      vertex 51.6 102.745 -5.29411
    endloop
  endfacet
  facet normal -1 -0 0
    outer loop
      vertex 51.6 102.82 -5.475
      vertex 51.6 99.6693 -6.8
      vertex 51.6 102.776 -5.38701
    endloop
  endfacet
  facet normal -1 -0 0
    outer loop
      vertex 51.6 102.874 -5.55657
      vertex 51.6 99.6693 -6.8
      vertex 51.6 102.82 -5.475
    endloop
  endfacet
  facet normal -1 -0 0
    outer loop
      vertex 51.6 102.939 -5.63033
      vertex 51.6 99.6693 -6.8
      vertex 51.6 102.874 -5.55657
    endloop
  endfacet
  facet normal -1 -0 0
    outer loop
      vertex 51.6 103.013 -5.69501
      vertex 51.6 99.6693 -6.8
      vertex 51.6 102.939 -5.63033
    endloop
  endfacet
  facet normal -1 -0 0
    outer loop
      vertex 51.6 103.094 -5.74952
      vertex 51.6 99.6693 -6.8
      vertex 51.6 103.013 -5.69501
    endloop
  endfacet
  facet normal -1 -0 0
    outer loop
      vertex 51.6 103.182 -5.79291
      vertex 51.6 99.6693 -6.8
      vertex 51.6 103.094 -5.74952
    endloop
  endfacet
  facet normal -1 -0 0
    outer loop
      vertex 51.6 103.275 -5.82444
      vertex 51.6 99.6693 -6.8
      vertex 51.6 103.182 -5.79291
    endloop
  endfacet
  facet normal -1 -0 0
    outer loop
      vertex 51.6 103.371 -5.84358
      vertex 51.6 99.6693 -6.8
      vertex 51.6 103.275 -5.82444
    endloop
  endfacet
  facet normal -1 0 0
    outer loop
      vertex 51.6 104.213 -5.00211
      vertex 51.6 107.269 -3.4
      vertex 51.6 104.219 -5.1
    endloop
  endfacet
  facet normal -1 0 0
    outer loop
      vertex 51.6 104.194 -4.90589
      vertex 51.6 107.269 -3.4
      vertex 51.6 104.213 -5.00211
    endloop
  endfacet
  facet normal -1 0 0
    outer loop
      vertex 51.6 104.162 -4.81299
      vertex 51.6 107.269 -3.4
      vertex 51.6 104.194 -4.90589
    endloop
  endfacet
  facet normal -1 0 0
    outer loop
      vertex 51.6 104.119 -4.725
      vertex 51.6 107.269 -3.4
      vertex 51.6 104.162 -4.81299
    endloop
  endfacet
  facet normal -1 0 0
    outer loop
      vertex 51.6 104.064 -4.64343
      vertex 51.6 107.269 -3.4
      vertex 51.6 104.119 -4.725
    endloop
  endfacet
  facet normal -1 0 0
    outer loop
      vertex 51.6 104 -4.56967
      vertex 51.6 107.269 -3.4
      vertex 51.6 104.064 -4.64343
    endloop
  endfacet
  facet normal -1 0 0
    outer loop
      vertex 51.6 103.926 -4.50499
      vertex 51.6 107.269 -3.4
      vertex 51.6 104 -4.56967
    endloop
  endfacet
  facet normal -1 0 0
    outer loop
      vertex 51.6 103.844 -4.45048
      vertex 51.6 107.269 -3.4
      vertex 51.6 103.926 -4.50499
    endloop
  endfacet
  facet normal -1 0 0
    outer loop
      vertex 51.6 103.756 -4.40709
      vertex 51.6 107.269 -3.4
      vertex 51.6 103.844 -4.45048
    endloop
  endfacet
  facet normal -1 0 0
    outer loop
      vertex 51.6 103.663 -4.37556
      vertex 51.6 107.269 -3.4
      vertex 51.6 103.756 -4.40709
    endloop
  endfacet
  facet normal -1 0 0
    outer loop
      vertex 51.6 103.567 -4.35642
      vertex 51.6 107.269 -3.4
      vertex 51.6 103.663 -4.37556
    endloop
  endfacet
  facet normal -1 0 0
    outer loop
      vertex 51.6 103.469 -4.35
      vertex 51.6 107.269 -3.4
      vertex 51.6 103.567 -4.35642
    endloop
  endfacet
  facet normal -1 0 0
    outer loop
      vertex 51.6 99.6693 -3.4
      vertex 51.6 103.469 -4.35
      vertex 51.6 103.371 -4.35642
    endloop
  endfacet
  facet normal -1 0 0
    outer loop
      vertex 51.6 99.6693 -3.4
      vertex 51.6 103.371 -4.35642
      vertex 51.6 103.275 -4.37556
    endloop
  endfacet
  facet normal -1 0 0
    outer loop
      vertex 51.6 99.6693 -3.4
      vertex 51.6 102.719 -5.1
      vertex 51.6 99.6693 -6.8
    endloop
  endfacet
  facet normal -1 0 0
    outer loop
      vertex 51.6 102.719 -5.1
      vertex 51.6 99.6693 -3.4
      vertex 51.6 102.726 -5.00211
    endloop
  endfacet
  facet normal -1 0 0
    outer loop
      vertex 51.6 102.726 -5.00211
      vertex 51.6 99.6693 -3.4
      vertex 51.6 102.745 -4.90589
    endloop
  endfacet
  facet normal -1 0 0
    outer loop
      vertex 51.6 102.745 -4.90589
      vertex 51.6 99.6693 -3.4
      vertex 51.6 102.776 -4.81299
    endloop
  endfacet
  facet normal -1 0 0
    outer loop
      vertex 51.6 102.776 -4.81299
      vertex 51.6 99.6693 -3.4
      vertex 51.6 102.82 -4.725
    endloop
  endfacet
  facet normal -1 0 0
    outer loop
      vertex 51.6 102.82 -4.725
      vertex 51.6 99.6693 -3.4
      vertex 51.6 102.874 -4.64343
    endloop
  endfacet
  facet normal -1 0 0
    outer loop
      vertex 51.6 102.874 -4.64343
      vertex 51.6 99.6693 -3.4
      vertex 51.6 102.939 -4.56967
    endloop
  endfacet
  facet normal -1 0 0
    outer loop
      vertex 51.6 103.469 -4.35
      vertex 51.6 99.6693 -3.4
      vertex 51.6 107.269 -3.4
    endloop
  endfacet
  facet normal -1 0 0
    outer loop
      vertex 51.6 103.182 -4.40709
      vertex 51.6 99.6693 -3.4
      vertex 51.6 103.275 -4.37556
    endloop
  endfacet
  facet normal -1 0 0
    outer loop
      vertex 51.6 103.094 -4.45048
      vertex 51.6 99.6693 -3.4
      vertex 51.6 103.182 -4.40709
    endloop
  endfacet
  facet normal -1 0 0
    outer loop
      vertex 51.6 103.013 -4.50499
      vertex 51.6 99.6693 -3.4
      vertex 51.6 103.094 -4.45048
    endloop
  endfacet
  facet normal -1 0 0
    outer loop
      vertex 51.6 102.939 -4.56967
      vertex 51.6 99.6693 -3.4
      vertex 51.6 103.013 -4.50499
    endloop
  endfacet
  facet normal -1 0 0
    outer loop
      vertex 51.6 99.4474 -6.78546
      vertex 51.6 99.6693 -3.4
      vertex 51.6 99.6693 -6.8
    endloop
  endfacet
  facet normal -1 0 0
    outer loop
      vertex 51.6 99.4474 -6.78546
      vertex 51.6 99.4474 -3.41454
      vertex 51.6 99.6693 -3.4
    endloop
  endfacet
  facet normal -1 0 0
    outer loop
      vertex 51.6 99.2293 -6.74207
      vertex 51.6 99.4474 -3.41454
      vertex 51.6 99.4474 -6.78546
    endloop
  endfacet
  facet normal -1 0 0
    outer loop
      vertex 51.6 99.2293 -6.74207
      vertex 51.6 99.2293 -3.45793
      vertex 51.6 99.4474 -3.41454
    endloop
  endfacet
  facet normal -1 0 0
    outer loop
      vertex 51.6 99.0187 -6.67059
      vertex 51.6 99.2293 -3.45793
      vertex 51.6 99.2293 -6.74207
    endloop
  endfacet
  facet normal -1 0 0
    outer loop
      vertex 51.6 99.0187 -6.67059
      vertex 51.6 99.0187 -3.52941
      vertex 51.6 99.2293 -3.45793
    endloop
  endfacet
  facet normal -1 0 0
    outer loop
      vertex 51.6 98.8193 -6.57224
      vertex 51.6 99.0187 -3.52941
      vertex 51.6 99.0187 -6.67059
    endloop
  endfacet
  facet normal -1 0 0
    outer loop
      vertex 51.6 98.8193 -6.57224
      vertex 51.6 98.8193 -3.62776
      vertex 51.6 99.0187 -3.52941
    endloop
  endfacet
  facet normal -1 0 0
    outer loop
      vertex 51.6 98.6344 -6.4487
      vertex 51.6 98.8193 -3.62776
      vertex 51.6 98.8193 -6.57224
    endloop
  endfacet
  facet normal -1 0 0
    outer loop
      vertex 51.6 98.6344 -6.4487
      vertex 51.6 98.6344 -3.7513
      vertex 51.6 98.8193 -3.62776
    endloop
  endfacet
  facet normal -1 0 0
    outer loop
      vertex 51.6 98.4672 -6.30208
      vertex 51.6 98.6344 -3.7513
      vertex 51.6 98.6344 -6.4487
    endloop
  endfacet
  facet normal -1 0 0
    outer loop
      vertex 51.6 98.4672 -6.30208
      vertex 51.6 98.4672 -3.89792
      vertex 51.6 98.6344 -3.7513
    endloop
  endfacet
  facet normal -1 0 0
    outer loop
      vertex 51.6 98.3206 -6.13489
      vertex 51.6 98.4672 -3.89792
      vertex 51.6 98.4672 -6.30208
    endloop
  endfacet
  facet normal -1 0 0
    outer loop
      vertex 51.6 98.3206 -6.13489
      vertex 51.6 98.3206 -4.06511
      vertex 51.6 98.4672 -3.89792
    endloop
  endfacet
  facet normal -1 0 0
    outer loop
      vertex 51.6 98.197 -5.95
      vertex 51.6 98.3206 -4.06511
      vertex 51.6 98.3206 -6.13489
    endloop
  endfacet
  facet normal -1 0 0
    outer loop
      vertex 51.6 98.197 -5.95
      vertex 51.6 98.197 -4.25
      vertex 51.6 98.3206 -4.06511
    endloop
  endfacet
  facet normal -1 0 0
    outer loop
      vertex 51.6 98.0987 -5.75056
      vertex 51.6 98.197 -4.25
      vertex 51.6 98.197 -5.95
    endloop
  endfacet
  facet normal -1 0 0
    outer loop
      vertex 51.6 98.0987 -5.75056
      vertex 51.6 98.0987 -4.44944
      vertex 51.6 98.197 -4.25
    endloop
  endfacet
  facet normal -1 0 0
    outer loop
      vertex 51.6 98.0272 -5.53999
      vertex 51.6 98.0987 -4.44944
      vertex 51.6 98.0987 -5.75056
    endloop
  endfacet
  facet normal -1 0 0
    outer loop
      vertex 51.6 98.0272 -5.53999
      vertex 51.6 98.0272 -4.66001
      vertex 51.6 98.0987 -4.44944
    endloop
  endfacet
  facet normal -1 0 0
    outer loop
      vertex 51.6 97.9838 -5.32189
      vertex 51.6 98.0272 -4.66001
      vertex 51.6 98.0272 -5.53999
    endloop
  endfacet
  facet normal -1 0 0
    outer loop
      vertex 51.6 97.9838 -5.32189
      vertex 51.6 97.9838 -4.87811
      vertex 51.6 98.0272 -4.66001
    endloop
  endfacet
  facet normal -1 0 -0
    outer loop
      vertex 51.6 97.9838 -4.87811
      vertex 51.6 97.9838 -5.32189
      vertex 51.6 97.9693 -5.1
    endloop
  endfacet
  facet normal 0 0.980251 0.197758
    outer loop
      vertex 52 108.955 -4.87811
      vertex 51.6 108.911 -4.66001
      vertex 52 108.911 -4.66001
    endloop
  endfacet
  facet normal 0 0.980251 0.197758
    outer loop
      vertex 51.6 108.911 -4.66001
      vertex 52 108.955 -4.87811
      vertex 51.6 108.955 -4.87811
    endloop
  endfacet
  facet normal 0 0.321081 -0.947052
    outer loop
      vertex 51.4 103.663 -5.82444
      vertex 51.6 103.756 -5.79291
      vertex 51.6 103.663 -5.82444
    endloop
  endfacet
  facet normal 0 0.321081 -0.947052
    outer loop
      vertex 51.6 103.756 -5.79291
      vertex 51.4 103.663 -5.82444
      vertex 51.4 103.756 -5.79291
    endloop
  endfacet
  facet normal 0 0.553598 -0.832784
    outer loop
      vertex 51.4 103.844 -5.74952
      vertex 51.6 103.926 -5.69501
      vertex 51.6 103.844 -5.74952
    endloop
  endfacet
  facet normal 0 0.553598 -0.832784
    outer loop
      vertex 51.6 103.926 -5.69501
      vertex 51.4 103.844 -5.74952
      vertex 51.4 103.926 -5.69501
    endloop
  endfacet
  facet normal 0 0.898454 -0.439067
    outer loop
      vertex 51.6 104.119 -5.475
      vertex 51.4 104.162 -5.38701
      vertex 51.6 104.162 -5.38701
    endloop
  endfacet
  facet normal 0 0.898454 -0.439067
    outer loop
      vertex 51.4 104.162 -5.38701
      vertex 51.6 104.119 -5.475
      vertex 51.4 104.119 -5.475
    endloop
  endfacet
  facet normal 0 -0.750253 0.661151
    outer loop
      vertex 51.4 102.874 -4.64343
      vertex 51.6 102.939 -4.56967
      vertex 51.4 102.939 -4.56967
    endloop
  endfacet
  facet normal 0 -0.750253 0.661151
    outer loop
      vertex 51.6 102.939 -4.56967
      vertex 51.4 102.874 -4.64343
      vertex 51.6 102.874 -4.64343
    endloop
  endfacet
  facet normal 0 -0.658101 -0.75293
    outer loop
      vertex 51.4 102.939 -5.63033
      vertex 51.6 103.013 -5.69501
      vertex 51.6 102.939 -5.63033
    endloop
  endfacet
  facet normal -0 -0.658101 -0.75293
    outer loop
      vertex 51.6 103.013 -5.69501
      vertex 51.4 102.939 -5.63033
      vertex 51.4 103.013 -5.69501
    endloop
  endfacet
  facet normal 0 0.0653701 -0.997861
    outer loop
      vertex 51.4 103.469 -5.85
      vertex 51.6 103.567 -5.84358
      vertex 51.6 103.469 -5.85
    endloop
  endfacet
  facet normal 0 0.0653701 -0.997861
    outer loop
      vertex 51.6 103.567 -5.84358
      vertex 51.4 103.469 -5.85
      vertex 51.4 103.567 -5.84358
    endloop
  endfacet
  facet normal 0 0.755311 -0.655367
    outer loop
      vertex 51.6 104 -5.63033
      vertex 51.4 104.064 -5.55657
      vertex 51.6 104.064 -5.55657
    endloop
  endfacet
  facet normal 0 0.755311 -0.655367
    outer loop
      vertex 51.4 104.064 -5.55657
      vertex 51.6 104 -5.63033
      vertex 51.4 104 -5.63033
    endloop
  endfacet
  facet normal 0 0.898454 0.439067
    outer loop
      vertex 51.6 104.162 -4.81299
      vertex 51.4 104.119 -4.725
      vertex 51.6 104.119 -4.725
    endloop
  endfacet
  facet normal 0 0.898454 0.439067
    outer loop
      vertex 51.4 104.119 -4.725
      vertex 51.6 104.162 -4.81299
      vertex 51.4 104.162 -4.81299
    endloop
  endfacet
  facet normal 0 -0.894407 0.447254
    outer loop
      vertex 51.4 102.776 -4.81299
      vertex 51.6 102.82 -4.725
      vertex 51.4 102.82 -4.725
    endloop
  endfacet
  facet normal 0 -0.894407 0.447254
    outer loop
      vertex 51.6 102.82 -4.725
      vertex 51.4 102.776 -4.81299
      vertex 51.6 102.776 -4.81299
    endloop
  endfacet
  facet normal 0 -0.442233 -0.8969
    outer loop
      vertex 51.4 103.094 -5.74952
      vertex 51.6 103.182 -5.79291
      vertex 51.6 103.094 -5.74952
    endloop
  endfacet
  facet normal -0 -0.442233 -0.8969
    outer loop
      vertex 51.6 103.182 -5.79291
      vertex 51.4 103.094 -5.74952
      vertex 51.4 103.182 -5.79291
    endloop
  endfacet
  facet normal 0 -0.948581 -0.316534
    outer loop
      vertex 51.4 102.776 -5.38701
      vertex 51.6 102.745 -5.29411
      vertex 51.4 102.745 -5.29411
    endloop
  endfacet
  facet normal 0 -0.948581 -0.316534
    outer loop
      vertex 51.6 102.745 -5.29411
      vertex 51.4 102.776 -5.38701
      vertex 51.6 102.776 -5.38701
    endloop
  endfacet
  facet normal 0 0.442233 -0.8969
    outer loop
      vertex 51.4 103.756 -5.79291
      vertex 51.6 103.844 -5.74952
      vertex 51.6 103.756 -5.79291
    endloop
  endfacet
  facet normal 0 0.442233 -0.8969
    outer loop
      vertex 51.6 103.844 -5.74952
      vertex 51.4 103.756 -5.79291
      vertex 51.4 103.844 -5.74952
    endloop
  endfacet
  facet normal -0 0.442233 0.8969
    outer loop
      vertex 51.4 103.844 -4.45048
      vertex 51.6 103.756 -4.40709
      vertex 51.6 103.844 -4.45048
    endloop
  endfacet
  facet normal 0 0.442233 0.8969
    outer loop
      vertex 51.6 103.756 -4.40709
      vertex 51.4 103.844 -4.45048
      vertex 51.4 103.756 -4.40709
    endloop
  endfacet
  facet normal 0 -0.948581 0.316534
    outer loop
      vertex 51.4 102.745 -4.90589
      vertex 51.6 102.776 -4.81299
      vertex 51.4 102.776 -4.81299
    endloop
  endfacet
  facet normal 0 -0.948581 0.316534
    outer loop
      vertex 51.6 102.776 -4.81299
      vertex 51.4 102.745 -4.90589
      vertex 51.6 102.745 -4.90589
    endloop
  endfacet
  facet normal 0 -0.195527 -0.980698
    outer loop
      vertex 51.4 103.275 -5.82444
      vertex 51.6 103.371 -5.84358
      vertex 51.6 103.275 -5.82444
    endloop
  endfacet
  facet normal -0 -0.195527 -0.980698
    outer loop
      vertex 51.6 103.371 -5.84358
      vertex 51.4 103.275 -5.82444
      vertex 51.4 103.371 -5.84358
    endloop
  endfacet
  facet normal 0 -0.0653701 -0.997861
    outer loop
      vertex 51.4 103.371 -5.84358
      vertex 51.6 103.469 -5.85
      vertex 51.6 103.371 -5.84358
    endloop
  endfacet
  facet normal -0 -0.0653701 -0.997861
    outer loop
      vertex 51.6 103.469 -5.85
      vertex 51.4 103.371 -5.84358
      vertex 51.4 103.469 -5.85
    endloop
  endfacet
  facet normal 0 -0.0653701 0.997861
    outer loop
      vertex 51.4 103.469 -4.35
      vertex 51.6 103.371 -4.35642
      vertex 51.6 103.469 -4.35
    endloop
  endfacet
  facet normal 0 -0.0653701 0.997861
    outer loop
      vertex 51.6 103.371 -4.35642
      vertex 51.4 103.469 -4.35
      vertex 51.4 103.371 -4.35642
    endloop
  endfacet
  facet normal 0 0.945481 0.325677
    outer loop
      vertex 51.6 104.194 -4.90589
      vertex 51.4 104.162 -4.81299
      vertex 51.6 104.162 -4.81299
    endloop
  endfacet
  facet normal 0 0.945481 0.325677
    outer loop
      vertex 51.4 104.162 -4.81299
      vertex 51.6 104.194 -4.90589
      vertex 51.4 104.194 -4.90589
    endloop
  endfacet
  facet normal 0 -0.750253 -0.661151
    outer loop
      vertex 51.4 102.939 -5.63033
      vertex 51.6 102.874 -5.55657
      vertex 51.4 102.874 -5.55657
    endloop
  endfacet
  facet normal 0 -0.750253 -0.661151
    outer loop
      vertex 51.6 102.874 -5.55657
      vertex 51.4 102.939 -5.63033
      vertex 51.6 102.939 -5.63033
    endloop
  endfacet
  facet normal 0 0.981056 -0.193723
    outer loop
      vertex 51.6 104.194 -5.29411
      vertex 51.4 104.213 -5.19789
      vertex 51.6 104.213 -5.19789
    endloop
  endfacet
  facet normal 0 0.981056 -0.193723
    outer loop
      vertex 51.4 104.213 -5.19789
      vertex 51.6 104.194 -5.29411
      vertex 51.4 104.194 -5.29411
    endloop
  endfacet
  facet normal 0 -0.321081 0.947052
    outer loop
      vertex 51.4 103.275 -4.37556
      vertex 51.6 103.182 -4.40709
      vertex 51.6 103.275 -4.37556
    endloop
  endfacet
  facet normal 0 -0.321081 0.947052
    outer loop
      vertex 51.6 103.182 -4.40709
      vertex 51.4 103.275 -4.37556
      vertex 51.4 103.182 -4.40709
    endloop
  endfacet
  facet normal 0 -0.997453 -0.0713267
    outer loop
      vertex 51.4 102.726 -5.19789
      vertex 51.6 102.719 -5.1
      vertex 51.4 102.719 -5.1
    endloop
  endfacet
  facet normal 0 -0.997453 -0.0713267
    outer loop
      vertex 51.6 102.719 -5.1
      vertex 51.4 102.726 -5.19789
      vertex 51.6 102.726 -5.19789
    endloop
  endfacet
  facet normal 0 -0.833839 0.552008
    outer loop
      vertex 51.4 102.82 -4.725
      vertex 51.6 102.874 -4.64343
      vertex 51.4 102.874 -4.64343
    endloop
  endfacet
  facet normal 0 -0.833839 0.552008
    outer loop
      vertex 51.6 102.874 -4.64343
      vertex 51.4 102.82 -4.725
      vertex 51.6 102.82 -4.725
    endloop
  endfacet
  facet normal 0 -0.321081 -0.947052
    outer loop
      vertex 51.4 103.182 -5.79291
      vertex 51.6 103.275 -5.82444
      vertex 51.6 103.182 -5.79291
    endloop
  endfacet
  facet normal -0 -0.321081 -0.947052
    outer loop
      vertex 51.6 103.275 -5.82444
      vertex 51.4 103.182 -5.79291
      vertex 51.4 103.275 -5.82444
    endloop
  endfacet
  facet normal 0 -0.195527 0.980698
    outer loop
      vertex 51.4 103.371 -4.35642
      vertex 51.6 103.275 -4.37556
      vertex 51.6 103.371 -4.35642
    endloop
  endfacet
  facet normal 0 -0.195527 0.980698
    outer loop
      vertex 51.6 103.275 -4.37556
      vertex 51.4 103.371 -4.35642
      vertex 51.4 103.275 -4.37556
    endloop
  endfacet
  facet normal 0 0.82913 -0.559056
    outer loop
      vertex 51.6 104.064 -5.55657
      vertex 51.4 104.119 -5.475
      vertex 51.6 104.119 -5.475
    endloop
  endfacet
  facet normal 0 0.82913 -0.559056
    outer loop
      vertex 51.4 104.119 -5.475
      vertex 51.6 104.064 -5.55657
      vertex 51.4 104.064 -5.55657
    endloop
  endfacet
  facet normal 0 0.658101 -0.75293
    outer loop
      vertex 51.4 103.926 -5.69501
      vertex 51.6 104 -5.63033
      vertex 51.6 103.926 -5.69501
    endloop
  endfacet
  facet normal 0 0.658101 -0.75293
    outer loop
      vertex 51.6 104 -5.63033
      vertex 51.4 103.926 -5.69501
      vertex 51.4 104 -5.63033
    endloop
  endfacet
  facet normal 0 0.945481 -0.325677
    outer loop
      vertex 51.6 104.162 -5.38701
      vertex 51.4 104.194 -5.29411
      vertex 51.6 104.194 -5.29411
    endloop
  endfacet
  facet normal 0 0.945481 -0.325677
    outer loop
      vertex 51.4 104.194 -5.29411
      vertex 51.6 104.162 -5.38701
      vertex 51.4 104.162 -5.38701
    endloop
  endfacet
  facet normal 0 0.981056 0.193723
    outer loop
      vertex 51.6 104.213 -5.00211
      vertex 51.4 104.194 -4.90589
      vertex 51.6 104.194 -4.90589
    endloop
  endfacet
  facet normal 0 0.981056 0.193723
    outer loop
      vertex 51.4 104.194 -4.90589
      vertex 51.6 104.213 -5.00211
      vertex 51.4 104.213 -5.00211
    endloop
  endfacet
  facet normal 0 0.195527 -0.980698
    outer loop
      vertex 51.4 103.567 -5.84358
      vertex 51.6 103.663 -5.82444
      vertex 51.6 103.567 -5.84358
    endloop
  endfacet
  facet normal 0 0.195527 -0.980698
    outer loop
      vertex 51.6 103.663 -5.82444
      vertex 51.4 103.567 -5.84358
      vertex 51.4 103.663 -5.82444
    endloop
  endfacet
  facet normal -0 0.321081 0.947052
    outer loop
      vertex 51.4 103.756 -4.40709
      vertex 51.6 103.663 -4.37556
      vertex 51.6 103.756 -4.40709
    endloop
  endfacet
  facet normal 0 0.321081 0.947052
    outer loop
      vertex 51.6 103.663 -4.37556
      vertex 51.4 103.756 -4.40709
      vertex 51.4 103.663 -4.37556
    endloop
  endfacet
  facet normal 0 -0.981056 -0.193723
    outer loop
      vertex 51.4 102.745 -5.29411
      vertex 51.6 102.726 -5.19789
      vertex 51.4 102.726 -5.19789
    endloop
  endfacet
  facet normal 0 -0.981056 -0.193723
    outer loop
      vertex 51.6 102.726 -5.19789
      vertex 51.4 102.745 -5.29411
      vertex 51.6 102.745 -5.29411
    endloop
  endfacet
  facet normal 0 -0.894407 -0.447254
    outer loop
      vertex 51.4 102.82 -5.475
      vertex 51.6 102.776 -5.38701
      vertex 51.4 102.776 -5.38701
    endloop
  endfacet
  facet normal 0 -0.894407 -0.447254
    outer loop
      vertex 51.6 102.776 -5.38701
      vertex 51.4 102.82 -5.475
      vertex 51.6 102.82 -5.475
    endloop
  endfacet
  facet normal -0 0.658101 0.75293
    outer loop
      vertex 51.4 104 -4.56967
      vertex 51.6 103.926 -4.50499
      vertex 51.6 104 -4.56967
    endloop
  endfacet
  facet normal 0 0.658101 0.75293
    outer loop
      vertex 51.6 103.926 -4.50499
      vertex 51.4 104 -4.56967
      vertex 51.4 103.926 -4.50499
    endloop
  endfacet
  facet normal 0 -0.442233 0.8969
    outer loop
      vertex 51.4 103.182 -4.40709
      vertex 51.6 103.094 -4.45048
      vertex 51.6 103.182 -4.40709
    endloop
  endfacet
  facet normal 0 -0.442233 0.8969
    outer loop
      vertex 51.6 103.094 -4.45048
      vertex 51.4 103.182 -4.40709
      vertex 51.4 103.094 -4.45048
    endloop
  endfacet
  facet normal -0 0.0653701 0.997861
    outer loop
      vertex 51.4 103.567 -4.35642
      vertex 51.6 103.469 -4.35
      vertex 51.6 103.567 -4.35642
    endloop
  endfacet
  facet normal 0 0.0653701 0.997861
    outer loop
      vertex 51.6 103.469 -4.35
      vertex 51.4 103.567 -4.35642
      vertex 51.4 103.469 -4.35
    endloop
  endfacet
  facet normal 0 -0.558311 0.829632
    outer loop
      vertex 51.4 103.094 -4.45048
      vertex 51.6 103.013 -4.50499
      vertex 51.6 103.094 -4.45048
    endloop
  endfacet
  facet normal 0 -0.558311 0.829632
    outer loop
      vertex 51.6 103.013 -4.50499
      vertex 51.4 103.094 -4.45048
      vertex 51.4 103.013 -4.50499
    endloop
  endfacet
  facet normal 0 0.82913 0.559056
    outer loop
      vertex 51.6 104.119 -4.725
      vertex 51.4 104.064 -4.64343
      vertex 51.6 104.064 -4.64343
    endloop
  endfacet
  facet normal 0 0.82913 0.559056
    outer loop
      vertex 51.4 104.064 -4.64343
      vertex 51.6 104.119 -4.725
      vertex 51.4 104.119 -4.725
    endloop
  endfacet
  facet normal 0 -0.558311 -0.829632
    outer loop
      vertex 51.4 103.013 -5.69501
      vertex 51.6 103.094 -5.74952
      vertex 51.6 103.013 -5.69501
    endloop
  endfacet
  facet normal -0 -0.558311 -0.829632
    outer loop
      vertex 51.6 103.094 -5.74952
      vertex 51.4 103.013 -5.69501
      vertex 51.4 103.094 -5.74952
    endloop
  endfacet
  facet normal 0 -0.997453 0.0713267
    outer loop
      vertex 51.4 102.719 -5.1
      vertex 51.6 102.726 -5.00211
      vertex 51.4 102.726 -5.00211
    endloop
  endfacet
  facet normal 0 -0.997453 0.0713267
    outer loop
      vertex 51.6 102.726 -5.00211
      vertex 51.4 102.719 -5.1
      vertex 51.6 102.719 -5.1
    endloop
  endfacet
  facet normal 0 0.998127 -0.0611785
    outer loop
      vertex 51.6 104.213 -5.19789
      vertex 51.4 104.219 -5.1
      vertex 51.6 104.219 -5.1
    endloop
  endfacet
  facet normal 0 0.998127 -0.0611785
    outer loop
      vertex 51.4 104.219 -5.1
      vertex 51.6 104.213 -5.19789
      vertex 51.4 104.213 -5.19789
    endloop
  endfacet
  facet normal 0 0.755311 0.655367
    outer loop
      vertex 51.6 104.064 -4.64343
      vertex 51.4 104 -4.56967
      vertex 51.6 104 -4.56967
    endloop
  endfacet
  facet normal 0 0.755311 0.655367
    outer loop
      vertex 51.4 104 -4.56967
      vertex 51.6 104.064 -4.64343
      vertex 51.4 104.064 -4.64343
    endloop
  endfacet
  facet normal 0 -0.833839 -0.552008
    outer loop
      vertex 51.4 102.874 -5.55657
      vertex 51.6 102.82 -5.475
      vertex 51.4 102.82 -5.475
    endloop
  endfacet
  facet normal 0 -0.833839 -0.552008
    outer loop
      vertex 51.6 102.82 -5.475
      vertex 51.4 102.874 -5.55657
      vertex 51.6 102.874 -5.55657
    endloop
  endfacet
  facet normal -0 0.195527 0.980698
    outer loop
      vertex 51.4 103.663 -4.37556
      vertex 51.6 103.567 -4.35642
      vertex 51.6 103.663 -4.37556
    endloop
  endfacet
  facet normal 0 0.195527 0.980698
    outer loop
      vertex 51.6 103.567 -4.35642
      vertex 51.4 103.663 -4.37556
      vertex 51.4 103.567 -4.35642
    endloop
  endfacet
  facet normal 0 0.998127 0.0611785
    outer loop
      vertex 51.6 104.219 -5.1
      vertex 51.4 104.213 -5.00211
      vertex 51.6 104.213 -5.00211
    endloop
  endfacet
  facet normal 0 0.998127 0.0611785
    outer loop
      vertex 51.4 104.213 -5.00211
      vertex 51.6 104.219 -5.1
      vertex 51.4 104.219 -5.1
    endloop
  endfacet
  facet normal 0 -0.658101 0.75293
    outer loop
      vertex 51.4 103.013 -4.50499
      vertex 51.6 102.939 -4.56967
      vertex 51.6 103.013 -4.50499
    endloop
  endfacet
  facet normal 0 -0.658101 0.75293
    outer loop
      vertex 51.6 102.939 -4.56967
      vertex 51.4 103.013 -4.50499
      vertex 51.4 102.939 -4.56967
    endloop
  endfacet
  facet normal -1 0 0
    outer loop
      vertex 51.4 104.213 -5.19789
      vertex 51.4 104.213 -5.00211
      vertex 51.4 104.219 -5.1
    endloop
  endfacet
  facet normal -1 0 0
    outer loop
      vertex 51.4 104.194 -5.29411
      vertex 51.4 104.213 -5.00211
      vertex 51.4 104.213 -5.19789
    endloop
  endfacet
  facet normal -1 0 0
    outer loop
      vertex 51.4 104.194 -5.29411
      vertex 51.4 104.194 -4.90589
      vertex 51.4 104.213 -5.00211
    endloop
  endfacet
  facet normal -1 0 0
    outer loop
      vertex 51.4 104.162 -5.38701
      vertex 51.4 104.194 -4.90589
      vertex 51.4 104.194 -5.29411
    endloop
  endfacet
  facet normal -1 0 0
    outer loop
      vertex 51.4 104.162 -5.38701
      vertex 51.4 104.162 -4.81299
      vertex 51.4 104.194 -4.90589
    endloop
  endfacet
  facet normal -1 0 0
    outer loop
      vertex 51.4 104.119 -5.475
      vertex 51.4 104.162 -4.81299
      vertex 51.4 104.162 -5.38701
    endloop
  endfacet
  facet normal -1 0 0
    outer loop
      vertex 51.4 104.119 -5.475
      vertex 51.4 104.119 -4.725
      vertex 51.4 104.162 -4.81299
    endloop
  endfacet
  facet normal -1 0 0
    outer loop
      vertex 51.4 104.064 -5.55657
      vertex 51.4 104.119 -4.725
      vertex 51.4 104.119 -5.475
    endloop
  endfacet
  facet normal -1 0 0
    outer loop
      vertex 51.4 104.064 -5.55657
      vertex 51.4 104.064 -4.64343
      vertex 51.4 104.119 -4.725
    endloop
  endfacet
  facet normal -1 0 0
    outer loop
      vertex 51.4 104 -5.63033
      vertex 51.4 104.064 -4.64343
      vertex 51.4 104.064 -5.55657
    endloop
  endfacet
  facet normal -1 0 0
    outer loop
      vertex 51.4 104 -5.63033
      vertex 51.4 104 -4.56967
      vertex 51.4 104.064 -4.64343
    endloop
  endfacet
  facet normal -1 0 0
    outer loop
      vertex 51.4 103.926 -5.69501
      vertex 51.4 104 -4.56967
      vertex 51.4 104 -5.63033
    endloop
  endfacet
  facet normal -1 0 0
    outer loop
      vertex 51.4 103.926 -5.69501
      vertex 51.4 103.926 -4.50499
      vertex 51.4 104 -4.56967
    endloop
  endfacet
  facet normal -1 0 0
    outer loop
      vertex 51.4 103.844 -5.74952
      vertex 51.4 103.926 -4.50499
      vertex 51.4 103.926 -5.69501
    endloop
  endfacet
  facet normal -1 0 0
    outer loop
      vertex 51.4 103.844 -5.74952
      vertex 51.4 103.844 -4.45048
      vertex 51.4 103.926 -4.50499
    endloop
  endfacet
  facet normal -1 0 0
    outer loop
      vertex 51.4 103.756 -5.79291
      vertex 51.4 103.844 -4.45048
      vertex 51.4 103.844 -5.74952
    endloop
  endfacet
  facet normal -1 0 0
    outer loop
      vertex 51.4 103.756 -5.79291
      vertex 51.4 103.756 -4.40709
      vertex 51.4 103.844 -4.45048
    endloop
  endfacet
  facet normal -1 0 0
    outer loop
      vertex 51.4 103.663 -5.82444
      vertex 51.4 103.756 -4.40709
      vertex 51.4 103.756 -5.79291
    endloop
  endfacet
  facet normal -1 0 0
    outer loop
      vertex 51.4 103.663 -5.82444
      vertex 51.4 103.663 -4.37556
      vertex 51.4 103.756 -4.40709
    endloop
  endfacet
  facet normal -1 0 0
    outer loop
      vertex 51.4 103.567 -5.84358
      vertex 51.4 103.663 -4.37556
      vertex 51.4 103.663 -5.82444
    endloop
  endfacet
  facet normal -1 0 0
    outer loop
      vertex 51.4 103.567 -5.84358
      vertex 51.4 103.567 -4.35642
      vertex 51.4 103.663 -4.37556
    endloop
  endfacet
  facet normal -1 0 0
    outer loop
      vertex 51.4 103.469 -5.85
      vertex 51.4 103.567 -4.35642
      vertex 51.4 103.567 -5.84358
    endloop
  endfacet
  facet normal -1 0 0
    outer loop
      vertex 51.4 103.469 -5.85
      vertex 51.4 103.469 -4.35
      vertex 51.4 103.567 -4.35642
    endloop
  endfacet
  facet normal -1 0 0
    outer loop
      vertex 51.4 103.371 -5.84358
      vertex 51.4 103.469 -4.35
      vertex 51.4 103.469 -5.85
    endloop
  endfacet
  facet normal -1 0 0
    outer loop
      vertex 51.4 103.371 -5.84358
      vertex 51.4 103.371 -4.35642
      vertex 51.4 103.469 -4.35
    endloop
  endfacet
  facet normal -1 0 0
    outer loop
      vertex 51.4 103.275 -5.82444
      vertex 51.4 103.371 -4.35642
      vertex 51.4 103.371 -5.84358
    endloop
  endfacet
  facet normal -1 0 0
    outer loop
      vertex 51.4 103.275 -5.82444
      vertex 51.4 103.275 -4.37556
      vertex 51.4 103.371 -4.35642
    endloop
  endfacet
  facet normal -1 0 0
    outer loop
      vertex 51.4 103.182 -5.79291
      vertex 51.4 103.275 -4.37556
      vertex 51.4 103.275 -5.82444
    endloop
  endfacet
  facet normal -1 0 0
    outer loop
      vertex 51.4 103.182 -5.79291
      vertex 51.4 103.182 -4.40709
      vertex 51.4 103.275 -4.37556
    endloop
  endfacet
  facet normal -1 0 0
    outer loop
      vertex 51.4 103.094 -5.74952
      vertex 51.4 103.182 -4.40709
      vertex 51.4 103.182 -5.79291
    endloop
  endfacet
  facet normal -1 0 0
    outer loop
      vertex 51.4 103.094 -5.74952
      vertex 51.4 103.094 -4.45048
      vertex 51.4 103.182 -4.40709
    endloop
  endfacet
  facet normal -1 0 0
    outer loop
      vertex 51.4 103.013 -5.69501
      vertex 51.4 103.094 -4.45048
      vertex 51.4 103.094 -5.74952
    endloop
  endfacet
  facet normal -1 0 0
    outer loop
      vertex 51.4 103.013 -5.69501
      vertex 51.4 103.013 -4.50499
      vertex 51.4 103.094 -4.45048
    endloop
  endfacet
  facet normal -1 0 0
    outer loop
      vertex 51.4 102.939 -5.63033
      vertex 51.4 103.013 -4.50499
      vertex 51.4 103.013 -5.69501
    endloop
  endfacet
  facet normal -1 0 0
    outer loop
      vertex 51.4 102.939 -5.63033
      vertex 51.4 102.939 -4.56967
      vertex 51.4 103.013 -4.50499
    endloop
  endfacet
  facet normal -1 0 0
    outer loop
      vertex 51.4 102.874 -5.55657
      vertex 51.4 102.939 -4.56967
      vertex 51.4 102.939 -5.63033
    endloop
  endfacet
  facet normal -1 0 0
    outer loop
      vertex 51.4 102.874 -5.55657
      vertex 51.4 102.874 -4.64343
      vertex 51.4 102.939 -4.56967
    endloop
  endfacet
  facet normal -1 0 0
    outer loop
      vertex 51.4 102.82 -5.475
      vertex 51.4 102.874 -4.64343
      vertex 51.4 102.874 -5.55657
    endloop
  endfacet
  facet normal -1 0 0
    outer loop
      vertex 51.4 102.82 -5.475
      vertex 51.4 102.82 -4.725
      vertex 51.4 102.874 -4.64343
    endloop
  endfacet
  facet normal -1 0 0
    outer loop
      vertex 51.4 102.776 -5.38701
      vertex 51.4 102.82 -4.725
      vertex 51.4 102.82 -5.475
    endloop
  endfacet
  facet normal -1 0 0
    outer loop
      vertex 51.4 102.776 -5.38701
      vertex 51.4 102.776 -4.81299
      vertex 51.4 102.82 -4.725
    endloop
  endfacet
  facet normal -1 0 0
    outer loop
      vertex 51.4 102.745 -5.29411
      vertex 51.4 102.776 -4.81299
      vertex 51.4 102.776 -5.38701
    endloop
  endfacet
  facet normal -1 0 0
    outer loop
      vertex 51.4 102.745 -5.29411
      vertex 51.4 102.745 -4.90589
      vertex 51.4 102.776 -4.81299
    endloop
  endfacet
  facet normal -1 0 0
    outer loop
      vertex 51.4 102.726 -5.19789
      vertex 51.4 102.745 -4.90589
      vertex 51.4 102.745 -5.29411
    endloop
  endfacet
  facet normal -1 0 0
    outer loop
      vertex 51.4 102.726 -5.19789
      vertex 51.4 102.726 -5.00211
      vertex 51.4 102.745 -4.90589
    endloop
  endfacet
  facet normal -1 0 -0
    outer loop
      vertex 51.4 102.726 -5.00211
      vertex 51.4 102.726 -5.19789
      vertex 51.4 102.719 -5.1
    endloop
  endfacet
  facet normal 0 -0.981056 0.193723
    outer loop
      vertex 51.4 102.726 -5.00211
      vertex 51.6 102.745 -4.90589
      vertex 51.4 102.745 -4.90589
    endloop
  endfacet
  facet normal 0 -0.981056 0.193723
    outer loop
      vertex 51.6 102.745 -4.90589
      vertex 51.4 102.726 -5.00211
      vertex 51.6 102.726 -5.00211
    endloop
  endfacet
  facet normal -0 0.553598 0.832784
    outer loop
      vertex 51.4 103.926 -4.50499
      vertex 51.6 103.844 -4.45048
      vertex 51.6 103.926 -4.50499
    endloop
  endfacet
  facet normal 0 0.553598 0.832784
    outer loop
      vertex 51.6 103.844 -4.45048
      vertex 51.4 103.926 -4.50499
      vertex 51.4 103.844 -4.45048
    endloop
  endfacet
  facet normal -0 0.442264 0.896885
    outer loop
      vertex 52 91.8693 -4.06077
      vertex 53.3 91.7285 -3.99134
      vertex 53.3 91.8693 -4.06077
    endloop
  endfacet
  facet normal 0 0.442264 0.896885
    outer loop
      vertex 53.3 91.7285 -3.99134
      vertex 52 91.8693 -4.06077
      vertex 52 91.7285 -3.99134
    endloop
  endfacet
  facet normal 0 -0.831481 0.555553
    outer loop
      vertex 52 84.63 -4.5
      vertex 53.3 84.7172 -4.36949
      vertex 52 84.7172 -4.36949
    endloop
  endfacet
  facet normal 0 -0.831481 0.555553
    outer loop
      vertex 53.3 84.7172 -4.36949
      vertex 52 84.63 -4.5
      vertex 53.3 84.63 -4.5
    endloop
  endfacet
  facet normal 0 0.195014 -0.980801
    outer loop
      vertex 52 91.4259 -6.28973
      vertex 53.3 91.5799 -6.25911
      vertex 53.3 91.4259 -6.28973
    endloop
  endfacet
  facet normal 0 0.195014 -0.980801
    outer loop
      vertex 53.3 91.5799 -6.25911
      vertex 52 91.4259 -6.28973
      vertex 52 91.5799 -6.25911
    endloop
  endfacet
  facet normal -0 0.32148 0.946916
    outer loop
      vertex 52 91.7285 -3.99134
      vertex 53.3 91.5799 -3.94089
      vertex 53.3 91.7285 -3.99134
    endloop
  endfacet
  facet normal 0 0.32148 0.946916
    outer loop
      vertex 53.3 91.5799 -3.94089
      vertex 52 91.7285 -3.99134
      vertex 52 91.5799 -3.94089
    endloop
  endfacet
  facet normal -0 0.195014 0.980801
    outer loop
      vertex 52 91.5799 -3.94089
      vertex 53.3 91.4259 -3.91027
      vertex 53.3 91.5799 -3.94089
    endloop
  endfacet
  facet normal 0 0.195014 0.980801
    outer loop
      vertex 53.3 91.4259 -3.91027
      vertex 52 91.5799 -3.94089
      vertex 52 91.4259 -3.91027
    endloop
  endfacet
  facet normal 0 0.980813 -0.194952
    outer loop
      vertex 53.3 92.4284 -5.41058
      vertex 52 92.459 -5.25663
      vertex 53.3 92.459 -5.25663
    endloop
  endfacet
  facet normal 0 0.980813 -0.194952
    outer loop
      vertex 52 92.459 -5.25663
      vertex 53.3 92.4284 -5.41058
      vertex 52 92.4284 -5.41058
    endloop
  endfacet
  facet normal 0 -0.659054 -0.752095
    outer loop
      vertex 52 84.8207 -5.94853
      vertex 53.3 84.9388 -6.05202
      vertex 53.3 84.8207 -5.94853
    endloop
  endfacet
  facet normal -0 -0.659054 -0.752095
    outer loop
      vertex 53.3 84.9388 -6.05202
      vertex 52 84.8207 -5.94853
      vertex 52 84.9388 -6.05202
    endloop
  endfacet
  facet normal 0 0.0654405 -0.997856
    outer loop
      vertex 52 91.2693 -6.3
      vertex 53.3 91.4259 -6.28973
      vertex 53.3 91.2693 -6.3
    endloop
  endfacet
  facet normal 0 0.0654405 -0.997856
    outer loop
      vertex 53.3 91.4259 -6.28973
      vertex 52 91.2693 -6.3
      vertex 52 91.4259 -6.28973
    endloop
  endfacet
  facet normal 0 -0.0653989 -0.997859
    outer loop
      vertex 52 85.5126 -6.28973
      vertex 53.3 85.6693 -6.3
      vertex 53.3 85.5126 -6.28973
    endloop
  endfacet
  facet normal -0 -0.0653989 -0.997859
    outer loop
      vertex 53.3 85.6693 -6.3
      vertex 52 85.5126 -6.28973
      vertex 52 85.6693 -6.3
    endloop
  endfacet
  facet normal 1 0 0
    outer loop
      vertex 52 92.4693 -5.1
      vertex 52 92.9693 -5.1
      vertex 52 92.9547 -4.87811
    endloop
  endfacet
  facet normal 1 0 0
    outer loop
      vertex 52 92.459 -4.94337
      vertex 52 92.9547 -4.87811
      vertex 52 92.9113 -4.66001
    endloop
  endfacet
  facet normal 1 0 0
    outer loop
      vertex 52 92.9693 -5.1
      vertex 52 92.4693 -5.1
      vertex 52 92.9547 -5.32189
    endloop
  endfacet
  facet normal 1 0 0
    outer loop
      vertex 52 92.4284 -4.78942
      vertex 52 92.9113 -4.66001
      vertex 52 92.8399 -4.44944
    endloop
  endfacet
  facet normal 1 -0 0
    outer loop
      vertex 52 92.459 -5.25663
      vertex 52 92.9547 -5.32189
      vertex 52 92.4693 -5.1
    endloop
  endfacet
  facet normal 1 0 0
    outer loop
      vertex 52 92.3779 -4.64078
      vertex 52 92.8399 -4.44944
      vertex 52 92.7415 -4.25
    endloop
  endfacet
  facet normal 1 0 0
    outer loop
      vertex 52 92.9547 -5.32189
      vertex 52 92.459 -5.25663
      vertex 52 92.9113 -5.53999
    endloop
  endfacet
  facet normal 1 0 0
    outer loop
      vertex 52 92.3085 -4.5
      vertex 52 92.7415 -4.25
      vertex 52 92.618 -4.06511
    endloop
  endfacet
  facet normal 1 -0 0
    outer loop
      vertex 52 92.4284 -5.41058
      vertex 52 92.9113 -5.53999
      vertex 52 92.459 -5.25663
    endloop
  endfacet
  facet normal 1 0 0
    outer loop
      vertex 52 92.2213 -4.36949
      vertex 52 92.618 -4.06511
      vertex 52 92.4714 -3.89792
    endloop
  endfacet
  facet normal 1 0 0
    outer loop
      vertex 52 92.9113 -5.53999
      vertex 52 92.4284 -5.41058
      vertex 52 92.8399 -5.75056
    endloop
  endfacet
  facet normal 1 -0 0
    outer loop
      vertex 52 92.3779 -5.55922
      vertex 52 92.8399 -5.75056
      vertex 52 92.4284 -5.41058
    endloop
  endfacet
  facet normal 1 0 0
    outer loop
      vertex 52 92.9547 -4.87811
      vertex 52 92.459 -4.94337
      vertex 52 92.4693 -5.1
    endloop
  endfacet
  facet normal 1 0 0
    outer loop
      vertex 52 92.9113 -4.66001
      vertex 52 92.4284 -4.78942
      vertex 52 92.459 -4.94337
    endloop
  endfacet
  facet normal 1 0 0
    outer loop
      vertex 52 92.8399 -4.44944
      vertex 52 92.3779 -4.64078
      vertex 52 92.4284 -4.78942
    endloop
  endfacet
  facet normal 1 0 0
    outer loop
      vertex 52 92.7415 -4.25
      vertex 52 92.3085 -4.5
      vertex 52 92.3779 -4.64078
    endloop
  endfacet
  facet normal 1 0 0
    outer loop
      vertex 52 92.1178 -4.25147
      vertex 52 92.4714 -3.89792
      vertex 52 92.3042 -3.7513
    endloop
  endfacet
  facet normal 1 0 0
    outer loop
      vertex 52 92.618 -4.06511
      vertex 52 92.2213 -4.36949
      vertex 52 92.3085 -4.5
    endloop
  endfacet
  facet normal 1 0 0
    outer loop
      vertex 52 91.9998 -4.14798
      vertex 52 92.3042 -3.7513
      vertex 52 92.1193 -3.62776
    endloop
  endfacet
  facet normal 1 0 0
    outer loop
      vertex 52 92.4714 -3.89792
      vertex 52 92.1178 -4.25147
      vertex 52 92.2213 -4.36949
    endloop
  endfacet
  facet normal 1 0 0
    outer loop
      vertex 52 92.3042 -3.7513
      vertex 52 91.9998 -4.14798
      vertex 52 92.1178 -4.25147
    endloop
  endfacet
  facet normal 1 0 0
    outer loop
      vertex 52 91.8693 -4.06077
      vertex 52 92.1193 -3.62776
      vertex 52 91.9198 -3.52941
    endloop
  endfacet
  facet normal 1 0 0
    outer loop
      vertex 52 92.1193 -3.62776
      vertex 52 91.8693 -4.06077
      vertex 52 91.9998 -4.14798
    endloop
  endfacet
  facet normal 1 0 0
    outer loop
      vertex 52 91.9198 -3.52941
      vertex 52 91.7285 -3.99134
      vertex 52 91.8693 -4.06077
    endloop
  endfacet
  facet normal 1 0 0
    outer loop
      vertex 52 91.7093 -3.45793
      vertex 52 91.7285 -3.99134
      vertex 52 91.9198 -3.52941
    endloop
  endfacet
  facet normal 1 0 0
    outer loop
      vertex 52 91.7093 -3.45793
      vertex 52 91.5799 -3.94089
      vertex 52 91.7285 -3.99134
    endloop
  endfacet
  facet normal 1 0 0
    outer loop
      vertex 52 91.4912 -3.41454
      vertex 52 91.5799 -3.94089
      vertex 52 91.7093 -3.45793
    endloop
  endfacet
  facet normal 1 0 0
    outer loop
      vertex 52 91.4912 -3.41454
      vertex 52 91.4259 -3.91027
      vertex 52 91.5799 -3.94089
    endloop
  endfacet
  facet normal 1 0 0
    outer loop
      vertex 52 91.2693 -3.4
      vertex 52 91.4259 -3.91027
      vertex 52 91.4912 -3.41454
    endloop
  endfacet
  facet normal 1 0 0
    outer loop
      vertex 52 91.2693 -3.4
      vertex 52 91.2693 -3.9
      vertex 52 91.4259 -3.91027
    endloop
  endfacet
  facet normal 1 -0 0
    outer loop
      vertex 52 85.6693 -3.4
      vertex 52 91.2693 -3.9
      vertex 52 91.2693 -3.4
    endloop
  endfacet
  facet normal 1 0 0
    outer loop
      vertex 52 85.6693 -3.4
      vertex 52 85.6693 -3.9
      vertex 52 91.2693 -3.9
    endloop
  endfacet
  facet normal 1 0 0
    outer loop
      vertex 52 85.6693 -3.4
      vertex 52 85.5126 -3.91027
      vertex 52 85.6693 -3.9
    endloop
  endfacet
  facet normal 1 -0 0
    outer loop
      vertex 52 85.4474 -3.41454
      vertex 52 85.5126 -3.91027
      vertex 52 85.6693 -3.4
    endloop
  endfacet
  facet normal 1 0 0
    outer loop
      vertex 52 85.4474 -3.41454
      vertex 52 85.3587 -3.94089
      vertex 52 85.5126 -3.91027
    endloop
  endfacet
  facet normal 1 -0 0
    outer loop
      vertex 52 85.2293 -3.45793
      vertex 52 85.3587 -3.94089
      vertex 52 85.4474 -3.41454
    endloop
  endfacet
  facet normal 1 0 0
    outer loop
      vertex 52 85.2293 -3.45793
      vertex 52 85.2101 -3.99134
      vertex 52 85.3587 -3.94089
    endloop
  endfacet
  facet normal 1 -0 0
    outer loop
      vertex 52 85.0187 -3.52941
      vertex 52 85.2101 -3.99134
      vertex 52 85.2293 -3.45793
    endloop
  endfacet
  facet normal 1 0 0
    outer loop
      vertex 52 85.2101 -3.99134
      vertex 52 85.0187 -3.52941
      vertex 52 85.0693 -4.06077
    endloop
  endfacet
  facet normal 1 -0 0
    outer loop
      vertex 52 84.8193 -3.62776
      vertex 52 85.0693 -4.06077
      vertex 52 85.0187 -3.52941
    endloop
  endfacet
  facet normal 1 0 0
    outer loop
      vertex 52 85.0693 -4.06077
      vertex 52 84.8193 -3.62776
      vertex 52 84.9388 -4.14798
    endloop
  endfacet
  facet normal 1 -0 0
    outer loop
      vertex 52 84.6344 -3.7513
      vertex 52 84.9388 -4.14798
      vertex 52 84.8193 -3.62776
    endloop
  endfacet
  facet normal 1 0 0
    outer loop
      vertex 52 84.9388 -4.14798
      vertex 52 84.6344 -3.7513
      vertex 52 84.8207 -4.25147
    endloop
  endfacet
  facet normal 1 -0 0
    outer loop
      vertex 52 84.4672 -3.89792
      vertex 52 84.8207 -4.25147
      vertex 52 84.6344 -3.7513
    endloop
  endfacet
  facet normal 1 0 0
    outer loop
      vertex 52 84.8207 -4.25147
      vertex 52 84.4672 -3.89792
      vertex 52 84.7172 -4.36949
    endloop
  endfacet
  facet normal 1 -0 0
    outer loop
      vertex 52 84.3206 -4.06511
      vertex 52 84.7172 -4.36949
      vertex 52 84.4672 -3.89792
    endloop
  endfacet
  facet normal 1 0 0
    outer loop
      vertex 52 84.7172 -4.36949
      vertex 52 84.3206 -4.06511
      vertex 52 84.63 -4.5
    endloop
  endfacet
  facet normal 1 -0 0
    outer loop
      vertex 52 84.197 -4.25
      vertex 52 84.63 -4.5
      vertex 52 84.3206 -4.06511
    endloop
  endfacet
  facet normal 1 -0 0
    outer loop
      vertex 52 84.0987 -4.44944
      vertex 52 84.5606 -4.64078
      vertex 52 84.197 -4.25
    endloop
  endfacet
  facet normal 1 0 0
    outer loop
      vertex 52 84.63 -4.5
      vertex 52 84.197 -4.25
      vertex 52 84.5606 -4.64078
    endloop
  endfacet
  facet normal 1 0 0
    outer loop
      vertex 52 92.8399 -5.75056
      vertex 52 92.3779 -5.55922
      vertex 52 92.7415 -5.95
    endloop
  endfacet
  facet normal 1 -0 0
    outer loop
      vertex 52 92.3085 -5.7
      vertex 52 92.7415 -5.95
      vertex 52 92.3779 -5.55922
    endloop
  endfacet
  facet normal 1 0 0
    outer loop
      vertex 52 92.7415 -5.95
      vertex 52 92.3085 -5.7
      vertex 52 92.618 -6.13489
    endloop
  endfacet
  facet normal 1 -0 0
    outer loop
      vertex 52 92.2213 -5.83051
      vertex 52 92.618 -6.13489
      vertex 52 92.3085 -5.7
    endloop
  endfacet
  facet normal 1 0 0
    outer loop
      vertex 52 92.618 -6.13489
      vertex 52 92.2213 -5.83051
      vertex 52 92.4714 -6.30208
    endloop
  endfacet
  facet normal 1 -0 0
    outer loop
      vertex 52 92.1178 -5.94853
      vertex 52 92.4714 -6.30208
      vertex 52 92.2213 -5.83051
    endloop
  endfacet
  facet normal 1 0 0
    outer loop
      vertex 52 92.4714 -6.30208
      vertex 52 92.1178 -5.94853
      vertex 52 92.3042 -6.4487
    endloop
  endfacet
  facet normal 1 -0 0
    outer loop
      vertex 52 91.9998 -6.05202
      vertex 52 92.3042 -6.4487
      vertex 52 92.1178 -5.94853
    endloop
  endfacet
  facet normal 1 0 0
    outer loop
      vertex 52 92.3042 -6.4487
      vertex 52 91.9998 -6.05202
      vertex 52 92.1193 -6.57224
    endloop
  endfacet
  facet normal 1 -0 0
    outer loop
      vertex 52 91.8693 -6.13923
      vertex 52 92.1193 -6.57224
      vertex 52 91.9998 -6.05202
    endloop
  endfacet
  facet normal 1 0 0
    outer loop
      vertex 52 92.1193 -6.57224
      vertex 52 91.8693 -6.13923
      vertex 52 91.9198 -6.67059
    endloop
  endfacet
  facet normal 1 -0 0
    outer loop
      vertex 52 91.7285 -6.20865
      vertex 52 91.9198 -6.67059
      vertex 52 91.8693 -6.13923
    endloop
  endfacet
  facet normal 1 0 0
    outer loop
      vertex 52 91.7285 -6.20865
      vertex 52 91.7093 -6.74207
      vertex 52 91.9198 -6.67059
    endloop
  endfacet
  facet normal 1 -0 0
    outer loop
      vertex 52 91.5799 -6.25911
      vertex 52 91.7093 -6.74207
      vertex 52 91.7285 -6.20865
    endloop
  endfacet
  facet normal 1 0 0
    outer loop
      vertex 52 91.5799 -6.25911
      vertex 52 91.4912 -6.78546
      vertex 52 91.7093 -6.74207
    endloop
  endfacet
  facet normal 1 -0 0
    outer loop
      vertex 52 91.4259 -6.28973
      vertex 52 91.4912 -6.78546
      vertex 52 91.5799 -6.25911
    endloop
  endfacet
  facet normal 1 -0 0
    outer loop
      vertex 52 91.2693 -6.3
      vertex 52 91.4912 -6.78546
      vertex 52 91.4259 -6.28973
    endloop
  endfacet
  facet normal 1 0 0
    outer loop
      vertex 52 91.2693 -6.3
      vertex 52 91.2693 -6.8
      vertex 52 91.4912 -6.78546
    endloop
  endfacet
  facet normal 1 -0 0
    outer loop
      vertex 52 85.6693 -6.3
      vertex 52 91.2693 -6.8
      vertex 52 91.2693 -6.3
    endloop
  endfacet
  facet normal 1 0 0
    outer loop
      vertex 52 85.6693 -6.3
      vertex 52 85.6693 -6.8
      vertex 52 91.2693 -6.8
    endloop
  endfacet
  facet normal 1 0 0
    outer loop
      vertex 52 85.5126 -6.28973
      vertex 52 85.6693 -6.8
      vertex 52 85.6693 -6.3
    endloop
  endfacet
  facet normal 1 0 0
    outer loop
      vertex 52 85.5126 -6.28973
      vertex 52 85.4474 -6.78546
      vertex 52 85.6693 -6.8
    endloop
  endfacet
  facet normal 1 0 0
    outer loop
      vertex 52 85.3587 -6.25911
      vertex 52 85.4474 -6.78546
      vertex 52 85.5126 -6.28973
    endloop
  endfacet
  facet normal 1 0 0
    outer loop
      vertex 52 85.3587 -6.25911
      vertex 52 85.2293 -6.74207
      vertex 52 85.4474 -6.78546
    endloop
  endfacet
  facet normal 1 0 0
    outer loop
      vertex 52 85.2101 -6.20865
      vertex 52 85.2293 -6.74207
      vertex 52 85.3587 -6.25911
    endloop
  endfacet
  facet normal 1 0 0
    outer loop
      vertex 52 85.0187 -6.67059
      vertex 52 85.2101 -6.20865
      vertex 52 85.0693 -6.13923
    endloop
  endfacet
  facet normal 1 0 0
    outer loop
      vertex 52 85.2101 -6.20865
      vertex 52 85.0187 -6.67059
      vertex 52 85.2293 -6.74207
    endloop
  endfacet
  facet normal 1 0 0
    outer loop
      vertex 52 84.8193 -6.57224
      vertex 52 85.0693 -6.13923
      vertex 52 84.9388 -6.05202
    endloop
  endfacet
  facet normal 1 0 0
    outer loop
      vertex 52 84.6344 -6.4487
      vertex 52 84.9388 -6.05202
      vertex 52 84.8207 -5.94853
    endloop
  endfacet
  facet normal 1 0 0
    outer loop
      vertex 52 85.0693 -6.13923
      vertex 52 84.8193 -6.57224
      vertex 52 85.0187 -6.67059
    endloop
  endfacet
  facet normal 1 0 0
    outer loop
      vertex 52 84.4672 -6.30208
      vertex 52 84.8207 -5.94853
      vertex 52 84.7172 -5.83051
    endloop
  endfacet
  facet normal 1 0 0
    outer loop
      vertex 52 84.9388 -6.05202
      vertex 52 84.6344 -6.4487
      vertex 52 84.8193 -6.57224
    endloop
  endfacet
  facet normal 1 0 0
    outer loop
      vertex 52 84.3206 -6.13489
      vertex 52 84.7172 -5.83051
      vertex 52 84.63 -5.7
    endloop
  endfacet
  facet normal 1 0 0
    outer loop
      vertex 52 84.197 -5.95
      vertex 52 84.63 -5.7
      vertex 52 84.5606 -5.55922
    endloop
  endfacet
  facet normal 1 0 0
    outer loop
      vertex 52 84.0987 -5.75056
      vertex 52 84.5606 -5.55922
      vertex 52 84.5102 -5.41058
    endloop
  endfacet
  facet normal 1 0 0
    outer loop
      vertex 52 84.0272 -5.53999
      vertex 52 84.5102 -5.41058
      vertex 52 84.4795 -5.25663
    endloop
  endfacet
  facet normal 1 0 0
    outer loop
      vertex 52 84.8207 -5.94853
      vertex 52 84.4672 -6.30208
      vertex 52 84.6344 -6.4487
    endloop
  endfacet
  facet normal 1 0 0
    outer loop
      vertex 52 83.9838 -5.32189
      vertex 52 84.4795 -5.25663
      vertex 52 84.4693 -5.1
    endloop
  endfacet
  facet normal 1 0 0
    outer loop
      vertex 52 84.5606 -4.64078
      vertex 52 84.0987 -4.44944
      vertex 52 84.5102 -4.78942
    endloop
  endfacet
  facet normal 1 -0 0
    outer loop
      vertex 52 84.0272 -4.66001
      vertex 52 84.5102 -4.78942
      vertex 52 84.0987 -4.44944
    endloop
  endfacet
  facet normal 1 0 0
    outer loop
      vertex 52 84.7172 -5.83051
      vertex 52 84.3206 -6.13489
      vertex 52 84.4672 -6.30208
    endloop
  endfacet
  facet normal 1 0 0
    outer loop
      vertex 52 84.5102 -4.78942
      vertex 52 84.0272 -4.66001
      vertex 52 84.4795 -4.94337
    endloop
  endfacet
  facet normal 1 0 0
    outer loop
      vertex 52 84.63 -5.7
      vertex 52 84.197 -5.95
      vertex 52 84.3206 -6.13489
    endloop
  endfacet
  facet normal 1 -0 0
    outer loop
      vertex 52 83.9838 -4.87811
      vertex 52 84.4795 -4.94337
      vertex 52 84.0272 -4.66001
    endloop
  endfacet
  facet normal 1 0 0
    outer loop
      vertex 52 84.5606 -5.55922
      vertex 52 84.0987 -5.75056
      vertex 52 84.197 -5.95
    endloop
  endfacet
  facet normal 1 0 0
    outer loop
      vertex 52 84.4795 -4.94337
      vertex 52 83.9838 -4.87811
      vertex 52 84.4693 -5.1
    endloop
  endfacet
  facet normal 1 0 0
    outer loop
      vertex 52 84.5102 -5.41058
      vertex 52 84.0272 -5.53999
      vertex 52 84.0987 -5.75056
    endloop
  endfacet
  facet normal 1 0 0
    outer loop
      vertex 52 83.9693 -5.1
      vertex 52 84.4693 -5.1
      vertex 52 83.9838 -4.87811
    endloop
  endfacet
  facet normal 1 0 0
    outer loop
      vertex 52 84.4795 -5.25663
      vertex 52 83.9838 -5.32189
      vertex 52 84.0272 -5.53999
    endloop
  endfacet
  facet normal 1 0 0
    outer loop
      vertex 52 84.4693 -5.1
      vertex 52 83.9693 -5.1
      vertex 52 83.9838 -5.32189
    endloop
  endfacet
  facet normal 0 0.442212 -0.89691
    outer loop
      vertex 52 91.7285 -6.20865
      vertex 53.3 91.8693 -6.13923
      vertex 53.3 91.7285 -6.20865
    endloop
  endfacet
  facet normal 0 0.442212 -0.89691
    outer loop
      vertex 53.3 91.8693 -6.13923
      vertex 52 91.7285 -6.20865
      vertex 52 91.8693 -6.13923
    endloop
  endfacet
  facet normal -0 0.0654405 0.997856
    outer loop
      vertex 52 91.4259 -3.91027
      vertex 53.3 91.2693 -3.9
      vertex 53.3 91.4259 -3.91027
    endloop
  endfacet
  facet normal 0 0.0654405 0.997856
    outer loop
      vertex 53.3 91.2693 -3.9
      vertex 52 91.4259 -3.91027
      vertex 52 91.2693 -3.9
    endloop
  endfacet
  facet normal 0 0 -1
    outer loop
      vertex 52 85.6693 -6.3
      vertex 53.3 91.2693 -6.3
      vertex 53.3 85.6693 -6.3
    endloop
  endfacet
  facet normal -0 0 -1
    outer loop
      vertex 53.3 91.2693 -6.3
      vertex 52 85.6693 -6.3
      vertex 52 91.2693 -6.3
    endloop
  endfacet
  facet normal 0 -0.751842 0.659343
    outer loop
      vertex 52 84.7172 -4.36949
      vertex 53.3 84.8207 -4.25147
      vertex 52 84.8207 -4.25147
    endloop
  endfacet
  facet normal 0 -0.751842 0.659343
    outer loop
      vertex 53.3 84.8207 -4.25147
      vertex 52 84.7172 -4.36949
      vertex 53.3 84.7172 -4.36949
    endloop
  endfacet
  facet normal 0 -0.555626 -0.831432
    outer loop
      vertex 52 84.9388 -6.05202
      vertex 53.3 85.0693 -6.13923
      vertex 53.3 84.9388 -6.05202
    endloop
  endfacet
  facet normal -0 -0.555626 -0.831432
    outer loop
      vertex 53.3 85.0693 -6.13923
      vertex 52 84.9388 -6.05202
      vertex 52 85.0693 -6.13923
    endloop
  endfacet
  facet normal 0 0.831481 0.555553
    outer loop
      vertex 53.3 92.3085 -4.5
      vertex 52 92.2213 -4.36949
      vertex 53.3 92.2213 -4.36949
    endloop
  endfacet
  facet normal 0 0.831481 0.555553
    outer loop
      vertex 52 92.2213 -4.36949
      vertex 53.3 92.3085 -4.5
      vertex 52 92.3085 -4.5
    endloop
  endfacet
  facet normal 0 -0.195136 0.980776
    outer loop
      vertex 52 85.5126 -3.91027
      vertex 53.3 85.3587 -3.94089
      vertex 53.3 85.5126 -3.91027
    endloop
  endfacet
  facet normal 0 -0.195136 0.980776
    outer loop
      vertex 53.3 85.3587 -3.94089
      vertex 52 85.5126 -3.91027
      vertex 52 85.3587 -3.94089
    endloop
  endfacet
  facet normal -0 0 1
    outer loop
      vertex 52 91.2693 -3.9
      vertex 53.3 85.6693 -3.9
      vertex 53.3 91.2693 -3.9
    endloop
  endfacet
  facet normal 0 0 1
    outer loop
      vertex 53.3 85.6693 -3.9
      vertex 52 91.2693 -3.9
      vertex 52 85.6693 -3.9
    endloop
  endfacet
  facet normal 0 0.946846 -0.321688
    outer loop
      vertex 53.3 92.3779 -5.55922
      vertex 52 92.4284 -5.41058
      vertex 53.3 92.4284 -5.41058
    endloop
  endfacet
  facet normal 0 0.946846 -0.321688
    outer loop
      vertex 52 92.4284 -5.41058
      vertex 53.3 92.3779 -5.55922
      vertex 52 92.3779 -5.55922
    endloop
  endfacet
  facet normal 0 -0.831481 -0.555553
    outer loop
      vertex 52 84.7172 -5.83051
      vertex 53.3 84.63 -5.7
      vertex 52 84.63 -5.7
    endloop
  endfacet
  facet normal 0 -0.831481 -0.555553
    outer loop
      vertex 53.3 84.63 -5.7
      vertex 52 84.7172 -5.83051
      vertex 53.3 84.7172 -5.83051
    endloop
  endfacet
  facet normal 0 0.997845 0.0656183
    outer loop
      vertex 53.3 92.4693 -5.1
      vertex 52 92.459 -4.94337
      vertex 53.3 92.459 -4.94337
    endloop
  endfacet
  facet normal 0 0.997845 0.0656183
    outer loop
      vertex 52 92.459 -4.94337
      vertex 53.3 92.4693 -5.1
      vertex 52 92.4693 -5.1
    endloop
  endfacet
  facet normal 0 0.751842 -0.659343
    outer loop
      vertex 53.3 92.1178 -5.94853
      vertex 52 92.2213 -5.83051
      vertex 53.3 92.2213 -5.83051
    endloop
  endfacet
  facet normal 0 0.751842 -0.659343
    outer loop
      vertex 52 92.2213 -5.83051
      vertex 53.3 92.1178 -5.94853
      vertex 52 92.1178 -5.94853
    endloop
  endfacet
  facet normal 0 -0.442212 -0.89691
    outer loop
      vertex 52 85.0693 -6.13923
      vertex 53.3 85.2101 -6.20865
      vertex 53.3 85.0693 -6.13923
    endloop
  endfacet
  facet normal -0 -0.442212 -0.89691
    outer loop
      vertex 53.3 85.2101 -6.20865
      vertex 52 85.0693 -6.13923
      vertex 52 85.2101 -6.20865
    endloop
  endfacet
  facet normal 0 0.321537 -0.946897
    outer loop
      vertex 52 91.5799 -6.25911
      vertex 53.3 91.7285 -6.20865
      vertex 53.3 91.5799 -6.25911
    endloop
  endfacet
  facet normal 0 0.321537 -0.946897
    outer loop
      vertex 53.3 91.7285 -6.20865
      vertex 52 91.5799 -6.25911
      vertex 52 91.7285 -6.20865
    endloop
  endfacet
  facet normal 0 -0.751842 -0.659343
    outer loop
      vertex 52 84.8207 -5.94853
      vertex 53.3 84.7172 -5.83051
      vertex 52 84.7172 -5.83051
    endloop
  endfacet
  facet normal 0 -0.751842 -0.659343
    outer loop
      vertex 53.3 84.7172 -5.83051
      vertex 52 84.8207 -5.94853
      vertex 53.3 84.8207 -5.94853
    endloop
  endfacet
  facet normal 0 -0.555626 0.831432
    outer loop
      vertex 52 85.0693 -4.06077
      vertex 53.3 84.9388 -4.14798
      vertex 53.3 85.0693 -4.06077
    endloop
  endfacet
  facet normal 0 -0.555626 0.831432
    outer loop
      vertex 53.3 84.9388 -4.14798
      vertex 52 85.0693 -4.06077
      vertex 52 84.9388 -4.14798
    endloop
  endfacet
  facet normal 0 -0.442264 0.896885
    outer loop
      vertex 52 85.2101 -3.99134
      vertex 53.3 85.0693 -4.06077
      vertex 53.3 85.2101 -3.99134
    endloop
  endfacet
  facet normal 0 -0.442264 0.896885
    outer loop
      vertex 53.3 85.0693 -4.06077
      vertex 52 85.2101 -3.99134
      vertex 52 85.0693 -4.06077
    endloop
  endfacet
  facet normal 0 -0.896936 0.44216
    outer loop
      vertex 52 84.5606 -4.64078
      vertex 53.3 84.63 -4.5
      vertex 52 84.63 -4.5
    endloop
  endfacet
  facet normal 0 -0.896936 0.44216
    outer loop
      vertex 53.3 84.63 -4.5
      vertex 52 84.5606 -4.64078
      vertex 53.3 84.5606 -4.64078
    endloop
  endfacet
  facet normal 0 -0.0653989 0.997859
    outer loop
      vertex 52 85.6693 -3.9
      vertex 53.3 85.5126 -3.91027
      vertex 53.3 85.6693 -3.9
    endloop
  endfacet
  facet normal 0 -0.0653989 0.997859
    outer loop
      vertex 53.3 85.5126 -3.91027
      vertex 52 85.6693 -3.9
      vertex 52 85.5126 -3.91027
    endloop
  endfacet
  facet normal 0 0.896936 -0.44216
    outer loop
      vertex 53.3 92.3085 -5.7
      vertex 52 92.3779 -5.55922
      vertex 53.3 92.3779 -5.55922
    endloop
  endfacet
  facet normal 0 0.896936 -0.44216
    outer loop
      vertex 52 92.3779 -5.55922
      vertex 53.3 92.3085 -5.7
      vertex 52 92.3085 -5.7
    endloop
  endfacet
  facet normal 0 -0.997886 -0.064984
    outer loop
      vertex 52 84.4795 -5.25663
      vertex 53.3 84.4693 -5.1
      vertex 52 84.4693 -5.1
    endloop
  endfacet
  facet normal 0 -0.997886 -0.064984
    outer loop
      vertex 53.3 84.4693 -5.1
      vertex 52 84.4795 -5.25663
      vertex 53.3 84.4795 -5.25663
    endloop
  endfacet
  facet normal 0 0.997845 -0.0656183
    outer loop
      vertex 53.3 92.459 -5.25663
      vertex 52 92.4693 -5.1
      vertex 53.3 92.4693 -5.1
    endloop
  endfacet
  facet normal 0 0.997845 -0.0656183
    outer loop
      vertex 52 92.4693 -5.1
      vertex 53.3 92.459 -5.25663
      vertex 52 92.459 -5.25663
    endloop
  endfacet
  facet normal 0 -0.94704 -0.321117
    outer loop
      vertex 52 84.5606 -5.55922
      vertex 53.3 84.5102 -5.41058
      vertex 52 84.5102 -5.41058
    endloop
  endfacet
  facet normal 0 -0.94704 -0.321117
    outer loop
      vertex 53.3 84.5102 -5.41058
      vertex 52 84.5606 -5.55922
      vertex 53.3 84.5606 -5.55922
    endloop
  endfacet
  facet normal 0 0.980813 0.194952
    outer loop
      vertex 53.3 92.459 -4.94337
      vertex 52 92.4284 -4.78942
      vertex 53.3 92.4284 -4.78942
    endloop
  endfacet
  facet normal 0 0.980813 0.194952
    outer loop
      vertex 52 92.4284 -4.78942
      vertex 53.3 92.459 -4.94337
      vertex 52 92.459 -4.94337
    endloop
  endfacet
  facet normal 0 -0.896936 -0.44216
    outer loop
      vertex 52 84.63 -5.7
      vertex 53.3 84.5606 -5.55922
      vertex 52 84.5606 -5.55922
    endloop
  endfacet
  facet normal 0 -0.896936 -0.44216
    outer loop
      vertex 53.3 84.5606 -5.55922
      vertex 52 84.63 -5.7
      vertex 53.3 84.63 -5.7
    endloop
  endfacet
  facet normal 0 0.946846 0.321688
    outer loop
      vertex 53.3 92.4284 -4.78942
      vertex 52 92.3779 -4.64078
      vertex 53.3 92.3779 -4.64078
    endloop
  endfacet
  facet normal 0 0.946846 0.321688
    outer loop
      vertex 52 92.3779 -4.64078
      vertex 53.3 92.4284 -4.78942
      vertex 52 92.4284 -4.78942
    endloop
  endfacet
  facet normal 0 -0.980691 -0.195565
    outer loop
      vertex 52 84.5102 -5.41058
      vertex 53.3 84.4795 -5.25663
      vertex 52 84.4795 -5.25663
    endloop
  endfacet
  facet normal 0 -0.980691 -0.195565
    outer loop
      vertex 53.3 84.4795 -5.25663
      vertex 52 84.5102 -5.41058
      vertex 53.3 84.5102 -5.41058
    endloop
  endfacet
  facet normal 0 -0.32148 0.946916
    outer loop
      vertex 52 85.3587 -3.94089
      vertex 53.3 85.2101 -3.99134
      vertex 53.3 85.3587 -3.94089
    endloop
  endfacet
  facet normal 0 -0.32148 0.946916
    outer loop
      vertex 53.3 85.2101 -3.99134
      vertex 52 85.3587 -3.94089
      vertex 52 85.2101 -3.99134
    endloop
  endfacet
  facet normal 0 -0.980691 0.195565
    outer loop
      vertex 52 84.4795 -4.94337
      vertex 53.3 84.5102 -4.78942
      vertex 52 84.5102 -4.78942
    endloop
  endfacet
  facet normal 0 -0.980691 0.195565
    outer loop
      vertex 53.3 84.5102 -4.78942
      vertex 52 84.4795 -4.94337
      vertex 53.3 84.4795 -4.94337
    endloop
  endfacet
  facet normal 0 0.65937 -0.751818
    outer loop
      vertex 52 91.9998 -6.05202
      vertex 53.3 92.1178 -5.94853
      vertex 53.3 91.9998 -6.05202
    endloop
  endfacet
  facet normal 0 0.65937 -0.751818
    outer loop
      vertex 53.3 92.1178 -5.94853
      vertex 52 91.9998 -6.05202
      vertex 52 92.1178 -5.94853
    endloop
  endfacet
  facet normal 0 -0.195136 -0.980776
    outer loop
      vertex 52 85.3587 -6.25911
      vertex 53.3 85.5126 -6.28973
      vertex 53.3 85.3587 -6.25911
    endloop
  endfacet
  facet normal -0 -0.195136 -0.980776
    outer loop
      vertex 53.3 85.5126 -6.28973
      vertex 52 85.3587 -6.25911
      vertex 52 85.5126 -6.28973
    endloop
  endfacet
  facet normal -0 0.555626 0.831432
    outer loop
      vertex 52 91.9998 -4.14798
      vertex 53.3 91.8693 -4.06077
      vertex 53.3 91.9998 -4.14798
    endloop
  endfacet
  facet normal 0 0.555626 0.831432
    outer loop
      vertex 53.3 91.8693 -4.06077
      vertex 52 91.9998 -4.14798
      vertex 52 91.8693 -4.06077
    endloop
  endfacet
  facet normal -0 0.65937 0.751818
    outer loop
      vertex 52 92.1178 -4.25147
      vertex 53.3 91.9998 -4.14798
      vertex 53.3 92.1178 -4.25147
    endloop
  endfacet
  facet normal 0 0.65937 0.751818
    outer loop
      vertex 53.3 91.9998 -4.14798
      vertex 52 92.1178 -4.25147
      vertex 52 91.9998 -4.14798
    endloop
  endfacet
  facet normal 0 -0.321537 -0.946897
    outer loop
      vertex 52 85.2101 -6.20865
      vertex 53.3 85.3587 -6.25911
      vertex 53.3 85.2101 -6.20865
    endloop
  endfacet
  facet normal -0 -0.321537 -0.946897
    outer loop
      vertex 53.3 85.3587 -6.25911
      vertex 52 85.2101 -6.20865
      vertex 52 85.3587 -6.25911
    endloop
  endfacet
  facet normal 0 0.555626 -0.831432
    outer loop
      vertex 52 91.8693 -6.13923
      vertex 53.3 91.9998 -6.05202
      vertex 53.3 91.8693 -6.13923
    endloop
  endfacet
  facet normal 0 0.555626 -0.831432
    outer loop
      vertex 53.3 91.9998 -6.05202
      vertex 52 91.8693 -6.13923
      vertex 52 91.9998 -6.05202
    endloop
  endfacet
  facet normal 0 0.831481 -0.555553
    outer loop
      vertex 53.3 92.2213 -5.83051
      vertex 52 92.3085 -5.7
      vertex 53.3 92.3085 -5.7
    endloop
  endfacet
  facet normal 0 0.831481 -0.555553
    outer loop
      vertex 52 92.3085 -5.7
      vertex 53.3 92.2213 -5.83051
      vertex 52 92.2213 -5.83051
    endloop
  endfacet
  facet normal 0 -0.94704 0.321117
    outer loop
      vertex 52 84.5102 -4.78942
      vertex 53.3 84.5606 -4.64078
      vertex 52 84.5606 -4.64078
    endloop
  endfacet
  facet normal 0 -0.94704 0.321117
    outer loop
      vertex 53.3 84.5606 -4.64078
      vertex 52 84.5102 -4.78942
      vertex 53.3 84.5102 -4.78942
    endloop
  endfacet
  facet normal 0 0.896936 0.44216
    outer loop
      vertex 53.3 92.3779 -4.64078
      vertex 52 92.3085 -4.5
      vertex 53.3 92.3085 -4.5
    endloop
  endfacet
  facet normal 0 0.896936 0.44216
    outer loop
      vertex 52 92.3085 -4.5
      vertex 53.3 92.3779 -4.64078
      vertex 52 92.3779 -4.64078
    endloop
  endfacet
  facet normal 0 -0.997886 0.064984
    outer loop
      vertex 52 84.4693 -5.1
      vertex 53.3 84.4795 -4.94337
      vertex 52 84.4795 -4.94337
    endloop
  endfacet
  facet normal 0 -0.997886 0.064984
    outer loop
      vertex 53.3 84.4795 -4.94337
      vertex 52 84.4693 -5.1
      vertex 53.3 84.4693 -5.1
    endloop
  endfacet
  facet normal 0 0.751842 0.659343
    outer loop
      vertex 53.3 92.2213 -4.36949
      vertex 52 92.1178 -4.25147
      vertex 53.3 92.1178 -4.25147
    endloop
  endfacet
  facet normal 0 0.751842 0.659343
    outer loop
      vertex 52 92.1178 -4.25147
      vertex 53.3 92.2213 -4.36949
      vertex 52 92.2213 -4.36949
    endloop
  endfacet
  facet normal 0 -0.659054 0.752095
    outer loop
      vertex 52 84.9388 -4.14798
      vertex 53.3 84.8207 -4.25147
      vertex 53.3 84.9388 -4.14798
    endloop
  endfacet
  facet normal 0 -0.659054 0.752095
    outer loop
      vertex 53.3 84.8207 -4.25147
      vertex 52 84.9388 -4.14798
      vertex 52 84.8207 -4.25147
    endloop
  endfacet
  facet normal 0.706304 0.69427 -0.138289
    outer loop
      vertex 53.6 92.1386 -5.33294
      vertex 53.3 92.459 -5.25663
      vertex 53.6 92.1616 -5.21747
    endloop
  endfacet
  facet normal 0.706353 0.393205 0.588604
    outer loop
      vertex 53.6 91.8172 -4.38598
      vertex 53.3 91.8693 -4.06077
      vertex 53.6 91.7193 -4.32058
    endloop
  endfacet
  facet normal 0.706278 0.634858 0.31325
    outer loop
      vertex 53.6 92.1008 -4.75559
      vertex 53.3 92.3779 -4.64078
      vertex 53.6 92.0487 -4.65
    endloop
  endfacet
  facet normal 0.706309 0.706387 -0.0463027
    outer loop
      vertex 53.6 92.1616 -5.21747
      vertex 53.3 92.459 -5.25663
      vertex 53.6 92.1693 -5.1
    endloop
  endfacet
  facet normal 0.706342 0.588582 -0.39326
    outer loop
      vertex 53.6 92.0487 -5.55
      vertex 53.3 92.2213 -5.83051
      vertex 53.3 92.3085 -5.7
    endloop
  endfacet
  facet normal 0.706326 -0.393321 0.58856
    outer loop
      vertex 53.3 85.0693 -4.06077
      vertex 53.3 84.9388 -4.14798
      vertex 53.6 85.1214 -4.38598
    endloop
  endfacet
  facet normal 0.706343 0.588575 -0.393266
    outer loop
      vertex 53.6 91.9833 -5.64788
      vertex 53.3 92.2213 -5.83051
      vertex 53.6 92.0487 -5.55
    endloop
  endfacet
  facet normal 0.706349 -0.0462936 0.706349
    outer loop
      vertex 53.3 85.6693 -3.9
      vertex 53.3 85.5126 -3.91027
      vertex 53.6 85.6693 -4.2
    endloop
  endfacet
  facet normal 0.70632 0.466763 -0.532207
    outer loop
      vertex 53.6 91.8172 -5.81402
      vertex 53.3 91.9998 -6.05202
      vertex 53.3 92.1178 -5.94853
    endloop
  endfacet
  facet normal 0.706458 -0.588203 -0.393617
    outer loop
      vertex 53.6 84.8898 -5.55
      vertex 53.3 84.7172 -5.83051
      vertex 53.6 84.9553 -5.64788
    endloop
  endfacet
  facet normal 0.706402 -0.670135 -0.227847
    outer loop
      vertex 53.6 84.7999 -5.33294
      vertex 53.3 84.5606 -5.55922
      vertex 53.6 84.8378 -5.44441
    endloop
  endfacet
  facet normal 0.706342 -0.588582 0.39326
    outer loop
      vertex 53.3 84.7172 -4.36949
      vertex 53.3 84.63 -4.5
      vertex 53.6 84.8898 -4.65
    endloop
  endfacet
  facet normal 0.706349 0.0463277 0.706346
    outer loop
      vertex 53.6 91.3867 -4.2077
      vertex 53.3 91.4259 -3.91027
      vertex 53.6 91.2693 -4.2
    endloop
  endfacet
  facet normal 0.706309 0.706387 0.0463027
    outer loop
      vertex 53.6 92.1693 -5.1
      vertex 53.3 92.459 -4.94337
      vertex 53.6 92.1616 -4.98253
    endloop
  endfacet
  facet normal 0.706353 -0.393205 0.588604
    outer loop
      vertex 53.6 85.2193 -4.32058
      vertex 53.3 85.0693 -4.06077
      vertex 53.6 85.1214 -4.38598
    endloop
  endfacet
  facet normal 0.706348 0.0463231 0.706348
    outer loop
      vertex 53.3 91.4259 -3.91027
      vertex 53.3 91.2693 -3.9
      vertex 53.6 91.2693 -4.2
    endloop
  endfacet
  facet normal 0.706342 -0.138131 0.694263
    outer loop
      vertex 53.3 85.5126 -3.91027
      vertex 53.3 85.3587 -3.94089
      vertex 53.6 85.4363 -4.23067
    endloop
  endfacet
  facet normal 0.707107 -0 0.707107
    outer loop
      vertex 53.3 85.6693 -3.9
      vertex 53.6 91.2693 -4.2
      vertex 53.3 91.2693 -3.9
    endloop
  endfacet
  facet normal 0.707107 0 0.707107
    outer loop
      vertex 53.6 91.2693 -4.2
      vertex 53.3 85.6693 -3.9
      vertex 53.6 85.6693 -4.2
    endloop
  endfacet
  facet normal 0.706337 0.634919 0.312995
    outer loop
      vertex 53.3 92.3779 -4.64078
      vertex 53.3 92.3085 -4.5
      vertex 53.6 92.0487 -4.65
    endloop
  endfacet
  facet normal 0.706326 0.393321 -0.58856
    outer loop
      vertex 53.6 91.8172 -5.81402
      vertex 53.3 91.8693 -6.13923
      vertex 53.3 91.9998 -6.05202
    endloop
  endfacet
  facet normal 0.706401 -0.466719 0.532139
    outer loop
      vertex 53.6 85.1214 -4.38598
      vertex 53.3 84.8207 -4.25147
      vertex 53.6 85.0329 -4.4636
    endloop
  endfacet
  facet normal 0.706344 0.706344 -0.0464492
    outer loop
      vertex 53.6 92.1693 -5.1
      vertex 53.3 92.459 -5.25663
      vertex 53.3 92.4693 -5.1
    endloop
  endfacet
  facet normal 0.70632 0.466763 0.532207
    outer loop
      vertex 53.3 92.1178 -4.25147
      vertex 53.3 91.9998 -4.14798
      vertex 53.6 91.8172 -4.38598
    endloop
  endfacet
  facet normal 0.706355 -0.138071 0.694261
    outer loop
      vertex 53.6 85.5518 -4.2077
      vertex 53.3 85.5126 -3.91027
      vertex 53.6 85.4363 -4.23067
    endloop
  endfacet
  facet normal 0.706342 -0.138131 -0.694263
    outer loop
      vertex 53.6 85.4363 -5.96933
      vertex 53.3 85.3587 -6.25911
      vertex 53.3 85.5126 -6.28973
    endloop
  endfacet
  facet normal 0.706268 -0.694274 -0.138449
    outer loop
      vertex 53.6 84.7999 -5.33294
      vertex 53.3 84.4795 -5.25663
      vertex 53.3 84.5102 -5.41058
    endloop
  endfacet
  facet normal 0.706345 -0.227606 -0.670278
    outer loop
      vertex 53.6 85.3249 -5.93149
      vertex 53.3 85.2101 -6.20865
      vertex 53.3 85.3587 -6.25911
    endloop
  endfacet
  facet normal 0.706347 -0.0462885 0.70635
    outer loop
      vertex 53.6 85.6693 -4.2
      vertex 53.3 85.5126 -3.91027
      vertex 53.6 85.5518 -4.2077
    endloop
  endfacet
  facet normal 0.706349 -0.0462936 -0.706349
    outer loop
      vertex 53.6 85.6693 -6
      vertex 53.3 85.5126 -6.28973
      vertex 53.3 85.6693 -6.3
    endloop
  endfacet
  facet normal 0.70634 0.53227 0.466661
    outer loop
      vertex 53.6 91.9833 -4.55211
      vertex 53.3 92.2213 -4.36949
      vertex 53.6 91.9057 -4.4636
    endloop
  endfacet
  facet normal 0.706329 -0.227676 -0.670271
    outer loop
      vertex 53.6 85.3249 -5.93149
      vertex 53.3 85.3587 -6.25911
      vertex 53.6 85.4363 -5.96933
    endloop
  endfacet
  facet normal 0.706353 -0.313061 0.634869
    outer loop
      vertex 53.3 85.2101 -3.99134
      vertex 53.3 85.0693 -4.06077
      vertex 53.6 85.3249 -4.26851
    endloop
  endfacet
  facet normal 0.706336 0.5886 0.393242
    outer loop
      vertex 53.6 92.0487 -4.65
      vertex 53.3 92.2213 -4.36949
      vertex 53.6 91.9833 -4.55211
    endloop
  endfacet
  facet normal 0.706344 0.706344 0.0464492
    outer loop
      vertex 53.3 92.4693 -5.1
      vertex 53.3 92.459 -4.94337
      vertex 53.6 92.1693 -5.1
    endloop
  endfacet
  facet normal 0.706358 -0.706358 0.0459992
    outer loop
      vertex 53.3 84.4795 -4.94337
      vertex 53.3 84.4693 -5.1
      vertex 53.6 84.7693 -5.1
    endloop
  endfacet
  facet normal 0.706342 -0.588582 -0.39326
    outer loop
      vertex 53.6 84.8898 -5.55
      vertex 53.3 84.63 -5.7
      vertex 53.3 84.7172 -5.83051
    endloop
  endfacet
  facet normal 0.706439 -0.694252 -0.137684
    outer loop
      vertex 53.6 84.777 -5.21747
      vertex 53.3 84.4795 -5.25663
      vertex 53.6 84.7999 -5.33294
    endloop
  endfacet
  facet normal 0.70635 -0.31305 0.634877
    outer loop
      vertex 53.6 85.3249 -4.26851
      vertex 53.3 85.0693 -4.06077
      vertex 53.6 85.2193 -4.32058
    endloop
  endfacet
  facet normal 0.706402 -0.634986 0.312712
    outer loop
      vertex 53.6 84.8898 -4.65
      vertex 53.3 84.5606 -4.64078
      vertex 53.6 84.8378 -4.75559
    endloop
  endfacet
  facet normal 0.706318 0.532225 0.466745
    outer loop
      vertex 53.3 92.2213 -4.36949
      vertex 53.3 92.1178 -4.25147
      vertex 53.6 91.9057 -4.4636
    endloop
  endfacet
  facet normal 0.706401 -0.466719 -0.532139
    outer loop
      vertex 53.6 85.0329 -5.7364
      vertex 53.3 84.8207 -5.94853
      vertex 53.6 85.1214 -5.81402
    endloop
  endfacet
  facet normal 0.706348 0.0463231 -0.706348
    outer loop
      vertex 53.6 91.2693 -6
      vertex 53.3 91.2693 -6.3
      vertex 53.3 91.4259 -6.28973
    endloop
  endfacet
  facet normal 0.70645 -0.588228 0.393594
    outer loop
      vertex 53.6 84.9553 -4.55211
      vertex 53.3 84.7172 -4.36949
      vertex 53.6 84.8898 -4.65
    endloop
  endfacet
  facet normal 0.706365 0.670222 -0.227706
    outer loop
      vertex 53.6 92.1386 -5.33294
      vertex 53.3 92.3779 -5.55922
      vertex 53.3 92.4284 -5.41058
    endloop
  endfacet
  facet normal 0.706362 0.138041 0.694261
    outer loop
      vertex 53.3 91.5799 -3.94089
      vertex 53.3 91.4259 -3.91027
      vertex 53.6 91.5022 -4.23067
    endloop
  endfacet
  facet normal 0.706355 0.138071 -0.694261
    outer loop
      vertex 53.6 91.3867 -5.9923
      vertex 53.3 91.4259 -6.28973
      vertex 53.6 91.5022 -5.96933
    endloop
  endfacet
  facet normal 0.706304 0.69427 0.138289
    outer loop
      vertex 53.6 92.1616 -4.98253
      vertex 53.3 92.459 -4.94337
      vertex 53.6 92.1386 -4.86706
    endloop
  endfacet
  facet normal 0.706355 0.138071 0.694261
    outer loop
      vertex 53.6 91.5022 -4.23067
      vertex 53.3 91.4259 -3.91027
      vertex 53.6 91.3867 -4.2077
    endloop
  endfacet
  facet normal 0.706347 -0.0462885 -0.70635
    outer loop
      vertex 53.6 85.5518 -5.9923
      vertex 53.3 85.5126 -6.28973
      vertex 53.6 85.6693 -6
    endloop
  endfacet
  facet normal 0.706342 0.588582 0.39326
    outer loop
      vertex 53.3 92.3085 -4.5
      vertex 53.3 92.2213 -4.36949
      vertex 53.6 92.0487 -4.65
    endloop
  endfacet
  facet normal 0.706337 -0.634919 0.312995
    outer loop
      vertex 53.3 84.63 -4.5
      vertex 53.3 84.5606 -4.64078
      vertex 53.6 84.8898 -4.65
    endloop
  endfacet
  facet normal 0.706439 -0.694252 0.137684
    outer loop
      vertex 53.6 84.7999 -4.86706
      vertex 53.3 84.4795 -4.94337
      vertex 53.6 84.777 -4.98253
    endloop
  endfacet
  facet normal 0.706278 0.634858 -0.31325
    outer loop
      vertex 53.6 92.0487 -5.55
      vertex 53.3 92.3779 -5.55922
      vertex 53.6 92.1008 -5.44441
    endloop
  endfacet
  facet normal 0.706353 0.313061 0.634869
    outer loop
      vertex 53.3 91.8693 -4.06077
      vertex 53.3 91.7285 -3.99134
      vertex 53.6 91.6137 -4.26851
    endloop
  endfacet
  facet normal 0.706373 0.227478 -0.670291
    outer loop
      vertex 53.6 91.5022 -5.96933
      vertex 53.3 91.5799 -6.25911
      vertex 53.6 91.6137 -5.93149
    endloop
  endfacet
  facet normal 0.706344 -0.313028 -0.634895
    outer loop
      vertex 53.6 85.3249 -5.93149
      vertex 53.3 85.0693 -6.13923
      vertex 53.3 85.2101 -6.20865
    endloop
  endfacet
  facet normal 0.707107 0 -0.707107
    outer loop
      vertex 53.6 85.6693 -6
      vertex 53.3 91.2693 -6.3
      vertex 53.6 91.2693 -6
    endloop
  endfacet
  facet normal 0.707107 0 -0.707107
    outer loop
      vertex 53.3 91.2693 -6.3
      vertex 53.6 85.6693 -6
      vertex 53.3 85.6693 -6.3
    endloop
  endfacet
  facet normal 0.706326 0.393321 0.58856
    outer loop
      vertex 53.3 91.9998 -4.14798
      vertex 53.3 91.8693 -4.06077
      vertex 53.6 91.8172 -4.38598
    endloop
  endfacet
  facet normal 0.706345 0.227606 -0.670278
    outer loop
      vertex 53.6 91.6137 -5.93149
      vertex 53.3 91.5799 -6.25911
      vertex 53.3 91.7285 -6.20865
    endloop
  endfacet
  facet normal 0.706323 0.46677 -0.532197
    outer loop
      vertex 53.6 91.8172 -5.81402
      vertex 53.3 92.1178 -5.94853
      vertex 53.6 91.9057 -5.7364
    endloop
  endfacet
  facet normal 0.706358 -0.706358 -0.0459992
    outer loop
      vertex 53.6 84.7693 -5.1
      vertex 53.3 84.4693 -5.1
      vertex 53.3 84.4795 -5.25663
    endloop
  endfacet
  facet normal 0.706402 -0.634986 -0.312712
    outer loop
      vertex 53.6 84.8378 -5.44441
      vertex 53.3 84.5606 -5.55922
      vertex 53.6 84.8898 -5.55
    endloop
  endfacet
  facet normal 0.706355 -0.227562 0.670283
    outer loop
      vertex 53.3 85.3587 -3.94089
      vertex 53.3 85.2101 -3.99134
      vertex 53.6 85.3249 -4.26851
    endloop
  endfacet
  facet normal 0.706329 -0.227676 0.670271
    outer loop
      vertex 53.6 85.4363 -4.23067
      vertex 53.3 85.3587 -3.94089
      vertex 53.6 85.3249 -4.26851
    endloop
  endfacet
  facet normal 0.706337 -0.634919 -0.312995
    outer loop
      vertex 53.6 84.8898 -5.55
      vertex 53.3 84.5606 -5.55922
      vertex 53.3 84.63 -5.7
    endloop
  endfacet
  facet normal 0.70637 0.694261 0.137995
    outer loop
      vertex 53.3 92.459 -4.94337
      vertex 53.3 92.4284 -4.78942
      vertex 53.6 92.1386 -4.86706
    endloop
  endfacet
  facet normal 0.706427 -0.70627 -0.046295
    outer loop
      vertex 53.6 84.7693 -5.1
      vertex 53.3 84.4795 -5.25663
      vertex 53.6 84.777 -5.21747
    endloop
  endfacet
  facet normal 0.706353 -0.393205 -0.588604
    outer loop
      vertex 53.6 85.1214 -5.81402
      vertex 53.3 85.0693 -6.13923
      vertex 53.6 85.2193 -5.87942
    endloop
  endfacet
  facet normal 0.70635 -0.31305 -0.634877
    outer loop
      vertex 53.6 85.2193 -5.87942
      vertex 53.3 85.0693 -6.13923
      vertex 53.6 85.3249 -5.93149
    endloop
  endfacet
  facet normal 0.706353 0.393205 -0.588604
    outer loop
      vertex 53.6 91.7193 -5.87942
      vertex 53.3 91.8693 -6.13923
      vertex 53.6 91.8172 -5.81402
    endloop
  endfacet
  facet normal 0.706349 0.0463277 -0.706346
    outer loop
      vertex 53.6 91.2693 -6
      vertex 53.3 91.4259 -6.28973
      vertex 53.6 91.3867 -5.9923
    endloop
  endfacet
  facet normal 0.706272 0.670442 0.22735
    outer loop
      vertex 53.6 92.1386 -4.86706
      vertex 53.3 92.3779 -4.64078
      vertex 53.6 92.1008 -4.75559
    endloop
  endfacet
  facet normal 0.706365 0.670222 0.227706
    outer loop
      vertex 53.3 92.4284 -4.78942
      vertex 53.3 92.3779 -4.64078
      vertex 53.6 92.1386 -4.86706
    endloop
  endfacet
  facet normal 0.706267 -0.670452 -0.227333
    outer loop
      vertex 53.6 84.7999 -5.33294
      vertex 53.3 84.5102 -5.41058
      vertex 53.3 84.5606 -5.55922
    endloop
  endfacet
  facet normal 0.706267 -0.670452 0.227333
    outer loop
      vertex 53.3 84.5606 -4.64078
      vertex 53.3 84.5102 -4.78942
      vertex 53.6 84.7999 -4.86706
    endloop
  endfacet
  facet normal 0.706373 0.227478 0.670291
    outer loop
      vertex 53.6 91.6137 -4.26851
      vertex 53.3 91.5799 -3.94089
      vertex 53.6 91.5022 -4.23067
    endloop
  endfacet
  facet normal 0.706268 -0.694274 0.138449
    outer loop
      vertex 53.3 84.5102 -4.78942
      vertex 53.3 84.4795 -4.94337
      vertex 53.6 84.7999 -4.86706
    endloop
  endfacet
  facet normal 0.706323 0.46677 0.532197
    outer loop
      vertex 53.6 91.9057 -4.4636
      vertex 53.3 92.1178 -4.25147
      vertex 53.6 91.8172 -4.38598
    endloop
  endfacet
  facet normal 0.706427 -0.70627 0.046295
    outer loop
      vertex 53.6 84.777 -4.98253
      vertex 53.3 84.4795 -4.94337
      vertex 53.6 84.7693 -5.1
    endloop
  endfacet
  facet normal 0.706407 -0.532158 0.466687
    outer loop
      vertex 53.3 84.8207 -4.25147
      vertex 53.3 84.7172 -4.36949
      vertex 53.6 85.0329 -4.4636
    endloop
  endfacet
  facet normal 0.706344 0.313028 -0.634895
    outer loop
      vertex 53.6 91.6137 -5.93149
      vertex 53.3 91.7285 -6.20865
      vertex 53.3 91.8693 -6.13923
    endloop
  endfacet
  facet normal 0.706438 -0.532223 -0.466567
    outer loop
      vertex 53.6 84.9553 -5.64788
      vertex 53.3 84.7172 -5.83051
      vertex 53.6 85.0329 -5.7364
    endloop
  endfacet
  facet normal 0.70635 0.31305 -0.634877
    outer loop
      vertex 53.6 91.6137 -5.93149
      vertex 53.3 91.8693 -6.13923
      vertex 53.6 91.7193 -5.87942
    endloop
  endfacet
  facet normal 0.706272 0.670442 -0.22735
    outer loop
      vertex 53.6 92.1008 -5.44441
      vertex 53.3 92.3779 -5.55922
      vertex 53.6 92.1386 -5.33294
    endloop
  endfacet
  facet normal 0.706355 -0.138071 -0.694261
    outer loop
      vertex 53.6 85.4363 -5.96933
      vertex 53.3 85.5126 -6.28973
      vertex 53.6 85.5518 -5.9923
    endloop
  endfacet
  facet normal 0.706349 0.53229 -0.466625
    outer loop
      vertex 53.6 91.9057 -5.7364
      vertex 53.3 92.2213 -5.83051
      vertex 53.6 91.9833 -5.64788
    endloop
  endfacet
  facet normal 0.706318 0.532225 -0.466745
    outer loop
      vertex 53.6 91.9057 -5.7364
      vertex 53.3 92.1178 -5.94853
      vertex 53.3 92.2213 -5.83051
    endloop
  endfacet
  facet normal 0.70635 0.31305 0.634877
    outer loop
      vertex 53.6 91.7193 -4.32058
      vertex 53.3 91.8693 -4.06077
      vertex 53.6 91.6137 -4.26851
    endloop
  endfacet
  facet normal 0.706402 -0.670135 0.227847
    outer loop
      vertex 53.6 84.8378 -4.75559
      vertex 53.3 84.5606 -4.64078
      vertex 53.6 84.7999 -4.86706
    endloop
  endfacet
  facet normal 0.706407 -0.532158 -0.466687
    outer loop
      vertex 53.6 85.0329 -5.7364
      vertex 53.3 84.7172 -5.83051
      vertex 53.3 84.8207 -5.94853
    endloop
  endfacet
  facet normal 0.706429 -0.532203 0.466603
    outer loop
      vertex 53.6 85.0329 -4.4636
      vertex 53.3 84.7172 -4.36949
      vertex 53.6 84.9553 -4.55211
    endloop
  endfacet
  facet normal 1 -0 0
    outer loop
      vertex 53.6 85.6693 -4.2
      vertex 53.6 91.2693 -4.8
      vertex 53.6 91.2693 -4.2
    endloop
  endfacet
  facet normal 1 0 0
    outer loop
      vertex 53.6 85.6693 -4.2
      vertex 53.6 85.6693 -4.8
      vertex 53.6 91.2693 -4.8
    endloop
  endfacet
  facet normal 1 -0 0
    outer loop
      vertex 53.6 85.5518 -4.2077
      vertex 53.6 85.6693 -4.8
      vertex 53.6 85.6693 -4.2
    endloop
  endfacet
  facet normal 1 -0 0
    outer loop
      vertex 53.6 85.4363 -4.23067
      vertex 53.6 85.6693 -4.8
      vertex 53.6 85.5518 -4.2077
    endloop
  endfacet
  facet normal 1 -0 0
    outer loop
      vertex 53.6 85.3249 -4.26851
      vertex 53.6 85.6693 -4.8
      vertex 53.6 85.4363 -4.23067
    endloop
  endfacet
  facet normal 1 0 0
    outer loop
      vertex 53.6 85.6693 -5.4
      vertex 53.6 85.5518 -5.9923
      vertex 53.6 85.6693 -6
    endloop
  endfacet
  facet normal 1 -0 0
    outer loop
      vertex 53.6 85.2193 -4.32058
      vertex 53.6 85.6693 -4.8
      vertex 53.6 85.3249 -4.26851
    endloop
  endfacet
  facet normal 1 0 0
    outer loop
      vertex 53.6 85.6693 -5.4
      vertex 53.6 85.4363 -5.96933
      vertex 53.6 85.5518 -5.9923
    endloop
  endfacet
  facet normal 1 -0 0
    outer loop
      vertex 53.6 85.1214 -4.38598
      vertex 53.6 85.6693 -4.8
      vertex 53.6 85.2193 -4.32058
    endloop
  endfacet
  facet normal 1 0 0
    outer loop
      vertex 53.6 85.6693 -5.4
      vertex 53.6 85.3249 -5.93149
      vertex 53.6 85.4363 -5.96933
    endloop
  endfacet
  facet normal 1 -0 0
    outer loop
      vertex 53.6 85.0329 -4.4636
      vertex 53.6 85.6693 -4.8
      vertex 53.6 85.1214 -4.38598
    endloop
  endfacet
  facet normal 1 0 0
    outer loop
      vertex 53.6 85.6693 -5.4
      vertex 53.6 85.2193 -5.87942
      vertex 53.6 85.3249 -5.93149
    endloop
  endfacet
  facet normal 1 -0 0
    outer loop
      vertex 53.6 84.9553 -4.55211
      vertex 53.6 85.6693 -4.8
      vertex 53.6 85.0329 -4.4636
    endloop
  endfacet
  facet normal 1 0 0
    outer loop
      vertex 53.6 85.6693 -5.4
      vertex 53.6 85.1214 -5.81402
      vertex 53.6 85.2193 -5.87942
    endloop
  endfacet
  facet normal 1 -0 0
    outer loop
      vertex 53.6 84.8898 -4.65
      vertex 53.6 85.6693 -4.8
      vertex 53.6 84.9553 -4.55211
    endloop
  endfacet
  facet normal 1 0 0
    outer loop
      vertex 53.6 85.6693 -5.4
      vertex 53.6 85.0329 -5.7364
      vertex 53.6 85.1214 -5.81402
    endloop
  endfacet
  facet normal 1 -0 0
    outer loop
      vertex 53.6 84.8378 -4.75559
      vertex 53.6 85.6693 -4.8
      vertex 53.6 84.8898 -4.65
    endloop
  endfacet
  facet normal 1 0 0
    outer loop
      vertex 53.6 85.6693 -5.4
      vertex 53.6 84.9553 -5.64788
      vertex 53.6 85.0329 -5.7364
    endloop
  endfacet
  facet normal 1 0 0
    outer loop
      vertex 53.6 84.7999 -4.86706
      vertex 53.6 85.6693 -4.8
      vertex 53.6 84.8378 -4.75559
    endloop
  endfacet
  facet normal 1 0 0
    outer loop
      vertex 53.6 85.6693 -5.4
      vertex 53.6 84.8898 -5.55
      vertex 53.6 84.9553 -5.64788
    endloop
  endfacet
  facet normal 1 0 0
    outer loop
      vertex 53.6 84.777 -4.98253
      vertex 53.6 85.6693 -4.8
      vertex 53.6 84.7999 -4.86706
    endloop
  endfacet
  facet normal 1 0 0
    outer loop
      vertex 53.6 85.6693 -5.4
      vertex 53.6 84.8378 -5.44441
      vertex 53.6 84.8898 -5.55
    endloop
  endfacet
  facet normal 1 0 0
    outer loop
      vertex 53.6 84.7693 -5.1
      vertex 53.6 85.6693 -4.8
      vertex 53.6 84.777 -4.98253
    endloop
  endfacet
  facet normal 1 0 0
    outer loop
      vertex 53.6 85.6693 -5.4
      vertex 53.6 84.7999 -5.33294
      vertex 53.6 84.8378 -5.44441
    endloop
  endfacet
  facet normal 1 0 0
    outer loop
      vertex 53.6 85.6693 -4.8
      vertex 53.6 84.7693 -5.1
      vertex 53.6 85.6693 -5.4
    endloop
  endfacet
  facet normal 1 0 0
    outer loop
      vertex 53.6 85.6693 -5.4
      vertex 53.6 84.777 -5.21747
      vertex 53.6 84.7999 -5.33294
    endloop
  endfacet
  facet normal 1 0 0
    outer loop
      vertex 53.6 85.6693 -5.4
      vertex 53.6 84.7693 -5.1
      vertex 53.6 84.777 -5.21747
    endloop
  endfacet
  facet normal 1 0 0
    outer loop
      vertex 53.6 91.2693 -4.8
      vertex 53.6 92.1693 -5.1
      vertex 53.6 92.1616 -4.98253
    endloop
  endfacet
  facet normal 1 0 0
    outer loop
      vertex 53.6 91.2693 -4.8
      vertex 53.6 92.1616 -4.98253
      vertex 53.6 92.1386 -4.86706
    endloop
  endfacet
  facet normal 1 0 0
    outer loop
      vertex 53.6 91.2693 -5.4
      vertex 53.6 92.1693 -5.1
      vertex 53.6 91.2693 -4.8
    endloop
  endfacet
  facet normal 1 -0 0
    outer loop
      vertex 53.6 91.2693 -4.8
      vertex 53.6 92.1386 -4.86706
      vertex 53.6 92.1008 -4.75559
    endloop
  endfacet
  facet normal 1 0 0
    outer loop
      vertex 53.6 92.1693 -5.1
      vertex 53.6 91.2693 -5.4
      vertex 53.6 92.1616 -5.21747
    endloop
  endfacet
  facet normal 1 0 0
    outer loop
      vertex 53.6 91.2693 -4.8
      vertex 53.6 92.1008 -4.75559
      vertex 53.6 92.0487 -4.65
    endloop
  endfacet
  facet normal 1 0 0
    outer loop
      vertex 53.6 92.1616 -5.21747
      vertex 53.6 91.2693 -5.4
      vertex 53.6 92.1386 -5.33294
    endloop
  endfacet
  facet normal 1 0 0
    outer loop
      vertex 53.6 91.2693 -4.8
      vertex 53.6 92.0487 -4.65
      vertex 53.6 91.9833 -4.55211
    endloop
  endfacet
  facet normal 1 0 0
    outer loop
      vertex 53.6 92.1386 -5.33294
      vertex 53.6 91.2693 -5.4
      vertex 53.6 92.1008 -5.44441
    endloop
  endfacet
  facet normal 1 0 0
    outer loop
      vertex 53.6 91.2693 -4.8
      vertex 53.6 91.9833 -4.55211
      vertex 53.6 91.9057 -4.4636
    endloop
  endfacet
  facet normal 1 0 0
    outer loop
      vertex 53.6 92.1008 -5.44441
      vertex 53.6 91.2693 -5.4
      vertex 53.6 92.0487 -5.55
    endloop
  endfacet
  facet normal 1 0 0
    outer loop
      vertex 53.6 91.2693 -4.8
      vertex 53.6 91.9057 -4.4636
      vertex 53.6 91.8172 -4.38598
    endloop
  endfacet
  facet normal 1 0 0
    outer loop
      vertex 53.6 92.0487 -5.55
      vertex 53.6 91.2693 -5.4
      vertex 53.6 91.9833 -5.64788
    endloop
  endfacet
  facet normal 1 0 0
    outer loop
      vertex 53.6 91.2693 -4.8
      vertex 53.6 91.8172 -4.38598
      vertex 53.6 91.7193 -4.32058
    endloop
  endfacet
  facet normal 1 0 0
    outer loop
      vertex 53.6 91.9833 -5.64788
      vertex 53.6 91.2693 -5.4
      vertex 53.6 91.9057 -5.7364
    endloop
  endfacet
  facet normal 1 0 0
    outer loop
      vertex 53.6 91.2693 -4.8
      vertex 53.6 91.7193 -4.32058
      vertex 53.6 91.6137 -4.26851
    endloop
  endfacet
  facet normal 1 0 0
    outer loop
      vertex 53.6 91.9057 -5.7364
      vertex 53.6 91.2693 -5.4
      vertex 53.6 91.8172 -5.81402
    endloop
  endfacet
  facet normal 1 0 0
    outer loop
      vertex 53.6 91.2693 -4.8
      vertex 53.6 91.6137 -4.26851
      vertex 53.6 91.5022 -4.23067
    endloop
  endfacet
  facet normal 1 0 0
    outer loop
      vertex 53.6 91.8172 -5.81402
      vertex 53.6 91.2693 -5.4
      vertex 53.6 91.7193 -5.87942
    endloop
  endfacet
  facet normal 1 0 0
    outer loop
      vertex 53.6 91.2693 -4.8
      vertex 53.6 91.5022 -4.23067
      vertex 53.6 91.3867 -4.2077
    endloop
  endfacet
  facet normal 1 0 0
    outer loop
      vertex 53.6 91.7193 -5.87942
      vertex 53.6 91.2693 -5.4
      vertex 53.6 91.6137 -5.93149
    endloop
  endfacet
  facet normal 1 0 0
    outer loop
      vertex 53.6 91.2693 -4.8
      vertex 53.6 91.3867 -4.2077
      vertex 53.6 91.2693 -4.2
    endloop
  endfacet
  facet normal 1 0 0
    outer loop
      vertex 53.6 91.6137 -5.93149
      vertex 53.6 91.2693 -5.4
      vertex 53.6 91.5022 -5.96933
    endloop
  endfacet
  facet normal 1 0 0
    outer loop
      vertex 53.6 91.5022 -5.96933
      vertex 53.6 91.2693 -5.4
      vertex 53.6 91.3867 -5.9923
    endloop
  endfacet
  facet normal 1 0 0
    outer loop
      vertex 53.6 91.2693 -5.4
      vertex 53.6 91.2693 -6
      vertex 53.6 91.3867 -5.9923
    endloop
  endfacet
  facet normal 1 -0 0
    outer loop
      vertex 53.6 85.6693 -5.4
      vertex 53.6 91.2693 -6
      vertex 53.6 91.2693 -5.4
    endloop
  endfacet
  facet normal 1 0 0
    outer loop
      vertex 53.6 91.2693 -6
      vertex 53.6 85.6693 -5.4
      vertex 53.6 85.6693 -6
    endloop
  endfacet
  facet normal 0.706326 -0.393321 -0.58856
    outer loop
      vertex 53.6 85.1214 -5.81402
      vertex 53.3 84.9388 -6.05202
      vertex 53.3 85.0693 -6.13923
    endloop
  endfacet
  facet normal 0.70633 -0.466533 -0.532395
    outer loop
      vertex 53.6 85.1214 -5.81402
      vertex 53.3 84.8207 -5.94853
      vertex 53.3 84.9388 -6.05202
    endloop
  endfacet
  facet normal 0.706362 0.138041 -0.694261
    outer loop
      vertex 53.6 91.5022 -5.96933
      vertex 53.3 91.4259 -6.28973
      vertex 53.3 91.5799 -6.25911
    endloop
  endfacet
  facet normal 0.70637 0.694261 -0.137995
    outer loop
      vertex 53.6 92.1386 -5.33294
      vertex 53.3 92.4284 -5.41058
      vertex 53.3 92.459 -5.25663
    endloop
  endfacet
  facet normal 0.70633 -0.466533 0.532395
    outer loop
      vertex 53.3 84.9388 -4.14798
      vertex 53.3 84.8207 -4.25147
      vertex 53.6 85.1214 -4.38598
    endloop
  endfacet
  facet normal 0.706355 0.227562 0.670283
    outer loop
      vertex 53.3 91.7285 -3.99134
      vertex 53.3 91.5799 -3.94089
      vertex 53.6 91.6137 -4.26851
    endloop
  endfacet
  facet normal 0.706337 0.634919 -0.312995
    outer loop
      vertex 53.6 92.0487 -5.55
      vertex 53.3 92.3085 -5.7
      vertex 53.3 92.3779 -5.55922
    endloop
  endfacet
  facet normal 0 0 -1
    outer loop
      vertex 53.3 85.6693 -4.8
      vertex 53.6 91.2693 -4.8
      vertex 53.6 85.6693 -4.8
    endloop
  endfacet
  facet normal -0 0 -1
    outer loop
      vertex 53.6 91.2693 -4.8
      vertex 53.3 85.6693 -4.8
      vertex 53.3 91.2693 -4.8
    endloop
  endfacet
  facet normal -0 0 1
    outer loop
      vertex 53.3 91.2693 -5.4
      vertex 53.6 85.6693 -5.4
      vertex 53.6 91.2693 -5.4
    endloop
  endfacet
  facet normal 0 0 1
    outer loop
      vertex 53.6 85.6693 -5.4
      vertex 53.3 91.2693 -5.4
      vertex 53.3 85.6693 -5.4
    endloop
  endfacet
  facet normal 1 -0 0
    outer loop
      vertex 53.3 85.6693 -4.8
      vertex 53.3 91.2693 -5.4
      vertex 53.3 91.2693 -4.8
    endloop
  endfacet
  facet normal 1 0 0
    outer loop
      vertex 53.3 91.2693 -5.4
      vertex 53.3 85.6693 -4.8
      vertex 53.3 85.6693 -5.4
    endloop
  endfacet
  facet normal 0 -1 0
    outer loop
      vertex 53.3 91.2693 -5.4
      vertex 53.6 91.2693 -4.8
      vertex 53.3 91.2693 -4.8
    endloop
  endfacet
  facet normal 0 -1 -0
    outer loop
      vertex 53.6 91.2693 -4.8
      vertex 53.3 91.2693 -5.4
      vertex 53.6 91.2693 -5.4
    endloop
  endfacet
  facet normal 0 1 -0
    outer loop
      vertex 53.6 85.6693 -5.4
      vertex 53.3 85.6693 -4.8
      vertex 53.6 85.6693 -4.8
    endloop
  endfacet
  facet normal 0 1 0
    outer loop
      vertex 53.3 85.6693 -4.8
      vertex 53.6 85.6693 -5.4
      vertex 53.3 85.6693 -5.4
    endloop
  endfacet
  facet normal -1 0 0
    outer loop
      vertex 51.6 92.9547 -5.32189
      vertex 51.6 92.9547 -4.87811
      vertex 51.6 92.9693 -5.1
    endloop
  endfacet
  facet normal -1 0 0
    outer loop
      vertex 51.6 92.9113 -5.53999
      vertex 51.6 92.9547 -4.87811
      vertex 51.6 92.9547 -5.32189
    endloop
  endfacet
  facet normal -1 0 0
    outer loop
      vertex 51.6 92.9113 -5.53999
      vertex 51.6 92.9113 -4.66001
      vertex 51.6 92.9547 -4.87811
    endloop
  endfacet
  facet normal -1 0 0
    outer loop
      vertex 51.6 92.8399 -5.75056
      vertex 51.6 92.9113 -4.66001
      vertex 51.6 92.9113 -5.53999
    endloop
  endfacet
  facet normal -1 0 0
    outer loop
      vertex 51.6 92.8399 -5.75056
      vertex 51.6 92.8399 -4.44944
      vertex 51.6 92.9113 -4.66001
    endloop
  endfacet
  facet normal -1 0 0
    outer loop
      vertex 51.6 92.7415 -5.95
      vertex 51.6 92.8399 -4.44944
      vertex 51.6 92.8399 -5.75056
    endloop
  endfacet
  facet normal -1 0 0
    outer loop
      vertex 51.6 92.7415 -5.95
      vertex 51.6 92.7415 -4.25
      vertex 51.6 92.8399 -4.44944
    endloop
  endfacet
  facet normal -1 0 0
    outer loop
      vertex 51.6 92.618 -6.13489
      vertex 51.6 92.7415 -4.25
      vertex 51.6 92.7415 -5.95
    endloop
  endfacet
  facet normal -1 0 0
    outer loop
      vertex 51.6 92.618 -6.13489
      vertex 51.6 92.618 -4.06511
      vertex 51.6 92.7415 -4.25
    endloop
  endfacet
  facet normal -1 0 0
    outer loop
      vertex 51.6 92.4714 -6.30208
      vertex 51.6 92.618 -4.06511
      vertex 51.6 92.618 -6.13489
    endloop
  endfacet
  facet normal -1 0 0
    outer loop
      vertex 51.6 92.4714 -6.30208
      vertex 51.6 92.4714 -3.89792
      vertex 51.6 92.618 -4.06511
    endloop
  endfacet
  facet normal -1 0 0
    outer loop
      vertex 51.6 92.3042 -6.4487
      vertex 51.6 92.4714 -3.89792
      vertex 51.6 92.4714 -6.30208
    endloop
  endfacet
  facet normal -1 0 0
    outer loop
      vertex 51.6 92.3042 -6.4487
      vertex 51.6 92.3042 -3.7513
      vertex 51.6 92.4714 -3.89792
    endloop
  endfacet
  facet normal -1 0 0
    outer loop
      vertex 51.6 92.1193 -6.57224
      vertex 51.6 92.3042 -3.7513
      vertex 51.6 92.3042 -6.4487
    endloop
  endfacet
  facet normal -1 0 0
    outer loop
      vertex 51.6 92.1193 -6.57224
      vertex 51.6 92.1193 -3.62776
      vertex 51.6 92.3042 -3.7513
    endloop
  endfacet
  facet normal -1 0 0
    outer loop
      vertex 51.6 91.9198 -6.67059
      vertex 51.6 92.1193 -3.62776
      vertex 51.6 92.1193 -6.57224
    endloop
  endfacet
  facet normal -1 0 0
    outer loop
      vertex 51.6 91.9198 -6.67059
      vertex 51.6 91.9198 -3.52941
      vertex 51.6 92.1193 -3.62776
    endloop
  endfacet
  facet normal -1 0 0
    outer loop
      vertex 51.6 91.7093 -6.74207
      vertex 51.6 91.9198 -3.52941
      vertex 51.6 91.9198 -6.67059
    endloop
  endfacet
  facet normal -1 0 0
    outer loop
      vertex 51.6 91.7093 -6.74207
      vertex 51.6 91.7093 -3.45793
      vertex 51.6 91.9198 -3.52941
    endloop
  endfacet
  facet normal -1 0 0
    outer loop
      vertex 51.6 91.4912 -6.78546
      vertex 51.6 91.7093 -3.45793
      vertex 51.6 91.7093 -6.74207
    endloop
  endfacet
  facet normal -1 0 0
    outer loop
      vertex 51.6 91.4912 -6.78546
      vertex 51.6 91.4912 -3.41454
      vertex 51.6 91.7093 -3.45793
    endloop
  endfacet
  facet normal -1 0 0
    outer loop
      vertex 51.6 91.2693 -6.8
      vertex 51.6 91.4912 -3.41454
      vertex 51.6 91.4912 -6.78546
    endloop
  endfacet
  facet normal -1 0 0
    outer loop
      vertex 51.6 91.2693 -6.8
      vertex 51.6 91.2693 -3.4
      vertex 51.6 91.4912 -3.41454
    endloop
  endfacet
  facet normal -1 0 0
    outer loop
      vertex 51.6 91.2693 -6.8
      vertex 51.6 89.2193 -5.1
      vertex 51.6 91.2693 -3.4
    endloop
  endfacet
  facet normal -1 0 0
    outer loop
      vertex 51.6 91.2693 -6.8
      vertex 51.6 89.2129 -5.19789
      vertex 51.6 89.2193 -5.1
    endloop
  endfacet
  facet normal -1 0 0
    outer loop
      vertex 51.6 91.2693 -6.8
      vertex 51.6 89.1937 -5.29411
      vertex 51.6 89.2129 -5.19789
    endloop
  endfacet
  facet normal -1 0 0
    outer loop
      vertex 51.6 91.2693 -6.8
      vertex 51.6 89.1622 -5.38701
      vertex 51.6 89.1937 -5.29411
    endloop
  endfacet
  facet normal -1 0 0
    outer loop
      vertex 51.6 91.2693 -6.8
      vertex 51.6 89.1188 -5.475
      vertex 51.6 89.1622 -5.38701
    endloop
  endfacet
  facet normal -1 0 0
    outer loop
      vertex 51.6 91.2693 -6.8
      vertex 51.6 89.0643 -5.55657
      vertex 51.6 89.1188 -5.475
    endloop
  endfacet
  facet normal -1 0 0
    outer loop
      vertex 51.6 91.2693 -6.8
      vertex 51.6 88.9996 -5.63033
      vertex 51.6 89.0643 -5.55657
    endloop
  endfacet
  facet normal -1 0 0
    outer loop
      vertex 51.6 91.2693 -6.8
      vertex 51.6 88.9258 -5.69501
      vertex 51.6 88.9996 -5.63033
    endloop
  endfacet
  facet normal -1 0 0
    outer loop
      vertex 51.6 91.2693 -6.8
      vertex 51.6 88.8443 -5.74952
      vertex 51.6 88.9258 -5.69501
    endloop
  endfacet
  facet normal -1 0 0
    outer loop
      vertex 51.6 91.2693 -6.8
      vertex 51.6 88.7563 -5.79291
      vertex 51.6 88.8443 -5.74952
    endloop
  endfacet
  facet normal -1 0 0
    outer loop
      vertex 51.6 91.2693 -6.8
      vertex 51.6 88.6634 -5.82444
      vertex 51.6 88.7563 -5.79291
    endloop
  endfacet
  facet normal -1 0 0
    outer loop
      vertex 51.6 91.2693 -6.8
      vertex 51.6 88.5672 -5.84358
      vertex 51.6 88.6634 -5.82444
    endloop
  endfacet
  facet normal -1 0 0
    outer loop
      vertex 51.6 91.2693 -6.8
      vertex 51.6 88.4693 -5.85
      vertex 51.6 88.5672 -5.84358
    endloop
  endfacet
  facet normal -1 0 0
    outer loop
      vertex 51.6 85.6693 -6.8
      vertex 51.6 88.4693 -5.85
      vertex 51.6 91.2693 -6.8
    endloop
  endfacet
  facet normal -1 -0 0
    outer loop
      vertex 51.6 88.4693 -5.85
      vertex 51.6 85.6693 -6.8
      vertex 51.6 88.3714 -5.84358
    endloop
  endfacet
  facet normal -1 -0 0
    outer loop
      vertex 51.6 87.7257 -5.19789
      vertex 51.6 85.6693 -6.8
      vertex 51.6 87.7193 -5.1
    endloop
  endfacet
  facet normal -1 -0 0
    outer loop
      vertex 51.6 87.7448 -5.29411
      vertex 51.6 85.6693 -6.8
      vertex 51.6 87.7257 -5.19789
    endloop
  endfacet
  facet normal -1 -0 0
    outer loop
      vertex 51.6 87.7764 -5.38701
      vertex 51.6 85.6693 -6.8
      vertex 51.6 87.7448 -5.29411
    endloop
  endfacet
  facet normal -1 -0 0
    outer loop
      vertex 51.6 87.8198 -5.475
      vertex 51.6 85.6693 -6.8
      vertex 51.6 87.7764 -5.38701
    endloop
  endfacet
  facet normal -1 -0 0
    outer loop
      vertex 51.6 87.8743 -5.55657
      vertex 51.6 85.6693 -6.8
      vertex 51.6 87.8198 -5.475
    endloop
  endfacet
  facet normal -1 -0 0
    outer loop
      vertex 51.6 87.9389 -5.63033
      vertex 51.6 85.6693 -6.8
      vertex 51.6 87.8743 -5.55657
    endloop
  endfacet
  facet normal -1 -0 0
    outer loop
      vertex 51.6 88.0127 -5.69501
      vertex 51.6 85.6693 -6.8
      vertex 51.6 87.9389 -5.63033
    endloop
  endfacet
  facet normal -1 -0 0
    outer loop
      vertex 51.6 88.0943 -5.74952
      vertex 51.6 85.6693 -6.8
      vertex 51.6 88.0127 -5.69501
    endloop
  endfacet
  facet normal -1 -0 0
    outer loop
      vertex 51.6 88.1823 -5.79291
      vertex 51.6 85.6693 -6.8
      vertex 51.6 88.0943 -5.74952
    endloop
  endfacet
  facet normal -1 -0 0
    outer loop
      vertex 51.6 88.2752 -5.82444
      vertex 51.6 85.6693 -6.8
      vertex 51.6 88.1823 -5.79291
    endloop
  endfacet
  facet normal -1 -0 0
    outer loop
      vertex 51.6 88.3714 -5.84358
      vertex 51.6 85.6693 -6.8
      vertex 51.6 88.2752 -5.82444
    endloop
  endfacet
  facet normal -1 0 0
    outer loop
      vertex 51.6 89.2129 -5.00211
      vertex 51.6 91.2693 -3.4
      vertex 51.6 89.2193 -5.1
    endloop
  endfacet
  facet normal -1 0 0
    outer loop
      vertex 51.6 89.1937 -4.90589
      vertex 51.6 91.2693 -3.4
      vertex 51.6 89.2129 -5.00211
    endloop
  endfacet
  facet normal -1 0 0
    outer loop
      vertex 51.6 89.1622 -4.81299
      vertex 51.6 91.2693 -3.4
      vertex 51.6 89.1937 -4.90589
    endloop
  endfacet
  facet normal -1 0 0
    outer loop
      vertex 51.6 89.1188 -4.725
      vertex 51.6 91.2693 -3.4
      vertex 51.6 89.1622 -4.81299
    endloop
  endfacet
  facet normal -1 0 0
    outer loop
      vertex 51.6 89.0643 -4.64343
      vertex 51.6 91.2693 -3.4
      vertex 51.6 89.1188 -4.725
    endloop
  endfacet
  facet normal -1 0 0
    outer loop
      vertex 51.6 88.9996 -4.56967
      vertex 51.6 91.2693 -3.4
      vertex 51.6 89.0643 -4.64343
    endloop
  endfacet
  facet normal -1 0 0
    outer loop
      vertex 51.6 88.9258 -4.50499
      vertex 51.6 91.2693 -3.4
      vertex 51.6 88.9996 -4.56967
    endloop
  endfacet
  facet normal -1 0 0
    outer loop
      vertex 51.6 88.8443 -4.45048
      vertex 51.6 91.2693 -3.4
      vertex 51.6 88.9258 -4.50499
    endloop
  endfacet
  facet normal -1 0 0
    outer loop
      vertex 51.6 88.7563 -4.40709
      vertex 51.6 91.2693 -3.4
      vertex 51.6 88.8443 -4.45048
    endloop
  endfacet
  facet normal -1 0 0
    outer loop
      vertex 51.6 88.6634 -4.37556
      vertex 51.6 91.2693 -3.4
      vertex 51.6 88.7563 -4.40709
    endloop
  endfacet
  facet normal -1 0 0
    outer loop
      vertex 51.6 88.5672 -4.35642
      vertex 51.6 91.2693 -3.4
      vertex 51.6 88.6634 -4.37556
    endloop
  endfacet
  facet normal -1 0 0
    outer loop
      vertex 51.6 88.4693 -4.35
      vertex 51.6 91.2693 -3.4
      vertex 51.6 88.5672 -4.35642
    endloop
  endfacet
  facet normal -1 0 0
    outer loop
      vertex 51.6 85.6693 -3.4
      vertex 51.6 88.4693 -4.35
      vertex 51.6 88.3714 -4.35642
    endloop
  endfacet
  facet normal -1 0 0
    outer loop
      vertex 51.6 85.6693 -3.4
      vertex 51.6 88.3714 -4.35642
      vertex 51.6 88.2752 -4.37556
    endloop
  endfacet
  facet normal -1 0 0
    outer loop
      vertex 51.6 85.6693 -3.4
      vertex 51.6 87.7193 -5.1
      vertex 51.6 85.6693 -6.8
    endloop
  endfacet
  facet normal -1 0 0
    outer loop
      vertex 51.6 87.7193 -5.1
      vertex 51.6 85.6693 -3.4
      vertex 51.6 87.7257 -5.00211
    endloop
  endfacet
  facet normal -1 0 0
    outer loop
      vertex 51.6 87.7257 -5.00211
      vertex 51.6 85.6693 -3.4
      vertex 51.6 87.7448 -4.90589
    endloop
  endfacet
  facet normal -1 0 0
    outer loop
      vertex 51.6 87.7448 -4.90589
      vertex 51.6 85.6693 -3.4
      vertex 51.6 87.7764 -4.81299
    endloop
  endfacet
  facet normal -1 0 0
    outer loop
      vertex 51.6 87.7764 -4.81299
      vertex 51.6 85.6693 -3.4
      vertex 51.6 87.8198 -4.725
    endloop
  endfacet
  facet normal -1 0 0
    outer loop
      vertex 51.6 87.8198 -4.725
      vertex 51.6 85.6693 -3.4
      vertex 51.6 87.8743 -4.64343
    endloop
  endfacet
  facet normal -1 0 0
    outer loop
      vertex 51.6 88.4693 -4.35
      vertex 51.6 85.6693 -3.4
      vertex 51.6 91.2693 -3.4
    endloop
  endfacet
  facet normal -1 0 0
    outer loop
      vertex 51.6 88.1823 -4.40709
      vertex 51.6 85.6693 -3.4
      vertex 51.6 88.2752 -4.37556
    endloop
  endfacet
  facet normal -1 0 0
    outer loop
      vertex 51.6 88.0943 -4.45048
      vertex 51.6 85.6693 -3.4
      vertex 51.6 88.1823 -4.40709
    endloop
  endfacet
  facet normal -1 0 0
    outer loop
      vertex 51.6 88.0127 -4.50499
      vertex 51.6 85.6693 -3.4
      vertex 51.6 88.0943 -4.45048
    endloop
  endfacet
  facet normal -1 0 0
    outer loop
      vertex 51.6 87.9389 -4.56967
      vertex 51.6 85.6693 -3.4
      vertex 51.6 88.0127 -4.50499
    endloop
  endfacet
  facet normal -1 0 0
    outer loop
      vertex 51.6 87.8743 -4.64343
      vertex 51.6 85.6693 -3.4
      vertex 51.6 87.9389 -4.56967
    endloop
  endfacet
  facet normal -1 0 0
    outer loop
      vertex 51.6 85.4474 -6.78546
      vertex 51.6 85.6693 -3.4
      vertex 51.6 85.6693 -6.8
    endloop
  endfacet
  facet normal -1 0 0
    outer loop
      vertex 51.6 85.4474 -6.78546
      vertex 51.6 85.4474 -3.41454
      vertex 51.6 85.6693 -3.4
    endloop
  endfacet
  facet normal -1 0 0
    outer loop
      vertex 51.6 85.2293 -6.74207
      vertex 51.6 85.4474 -3.41454
      vertex 51.6 85.4474 -6.78546
    endloop
  endfacet
  facet normal -1 0 0
    outer loop
      vertex 51.6 85.2293 -6.74207
      vertex 51.6 85.2293 -3.45793
      vertex 51.6 85.4474 -3.41454
    endloop
  endfacet
  facet normal -1 0 0
    outer loop
      vertex 51.6 85.0187 -6.67059
      vertex 51.6 85.2293 -3.45793
      vertex 51.6 85.2293 -6.74207
    endloop
  endfacet
  facet normal -1 0 0
    outer loop
      vertex 51.6 85.0187 -6.67059
      vertex 51.6 85.0187 -3.52941
      vertex 51.6 85.2293 -3.45793
    endloop
  endfacet
  facet normal -1 0 0
    outer loop
      vertex 51.6 84.8193 -6.57224
      vertex 51.6 85.0187 -3.52941
      vertex 51.6 85.0187 -6.67059
    endloop
  endfacet
  facet normal -1 0 0
    outer loop
      vertex 51.6 84.8193 -6.57224
      vertex 51.6 84.8193 -3.62776
      vertex 51.6 85.0187 -3.52941
    endloop
  endfacet
  facet normal -1 0 0
    outer loop
      vertex 51.6 84.6344 -6.4487
      vertex 51.6 84.8193 -3.62776
      vertex 51.6 84.8193 -6.57224
    endloop
  endfacet
  facet normal -1 0 0
    outer loop
      vertex 51.6 84.6344 -6.4487
      vertex 51.6 84.6344 -3.7513
      vertex 51.6 84.8193 -3.62776
    endloop
  endfacet
  facet normal -1 0 0
    outer loop
      vertex 51.6 84.4672 -6.30208
      vertex 51.6 84.6344 -3.7513
      vertex 51.6 84.6344 -6.4487
    endloop
  endfacet
  facet normal -1 0 0
    outer loop
      vertex 51.6 84.4672 -6.30208
      vertex 51.6 84.4672 -3.89792
      vertex 51.6 84.6344 -3.7513
    endloop
  endfacet
  facet normal -1 0 0
    outer loop
      vertex 51.6 84.3206 -6.13489
      vertex 51.6 84.4672 -3.89792
      vertex 51.6 84.4672 -6.30208
    endloop
  endfacet
  facet normal -1 0 0
    outer loop
      vertex 51.6 84.3206 -6.13489
      vertex 51.6 84.3206 -4.06511
      vertex 51.6 84.4672 -3.89792
    endloop
  endfacet
  facet normal -1 0 0
    outer loop
      vertex 51.6 84.197 -5.95
      vertex 51.6 84.3206 -4.06511
      vertex 51.6 84.3206 -6.13489
    endloop
  endfacet
  facet normal -1 0 0
    outer loop
      vertex 51.6 84.197 -5.95
      vertex 51.6 84.197 -4.25
      vertex 51.6 84.3206 -4.06511
    endloop
  endfacet
  facet normal -1 0 0
    outer loop
      vertex 51.6 84.0987 -5.75056
      vertex 51.6 84.197 -4.25
      vertex 51.6 84.197 -5.95
    endloop
  endfacet
  facet normal -1 0 0
    outer loop
      vertex 51.6 84.0987 -5.75056
      vertex 51.6 84.0987 -4.44944
      vertex 51.6 84.197 -4.25
    endloop
  endfacet
  facet normal -1 0 0
    outer loop
      vertex 51.6 84.0272 -5.53999
      vertex 51.6 84.0987 -4.44944
      vertex 51.6 84.0987 -5.75056
    endloop
  endfacet
  facet normal -1 0 0
    outer loop
      vertex 51.6 84.0272 -5.53999
      vertex 51.6 84.0272 -4.66001
      vertex 51.6 84.0987 -4.44944
    endloop
  endfacet
  facet normal -1 0 0
    outer loop
      vertex 51.6 83.9838 -5.32189
      vertex 51.6 84.0272 -4.66001
      vertex 51.6 84.0272 -5.53999
    endloop
  endfacet
  facet normal -1 0 0
    outer loop
      vertex 51.6 83.9838 -5.32189
      vertex 51.6 83.9838 -4.87811
      vertex 51.6 84.0272 -4.66001
    endloop
  endfacet
  facet normal -1 0 -0
    outer loop
      vertex 51.6 83.9838 -4.87811
      vertex 51.6 83.9838 -5.32189
      vertex 51.6 83.9693 -5.1
    endloop
  endfacet
  facet normal 0 -0.896967 -0.442097
    outer loop
      vertex 51.6 84.197 -5.95
      vertex 52 84.0987 -5.75056
      vertex 51.6 84.0987 -5.75056
    endloop
  endfacet
  facet normal 0 -0.896967 -0.442097
    outer loop
      vertex 52 84.0987 -5.75056
      vertex 51.6 84.197 -5.95
      vertex 52 84.197 -5.95
    endloop
  endfacet
  facet normal -0 0.659319 0.751863
    outer loop
      vertex 51.6 92.4714 -3.89792
      vertex 52 92.3042 -3.7513
      vertex 52 92.4714 -3.89792
    endloop
  endfacet
  facet normal 0 0.659319 0.751863
    outer loop
      vertex 52 92.3042 -3.7513
      vertex 51.6 92.4714 -3.89792
      vertex 51.6 92.3042 -3.7513
    endloop
  endfacet
  facet normal 0 -0.321403 -0.946943
    outer loop
      vertex 51.6 85.0187 -6.67059
      vertex 52 85.2293 -6.74207
      vertex 52 85.0187 -6.67059
    endloop
  endfacet
  facet normal -0 -0.321403 -0.946943
    outer loop
      vertex 52 85.2293 -6.74207
      vertex 51.6 85.0187 -6.67059
      vertex 51.6 85.2293 -6.74207
    endloop
  endfacet
  facet normal 0 -0.0653848 -0.99786
    outer loop
      vertex 51.6 85.4474 -6.78546
      vertex 52 85.6693 -6.8
      vertex 52 85.4474 -6.78546
    endloop
  endfacet
  facet normal -0 -0.0653848 -0.99786
    outer loop
      vertex 52 85.6693 -6.8
      vertex 51.6 85.4474 -6.78546
      vertex 51.6 85.6693 -6.8
    endloop
  endfacet
  facet normal -0 0.32154 0.946896
    outer loop
      vertex 51.6 91.9198 -3.52941
      vertex 52 91.7093 -3.45793
      vertex 52 91.9198 -3.52941
    endloop
  endfacet
  facet normal 0 0.32154 0.946896
    outer loop
      vertex 52 91.7093 -3.45793
      vertex 51.6 91.9198 -3.52941
      vertex 51.6 91.7093 -3.45793
    endloop
  endfacet
  facet normal 0 0.32154 -0.946896
    outer loop
      vertex 51.6 91.7093 -6.74207
      vertex 52 91.9198 -6.67059
      vertex 52 91.7093 -6.74207
    endloop
  endfacet
  facet normal 0 0.32154 -0.946896
    outer loop
      vertex 52 91.9198 -6.67059
      vertex 51.6 91.7093 -6.74207
      vertex 51.6 91.9198 -6.67059
    endloop
  endfacet
  facet normal 0 0.896789 0.442459
    outer loop
      vertex 52 92.8399 -4.44944
      vertex 51.6 92.7415 -4.25
      vertex 52 92.7415 -4.25
    endloop
  endfacet
  facet normal 0 0.896789 0.442459
    outer loop
      vertex 51.6 92.7415 -4.25
      vertex 52 92.8399 -4.44944
      vertex 51.6 92.8399 -4.44944
    endloop
  endfacet
  facet normal 0 0 -1
    outer loop
      vertex 51.6 85.6693 -6.8
      vertex 52 91.2693 -6.8
      vertex 52 85.6693 -6.8
    endloop
  endfacet
  facet normal -0 0 -1
    outer loop
      vertex 52 91.2693 -6.8
      vertex 51.6 85.6693 -6.8
      vertex 51.6 91.2693 -6.8
    endloop
  endfacet
  facet normal -0 0.0653848 0.99786
    outer loop
      vertex 51.6 91.4912 -3.41454
      vertex 52 91.2693 -3.4
      vertex 52 91.4912 -3.41454
    endloop
  endfacet
  facet normal 0 0.0653848 0.99786
    outer loop
      vertex 52 91.2693 -3.4
      vertex 51.6 91.4912 -3.41454
      vertex 51.6 91.2693 -3.4
    endloop
  endfacet
  facet normal 0 0.0653848 -0.99786
    outer loop
      vertex 51.6 91.2693 -6.8
      vertex 52 91.4912 -6.78546
      vertex 52 91.2693 -6.8
    endloop
  endfacet
  facet normal 0 0.0653848 -0.99786
    outer loop
      vertex 52 91.4912 -6.78546
      vertex 51.6 91.2693 -6.8
      vertex 51.6 91.4912 -6.78546
    endloop
  endfacet
  facet normal 0 -0.997872 -0.0652086
    outer loop
      vertex 51.6 83.9838 -5.32189
      vertex 52 83.9693 -5.1
      vertex 51.6 83.9693 -5.1
    endloop
  endfacet
  facet normal 0 -0.997872 -0.0652086
    outer loop
      vertex 52 83.9693 -5.1
      vertex 51.6 83.9838 -5.32189
      vertex 52 83.9838 -5.32189
    endloop
  endfacet
  facet normal 0 -0.659319 -0.751863
    outer loop
      vertex 51.6 84.4672 -6.30208
      vertex 52 84.6344 -6.4487
      vertex 52 84.4672 -6.30208
    endloop
  endfacet
  facet normal -0 -0.659319 -0.751863
    outer loop
      vertex 52 84.6344 -6.4487
      vertex 51.6 84.4672 -6.30208
      vertex 51.6 84.6344 -6.4487
    endloop
  endfacet
  facet normal 0 0.947038 0.321121
    outer loop
      vertex 52 92.9113 -4.66001
      vertex 51.6 92.8399 -4.44944
      vertex 52 92.8399 -4.44944
    endloop
  endfacet
  facet normal 0 0.947038 0.321121
    outer loop
      vertex 51.6 92.8399 -4.44944
      vertex 52 92.9113 -4.66001
      vertex 51.6 92.9113 -4.66001
    endloop
  endfacet
  facet normal 0 -0.195122 -0.980779
    outer loop
      vertex 51.6 85.2293 -6.74207
      vertex 52 85.4474 -6.78546
      vertex 52 85.2293 -6.74207
    endloop
  endfacet
  facet normal -0 -0.195122 -0.980779
    outer loop
      vertex 52 85.4474 -6.78546
      vertex 51.6 85.2293 -6.74207
      vertex 51.6 85.4474 -6.78546
    endloop
  endfacet
  facet normal 0 -0.442349 -0.896843
    outer loop
      vertex 51.6 84.8193 -6.57224
      vertex 52 85.0187 -6.67059
      vertex 52 84.8193 -6.57224
    endloop
  endfacet
  facet normal -0 -0.442349 -0.896843
    outer loop
      vertex 52 85.0187 -6.67059
      vertex 51.6 84.8193 -6.57224
      vertex 51.6 85.0187 -6.67059
    endloop
  endfacet
  facet normal 0 -0.946901 -0.321525
    outer loop
      vertex 51.6 84.0987 -5.75056
      vertex 52 84.0272 -5.53999
      vertex 51.6 84.0272 -5.53999
    endloop
  endfacet
  facet normal 0 -0.946901 -0.321525
    outer loop
      vertex 52 84.0272 -5.53999
      vertex 51.6 84.0987 -5.75056
      vertex 52 84.0987 -5.75056
    endloop
  endfacet
  facet normal 0 0.195122 -0.980779
    outer loop
      vertex 51.6 91.4912 -6.78546
      vertex 52 91.7093 -6.74207
      vertex 52 91.4912 -6.78546
    endloop
  endfacet
  facet normal 0 0.195122 -0.980779
    outer loop
      vertex 52 91.7093 -6.74207
      vertex 51.6 91.4912 -6.78546
      vertex 51.6 91.7093 -6.74207
    endloop
  endfacet
  facet normal 0 0.947038 -0.321121
    outer loop
      vertex 52 92.8399 -5.75056
      vertex 51.6 92.9113 -5.53999
      vertex 52 92.9113 -5.53999
    endloop
  endfacet
  facet normal 0 0.947038 -0.321121
    outer loop
      vertex 51.6 92.9113 -5.53999
      vertex 52 92.8399 -5.75056
      vertex 51.6 92.8399 -5.75056
    endloop
  endfacet
  facet normal 0 0.442171 -0.896931
    outer loop
      vertex 51.6 91.9198 -6.67059
      vertex 52 92.1193 -6.57224
      vertex 52 91.9198 -6.67059
    endloop
  endfacet
  facet normal 0 0.442171 -0.896931
    outer loop
      vertex 52 92.1193 -6.57224
      vertex 51.6 91.9198 -6.67059
      vertex 51.6 92.1193 -6.57224
    endloop
  endfacet
  facet normal 0 -0.896967 0.442097
    outer loop
      vertex 51.6 84.0987 -4.44944
      vertex 52 84.197 -4.25
      vertex 51.6 84.197 -4.25
    endloop
  endfacet
  facet normal 0 -0.896967 0.442097
    outer loop
      vertex 52 84.197 -4.25
      vertex 51.6 84.0987 -4.44944
      vertex 52 84.0987 -4.44944
    endloop
  endfacet
  facet normal 0 -0.442349 0.896843
    outer loop
      vertex 51.6 85.0187 -3.52941
      vertex 52 84.8193 -3.62776
      vertex 52 85.0187 -3.52941
    endloop
  endfacet
  facet normal 0 -0.442349 0.896843
    outer loop
      vertex 52 84.8193 -3.62776
      vertex 51.6 85.0187 -3.52941
      vertex 51.6 84.8193 -3.62776
    endloop
  endfacet
  facet normal -0 0.555551 0.831483
    outer loop
      vertex 51.6 92.3042 -3.7513
      vertex 52 92.1193 -3.62776
      vertex 52 92.3042 -3.7513
    endloop
  endfacet
  facet normal 0 0.555551 0.831483
    outer loop
      vertex 52 92.1193 -3.62776
      vertex 51.6 92.3042 -3.7513
      vertex 51.6 92.1193 -3.62776
    endloop
  endfacet
  facet normal 0 -0.321403 0.946943
    outer loop
      vertex 51.6 85.2293 -3.45793
      vertex 52 85.0187 -3.52941
      vertex 52 85.2293 -3.45793
    endloop
  endfacet
  facet normal 0 -0.321403 0.946943
    outer loop
      vertex 52 85.0187 -3.52941
      vertex 51.6 85.2293 -3.45793
      vertex 51.6 85.0187 -3.52941
    endloop
  endfacet
  facet normal 0 0.997842 -0.0656564
    outer loop
      vertex 52 92.9547 -5.32189
      vertex 51.6 92.9693 -5.1
      vertex 52 92.9693 -5.1
    endloop
  endfacet
  facet normal 0 0.997842 -0.0656564
    outer loop
      vertex 51.6 92.9693 -5.1
      vertex 52 92.9547 -5.32189
      vertex 51.6 92.9547 -5.32189
    endloop
  endfacet
  facet normal 0 -0.831344 0.555758
    outer loop
      vertex 51.6 84.197 -4.25
      vertex 52 84.3206 -4.06511
      vertex 51.6 84.3206 -4.06511
    endloop
  endfacet
  facet normal 0 -0.831344 0.555758
    outer loop
      vertex 52 84.3206 -4.06511
      vertex 51.6 84.197 -4.25
      vertex 52 84.197 -4.25
    endloop
  endfacet
  facet normal 0 -0.751888 -0.659291
    outer loop
      vertex 51.6 84.4672 -6.30208
      vertex 52 84.3206 -6.13489
      vertex 51.6 84.3206 -6.13489
    endloop
  endfacet
  facet normal 0 -0.751888 -0.659291
    outer loop
      vertex 52 84.3206 -6.13489
      vertex 51.6 84.4672 -6.30208
      vertex 52 84.4672 -6.30208
    endloop
  endfacet
  facet normal 0 0.659319 -0.751863
    outer loop
      vertex 51.6 92.3042 -6.4487
      vertex 52 92.4714 -6.30208
      vertex 52 92.3042 -6.4487
    endloop
  endfacet
  facet normal 0 0.659319 -0.751863
    outer loop
      vertex 52 92.4714 -6.30208
      vertex 51.6 92.3042 -6.4487
      vertex 51.6 92.4714 -6.30208
    endloop
  endfacet
  facet normal 0 -0.831344 -0.555758
    outer loop
      vertex 51.6 84.3206 -6.13489
      vertex 52 84.197 -5.95
      vertex 51.6 84.197 -5.95
    endloop
  endfacet
  facet normal 0 -0.831344 -0.555758
    outer loop
      vertex 52 84.197 -5.95
      vertex 51.6 84.3206 -6.13489
      vertex 52 84.3206 -6.13489
    endloop
  endfacet
  facet normal 0 -0.555551 0.831483
    outer loop
      vertex 51.6 84.8193 -3.62776
      vertex 52 84.6344 -3.7513
      vertex 52 84.8193 -3.62776
    endloop
  endfacet
  facet normal 0 -0.555551 0.831483
    outer loop
      vertex 52 84.6344 -3.7513
      vertex 51.6 84.8193 -3.62776
      vertex 51.6 84.6344 -3.7513
    endloop
  endfacet
  facet normal 0 -0.195122 0.980779
    outer loop
      vertex 51.6 85.4474 -3.41454
      vertex 52 85.2293 -3.45793
      vertex 52 85.4474 -3.41454
    endloop
  endfacet
  facet normal 0 -0.195122 0.980779
    outer loop
      vertex 52 85.2293 -3.45793
      vertex 51.6 85.4474 -3.41454
      vertex 51.6 85.2293 -3.45793
    endloop
  endfacet
  facet normal 0 0.831552 -0.555447
    outer loop
      vertex 52 92.618 -6.13489
      vertex 51.6 92.7415 -5.95
      vertex 52 92.7415 -5.95
    endloop
  endfacet
  facet normal 0 0.831552 -0.555447
    outer loop
      vertex 51.6 92.7415 -5.95
      vertex 52 92.618 -6.13489
      vertex 51.6 92.618 -6.13489
    endloop
  endfacet
  facet normal 0 0.751888 0.659291
    outer loop
      vertex 52 92.618 -4.06511
      vertex 51.6 92.4714 -3.89792
      vertex 52 92.4714 -3.89792
    endloop
  endfacet
  facet normal 0 0.751888 0.659291
    outer loop
      vertex 51.6 92.4714 -3.89792
      vertex 52 92.618 -4.06511
      vertex 51.6 92.618 -4.06511
    endloop
  endfacet
  facet normal 0 -0.555551 -0.831483
    outer loop
      vertex 51.6 84.6344 -6.4487
      vertex 52 84.8193 -6.57224
      vertex 52 84.6344 -6.4487
    endloop
  endfacet
  facet normal -0 -0.555551 -0.831483
    outer loop
      vertex 52 84.8193 -6.57224
      vertex 51.6 84.6344 -6.4487
      vertex 51.6 84.8193 -6.57224
    endloop
  endfacet
  facet normal 0 0.98077 -0.195165
    outer loop
      vertex 52 92.9113 -5.53999
      vertex 51.6 92.9547 -5.32189
      vertex 52 92.9547 -5.32189
    endloop
  endfacet
  facet normal 0 0.98077 -0.195165
    outer loop
      vertex 51.6 92.9547 -5.32189
      vertex 52 92.9113 -5.53999
      vertex 51.6 92.9113 -5.53999
    endloop
  endfacet
  facet normal 0 -0.98077 -0.195165
    outer loop
      vertex 51.6 84.0272 -5.53999
      vertex 52 83.9838 -5.32189
      vertex 51.6 83.9838 -5.32189
    endloop
  endfacet
  facet normal 0 -0.98077 -0.195165
    outer loop
      vertex 52 83.9838 -5.32189
      vertex 51.6 84.0272 -5.53999
      vertex 52 84.0272 -5.53999
    endloop
  endfacet
  facet normal 0 0.98077 0.195165
    outer loop
      vertex 52 92.9547 -4.87811
      vertex 51.6 92.9113 -4.66001
      vertex 52 92.9113 -4.66001
    endloop
  endfacet
  facet normal 0 0.98077 0.195165
    outer loop
      vertex 51.6 92.9113 -4.66001
      vertex 52 92.9547 -4.87811
      vertex 51.6 92.9547 -4.87811
    endloop
  endfacet
  facet normal 0 -0.659319 0.751863
    outer loop
      vertex 51.6 84.6344 -3.7513
      vertex 52 84.4672 -3.89792
      vertex 52 84.6344 -3.7513
    endloop
  endfacet
  facet normal 0 -0.659319 0.751863
    outer loop
      vertex 52 84.4672 -3.89792
      vertex 51.6 84.6344 -3.7513
      vertex 51.6 84.4672 -3.89792
    endloop
  endfacet
  facet normal -0 0 1
    outer loop
      vertex 51.6 91.2693 -3.4
      vertex 52 85.6693 -3.4
      vertex 52 91.2693 -3.4
    endloop
  endfacet
  facet normal 0 0 1
    outer loop
      vertex 52 85.6693 -3.4
      vertex 51.6 91.2693 -3.4
      vertex 51.6 85.6693 -3.4
    endloop
  endfacet
  facet normal 0 -0.946901 0.321525
    outer loop
      vertex 51.6 84.0272 -4.66001
      vertex 52 84.0987 -4.44944
      vertex 51.6 84.0987 -4.44944
    endloop
  endfacet
  facet normal 0 -0.946901 0.321525
    outer loop
      vertex 52 84.0987 -4.44944
      vertex 51.6 84.0272 -4.66001
      vertex 52 84.0272 -4.66001
    endloop
  endfacet
  facet normal 0 0.555551 -0.831483
    outer loop
      vertex 51.6 92.1193 -6.57224
      vertex 52 92.3042 -6.4487
      vertex 52 92.1193 -6.57224
    endloop
  endfacet
  facet normal 0 0.555551 -0.831483
    outer loop
      vertex 52 92.3042 -6.4487
      vertex 51.6 92.1193 -6.57224
      vertex 51.6 92.3042 -6.4487
    endloop
  endfacet
  facet normal -0 0.442171 0.896931
    outer loop
      vertex 51.6 92.1193 -3.62776
      vertex 52 91.9198 -3.52941
      vertex 52 92.1193 -3.62776
    endloop
  endfacet
  facet normal 0 0.442171 0.896931
    outer loop
      vertex 52 91.9198 -3.52941
      vertex 51.6 92.1193 -3.62776
      vertex 51.6 91.9198 -3.52941
    endloop
  endfacet
  facet normal 0 0.997842 0.0656564
    outer loop
      vertex 52 92.9693 -5.1
      vertex 51.6 92.9547 -4.87811
      vertex 52 92.9547 -4.87811
    endloop
  endfacet
  facet normal 0 0.997842 0.0656564
    outer loop
      vertex 51.6 92.9547 -4.87811
      vertex 52 92.9693 -5.1
      vertex 51.6 92.9693 -5.1
    endloop
  endfacet
  facet normal -0 0.195122 0.980779
    outer loop
      vertex 51.6 91.7093 -3.45793
      vertex 52 91.4912 -3.41454
      vertex 52 91.7093 -3.45793
    endloop
  endfacet
  facet normal 0 0.195122 0.980779
    outer loop
      vertex 52 91.4912 -3.41454
      vertex 51.6 91.7093 -3.45793
      vertex 51.6 91.4912 -3.41454
    endloop
  endfacet
  facet normal 0 0.751888 -0.659291
    outer loop
      vertex 52 92.4714 -6.30208
      vertex 51.6 92.618 -6.13489
      vertex 52 92.618 -6.13489
    endloop
  endfacet
  facet normal 0 0.751888 -0.659291
    outer loop
      vertex 51.6 92.618 -6.13489
      vertex 52 92.4714 -6.30208
      vertex 51.6 92.4714 -6.30208
    endloop
  endfacet
  facet normal 0 -0.0653848 0.99786
    outer loop
      vertex 51.6 85.6693 -3.4
      vertex 52 85.4474 -3.41454
      vertex 52 85.6693 -3.4
    endloop
  endfacet
  facet normal 0 -0.0653848 0.99786
    outer loop
      vertex 52 85.4474 -3.41454
      vertex 51.6 85.6693 -3.4
      vertex 51.6 85.4474 -3.41454
    endloop
  endfacet
  facet normal 0 -0.98077 0.195165
    outer loop
      vertex 51.6 83.9838 -4.87811
      vertex 52 84.0272 -4.66001
      vertex 51.6 84.0272 -4.66001
    endloop
  endfacet
  facet normal 0 -0.98077 0.195165
    outer loop
      vertex 52 84.0272 -4.66001
      vertex 51.6 83.9838 -4.87811
      vertex 52 83.9838 -4.87811
    endloop
  endfacet
  facet normal 0 -0.997872 0.0652086
    outer loop
      vertex 51.6 83.9693 -5.1
      vertex 52 83.9838 -4.87811
      vertex 51.6 83.9838 -4.87811
    endloop
  endfacet
  facet normal 0 -0.997872 0.0652086
    outer loop
      vertex 52 83.9838 -4.87811
      vertex 51.6 83.9693 -5.1
      vertex 52 83.9693 -5.1
    endloop
  endfacet
  facet normal 0 0.831552 0.555447
    outer loop
      vertex 52 92.7415 -4.25
      vertex 51.6 92.618 -4.06511
      vertex 52 92.618 -4.06511
    endloop
  endfacet
  facet normal 0 0.831552 0.555447
    outer loop
      vertex 51.6 92.618 -4.06511
      vertex 52 92.7415 -4.25
      vertex 51.6 92.7415 -4.25
    endloop
  endfacet
  facet normal 0 -0.751888 0.659291
    outer loop
      vertex 51.6 84.3206 -4.06511
      vertex 52 84.4672 -3.89792
      vertex 51.6 84.4672 -3.89792
    endloop
  endfacet
  facet normal 0 -0.751888 0.659291
    outer loop
      vertex 52 84.4672 -3.89792
      vertex 51.6 84.3206 -4.06511
      vertex 52 84.3206 -4.06511
    endloop
  endfacet
  facet normal 0 0.896789 -0.442459
    outer loop
      vertex 52 92.7415 -5.95
      vertex 51.6 92.8399 -5.75056
      vertex 52 92.8399 -5.75056
    endloop
  endfacet
  facet normal 0 0.896789 -0.442459
    outer loop
      vertex 51.6 92.8399 -5.75056
      vertex 52 92.7415 -5.95
      vertex 51.6 92.7415 -5.95
    endloop
  endfacet
  facet normal 0 0.321391 -0.946947
    outer loop
      vertex 51.4 88.6634 -5.82444
      vertex 51.6 88.7563 -5.79291
      vertex 51.6 88.6634 -5.82444
    endloop
  endfacet
  facet normal 0 0.321391 -0.946947
    outer loop
      vertex 51.6 88.7563 -5.79291
      vertex 51.4 88.6634 -5.82444
      vertex 51.4 88.7563 -5.79291
    endloop
  endfacet
  facet normal 0 0.555947 -0.831218
    outer loop
      vertex 51.4 88.8443 -5.74952
      vertex 51.6 88.9258 -5.69501
      vertex 51.6 88.8443 -5.74952
    endloop
  endfacet
  facet normal 0 0.555947 -0.831218
    outer loop
      vertex 51.6 88.9258 -5.69501
      vertex 51.4 88.8443 -5.74952
      vertex 51.4 88.9258 -5.69501
    endloop
  endfacet
  facet normal 0 0.89684 -0.442355
    outer loop
      vertex 51.6 89.1188 -5.475
      vertex 51.4 89.1622 -5.38701
      vertex 51.6 89.1622 -5.38701
    endloop
  endfacet
  facet normal 0 0.89684 -0.442355
    outer loop
      vertex 51.4 89.1622 -5.38701
      vertex 51.6 89.1188 -5.475
      vertex 51.4 89.1188 -5.475
    endloop
  endfacet
  facet normal 0 -0.752273 0.658851
    outer loop
      vertex 51.4 87.8743 -4.64343
      vertex 51.6 87.9389 -4.56967
      vertex 51.4 87.9389 -4.56967
    endloop
  endfacet
  facet normal 0 -0.752273 0.658851
    outer loop
      vertex 51.6 87.9389 -4.56967
      vertex 51.4 87.8743 -4.64343
      vertex 51.6 87.8743 -4.64343
    endloop
  endfacet
  facet normal 0 -0.65911 -0.752046
    outer loop
      vertex 51.4 87.9389 -5.63033
      vertex 51.6 88.0127 -5.69501
      vertex 51.6 87.9389 -5.63033
    endloop
  endfacet
  facet normal -0 -0.65911 -0.752046
    outer loop
      vertex 51.6 88.0127 -5.69501
      vertex 51.4 87.9389 -5.63033
      vertex 51.4 88.0127 -5.69501
    endloop
  endfacet
  facet normal 0 0.0654366 -0.997857
    outer loop
      vertex 51.4 88.4693 -5.85
      vertex 51.6 88.5672 -5.84358
      vertex 51.6 88.4693 -5.85
    endloop
  endfacet
  facet normal 0 0.0654366 -0.997857
    outer loop
      vertex 51.6 88.5672 -5.84358
      vertex 51.4 88.4693 -5.85
      vertex 51.4 88.5672 -5.84358
    endloop
  endfacet
  facet normal 0 0.751768 -0.659428
    outer loop
      vertex 51.6 88.9996 -5.63033
      vertex 51.4 89.0643 -5.55657
      vertex 51.6 89.0643 -5.55657
    endloop
  endfacet
  facet normal 0 0.751768 -0.659428
    outer loop
      vertex 51.4 89.0643 -5.55657
      vertex 51.6 88.9996 -5.63033
      vertex 51.4 88.9996 -5.63033
    endloop
  endfacet
  facet normal 0 0.89684 0.442355
    outer loop
      vertex 51.6 89.1622 -4.81299
      vertex 51.4 89.1188 -4.725
      vertex 51.6 89.1188 -4.725
    endloop
  endfacet
  facet normal 0 0.89684 0.442355
    outer loop
      vertex 51.4 89.1188 -4.725
      vertex 51.6 89.1622 -4.81299
      vertex 51.4 89.1622 -4.81299
    endloop
  endfacet
  facet normal 0 -0.89684 0.442355
    outer loop
      vertex 51.4 87.7764 -4.81299
      vertex 51.6 87.8198 -4.725
      vertex 51.4 87.8198 -4.725
    endloop
  endfacet
  facet normal 0 -0.89684 0.442355
    outer loop
      vertex 51.6 87.8198 -4.725
      vertex 51.4 87.7764 -4.81299
      vertex 51.6 87.7764 -4.81299
    endloop
  endfacet
  facet normal 0 -0.442233 -0.8969
    outer loop
      vertex 51.4 88.0943 -5.74952
      vertex 51.6 88.1823 -5.79291
      vertex 51.6 88.0943 -5.74952
    endloop
  endfacet
  facet normal -0 -0.442233 -0.8969
    outer loop
      vertex 51.6 88.1823 -5.79291
      vertex 51.4 88.0943 -5.74952
      vertex 51.4 88.1823 -5.79291
    endloop
  endfacet
  facet normal 0 -0.946729 -0.322031
    outer loop
      vertex 51.4 87.7764 -5.38701
      vertex 51.6 87.7448 -5.29411
      vertex 51.4 87.7448 -5.29411
    endloop
  endfacet
  facet normal 0 -0.946729 -0.322031
    outer loop
      vertex 51.6 87.7448 -5.29411
      vertex 51.4 87.7764 -5.38701
      vertex 51.6 87.7764 -5.38701
    endloop
  endfacet
  facet normal 0 0.442233 -0.8969
    outer loop
      vertex 51.4 88.7563 -5.79291
      vertex 51.6 88.8443 -5.74952
      vertex 51.6 88.7563 -5.79291
    endloop
  endfacet
  facet normal 0 0.442233 -0.8969
    outer loop
      vertex 51.6 88.8443 -5.74952
      vertex 51.4 88.7563 -5.79291
      vertex 51.4 88.8443 -5.74952
    endloop
  endfacet
  facet normal -0 0.442233 0.8969
    outer loop
      vertex 51.4 88.8443 -4.45048
      vertex 51.6 88.7563 -4.40709
      vertex 51.6 88.8443 -4.45048
    endloop
  endfacet
  facet normal 0 0.442233 0.8969
    outer loop
      vertex 51.6 88.7563 -4.40709
      vertex 51.4 88.8443 -4.45048
      vertex 51.4 88.7563 -4.40709
    endloop
  endfacet
  facet normal 0 -0.946729 0.322031
    outer loop
      vertex 51.4 87.7448 -4.90589
      vertex 51.6 87.7764 -4.81299
      vertex 51.4 87.7764 -4.81299
    endloop
  endfacet
  facet normal 0 -0.946729 0.322031
    outer loop
      vertex 51.6 87.7764 -4.81299
      vertex 51.4 87.7448 -4.90589
      vertex 51.6 87.7448 -4.90589
    endloop
  endfacet
  facet normal 0 -0.195136 -0.980776
    outer loop
      vertex 51.4 88.2752 -5.82444
      vertex 51.6 88.3714 -5.84358
      vertex 51.6 88.2752 -5.82444
    endloop
  endfacet
  facet normal -0 -0.195136 -0.980776
    outer loop
      vertex 51.6 88.3714 -5.84358
      vertex 51.4 88.2752 -5.82444
      vertex 51.4 88.3714 -5.84358
    endloop
  endfacet
  facet normal 0 -0.0654366 -0.997857
    outer loop
      vertex 51.4 88.3714 -5.84358
      vertex 51.6 88.4693 -5.85
      vertex 51.6 88.3714 -5.84358
    endloop
  endfacet
  facet normal -0 -0.0654366 -0.997857
    outer loop
      vertex 51.6 88.4693 -5.85
      vertex 51.4 88.3714 -5.84358
      vertex 51.4 88.4693 -5.85
    endloop
  endfacet
  facet normal 0 -0.0654366 0.997857
    outer loop
      vertex 51.4 88.4693 -4.35
      vertex 51.6 88.3714 -4.35642
      vertex 51.6 88.4693 -4.35
    endloop
  endfacet
  facet normal 0 -0.0654366 0.997857
    outer loop
      vertex 51.6 88.3714 -4.35642
      vertex 51.4 88.4693 -4.35
      vertex 51.4 88.3714 -4.35642
    endloop
  endfacet
  facet normal 0 0.94704 0.321117
    outer loop
      vertex 51.6 89.1937 -4.90589
      vertex 51.4 89.1622 -4.81299
      vertex 51.6 89.1622 -4.81299
    endloop
  endfacet
  facet normal 0 0.94704 0.321117
    outer loop
      vertex 51.4 89.1622 -4.81299
      vertex 51.6 89.1937 -4.90589
      vertex 51.4 89.1937 -4.90589
    endloop
  endfacet
  facet normal 0 -0.752273 -0.658851
    outer loop
      vertex 51.4 87.9389 -5.63033
      vertex 51.6 87.8743 -5.55657
      vertex 51.4 87.8743 -5.55657
    endloop
  endfacet
  facet normal 0 -0.752273 -0.658851
    outer loop
      vertex 51.6 87.8743 -5.55657
      vertex 51.4 87.9389 -5.63033
      vertex 51.6 87.9389 -5.63033
    endloop
  endfacet
  facet normal 0 0.980667 -0.195685
    outer loop
      vertex 51.6 89.1937 -5.29411
      vertex 51.4 89.2129 -5.19789
      vertex 51.6 89.2129 -5.19789
    endloop
  endfacet
  facet normal 0 0.980667 -0.195685
    outer loop
      vertex 51.4 89.2129 -5.19789
      vertex 51.6 89.1937 -5.29411
      vertex 51.4 89.1937 -5.29411
    endloop
  endfacet
  facet normal 0 -0.321391 0.946947
    outer loop
      vertex 51.4 88.2752 -4.37556
      vertex 51.6 88.1823 -4.40709
      vertex 51.6 88.2752 -4.37556
    endloop
  endfacet
  facet normal 0 -0.321391 0.946947
    outer loop
      vertex 51.6 88.1823 -4.40709
      vertex 51.4 88.2752 -4.37556
      vertex 51.4 88.1823 -4.40709
    endloop
  endfacet
  facet normal 0 -0.99787 -0.0652402
    outer loop
      vertex 51.4 87.7257 -5.19789
      vertex 51.6 87.7193 -5.1
      vertex 51.4 87.7193 -5.1
    endloop
  endfacet
  facet normal 0 -0.99787 -0.0652402
    outer loop
      vertex 51.6 87.7193 -5.1
      vertex 51.4 87.7257 -5.19789
      vertex 51.6 87.7257 -5.19789
    endloop
  endfacet
  facet normal 0 -0.831485 0.555547
    outer loop
      vertex 51.4 87.8198 -4.725
      vertex 51.6 87.8743 -4.64343
      vertex 51.4 87.8743 -4.64343
    endloop
  endfacet
  facet normal 0 -0.831485 0.555547
    outer loop
      vertex 51.6 87.8743 -4.64343
      vertex 51.4 87.8198 -4.725
      vertex 51.6 87.8198 -4.725
    endloop
  endfacet
  facet normal 0 -0.321391 -0.946947
    outer loop
      vertex 51.4 88.1823 -5.79291
      vertex 51.6 88.2752 -5.82444
      vertex 51.6 88.1823 -5.79291
    endloop
  endfacet
  facet normal -0 -0.321391 -0.946947
    outer loop
      vertex 51.6 88.2752 -5.82444
      vertex 51.4 88.1823 -5.79291
      vertex 51.4 88.2752 -5.82444
    endloop
  endfacet
  facet normal 0 -0.195136 0.980776
    outer loop
      vertex 51.4 88.3714 -4.35642
      vertex 51.6 88.2752 -4.37556
      vertex 51.6 88.3714 -4.35642
    endloop
  endfacet
  facet normal 0 -0.195136 0.980776
    outer loop
      vertex 51.6 88.2752 -4.37556
      vertex 51.4 88.3714 -4.35642
      vertex 51.4 88.2752 -4.37556
    endloop
  endfacet
  facet normal 0 0.831485 -0.555547
    outer loop
      vertex 51.6 89.0643 -5.55657
      vertex 51.4 89.1188 -5.475
      vertex 51.6 89.1188 -5.475
    endloop
  endfacet
  facet normal 0 0.831485 -0.555547
    outer loop
      vertex 51.4 89.1188 -5.475
      vertex 51.6 89.0643 -5.55657
      vertex 51.4 89.0643 -5.55657
    endloop
  endfacet
  facet normal 0 0.65911 -0.752046
    outer loop
      vertex 51.4 88.9258 -5.69501
      vertex 51.6 88.9996 -5.63033
      vertex 51.6 88.9258 -5.69501
    endloop
  endfacet
  facet normal 0 0.65911 -0.752046
    outer loop
      vertex 51.6 88.9996 -5.63033
      vertex 51.4 88.9258 -5.69501
      vertex 51.4 88.9996 -5.63033
    endloop
  endfacet
  facet normal 0 0.94704 -0.321117
    outer loop
      vertex 51.6 89.1622 -5.38701
      vertex 51.4 89.1937 -5.29411
      vertex 51.6 89.1937 -5.29411
    endloop
  endfacet
  facet normal 0 0.94704 -0.321117
    outer loop
      vertex 51.4 89.1937 -5.29411
      vertex 51.6 89.1622 -5.38701
      vertex 51.4 89.1622 -5.38701
    endloop
  endfacet
  facet normal 0 0.980667 0.195685
    outer loop
      vertex 51.6 89.2129 -5.00211
      vertex 51.4 89.1937 -4.90589
      vertex 51.6 89.1937 -4.90589
    endloop
  endfacet
  facet normal 0 0.980667 0.195685
    outer loop
      vertex 51.4 89.1937 -4.90589
      vertex 51.6 89.2129 -5.00211
      vertex 51.4 89.2129 -5.00211
    endloop
  endfacet
  facet normal 0 0.195136 -0.980776
    outer loop
      vertex 51.4 88.5672 -5.84358
      vertex 51.6 88.6634 -5.82444
      vertex 51.6 88.5672 -5.84358
    endloop
  endfacet
  facet normal 0 0.195136 -0.980776
    outer loop
      vertex 51.6 88.6634 -5.82444
      vertex 51.4 88.5672 -5.84358
      vertex 51.4 88.6634 -5.82444
    endloop
  endfacet
  facet normal -0 0.321391 0.946947
    outer loop
      vertex 51.4 88.7563 -4.40709
      vertex 51.6 88.6634 -4.37556
      vertex 51.6 88.7563 -4.40709
    endloop
  endfacet
  facet normal 0 0.321391 0.946947
    outer loop
      vertex 51.6 88.6634 -4.37556
      vertex 51.4 88.7563 -4.40709
      vertex 51.4 88.6634 -4.37556
    endloop
  endfacet
  facet normal 0 -0.980862 -0.194704
    outer loop
      vertex 51.4 87.7448 -5.29411
      vertex 51.6 87.7257 -5.19789
      vertex 51.4 87.7257 -5.19789
    endloop
  endfacet
  facet normal 0 -0.980862 -0.194704
    outer loop
      vertex 51.6 87.7257 -5.19789
      vertex 51.4 87.7448 -5.29411
      vertex 51.6 87.7448 -5.29411
    endloop
  endfacet
  facet normal 0 -0.89684 -0.442355
    outer loop
      vertex 51.4 87.8198 -5.475
      vertex 51.6 87.7764 -5.38701
      vertex 51.4 87.7764 -5.38701
    endloop
  endfacet
  facet normal 0 -0.89684 -0.442355
    outer loop
      vertex 51.6 87.7764 -5.38701
      vertex 51.4 87.8198 -5.475
      vertex 51.6 87.8198 -5.475
    endloop
  endfacet
  facet normal -0 0.65911 0.752046
    outer loop
      vertex 51.4 88.9996 -4.56967
      vertex 51.6 88.9258 -4.50499
      vertex 51.6 88.9996 -4.56967
    endloop
  endfacet
  facet normal 0 0.65911 0.752046
    outer loop
      vertex 51.6 88.9258 -4.50499
      vertex 51.4 88.9996 -4.56967
      vertex 51.4 88.9258 -4.50499
    endloop
  endfacet
  facet normal 0 -0.442233 0.8969
    outer loop
      vertex 51.4 88.1823 -4.40709
      vertex 51.6 88.0943 -4.45048
      vertex 51.6 88.1823 -4.40709
    endloop
  endfacet
  facet normal 0 -0.442233 0.8969
    outer loop
      vertex 51.6 88.0943 -4.45048
      vertex 51.4 88.1823 -4.40709
      vertex 51.4 88.0943 -4.45048
    endloop
  endfacet
  facet normal -0 0.0654366 0.997857
    outer loop
      vertex 51.4 88.5672 -4.35642
      vertex 51.6 88.4693 -4.35
      vertex 51.6 88.5672 -4.35642
    endloop
  endfacet
  facet normal 0 0.0654366 0.997857
    outer loop
      vertex 51.6 88.4693 -4.35
      vertex 51.4 88.5672 -4.35642
      vertex 51.4 88.4693 -4.35
    endloop
  endfacet
  facet normal 0 -0.555476 0.831533
    outer loop
      vertex 51.4 88.0943 -4.45048
      vertex 51.6 88.0127 -4.50499
      vertex 51.6 88.0943 -4.45048
    endloop
  endfacet
  facet normal 0 -0.555476 0.831533
    outer loop
      vertex 51.6 88.0127 -4.50499
      vertex 51.4 88.0943 -4.45048
      vertex 51.4 88.0127 -4.50499
    endloop
  endfacet
  facet normal 0 0.831485 0.555547
    outer loop
      vertex 51.6 89.1188 -4.725
      vertex 51.4 89.0643 -4.64343
      vertex 51.6 89.0643 -4.64343
    endloop
  endfacet
  facet normal 0 0.831485 0.555547
    outer loop
      vertex 51.4 89.0643 -4.64343
      vertex 51.6 89.1188 -4.725
      vertex 51.4 89.1188 -4.725
    endloop
  endfacet
  facet normal 0 -0.555476 -0.831533
    outer loop
      vertex 51.4 88.0127 -5.69501
      vertex 51.6 88.0943 -5.74952
      vertex 51.6 88.0127 -5.69501
    endloop
  endfacet
  facet normal -0 -0.555476 -0.831533
    outer loop
      vertex 51.6 88.0943 -5.74952
      vertex 51.4 88.0127 -5.69501
      vertex 51.4 88.0943 -5.74952
    endloop
  endfacet
  facet normal 0 -0.99787 0.0652402
    outer loop
      vertex 51.4 87.7193 -5.1
      vertex 51.6 87.7257 -5.00211
      vertex 51.4 87.7257 -5.00211
    endloop
  endfacet
  facet normal 0 -0.99787 0.0652402
    outer loop
      vertex 51.6 87.7257 -5.00211
      vertex 51.4 87.7193 -5.1
      vertex 51.6 87.7193 -5.1
    endloop
  endfacet
  facet normal 0 0.99787 -0.0652402
    outer loop
      vertex 51.6 89.2129 -5.19789
      vertex 51.4 89.2193 -5.1
      vertex 51.6 89.2193 -5.1
    endloop
  endfacet
  facet normal 0 0.99787 -0.0652402
    outer loop
      vertex 51.4 89.2193 -5.1
      vertex 51.6 89.2129 -5.19789
      vertex 51.4 89.2129 -5.19789
    endloop
  endfacet
  facet normal 0 0.751768 0.659428
    outer loop
      vertex 51.6 89.0643 -4.64343
      vertex 51.4 88.9996 -4.56967
      vertex 51.6 88.9996 -4.56967
    endloop
  endfacet
  facet normal 0 0.751768 0.659428
    outer loop
      vertex 51.4 88.9996 -4.56967
      vertex 51.6 89.0643 -4.64343
      vertex 51.4 89.0643 -4.64343
    endloop
  endfacet
  facet normal 0 -0.831485 -0.555547
    outer loop
      vertex 51.4 87.8743 -5.55657
      vertex 51.6 87.8198 -5.475
      vertex 51.4 87.8198 -5.475
    endloop
  endfacet
  facet normal 0 -0.831485 -0.555547
    outer loop
      vertex 51.6 87.8198 -5.475
      vertex 51.4 87.8743 -5.55657
      vertex 51.6 87.8743 -5.55657
    endloop
  endfacet
  facet normal -0 0.195136 0.980776
    outer loop
      vertex 51.4 88.6634 -4.37556
      vertex 51.6 88.5672 -4.35642
      vertex 51.6 88.6634 -4.37556
    endloop
  endfacet
  facet normal 0 0.195136 0.980776
    outer loop
      vertex 51.6 88.5672 -4.35642
      vertex 51.4 88.6634 -4.37556
      vertex 51.4 88.5672 -4.35642
    endloop
  endfacet
  facet normal 0 0.99787 0.0652402
    outer loop
      vertex 51.6 89.2193 -5.1
      vertex 51.4 89.2129 -5.00211
      vertex 51.6 89.2129 -5.00211
    endloop
  endfacet
  facet normal 0 0.99787 0.0652402
    outer loop
      vertex 51.4 89.2129 -5.00211
      vertex 51.6 89.2193 -5.1
      vertex 51.4 89.2193 -5.1
    endloop
  endfacet
  facet normal 0 -0.65911 0.752046
    outer loop
      vertex 51.4 88.0127 -4.50499
      vertex 51.6 87.9389 -4.56967
      vertex 51.6 88.0127 -4.50499
    endloop
  endfacet
  facet normal 0 -0.65911 0.752046
    outer loop
      vertex 51.6 87.9389 -4.56967
      vertex 51.4 88.0127 -4.50499
      vertex 51.4 87.9389 -4.56967
    endloop
  endfacet
  facet normal -1 0 0
    outer loop
      vertex 51.4 89.2129 -5.19789
      vertex 51.4 89.2129 -5.00211
      vertex 51.4 89.2193 -5.1
    endloop
  endfacet
  facet normal -1 0 0
    outer loop
      vertex 51.4 89.1937 -5.29411
      vertex 51.4 89.2129 -5.00211
      vertex 51.4 89.2129 -5.19789
    endloop
  endfacet
  facet normal -1 0 0
    outer loop
      vertex 51.4 89.1937 -5.29411
      vertex 51.4 89.1937 -4.90589
      vertex 51.4 89.2129 -5.00211
    endloop
  endfacet
  facet normal -1 0 0
    outer loop
      vertex 51.4 89.1622 -5.38701
      vertex 51.4 89.1937 -4.90589
      vertex 51.4 89.1937 -5.29411
    endloop
  endfacet
  facet normal -1 0 0
    outer loop
      vertex 51.4 89.1622 -5.38701
      vertex 51.4 89.1622 -4.81299
      vertex 51.4 89.1937 -4.90589
    endloop
  endfacet
  facet normal -1 0 0
    outer loop
      vertex 51.4 89.1188 -5.475
      vertex 51.4 89.1622 -4.81299
      vertex 51.4 89.1622 -5.38701
    endloop
  endfacet
  facet normal -1 0 0
    outer loop
      vertex 51.4 89.1188 -5.475
      vertex 51.4 89.1188 -4.725
      vertex 51.4 89.1622 -4.81299
    endloop
  endfacet
  facet normal -1 0 0
    outer loop
      vertex 51.4 89.0643 -5.55657
      vertex 51.4 89.1188 -4.725
      vertex 51.4 89.1188 -5.475
    endloop
  endfacet
  facet normal -1 0 0
    outer loop
      vertex 51.4 89.0643 -5.55657
      vertex 51.4 89.0643 -4.64343
      vertex 51.4 89.1188 -4.725
    endloop
  endfacet
  facet normal -1 0 0
    outer loop
      vertex 51.4 88.9996 -5.63033
      vertex 51.4 89.0643 -4.64343
      vertex 51.4 89.0643 -5.55657
    endloop
  endfacet
  facet normal -1 0 0
    outer loop
      vertex 51.4 88.9996 -5.63033
      vertex 51.4 88.9996 -4.56967
      vertex 51.4 89.0643 -4.64343
    endloop
  endfacet
  facet normal -1 0 0
    outer loop
      vertex 51.4 88.9258 -5.69501
      vertex 51.4 88.9996 -4.56967
      vertex 51.4 88.9996 -5.63033
    endloop
  endfacet
  facet normal -1 0 0
    outer loop
      vertex 51.4 88.9258 -5.69501
      vertex 51.4 88.9258 -4.50499
      vertex 51.4 88.9996 -4.56967
    endloop
  endfacet
  facet normal -1 0 0
    outer loop
      vertex 51.4 88.8443 -5.74952
      vertex 51.4 88.9258 -4.50499
      vertex 51.4 88.9258 -5.69501
    endloop
  endfacet
  facet normal -1 0 0
    outer loop
      vertex 51.4 88.8443 -5.74952
      vertex 51.4 88.8443 -4.45048
      vertex 51.4 88.9258 -4.50499
    endloop
  endfacet
  facet normal -1 0 0
    outer loop
      vertex 51.4 88.7563 -5.79291
      vertex 51.4 88.8443 -4.45048
      vertex 51.4 88.8443 -5.74952
    endloop
  endfacet
  facet normal -1 0 0
    outer loop
      vertex 51.4 88.7563 -5.79291
      vertex 51.4 88.7563 -4.40709
      vertex 51.4 88.8443 -4.45048
    endloop
  endfacet
  facet normal -1 0 0
    outer loop
      vertex 51.4 88.6634 -5.82444
      vertex 51.4 88.7563 -4.40709
      vertex 51.4 88.7563 -5.79291
    endloop
  endfacet
  facet normal -1 0 0
    outer loop
      vertex 51.4 88.6634 -5.82444
      vertex 51.4 88.6634 -4.37556
      vertex 51.4 88.7563 -4.40709
    endloop
  endfacet
  facet normal -1 0 0
    outer loop
      vertex 51.4 88.5672 -5.84358
      vertex 51.4 88.6634 -4.37556
      vertex 51.4 88.6634 -5.82444
    endloop
  endfacet
  facet normal -1 0 0
    outer loop
      vertex 51.4 88.5672 -5.84358
      vertex 51.4 88.5672 -4.35642
      vertex 51.4 88.6634 -4.37556
    endloop
  endfacet
  facet normal -1 0 0
    outer loop
      vertex 51.4 88.4693 -5.85
      vertex 51.4 88.5672 -4.35642
      vertex 51.4 88.5672 -5.84358
    endloop
  endfacet
  facet normal -1 0 0
    outer loop
      vertex 51.4 88.4693 -5.85
      vertex 51.4 88.4693 -4.35
      vertex 51.4 88.5672 -4.35642
    endloop
  endfacet
  facet normal -1 0 0
    outer loop
      vertex 51.4 88.3714 -5.84358
      vertex 51.4 88.4693 -4.35
      vertex 51.4 88.4693 -5.85
    endloop
  endfacet
  facet normal -1 0 0
    outer loop
      vertex 51.4 88.3714 -5.84358
      vertex 51.4 88.3714 -4.35642
      vertex 51.4 88.4693 -4.35
    endloop
  endfacet
  facet normal -1 0 0
    outer loop
      vertex 51.4 88.2752 -5.82444
      vertex 51.4 88.3714 -4.35642
      vertex 51.4 88.3714 -5.84358
    endloop
  endfacet
  facet normal -1 0 0
    outer loop
      vertex 51.4 88.2752 -5.82444
      vertex 51.4 88.2752 -4.37556
      vertex 51.4 88.3714 -4.35642
    endloop
  endfacet
  facet normal -1 0 0
    outer loop
      vertex 51.4 88.1823 -5.79291
      vertex 51.4 88.2752 -4.37556
      vertex 51.4 88.2752 -5.82444
    endloop
  endfacet
  facet normal -1 0 0
    outer loop
      vertex 51.4 88.1823 -5.79291
      vertex 51.4 88.1823 -4.40709
      vertex 51.4 88.2752 -4.37556
    endloop
  endfacet
  facet normal -1 0 0
    outer loop
      vertex 51.4 88.0943 -5.74952
      vertex 51.4 88.1823 -4.40709
      vertex 51.4 88.1823 -5.79291
    endloop
  endfacet
  facet normal -1 0 0
    outer loop
      vertex 51.4 88.0943 -5.74952
      vertex 51.4 88.0943 -4.45048
      vertex 51.4 88.1823 -4.40709
    endloop
  endfacet
  facet normal -1 0 0
    outer loop
      vertex 51.4 88.0127 -5.69501
      vertex 51.4 88.0943 -4.45048
      vertex 51.4 88.0943 -5.74952
    endloop
  endfacet
  facet normal -1 0 0
    outer loop
      vertex 51.4 88.0127 -5.69501
      vertex 51.4 88.0127 -4.50499
      vertex 51.4 88.0943 -4.45048
    endloop
  endfacet
  facet normal -1 0 0
    outer loop
      vertex 51.4 87.9389 -5.63033
      vertex 51.4 88.0127 -4.50499
      vertex 51.4 88.0127 -5.69501
    endloop
  endfacet
  facet normal -1 0 0
    outer loop
      vertex 51.4 87.9389 -5.63033
      vertex 51.4 87.9389 -4.56967
      vertex 51.4 88.0127 -4.50499
    endloop
  endfacet
  facet normal -1 0 0
    outer loop
      vertex 51.4 87.8743 -5.55657
      vertex 51.4 87.9389 -4.56967
      vertex 51.4 87.9389 -5.63033
    endloop
  endfacet
  facet normal -1 0 0
    outer loop
      vertex 51.4 87.8743 -5.55657
      vertex 51.4 87.8743 -4.64343
      vertex 51.4 87.9389 -4.56967
    endloop
  endfacet
  facet normal -1 0 0
    outer loop
      vertex 51.4 87.8198 -5.475
      vertex 51.4 87.8743 -4.64343
      vertex 51.4 87.8743 -5.55657
    endloop
  endfacet
  facet normal -1 0 0
    outer loop
      vertex 51.4 87.8198 -5.475
      vertex 51.4 87.8198 -4.725
      vertex 51.4 87.8743 -4.64343
    endloop
  endfacet
  facet normal -1 0 0
    outer loop
      vertex 51.4 87.7764 -5.38701
      vertex 51.4 87.8198 -4.725
      vertex 51.4 87.8198 -5.475
    endloop
  endfacet
  facet normal -1 0 0
    outer loop
      vertex 51.4 87.7764 -5.38701
      vertex 51.4 87.7764 -4.81299
      vertex 51.4 87.8198 -4.725
    endloop
  endfacet
  facet normal -1 0 0
    outer loop
      vertex 51.4 87.7448 -5.29411
      vertex 51.4 87.7764 -4.81299
      vertex 51.4 87.7764 -5.38701
    endloop
  endfacet
  facet normal -1 0 0
    outer loop
      vertex 51.4 87.7448 -5.29411
      vertex 51.4 87.7448 -4.90589
      vertex 51.4 87.7764 -4.81299
    endloop
  endfacet
  facet normal -1 0 0
    outer loop
      vertex 51.4 87.7257 -5.19789
      vertex 51.4 87.7448 -4.90589
      vertex 51.4 87.7448 -5.29411
    endloop
  endfacet
  facet normal -1 0 0
    outer loop
      vertex 51.4 87.7257 -5.19789
      vertex 51.4 87.7257 -5.00211
      vertex 51.4 87.7448 -4.90589
    endloop
  endfacet
  facet normal -1 0 -0
    outer loop
      vertex 51.4 87.7257 -5.00211
      vertex 51.4 87.7257 -5.19789
      vertex 51.4 87.7193 -5.1
    endloop
  endfacet
  facet normal 0 -0.980862 0.194704
    outer loop
      vertex 51.4 87.7257 -5.00211
      vertex 51.6 87.7448 -4.90589
      vertex 51.4 87.7448 -4.90589
    endloop
  endfacet
  facet normal 0 -0.980862 0.194704
    outer loop
      vertex 51.6 87.7448 -4.90589
      vertex 51.4 87.7257 -5.00211
      vertex 51.6 87.7257 -5.00211
    endloop
  endfacet
  facet normal -0 0.555947 0.831218
    outer loop
      vertex 51.4 88.9258 -4.50499
      vertex 51.6 88.8443 -4.45048
      vertex 51.6 88.9258 -4.50499
    endloop
  endfacet
  facet normal 0 0.555947 0.831218
    outer loop
      vertex 51.6 88.8443 -4.45048
      vertex 51.4 88.9258 -4.50499
      vertex 51.4 88.8443 -4.45048
    endloop
  endfacet
endsolid OpenSCAD_Model
