solid OpenSCAD_Model
  facet normal 0 0 -1
    outer loop
      vertex 28.8591 111.325 -6.86
      vertex 28.2782 111.424 -6.86
      vertex 28.8635 111.357 -6.86
    endloop
  endfacet
  facet normal 0 0 -1
    outer loop
      vertex 28.8709 111.388 -6.86
      vertex 28.2838 111.471 -6.86
      vertex 28.2917 111.516 -6.86
    endloop
  endfacet
  facet normal 0 0 -1
    outer loop
      vertex 28.2738 111.325 -6.86
      vertex 28.2749 111.376 -6.86
      vertex 28.8591 111.325 -6.86
    endloop
  endfacet
  facet normal 0 0 -1
    outer loop
      vertex 28.2738 111.325 -6.86
      vertex 28.8591 111.325 -6.86
      vertex 28.8576 111.291 -6.86
    endloop
  endfacet
  facet normal 0 0 -1
    outer loop
      vertex 28.3287 111.642 -6.86
      vertex 28.3454 111.68 -6.86
      vertex 28.8812 111.416 -6.86
    endloop
  endfacet
  facet normal 0 0 -1
    outer loop
      vertex 29.1757 111.64 -6.86
      vertex 29.0493 112.14 -6.86
      vertex 29.228 111.656 -6.86
    endloop
  endfacet
  facet normal 0 0 -1
    outer loop
      vertex 28.59 111.958 -6.86
      vertex 28.6302 111.982 -6.86
      vertex 28.9517 111.514 -6.86
    endloop
  endfacet
  facet normal 0 0 -1
    outer loop
      vertex 27.0447 111.064 -6.86
      vertex 27.3864 110.659 -6.86
      vertex 27.2465 110.587 -6.86
    endloop
  endfacet
  facet normal 0 0 -1
    outer loop
      vertex 28.9759 111.535 -6.86
      vertex 28.6735 112.006 -6.86
      vertex 28.7198 112.029 -6.86
    endloop
  endfacet
  facet normal -0 0 -1
    outer loop
      vertex 26.9282 110.491 -6.86
      vertex 26.7499 110.467 -6.86
      vertex 26.7766 110.952 -6.86
    endloop
  endfacet
  facet normal 0 0 -1
    outer loop
      vertex 28.7692 112.051 -6.86
      vertex 28.8248 112.072 -6.86
      vertex 29.0317 111.574 -6.86
    endloop
  endfacet
  facet normal 0 0 -1
    outer loop
      vertex 26.5586 110.459 -6.86
      vertex 26.5586 110.931 -6.86
      vertex 26.6715 110.936 -6.86
    endloop
  endfacet
  facet normal 0 0 -1
    outer loop
      vertex 28.7198 112.029 -6.86
      vertex 28.7692 112.051 -6.86
      vertex 29.0026 111.555 -6.86
    endloop
  endfacet
  facet normal 0 0 -1
    outer loop
      vertex 28.7692 112.051 -6.86
      vertex 29.0317 111.574 -6.86
      vertex 29.0026 111.555 -6.86
    endloop
  endfacet
  facet normal 0 0 -1
    outer loop
      vertex 28.8248 112.072 -6.86
      vertex 29.0631 111.592 -6.86
      vertex 29.0317 111.574 -6.86
    endloop
  endfacet
  facet normal 0 0 -1
    outer loop
      vertex 28.9759 111.535 -6.86
      vertex 28.7198 112.029 -6.86
      vertex 29.0026 111.555 -6.86
    endloop
  endfacet
  facet normal 0 0 -1
    outer loop
      vertex 25.3325 111.164 -6.86
      vertex 25.2811 111.279 -6.86
      vertex 25.8039 111.476 -6.86
    endloop
  endfacet
  facet normal 0 0 -1
    outer loop
      vertex 29.0631 111.592 -6.86
      vertex 28.8248 112.072 -6.86
      vertex 28.89 112.094 -6.86
    endloop
  endfacet
  facet normal 0 0 -1
    outer loop
      vertex 26.3088 110.475 -6.86
      vertex 26.1918 110.496 -6.86
      vertex 26.4102 110.942 -6.86
    endloop
  endfacet
  facet normal 0 0 -1
    outer loop
      vertex 28.6302 111.982 -6.86
      vertex 28.6735 112.006 -6.86
      vertex 28.9759 111.535 -6.86
    endloop
  endfacet
  facet normal -0 0 -1
    outer loop
      vertex 26.4102 110.942 -6.86
      vertex 26.1918 110.496 -6.86
      vertex 26.2753 110.975 -6.86
    endloop
  endfacet
  facet normal 0 0 -1
    outer loop
      vertex 28.6302 111.982 -6.86
      vertex 28.9759 111.535 -6.86
      vertex 28.9517 111.514 -6.86
    endloop
  endfacet
  facet normal 0 -0 -1
    outer loop
      vertex 27.3301 111.457 -6.86
      vertex 27.8125 111.1 -6.86
      vertex 27.2903 111.359 -6.86
    endloop
  endfacet
  facet normal -0 0 -1
    outer loop
      vertex 29.097 111.609 -6.86
      vertex 29.0631 111.592 -6.86
      vertex 28.89 112.094 -6.86
    endloop
  endfacet
  facet normal 0 0 -1
    outer loop
      vertex 27.3301 111.457 -6.86
      vertex 27.8819 111.243 -6.86
      vertex 27.8125 111.1 -6.86
    endloop
  endfacet
  facet normal 0 0 -1
    outer loop
      vertex 29.097 111.609 -6.86
      vertex 28.89 112.094 -6.86
      vertex 28.9649 112.117 -6.86
    endloop
  endfacet
  facet normal 0 0 -1
    outer loop
      vertex 29.097 111.609 -6.86
      vertex 28.9649 112.117 -6.86
      vertex 29.1333 111.624 -6.86
    endloop
  endfacet
  facet normal 0 0 -1
    outer loop
      vertex 27.9743 111.569 -6.86
      vertex 27.9358 111.4 -6.86
      vertex 27.3611 111.565 -6.86
    endloop
  endfacet
  facet normal 0 -0 -1
    outer loop
      vertex 28.59 111.958 -6.86
      vertex 28.9517 111.514 -6.86
      vertex 28.5527 111.932 -6.86
    endloop
  endfacet
  facet normal 0 -0 -1
    outer loop
      vertex 27.3832 111.682 -6.86
      vertex 27.9743 111.569 -6.86
      vertex 27.3611 111.565 -6.86
    endloop
  endfacet
  facet normal -0 0 -1
    outer loop
      vertex 28.9517 111.514 -6.86
      vertex 28.9299 111.492 -6.86
      vertex 28.5527 111.932 -6.86
    endloop
  endfacet
  facet normal 0 0 -1
    outer loop
      vertex 29.1333 111.624 -6.86
      vertex 28.9649 112.117 -6.86
      vertex 29.1757 111.64 -6.86
    endloop
  endfacet
  facet normal 0 0 -1
    outer loop
      vertex 28.9649 112.117 -6.86
      vertex 29.0493 112.14 -6.86
      vertex 29.1757 111.64 -6.86
    endloop
  endfacet
  facet normal 0 0 -1
    outer loop
      vertex 28.4587 111.849 -6.86
      vertex 28.4874 111.878 -6.86
      vertex 28.9107 111.469 -6.86
    endloop
  endfacet
  facet normal 0 -0 -1
    outer loop
      vertex 29.1433 112.163 -6.86
      vertex 29.228 111.656 -6.86
      vertex 29.0493 112.14 -6.86
    endloop
  endfacet
  facet normal 0 0 -1
    outer loop
      vertex 28.3311 111.001 -6.86
      vertex 28.8704 111.189 -6.86
      vertex 28.3757 110.909 -6.86
    endloop
  endfacet
  facet normal 0 0 -1
    outer loop
      vertex 29.1433 112.163 -6.86
      vertex 29.2469 112.188 -6.86
      vertex 29.29 111.674 -6.86
    endloop
  endfacet
  facet normal 0 0 -1
    outer loop
      vertex 29.1433 112.163 -6.86
      vertex 29.29 111.674 -6.86
      vertex 29.228 111.656 -6.86
    endloop
  endfacet
  facet normal -0 0 -1
    outer loop
      vertex 29.362 111.692 -6.86
      vertex 29.29 111.674 -6.86
      vertex 29.2469 112.188 -6.86
    endloop
  endfacet
  facet normal 0 0 -1
    outer loop
      vertex 29.4437 111.711 -6.86
      vertex 29.2469 112.188 -6.86
      vertex 29.3601 112.212 -6.86
    endloop
  endfacet
  facet normal 0 0 -1
    outer loop
      vertex 29.3601 112.212 -6.86
      vertex 29.4547 112.233 -6.86
      vertex 29.5353 111.732 -6.86
    endloop
  endfacet
  facet normal 0 0 -1
    outer loop
      vertex 28.7883 110.572 -6.86
      vertex 28.6812 110.622 -6.86
      vertex 28.9731 111.033 -6.86
    endloop
  endfacet
  facet normal 0 -0 -1
    outer loop
      vertex 29.5398 112.253 -6.86
      vertex 29.6368 111.753 -6.86
      vertex 29.4547 112.233 -6.86
    endloop
  endfacet
  facet normal -0 0 -1
    outer loop
      vertex 29.7246 111.773 -6.86
      vertex 29.6368 111.753 -6.86
      vertex 29.5398 112.253 -6.86
    endloop
  endfacet
  facet normal -0 0 -1
    outer loop
      vertex 29.8045 111.793 -6.86
      vertex 29.7246 111.773 -6.86
      vertex 29.6153 112.272 -6.86
    endloop
  endfacet
  facet normal -0 0 -1
    outer loop
      vertex 29.9404 111.829 -6.86
      vertex 29.8764 111.812 -6.86
      vertex 29.7377 112.307 -6.86
    endloop
  endfacet
  facet normal 0 0 -1
    outer loop
      vertex 29.8219 112.337 -6.86
      vertex 30.0443 111.86 -6.86
      vertex 29.9964 111.845 -6.86
    endloop
  endfacet
  facet normal 0 0 -1
    outer loop
      vertex 30.0844 111.874 -6.86
      vertex 29.8825 112.368 -6.86
      vertex 30.1199 111.887 -6.86
    endloop
  endfacet
  facet normal 0 0 -1
    outer loop
      vertex 30.188 111.916 -6.86
      vertex 29.9093 112.384 -6.86
      vertex 29.9339 112.401 -6.86
    endloop
  endfacet
  facet normal 0 0 -1
    outer loop
      vertex 30.2521 111.947 -6.86
      vertex 29.9339 112.401 -6.86
      vertex 29.9561 112.42 -6.86
    endloop
  endfacet
  facet normal -0 0 -1
    outer loop
      vertex 30.3407 112 -6.86
      vertex 30.3122 111.981 -6.86
      vertex 29.9761 112.439 -6.86
    endloop
  endfacet
  facet normal -0 0 -1
    outer loop
      vertex 30.3938 112.039 -6.86
      vertex 30.3678 112.019 -6.86
      vertex 29.9938 112.458 -6.86
    endloop
  endfacet
  facet normal -0 0 -1
    outer loop
      vertex 30.4642 112.106 -6.86
      vertex 30.442 112.083 -6.86
      vertex 30.0092 112.48 -6.86
    endloop
  endfacet
  facet normal 0 0 -1
    outer loop
      vertex 30.5048 112.157 -6.86
      vertex 30.0092 112.48 -6.86
      vertex 30.5233 112.183 -6.86
    endloop
  endfacet
  facet normal 0 0 -1
    outer loop
      vertex 30.5404 112.212 -6.86
      vertex 30.0222 112.502 -6.86
      vertex 30.5562 112.241 -6.86
    endloop
  endfacet
  facet normal 0 0 -1
    outer loop
      vertex 30.5708 112.271 -6.86
      vertex 30.0329 112.527 -6.86
      vertex 30.584 112.303 -6.86
    endloop
  endfacet
  facet normal 0 0 -1
    outer loop
      vertex 30.0329 112.527 -6.86
      vertex 30.6065 112.371 -6.86
      vertex 30.596 112.336 -6.86
    endloop
  endfacet
  facet normal 0 0 -1
    outer loop
      vertex 30.0412 112.553 -6.86
      vertex 30.6154 112.407 -6.86
      vertex 30.6065 112.371 -6.86
    endloop
  endfacet
  facet normal 0 -0 -1
    outer loop
      vertex 30.0471 112.581 -6.86
      vertex 30.6227 112.444 -6.86
      vertex 30.0412 112.553 -6.86
    endloop
  endfacet
  facet normal -0 0 -1
    outer loop
      vertex 30.6324 112.523 -6.86
      vertex 30.6284 112.483 -6.86
      vertex 30.0471 112.581 -6.86
    endloop
  endfacet
  facet normal 0 0 -1
    outer loop
      vertex 30.6348 112.564 -6.86
      vertex 30.0471 112.581 -6.86
      vertex 30.0506 112.61 -6.86
    endloop
  endfacet
  facet normal 0 0 -1
    outer loop
      vertex 30.6357 112.607 -6.86
      vertex 30.0506 112.61 -6.86
      vertex 30.0518 112.642 -6.86
    endloop
  endfacet
  facet normal -0 0 -1
    outer loop
      vertex 30.6297 112.714 -6.86
      vertex 30.0518 112.642 -6.86
      vertex 30.6118 112.814 -6.86
    endloop
  endfacet
  facet normal -0 0 -1
    outer loop
      vertex 30.6118 112.814 -6.86
      vertex 30.0407 112.732 -6.86
      vertex 30.582 112.907 -6.86
    endloop
  endfacet
  facet normal 0 0 -1
    outer loop
      vertex 30.0407 112.732 -6.86
      vertex 30.5403 112.992 -6.86
      vertex 30.582 112.907 -6.86
    endloop
  endfacet
  facet normal 0 -0 -1
    outer loop
      vertex 30.4867 113.069 -6.86
      vertex 30.5403 112.992 -6.86
      vertex 30.0407 112.732 -6.86
    endloop
  endfacet
  facet normal 0 -0 -1
    outer loop
      vertex 30.4212 113.139 -6.86
      vertex 30.4867 113.069 -6.86
      vertex 30.0073 112.809 -6.86
    endloop
  endfacet
  facet normal -0 0 -1
    outer loop
      vertex 30.4212 113.139 -6.86
      vertex 30.0073 112.809 -6.86
      vertex 30.3437 113.202 -6.86
    endloop
  endfacet
  facet normal -0 0 -1
    outer loop
      vertex 30.3437 113.202 -6.86
      vertex 29.9516 112.872 -6.86
      vertex 30.2549 113.257 -6.86
    endloop
  endfacet
  facet normal -0 0 -1
    outer loop
      vertex 30.1552 113.303 -6.86
      vertex 29.8738 112.921 -6.86
      vertex 30.0447 113.341 -6.86
    endloop
  endfacet
  facet normal -0 0 -1
    outer loop
      vertex 29.9234 113.371 -6.86
      vertex 29.7736 112.955 -6.86
      vertex 29.7912 113.392 -6.86
    endloop
  endfacet
  facet normal 0 -0 -1
    outer loop
      vertex 29.6482 113.404 -6.86
      vertex 29.6512 112.976 -6.86
      vertex 29.5066 112.983 -6.86
    endloop
  endfacet
  facet normal 0 0 -1
    outer loop
      vertex 29.3698 112.976 -6.86
      vertex 29.3475 113.405 -6.86
      vertex 29.4358 112.981 -6.86
    endloop
  endfacet
  facet normal 0 -0 -1
    outer loop
      vertex 29.2115 113.395 -6.86
      vertex 29.2525 112.953 -6.86
      vertex 29.0863 113.378 -6.86
    endloop
  endfacet
  facet normal 0 -0 -1
    outer loop
      vertex 28.375 112.796 -6.86
      vertex 28.9309 112.611 -6.86
      vertex 28.349 112.69 -6.86
    endloop
  endfacet
  facet normal 0 0 -1
    outer loop
      vertex 28.9719 113.354 -6.86
      vertex 29.0863 113.378 -6.86
      vertex 29.1546 112.915 -6.86
    endloop
  endfacet
  facet normal 0 -0 -1
    outer loop
      vertex 27.9754 112.322 -6.86
      vertex 27.9977 112.141 -6.86
      vertex 27.3837 112.205 -6.86
    endloop
  endfacet
  facet normal 0 0 -1
    outer loop
      vertex 28.8684 113.323 -6.86
      vertex 28.9719 113.354 -6.86
      vertex 29.1129 112.89 -6.86
    endloop
  endfacet
  facet normal 0 0 -1
    outer loop
      vertex 28.7757 113.286 -6.86
      vertex 28.8684 113.323 -6.86
      vertex 29.0756 112.861 -6.86
    endloop
  endfacet
  facet normal -0 0 -1
    outer loop
      vertex 28.9455 112.662 -6.86
      vertex 28.9309 112.611 -6.86
      vertex 28.375 112.796 -6.86
    endloop
  endfacet
  facet normal 0 0 -1
    outer loop
      vertex 28.7757 113.286 -6.86
      vertex 29.0756 112.861 -6.86
      vertex 29.042 112.829 -6.86
    endloop
  endfacet
  facet normal 0 -0 -1
    outer loop
      vertex 28.6939 113.242 -6.86
      vertex 29.042 112.829 -6.86
      vertex 28.6213 113.19 -6.86
    endloop
  endfacet
  facet normal 0 -0 -1
    outer loop
      vertex 28.6213 113.19 -6.86
      vertex 29.0122 112.793 -6.86
      vertex 28.5565 113.129 -6.86
    endloop
  endfacet
  facet normal 0 -0 -1
    outer loop
      vertex 27.9977 112.141 -6.86
      vertex 28.0051 111.946 -6.86
      vertex 27.3966 112.08 -6.86
    endloop
  endfacet
  facet normal -0 0 -1
    outer loop
      vertex 29.0122 112.793 -6.86
      vertex 28.9862 112.753 -6.86
      vertex 28.5565 113.129 -6.86
    endloop
  endfacet
  facet normal 0 0 -1
    outer loop
      vertex 28.9862 112.753 -6.86
      vertex 28.4995 113.059 -6.86
      vertex 28.5565 113.129 -6.86
    endloop
  endfacet
  facet normal 0 0 -1
    outer loop
      vertex 28.4502 112.98 -6.86
      vertex 28.4995 113.059 -6.86
      vertex 28.9862 112.753 -6.86
    endloop
  endfacet
  facet normal 0 0 -1
    outer loop
      vertex 28.4502 112.98 -6.86
      vertex 28.9862 112.753 -6.86
      vertex 28.964 112.709 -6.86
    endloop
  endfacet
  facet normal 0 -0 -1
    outer loop
      vertex 28.4502 112.98 -6.86
      vertex 28.964 112.709 -6.86
      vertex 28.4087 112.892 -6.86
    endloop
  endfacet
  facet normal 0 0 -1
    outer loop
      vertex 28.9455 112.662 -6.86
      vertex 28.375 112.796 -6.86
      vertex 28.4087 112.892 -6.86
    endloop
  endfacet
  facet normal -0 0 -1
    outer loop
      vertex 28.964 112.709 -6.86
      vertex 28.9455 112.662 -6.86
      vertex 28.4087 112.892 -6.86
    endloop
  endfacet
  facet normal -0 0 -1
    outer loop
      vertex 29.042 112.829 -6.86
      vertex 29.0122 112.793 -6.86
      vertex 28.6213 113.19 -6.86
    endloop
  endfacet
  facet normal 0 0 -1
    outer loop
      vertex 25.9519 111.209 -6.86
      vertex 25.5255 110.874 -6.86
      vertex 25.4547 110.962 -6.86
    endloop
  endfacet
  facet normal 0 -0 -1
    outer loop
      vertex 28.7757 113.286 -6.86
      vertex 29.042 112.829 -6.86
      vertex 28.6939 113.242 -6.86
    endloop
  endfacet
  facet normal 0 -0 -1
    outer loop
      vertex 25.8711 111.331 -6.86
      vertex 25.9519 111.209 -6.86
      vertex 25.4547 110.962 -6.86
    endloop
  endfacet
  facet normal 0 0 -1
    outer loop
      vertex 28.8684 113.323 -6.86
      vertex 29.1129 112.89 -6.86
      vertex 29.0756 112.861 -6.86
    endloop
  endfacet
  facet normal 0 0 -1
    outer loop
      vertex 25.5255 110.874 -6.86
      vertex 25.9519 111.209 -6.86
      vertex 25.6027 110.794 -6.86
    endloop
  endfacet
  facet normal 0 0 -1
    outer loop
      vertex 28.9719 113.354 -6.86
      vertex 29.1546 112.915 -6.86
      vertex 29.1129 112.89 -6.86
    endloop
  endfacet
  facet normal 0 0 -1
    outer loop
      vertex 25.3904 111.059 -6.86
      vertex 25.8711 111.331 -6.86
      vertex 25.4547 110.962 -6.86
    endloop
  endfacet
  facet normal 0 0 -1
    outer loop
      vertex 29.0863 113.378 -6.86
      vertex 29.2011 112.936 -6.86
      vertex 29.1546 112.915 -6.86
    endloop
  endfacet
  facet normal 0 0 -1
    outer loop
      vertex 25.6863 110.723 -6.86
      vertex 25.6027 110.794 -6.86
      vertex 26.0461 111.109 -6.86
    endloop
  endfacet
  facet normal -0 0 -1
    outer loop
      vertex 29.2525 112.953 -6.86
      vertex 29.2011 112.936 -6.86
      vertex 29.0863 113.378 -6.86
    endloop
  endfacet
  facet normal 0 0 -1
    outer loop
      vertex 26.154 111.031 -6.86
      vertex 26.08 110.525 -6.86
      vertex 25.9735 110.562 -6.86
    endloop
  endfacet
  facet normal -0 0 -1
    outer loop
      vertex 29.3087 112.966 -6.86
      vertex 29.2525 112.953 -6.86
      vertex 29.2115 113.395 -6.86
    endloop
  endfacet
  facet normal 0 -0 -1
    outer loop
      vertex 27.6409 113.03 -6.86
      vertex 27.7376 112.915 -6.86
      vertex 27.2462 112.607 -6.86
    endloop
  endfacet
  facet normal 0 0 -1
    outer loop
      vertex 29.3087 112.966 -6.86
      vertex 29.2115 113.395 -6.86
      vertex 29.3475 113.405 -6.86
    endloop
  endfacet
  facet normal 0 0 -1
    outer loop
      vertex 26.8856 112.89 -6.86
      vertex 27.1178 113.339 -6.86
      vertex 26.9738 112.854 -6.86
    endloop
  endfacet
  facet normal 0 0 -1
    outer loop
      vertex 29.3087 112.966 -6.86
      vertex 29.3475 113.405 -6.86
      vertex 29.3698 112.976 -6.86
    endloop
  endfacet
  facet normal 0 0 -1
    outer loop
      vertex 26.6851 112.931 -6.86
      vertex 26.776 113.401 -6.86
      vertex 26.7894 112.916 -6.86
    endloop
  endfacet
  facet normal 0 0 -1
    outer loop
      vertex 29.3475 113.405 -6.86
      vertex 29.4944 113.409 -6.86
      vertex 29.4358 112.981 -6.86
    endloop
  endfacet
  facet normal 0 0 -1
    outer loop
      vertex 26.4982 112.934 -6.86
      vertex 26.4448 113.404 -6.86
      vertex 26.5851 113.409 -6.86
    endloop
  endfacet
  facet normal 0 -0 -1
    outer loop
      vertex 29.4944 113.409 -6.86
      vertex 29.5066 112.983 -6.86
      vertex 29.4358 112.981 -6.86
    endloop
  endfacet
  facet normal 0 0 -1
    outer loop
      vertex 26.2912 112.895 -6.86
      vertex 26.0696 113.342 -6.86
      vertex 26.187 113.371 -6.86
    endloop
  endfacet
  facet normal -0 0 -1
    outer loop
      vertex 29.6482 113.404 -6.86
      vertex 29.5066 112.983 -6.86
      vertex 29.4944 113.409 -6.86
    endloop
  endfacet
  facet normal 0 -0 -1
    outer loop
      vertex 26.3121 113.392 -6.86
      vertex 26.3573 112.913 -6.86
      vertex 26.187 113.371 -6.86
    endloop
  endfacet
  facet normal -0 0 -1
    outer loop
      vertex 29.7912 113.392 -6.86
      vertex 29.6512 112.976 -6.86
      vertex 29.6482 113.404 -6.86
    endloop
  endfacet
  facet normal 0 0 -1
    outer loop
      vertex 27.054 112.808 -6.86
      vertex 27.4061 113.215 -6.86
      vertex 27.1261 112.751 -6.86
    endloop
  endfacet
  facet normal 0 0 -1
    outer loop
      vertex 29.7736 112.955 -6.86
      vertex 29.6512 112.976 -6.86
      vertex 29.7912 113.392 -6.86
    endloop
  endfacet
  facet normal 0 0 -1
    outer loop
      vertex 29.8738 112.921 -6.86
      vertex 29.7736 112.955 -6.86
      vertex 29.9234 113.371 -6.86
    endloop
  endfacet
  facet normal 0 0 -1
    outer loop
      vertex 29.8738 112.921 -6.86
      vertex 29.9234 113.371 -6.86
      vertex 30.0447 113.341 -6.86
    endloop
  endfacet
  facet normal 0 0 -1
    outer loop
      vertex 29.9516 112.872 -6.86
      vertex 29.8738 112.921 -6.86
      vertex 30.1552 113.303 -6.86
    endloop
  endfacet
  facet normal 0 0 -1
    outer loop
      vertex 29.9516 112.872 -6.86
      vertex 30.1552 113.303 -6.86
      vertex 30.2549 113.257 -6.86
    endloop
  endfacet
  facet normal 0 0 -1
    outer loop
      vertex 30.0073 112.809 -6.86
      vertex 29.9516 112.872 -6.86
      vertex 30.3437 113.202 -6.86
    endloop
  endfacet
  facet normal 0 0 -1
    outer loop
      vertex 30.4867 113.069 -6.86
      vertex 30.0407 112.732 -6.86
      vertex 30.0073 112.809 -6.86
    endloop
  endfacet
  facet normal 0 0 -1
    outer loop
      vertex 30.0518 112.642 -6.86
      vertex 30.0407 112.732 -6.86
      vertex 30.6118 112.814 -6.86
    endloop
  endfacet
  facet normal 0 0 -1
    outer loop
      vertex 30.6357 112.607 -6.86
      vertex 30.0518 112.642 -6.86
      vertex 30.6297 112.714 -6.86
    endloop
  endfacet
  facet normal 0 0 -1
    outer loop
      vertex 30.6348 112.564 -6.86
      vertex 30.0506 112.61 -6.86
      vertex 30.6357 112.607 -6.86
    endloop
  endfacet
  facet normal 0 0 -1
    outer loop
      vertex 30.6324 112.523 -6.86
      vertex 30.0471 112.581 -6.86
      vertex 30.6348 112.564 -6.86
    endloop
  endfacet
  facet normal -0 0 -1
    outer loop
      vertex 30.6284 112.483 -6.86
      vertex 30.6227 112.444 -6.86
      vertex 30.0471 112.581 -6.86
    endloop
  endfacet
  facet normal -0 0 -1
    outer loop
      vertex 30.6227 112.444 -6.86
      vertex 30.6154 112.407 -6.86
      vertex 30.0412 112.553 -6.86
    endloop
  endfacet
  facet normal 0 -0 -1
    outer loop
      vertex 30.0412 112.553 -6.86
      vertex 30.6065 112.371 -6.86
      vertex 30.0329 112.527 -6.86
    endloop
  endfacet
  facet normal 0 0 -1
    outer loop
      vertex 30.0329 112.527 -6.86
      vertex 30.596 112.336 -6.86
      vertex 30.584 112.303 -6.86
    endloop
  endfacet
  facet normal 0 0 -1
    outer loop
      vertex 30.0222 112.502 -6.86
      vertex 30.0329 112.527 -6.86
      vertex 30.5708 112.271 -6.86
    endloop
  endfacet
  facet normal 0 0 -1
    outer loop
      vertex 30.0222 112.502 -6.86
      vertex 30.5708 112.271 -6.86
      vertex 30.5562 112.241 -6.86
    endloop
  endfacet
  facet normal 0 0 -1
    outer loop
      vertex 30.5233 112.183 -6.86
      vertex 30.0222 112.502 -6.86
      vertex 30.5404 112.212 -6.86
    endloop
  endfacet
  facet normal 0 0 -1
    outer loop
      vertex 30.0092 112.48 -6.86
      vertex 30.0222 112.502 -6.86
      vertex 30.5233 112.183 -6.86
    endloop
  endfacet
  facet normal 0 0 -1
    outer loop
      vertex 30.4851 112.131 -6.86
      vertex 30.0092 112.48 -6.86
      vertex 30.5048 112.157 -6.86
    endloop
  endfacet
  facet normal 0 0 -1
    outer loop
      vertex 30.4642 112.106 -6.86
      vertex 30.0092 112.48 -6.86
      vertex 30.4851 112.131 -6.86
    endloop
  endfacet
  facet normal 0 0 -1
    outer loop
      vertex 30.442 112.083 -6.86
      vertex 29.9938 112.458 -6.86
      vertex 30.0092 112.48 -6.86
    endloop
  endfacet
  facet normal 0 0 -1
    outer loop
      vertex 30.4185 112.061 -6.86
      vertex 29.9938 112.458 -6.86
      vertex 30.442 112.083 -6.86
    endloop
  endfacet
  facet normal 0 0 -1
    outer loop
      vertex 30.3938 112.039 -6.86
      vertex 29.9938 112.458 -6.86
      vertex 30.4185 112.061 -6.86
    endloop
  endfacet
  facet normal 0 0 -1
    outer loop
      vertex 30.3678 112.019 -6.86
      vertex 29.9761 112.439 -6.86
      vertex 29.9938 112.458 -6.86
    endloop
  endfacet
  facet normal 0 0 -1
    outer loop
      vertex 29.1811 110.477 -6.86
      vertex 29.0383 110.5 -6.86
      vertex 29.1783 110.94 -6.86
    endloop
  endfacet
  facet normal 0 0 -1
    outer loop
      vertex 29.9314 110.495 -6.86
      vertex 29.8518 110.961 -6.86
      vertex 30.0549 110.522 -6.86
    endloop
  endfacet
  facet normal 0 0 -1
    outer loop
      vertex 30.3407 112 -6.86
      vertex 29.9761 112.439 -6.86
      vertex 30.3678 112.019 -6.86
    endloop
  endfacet
  facet normal 0 0 -1
    outer loop
      vertex 30.3122 111.981 -6.86
      vertex 29.9561 112.42 -6.86
      vertex 29.9761 112.439 -6.86
    endloop
  endfacet
  facet normal 0 0 -1
    outer loop
      vertex 30.2827 111.964 -6.86
      vertex 29.9561 112.42 -6.86
      vertex 30.3122 111.981 -6.86
    endloop
  endfacet
  facet normal 0 0 -1
    outer loop
      vertex 30.2521 111.947 -6.86
      vertex 29.9561 112.42 -6.86
      vertex 30.2827 111.964 -6.86
    endloop
  endfacet
  facet normal 0 0 -1
    outer loop
      vertex 30.2206 111.931 -6.86
      vertex 29.9339 112.401 -6.86
      vertex 30.2521 111.947 -6.86
    endloop
  endfacet
  facet normal 0 0 -1
    outer loop
      vertex 30.188 111.916 -6.86
      vertex 29.9339 112.401 -6.86
      vertex 30.2206 111.931 -6.86
    endloop
  endfacet
  facet normal 0 0 -1
    outer loop
      vertex 29.7218 110.927 -6.86
      vertex 29.7895 110.942 -6.86
      vertex 29.7981 110.475 -6.86
    endloop
  endfacet
  facet normal 0 0 -1
    outer loop
      vertex 30.1545 111.901 -6.86
      vertex 29.9093 112.384 -6.86
      vertex 30.188 111.916 -6.86
    endloop
  endfacet
  facet normal 0 0 -1
    outer loop
      vertex 29.8825 112.368 -6.86
      vertex 29.9093 112.384 -6.86
      vertex 30.1545 111.901 -6.86
    endloop
  endfacet
  facet normal 0 0 -1
    outer loop
      vertex 29.8825 112.368 -6.86
      vertex 30.1545 111.901 -6.86
      vertex 30.1199 111.887 -6.86
    endloop
  endfacet
  facet normal 0 0 -1
    outer loop
      vertex 29.8533 112.352 -6.86
      vertex 29.8825 112.368 -6.86
      vertex 30.0844 111.874 -6.86
    endloop
  endfacet
  facet normal 0 -0 -1
    outer loop
      vertex 29.6487 110.917 -6.86
      vertex 29.6552 110.463 -6.86
      vertex 29.5701 110.91 -6.86
    endloop
  endfacet
  facet normal 0 0 -1
    outer loop
      vertex 29.8533 112.352 -6.86
      vertex 30.0844 111.874 -6.86
      vertex 30.0443 111.86 -6.86
    endloop
  endfacet
  facet normal 0 -0 -1
    outer loop
      vertex 29.8533 112.352 -6.86
      vertex 30.0443 111.86 -6.86
      vertex 29.8219 112.337 -6.86
    endloop
  endfacet
  facet normal 0 -0 -1
    outer loop
      vertex 29.8219 112.337 -6.86
      vertex 29.9964 111.845 -6.86
      vertex 29.7846 112.323 -6.86
    endloop
  endfacet
  facet normal -0 0 -1
    outer loop
      vertex 29.9964 111.845 -6.86
      vertex 29.9404 111.829 -6.86
      vertex 29.7846 112.323 -6.86
    endloop
  endfacet
  facet normal 0 0 -1
    outer loop
      vertex 29.5701 110.91 -6.86
      vertex 29.5025 110.459 -6.86
      vertex 29.4862 110.908 -6.86
    endloop
  endfacet
  facet normal 0 0 -1
    outer loop
      vertex 29.9404 111.829 -6.86
      vertex 29.7377 112.307 -6.86
      vertex 29.7846 112.323 -6.86
    endloop
  endfacet
  facet normal 0 0 -1
    outer loop
      vertex 29.8764 111.812 -6.86
      vertex 29.6813 112.29 -6.86
      vertex 29.7377 112.307 -6.86
    endloop
  endfacet
  facet normal -0 0 -1
    outer loop
      vertex 29.8764 111.812 -6.86
      vertex 29.8045 111.793 -6.86
      vertex 29.6813 112.29 -6.86
    endloop
  endfacet
  facet normal 0 0 -1
    outer loop
      vertex 29.8045 111.793 -6.86
      vertex 29.6153 112.272 -6.86
      vertex 29.6813 112.29 -6.86
    endloop
  endfacet
  facet normal 0 0 -1
    outer loop
      vertex 29.7246 111.773 -6.86
      vertex 29.5398 112.253 -6.86
      vertex 29.6153 112.272 -6.86
    endloop
  endfacet
  facet normal -0 0 -1
    outer loop
      vertex 29.6368 111.753 -6.86
      vertex 29.5353 111.732 -6.86
      vertex 29.4547 112.233 -6.86
    endloop
  endfacet
  facet normal 0 0 -1
    outer loop
      vertex 28.7883 110.572 -6.86
      vertex 28.9731 111.033 -6.86
      vertex 29.0629 110.979 -6.86
    endloop
  endfacet
  facet normal 0 0 -1
    outer loop
      vertex 29.3601 112.212 -6.86
      vertex 29.5353 111.732 -6.86
      vertex 29.4437 111.711 -6.86
    endloop
  endfacet
  facet normal 0 0 -1
    outer loop
      vertex 29.362 111.692 -6.86
      vertex 29.2469 112.188 -6.86
      vertex 29.4437 111.711 -6.86
    endloop
  endfacet
  facet normal 0 -0 -1
    outer loop
      vertex 28.8704 111.189 -6.86
      vertex 28.9089 111.103 -6.86
      vertex 28.3757 110.909 -6.86
    endloop
  endfacet
  facet normal 0 0 -1
    outer loop
      vertex 28.9299 111.492 -6.86
      vertex 28.5185 111.905 -6.86
      vertex 28.5527 111.932 -6.86
    endloop
  endfacet
  facet normal 0 0 -1
    outer loop
      vertex 28.4874 111.878 -6.86
      vertex 28.5185 111.905 -6.86
      vertex 28.9299 111.492 -6.86
    endloop
  endfacet
  facet normal 0 0 -1
    outer loop
      vertex 28.4874 111.878 -6.86
      vertex 28.9299 111.492 -6.86
      vertex 28.9107 111.469 -6.86
    endloop
  endfacet
  facet normal 0 -0 -1
    outer loop
      vertex 28.4587 111.849 -6.86
      vertex 28.9107 111.469 -6.86
      vertex 28.4321 111.818 -6.86
    endloop
  endfacet
  facet normal 0 0 -1
    outer loop
      vertex 28.9107 111.469 -6.86
      vertex 28.4074 111.786 -6.86
      vertex 28.4321 111.818 -6.86
    endloop
  endfacet
  facet normal 0 0 -1
    outer loop
      vertex 28.3847 111.752 -6.86
      vertex 28.4074 111.786 -6.86
      vertex 28.8945 111.443 -6.86
    endloop
  endfacet
  facet normal 0 0 -1
    outer loop
      vertex 28.8945 111.443 -6.86
      vertex 28.4074 111.786 -6.86
      vertex 28.9107 111.469 -6.86
    endloop
  endfacet
  facet normal 0 0 -1
    outer loop
      vertex 28.3641 111.717 -6.86
      vertex 28.3847 111.752 -6.86
      vertex 28.8945 111.443 -6.86
    endloop
  endfacet
  facet normal -0 0 -1
    outer loop
      vertex 28.8945 111.443 -6.86
      vertex 28.8812 111.416 -6.86
      vertex 28.3454 111.68 -6.86
    endloop
  endfacet
  facet normal 0 -0 -1
    outer loop
      vertex 28.3641 111.717 -6.86
      vertex 28.8945 111.443 -6.86
      vertex 28.3454 111.68 -6.86
    endloop
  endfacet
  facet normal 0 -0 -1
    outer loop
      vertex 28.3287 111.642 -6.86
      vertex 28.8812 111.416 -6.86
      vertex 28.3141 111.602 -6.86
    endloop
  endfacet
  facet normal -0 0 -1
    outer loop
      vertex 28.8812 111.416 -6.86
      vertex 28.8709 111.388 -6.86
      vertex 28.3141 111.602 -6.86
    endloop
  endfacet
  facet normal 0 0 -1
    outer loop
      vertex 28.3018 111.56 -6.86
      vertex 28.3141 111.602 -6.86
      vertex 28.8709 111.388 -6.86
    endloop
  endfacet
  facet normal 0 -0 -1
    outer loop
      vertex 28.3018 111.56 -6.86
      vertex 28.8709 111.388 -6.86
      vertex 28.2917 111.516 -6.86
    endloop
  endfacet
  facet normal -0 0 -1
    outer loop
      vertex 28.8709 111.388 -6.86
      vertex 28.8635 111.357 -6.86
      vertex 28.2838 111.471 -6.86
    endloop
  endfacet
  facet normal 0 0 -1
    outer loop
      vertex 28.8635 111.357 -6.86
      vertex 28.2782 111.424 -6.86
      vertex 28.2838 111.471 -6.86
    endloop
  endfacet
  facet normal 0 0 -1
    outer loop
      vertex 28.8591 111.325 -6.86
      vertex 28.2749 111.376 -6.86
      vertex 28.2782 111.424 -6.86
    endloop
  endfacet
  facet normal 0 0 -1
    outer loop
      vertex 28.2738 111.325 -6.86
      vertex 28.8576 111.291 -6.86
      vertex 28.2801 111.209 -6.86
    endloop
  endfacet
  facet normal -0 0 -1
    outer loop
      vertex 28.8704 111.189 -6.86
      vertex 28.2993 111.101 -6.86
      vertex 28.8576 111.291 -6.86
    endloop
  endfacet
  facet normal 0 0 -1
    outer loop
      vertex 28.8576 111.291 -6.86
      vertex 28.2993 111.101 -6.86
      vertex 28.2801 111.209 -6.86
    endloop
  endfacet
  facet normal 0 0 -1
    outer loop
      vertex 28.3311 111.001 -6.86
      vertex 28.2993 111.101 -6.86
      vertex 28.8704 111.189 -6.86
    endloop
  endfacet
  facet normal 0 0 -1
    outer loop
      vertex 28.9089 111.103 -6.86
      vertex 28.4331 110.825 -6.86
      vertex 28.3757 110.909 -6.86
    endloop
  endfacet
  facet normal 0 0 -1
    outer loop
      vertex 28.5032 110.749 -6.86
      vertex 28.4331 110.825 -6.86
      vertex 28.9089 111.103 -6.86
    endloop
  endfacet
  facet normal 0 -0 -1
    outer loop
      vertex 28.9089 111.103 -6.86
      vertex 28.9731 111.033 -6.86
      vertex 28.5861 110.681 -6.86
    endloop
  endfacet
  facet normal 0 0 -1
    outer loop
      vertex 28.5032 110.749 -6.86
      vertex 28.9089 111.103 -6.86
      vertex 28.5861 110.681 -6.86
    endloop
  endfacet
  facet normal 0 0 -1
    outer loop
      vertex 28.9731 111.033 -6.86
      vertex 28.6812 110.622 -6.86
      vertex 28.5861 110.681 -6.86
    endloop
  endfacet
  facet normal 0 0 -1
    outer loop
      vertex 29.0629 110.979 -6.86
      vertex 29.0383 110.5 -6.86
      vertex 28.9073 110.531 -6.86
    endloop
  endfacet
  facet normal 0 0 -1
    outer loop
      vertex 28.7883 110.572 -6.86
      vertex 29.0629 110.979 -6.86
      vertex 28.9073 110.531 -6.86
    endloop
  endfacet
  facet normal -0 0 -1
    outer loop
      vertex 29.1783 110.94 -6.86
      vertex 29.0383 110.5 -6.86
      vertex 29.0629 110.979 -6.86
    endloop
  endfacet
  facet normal 0 0 -1
    outer loop
      vertex 29.1783 110.94 -6.86
      vertex 29.3195 110.916 -6.86
      vertex 29.1811 110.477 -6.86
    endloop
  endfacet
  facet normal 0 -0 -1
    outer loop
      vertex 29.3195 110.916 -6.86
      vertex 29.3359 110.463 -6.86
      vertex 29.1811 110.477 -6.86
    endloop
  endfacet
  facet normal -0 0 -1
    outer loop
      vertex 29.4862 110.908 -6.86
      vertex 29.3359 110.463 -6.86
      vertex 29.3195 110.916 -6.86
    endloop
  endfacet
  facet normal 0 0 -1
    outer loop
      vertex 29.5025 110.459 -6.86
      vertex 29.3359 110.463 -6.86
      vertex 29.4862 110.908 -6.86
    endloop
  endfacet
  facet normal 0 0 -1
    outer loop
      vertex 30.1687 110.558 -6.86
      vertex 29.9087 110.984 -6.86
      vertex 29.9603 111.011 -6.86
    endloop
  endfacet
  facet normal -0 0 -1
    outer loop
      vertex 30.3671 110.654 -6.86
      vertex 30.2728 110.602 -6.86
      vertex 30.0068 111.043 -6.86
    endloop
  endfacet
  facet normal 0 -0 -1
    outer loop
      vertex 30.0862 111.122 -6.86
      vertex 30.4521 110.714 -6.86
      vertex 30.0488 111.08 -6.86
    endloop
  endfacet
  facet normal 0 0 -1
    outer loop
      vertex 30.119 111.169 -6.86
      vertex 30.1473 111.222 -6.86
      vertex 30.5946 110.858 -6.86
    endloop
  endfacet
  facet normal 0 0 -1
    outer loop
      vertex 30.1473 111.222 -6.86
      vertex 30.6521 110.943 -6.86
      vertex 30.5946 110.858 -6.86
    endloop
  endfacet
  facet normal -0 0 -1
    outer loop
      vertex 30.7005 111.036 -6.86
      vertex 30.6521 110.943 -6.86
      vertex 30.1473 111.222 -6.86
    endloop
  endfacet
  facet normal 0 0 -1
    outer loop
      vertex 30.119 111.169 -6.86
      vertex 30.5946 110.858 -6.86
      vertex 30.5279 110.782 -6.86
    endloop
  endfacet
  facet normal 0 0 -1
    outer loop
      vertex 30.1473 111.222 -6.86
      vertex 30.171 111.279 -6.86
      vertex 30.7005 111.036 -6.86
    endloop
  endfacet
  facet normal 0 0 -1
    outer loop
      vertex 30.171 111.279 -6.86
      vertex 30.7398 111.137 -6.86
      vertex 30.7005 111.036 -6.86
    endloop
  endfacet
  facet normal -0 0 -1
    outer loop
      vertex 30.7699 111.246 -6.86
      vertex 30.7398 111.137 -6.86
      vertex 30.1901 111.342 -6.86
    endloop
  endfacet
  facet normal 0 -0 -1
    outer loop
      vertex 30.1901 111.342 -6.86
      vertex 30.7398 111.137 -6.86
      vertex 30.171 111.279 -6.86
    endloop
  endfacet
  facet normal 0 -0 -1
    outer loop
      vertex 30.119 111.169 -6.86
      vertex 30.5279 110.782 -6.86
      vertex 30.0862 111.122 -6.86
    endloop
  endfacet
  facet normal -0 0 -1
    outer loop
      vertex 30.5279 110.782 -6.86
      vertex 30.4521 110.714 -6.86
      vertex 30.0862 111.122 -6.86
    endloop
  endfacet
  facet normal -0 0 -1
    outer loop
      vertex 30.4521 110.714 -6.86
      vertex 30.3671 110.654 -6.86
      vertex 30.0488 111.08 -6.86
    endloop
  endfacet
  facet normal 0 0 -1
    outer loop
      vertex 30.3671 110.654 -6.86
      vertex 30.0068 111.043 -6.86
      vertex 30.0488 111.08 -6.86
    endloop
  endfacet
  facet normal 0 0 -1
    outer loop
      vertex 30.2728 110.602 -6.86
      vertex 29.9603 111.011 -6.86
      vertex 30.0068 111.043 -6.86
    endloop
  endfacet
  facet normal 0 0 -1
    outer loop
      vertex 30.1687 110.558 -6.86
      vertex 29.9603 111.011 -6.86
      vertex 30.2728 110.602 -6.86
    endloop
  endfacet
  facet normal 0 0 -1
    outer loop
      vertex 30.0549 110.522 -6.86
      vertex 29.9087 110.984 -6.86
      vertex 30.1687 110.558 -6.86
    endloop
  endfacet
  facet normal 0 0 -1
    outer loop
      vertex 29.8518 110.961 -6.86
      vertex 29.9087 110.984 -6.86
      vertex 30.0549 110.522 -6.86
    endloop
  endfacet
  facet normal 0 0 -1
    outer loop
      vertex 29.7895 110.942 -6.86
      vertex 29.8518 110.961 -6.86
      vertex 29.9314 110.495 -6.86
    endloop
  endfacet
  facet normal 0 0 -1
    outer loop
      vertex 29.7895 110.942 -6.86
      vertex 29.9314 110.495 -6.86
      vertex 29.7981 110.475 -6.86
    endloop
  endfacet
  facet normal 0 -0 -1
    outer loop
      vertex 29.7218 110.927 -6.86
      vertex 29.7981 110.475 -6.86
      vertex 29.6487 110.917 -6.86
    endloop
  endfacet
  facet normal -0 0 -1
    outer loop
      vertex 29.7981 110.475 -6.86
      vertex 29.6552 110.463 -6.86
      vertex 29.6487 110.917 -6.86
    endloop
  endfacet
  facet normal -0 0 -1
    outer loop
      vertex 29.6552 110.463 -6.86
      vertex 29.5025 110.459 -6.86
      vertex 29.5701 110.91 -6.86
    endloop
  endfacet
  facet normal 0 -0 -1
    outer loop
      vertex 25.9519 111.209 -6.86
      vertex 26.0461 111.109 -6.86
      vertex 25.6027 110.794 -6.86
    endloop
  endfacet
  facet normal 0 0 -1
    outer loop
      vertex 25.3904 111.059 -6.86
      vertex 25.3325 111.164 -6.86
      vertex 25.8711 111.331 -6.86
    endloop
  endfacet
  facet normal 0 0 -1
    outer loop
      vertex 25.3325 111.164 -6.86
      vertex 25.8039 111.476 -6.86
      vertex 25.8711 111.331 -6.86
    endloop
  endfacet
  facet normal 0 0 -1
    outer loop
      vertex 26.0461 111.109 -6.86
      vertex 25.7764 110.661 -6.86
      vertex 25.6863 110.723 -6.86
    endloop
  endfacet
  facet normal -0 0 -1
    outer loop
      vertex 26.154 111.031 -6.86
      vertex 25.7764 110.661 -6.86
      vertex 26.0461 111.109 -6.86
    endloop
  endfacet
  facet normal 0 0 -1
    outer loop
      vertex 26.154 111.031 -6.86
      vertex 25.8723 110.607 -6.86
      vertex 25.7764 110.661 -6.86
    endloop
  endfacet
  facet normal 0 0 -1
    outer loop
      vertex 27.3837 112.205 -6.86
      vertex 27.9977 112.141 -6.86
      vertex 27.3966 112.08 -6.86
    endloop
  endfacet
  facet normal 0 0 -1
    outer loop
      vertex 27.3321 112.425 -6.86
      vertex 27.8862 112.646 -6.86
      vertex 27.9382 112.491 -6.86
    endloop
  endfacet
  facet normal 0 0 -1
    outer loop
      vertex 27.1261 112.751 -6.86
      vertex 27.5302 113.131 -6.86
      vertex 27.1903 112.684 -6.86
    endloop
  endfacet
  facet normal 0 -0 -1
    outer loop
      vertex 27.2687 113.285 -6.86
      vertex 27.4061 113.215 -6.86
      vertex 27.054 112.808 -6.86
    endloop
  endfacet
  facet normal 0 0 -1
    outer loop
      vertex 25.9735 110.562 -6.86
      vertex 25.8723 110.607 -6.86
      vertex 26.154 111.031 -6.86
    endloop
  endfacet
  facet normal 0 0 -1
    outer loop
      vertex 26.08 110.525 -6.86
      vertex 26.2753 110.975 -6.86
      vertex 26.1918 110.496 -6.86
    endloop
  endfacet
  facet normal 0 0 -1
    outer loop
      vertex 26.08 110.525 -6.86
      vertex 26.154 111.031 -6.86
      vertex 26.2753 110.975 -6.86
    endloop
  endfacet
  facet normal 0 0 -1
    outer loop
      vertex 27.6277 110.85 -6.86
      vertex 27.2417 111.27 -6.86
      vertex 27.7278 110.969 -6.86
    endloop
  endfacet
  facet normal 0 -0 -1
    outer loop
      vertex 26.4102 110.942 -6.86
      vertex 26.4311 110.463 -6.86
      vertex 26.3088 110.475 -6.86
    endloop
  endfacet
  facet normal -0 0 -1
    outer loop
      vertex 26.5586 110.931 -6.86
      vertex 26.4311 110.463 -6.86
      vertex 26.4102 110.942 -6.86
    endloop
  endfacet
  facet normal 0 0 -1
    outer loop
      vertex 26.5586 110.459 -6.86
      vertex 26.4311 110.463 -6.86
      vertex 26.5586 110.931 -6.86
    endloop
  endfacet
  facet normal 0 0 -1
    outer loop
      vertex 27.5135 110.746 -6.86
      vertex 27.1842 111.191 -6.86
      vertex 27.6277 110.85 -6.86
    endloop
  endfacet
  facet normal 0 0 -1
    outer loop
      vertex 27.0938 110.531 -6.86
      vertex 26.8738 110.978 -6.86
      vertex 26.9632 111.016 -6.86
    endloop
  endfacet
  facet normal 0 0 -1
    outer loop
      vertex 27.5135 110.746 -6.86
      vertex 27.1184 111.122 -6.86
      vertex 27.1842 111.191 -6.86
    endloop
  endfacet
  facet normal 0 0 -1
    outer loop
      vertex 27.7278 110.969 -6.86
      vertex 27.2417 111.27 -6.86
      vertex 27.2903 111.359 -6.86
    endloop
  endfacet
  facet normal 0 0 -1
    outer loop
      vertex 27.9358 111.4 -6.86
      vertex 27.3301 111.457 -6.86
      vertex 27.3611 111.565 -6.86
    endloop
  endfacet
  facet normal 0 -0 -1
    outer loop
      vertex 27.3964 111.809 -6.86
      vertex 27.9974 111.751 -6.86
      vertex 27.3832 111.682 -6.86
    endloop
  endfacet
  facet normal -0 0 -1
    outer loop
      vertex 28.0051 111.946 -6.86
      vertex 27.3964 111.809 -6.86
      vertex 27.4009 111.946 -6.86
    endloop
  endfacet
  facet normal 0 0 -1
    outer loop
      vertex 27.3622 112.32 -6.86
      vertex 27.9382 112.491 -6.86
      vertex 27.9754 112.322 -6.86
    endloop
  endfacet
  facet normal 0 0 -1
    outer loop
      vertex 27.3321 112.425 -6.86
      vertex 27.9382 112.491 -6.86
      vertex 27.3622 112.32 -6.86
    endloop
  endfacet
  facet normal 0 0 -1
    outer loop
      vertex 27.2934 112.521 -6.86
      vertex 27.8193 112.787 -6.86
      vertex 27.8862 112.646 -6.86
    endloop
  endfacet
  facet normal -0 0 -1
    outer loop
      vertex 27.6409 113.03 -6.86
      vertex 27.1903 112.684 -6.86
      vertex 27.5302 113.131 -6.86
    endloop
  endfacet
  facet normal -0 0 -1
    outer loop
      vertex 27.5302 113.131 -6.86
      vertex 27.1261 112.751 -6.86
      vertex 27.4061 113.215 -6.86
    endloop
  endfacet
  facet normal 0 0 -1
    outer loop
      vertex 27.2687 113.285 -6.86
      vertex 27.054 112.808 -6.86
      vertex 26.9738 112.854 -6.86
    endloop
  endfacet
  facet normal -0 0 -1
    outer loop
      vertex 27.1178 113.339 -6.86
      vertex 26.8856 112.89 -6.86
      vertex 26.9536 113.378 -6.86
    endloop
  endfacet
  facet normal -0 0 -1
    outer loop
      vertex 27.2687 113.285 -6.86
      vertex 26.9738 112.854 -6.86
      vertex 27.1178 113.339 -6.86
    endloop
  endfacet
  facet normal 0 0 -1
    outer loop
      vertex 26.8856 112.89 -6.86
      vertex 26.7894 112.916 -6.86
      vertex 26.9536 113.378 -6.86
    endloop
  endfacet
  facet normal -0 0 -1
    outer loop
      vertex 26.776 113.401 -6.86
      vertex 26.6851 112.931 -6.86
      vertex 26.5851 113.409 -6.86
    endloop
  endfacet
  facet normal 0 0 -1
    outer loop
      vertex 26.5851 113.409 -6.86
      vertex 26.5729 112.937 -6.86
      vertex 26.4982 112.934 -6.86
    endloop
  endfacet
  facet normal 0 0 -1
    outer loop
      vertex 26.3121 113.392 -6.86
      vertex 26.4448 113.404 -6.86
      vertex 26.4263 112.926 -6.86
    endloop
  endfacet
  facet normal 0 0 -1
    outer loop
      vertex 26.3121 113.392 -6.86
      vertex 26.4263 112.926 -6.86
      vertex 26.3573 112.913 -6.86
    endloop
  endfacet
  facet normal 0 0 -1
    outer loop
      vertex 26.187 113.371 -6.86
      vertex 26.3573 112.913 -6.86
      vertex 26.2912 112.895 -6.86
    endloop
  endfacet
  facet normal 0 0 -1
    outer loop
      vertex 26.1676 112.843 -6.86
      vertex 25.9598 113.305 -6.86
      vertex 26.228 112.872 -6.86
    endloop
  endfacet
  facet normal 0 0 -1
    outer loop
      vertex 25.9598 113.305 -6.86
      vertex 26.0696 113.342 -6.86
      vertex 26.228 112.872 -6.86
    endloop
  endfacet
  facet normal 0 0 -1
    outer loop
      vertex 25.8577 113.26 -6.86
      vertex 26.1676 112.843 -6.86
      vertex 26.1101 112.809 -6.86
    endloop
  endfacet
  facet normal 0 -0 -1
    outer loop
      vertex 25.8577 113.26 -6.86
      vertex 26.1101 112.809 -6.86
      vertex 25.7632 113.206 -6.86
    endloop
  endfacet
  facet normal 0 -0 -1
    outer loop
      vertex 25.9598 113.305 -6.86
      vertex 26.1676 112.843 -6.86
      vertex 25.8577 113.26 -6.86
    endloop
  endfacet
  facet normal 0 0 -1
    outer loop
      vertex 26.0566 112.771 -6.86
      vertex 25.7632 113.206 -6.86
      vertex 26.1101 112.809 -6.86
    endloop
  endfacet
  facet normal 0 0 -1
    outer loop
      vertex 26.0084 112.73 -6.86
      vertex 25.6764 113.144 -6.86
      vertex 26.0566 112.771 -6.86
    endloop
  endfacet
  facet normal 0 0 -1
    outer loop
      vertex 25.9655 112.684 -6.86
      vertex 25.5973 113.075 -6.86
      vertex 26.0084 112.73 -6.86
    endloop
  endfacet
  facet normal 0 0 -1
    outer loop
      vertex 25.5259 112.998 -6.86
      vertex 25.5973 113.075 -6.86
      vertex 25.9655 112.684 -6.86
    endloop
  endfacet
  facet normal 0 0 -1
    outer loop
      vertex 25.5259 112.998 -6.86
      vertex 25.9655 112.684 -6.86
      vertex 25.9279 112.635 -6.86
    endloop
  endfacet
  facet normal 0 -0 -1
    outer loop
      vertex 25.5259 112.998 -6.86
      vertex 25.9279 112.635 -6.86
      vertex 25.4623 112.913 -6.86
    endloop
  endfacet
  facet normal -0 0 -1
    outer loop
      vertex 25.9279 112.635 -6.86
      vertex 25.8955 112.583 -6.86
      vertex 25.4623 112.913 -6.86
    endloop
  endfacet
  facet normal 0 0 -1
    outer loop
      vertex 25.8955 112.583 -6.86
      vertex 25.4063 112.82 -6.86
      vertex 25.4623 112.913 -6.86
    endloop
  endfacet
  facet normal 0 0 -1
    outer loop
      vertex 25.8684 112.526 -6.86
      vertex 25.4063 112.82 -6.86
      vertex 25.8955 112.583 -6.86
    endloop
  endfacet
  facet normal 0 0 -1
    outer loop
      vertex 25.3581 112.719 -6.86
      vertex 25.4063 112.82 -6.86
      vertex 25.8684 112.526 -6.86
    endloop
  endfacet
  facet normal 0 0 -1
    outer loop
      vertex 25.3581 112.719 -6.86
      vertex 25.8684 112.526 -6.86
      vertex 25.8466 112.467 -6.86
    endloop
  endfacet
  facet normal 0 0 -1
    outer loop
      vertex 23.2016 110.884 -6.86
      vertex 23.6996 111.129 -6.86
      vertex 23.2592 110.798 -6.86
    endloop
  endfacet
  facet normal 0 -0 -1
    outer loop
      vertex 25.3581 112.719 -6.86
      vertex 25.8466 112.467 -6.86
      vertex 25.3177 112.611 -6.86
    endloop
  endfacet
  facet normal 0 0 -1
    outer loop
      vertex 23.6644 111.233 -6.86
      vertex 23.118 111.081 -6.86
      vertex 23.0918 111.192 -6.86
    endloop
  endfacet
  facet normal 0 0 -1
    outer loop
      vertex 25.5973 113.075 -6.86
      vertex 25.6764 113.144 -6.86
      vertex 26.0084 112.73 -6.86
    endloop
  endfacet
  facet normal 0 -0 -1
    outer loop
      vertex 23.6446 111.421 -6.86
      vertex 23.6467 111.354 -6.86
      vertex 23.0761 111.31 -6.86
    endloop
  endfacet
  facet normal 0 0 -1
    outer loop
      vertex 25.6764 113.144 -6.86
      vertex 25.7632 113.206 -6.86
      vertex 26.0566 112.771 -6.86
    endloop
  endfacet
  facet normal -0 0 -1
    outer loop
      vertex 23.6653 111.609 -6.86
      vertex 23.6538 111.551 -6.86
      vertex 23.0891 111.662 -6.86
    endloop
  endfacet
  facet normal 0 0 -1
    outer loop
      vertex 26.0696 113.342 -6.86
      vertex 26.2912 112.895 -6.86
      vertex 26.228 112.872 -6.86
    endloop
  endfacet
  facet normal 0 0 -1
    outer loop
      vertex 25.0627 111.496 -6.86
      vertex 24.4824 111.537 -6.86
      vertex 24.4754 111.59 -6.86
    endloop
  endfacet
  facet normal -0 0 -1
    outer loop
      vertex 26.4982 112.934 -6.86
      vertex 26.4263 112.926 -6.86
      vertex 26.4448 113.404 -6.86
    endloop
  endfacet
  facet normal 0 0 -1
    outer loop
      vertex 23.9029 112.345 -6.86
      vertex 23.9607 112.343 -6.86
      vertex 23.9618 111.913 -6.86
    endloop
  endfacet
  facet normal 0 0 -1
    outer loop
      vertex 26.6851 112.931 -6.86
      vertex 26.5729 112.937 -6.86
      vertex 26.5851 113.409 -6.86
    endloop
  endfacet
  facet normal -0 0 -1
    outer loop
      vertex 26.9536 113.378 -6.86
      vertex 26.7894 112.916 -6.86
      vertex 26.776 113.401 -6.86
    endloop
  endfacet
  facet normal 0 0 -1
    outer loop
      vertex 24.2636 112.882 -6.86
      vertex 24.4168 113.337 -6.86
      vertex 24.5294 113.282 -6.86
    endloop
  endfacet
  facet normal 0 0 -1
    outer loop
      vertex 23.9603 112.951 -6.86
      vertex 23.92 113.405 -6.86
      vertex 24.0209 113.409 -6.86
    endloop
  endfacet
  facet normal 0 0 -1
    outer loop
      vertex 23.5095 113.29 -6.86
      vertex 23.579 113.327 -6.86
      vertex 23.8381 112.905 -6.86
    endloop
  endfacet
  facet normal 0 0 -1
    outer loop
      vertex 23.8381 112.905 -6.86
      vertex 23.6549 113.356 -6.86
      vertex 23.8953 112.934 -6.86
    endloop
  endfacet
  facet normal 0 0 -1
    outer loop
      vertex 24.212 112.915 -6.86
      vertex 24.2945 113.377 -6.86
      vertex 24.4168 113.337 -6.86
    endloop
  endfacet
  facet normal 0 0 -1
    outer loop
      vertex 27.2462 112.607 -6.86
      vertex 27.1903 112.684 -6.86
      vertex 27.6409 113.03 -6.86
    endloop
  endfacet
  facet normal 0 0 -1
    outer loop
      vertex 27.2934 112.521 -6.86
      vertex 27.2462 112.607 -6.86
      vertex 27.7376 112.915 -6.86
    endloop
  endfacet
  facet normal 0 0 -1
    outer loop
      vertex 27.2934 112.521 -6.86
      vertex 27.7376 112.915 -6.86
      vertex 27.8193 112.787 -6.86
    endloop
  endfacet
  facet normal 0 0 -1
    outer loop
      vertex 27.3321 112.425 -6.86
      vertex 27.2934 112.521 -6.86
      vertex 27.8862 112.646 -6.86
    endloop
  endfacet
  facet normal 0 0 -1
    outer loop
      vertex 27.9754 112.322 -6.86
      vertex 27.3837 112.205 -6.86
      vertex 27.3622 112.32 -6.86
    endloop
  endfacet
  facet normal 0 0 -1
    outer loop
      vertex 27.4009 111.946 -6.86
      vertex 27.3966 112.08 -6.86
      vertex 28.0051 111.946 -6.86
    endloop
  endfacet
  facet normal 0 0 -1
    outer loop
      vertex 27.3964 111.809 -6.86
      vertex 28.0051 111.946 -6.86
      vertex 27.9974 111.751 -6.86
    endloop
  endfacet
  facet normal 0 0 -1
    outer loop
      vertex 27.9743 111.569 -6.86
      vertex 27.3832 111.682 -6.86
      vertex 27.9974 111.751 -6.86
    endloop
  endfacet
  facet normal 0 0 -1
    outer loop
      vertex 27.8819 111.243 -6.86
      vertex 27.3301 111.457 -6.86
      vertex 27.9358 111.4 -6.86
    endloop
  endfacet
  facet normal -0 0 -1
    outer loop
      vertex 27.8125 111.1 -6.86
      vertex 27.7278 110.969 -6.86
      vertex 27.2903 111.359 -6.86
    endloop
  endfacet
  facet normal 0 -0 -1
    outer loop
      vertex 27.2417 111.27 -6.86
      vertex 27.6277 110.85 -6.86
      vertex 27.1842 111.191 -6.86
    endloop
  endfacet
  facet normal 0 0 -1
    outer loop
      vertex 27.1184 111.122 -6.86
      vertex 27.5135 110.746 -6.86
      vertex 27.3864 110.659 -6.86
    endloop
  endfacet
  facet normal 0 -0 -1
    outer loop
      vertex 27.1184 111.122 -6.86
      vertex 27.3864 110.659 -6.86
      vertex 27.0447 111.064 -6.86
    endloop
  endfacet
  facet normal 0 -0 -1
    outer loop
      vertex 27.0447 111.064 -6.86
      vertex 27.2465 110.587 -6.86
      vertex 26.9632 111.016 -6.86
    endloop
  endfacet
  facet normal -0 0 -1
    outer loop
      vertex 27.2465 110.587 -6.86
      vertex 27.0938 110.531 -6.86
      vertex 26.9632 111.016 -6.86
    endloop
  endfacet
  facet normal -0 0 -1
    outer loop
      vertex 27.0938 110.531 -6.86
      vertex 26.9282 110.491 -6.86
      vertex 26.8738 110.978 -6.86
    endloop
  endfacet
  facet normal 0 0 -1
    outer loop
      vertex 26.9282 110.491 -6.86
      vertex 26.7766 110.952 -6.86
      vertex 26.8738 110.978 -6.86
    endloop
  endfacet
  facet normal 0 0 -1
    outer loop
      vertex 26.7499 110.467 -6.86
      vertex 26.6715 110.936 -6.86
      vertex 26.7766 110.952 -6.86
    endloop
  endfacet
  facet normal 0 0 -1
    outer loop
      vertex 26.5586 110.459 -6.86
      vertex 26.6715 110.936 -6.86
      vertex 26.7499 110.467 -6.86
    endloop
  endfacet
  facet normal 0 0 -1
    outer loop
      vertex 23.1546 110.979 -6.86
      vertex 23.6798 111.178 -6.86
      vertex 23.2016 110.884 -6.86
    endloop
  endfacet
  facet normal -0 0 -1
    outer loop
      vertex 23.6534 111.291 -6.86
      vertex 23.0918 111.192 -6.86
      vertex 23.0761 111.31 -6.86
    endloop
  endfacet
  facet normal 0 0 -1
    outer loop
      vertex 23.3272 110.719 -6.86
      vertex 23.2592 110.798 -6.86
      vertex 23.7238 111.083 -6.86
    endloop
  endfacet
  facet normal 0 -0 -1
    outer loop
      vertex 21.8709 110.864 -6.86
      vertex 21.9484 110.463 -6.86
      vertex 21.8129 110.459 -6.86
    endloop
  endfacet
  facet normal -0 0 -1
    outer loop
      vertex 23.6469 111.488 -6.86
      vertex 23.0709 111.437 -6.86
      vertex 23.0754 111.553 -6.86
    endloop
  endfacet
  facet normal -0 0 -1
    outer loop
      vertex 21.3796 111.282 -6.86
      vertex 20.791 111.196 -6.86
      vertex 20.7855 111.307 -6.86
    endloop
  endfacet
  facet normal 0 -0 -1
    outer loop
      vertex 23.7524 111.042 -6.86
      vertex 23.7849 111.005 -6.86
      vertex 23.4044 110.65 -6.86
    endloop
  endfacet
  facet normal 0 0 -1
    outer loop
      vertex 21.3796 111.282 -6.86
      vertex 20.7855 111.307 -6.86
      vertex 21.3775 111.354 -6.86
    endloop
  endfacet
  facet normal 0 0 -1
    outer loop
      vertex 23.1439 111.859 -6.86
      vertex 23.185 111.947 -6.86
      vertex 23.6814 111.662 -6.86
    endloop
  endfacet
  facet normal 0 0 -1
    outer loop
      vertex 23.3619 112.165 -6.86
      vertex 23.7575 111.794 -6.86
      vertex 23.7275 111.755 -6.86
    endloop
  endfacet
  facet normal 0 0 -1
    outer loop
      vertex 22.075 110.477 -6.86
      vertex 22.029 110.899 -6.86
      vertex 22.1926 110.499 -6.86
    endloop
  endfacet
  facet normal 0 0 -1
    outer loop
      vertex 24.4638 111.638 -6.86
      vertex 24.4475 111.684 -6.86
      vertex 25.0793 111.674 -6.86
    endloop
  endfacet
  facet normal 0 0 -1
    outer loop
      vertex 20.8073 111.092 -6.86
      vertex 21.3967 111.157 -6.86
      vertex 20.8345 110.995 -6.86
    endloop
  endfacet
  facet normal 0 0 -1
    outer loop
      vertex 24.0677 111.923 -6.86
      vertex 24.1238 112.318 -6.86
      vertex 24.1746 112.303 -6.86
    endloop
  endfacet
  facet normal 0 -0 -1
    outer loop
      vertex 22.0722 110.921 -6.86
      vertex 22.1926 110.499 -6.86
      vertex 22.029 110.899 -6.86
    endloop
  endfacet
  facet normal 0 0 -1
    outer loop
      vertex 20.866 111.663 -6.86
      vertex 20.9014 111.722 -6.86
      vertex 21.3866 111.473 -6.86
    endloop
  endfacet
  facet normal 0 0 -1
    outer loop
      vertex 23.9607 112.343 -6.86
      vertex 24.013 111.921 -6.86
      vertex 23.9618 111.913 -6.86
    endloop
  endfacet
  facet normal 0 0 -1
    outer loop
      vertex 21.414 111.574 -6.86
      vertex 20.9432 111.776 -6.86
      vertex 20.9907 111.825 -6.86
    endloop
  endfacet
  facet normal 0 -0 -1
    outer loop
      vertex 24.0168 112.338 -6.86
      vertex 24.0712 112.33 -6.86
      vertex 24.013 111.921 -6.86
    endloop
  endfacet
  facet normal 0 -0 -1
    outer loop
      vertex 24.0712 112.33 -6.86
      vertex 24.1238 112.318 -6.86
      vertex 24.0677 111.923 -6.86
    endloop
  endfacet
  facet normal 0 0 -1
    outer loop
      vertex 20.8682 112.517 -6.86
      vertex 20.8596 112.58 -6.86
      vertex 21.4446 112.615 -6.86
    endloop
  endfacet
  facet normal 0 0 -1
    outer loop
      vertex 19.9375 112.549 -6.86
      vertex 20.4917 112.572 -6.86
      vertex 19.9474 112.483 -6.86
    endloop
  endfacet
  facet normal 0 0 -1
    outer loop
      vertex 24.2593 111.884 -6.86
      vertex 24.4673 112.111 -6.86
      vertex 24.2996 111.862 -6.86
    endloop
  endfacet
  facet normal 0 0 -1
    outer loop
      vertex 21.3775 112.003 -6.86
      vertex 21.6739 112.222 -6.86
      vertex 21.7063 111.794 -6.86
    endloop
  endfacet
  facet normal -0 0 -1
    outer loop
      vertex 22.7635 112.521 -6.86
      vertex 22.749 112.459 -6.86
      vertex 22.1913 112.615 -6.86
    endloop
  endfacet
  facet normal 0 0 -1
    outer loop
      vertex 24.9949 112.619 -6.86
      vertex 24.5013 112.387 -6.86
      vertex 24.4826 112.486 -6.86
    endloop
  endfacet
  facet normal 0 -0 -1
    outer loop
      vertex 24.8092 113.021 -6.86
      vertex 24.8824 112.902 -6.86
      vertex 24.3942 112.727 -6.86
    endloop
  endfacet
  facet normal 0 0 -1
    outer loop
      vertex 23.1482 112.749 -6.86
      vertex 23.1757 112.842 -6.86
      vertex 23.6873 112.674 -6.86
    endloop
  endfacet
  facet normal 0 0 -1
    outer loop
      vertex 24.212 112.915 -6.86
      vertex 24.4168 113.337 -6.86
      vertex 24.2636 112.882 -6.86
    endloop
  endfacet
  facet normal 0 0 -1
    outer loop
      vertex 24.1564 112.938 -6.86
      vertex 24.2945 113.377 -6.86
      vertex 24.212 112.915 -6.86
    endloop
  endfacet
  facet normal 0 0 -1
    outer loop
      vertex 24.3112 112.84 -6.86
      vertex 24.2636 112.882 -6.86
      vertex 24.6324 113.211 -6.86
    endloop
  endfacet
  facet normal 0 -0 -1
    outer loop
      vertex 24.9442 112.769 -6.86
      vertex 24.9949 112.619 -6.86
      vertex 24.4585 112.576 -6.86
    endloop
  endfacet
  facet normal 0 0 -1
    outer loop
      vertex 24.4475 111.684 -6.86
      vertex 24.4266 111.727 -6.86
      vertex 24.5254 112.029 -6.86
    endloop
  endfacet
  facet normal 0 0 -1
    outer loop
      vertex 24.2996 111.862 -6.86
      vertex 24.4978 112.071 -6.86
      vertex 24.5254 112.029 -6.86
    endloop
  endfacet
  facet normal 0 -0 -1
    outer loop
      vertex 24.4339 112.147 -6.86
      vertex 24.4673 112.111 -6.86
      vertex 24.2593 111.884 -6.86
    endloop
  endfacet
  facet normal 0 0 -1
    outer loop
      vertex 24.216 111.901 -6.86
      vertex 24.3583 112.211 -6.86
      vertex 24.3976 112.18 -6.86
    endloop
  endfacet
  facet normal 0 -0 -1
    outer loop
      vertex 24.3162 112.238 -6.86
      vertex 24.3583 112.211 -6.86
      vertex 24.216 111.901 -6.86
    endloop
  endfacet
  facet normal -0 0 -1
    outer loop
      vertex 24.3162 112.238 -6.86
      vertex 24.1697 111.914 -6.86
      vertex 24.2711 112.263 -6.86
    endloop
  endfacet
  facet normal 0 0 -1
    outer loop
      vertex 23.3619 112.165 -6.86
      vertex 23.4356 112.22 -6.86
      vertex 23.7575 111.794 -6.86
    endloop
  endfacet
  facet normal 0 -0 -1
    outer loop
      vertex 23.2946 112.1 -6.86
      vertex 23.7275 111.755 -6.86
      vertex 23.2353 112.027 -6.86
    endloop
  endfacet
  facet normal 0 -0 -1
    outer loop
      vertex 25.0624 112.274 -6.86
      vertex 25.0793 112.078 -6.86
      vertex 24.5228 112.158 -6.86
    endloop
  endfacet
  facet normal 0 0 -1
    outer loop
      vertex 23.112 111.764 -6.86
      vertex 23.6814 111.662 -6.86
      vertex 23.6653 111.609 -6.86
    endloop
  endfacet
  facet normal -0 0 -1
    outer loop
      vertex 25.0627 111.496 -6.86
      vertex 24.4847 111.482 -6.86
      vertex 24.4824 111.537 -6.86
    endloop
  endfacet
  facet normal 0 -0 -1
    outer loop
      vertex 24 110.907 -6.86
      vertex 24.0351 110.459 -6.86
      vertex 23.9101 110.464 -6.86
    endloop
  endfacet
  facet normal 0 0 -1
    outer loop
      vertex 24.475 111.346 -6.86
      vertex 24.4823 111.412 -6.86
      vertex 25.035 111.331 -6.86
    endloop
  endfacet
  facet normal 0 0 -1
    outer loop
      vertex 24.5147 112.277 -6.86
      vertex 25.0342 112.454 -6.86
      vertex 25.0624 112.274 -6.86
    endloop
  endfacet
  facet normal 0 0 -1
    outer loop
      vertex 25.0342 112.454 -6.86
      vertex 24.5147 112.277 -6.86
      vertex 24.5013 112.387 -6.86
    endloop
  endfacet
  facet normal -0 0 -1
    outer loop
      vertex 24.9442 112.769 -6.86
      vertex 24.429 112.656 -6.86
      vertex 24.8824 112.902 -6.86
    endloop
  endfacet
  facet normal 0 0 -1
    outer loop
      vertex 24.3112 112.84 -6.86
      vertex 24.7256 113.124 -6.86
      vertex 24.3547 112.788 -6.86
    endloop
  endfacet
  facet normal 0 0 -1
    outer loop
      vertex 24.2636 112.882 -6.86
      vertex 24.5294 113.282 -6.86
      vertex 24.6324 113.211 -6.86
    endloop
  endfacet
  facet normal 0 0 -1
    outer loop
      vertex 24.0331 112.957 -6.86
      vertex 24.1625 113.401 -6.86
      vertex 24.0968 112.952 -6.86
    endloop
  endfacet
  facet normal 0 -0 -1
    outer loop
      vertex 24.1625 113.401 -6.86
      vertex 24.2945 113.377 -6.86
      vertex 24.1564 112.938 -6.86
    endloop
  endfacet
  facet normal 0 0 -1
    outer loop
      vertex 24.0209 113.409 -6.86
      vertex 24.1625 113.401 -6.86
      vertex 24.0331 112.957 -6.86
    endloop
  endfacet
  facet normal 0 0 -1
    outer loop
      vertex 23.8254 113.395 -6.86
      vertex 23.92 113.405 -6.86
      vertex 23.9603 112.951 -6.86
    endloop
  endfacet
  facet normal 0 0 -1
    outer loop
      vertex 23.6549 113.356 -6.86
      vertex 23.737 113.379 -6.86
      vertex 23.8953 112.934 -6.86
    endloop
  endfacet
  facet normal 0 0 -1
    outer loop
      vertex 23.737 113.379 -6.86
      vertex 23.8254 113.395 -6.86
      vertex 23.8953 112.934 -6.86
    endloop
  endfacet
  facet normal 0 0 -1
    outer loop
      vertex 23.579 113.327 -6.86
      vertex 23.6549 113.356 -6.86
      vertex 23.8381 112.905 -6.86
    endloop
  endfacet
  facet normal 0 -0 -1
    outer loop
      vertex 23.5095 113.29 -6.86
      vertex 23.7887 112.865 -6.86
      vertex 23.4462 113.248 -6.86
    endloop
  endfacet
  facet normal -0 0 -1
    outer loop
      vertex 23.7887 112.865 -6.86
      vertex 23.7471 112.813 -6.86
      vertex 23.3885 113.198 -6.86
    endloop
  endfacet
  facet normal 0 0 -1
    outer loop
      vertex 23.7887 112.865 -6.86
      vertex 23.3885 113.198 -6.86
      vertex 23.4462 113.248 -6.86
    endloop
  endfacet
  facet normal 0 0 -1
    outer loop
      vertex 23.3359 113.142 -6.86
      vertex 23.3885 113.198 -6.86
      vertex 23.7471 112.813 -6.86
    endloop
  endfacet
  facet normal 0 0 -1
    outer loop
      vertex 23.2883 113.078 -6.86
      vertex 23.7471 112.813 -6.86
      vertex 23.7133 112.749 -6.86
    endloop
  endfacet
  facet normal 0 -0 -1
    outer loop
      vertex 23.2883 113.078 -6.86
      vertex 23.7133 112.749 -6.86
      vertex 23.2457 113.006 -6.86
    endloop
  endfacet
  facet normal 0 0 -1
    outer loop
      vertex 23.7133 112.749 -6.86
      vertex 23.2082 112.928 -6.86
      vertex 23.2457 113.006 -6.86
    endloop
  endfacet
  facet normal 0 0 -1
    outer loop
      vertex 23.6873 112.674 -6.86
      vertex 23.2082 112.928 -6.86
      vertex 23.7133 112.749 -6.86
    endloop
  endfacet
  facet normal 0 -0 -1
    outer loop
      vertex 19.5458 113.409 -6.86
      vertex 19.5499 112.961 -6.86
      vertex 19.505 112.959 -6.86
    endloop
  endfacet
  facet normal 0 0 -1
    outer loop
      vertex 23.1757 112.842 -6.86
      vertex 23.2082 112.928 -6.86
      vertex 23.6873 112.674 -6.86
    endloop
  endfacet
  facet normal 0 0 -1
    outer loop
      vertex 18.6924 111.076 -6.86
      vertex 19.191 111.271 -6.86
      vertex 19.2053 111.215 -6.86
    endloop
  endfacet
  facet normal 0 -0 -1
    outer loop
      vertex 23.3359 113.142 -6.86
      vertex 23.7471 112.813 -6.86
      vertex 23.2883 113.078 -6.86
    endloop
  endfacet
  facet normal -0 0 -1
    outer loop
      vertex 19.2602 111.076 -6.86
      vertex 18.8145 110.833 -6.86
      vertex 19.2399 111.118 -6.86
    endloop
  endfacet
  facet normal -0 0 -1
    outer loop
      vertex 23.8381 112.905 -6.86
      vertex 23.7887 112.865 -6.86
      vertex 23.5095 113.29 -6.86
    endloop
  endfacet
  facet normal 0 -0 -1
    outer loop
      vertex 19.2216 111.164 -6.86
      vertex 19.2399 111.118 -6.86
      vertex 18.7484 110.947 -6.86
    endloop
  endfacet
  facet normal -0 0 -1
    outer loop
      vertex 23.9603 112.951 -6.86
      vertex 23.8953 112.934 -6.86
      vertex 23.8254 113.395 -6.86
    endloop
  endfacet
  facet normal 0 -0 -1
    outer loop
      vertex 19.2825 111.04 -6.86
      vertex 19.3068 111.009 -6.86
      vertex 18.8908 110.734 -6.86
    endloop
  endfacet
  facet normal 0 -0 -1
    outer loop
      vertex 24.0209 113.409 -6.86
      vertex 24.0331 112.957 -6.86
      vertex 23.9603 112.951 -6.86
    endloop
  endfacet
  facet normal 0 -0 -1
    outer loop
      vertex 19.3336 110.982 -6.86
      vertex 19.3634 110.96 -6.86
      vertex 19.0739 110.581 -6.86
    endloop
  endfacet
  facet normal 0 0 -1
    outer loop
      vertex 24.1625 113.401 -6.86
      vertex 24.1564 112.938 -6.86
      vertex 24.0968 112.952 -6.86
    endloop
  endfacet
  facet normal -0 0 -1
    outer loop
      vertex 19.4322 110.927 -6.86
      vertex 19.2976 110.489 -6.86
      vertex 19.3963 110.941 -6.86
    endloop
  endfacet
  facet normal 0 -0 -1
    outer loop
      vertex 24.6324 113.211 -6.86
      vertex 24.7256 113.124 -6.86
      vertex 24.3112 112.84 -6.86
    endloop
  endfacet
  facet normal -0 0 -1
    outer loop
      vertex 19.1516 112.329 -6.86
      vertex 18.5845 112.325 -6.86
      vertex 18.6086 112.499 -6.86
    endloop
  endfacet
  facet normal 0 0 -1
    outer loop
      vertex 19.6418 112.953 -6.86
      vertex 19.5976 112.959 -6.86
      vertex 19.6441 113.405 -6.86
    endloop
  endfacet
  facet normal 0 0 -1
    outer loop
      vertex 19.9257 112.609 -6.86
      vertex 20.4675 112.677 -6.86
      vertex 19.9375 112.549 -6.86
    endloop
  endfacet
  facet normal 0 0 -1
    outer loop
      vertex 19.9682 112.241 -6.86
      vertex 20.5269 112.34 -6.86
      vertex 20.5379 112.212 -6.86
    endloop
  endfacet
  facet normal 0 0 -1
    outer loop
      vertex 20.9981 112.235 -6.86
      vertex 20.9606 112.286 -6.86
      vertex 21.4616 112.45 -6.86
    endloop
  endfacet
  facet normal 0 0 -1
    outer loop
      vertex 22.1836 112.506 -6.86
      vertex 22.7025 112.343 -6.86
      vertex 22.6705 112.289 -6.86
    endloop
  endfacet
  facet normal -0 0 -1
    outer loop
      vertex 24.8092 113.021 -6.86
      vertex 24.3547 112.788 -6.86
      vertex 24.7256 113.124 -6.86
    endloop
  endfacet
  facet normal 0 0 -1
    outer loop
      vertex 24.8092 113.021 -6.86
      vertex 24.3942 112.727 -6.86
      vertex 24.3547 112.788 -6.86
    endloop
  endfacet
  facet normal 0 0 -1
    outer loop
      vertex 24.8824 112.902 -6.86
      vertex 24.429 112.656 -6.86
      vertex 24.3942 112.727 -6.86
    endloop
  endfacet
  facet normal 0 0 -1
    outer loop
      vertex 24.9442 112.769 -6.86
      vertex 24.4585 112.576 -6.86
      vertex 24.429 112.656 -6.86
    endloop
  endfacet
  facet normal 0 0 -1
    outer loop
      vertex 24.9949 112.619 -6.86
      vertex 24.4826 112.486 -6.86
      vertex 24.4585 112.576 -6.86
    endloop
  endfacet
  facet normal -0 0 -1
    outer loop
      vertex 25.0342 112.454 -6.86
      vertex 24.5013 112.387 -6.86
      vertex 24.9949 112.619 -6.86
    endloop
  endfacet
  facet normal -0 0 -1
    outer loop
      vertex 25.0624 112.274 -6.86
      vertex 24.5228 112.158 -6.86
      vertex 24.5147 112.277 -6.86
    endloop
  endfacet
  facet normal -0 0 -1
    outer loop
      vertex 25.0793 112.078 -6.86
      vertex 24.5254 112.029 -6.86
      vertex 24.5228 112.158 -6.86
    endloop
  endfacet
  facet normal 0 0 -1
    outer loop
      vertex 25.0849 111.866 -6.86
      vertex 24.5254 112.029 -6.86
      vertex 25.0793 112.078 -6.86
    endloop
  endfacet
  facet normal 0 0 -1
    outer loop
      vertex 25.0793 111.674 -6.86
      vertex 24.4754 111.59 -6.86
      vertex 24.4638 111.638 -6.86
    endloop
  endfacet
  facet normal 0 -0 -1
    outer loop
      vertex 24.4459 111.224 -6.86
      vertex 24.8853 110.922 -6.86
      vertex 24.424 111.169 -6.86
    endloop
  endfacet
  facet normal 0 0 -1
    outer loop
      vertex 24 110.907 -6.86
      vertex 24.0535 110.904 -6.86
      vertex 24.0351 110.459 -6.86
    endloop
  endfacet
  facet normal -0 0 -1
    outer loop
      vertex 24.5373 110.575 -6.86
      vertex 24.4262 110.524 -6.86
      vertex 24.2501 110.958 -6.86
    endloop
  endfacet
  facet normal 0 0 -1
    outer loop
      vertex 24.4262 110.524 -6.86
      vertex 24.2055 110.934 -6.86
      vertex 24.2501 110.958 -6.86
    endloop
  endfacet
  facet normal 0 0 -1
    outer loop
      vertex 24.3054 110.488 -6.86
      vertex 24.2055 110.934 -6.86
      vertex 24.4262 110.524 -6.86
    endloop
  endfacet
  facet normal 0 0 -1
    outer loop
      vertex 24.1578 110.918 -6.86
      vertex 24.2055 110.934 -6.86
      vertex 24.3054 110.488 -6.86
    endloop
  endfacet
  facet normal 0 0 -1
    outer loop
      vertex 24.1578 110.918 -6.86
      vertex 24.3054 110.488 -6.86
      vertex 24.1751 110.466 -6.86
    endloop
  endfacet
  facet normal 0 -0 -1
    outer loop
      vertex 24.1578 110.918 -6.86
      vertex 24.1751 110.466 -6.86
      vertex 24.1072 110.908 -6.86
    endloop
  endfacet
  facet normal 0 0 -1
    outer loop
      vertex 24.1751 110.466 -6.86
      vertex 24.0535 110.904 -6.86
      vertex 24.1072 110.908 -6.86
    endloop
  endfacet
  facet normal 0 0 -1
    outer loop
      vertex 24.0351 110.459 -6.86
      vertex 24.0535 110.904 -6.86
      vertex 24.1751 110.466 -6.86
    endloop
  endfacet
  facet normal 0 0 -1
    outer loop
      vertex 23.793 110.48 -6.86
      vertex 23.6839 110.507 -6.86
      vertex 23.9035 110.929 -6.86
    endloop
  endfacet
  facet normal 0 0 -1
    outer loop
      vertex 23.4896 110.592 -6.86
      vertex 23.821 110.974 -6.86
      vertex 23.5828 110.544 -6.86
    endloop
  endfacet
  facet normal -0 0 -1
    outer loop
      vertex 24.6389 110.64 -6.86
      vertex 24.5373 110.575 -6.86
      vertex 24.2916 110.988 -6.86
    endloop
  endfacet
  facet normal 0 -0 -1
    outer loop
      vertex 24.2916 110.988 -6.86
      vertex 24.5373 110.575 -6.86
      vertex 24.2501 110.958 -6.86
    endloop
  endfacet
  facet normal -0 0 -1
    outer loop
      vertex 24.7309 110.72 -6.86
      vertex 24.6389 110.64 -6.86
      vertex 24.3302 111.025 -6.86
    endloop
  endfacet
  facet normal 0 -0 -1
    outer loop
      vertex 24.3302 111.025 -6.86
      vertex 24.6389 110.64 -6.86
      vertex 24.2916 110.988 -6.86
    endloop
  endfacet
  facet normal -0 0 -1
    outer loop
      vertex 24.8133 110.814 -6.86
      vertex 24.7309 110.72 -6.86
      vertex 24.3657 111.068 -6.86
    endloop
  endfacet
  facet normal 0 -0 -1
    outer loop
      vertex 24.3657 111.068 -6.86
      vertex 24.7309 110.72 -6.86
      vertex 24.3302 111.025 -6.86
    endloop
  endfacet
  facet normal 0 0 -1
    outer loop
      vertex 24.8133 110.814 -6.86
      vertex 24.3657 111.068 -6.86
      vertex 24.3973 111.117 -6.86
    endloop
  endfacet
  facet normal 0 0 -1
    outer loop
      vertex 24.8133 110.814 -6.86
      vertex 24.3973 111.117 -6.86
      vertex 24.8853 110.922 -6.86
    endloop
  endfacet
  facet normal 0 0 -1
    outer loop
      vertex 24.3973 111.117 -6.86
      vertex 24.424 111.169 -6.86
      vertex 24.8853 110.922 -6.86
    endloop
  endfacet
  facet normal 0 0 -1
    outer loop
      vertex 24.8853 110.922 -6.86
      vertex 24.4459 111.224 -6.86
      vertex 24.9463 111.045 -6.86
    endloop
  endfacet
  facet normal 0 0 -1
    outer loop
      vertex 24.4459 111.224 -6.86
      vertex 24.4629 111.283 -6.86
      vertex 24.9463 111.045 -6.86
    endloop
  endfacet
  facet normal 0 0 -1
    outer loop
      vertex 24.4629 111.283 -6.86
      vertex 24.9962 111.181 -6.86
      vertex 24.9463 111.045 -6.86
    endloop
  endfacet
  facet normal 0 -0 -1
    outer loop
      vertex 24.475 111.346 -6.86
      vertex 24.9962 111.181 -6.86
      vertex 24.4629 111.283 -6.86
    endloop
  endfacet
  facet normal -0 0 -1
    outer loop
      vertex 25.035 111.331 -6.86
      vertex 24.9962 111.181 -6.86
      vertex 24.475 111.346 -6.86
    endloop
  endfacet
  facet normal 0 -0 -1
    outer loop
      vertex 24.4847 111.482 -6.86
      vertex 25.035 111.331 -6.86
      vertex 24.4823 111.412 -6.86
    endloop
  endfacet
  facet normal 0 0 -1
    outer loop
      vertex 25.0627 111.496 -6.86
      vertex 25.035 111.331 -6.86
      vertex 24.4847 111.482 -6.86
    endloop
  endfacet
  facet normal 0 0 -1
    outer loop
      vertex 25.0627 111.496 -6.86
      vertex 24.4754 111.59 -6.86
      vertex 25.0793 111.674 -6.86
    endloop
  endfacet
  facet normal -0 0 -1
    outer loop
      vertex 25.0849 111.866 -6.86
      vertex 24.4475 111.684 -6.86
      vertex 24.5254 112.029 -6.86
    endloop
  endfacet
  facet normal 0 0 -1
    outer loop
      vertex 25.0849 111.866 -6.86
      vertex 25.0793 111.674 -6.86
      vertex 24.4475 111.684 -6.86
    endloop
  endfacet
  facet normal 0 0 -1
    outer loop
      vertex 24.3708 111.802 -6.86
      vertex 24.5254 112.029 -6.86
      vertex 24.401 111.766 -6.86
    endloop
  endfacet
  facet normal 0 0 -1
    outer loop
      vertex 24.401 111.766 -6.86
      vertex 24.5254 112.029 -6.86
      vertex 24.4266 111.727 -6.86
    endloop
  endfacet
  facet normal 0 0 -1
    outer loop
      vertex 24.3367 111.835 -6.86
      vertex 24.2996 111.862 -6.86
      vertex 24.5254 112.029 -6.86
    endloop
  endfacet
  facet normal 0 0 -1
    outer loop
      vertex 24.3708 111.802 -6.86
      vertex 24.3367 111.835 -6.86
      vertex 24.5254 112.029 -6.86
    endloop
  endfacet
  facet normal 0 0 -1
    outer loop
      vertex 24.2996 111.862 -6.86
      vertex 24.4673 112.111 -6.86
      vertex 24.4978 112.071 -6.86
    endloop
  endfacet
  facet normal 0 0 -1
    outer loop
      vertex 24.2593 111.884 -6.86
      vertex 24.216 111.901 -6.86
      vertex 24.3976 112.18 -6.86
    endloop
  endfacet
  facet normal -0 0 -1
    outer loop
      vertex 24.4339 112.147 -6.86
      vertex 24.2593 111.884 -6.86
      vertex 24.3976 112.18 -6.86
    endloop
  endfacet
  facet normal 0 0 -1
    outer loop
      vertex 24.3162 112.238 -6.86
      vertex 24.216 111.901 -6.86
      vertex 24.1697 111.914 -6.86
    endloop
  endfacet
  facet normal -0 0 -1
    outer loop
      vertex 24.2711 112.263 -6.86
      vertex 24.1202 111.921 -6.86
      vertex 24.2238 112.285 -6.86
    endloop
  endfacet
  facet normal 0 0 -1
    outer loop
      vertex 24.2711 112.263 -6.86
      vertex 24.1697 111.914 -6.86
      vertex 24.1202 111.921 -6.86
    endloop
  endfacet
  facet normal 0 0 -1
    outer loop
      vertex 24.1202 111.921 -6.86
      vertex 24.0677 111.923 -6.86
      vertex 24.1746 112.303 -6.86
    endloop
  endfacet
  facet normal -0 0 -1
    outer loop
      vertex 24.2238 112.285 -6.86
      vertex 24.1202 111.921 -6.86
      vertex 24.1746 112.303 -6.86
    endloop
  endfacet
  facet normal 0 0 -1
    outer loop
      vertex 24.0712 112.33 -6.86
      vertex 24.0677 111.923 -6.86
      vertex 24.013 111.921 -6.86
    endloop
  endfacet
  facet normal -0 0 -1
    outer loop
      vertex 24.0168 112.338 -6.86
      vertex 24.013 111.921 -6.86
      vertex 23.9607 112.343 -6.86
    endloop
  endfacet
  facet normal 0 0 -1
    outer loop
      vertex 23.9029 112.345 -6.86
      vertex 23.9618 111.913 -6.86
      vertex 23.9141 111.9 -6.86
    endloop
  endfacet
  facet normal -0 0 -1
    outer loop
      vertex 23.9141 111.9 -6.86
      vertex 23.8697 111.881 -6.86
      vertex 23.7963 112.34 -6.86
    endloop
  endfacet
  facet normal 0 -0 -1
    outer loop
      vertex 23.9029 112.345 -6.86
      vertex 23.9141 111.9 -6.86
      vertex 23.7963 112.34 -6.86
    endloop
  endfacet
  facet normal -0 0 -1
    outer loop
      vertex 23.8697 111.881 -6.86
      vertex 23.8289 111.858 -6.86
      vertex 23.6963 112.325 -6.86
    endloop
  endfacet
  facet normal 0 -0 -1
    outer loop
      vertex 23.7963 112.34 -6.86
      vertex 23.8697 111.881 -6.86
      vertex 23.6963 112.325 -6.86
    endloop
  endfacet
  facet normal 0 0 -1
    outer loop
      vertex 23.8289 111.858 -6.86
      vertex 23.5159 112.265 -6.86
      vertex 23.6028 112.3 -6.86
    endloop
  endfacet
  facet normal 0 -0 -1
    outer loop
      vertex 23.6963 112.325 -6.86
      vertex 23.8289 111.858 -6.86
      vertex 23.6028 112.3 -6.86
    endloop
  endfacet
  facet normal 0 0 -1
    outer loop
      vertex 23.7914 111.829 -6.86
      vertex 23.4356 112.22 -6.86
      vertex 23.5159 112.265 -6.86
    endloop
  endfacet
  facet normal -0 0 -1
    outer loop
      vertex 23.8289 111.858 -6.86
      vertex 23.7914 111.829 -6.86
      vertex 23.5159 112.265 -6.86
    endloop
  endfacet
  facet normal 0 0 -1
    outer loop
      vertex 23.7575 111.794 -6.86
      vertex 23.4356 112.22 -6.86
      vertex 23.7914 111.829 -6.86
    endloop
  endfacet
  facet normal 0 -0 -1
    outer loop
      vertex 23.3619 112.165 -6.86
      vertex 23.7275 111.755 -6.86
      vertex 23.2946 112.1 -6.86
    endloop
  endfacet
  facet normal 0 0 -1
    outer loop
      vertex 23.7022 111.711 -6.86
      vertex 23.185 111.947 -6.86
      vertex 23.2353 112.027 -6.86
    endloop
  endfacet
  facet normal -0 0 -1
    outer loop
      vertex 23.7275 111.755 -6.86
      vertex 23.7022 111.711 -6.86
      vertex 23.2353 112.027 -6.86
    endloop
  endfacet
  facet normal 0 0 -1
    outer loop
      vertex 23.6814 111.662 -6.86
      vertex 23.185 111.947 -6.86
      vertex 23.7022 111.711 -6.86
    endloop
  endfacet
  facet normal 0 0 -1
    outer loop
      vertex 23.112 111.764 -6.86
      vertex 23.1439 111.859 -6.86
      vertex 23.6814 111.662 -6.86
    endloop
  endfacet
  facet normal 0 0 -1
    outer loop
      vertex 23.0891 111.662 -6.86
      vertex 23.112 111.764 -6.86
      vertex 23.6653 111.609 -6.86
    endloop
  endfacet
  facet normal 0 0 -1
    outer loop
      vertex 23.0754 111.553 -6.86
      vertex 23.0891 111.662 -6.86
      vertex 23.6538 111.551 -6.86
    endloop
  endfacet
  facet normal 0 0 -1
    outer loop
      vertex 23.0754 111.553 -6.86
      vertex 23.6538 111.551 -6.86
      vertex 23.6469 111.488 -6.86
    endloop
  endfacet
  facet normal 0 0 -1
    outer loop
      vertex 23.0709 111.437 -6.86
      vertex 23.6469 111.488 -6.86
      vertex 23.6446 111.421 -6.86
    endloop
  endfacet
  facet normal 0 0 -1
    outer loop
      vertex 23.0709 111.437 -6.86
      vertex 23.6446 111.421 -6.86
      vertex 23.0761 111.31 -6.86
    endloop
  endfacet
  facet normal 0 0 -1
    outer loop
      vertex 23.0761 111.31 -6.86
      vertex 23.6467 111.354 -6.86
      vertex 23.6534 111.291 -6.86
    endloop
  endfacet
  facet normal 0 0 -1
    outer loop
      vertex 23.0918 111.192 -6.86
      vertex 23.6534 111.291 -6.86
      vertex 23.6644 111.233 -6.86
    endloop
  endfacet
  facet normal 0 0 -1
    outer loop
      vertex 23.118 111.081 -6.86
      vertex 23.6644 111.233 -6.86
      vertex 23.6798 111.178 -6.86
    endloop
  endfacet
  facet normal 0 0 -1
    outer loop
      vertex 23.118 111.081 -6.86
      vertex 23.6798 111.178 -6.86
      vertex 23.1546 110.979 -6.86
    endloop
  endfacet
  facet normal 0 -0 -1
    outer loop
      vertex 23.6798 111.178 -6.86
      vertex 23.6996 111.129 -6.86
      vertex 23.2016 110.884 -6.86
    endloop
  endfacet
  facet normal 0 -0 -1
    outer loop
      vertex 23.6996 111.129 -6.86
      vertex 23.7238 111.083 -6.86
      vertex 23.2592 110.798 -6.86
    endloop
  endfacet
  facet normal 0 -0 -1
    outer loop
      vertex 23.7238 111.083 -6.86
      vertex 23.7524 111.042 -6.86
      vertex 23.3272 110.719 -6.86
    endloop
  endfacet
  facet normal 0 0 -1
    outer loop
      vertex 23.7524 111.042 -6.86
      vertex 23.4044 110.65 -6.86
      vertex 23.3272 110.719 -6.86
    endloop
  endfacet
  facet normal 0 0 -1
    outer loop
      vertex 23.7849 111.005 -6.86
      vertex 23.4896 110.592 -6.86
      vertex 23.4044 110.65 -6.86
    endloop
  endfacet
  facet normal -0 0 -1
    outer loop
      vertex 23.821 110.974 -6.86
      vertex 23.4896 110.592 -6.86
      vertex 23.7849 111.005 -6.86
    endloop
  endfacet
  facet normal -0 0 -1
    outer loop
      vertex 23.8605 110.949 -6.86
      vertex 23.5828 110.544 -6.86
      vertex 23.821 110.974 -6.86
    endloop
  endfacet
  facet normal 0 0 -1
    outer loop
      vertex 23.6839 110.507 -6.86
      vertex 23.5828 110.544 -6.86
      vertex 23.8605 110.949 -6.86
    endloop
  endfacet
  facet normal 0 0 -1
    outer loop
      vertex 23.6839 110.507 -6.86
      vertex 23.8605 110.949 -6.86
      vertex 23.9035 110.929 -6.86
    endloop
  endfacet
  facet normal 0 0 -1
    outer loop
      vertex 23.793 110.48 -6.86
      vertex 23.9035 110.929 -6.86
      vertex 23.95 110.915 -6.86
    endloop
  endfacet
  facet normal 0 0 -1
    outer loop
      vertex 23.793 110.48 -6.86
      vertex 23.95 110.915 -6.86
      vertex 23.9101 110.464 -6.86
    endloop
  endfacet
  facet normal 0 -0 -1
    outer loop
      vertex 23.95 110.915 -6.86
      vertex 24 110.907 -6.86
      vertex 23.9101 110.464 -6.86
    endloop
  endfacet
  facet normal 0 0 -1
    outer loop
      vertex 18.6466 111.219 -6.86
      vertex 19.1681 111.398 -6.86
      vertex 19.1786 111.331 -6.86
    endloop
  endfacet
  facet normal -0 0 -1
    outer loop
      vertex 19.1519 111.551 -6.86
      vertex 18.5856 111.547 -6.86
      vertex 19.1462 111.637 -6.86
    endloop
  endfacet
  facet normal -0 -0 -1
    outer loop
      vertex 19.139 111.934 -6.86
      vertex 19.1398 111.828 -6.86
      vertex 18.5653 111.934 -6.86
    endloop
  endfacet
  facet normal 0 -0 -1
    outer loop
      vertex 19.9548 111.46 -6.86
      vertex 20.4663 111.211 -6.86
      vertex 19.9459 111.387 -6.86
    endloop
  endfacet
  facet normal 0 0 -1
    outer loop
      vertex 20.5467 111.934 -6.86
      vertex 19.9751 111.934 -6.86
      vertex 19.9743 112.043 -6.86
    endloop
  endfacet
  facet normal 0 -0 -1
    outer loop
      vertex 20.4917 112.572 -6.86
      vertex 20.5115 112.46 -6.86
      vertex 19.9559 112.409 -6.86
    endloop
  endfacet
  facet normal 0 0 -1
    outer loop
      vertex 20.4389 112.774 -6.86
      vertex 19.9257 112.609 -6.86
      vertex 19.9118 112.664 -6.86
    endloop
  endfacet
  facet normal -0 0 -1
    outer loop
      vertex 19.9052 113.358 -6.86
      vertex 19.7199 112.929 -6.86
      vertex 19.8238 113.38 -6.86
    endloop
  endfacet
  facet normal -0 0 -1
    outer loop
      vertex 19.7368 113.396 -6.86
      vertex 19.6418 112.953 -6.86
      vertex 19.6441 113.405 -6.86
    endloop
  endfacet
  facet normal 0 -0 -1
    outer loop
      vertex 17.2991 113.366 -6.86
      vertex 17.3561 111.683 -6.86
      vertex 17.2702 111.934 -6.86
    endloop
  endfacet
  facet normal 0 -0 -1
    outer loop
      vertex 20.4059 112.863 -6.86
      vertex 20.4389 112.774 -6.86
      vertex 19.9118 112.664 -6.86
    endloop
  endfacet
  facet normal 0 0 -1
    outer loop
      vertex 17.2991 113.366 -6.86
      vertex 18.3448 110.499 -6.86
      vertex 17.3561 111.683 -6.86
    endloop
  endfacet
  facet normal 0 -0 -1
    outer loop
      vertex 20.4389 112.774 -6.86
      vertex 20.4675 112.677 -6.86
      vertex 19.9257 112.609 -6.86
    endloop
  endfacet
  facet normal 0 -0 -1
    outer loop
      vertex 20.4675 112.677 -6.86
      vertex 20.4917 112.572 -6.86
      vertex 19.9375 112.549 -6.86
    endloop
  endfacet
  facet normal 0 0 -1
    outer loop
      vertex 17.4903 111.232 -6.86
      vertex 16.3979 111.232 -6.86
      vertex 16.5322 111.683 -6.86
    endloop
  endfacet
  facet normal 0 0 -1
    outer loop
      vertex 20.4917 112.572 -6.86
      vertex 19.9559 112.409 -6.86
      vertex 19.9474 112.483 -6.86
    endloop
  endfacet
  facet normal 0 -0 -1
    outer loop
      vertex 20.5115 112.46 -6.86
      vertex 20.5269 112.34 -6.86
      vertex 19.9628 112.329 -6.86
    endloop
  endfacet
  facet normal -0 -0 -1
    outer loop
      vertex 17.3561 111.683 -6.86
      vertex 17.4903 111.232 -6.86
      vertex 16.5322 111.683 -6.86
    endloop
  endfacet
  facet normal 0 -0 -1
    outer loop
      vertex 20.051 113.295 -6.86
      vertex 20.1155 113.254 -6.86
      vertex 19.7843 112.89 -6.86
    endloop
  endfacet
  facet normal 0 0 -1
    outer loop
      vertex 20.9381 113.009 -6.86
      vertex 21.4752 112.812 -6.86
      vertex 21.4618 112.769 -6.86
    endloop
  endfacet
  facet normal 0 -0 -1
    outer loop
      vertex 21.6923 113.404 -6.86
      vertex 21.7207 113 -6.86
      vertex 21.6764 112.99 -6.86
    endloop
  endfacet
  facet normal 0 0 -1
    outer loop
      vertex 22.0645 113.392 -6.86
      vertex 22.0024 112.976 -6.86
      vertex 21.9192 113 -6.86
    endloop
  endfacet
  facet normal 0 0 -1
    outer loop
      vertex 22.1913 112.615 -6.86
      vertex 22.7722 112.584 -6.86
      vertex 22.7635 112.521 -6.86
    endloop
  endfacet
  facet normal 0 0 -1
    outer loop
      vertex 21.821 113.409 -6.86
      vertex 21.947 113.404 -6.86
      vertex 21.821 113.008 -6.86
    endloop
  endfacet
  facet normal 0 0 -1
    outer loop
      vertex 21.7207 113 -6.86
      vertex 21.6923 113.404 -6.86
      vertex 21.7689 113.006 -6.86
    endloop
  endfacet
  facet normal 0 0 -1
    outer loop
      vertex 21.4615 113.372 -6.86
      vertex 21.636 112.977 -6.86
      vertex 21.5995 112.959 -6.86
    endloop
  endfacet
  facet normal -0 0 -1
    outer loop
      vertex 22.77 112.747 -6.86
      vertex 22.1837 112.719 -6.86
      vertex 22.7548 112.839 -6.86
    endloop
  endfacet
  facet normal -0 0 -1
    outer loop
      vertex 20.051 113.295 -6.86
      vertex 19.7843 112.89 -6.86
      vertex 19.9809 113.33 -6.86
    endloop
  endfacet
  facet normal 0 -0 -1
    outer loop
      vertex 21.2291 111.966 -6.86
      vertex 21.4597 111.657 -6.86
      vertex 21.1622 111.939 -6.86
    endloop
  endfacet
  facet normal 0 0 -1
    outer loop
      vertex 21.5237 111.721 -6.86
      vertex 21.3009 111.987 -6.86
      vertex 21.3775 112.003 -6.86
    endloop
  endfacet
  facet normal 0 0 -1
    outer loop
      vertex 21.3775 111.354 -6.86
      vertex 20.7984 111.462 -6.86
      vertex 20.8145 111.534 -6.86
    endloop
  endfacet
  facet normal 0 0 -1
    outer loop
      vertex 20.5445 112.077 -6.86
      vertex 19.972 112.146 -6.86
      vertex 20.5379 112.212 -6.86
    endloop
  endfacet
  facet normal 0 0 -1
    outer loop
      vertex 21.3866 111.473 -6.86
      vertex 20.837 111.601 -6.86
      vertex 20.866 111.663 -6.86
    endloop
  endfacet
  facet normal 0 -0 -1
    outer loop
      vertex 19.0536 113.288 -6.86
      vertex 19.3277 112.891 -6.86
      vertex 18.9583 113.221 -6.86
    endloop
  endfacet
  facet normal -0 0 -1
    outer loop
      vertex 20.5445 112.077 -6.86
      vertex 19.9743 112.043 -6.86
      vertex 19.972 112.146 -6.86
    endloop
  endfacet
  facet normal 0 0 -1
    outer loop
      vertex 20.5467 111.934 -6.86
      vertex 19.9743 112.043 -6.86
      vertex 20.5445 112.077 -6.86
    endloop
  endfacet
  facet normal 0 -0 -1
    outer loop
      vertex 21.7478 110.864 -6.86
      vertex 21.8129 110.459 -6.86
      vertex 21.6763 110.463 -6.86
    endloop
  endfacet
  facet normal 0 0 -1
    outer loop
      vertex 19.9743 111.825 -6.86
      vertex 19.9751 111.934 -6.86
      vertex 20.5467 111.934 -6.86
    endloop
  endfacet
  facet normal -0 0 -1
    outer loop
      vertex 21.4522 112.5 -6.86
      vertex 20.9029 112.397 -6.86
      vertex 21.4465 112.555 -6.86
    endloop
  endfacet
  facet normal 0 0 -1
    outer loop
      vertex 19.9718 111.723 -6.86
      vertex 20.5467 111.934 -6.86
      vertex 20.5266 111.542 -6.86
    endloop
  endfacet
  facet normal 0 -0 -1
    outer loop
      vertex 19.9678 111.629 -6.86
      vertex 20.5266 111.542 -6.86
      vertex 19.9621 111.541 -6.86
    endloop
  endfacet
  facet normal 0 0 -1
    outer loop
      vertex 20.8827 112.456 -6.86
      vertex 21.4465 112.555 -6.86
      vertex 20.9029 112.397 -6.86
    endloop
  endfacet
  facet normal 0 0 -1
    outer loop
      vertex 22.2453 111.213 -6.86
      vertex 22.2521 111.276 -6.86
      vertex 22.8368 111.192 -6.86
    endloop
  endfacet
  facet normal -0 0 -1
    outer loop
      vertex 21.4446 112.615 -6.86
      vertex 20.8596 112.58 -6.86
      vertex 20.8567 112.646 -6.86
    endloop
  endfacet
  facet normal 0 0 -1
    outer loop
      vertex 20.3659 110.94 -6.86
      vertex 19.9089 111.204 -6.86
      vertex 20.4663 111.211 -6.86
    endloop
  endfacet
  facet normal 0 0 -1
    outer loop
      vertex 20.8618 112.747 -6.86
      vertex 20.877 112.841 -6.86
      vertex 21.4523 112.722 -6.86
    endloop
  endfacet
  facet normal -0 0 -1
    outer loop
      vertex 19.1776 112.55 -6.86
      vertex 19.1674 112.484 -6.86
      vertex 18.6423 112.657 -6.86
    endloop
  endfacet
  facet normal -0 0 -1
    outer loop
      vertex 22.7927 110.992 -6.86
      vertex 22.7542 110.903 -6.86
      vertex 22.2341 111.154 -6.86
    endloop
  endfacet
  facet normal 0 -0 -1
    outer loop
      vertex 19.8928 111.154 -6.86
      vertex 20.3659 110.94 -6.86
      vertex 19.8748 111.109 -6.86
    endloop
  endfacet
  facet normal 0 0 -1
    outer loop
      vertex 18.5701 112.137 -6.86
      vertex 19.1421 112.146 -6.86
      vertex 19.1397 112.043 -6.86
    endloop
  endfacet
  facet normal 0 0 -1
    outer loop
      vertex 22.6442 110.747 -6.86
      vertex 22.1983 111.055 -6.86
      vertex 22.7047 110.822 -6.86
    endloop
  endfacet
  facet normal 0 -0 -1
    outer loop
      vertex 19.8093 111.004 -6.86
      vertex 20.0444 110.579 -6.86
      vertex 19.783 110.979 -6.86
    endloop
  endfacet
  facet normal 0 0 -1
    outer loop
      vertex 22.1926 110.499 -6.86
      vertex 22.0722 110.921 -6.86
      vertex 22.3011 110.531 -6.86
    endloop
  endfacet
  facet normal 0 -0 -1
    outer loop
      vertex 19.1398 111.828 -6.86
      vertex 19.1422 111.729 -6.86
      vertex 18.5703 111.733 -6.86
    endloop
  endfacet
  facet normal 0 0 -1
    outer loop
      vertex 21.7478 110.864 -6.86
      vertex 21.8088 110.862 -6.86
      vertex 21.8129 110.459 -6.86
    endloop
  endfacet
  facet normal 0 0 -1
    outer loop
      vertex 19.513 110.91 -6.86
      vertex 19.558 110.908 -6.86
      vertex 19.5621 110.459 -6.86
    endloop
  endfacet
  facet normal -0 0 -1
    outer loop
      vertex 22.4912 110.622 -6.86
      vertex 22.4007 110.572 -6.86
      vertex 22.1445 110.977 -6.86
    endloop
  endfacet
  facet normal -0 0 -1
    outer loop
      vertex 19.1681 111.398 -6.86
      vertex 18.611 111.376 -6.86
      vertex 19.1592 111.471 -6.86
    endloop
  endfacet
  facet normal 0 0 -1
    outer loop
      vertex 21.9811 110.883 -6.86
      vertex 22.029 110.899 -6.86
      vertex 22.075 110.477 -6.86
    endloop
  endfacet
  facet normal 0 -0 -1
    outer loop
      vertex 19.6458 110.916 -6.86
      vertex 19.8233 110.489 -6.86
      vertex 19.5621 110.459 -6.86
    endloop
  endfacet
  facet normal 0 0 -1
    outer loop
      vertex 22.075 110.477 -6.86
      vertex 21.9284 110.871 -6.86
      vertex 21.9811 110.883 -6.86
    endloop
  endfacet
  facet normal 0 0 -1
    outer loop
      vertex 19.6458 110.916 -6.86
      vertex 19.5621 110.459 -6.86
      vertex 19.6035 110.91 -6.86
    endloop
  endfacet
  facet normal 0 0 -1
    outer loop
      vertex 21.9484 110.463 -6.86
      vertex 21.9284 110.871 -6.86
      vertex 22.075 110.477 -6.86
    endloop
  endfacet
  facet normal 0 0 -1
    outer loop
      vertex 19.5621 110.459 -6.86
      vertex 19.558 110.908 -6.86
      vertex 19.6035 110.91 -6.86
    endloop
  endfacet
  facet normal 0 0 -1
    outer loop
      vertex 19.6458 110.916 -6.86
      vertex 19.6849 110.926 -6.86
      vertex 19.8233 110.489 -6.86
    endloop
  endfacet
  facet normal 0 0 -1
    outer loop
      vertex 19.5621 110.459 -6.86
      vertex 19.4248 110.466 -6.86
      vertex 19.513 110.91 -6.86
    endloop
  endfacet
  facet normal 0 0 -1
    outer loop
      vertex 19.8233 110.489 -6.86
      vertex 19.6849 110.926 -6.86
      vertex 19.7208 110.94 -6.86
    endloop
  endfacet
  facet normal 0 0 -1
    outer loop
      vertex 19.8233 110.489 -6.86
      vertex 19.7208 110.94 -6.86
      vertex 20.0444 110.579 -6.86
    endloop
  endfacet
  facet normal 0 0 -1
    outer loop
      vertex 19.7535 110.957 -6.86
      vertex 19.783 110.979 -6.86
      vertex 20.0444 110.579 -6.86
    endloop
  endfacet
  facet normal 0 0 -1
    outer loop
      vertex 19.7208 110.94 -6.86
      vertex 19.7535 110.957 -6.86
      vertex 20.0444 110.579 -6.86
    endloop
  endfacet
  facet normal -0 0 -1
    outer loop
      vertex 20.2252 110.73 -6.86
      vertex 20.0444 110.579 -6.86
      vertex 19.8093 111.004 -6.86
    endloop
  endfacet
  facet normal 0 0 -1
    outer loop
      vertex 20.2252 110.73 -6.86
      vertex 19.8093 111.004 -6.86
      vertex 19.833 111.034 -6.86
    endloop
  endfacet
  facet normal 0 0 -1
    outer loop
      vertex 20.2252 110.73 -6.86
      vertex 19.833 111.034 -6.86
      vertex 19.8549 111.069 -6.86
    endloop
  endfacet
  facet normal 0 0 -1
    outer loop
      vertex 19.8549 111.069 -6.86
      vertex 20.3659 110.94 -6.86
      vertex 20.2252 110.73 -6.86
    endloop
  endfacet
  facet normal 0 -0 -1
    outer loop
      vertex 19.8748 111.109 -6.86
      vertex 20.3659 110.94 -6.86
      vertex 19.8549 111.069 -6.86
    endloop
  endfacet
  facet normal 0 0 -1
    outer loop
      vertex 19.8928 111.154 -6.86
      vertex 19.9089 111.204 -6.86
      vertex 20.3659 110.94 -6.86
    endloop
  endfacet
  facet normal -0 0 -1
    outer loop
      vertex 20.4663 111.211 -6.86
      vertex 19.9089 111.204 -6.86
      vertex 19.9231 111.26 -6.86
    endloop
  endfacet
  facet normal 0 0 -1
    outer loop
      vertex 20.4663 111.211 -6.86
      vertex 19.9231 111.26 -6.86
      vertex 19.9354 111.32 -6.86
    endloop
  endfacet
  facet normal 0 0 -1
    outer loop
      vertex 20.4663 111.211 -6.86
      vertex 19.9354 111.32 -6.86
      vertex 19.9459 111.387 -6.86
    endloop
  endfacet
  facet normal 0 0 -1
    outer loop
      vertex 19.2035 112.665 -6.86
      vertex 18.7386 112.928 -6.86
      vertex 19.2193 112.716 -6.86
    endloop
  endfacet
  facet normal 0 0 -1
    outer loop
      vertex 20.5266 111.542 -6.86
      vertex 20.4663 111.211 -6.86
      vertex 19.9548 111.46 -6.86
    endloop
  endfacet
  facet normal 0 0 -1
    outer loop
      vertex 20.5266 111.542 -6.86
      vertex 19.9548 111.46 -6.86
      vertex 19.9621 111.541 -6.86
    endloop
  endfacet
  facet normal 0 -0 -1
    outer loop
      vertex 19.9718 111.723 -6.86
      vertex 20.5266 111.542 -6.86
      vertex 19.9678 111.629 -6.86
    endloop
  endfacet
  facet normal 0 -0 -1
    outer loop
      vertex 19.9743 111.825 -6.86
      vertex 20.5467 111.934 -6.86
      vertex 19.9718 111.723 -6.86
    endloop
  endfacet
  facet normal 0 -0 -1
    outer loop
      vertex 18.9583 113.221 -6.86
      vertex 19.2782 112.836 -6.86
      vertex 18.8742 113.138 -6.86
    endloop
  endfacet
  facet normal -0 0 -1
    outer loop
      vertex 19.3277 112.891 -6.86
      vertex 19.3017 112.865 -6.86
      vertex 18.9583 113.221 -6.86
    endloop
  endfacet
  facet normal 0 0 -1
    outer loop
      vertex 19.9682 112.241 -6.86
      vertex 20.5379 112.212 -6.86
      vertex 19.972 112.146 -6.86
    endloop
  endfacet
  facet normal 0 0 -1
    outer loop
      vertex 18.5653 111.934 -6.86
      vertex 18.5701 112.137 -6.86
      vertex 19.1397 112.043 -6.86
    endloop
  endfacet
  facet normal 0 0 -1
    outer loop
      vertex 19.9628 112.329 -6.86
      vertex 20.5269 112.34 -6.86
      vertex 19.9682 112.241 -6.86
    endloop
  endfacet
  facet normal 0 0 -1
    outer loop
      vertex 18.5701 112.137 -6.86
      vertex 18.5845 112.325 -6.86
      vertex 19.146 112.241 -6.86
    endloop
  endfacet
  facet normal 0 0 -1
    outer loop
      vertex 19.9628 112.329 -6.86
      vertex 19.9559 112.409 -6.86
      vertex 20.5115 112.46 -6.86
    endloop
  endfacet
  facet normal 0 0 -1
    outer loop
      vertex 20.4059 112.863 -6.86
      vertex 19.9118 112.664 -6.86
      vertex 19.8958 112.714 -6.86
    endloop
  endfacet
  facet normal -0 0 -1
    outer loop
      vertex 20.4059 112.863 -6.86
      vertex 19.8958 112.714 -6.86
      vertex 20.3685 112.946 -6.86
    endloop
  endfacet
  facet normal 0 0 -1
    outer loop
      vertex 19.8958 112.714 -6.86
      vertex 19.8778 112.759 -6.86
      vertex 20.3685 112.946 -6.86
    endloop
  endfacet
  facet normal 0 0 -1
    outer loop
      vertex 19.8778 112.759 -6.86
      vertex 20.3267 113.021 -6.86
      vertex 20.3685 112.946 -6.86
    endloop
  endfacet
  facet normal 0 0 -1
    outer loop
      vertex 19.8577 112.799 -6.86
      vertex 20.3267 113.021 -6.86
      vertex 19.8778 112.759 -6.86
    endloop
  endfacet
  facet normal 0 0 -1
    outer loop
      vertex 20.2805 113.09 -6.86
      vertex 19.8577 112.799 -6.86
      vertex 19.8356 112.834 -6.86
    endloop
  endfacet
  facet normal 0 -0 -1
    outer loop
      vertex 20.2805 113.09 -6.86
      vertex 20.3267 113.021 -6.86
      vertex 19.8577 112.799 -6.86
    endloop
  endfacet
  facet normal 0 -0 -1
    outer loop
      vertex 20.2299 113.152 -6.86
      vertex 20.2805 113.09 -6.86
      vertex 19.8356 112.834 -6.86
    endloop
  endfacet
  facet normal 0 0 -1
    outer loop
      vertex 19.8356 112.834 -6.86
      vertex 19.8113 112.864 -6.86
      vertex 20.1749 113.206 -6.86
    endloop
  endfacet
  facet normal -0 0 -1
    outer loop
      vertex 20.2299 113.152 -6.86
      vertex 19.8356 112.834 -6.86
      vertex 20.1749 113.206 -6.86
    endloop
  endfacet
  facet normal 0 0 -1
    outer loop
      vertex 19.8113 112.864 -6.86
      vertex 20.1155 113.254 -6.86
      vertex 20.1749 113.206 -6.86
    endloop
  endfacet
  facet normal 0 0 -1
    outer loop
      vertex 19.7843 112.89 -6.86
      vertex 20.1155 113.254 -6.86
      vertex 19.8113 112.864 -6.86
    endloop
  endfacet
  facet normal 0 0 -1
    outer loop
      vertex 19.7843 112.89 -6.86
      vertex 19.7538 112.912 -6.86
      vertex 19.9809 113.33 -6.86
    endloop
  endfacet
  facet normal 0 0 -1
    outer loop
      vertex 19.7538 112.912 -6.86
      vertex 19.9052 113.358 -6.86
      vertex 19.9809 113.33 -6.86
    endloop
  endfacet
  facet normal 0 0 -1
    outer loop
      vertex 19.9052 113.358 -6.86
      vertex 19.7538 112.912 -6.86
      vertex 19.7199 112.929 -6.86
    endloop
  endfacet
  facet normal 0 -0 -1
    outer loop
      vertex 19.7368 113.396 -6.86
      vertex 19.8238 113.38 -6.86
      vertex 19.6826 112.943 -6.86
    endloop
  endfacet
  facet normal 0 0 -1
    outer loop
      vertex 19.6826 112.943 -6.86
      vertex 19.8238 113.38 -6.86
      vertex 19.7199 112.929 -6.86
    endloop
  endfacet
  facet normal 0 0 -1
    outer loop
      vertex 19.7368 113.396 -6.86
      vertex 19.6826 112.943 -6.86
      vertex 19.6418 112.953 -6.86
    endloop
  endfacet
  facet normal 0 0 -1
    outer loop
      vertex 19.5976 112.959 -6.86
      vertex 19.5458 113.409 -6.86
      vertex 19.6441 113.405 -6.86
    endloop
  endfacet
  facet normal 0 0 -1
    outer loop
      vertex 19.5458 113.409 -6.86
      vertex 19.5976 112.959 -6.86
      vertex 19.5499 112.961 -6.86
    endloop
  endfacet
  facet normal 0 0 -1
    outer loop
      vertex 19.505 112.959 -6.86
      vertex 19.4061 113.401 -6.86
      vertex 19.5458 113.409 -6.86
    endloop
  endfacet
  facet normal 0 0 -1
    outer loop
      vertex 19.4246 112.943 -6.86
      vertex 19.4061 113.401 -6.86
      vertex 19.4632 112.953 -6.86
    endloop
  endfacet
  facet normal 0 0 -1
    outer loop
      vertex 19.4632 112.953 -6.86
      vertex 19.4061 113.401 -6.86
      vertex 19.505 112.959 -6.86
    endloop
  endfacet
  facet normal 0 0 -1
    outer loop
      vertex 19.3891 112.93 -6.86
      vertex 19.2774 113.378 -6.86
      vertex 19.4246 112.943 -6.86
    endloop
  endfacet
  facet normal 0 0 -1
    outer loop
      vertex 19.4246 112.943 -6.86
      vertex 19.2774 113.378 -6.86
      vertex 19.4061 113.401 -6.86
    endloop
  endfacet
  facet normal 0 0 -1
    outer loop
      vertex 19.3568 112.912 -6.86
      vertex 19.1599 113.341 -6.86
      vertex 19.3891 112.93 -6.86
    endloop
  endfacet
  facet normal 0 0 -1
    outer loop
      vertex 19.3891 112.93 -6.86
      vertex 19.1599 113.341 -6.86
      vertex 19.2774 113.378 -6.86
    endloop
  endfacet
  facet normal 0 0 -1
    outer loop
      vertex 19.0536 113.288 -6.86
      vertex 19.1599 113.341 -6.86
      vertex 19.3568 112.912 -6.86
    endloop
  endfacet
  facet normal 0 0 -1
    outer loop
      vertex 19.0536 113.288 -6.86
      vertex 19.3568 112.912 -6.86
      vertex 19.3277 112.891 -6.86
    endloop
  endfacet
  facet normal -0 0 -1
    outer loop
      vertex 19.3017 112.865 -6.86
      vertex 19.2782 112.836 -6.86
      vertex 18.9583 113.221 -6.86
    endloop
  endfacet
  facet normal -0 0 -1
    outer loop
      vertex 19.2782 112.836 -6.86
      vertex 19.2567 112.801 -6.86
      vertex 18.8742 113.138 -6.86
    endloop
  endfacet
  facet normal 0 0 -1
    outer loop
      vertex 19.2567 112.801 -6.86
      vertex 18.8012 113.04 -6.86
      vertex 18.8742 113.138 -6.86
    endloop
  endfacet
  facet normal 0 0 -1
    outer loop
      vertex 18.7386 112.928 -6.86
      vertex 18.8012 113.04 -6.86
      vertex 19.2371 112.761 -6.86
    endloop
  endfacet
  facet normal 0 0 -1
    outer loop
      vertex 19.2371 112.761 -6.86
      vertex 18.8012 113.04 -6.86
      vertex 19.2567 112.801 -6.86
    endloop
  endfacet
  facet normal 0 0 -1
    outer loop
      vertex 18.7386 112.928 -6.86
      vertex 19.2371 112.761 -6.86
      vertex 19.2193 112.716 -6.86
    endloop
  endfacet
  facet normal 0 0 -1
    outer loop
      vertex 19.2035 112.665 -6.86
      vertex 18.6857 112.8 -6.86
      vertex 18.7386 112.928 -6.86
    endloop
  endfacet
  facet normal 0 0 -1
    outer loop
      vertex 19.1896 112.61 -6.86
      vertex 18.6857 112.8 -6.86
      vertex 19.2035 112.665 -6.86
    endloop
  endfacet
  facet normal 0 0 -1
    outer loop
      vertex 18.6423 112.657 -6.86
      vertex 18.6857 112.8 -6.86
      vertex 19.1896 112.61 -6.86
    endloop
  endfacet
  facet normal 0 0 -1
    outer loop
      vertex 18.6423 112.657 -6.86
      vertex 19.1896 112.61 -6.86
      vertex 19.1776 112.55 -6.86
    endloop
  endfacet
  facet normal 0 0 -1
    outer loop
      vertex 18.6086 112.499 -6.86
      vertex 18.6423 112.657 -6.86
      vertex 19.1674 112.484 -6.86
    endloop
  endfacet
  facet normal 0 0 -1
    outer loop
      vertex 18.6086 112.499 -6.86
      vertex 19.1674 112.484 -6.86
      vertex 19.1587 112.41 -6.86
    endloop
  endfacet
  facet normal 0 0 -1
    outer loop
      vertex 18.6086 112.499 -6.86
      vertex 19.1587 112.41 -6.86
      vertex 19.1516 112.329 -6.86
    endloop
  endfacet
  facet normal 0 0 -1
    outer loop
      vertex 19.1516 112.329 -6.86
      vertex 19.146 112.241 -6.86
      vertex 18.5845 112.325 -6.86
    endloop
  endfacet
  facet normal 0 0 -1
    outer loop
      vertex 18.5701 112.137 -6.86
      vertex 19.146 112.241 -6.86
      vertex 19.1421 112.146 -6.86
    endloop
  endfacet
  facet normal 0 0 -1
    outer loop
      vertex 19.1397 112.043 -6.86
      vertex 19.139 111.934 -6.86
      vertex 18.5653 111.934 -6.86
    endloop
  endfacet
  facet normal -0 0 -1
    outer loop
      vertex 19.1398 111.828 -6.86
      vertex 18.5703 111.733 -6.86
      vertex 18.5653 111.934 -6.86
    endloop
  endfacet
  facet normal -0 -0 -1
    outer loop
      vertex 19.1422 111.729 -6.86
      vertex 19.1462 111.637 -6.86
      vertex 18.5703 111.733 -6.86
    endloop
  endfacet
  facet normal -0 0 -1
    outer loop
      vertex 19.1462 111.637 -6.86
      vertex 18.5856 111.547 -6.86
      vertex 18.5703 111.733 -6.86
    endloop
  endfacet
  facet normal 0 0 -1
    outer loop
      vertex 19.1519 111.551 -6.86
      vertex 18.611 111.376 -6.86
      vertex 18.5856 111.547 -6.86
    endloop
  endfacet
  facet normal -0 0 -1
    outer loop
      vertex 19.1592 111.471 -6.86
      vertex 18.611 111.376 -6.86
      vertex 19.1519 111.551 -6.86
    endloop
  endfacet
  facet normal 0 0 -1
    outer loop
      vertex 19.1681 111.398 -6.86
      vertex 18.6466 111.219 -6.86
      vertex 18.611 111.376 -6.86
    endloop
  endfacet
  facet normal 0 -0 -1
    outer loop
      vertex 19.1786 111.331 -6.86
      vertex 19.191 111.271 -6.86
      vertex 18.6466 111.219 -6.86
    endloop
  endfacet
  facet normal 0 0 -1
    outer loop
      vertex 19.191 111.271 -6.86
      vertex 18.6924 111.076 -6.86
      vertex 18.6466 111.219 -6.86
    endloop
  endfacet
  facet normal 0 0 -1
    outer loop
      vertex 19.2053 111.215 -6.86
      vertex 18.7484 110.947 -6.86
      vertex 18.6924 111.076 -6.86
    endloop
  endfacet
  facet normal -0 0 -1
    outer loop
      vertex 19.2216 111.164 -6.86
      vertex 18.7484 110.947 -6.86
      vertex 19.2053 111.215 -6.86
    endloop
  endfacet
  facet normal 0 0 -1
    outer loop
      vertex 19.2399 111.118 -6.86
      vertex 18.8145 110.833 -6.86
      vertex 18.7484 110.947 -6.86
    endloop
  endfacet
  facet normal 0 0 -1
    outer loop
      vertex 19.2602 111.076 -6.86
      vertex 18.8908 110.734 -6.86
      vertex 18.8145 110.833 -6.86
    endloop
  endfacet
  facet normal -0 0 -1
    outer loop
      vertex 19.2825 111.04 -6.86
      vertex 18.8908 110.734 -6.86
      vertex 19.2602 111.076 -6.86
    endloop
  endfacet
  facet normal 0 0 -1
    outer loop
      vertex 19.3068 111.009 -6.86
      vertex 18.9772 110.65 -6.86
      vertex 18.8908 110.734 -6.86
    endloop
  endfacet
  facet normal -0 0 -1
    outer loop
      vertex 19.3336 110.982 -6.86
      vertex 18.9772 110.65 -6.86
      vertex 19.3068 111.009 -6.86
    endloop
  endfacet
  facet normal 0 0 -1
    outer loop
      vertex 19.0739 110.581 -6.86
      vertex 18.9772 110.65 -6.86
      vertex 19.3336 110.982 -6.86
    endloop
  endfacet
  facet normal 0 0 -1
    outer loop
      vertex 19.1807 110.527 -6.86
      vertex 19.0739 110.581 -6.86
      vertex 19.3634 110.96 -6.86
    endloop
  endfacet
  facet normal 0 0 -1
    outer loop
      vertex 19.1807 110.527 -6.86
      vertex 19.3634 110.96 -6.86
      vertex 19.3963 110.941 -6.86
    endloop
  endfacet
  facet normal 0 0 -1
    outer loop
      vertex 19.1807 110.527 -6.86
      vertex 19.3963 110.941 -6.86
      vertex 19.2976 110.489 -6.86
    endloop
  endfacet
  facet normal 0 0 -1
    outer loop
      vertex 19.2976 110.489 -6.86
      vertex 19.4322 110.927 -6.86
      vertex 19.4711 110.917 -6.86
    endloop
  endfacet
  facet normal 0 0 -1
    outer loop
      vertex 19.2976 110.489 -6.86
      vertex 19.4711 110.917 -6.86
      vertex 19.4248 110.466 -6.86
    endloop
  endfacet
  facet normal 0 -0 -1
    outer loop
      vertex 19.4711 110.917 -6.86
      vertex 19.513 110.91 -6.86
      vertex 19.4248 110.466 -6.86
    endloop
  endfacet
  facet normal 0 0 -1
    outer loop
      vertex 20.791 111.196 -6.86
      vertex 21.3861 111.217 -6.86
      vertex 20.8073 111.092 -6.86
    endloop
  endfacet
  facet normal 0 0 -1
    outer loop
      vertex 20.8345 110.995 -6.86
      vertex 21.3967 111.157 -6.86
      vertex 20.8725 110.905 -6.86
    endloop
  endfacet
  facet normal 0 0 -1
    outer loop
      vertex 20.8145 111.534 -6.86
      vertex 21.3866 111.473 -6.86
      vertex 21.3775 111.354 -6.86
    endloop
  endfacet
  facet normal 0 0 -1
    outer loop
      vertex 21.414 111.574 -6.86
      vertex 20.9907 111.825 -6.86
      vertex 21.043 111.869 -6.86
    endloop
  endfacet
  facet normal 0 -0 -1
    outer loop
      vertex 21.1622 111.939 -6.86
      vertex 21.414 111.574 -6.86
      vertex 21.1002 111.907 -6.86
    endloop
  endfacet
  facet normal 0 0 -1
    outer loop
      vertex 21.414 111.574 -6.86
      vertex 21.043 111.869 -6.86
      vertex 21.1002 111.907 -6.86
    endloop
  endfacet
  facet normal 0 -0 -1
    outer loop
      vertex 21.3009 111.987 -6.86
      vertex 21.4597 111.657 -6.86
      vertex 21.2291 111.966 -6.86
    endloop
  endfacet
  facet normal -0 0 -1
    outer loop
      vertex 21.5237 111.721 -6.86
      vertex 21.4597 111.657 -6.86
      vertex 21.3009 111.987 -6.86
    endloop
  endfacet
  facet normal -0 0 -1
    outer loop
      vertex 21.7063 111.794 -6.86
      vertex 21.6059 111.767 -6.86
      vertex 21.3775 112.003 -6.86
    endloop
  endfacet
  facet normal 0 -0 -1
    outer loop
      vertex 20.9432 111.776 -6.86
      vertex 21.3866 111.473 -6.86
      vertex 20.9014 111.722 -6.86
    endloop
  endfacet
  facet normal 0 0 -1
    outer loop
      vertex 21.7063 111.794 -6.86
      vertex 21.6739 112.222 -6.86
      vertex 21.7177 112.212 -6.86
    endloop
  endfacet
  facet normal 0 0 -1
    outer loop
      vertex 20.8725 110.905 -6.86
      vertex 21.4117 111.103 -6.86
      vertex 20.9215 110.823 -6.86
    endloop
  endfacet
  facet normal 0 0 -1
    outer loop
      vertex 21.431 111.056 -6.86
      vertex 20.9813 110.749 -6.86
      vertex 20.9215 110.823 -6.86
    endloop
  endfacet
  facet normal 0 0 -1
    outer loop
      vertex 21.052 110.681 -6.86
      vertex 21.4545 111.014 -6.86
      vertex 21.1328 110.622 -6.86
    endloop
  endfacet
  facet normal 0 0 -1
    outer loop
      vertex 21.3223 110.531 -6.86
      vertex 21.2229 110.572 -6.86
      vertex 21.5146 110.947 -6.86
    endloop
  endfacet
  facet normal -0 0 -1
    outer loop
      vertex 21.6402 110.883 -6.86
      vertex 21.549 110.477 -6.86
      vertex 21.5936 110.899 -6.86
    endloop
  endfacet
  facet normal -0 0 -1
    outer loop
      vertex 22.8293 111.453 -6.86
      vertex 22.252 111.407 -6.86
      vertex 22.8131 111.522 -6.86
    endloop
  endfacet
  facet normal 0 0 -1
    outer loop
      vertex 22.3836 112.046 -6.86
      vertex 22.1225 112.338 -6.86
      vertex 22.4408 112.074 -6.86
    endloop
  endfacet
  facet normal 0 0 -1
    outer loop
      vertex 22.4408 112.074 -6.86
      vertex 22.1607 112.414 -6.86
      vertex 22.4942 112.107 -6.86
    endloop
  endfacet
  facet normal 0 0 -1
    outer loop
      vertex 20.9606 112.286 -6.86
      vertex 20.9288 112.34 -6.86
      vertex 21.4522 112.5 -6.86
    endloop
  endfacet
  facet normal 0 0 -1
    outer loop
      vertex 21.4523 112.722 -6.86
      vertex 20.877 112.841 -6.86
      vertex 20.9025 112.929 -6.86
    endloop
  endfacet
  facet normal 0 0 -1
    outer loop
      vertex 21.4523 112.722 -6.86
      vertex 20.9025 112.929 -6.86
      vertex 21.4618 112.769 -6.86
    endloop
  endfacet
  facet normal 0 0 -1
    outer loop
      vertex 20.8567 112.646 -6.86
      vertex 20.8618 112.747 -6.86
      vertex 21.4466 112.671 -6.86
    endloop
  endfacet
  facet normal 0 0 -1
    outer loop
      vertex 20.9381 113.009 -6.86
      vertex 20.9839 113.083 -6.86
      vertex 21.4752 112.812 -6.86
    endloop
  endfacet
  facet normal 0 0 -1
    outer loop
      vertex 21.4752 112.812 -6.86
      vertex 21.0398 113.15 -6.86
      vertex 21.4924 112.85 -6.86
    endloop
  endfacet
  facet normal 0 0 -1
    outer loop
      vertex 21.266 113.307 -6.86
      vertex 21.3593 113.344 -6.86
      vertex 21.5669 112.938 -6.86
    endloop
  endfacet
  facet normal 0 0 -1
    outer loop
      vertex 21.5669 112.938 -6.86
      vertex 21.3593 113.344 -6.86
      vertex 21.5995 112.959 -6.86
    endloop
  endfacet
  facet normal 0 0 -1
    outer loop
      vertex 21.4615 113.372 -6.86
      vertex 21.5725 113.392 -6.86
      vertex 21.636 112.977 -6.86
    endloop
  endfacet
  facet normal 0 0 -1
    outer loop
      vertex 21.5134 112.884 -6.86
      vertex 21.1815 113.263 -6.86
      vertex 21.5382 112.913 -6.86
    endloop
  endfacet
  facet normal 0 0 -1
    outer loop
      vertex 21.4924 112.85 -6.86
      vertex 21.1059 113.21 -6.86
      vertex 21.5134 112.884 -6.86
    endloop
  endfacet
  facet normal 0 0 -1
    outer loop
      vertex 21.7689 113.006 -6.86
      vertex 21.821 113.409 -6.86
      vertex 21.821 113.008 -6.86
    endloop
  endfacet
  facet normal 0 0 -1
    outer loop
      vertex 21.821 113.008 -6.86
      vertex 21.947 113.404 -6.86
      vertex 21.9192 113 -6.86
    endloop
  endfacet
  facet normal 0 0 -1
    outer loop
      vertex 22.0704 112.936 -6.86
      vertex 22.3666 113.305 -6.86
      vertex 22.1232 112.88 -6.86
    endloop
  endfacet
  facet normal 0 0 -1
    outer loop
      vertex 22.1607 112.414 -6.86
      vertex 22.6327 112.237 -6.86
      vertex 22.5902 112.188 -6.86
    endloop
  endfacet
  facet normal 0 0 -1
    outer loop
      vertex 22.1837 112.719 -6.86
      vertex 22.77 112.747 -6.86
      vertex 22.1913 112.615 -6.86
    endloop
  endfacet
  facet normal 0 0 -1
    outer loop
      vertex 22.1913 112.615 -6.86
      vertex 22.7751 112.65 -6.86
      vertex 22.7722 112.584 -6.86
    endloop
  endfacet
  facet normal -0 0 -1
    outer loop
      vertex 22.2584 111.999 -6.86
      vertex 21.9852 111.782 -6.86
      vertex 22.2584 112.007 -6.86
    endloop
  endfacet
  facet normal -0 0 -1
    outer loop
      vertex 22.3228 112.024 -6.86
      vertex 22.2584 112.007 -6.86
      vertex 22.1225 112.338 -6.86
    endloop
  endfacet
  facet normal 0 0 -1
    outer loop
      vertex 22.1607 112.414 -6.86
      vertex 22.5441 112.145 -6.86
      vertex 22.4942 112.107 -6.86
    endloop
  endfacet
  facet normal 0 0 -1
    outer loop
      vertex 22.1607 112.414 -6.86
      vertex 22.5902 112.188 -6.86
      vertex 22.5441 112.145 -6.86
    endloop
  endfacet
  facet normal 0 0 -1
    outer loop
      vertex 22.1607 112.414 -6.86
      vertex 22.1836 112.506 -6.86
      vertex 22.6327 112.237 -6.86
    endloop
  endfacet
  facet normal 0 0 -1
    outer loop
      vertex 22.069 112.28 -6.86
      vertex 22.1225 112.338 -6.86
      vertex 22.2584 112.007 -6.86
    endloop
  endfacet
  facet normal 0 0 -1
    outer loop
      vertex 22.0003 112.238 -6.86
      vertex 22.069 112.28 -6.86
      vertex 22.2584 112.007 -6.86
    endloop
  endfacet
  facet normal 0 0 -1
    outer loop
      vertex 22.3228 112.024 -6.86
      vertex 22.1225 112.338 -6.86
      vertex 22.3836 112.046 -6.86
    endloop
  endfacet
  facet normal -0 0 -1
    outer loop
      vertex 22.8368 111.192 -6.86
      vertex 22.8203 111.089 -6.86
      vertex 22.2453 111.213 -6.86
    endloop
  endfacet
  facet normal -0 0 -1
    outer loop
      vertex 22.2584 112.007 -6.86
      vertex 21.9852 111.782 -6.86
      vertex 22.0003 112.238 -6.86
    endloop
  endfacet
  facet normal 0 0 -1
    outer loop
      vertex 22.7025 112.343 -6.86
      vertex 22.1836 112.506 -6.86
      vertex 22.7286 112.4 -6.86
    endloop
  endfacet
  facet normal 0 -0 -1
    outer loop
      vertex 22.2543 111.346 -6.86
      vertex 22.8423 111.303 -6.86
      vertex 22.2521 111.276 -6.86
    endloop
  endfacet
  facet normal 0 0 -1
    outer loop
      vertex 22.1836 112.506 -6.86
      vertex 22.1913 112.615 -6.86
      vertex 22.749 112.459 -6.86
    endloop
  endfacet
  facet normal 0 0 -1
    outer loop
      vertex 22.161 112.807 -6.86
      vertex 22.6937 113.003 -6.86
      vertex 22.7293 112.924 -6.86
    endloop
  endfacet
  facet normal 0 0 -1
    outer loop
      vertex 22.161 112.807 -6.86
      vertex 22.648 113.077 -6.86
      vertex 22.6937 113.003 -6.86
    endloop
  endfacet
  facet normal 0 0 -1
    outer loop
      vertex 22.592 113.144 -6.86
      vertex 22.161 112.807 -6.86
      vertex 22.1232 112.88 -6.86
    endloop
  endfacet
  facet normal 0 0 -1
    outer loop
      vertex 22.1232 112.88 -6.86
      vertex 22.4505 113.259 -6.86
      vertex 22.5259 113.205 -6.86
    endloop
  endfacet
  facet normal 0 -0 -1
    outer loop
      vertex 22.2744 113.342 -6.86
      vertex 22.3666 113.305 -6.86
      vertex 22.0704 112.936 -6.86
    endloop
  endfacet
  facet normal 0 0 -1
    outer loop
      vertex 21.0868 112.144 -6.86
      vertex 21.0405 112.187 -6.86
      vertex 21.4749 112.405 -6.86
    endloop
  endfacet
  facet normal 0 0 -1
    outer loop
      vertex 22.2584 111.999 -6.86
      vertex 22.1435 111.685 -6.86
      vertex 22.1098 111.717 -6.86
    endloop
  endfacet
  facet normal -0 0 -1
    outer loop
      vertex 21.6339 112.235 -6.86
      vertex 21.3775 112.011 -6.86
      vertex 21.5978 112.253 -6.86
    endloop
  endfacet
  facet normal 0 -0 -1
    outer loop
      vertex 22.7904 111.589 -6.86
      vertex 22.8131 111.522 -6.86
      vertex 22.252 111.407 -6.86
    endloop
  endfacet
  facet normal 0 -0 -1
    outer loop
      vertex 22.8293 111.453 -6.86
      vertex 22.839 111.38 -6.86
      vertex 22.2543 111.346 -6.86
    endloop
  endfacet
  facet normal 0 -0 -1
    outer loop
      vertex 22.839 111.38 -6.86
      vertex 22.8423 111.303 -6.86
      vertex 22.2543 111.346 -6.86
    endloop
  endfacet
  facet normal -0 0 -1
    outer loop
      vertex 22.7904 111.589 -6.86
      vertex 22.2453 111.464 -6.86
      vertex 22.7613 111.651 -6.86
    endloop
  endfacet
  facet normal 0 0 -1
    outer loop
      vertex 22.2341 111.154 -6.86
      vertex 22.8203 111.089 -6.86
      vertex 22.7927 110.992 -6.86
    endloop
  endfacet
  facet normal 0 0 -1
    outer loop
      vertex 22.234 111.517 -6.86
      vertex 22.7257 111.71 -6.86
      vertex 22.2453 111.464 -6.86
    endloop
  endfacet
  facet normal 0 -0 -1
    outer loop
      vertex 22.6836 111.766 -6.86
      vertex 22.7257 111.71 -6.86
      vertex 22.234 111.517 -6.86
    endloop
  endfacet
  facet normal 0 0 -1
    outer loop
      vertex 22.7047 110.822 -6.86
      vertex 22.2184 111.102 -6.86
      vertex 22.7542 110.903 -6.86
    endloop
  endfacet
  facet normal -0 0 -1
    outer loop
      vertex 22.5727 110.68 -6.86
      vertex 22.4912 110.622 -6.86
      vertex 22.1736 111.013 -6.86
    endloop
  endfacet
  facet normal 0 0 -1
    outer loop
      vertex 22.5727 110.68 -6.86
      vertex 22.1736 111.013 -6.86
      vertex 22.1983 111.055 -6.86
    endloop
  endfacet
  facet normal 0 0 -1
    outer loop
      vertex 21.8709 110.864 -6.86
      vertex 21.9284 110.871 -6.86
      vertex 21.9484 110.463 -6.86
    endloop
  endfacet
  facet normal 0 0 -1
    outer loop
      vertex 21.8709 110.864 -6.86
      vertex 21.8129 110.459 -6.86
      vertex 21.8088 110.862 -6.86
    endloop
  endfacet
  facet normal -0 0 -1
    outer loop
      vertex 22.4019 111.961 -6.86
      vertex 22.1729 111.65 -6.86
      vertex 22.3323 111.983 -6.86
    endloop
  endfacet
  facet normal 0 0 -1
    outer loop
      vertex 22.4408 112.074 -6.86
      vertex 22.1225 112.338 -6.86
      vertex 22.1607 112.414 -6.86
    endloop
  endfacet
  facet normal 0 0 -1
    outer loop
      vertex 21.0868 112.144 -6.86
      vertex 21.4749 112.405 -6.86
      vertex 21.137 112.107 -6.86
    endloop
  endfacet
  facet normal 0 0 -1
    outer loop
      vertex 22.1836 112.506 -6.86
      vertex 22.6705 112.289 -6.86
      vertex 22.6327 112.237 -6.86
    endloop
  endfacet
  facet normal 0 0 -1
    outer loop
      vertex 22.7286 112.4 -6.86
      vertex 22.1836 112.506 -6.86
      vertex 22.749 112.459 -6.86
    endloop
  endfacet
  facet normal 0 -0 -1
    outer loop
      vertex 22.77 112.747 -6.86
      vertex 22.7751 112.65 -6.86
      vertex 22.1913 112.615 -6.86
    endloop
  endfacet
  facet normal 0 0 -1
    outer loop
      vertex 22.7293 112.924 -6.86
      vertex 22.1837 112.719 -6.86
      vertex 22.161 112.807 -6.86
    endloop
  endfacet
  facet normal 0 -0 -1
    outer loop
      vertex 22.7293 112.924 -6.86
      vertex 22.7548 112.839 -6.86
      vertex 22.1837 112.719 -6.86
    endloop
  endfacet
  facet normal 0 -0 -1
    outer loop
      vertex 22.592 113.144 -6.86
      vertex 22.648 113.077 -6.86
      vertex 22.161 112.807 -6.86
    endloop
  endfacet
  facet normal -0 0 -1
    outer loop
      vertex 22.592 113.144 -6.86
      vertex 22.1232 112.88 -6.86
      vertex 22.5259 113.205 -6.86
    endloop
  endfacet
  facet normal 0 0 -1
    outer loop
      vertex 22.1232 112.88 -6.86
      vertex 22.3666 113.305 -6.86
      vertex 22.4505 113.259 -6.86
    endloop
  endfacet
  facet normal -0 0 -1
    outer loop
      vertex 22.2744 113.342 -6.86
      vertex 22.0704 112.936 -6.86
      vertex 22.1737 113.371 -6.86
    endloop
  endfacet
  facet normal 0 0 -1
    outer loop
      vertex 22.0024 112.976 -6.86
      vertex 22.0645 113.392 -6.86
      vertex 22.1737 113.371 -6.86
    endloop
  endfacet
  facet normal 0 0 -1
    outer loop
      vertex 22.0704 112.936 -6.86
      vertex 22.0024 112.976 -6.86
      vertex 22.1737 113.371 -6.86
    endloop
  endfacet
  facet normal 0 0 -1
    outer loop
      vertex 21.9192 113 -6.86
      vertex 21.947 113.404 -6.86
      vertex 22.0645 113.392 -6.86
    endloop
  endfacet
  facet normal 0 0 -1
    outer loop
      vertex 21.6923 113.404 -6.86
      vertex 21.821 113.409 -6.86
      vertex 21.7689 113.006 -6.86
    endloop
  endfacet
  facet normal 0 0 -1
    outer loop
      vertex 21.636 112.977 -6.86
      vertex 21.5725 113.392 -6.86
      vertex 21.6764 112.99 -6.86
    endloop
  endfacet
  facet normal 0 0 -1
    outer loop
      vertex 21.6764 112.99 -6.86
      vertex 21.5725 113.392 -6.86
      vertex 21.6923 113.404 -6.86
    endloop
  endfacet
  facet normal 0 0 -1
    outer loop
      vertex 21.5995 112.959 -6.86
      vertex 21.3593 113.344 -6.86
      vertex 21.4615 113.372 -6.86
    endloop
  endfacet
  facet normal 0 0 -1
    outer loop
      vertex 21.266 113.307 -6.86
      vertex 21.5669 112.938 -6.86
      vertex 21.5382 112.913 -6.86
    endloop
  endfacet
  facet normal 0 0 -1
    outer loop
      vertex 21.5382 112.913 -6.86
      vertex 21.1815 113.263 -6.86
      vertex 21.266 113.307 -6.86
    endloop
  endfacet
  facet normal 0 0 -1
    outer loop
      vertex 21.5134 112.884 -6.86
      vertex 21.1059 113.21 -6.86
      vertex 21.1815 113.263 -6.86
    endloop
  endfacet
  facet normal 0 0 -1
    outer loop
      vertex 21.4924 112.85 -6.86
      vertex 21.0398 113.15 -6.86
      vertex 21.1059 113.21 -6.86
    endloop
  endfacet
  facet normal 0 0 -1
    outer loop
      vertex 21.4752 112.812 -6.86
      vertex 20.9839 113.083 -6.86
      vertex 21.0398 113.15 -6.86
    endloop
  endfacet
  facet normal 0 0 -1
    outer loop
      vertex 21.4618 112.769 -6.86
      vertex 20.9025 112.929 -6.86
      vertex 20.9381 113.009 -6.86
    endloop
  endfacet
  facet normal 0 0 -1
    outer loop
      vertex 20.8618 112.747 -6.86
      vertex 21.4523 112.722 -6.86
      vertex 21.4466 112.671 -6.86
    endloop
  endfacet
  facet normal 0 0 -1
    outer loop
      vertex 21.4466 112.671 -6.86
      vertex 21.4446 112.615 -6.86
      vertex 20.8567 112.646 -6.86
    endloop
  endfacet
  facet normal 0 0 -1
    outer loop
      vertex 20.8682 112.517 -6.86
      vertex 21.4465 112.555 -6.86
      vertex 20.8827 112.456 -6.86
    endloop
  endfacet
  facet normal 0 0 -1
    outer loop
      vertex 20.8682 112.517 -6.86
      vertex 21.4446 112.615 -6.86
      vertex 21.4465 112.555 -6.86
    endloop
  endfacet
  facet normal 0 0 -1
    outer loop
      vertex 20.9288 112.34 -6.86
      vertex 20.9029 112.397 -6.86
      vertex 21.4522 112.5 -6.86
    endloop
  endfacet
  facet normal 0 0 -1
    outer loop
      vertex 20.9606 112.286 -6.86
      vertex 21.4522 112.5 -6.86
      vertex 21.4616 112.45 -6.86
    endloop
  endfacet
  facet normal 0 0 -1
    outer loop
      vertex 20.9981 112.235 -6.86
      vertex 21.4616 112.45 -6.86
      vertex 21.0405 112.187 -6.86
    endloop
  endfacet
  facet normal -0 0 -1
    outer loop
      vertex 21.4749 112.405 -6.86
      vertex 21.0405 112.187 -6.86
      vertex 21.4616 112.45 -6.86
    endloop
  endfacet
  facet normal 0 -0 -1
    outer loop
      vertex 21.4749 112.405 -6.86
      vertex 21.4919 112.365 -6.86
      vertex 21.137 112.107 -6.86
    endloop
  endfacet
  facet normal 0 0 -1
    outer loop
      vertex 21.4919 112.365 -6.86
      vertex 21.1912 112.075 -6.86
      vertex 21.137 112.107 -6.86
    endloop
  endfacet
  facet normal 0 0 -1
    outer loop
      vertex 21.2494 112.048 -6.86
      vertex 21.1912 112.075 -6.86
      vertex 21.4919 112.365 -6.86
    endloop
  endfacet
  facet normal 0 0 -1
    outer loop
      vertex 21.2494 112.048 -6.86
      vertex 21.4919 112.365 -6.86
      vertex 21.5127 112.33 -6.86
    endloop
  endfacet
  facet normal 0 0 -1
    outer loop
      vertex 21.2494 112.048 -6.86
      vertex 21.5127 112.33 -6.86
      vertex 21.3115 112.027 -6.86
    endloop
  endfacet
  facet normal 0 -0 -1
    outer loop
      vertex 21.5127 112.33 -6.86
      vertex 21.5372 112.3 -6.86
      vertex 21.3115 112.027 -6.86
    endloop
  endfacet
  facet normal 0 0 -1
    outer loop
      vertex 21.5372 112.3 -6.86
      vertex 21.3775 112.011 -6.86
      vertex 21.3115 112.027 -6.86
    endloop
  endfacet
  facet normal -0 0 -1
    outer loop
      vertex 21.5656 112.274 -6.86
      vertex 21.3775 112.011 -6.86
      vertex 21.5372 112.3 -6.86
    endloop
  endfacet
  facet normal -0 0 -1
    outer loop
      vertex 21.5978 112.253 -6.86
      vertex 21.3775 112.011 -6.86
      vertex 21.5656 112.274 -6.86
    endloop
  endfacet
  facet normal 0 -0 -1
    outer loop
      vertex 21.6339 112.235 -6.86
      vertex 21.6739 112.222 -6.86
      vertex 21.3775 112.011 -6.86
    endloop
  endfacet
  facet normal 0 0 -1
    outer loop
      vertex 21.6739 112.222 -6.86
      vertex 21.3775 112.003 -6.86
      vertex 21.3775 112.011 -6.86
    endloop
  endfacet
  facet normal 0 -0 -1
    outer loop
      vertex 21.7177 112.212 -6.86
      vertex 21.7654 112.206 -6.86
      vertex 21.7063 111.794 -6.86
    endloop
  endfacet
  facet normal 0 0 -1
    outer loop
      vertex 21.9358 111.794 -6.86
      vertex 21.8824 111.801 -6.86
      vertex 21.9162 112.213 -6.86
    endloop
  endfacet
  facet normal 0 0 -1
    outer loop
      vertex 22.1098 111.717 -6.86
      vertex 22.0722 111.743 -6.86
      vertex 22.2584 111.999 -6.86
    endloop
  endfacet
  facet normal 0 0 -1
    outer loop
      vertex 22.636 111.817 -6.86
      vertex 22.234 111.517 -6.86
      vertex 22.2181 111.565 -6.86
    endloop
  endfacet
  facet normal 0 0 -1
    outer loop
      vertex 22.1107 110.947 -6.86
      vertex 22.4007 110.572 -6.86
      vertex 22.3011 110.531 -6.86
    endloop
  endfacet
  facet normal 0 0 -1
    outer loop
      vertex 22.0722 110.921 -6.86
      vertex 22.1107 110.947 -6.86
      vertex 22.3011 110.531 -6.86
    endloop
  endfacet
  facet normal 0 -0 -1
    outer loop
      vertex 22.1445 110.977 -6.86
      vertex 22.4007 110.572 -6.86
      vertex 22.1107 110.947 -6.86
    endloop
  endfacet
  facet normal 0 -0 -1
    outer loop
      vertex 22.1736 111.013 -6.86
      vertex 22.4912 110.622 -6.86
      vertex 22.1445 110.977 -6.86
    endloop
  endfacet
  facet normal 0 0 -1
    outer loop
      vertex 22.5727 110.68 -6.86
      vertex 22.1983 111.055 -6.86
      vertex 22.6442 110.747 -6.86
    endloop
  endfacet
  facet normal 0 0 -1
    outer loop
      vertex 22.1983 111.055 -6.86
      vertex 22.2184 111.102 -6.86
      vertex 22.7047 110.822 -6.86
    endloop
  endfacet
  facet normal 0 -0 -1
    outer loop
      vertex 22.2341 111.154 -6.86
      vertex 22.7542 110.903 -6.86
      vertex 22.2184 111.102 -6.86
    endloop
  endfacet
  facet normal 0 -0 -1
    outer loop
      vertex 22.2453 111.213 -6.86
      vertex 22.8203 111.089 -6.86
      vertex 22.2341 111.154 -6.86
    endloop
  endfacet
  facet normal 0 0 -1
    outer loop
      vertex 22.2521 111.276 -6.86
      vertex 22.8423 111.303 -6.86
      vertex 22.8368 111.192 -6.86
    endloop
  endfacet
  facet normal 0 0 -1
    outer loop
      vertex 22.8293 111.453 -6.86
      vertex 22.2543 111.346 -6.86
      vertex 22.252 111.407 -6.86
    endloop
  endfacet
  facet normal 0 0 -1
    outer loop
      vertex 22.7904 111.589 -6.86
      vertex 22.252 111.407 -6.86
      vertex 22.2453 111.464 -6.86
    endloop
  endfacet
  facet normal 0 0 -1
    outer loop
      vertex 22.2453 111.464 -6.86
      vertex 22.7257 111.71 -6.86
      vertex 22.7613 111.651 -6.86
    endloop
  endfacet
  facet normal -0 0 -1
    outer loop
      vertex 22.6836 111.766 -6.86
      vertex 22.234 111.517 -6.86
      vertex 22.636 111.817 -6.86
    endloop
  endfacet
  facet normal -0 0 -1
    outer loop
      vertex 22.636 111.817 -6.86
      vertex 22.2181 111.565 -6.86
      vertex 22.5841 111.862 -6.86
    endloop
  endfacet
  facet normal 0 0 -1
    outer loop
      vertex 22.2181 111.565 -6.86
      vertex 22.1978 111.61 -6.86
      vertex 22.5841 111.862 -6.86
    endloop
  endfacet
  facet normal 0 -0 -1
    outer loop
      vertex 22.5278 111.901 -6.86
      vertex 22.5841 111.862 -6.86
      vertex 22.1978 111.61 -6.86
    endloop
  endfacet
  facet normal -0 0 -1
    outer loop
      vertex 22.5278 111.901 -6.86
      vertex 22.1978 111.61 -6.86
      vertex 22.467 111.934 -6.86
    endloop
  endfacet
  facet normal 0 0 -1
    outer loop
      vertex 22.1978 111.61 -6.86
      vertex 22.1729 111.65 -6.86
      vertex 22.467 111.934 -6.86
    endloop
  endfacet
  facet normal 0 0 -1
    outer loop
      vertex 22.1729 111.65 -6.86
      vertex 22.4019 111.961 -6.86
      vertex 22.467 111.934 -6.86
    endloop
  endfacet
  facet normal 0 0 -1
    outer loop
      vertex 22.1729 111.65 -6.86
      vertex 22.1435 111.685 -6.86
      vertex 22.3323 111.983 -6.86
    endloop
  endfacet
  facet normal 0 -0 -1
    outer loop
      vertex 22.2584 111.999 -6.86
      vertex 22.3323 111.983 -6.86
      vertex 22.1435 111.685 -6.86
    endloop
  endfacet
  facet normal 0 0 -1
    outer loop
      vertex 22.2584 111.999 -6.86
      vertex 22.0722 111.743 -6.86
      vertex 22.0307 111.765 -6.86
    endloop
  endfacet
  facet normal 0 0 -1
    outer loop
      vertex 22.2584 111.999 -6.86
      vertex 22.0307 111.765 -6.86
      vertex 21.9852 111.782 -6.86
    endloop
  endfacet
  facet normal 0 0 -1
    outer loop
      vertex 22.0003 112.238 -6.86
      vertex 21.9852 111.782 -6.86
      vertex 21.9162 112.213 -6.86
    endloop
  endfacet
  facet normal 0 0 -1
    outer loop
      vertex 21.9852 111.782 -6.86
      vertex 21.9358 111.794 -6.86
      vertex 21.9162 112.213 -6.86
    endloop
  endfacet
  facet normal 0 0 -1
    outer loop
      vertex 21.8824 111.801 -6.86
      vertex 21.8251 111.803 -6.86
      vertex 21.8169 112.204 -6.86
    endloop
  endfacet
  facet normal 0 0 -1
    outer loop
      vertex 21.9162 112.213 -6.86
      vertex 21.8824 111.801 -6.86
      vertex 21.8169 112.204 -6.86
    endloop
  endfacet
  facet normal 0 0 -1
    outer loop
      vertex 21.8251 111.803 -6.86
      vertex 21.7654 112.206 -6.86
      vertex 21.8169 112.204 -6.86
    endloop
  endfacet
  facet normal 0 0 -1
    outer loop
      vertex 21.7063 111.794 -6.86
      vertex 21.7654 112.206 -6.86
      vertex 21.8251 111.803 -6.86
    endloop
  endfacet
  facet normal -0 0 -1
    outer loop
      vertex 21.6059 111.767 -6.86
      vertex 21.5237 111.721 -6.86
      vertex 21.3775 112.003 -6.86
    endloop
  endfacet
  facet normal 0 0 -1
    outer loop
      vertex 21.1622 111.939 -6.86
      vertex 21.4597 111.657 -6.86
      vertex 21.414 111.574 -6.86
    endloop
  endfacet
  facet normal 0 0 -1
    outer loop
      vertex 21.3866 111.473 -6.86
      vertex 20.9432 111.776 -6.86
      vertex 21.414 111.574 -6.86
    endloop
  endfacet
  facet normal 0 0 -1
    outer loop
      vertex 20.8145 111.534 -6.86
      vertex 20.837 111.601 -6.86
      vertex 21.3866 111.473 -6.86
    endloop
  endfacet
  facet normal 0 -0 -1
    outer loop
      vertex 20.7887 111.387 -6.86
      vertex 21.3775 111.354 -6.86
      vertex 20.7855 111.307 -6.86
    endloop
  endfacet
  facet normal 0 0 -1
    outer loop
      vertex 20.7887 111.387 -6.86
      vertex 20.7984 111.462 -6.86
      vertex 21.3775 111.354 -6.86
    endloop
  endfacet
  facet normal 0 0 -1
    outer loop
      vertex 20.791 111.196 -6.86
      vertex 21.3796 111.282 -6.86
      vertex 21.3861 111.217 -6.86
    endloop
  endfacet
  facet normal 0 0 -1
    outer loop
      vertex 20.8073 111.092 -6.86
      vertex 21.3861 111.217 -6.86
      vertex 21.3967 111.157 -6.86
    endloop
  endfacet
  facet normal 0 0 -1
    outer loop
      vertex 20.8725 110.905 -6.86
      vertex 21.3967 111.157 -6.86
      vertex 21.4117 111.103 -6.86
    endloop
  endfacet
  facet normal 0 0 -1
    outer loop
      vertex 20.9215 110.823 -6.86
      vertex 21.4117 111.103 -6.86
      vertex 21.431 111.056 -6.86
    endloop
  endfacet
  facet normal 0 0 -1
    outer loop
      vertex 20.9813 110.749 -6.86
      vertex 21.431 111.056 -6.86
      vertex 21.052 110.681 -6.86
    endloop
  endfacet
  facet normal 0 -0 -1
    outer loop
      vertex 21.431 111.056 -6.86
      vertex 21.4545 111.014 -6.86
      vertex 21.052 110.681 -6.86
    endloop
  endfacet
  facet normal 0 -0 -1
    outer loop
      vertex 21.4545 111.014 -6.86
      vertex 21.4823 110.977 -6.86
      vertex 21.1328 110.622 -6.86
    endloop
  endfacet
  facet normal 0 0 -1
    outer loop
      vertex 21.4823 110.977 -6.86
      vertex 21.2229 110.572 -6.86
      vertex 21.1328 110.622 -6.86
    endloop
  endfacet
  facet normal -0 0 -1
    outer loop
      vertex 21.5146 110.947 -6.86
      vertex 21.2229 110.572 -6.86
      vertex 21.4823 110.977 -6.86
    endloop
  endfacet
  facet normal -0 0 -1
    outer loop
      vertex 21.5517 110.921 -6.86
      vertex 21.3223 110.531 -6.86
      vertex 21.5146 110.947 -6.86
    endloop
  endfacet
  facet normal 0 0 -1
    outer loop
      vertex 21.431 110.5 -6.86
      vertex 21.3223 110.531 -6.86
      vertex 21.5517 110.921 -6.86
    endloop
  endfacet
  facet normal 0 0 -1
    outer loop
      vertex 21.431 110.5 -6.86
      vertex 21.5517 110.921 -6.86
      vertex 21.5936 110.899 -6.86
    endloop
  endfacet
  facet normal 0 0 -1
    outer loop
      vertex 21.431 110.5 -6.86
      vertex 21.5936 110.899 -6.86
      vertex 21.549 110.477 -6.86
    endloop
  endfacet
  facet normal 0 0 -1
    outer loop
      vertex 21.549 110.477 -6.86
      vertex 21.6402 110.883 -6.86
      vertex 21.6916 110.871 -6.86
    endloop
  endfacet
  facet normal 0 0 -1
    outer loop
      vertex 21.549 110.477 -6.86
      vertex 21.6916 110.871 -6.86
      vertex 21.6763 110.463 -6.86
    endloop
  endfacet
  facet normal 0 -0 -1
    outer loop
      vertex 21.6916 110.871 -6.86
      vertex 21.7478 110.864 -6.86
      vertex 21.6763 110.463 -6.86
    endloop
  endfacet
  facet normal 0 0 -1
    outer loop
      vertex 16.5322 111.683 -6.86
      vertex 16.3979 111.232 -6.86
      vertex 15.5495 110.499 -6.86
    endloop
  endfacet
  facet normal 0 0 -1
    outer loop
      vertex 16.5911 113.366 -6.86
      vertex 16.5322 111.683 -6.86
      vertex 15.5495 110.499 -6.86
    endloop
  endfacet
  facet normal 0 0 -1
    outer loop
      vertex 16.3979 111.232 -6.86
      vertex 16.1436 110.499 -6.86
      vertex 15.5495 110.499 -6.86
    endloop
  endfacet
  facet normal 0 0 -1
    outer loop
      vertex 17.7446 110.499 -6.86
      vertex 17.4903 111.232 -6.86
      vertex 18.3448 110.499 -6.86
    endloop
  endfacet
  facet normal 0 0 -1
    outer loop
      vertex 17.3561 111.683 -6.86
      vertex 18.3448 110.499 -6.86
      vertex 17.4903 111.232 -6.86
    endloop
  endfacet
  facet normal 0 0 -1
    outer loop
      vertex 17.2991 113.366 -6.86
      vertex 17.2702 111.934 -6.86
      vertex 17.1963 112.149 -6.86
    endloop
  endfacet
  facet normal 0 0 -1
    outer loop
      vertex 17.2991 113.366 -6.86
      vertex 17.1963 112.149 -6.86
      vertex 17.1344 112.331 -6.86
    endloop
  endfacet
  facet normal 0 0 -1
    outer loop
      vertex 17.2991 113.366 -6.86
      vertex 17.1344 112.331 -6.86
      vertex 17.0844 112.478 -6.86
    endloop
  endfacet
  facet normal 0 0 -1
    outer loop
      vertex 17.2991 113.366 -6.86
      vertex 17.0844 112.478 -6.86
      vertex 17.0464 112.591 -6.86
    endloop
  endfacet
  facet normal 0 0 -1
    outer loop
      vertex 17.2991 113.366 -6.86
      vertex 17.0464 112.591 -6.86
      vertex 17.0203 112.669 -6.86
    endloop
  endfacet
  facet normal 0 0 -1
    outer loop
      vertex 17.2991 113.366 -6.86
      vertex 17.0203 112.669 -6.86
      vertex 17.0062 112.713 -6.86
    endloop
  endfacet
  facet normal 0 0 -1
    outer loop
      vertex 17.2991 113.366 -6.86
      vertex 17.0062 112.713 -6.86
      vertex 16.9982 112.739 -6.86
    endloop
  endfacet
  facet normal 0 0 -1
    outer loop
      vertex 17.2991 113.366 -6.86
      vertex 16.9982 112.739 -6.86
      vertex 16.9906 112.765 -6.86
    endloop
  endfacet
  facet normal 0 0 -1
    outer loop
      vertex 17.2991 113.366 -6.86
      vertex 16.9906 112.765 -6.86
      vertex 16.9832 112.789 -6.86
    endloop
  endfacet
  facet normal 0 0 -1
    outer loop
      vertex 17.2991 113.366 -6.86
      vertex 16.9832 112.789 -6.86
      vertex 16.9763 112.813 -6.86
    endloop
  endfacet
  facet normal 0 0 -1
    outer loop
      vertex 17.2991 113.366 -6.86
      vertex 16.9763 112.813 -6.86
      vertex 16.9696 112.836 -6.86
    endloop
  endfacet
  facet normal 0 0 -1
    outer loop
      vertex 17.2991 113.366 -6.86
      vertex 16.9696 112.836 -6.86
      vertex 16.9633 112.858 -6.86
    endloop
  endfacet
  facet normal 0 0 -1
    outer loop
      vertex 17.2991 113.366 -6.86
      vertex 16.9633 112.858 -6.86
      vertex 16.9573 112.88 -6.86
    endloop
  endfacet
  facet normal -0 0 -1
    outer loop
      vertex 17.2991 113.366 -6.86
      vertex 16.9451 112.924 -6.86
      vertex 16.5911 113.366 -6.86
    endloop
  endfacet
  facet normal 0 0 -1
    outer loop
      vertex 17.2991 113.366 -6.86
      vertex 16.9573 112.88 -6.86
      vertex 16.9451 112.924 -6.86
    endloop
  endfacet
  facet normal 0 0 -1
    outer loop
      vertex 16.5911 113.366 -6.86
      vertex 16.9024 112.784 -6.86
      vertex 16.8149 112.507 -6.86
    endloop
  endfacet
  facet normal 0 0 -1
    outer loop
      vertex 16.5911 113.366 -6.86
      vertex 16.9451 112.924 -6.86
      vertex 16.9024 112.784 -6.86
    endloop
  endfacet
  facet normal 0 -0 -1
    outer loop
      vertex 16.5911 113.366 -6.86
      vertex 16.8149 112.507 -6.86
      vertex 16.5322 111.683 -6.86
    endloop
  endfacet
  facet normal 0 0 1
    outer loop
      vertex 28.8635 111.357 -6.81
      vertex 28.2782 111.424 -6.81
      vertex 28.8591 111.325 -6.81
    endloop
  endfacet
  facet normal 0 0 1
    outer loop
      vertex 28.2917 111.516 -6.81
      vertex 28.2838 111.471 -6.81
      vertex 28.8709 111.388 -6.81
    endloop
  endfacet
  facet normal 0 0 1
    outer loop
      vertex 28.8591 111.325 -6.81
      vertex 28.2749 111.376 -6.81
      vertex 28.2738 111.325 -6.81
    endloop
  endfacet
  facet normal 0 -0 1
    outer loop
      vertex 28.8576 111.291 -6.81
      vertex 28.8591 111.325 -6.81
      vertex 28.2738 111.325 -6.81
    endloop
  endfacet
  facet normal 0 0 1
    outer loop
      vertex 28.8812 111.416 -6.81
      vertex 28.3454 111.68 -6.81
      vertex 28.3287 111.642 -6.81
    endloop
  endfacet
  facet normal 0 0 1
    outer loop
      vertex 29.228 111.656 -6.81
      vertex 29.0493 112.14 -6.81
      vertex 29.1757 111.64 -6.81
    endloop
  endfacet
  facet normal 0 0 1
    outer loop
      vertex 28.9517 111.514 -6.81
      vertex 28.6302 111.982 -6.81
      vertex 28.59 111.958 -6.81
    endloop
  endfacet
  facet normal 0 -0 1
    outer loop
      vertex 27.2465 110.587 -6.81
      vertex 27.3864 110.659 -6.81
      vertex 27.0447 111.064 -6.81
    endloop
  endfacet
  facet normal 0 0 1
    outer loop
      vertex 28.7198 112.029 -6.81
      vertex 28.6735 112.006 -6.81
      vertex 28.9759 111.535 -6.81
    endloop
  endfacet
  facet normal 0 0 1
    outer loop
      vertex 26.7766 110.952 -6.81
      vertex 26.7499 110.467 -6.81
      vertex 26.9282 110.491 -6.81
    endloop
  endfacet
  facet normal 0 0 1
    outer loop
      vertex 29.0317 111.574 -6.81
      vertex 28.8248 112.072 -6.81
      vertex 28.7692 112.051 -6.81
    endloop
  endfacet
  facet normal 0 0 1
    outer loop
      vertex 26.6715 110.936 -6.81
      vertex 26.5586 110.931 -6.81
      vertex 26.5586 110.459 -6.81
    endloop
  endfacet
  facet normal 0 0 1
    outer loop
      vertex 29.0026 111.555 -6.81
      vertex 28.7692 112.051 -6.81
      vertex 28.7198 112.029 -6.81
    endloop
  endfacet
  facet normal 0 -0 1
    outer loop
      vertex 29.0026 111.555 -6.81
      vertex 29.0317 111.574 -6.81
      vertex 28.7692 112.051 -6.81
    endloop
  endfacet
  facet normal 0 -0 1
    outer loop
      vertex 29.0317 111.574 -6.81
      vertex 29.0631 111.592 -6.81
      vertex 28.8248 112.072 -6.81
    endloop
  endfacet
  facet normal 0 0 1
    outer loop
      vertex 29.0026 111.555 -6.81
      vertex 28.7198 112.029 -6.81
      vertex 28.9759 111.535 -6.81
    endloop
  endfacet
  facet normal 0 0 1
    outer loop
      vertex 25.8039 111.476 -6.81
      vertex 25.2811 111.279 -6.81
      vertex 25.3325 111.164 -6.81
    endloop
  endfacet
  facet normal 0 0 1
    outer loop
      vertex 28.89 112.094 -6.81
      vertex 28.8248 112.072 -6.81
      vertex 29.0631 111.592 -6.81
    endloop
  endfacet
  facet normal 0 0 1
    outer loop
      vertex 26.4102 110.942 -6.81
      vertex 26.1918 110.496 -6.81
      vertex 26.3088 110.475 -6.81
    endloop
  endfacet
  facet normal 0 0 1
    outer loop
      vertex 28.9759 111.535 -6.81
      vertex 28.6735 112.006 -6.81
      vertex 28.6302 111.982 -6.81
    endloop
  endfacet
  facet normal 0 0 1
    outer loop
      vertex 26.2753 110.975 -6.81
      vertex 26.1918 110.496 -6.81
      vertex 26.4102 110.942 -6.81
    endloop
  endfacet
  facet normal 0 -0 1
    outer loop
      vertex 28.9517 111.514 -6.81
      vertex 28.9759 111.535 -6.81
      vertex 28.6302 111.982 -6.81
    endloop
  endfacet
  facet normal -0 0 1
    outer loop
      vertex 27.2903 111.359 -6.81
      vertex 27.8125 111.1 -6.81
      vertex 27.3301 111.457 -6.81
    endloop
  endfacet
  facet normal 0 0 1
    outer loop
      vertex 28.89 112.094 -6.81
      vertex 29.0631 111.592 -6.81
      vertex 29.097 111.609 -6.81
    endloop
  endfacet
  facet normal 0 -0 1
    outer loop
      vertex 27.8125 111.1 -6.81
      vertex 27.8819 111.243 -6.81
      vertex 27.3301 111.457 -6.81
    endloop
  endfacet
  facet normal 0 0 1
    outer loop
      vertex 28.9649 112.117 -6.81
      vertex 28.89 112.094 -6.81
      vertex 29.097 111.609 -6.81
    endloop
  endfacet
  facet normal 0 0 1
    outer loop
      vertex 29.1333 111.624 -6.81
      vertex 28.9649 112.117 -6.81
      vertex 29.097 111.609 -6.81
    endloop
  endfacet
  facet normal -0 0 1
    outer loop
      vertex 27.3611 111.565 -6.81
      vertex 27.9358 111.4 -6.81
      vertex 27.9743 111.569 -6.81
    endloop
  endfacet
  facet normal -0 0 1
    outer loop
      vertex 28.5527 111.932 -6.81
      vertex 28.9517 111.514 -6.81
      vertex 28.59 111.958 -6.81
    endloop
  endfacet
  facet normal 0 0 1
    outer loop
      vertex 27.3611 111.565 -6.81
      vertex 27.9743 111.569 -6.81
      vertex 27.3832 111.682 -6.81
    endloop
  endfacet
  facet normal 0 0 1
    outer loop
      vertex 28.5527 111.932 -6.81
      vertex 28.9299 111.492 -6.81
      vertex 28.9517 111.514 -6.81
    endloop
  endfacet
  facet normal 0 0 1
    outer loop
      vertex 29.1757 111.64 -6.81
      vertex 28.9649 112.117 -6.81
      vertex 29.1333 111.624 -6.81
    endloop
  endfacet
  facet normal 0 0 1
    outer loop
      vertex 29.1757 111.64 -6.81
      vertex 29.0493 112.14 -6.81
      vertex 28.9649 112.117 -6.81
    endloop
  endfacet
  facet normal 0 0 1
    outer loop
      vertex 28.9107 111.469 -6.81
      vertex 28.4874 111.878 -6.81
      vertex 28.4587 111.849 -6.81
    endloop
  endfacet
  facet normal -0 0 1
    outer loop
      vertex 29.0493 112.14 -6.81
      vertex 29.228 111.656 -6.81
      vertex 29.1433 112.163 -6.81
    endloop
  endfacet
  facet normal 0 -0 1
    outer loop
      vertex 28.3757 110.909 -6.81
      vertex 28.8704 111.189 -6.81
      vertex 28.3311 111.001 -6.81
    endloop
  endfacet
  facet normal 0 0 1
    outer loop
      vertex 29.29 111.674 -6.81
      vertex 29.2469 112.188 -6.81
      vertex 29.1433 112.163 -6.81
    endloop
  endfacet
  facet normal 0 -0 1
    outer loop
      vertex 29.228 111.656 -6.81
      vertex 29.29 111.674 -6.81
      vertex 29.1433 112.163 -6.81
    endloop
  endfacet
  facet normal 0 0 1
    outer loop
      vertex 29.2469 112.188 -6.81
      vertex 29.29 111.674 -6.81
      vertex 29.362 111.692 -6.81
    endloop
  endfacet
  facet normal 0 0 1
    outer loop
      vertex 29.3601 112.212 -6.81
      vertex 29.2469 112.188 -6.81
      vertex 29.4437 111.711 -6.81
    endloop
  endfacet
  facet normal 0 0 1
    outer loop
      vertex 29.5353 111.732 -6.81
      vertex 29.4547 112.233 -6.81
      vertex 29.3601 112.212 -6.81
    endloop
  endfacet
  facet normal 0 0 1
    outer loop
      vertex 28.9731 111.033 -6.81
      vertex 28.6812 110.622 -6.81
      vertex 28.7883 110.572 -6.81
    endloop
  endfacet
  facet normal -0 0 1
    outer loop
      vertex 29.4547 112.233 -6.81
      vertex 29.6368 111.753 -6.81
      vertex 29.5398 112.253 -6.81
    endloop
  endfacet
  facet normal 0 0 1
    outer loop
      vertex 29.5398 112.253 -6.81
      vertex 29.6368 111.753 -6.81
      vertex 29.7246 111.773 -6.81
    endloop
  endfacet
  facet normal 0 0 1
    outer loop
      vertex 29.6153 112.272 -6.81
      vertex 29.7246 111.773 -6.81
      vertex 29.8045 111.793 -6.81
    endloop
  endfacet
  facet normal 0 0 1
    outer loop
      vertex 29.7377 112.307 -6.81
      vertex 29.8764 111.812 -6.81
      vertex 29.9404 111.829 -6.81
    endloop
  endfacet
  facet normal 0 -0 1
    outer loop
      vertex 29.9964 111.845 -6.81
      vertex 30.0443 111.86 -6.81
      vertex 29.8219 112.337 -6.81
    endloop
  endfacet
  facet normal 0 0 1
    outer loop
      vertex 30.1199 111.887 -6.81
      vertex 29.8825 112.368 -6.81
      vertex 30.0844 111.874 -6.81
    endloop
  endfacet
  facet normal 0 0 1
    outer loop
      vertex 29.9339 112.401 -6.81
      vertex 29.9093 112.384 -6.81
      vertex 30.188 111.916 -6.81
    endloop
  endfacet
  facet normal 0 0 1
    outer loop
      vertex 29.9561 112.42 -6.81
      vertex 29.9339 112.401 -6.81
      vertex 30.2521 111.947 -6.81
    endloop
  endfacet
  facet normal 0 0 1
    outer loop
      vertex 29.9761 112.439 -6.81
      vertex 30.3122 111.981 -6.81
      vertex 30.3407 112 -6.81
    endloop
  endfacet
  facet normal 0 0 1
    outer loop
      vertex 29.9938 112.458 -6.81
      vertex 30.3678 112.019 -6.81
      vertex 30.3938 112.039 -6.81
    endloop
  endfacet
  facet normal 0 0 1
    outer loop
      vertex 30.0092 112.48 -6.81
      vertex 30.442 112.083 -6.81
      vertex 30.4642 112.106 -6.81
    endloop
  endfacet
  facet normal 0 0 1
    outer loop
      vertex 30.5233 112.183 -6.81
      vertex 30.0092 112.48 -6.81
      vertex 30.5048 112.157 -6.81
    endloop
  endfacet
  facet normal 0 0 1
    outer loop
      vertex 30.5562 112.241 -6.81
      vertex 30.0222 112.502 -6.81
      vertex 30.5404 112.212 -6.81
    endloop
  endfacet
  facet normal 0 0 1
    outer loop
      vertex 30.584 112.303 -6.81
      vertex 30.0329 112.527 -6.81
      vertex 30.5708 112.271 -6.81
    endloop
  endfacet
  facet normal 0 -0 1
    outer loop
      vertex 30.596 112.336 -6.81
      vertex 30.6065 112.371 -6.81
      vertex 30.0329 112.527 -6.81
    endloop
  endfacet
  facet normal 0 -0 1
    outer loop
      vertex 30.6065 112.371 -6.81
      vertex 30.6154 112.407 -6.81
      vertex 30.0412 112.553 -6.81
    endloop
  endfacet
  facet normal -0 0 1
    outer loop
      vertex 30.0412 112.553 -6.81
      vertex 30.6227 112.444 -6.81
      vertex 30.0471 112.581 -6.81
    endloop
  endfacet
  facet normal 0 0 1
    outer loop
      vertex 30.0471 112.581 -6.81
      vertex 30.6284 112.483 -6.81
      vertex 30.6324 112.523 -6.81
    endloop
  endfacet
  facet normal 0 0 1
    outer loop
      vertex 30.0506 112.61 -6.81
      vertex 30.0471 112.581 -6.81
      vertex 30.6348 112.564 -6.81
    endloop
  endfacet
  facet normal 0 0 1
    outer loop
      vertex 30.0518 112.642 -6.81
      vertex 30.0506 112.61 -6.81
      vertex 30.6357 112.607 -6.81
    endloop
  endfacet
  facet normal 0 0 1
    outer loop
      vertex 30.6118 112.814 -6.81
      vertex 30.0518 112.642 -6.81
      vertex 30.6297 112.714 -6.81
    endloop
  endfacet
  facet normal 0 0 1
    outer loop
      vertex 30.582 112.907 -6.81
      vertex 30.0407 112.732 -6.81
      vertex 30.6118 112.814 -6.81
    endloop
  endfacet
  facet normal 0 0 1
    outer loop
      vertex 30.582 112.907 -6.81
      vertex 30.5403 112.992 -6.81
      vertex 30.0407 112.732 -6.81
    endloop
  endfacet
  facet normal 0 0 1
    outer loop
      vertex 30.0407 112.732 -6.81
      vertex 30.5403 112.992 -6.81
      vertex 30.4867 113.069 -6.81
    endloop
  endfacet
  facet normal 0 0 1
    outer loop
      vertex 30.0073 112.809 -6.81
      vertex 30.4867 113.069 -6.81
      vertex 30.4212 113.139 -6.81
    endloop
  endfacet
  facet normal 0 0 1
    outer loop
      vertex 30.3437 113.202 -6.81
      vertex 30.0073 112.809 -6.81
      vertex 30.4212 113.139 -6.81
    endloop
  endfacet
  facet normal 0 0 1
    outer loop
      vertex 30.2549 113.257 -6.81
      vertex 29.9516 112.872 -6.81
      vertex 30.3437 113.202 -6.81
    endloop
  endfacet
  facet normal 0 0 1
    outer loop
      vertex 30.0447 113.341 -6.81
      vertex 29.8738 112.921 -6.81
      vertex 30.1552 113.303 -6.81
    endloop
  endfacet
  facet normal 0 0 1
    outer loop
      vertex 29.7912 113.392 -6.81
      vertex 29.7736 112.955 -6.81
      vertex 29.9234 113.371 -6.81
    endloop
  endfacet
  facet normal -0 0 1
    outer loop
      vertex 29.5066 112.983 -6.81
      vertex 29.6512 112.976 -6.81
      vertex 29.6482 113.404 -6.81
    endloop
  endfacet
  facet normal 0 0 1
    outer loop
      vertex 29.4358 112.981 -6.81
      vertex 29.3475 113.405 -6.81
      vertex 29.3698 112.976 -6.81
    endloop
  endfacet
  facet normal -0 0 1
    outer loop
      vertex 29.0863 113.378 -6.81
      vertex 29.2525 112.953 -6.81
      vertex 29.2115 113.395 -6.81
    endloop
  endfacet
  facet normal -0 0 1
    outer loop
      vertex 28.349 112.69 -6.81
      vertex 28.9309 112.611 -6.81
      vertex 28.375 112.796 -6.81
    endloop
  endfacet
  facet normal 0 0 1
    outer loop
      vertex 29.1546 112.915 -6.81
      vertex 29.0863 113.378 -6.81
      vertex 28.9719 113.354 -6.81
    endloop
  endfacet
  facet normal -0 0 1
    outer loop
      vertex 27.3837 112.205 -6.81
      vertex 27.9977 112.141 -6.81
      vertex 27.9754 112.322 -6.81
    endloop
  endfacet
  facet normal 0 0 1
    outer loop
      vertex 29.1129 112.89 -6.81
      vertex 28.9719 113.354 -6.81
      vertex 28.8684 113.323 -6.81
    endloop
  endfacet
  facet normal 0 0 1
    outer loop
      vertex 29.0756 112.861 -6.81
      vertex 28.8684 113.323 -6.81
      vertex 28.7757 113.286 -6.81
    endloop
  endfacet
  facet normal 0 0 1
    outer loop
      vertex 28.375 112.796 -6.81
      vertex 28.9309 112.611 -6.81
      vertex 28.9455 112.662 -6.81
    endloop
  endfacet
  facet normal 0 -0 1
    outer loop
      vertex 29.042 112.829 -6.81
      vertex 29.0756 112.861 -6.81
      vertex 28.7757 113.286 -6.81
    endloop
  endfacet
  facet normal -0 0 1
    outer loop
      vertex 28.6213 113.19 -6.81
      vertex 29.042 112.829 -6.81
      vertex 28.6939 113.242 -6.81
    endloop
  endfacet
  facet normal -0 0 1
    outer loop
      vertex 28.5565 113.129 -6.81
      vertex 29.0122 112.793 -6.81
      vertex 28.6213 113.19 -6.81
    endloop
  endfacet
  facet normal -0 0 1
    outer loop
      vertex 27.3966 112.08 -6.81
      vertex 28.0051 111.946 -6.81
      vertex 27.9977 112.141 -6.81
    endloop
  endfacet
  facet normal 0 0 1
    outer loop
      vertex 28.5565 113.129 -6.81
      vertex 28.9862 112.753 -6.81
      vertex 29.0122 112.793 -6.81
    endloop
  endfacet
  facet normal 0 0 1
    outer loop
      vertex 28.5565 113.129 -6.81
      vertex 28.4995 113.059 -6.81
      vertex 28.9862 112.753 -6.81
    endloop
  endfacet
  facet normal 0 0 1
    outer loop
      vertex 28.9862 112.753 -6.81
      vertex 28.4995 113.059 -6.81
      vertex 28.4502 112.98 -6.81
    endloop
  endfacet
  facet normal 0 -0 1
    outer loop
      vertex 28.964 112.709 -6.81
      vertex 28.9862 112.753 -6.81
      vertex 28.4502 112.98 -6.81
    endloop
  endfacet
  facet normal -0 0 1
    outer loop
      vertex 28.4087 112.892 -6.81
      vertex 28.964 112.709 -6.81
      vertex 28.4502 112.98 -6.81
    endloop
  endfacet
  facet normal 0 0 1
    outer loop
      vertex 28.4087 112.892 -6.81
      vertex 28.375 112.796 -6.81
      vertex 28.9455 112.662 -6.81
    endloop
  endfacet
  facet normal 0 0 1
    outer loop
      vertex 28.4087 112.892 -6.81
      vertex 28.9455 112.662 -6.81
      vertex 28.964 112.709 -6.81
    endloop
  endfacet
  facet normal 0 0 1
    outer loop
      vertex 28.6213 113.19 -6.81
      vertex 29.0122 112.793 -6.81
      vertex 29.042 112.829 -6.81
    endloop
  endfacet
  facet normal -0 0 1
    outer loop
      vertex 25.4547 110.962 -6.81
      vertex 25.5255 110.874 -6.81
      vertex 25.9519 111.209 -6.81
    endloop
  endfacet
  facet normal -0 0 1
    outer loop
      vertex 28.6939 113.242 -6.81
      vertex 29.042 112.829 -6.81
      vertex 28.7757 113.286 -6.81
    endloop
  endfacet
  facet normal 0 0 1
    outer loop
      vertex 25.4547 110.962 -6.81
      vertex 25.9519 111.209 -6.81
      vertex 25.8711 111.331 -6.81
    endloop
  endfacet
  facet normal 0 -0 1
    outer loop
      vertex 29.0756 112.861 -6.81
      vertex 29.1129 112.89 -6.81
      vertex 28.8684 113.323 -6.81
    endloop
  endfacet
  facet normal 0 -0 1
    outer loop
      vertex 25.6027 110.794 -6.81
      vertex 25.9519 111.209 -6.81
      vertex 25.5255 110.874 -6.81
    endloop
  endfacet
  facet normal 0 -0 1
    outer loop
      vertex 29.1129 112.89 -6.81
      vertex 29.1546 112.915 -6.81
      vertex 28.9719 113.354 -6.81
    endloop
  endfacet
  facet normal 0 -0 1
    outer loop
      vertex 25.4547 110.962 -6.81
      vertex 25.8711 111.331 -6.81
      vertex 25.3904 111.059 -6.81
    endloop
  endfacet
  facet normal 0 -0 1
    outer loop
      vertex 29.1546 112.915 -6.81
      vertex 29.2011 112.936 -6.81
      vertex 29.0863 113.378 -6.81
    endloop
  endfacet
  facet normal 0 0 1
    outer loop
      vertex 26.0461 111.109 -6.81
      vertex 25.6027 110.794 -6.81
      vertex 25.6863 110.723 -6.81
    endloop
  endfacet
  facet normal 0 0 1
    outer loop
      vertex 29.0863 113.378 -6.81
      vertex 29.2011 112.936 -6.81
      vertex 29.2525 112.953 -6.81
    endloop
  endfacet
  facet normal -0 0 1
    outer loop
      vertex 25.9735 110.562 -6.81
      vertex 26.08 110.525 -6.81
      vertex 26.154 111.031 -6.81
    endloop
  endfacet
  facet normal 0 0 1
    outer loop
      vertex 29.2115 113.395 -6.81
      vertex 29.2525 112.953 -6.81
      vertex 29.3087 112.966 -6.81
    endloop
  endfacet
  facet normal 0 0 1
    outer loop
      vertex 27.2462 112.607 -6.81
      vertex 27.7376 112.915 -6.81
      vertex 27.6409 113.03 -6.81
    endloop
  endfacet
  facet normal 0 0 1
    outer loop
      vertex 29.3475 113.405 -6.81
      vertex 29.2115 113.395 -6.81
      vertex 29.3087 112.966 -6.81
    endloop
  endfacet
  facet normal 0 -0 1
    outer loop
      vertex 26.9738 112.854 -6.81
      vertex 27.1178 113.339 -6.81
      vertex 26.8856 112.89 -6.81
    endloop
  endfacet
  facet normal 0 0 1
    outer loop
      vertex 29.3698 112.976 -6.81
      vertex 29.3475 113.405 -6.81
      vertex 29.3087 112.966 -6.81
    endloop
  endfacet
  facet normal 0 0 1
    outer loop
      vertex 26.7894 112.916 -6.81
      vertex 26.776 113.401 -6.81
      vertex 26.6851 112.931 -6.81
    endloop
  endfacet
  facet normal 0 -0 1
    outer loop
      vertex 29.4358 112.981 -6.81
      vertex 29.4944 113.409 -6.81
      vertex 29.3475 113.405 -6.81
    endloop
  endfacet
  facet normal 0 0 1
    outer loop
      vertex 26.5851 113.409 -6.81
      vertex 26.4448 113.404 -6.81
      vertex 26.4982 112.934 -6.81
    endloop
  endfacet
  facet normal 0 0 1
    outer loop
      vertex 29.4358 112.981 -6.81
      vertex 29.5066 112.983 -6.81
      vertex 29.4944 113.409 -6.81
    endloop
  endfacet
  facet normal 0 0 1
    outer loop
      vertex 26.187 113.371 -6.81
      vertex 26.0696 113.342 -6.81
      vertex 26.2912 112.895 -6.81
    endloop
  endfacet
  facet normal 0 0 1
    outer loop
      vertex 29.4944 113.409 -6.81
      vertex 29.5066 112.983 -6.81
      vertex 29.6482 113.404 -6.81
    endloop
  endfacet
  facet normal -0 0 1
    outer loop
      vertex 26.187 113.371 -6.81
      vertex 26.3573 112.913 -6.81
      vertex 26.3121 113.392 -6.81
    endloop
  endfacet
  facet normal 0 0 1
    outer loop
      vertex 29.6482 113.404 -6.81
      vertex 29.6512 112.976 -6.81
      vertex 29.7912 113.392 -6.81
    endloop
  endfacet
  facet normal 0 -0 1
    outer loop
      vertex 27.1261 112.751 -6.81
      vertex 27.4061 113.215 -6.81
      vertex 27.054 112.808 -6.81
    endloop
  endfacet
  facet normal 0 0 1
    outer loop
      vertex 29.7912 113.392 -6.81
      vertex 29.6512 112.976 -6.81
      vertex 29.7736 112.955 -6.81
    endloop
  endfacet
  facet normal 0 0 1
    outer loop
      vertex 29.9234 113.371 -6.81
      vertex 29.7736 112.955 -6.81
      vertex 29.8738 112.921 -6.81
    endloop
  endfacet
  facet normal 0 0 1
    outer loop
      vertex 30.0447 113.341 -6.81
      vertex 29.9234 113.371 -6.81
      vertex 29.8738 112.921 -6.81
    endloop
  endfacet
  facet normal 0 0 1
    outer loop
      vertex 30.1552 113.303 -6.81
      vertex 29.8738 112.921 -6.81
      vertex 29.9516 112.872 -6.81
    endloop
  endfacet
  facet normal 0 0 1
    outer loop
      vertex 30.2549 113.257 -6.81
      vertex 30.1552 113.303 -6.81
      vertex 29.9516 112.872 -6.81
    endloop
  endfacet
  facet normal 0 0 1
    outer loop
      vertex 30.3437 113.202 -6.81
      vertex 29.9516 112.872 -6.81
      vertex 30.0073 112.809 -6.81
    endloop
  endfacet
  facet normal -0 0 1
    outer loop
      vertex 30.0073 112.809 -6.81
      vertex 30.0407 112.732 -6.81
      vertex 30.4867 113.069 -6.81
    endloop
  endfacet
  facet normal 0 0 1
    outer loop
      vertex 30.6118 112.814 -6.81
      vertex 30.0407 112.732 -6.81
      vertex 30.0518 112.642 -6.81
    endloop
  endfacet
  facet normal 0 0 1
    outer loop
      vertex 30.6297 112.714 -6.81
      vertex 30.0518 112.642 -6.81
      vertex 30.6357 112.607 -6.81
    endloop
  endfacet
  facet normal 0 0 1
    outer loop
      vertex 30.6357 112.607 -6.81
      vertex 30.0506 112.61 -6.81
      vertex 30.6348 112.564 -6.81
    endloop
  endfacet
  facet normal 0 0 1
    outer loop
      vertex 30.6348 112.564 -6.81
      vertex 30.0471 112.581 -6.81
      vertex 30.6324 112.523 -6.81
    endloop
  endfacet
  facet normal 0 0 1
    outer loop
      vertex 30.0471 112.581 -6.81
      vertex 30.6227 112.444 -6.81
      vertex 30.6284 112.483 -6.81
    endloop
  endfacet
  facet normal 0 0 1
    outer loop
      vertex 30.0412 112.553 -6.81
      vertex 30.6154 112.407 -6.81
      vertex 30.6227 112.444 -6.81
    endloop
  endfacet
  facet normal -0 0 1
    outer loop
      vertex 30.0329 112.527 -6.81
      vertex 30.6065 112.371 -6.81
      vertex 30.0412 112.553 -6.81
    endloop
  endfacet
  facet normal 0 -0 1
    outer loop
      vertex 30.584 112.303 -6.81
      vertex 30.596 112.336 -6.81
      vertex 30.0329 112.527 -6.81
    endloop
  endfacet
  facet normal 0 0 1
    outer loop
      vertex 30.5708 112.271 -6.81
      vertex 30.0329 112.527 -6.81
      vertex 30.0222 112.502 -6.81
    endloop
  endfacet
  facet normal 0 -0 1
    outer loop
      vertex 30.5562 112.241 -6.81
      vertex 30.5708 112.271 -6.81
      vertex 30.0222 112.502 -6.81
    endloop
  endfacet
  facet normal 0 0 1
    outer loop
      vertex 30.5404 112.212 -6.81
      vertex 30.0222 112.502 -6.81
      vertex 30.5233 112.183 -6.81
    endloop
  endfacet
  facet normal 0 0 1
    outer loop
      vertex 30.5233 112.183 -6.81
      vertex 30.0222 112.502 -6.81
      vertex 30.0092 112.48 -6.81
    endloop
  endfacet
  facet normal 0 0 1
    outer loop
      vertex 30.5048 112.157 -6.81
      vertex 30.0092 112.48 -6.81
      vertex 30.4851 112.131 -6.81
    endloop
  endfacet
  facet normal 0 0 1
    outer loop
      vertex 30.4851 112.131 -6.81
      vertex 30.0092 112.48 -6.81
      vertex 30.4642 112.106 -6.81
    endloop
  endfacet
  facet normal 0 0 1
    outer loop
      vertex 30.0092 112.48 -6.81
      vertex 29.9938 112.458 -6.81
      vertex 30.442 112.083 -6.81
    endloop
  endfacet
  facet normal 0 0 1
    outer loop
      vertex 30.442 112.083 -6.81
      vertex 29.9938 112.458 -6.81
      vertex 30.4185 112.061 -6.81
    endloop
  endfacet
  facet normal 0 0 1
    outer loop
      vertex 30.4185 112.061 -6.81
      vertex 29.9938 112.458 -6.81
      vertex 30.3938 112.039 -6.81
    endloop
  endfacet
  facet normal 0 0 1
    outer loop
      vertex 29.9938 112.458 -6.81
      vertex 29.9761 112.439 -6.81
      vertex 30.3678 112.019 -6.81
    endloop
  endfacet
  facet normal 0 0 1
    outer loop
      vertex 29.1783 110.94 -6.81
      vertex 29.0383 110.5 -6.81
      vertex 29.1811 110.477 -6.81
    endloop
  endfacet
  facet normal 0 0 1
    outer loop
      vertex 30.0549 110.522 -6.81
      vertex 29.8518 110.961 -6.81
      vertex 29.9314 110.495 -6.81
    endloop
  endfacet
  facet normal 0 0 1
    outer loop
      vertex 30.3678 112.019 -6.81
      vertex 29.9761 112.439 -6.81
      vertex 30.3407 112 -6.81
    endloop
  endfacet
  facet normal 0 0 1
    outer loop
      vertex 29.9761 112.439 -6.81
      vertex 29.9561 112.42 -6.81
      vertex 30.3122 111.981 -6.81
    endloop
  endfacet
  facet normal 0 0 1
    outer loop
      vertex 30.3122 111.981 -6.81
      vertex 29.9561 112.42 -6.81
      vertex 30.2827 111.964 -6.81
    endloop
  endfacet
  facet normal 0 0 1
    outer loop
      vertex 30.2827 111.964 -6.81
      vertex 29.9561 112.42 -6.81
      vertex 30.2521 111.947 -6.81
    endloop
  endfacet
  facet normal 0 0 1
    outer loop
      vertex 30.2521 111.947 -6.81
      vertex 29.9339 112.401 -6.81
      vertex 30.2206 111.931 -6.81
    endloop
  endfacet
  facet normal 0 0 1
    outer loop
      vertex 30.2206 111.931 -6.81
      vertex 29.9339 112.401 -6.81
      vertex 30.188 111.916 -6.81
    endloop
  endfacet
  facet normal 0 0 1
    outer loop
      vertex 29.7981 110.475 -6.81
      vertex 29.7895 110.942 -6.81
      vertex 29.7218 110.927 -6.81
    endloop
  endfacet
  facet normal 0 0 1
    outer loop
      vertex 30.188 111.916 -6.81
      vertex 29.9093 112.384 -6.81
      vertex 30.1545 111.901 -6.81
    endloop
  endfacet
  facet normal 0 0 1
    outer loop
      vertex 30.1545 111.901 -6.81
      vertex 29.9093 112.384 -6.81
      vertex 29.8825 112.368 -6.81
    endloop
  endfacet
  facet normal 0 -0 1
    outer loop
      vertex 30.1199 111.887 -6.81
      vertex 30.1545 111.901 -6.81
      vertex 29.8825 112.368 -6.81
    endloop
  endfacet
  facet normal 0 0 1
    outer loop
      vertex 30.0844 111.874 -6.81
      vertex 29.8825 112.368 -6.81
      vertex 29.8533 112.352 -6.81
    endloop
  endfacet
  facet normal -0 0 1
    outer loop
      vertex 29.5701 110.91 -6.81
      vertex 29.6552 110.463 -6.81
      vertex 29.6487 110.917 -6.81
    endloop
  endfacet
  facet normal 0 -0 1
    outer loop
      vertex 30.0443 111.86 -6.81
      vertex 30.0844 111.874 -6.81
      vertex 29.8533 112.352 -6.81
    endloop
  endfacet
  facet normal -0 0 1
    outer loop
      vertex 29.8219 112.337 -6.81
      vertex 30.0443 111.86 -6.81
      vertex 29.8533 112.352 -6.81
    endloop
  endfacet
  facet normal -0 0 1
    outer loop
      vertex 29.7846 112.323 -6.81
      vertex 29.9964 111.845 -6.81
      vertex 29.8219 112.337 -6.81
    endloop
  endfacet
  facet normal 0 0 1
    outer loop
      vertex 29.7846 112.323 -6.81
      vertex 29.9404 111.829 -6.81
      vertex 29.9964 111.845 -6.81
    endloop
  endfacet
  facet normal -0 0 1
    outer loop
      vertex 29.4862 110.908 -6.81
      vertex 29.5025 110.459 -6.81
      vertex 29.5701 110.91 -6.81
    endloop
  endfacet
  facet normal 0 0 1
    outer loop
      vertex 29.7846 112.323 -6.81
      vertex 29.7377 112.307 -6.81
      vertex 29.9404 111.829 -6.81
    endloop
  endfacet
  facet normal 0 0 1
    outer loop
      vertex 29.7377 112.307 -6.81
      vertex 29.6813 112.29 -6.81
      vertex 29.8764 111.812 -6.81
    endloop
  endfacet
  facet normal 0 0 1
    outer loop
      vertex 29.6813 112.29 -6.81
      vertex 29.8045 111.793 -6.81
      vertex 29.8764 111.812 -6.81
    endloop
  endfacet
  facet normal 0 0 1
    outer loop
      vertex 29.6813 112.29 -6.81
      vertex 29.6153 112.272 -6.81
      vertex 29.8045 111.793 -6.81
    endloop
  endfacet
  facet normal 0 0 1
    outer loop
      vertex 29.6153 112.272 -6.81
      vertex 29.5398 112.253 -6.81
      vertex 29.7246 111.773 -6.81
    endloop
  endfacet
  facet normal 0 0 1
    outer loop
      vertex 29.4547 112.233 -6.81
      vertex 29.5353 111.732 -6.81
      vertex 29.6368 111.753 -6.81
    endloop
  endfacet
  facet normal 0 0 1
    outer loop
      vertex 29.0629 110.979 -6.81
      vertex 28.9731 111.033 -6.81
      vertex 28.7883 110.572 -6.81
    endloop
  endfacet
  facet normal 0 -0 1
    outer loop
      vertex 29.4437 111.711 -6.81
      vertex 29.5353 111.732 -6.81
      vertex 29.3601 112.212 -6.81
    endloop
  endfacet
  facet normal 0 0 1
    outer loop
      vertex 29.4437 111.711 -6.81
      vertex 29.2469 112.188 -6.81
      vertex 29.362 111.692 -6.81
    endloop
  endfacet
  facet normal 0 0 1
    outer loop
      vertex 28.3757 110.909 -6.81
      vertex 28.9089 111.103 -6.81
      vertex 28.8704 111.189 -6.81
    endloop
  endfacet
  facet normal 0 0 1
    outer loop
      vertex 28.5527 111.932 -6.81
      vertex 28.5185 111.905 -6.81
      vertex 28.9299 111.492 -6.81
    endloop
  endfacet
  facet normal 0 0 1
    outer loop
      vertex 28.9299 111.492 -6.81
      vertex 28.5185 111.905 -6.81
      vertex 28.4874 111.878 -6.81
    endloop
  endfacet
  facet normal 0 -0 1
    outer loop
      vertex 28.9107 111.469 -6.81
      vertex 28.9299 111.492 -6.81
      vertex 28.4874 111.878 -6.81
    endloop
  endfacet
  facet normal -0 0 1
    outer loop
      vertex 28.4321 111.818 -6.81
      vertex 28.9107 111.469 -6.81
      vertex 28.4587 111.849 -6.81
    endloop
  endfacet
  facet normal 0 0 1
    outer loop
      vertex 28.4321 111.818 -6.81
      vertex 28.4074 111.786 -6.81
      vertex 28.9107 111.469 -6.81
    endloop
  endfacet
  facet normal 0 0 1
    outer loop
      vertex 28.8945 111.443 -6.81
      vertex 28.4074 111.786 -6.81
      vertex 28.3847 111.752 -6.81
    endloop
  endfacet
  facet normal 0 0 1
    outer loop
      vertex 28.9107 111.469 -6.81
      vertex 28.4074 111.786 -6.81
      vertex 28.8945 111.443 -6.81
    endloop
  endfacet
  facet normal 0 0 1
    outer loop
      vertex 28.8945 111.443 -6.81
      vertex 28.3847 111.752 -6.81
      vertex 28.3641 111.717 -6.81
    endloop
  endfacet
  facet normal 0 0 1
    outer loop
      vertex 28.3454 111.68 -6.81
      vertex 28.8812 111.416 -6.81
      vertex 28.8945 111.443 -6.81
    endloop
  endfacet
  facet normal -0 0 1
    outer loop
      vertex 28.3454 111.68 -6.81
      vertex 28.8945 111.443 -6.81
      vertex 28.3641 111.717 -6.81
    endloop
  endfacet
  facet normal -0 0 1
    outer loop
      vertex 28.3141 111.602 -6.81
      vertex 28.8812 111.416 -6.81
      vertex 28.3287 111.642 -6.81
    endloop
  endfacet
  facet normal 0 0 1
    outer loop
      vertex 28.3141 111.602 -6.81
      vertex 28.8709 111.388 -6.81
      vertex 28.8812 111.416 -6.81
    endloop
  endfacet
  facet normal 0 0 1
    outer loop
      vertex 28.8709 111.388 -6.81
      vertex 28.3141 111.602 -6.81
      vertex 28.3018 111.56 -6.81
    endloop
  endfacet
  facet normal -0 0 1
    outer loop
      vertex 28.2917 111.516 -6.81
      vertex 28.8709 111.388 -6.81
      vertex 28.3018 111.56 -6.81
    endloop
  endfacet
  facet normal 0 0 1
    outer loop
      vertex 28.2838 111.471 -6.81
      vertex 28.8635 111.357 -6.81
      vertex 28.8709 111.388 -6.81
    endloop
  endfacet
  facet normal 0 0 1
    outer loop
      vertex 28.2838 111.471 -6.81
      vertex 28.2782 111.424 -6.81
      vertex 28.8635 111.357 -6.81
    endloop
  endfacet
  facet normal 0 0 1
    outer loop
      vertex 28.2782 111.424 -6.81
      vertex 28.2749 111.376 -6.81
      vertex 28.8591 111.325 -6.81
    endloop
  endfacet
  facet normal 0 -0 1
    outer loop
      vertex 28.2801 111.209 -6.81
      vertex 28.8576 111.291 -6.81
      vertex 28.2738 111.325 -6.81
    endloop
  endfacet
  facet normal 0 0 1
    outer loop
      vertex 28.8576 111.291 -6.81
      vertex 28.2993 111.101 -6.81
      vertex 28.8704 111.189 -6.81
    endloop
  endfacet
  facet normal -0 0 1
    outer loop
      vertex 28.2801 111.209 -6.81
      vertex 28.2993 111.101 -6.81
      vertex 28.8576 111.291 -6.81
    endloop
  endfacet
  facet normal 0 0 1
    outer loop
      vertex 28.8704 111.189 -6.81
      vertex 28.2993 111.101 -6.81
      vertex 28.3311 111.001 -6.81
    endloop
  endfacet
  facet normal -0 0 1
    outer loop
      vertex 28.3757 110.909 -6.81
      vertex 28.4331 110.825 -6.81
      vertex 28.9089 111.103 -6.81
    endloop
  endfacet
  facet normal 0 0 1
    outer loop
      vertex 28.9089 111.103 -6.81
      vertex 28.4331 110.825 -6.81
      vertex 28.5032 110.749 -6.81
    endloop
  endfacet
  facet normal 0 0 1
    outer loop
      vertex 28.5861 110.681 -6.81
      vertex 28.9731 111.033 -6.81
      vertex 28.9089 111.103 -6.81
    endloop
  endfacet
  facet normal 0 -0 1
    outer loop
      vertex 28.5861 110.681 -6.81
      vertex 28.9089 111.103 -6.81
      vertex 28.5032 110.749 -6.81
    endloop
  endfacet
  facet normal -0 0 1
    outer loop
      vertex 28.5861 110.681 -6.81
      vertex 28.6812 110.622 -6.81
      vertex 28.9731 111.033 -6.81
    endloop
  endfacet
  facet normal -0 0 1
    outer loop
      vertex 28.9073 110.531 -6.81
      vertex 29.0383 110.5 -6.81
      vertex 29.0629 110.979 -6.81
    endloop
  endfacet
  facet normal 0 -0 1
    outer loop
      vertex 28.9073 110.531 -6.81
      vertex 29.0629 110.979 -6.81
      vertex 28.7883 110.572 -6.81
    endloop
  endfacet
  facet normal 0 0 1
    outer loop
      vertex 29.0629 110.979 -6.81
      vertex 29.0383 110.5 -6.81
      vertex 29.1783 110.94 -6.81
    endloop
  endfacet
  facet normal 0 -0 1
    outer loop
      vertex 29.1811 110.477 -6.81
      vertex 29.3195 110.916 -6.81
      vertex 29.1783 110.94 -6.81
    endloop
  endfacet
  facet normal -0 0 1
    outer loop
      vertex 29.1811 110.477 -6.81
      vertex 29.3359 110.463 -6.81
      vertex 29.3195 110.916 -6.81
    endloop
  endfacet
  facet normal 0 0 1
    outer loop
      vertex 29.3195 110.916 -6.81
      vertex 29.3359 110.463 -6.81
      vertex 29.4862 110.908 -6.81
    endloop
  endfacet
  facet normal 0 0 1
    outer loop
      vertex 29.4862 110.908 -6.81
      vertex 29.3359 110.463 -6.81
      vertex 29.5025 110.459 -6.81
    endloop
  endfacet
  facet normal 0 0 1
    outer loop
      vertex 29.9603 111.011 -6.81
      vertex 29.9087 110.984 -6.81
      vertex 30.1687 110.558 -6.81
    endloop
  endfacet
  facet normal 0 0 1
    outer loop
      vertex 30.0068 111.043 -6.81
      vertex 30.2728 110.602 -6.81
      vertex 30.3671 110.654 -6.81
    endloop
  endfacet
  facet normal -0 0 1
    outer loop
      vertex 30.0488 111.08 -6.81
      vertex 30.4521 110.714 -6.81
      vertex 30.0862 111.122 -6.81
    endloop
  endfacet
  facet normal 0 0 1
    outer loop
      vertex 30.5946 110.858 -6.81
      vertex 30.1473 111.222 -6.81
      vertex 30.119 111.169 -6.81
    endloop
  endfacet
  facet normal 0 -0 1
    outer loop
      vertex 30.5946 110.858 -6.81
      vertex 30.6521 110.943 -6.81
      vertex 30.1473 111.222 -6.81
    endloop
  endfacet
  facet normal 0 0 1
    outer loop
      vertex 30.1473 111.222 -6.81
      vertex 30.6521 110.943 -6.81
      vertex 30.7005 111.036 -6.81
    endloop
  endfacet
  facet normal 0 -0 1
    outer loop
      vertex 30.5279 110.782 -6.81
      vertex 30.5946 110.858 -6.81
      vertex 30.119 111.169 -6.81
    endloop
  endfacet
  facet normal 0 0 1
    outer loop
      vertex 30.7005 111.036 -6.81
      vertex 30.171 111.279 -6.81
      vertex 30.1473 111.222 -6.81
    endloop
  endfacet
  facet normal 0 -0 1
    outer loop
      vertex 30.7005 111.036 -6.81
      vertex 30.7398 111.137 -6.81
      vertex 30.171 111.279 -6.81
    endloop
  endfacet
  facet normal 0 0 1
    outer loop
      vertex 30.1901 111.342 -6.81
      vertex 30.7398 111.137 -6.81
      vertex 30.7699 111.246 -6.81
    endloop
  endfacet
  facet normal -0 0 1
    outer loop
      vertex 30.171 111.279 -6.81
      vertex 30.7398 111.137 -6.81
      vertex 30.1901 111.342 -6.81
    endloop
  endfacet
  facet normal -0 0 1
    outer loop
      vertex 30.0862 111.122 -6.81
      vertex 30.5279 110.782 -6.81
      vertex 30.119 111.169 -6.81
    endloop
  endfacet
  facet normal 0 0 1
    outer loop
      vertex 30.0862 111.122 -6.81
      vertex 30.4521 110.714 -6.81
      vertex 30.5279 110.782 -6.81
    endloop
  endfacet
  facet normal 0 0 1
    outer loop
      vertex 30.0488 111.08 -6.81
      vertex 30.3671 110.654 -6.81
      vertex 30.4521 110.714 -6.81
    endloop
  endfacet
  facet normal 0 0 1
    outer loop
      vertex 30.0488 111.08 -6.81
      vertex 30.0068 111.043 -6.81
      vertex 30.3671 110.654 -6.81
    endloop
  endfacet
  facet normal 0 0 1
    outer loop
      vertex 30.0068 111.043 -6.81
      vertex 29.9603 111.011 -6.81
      vertex 30.2728 110.602 -6.81
    endloop
  endfacet
  facet normal 0 0 1
    outer loop
      vertex 30.2728 110.602 -6.81
      vertex 29.9603 111.011 -6.81
      vertex 30.1687 110.558 -6.81
    endloop
  endfacet
  facet normal 0 0 1
    outer loop
      vertex 30.1687 110.558 -6.81
      vertex 29.9087 110.984 -6.81
      vertex 30.0549 110.522 -6.81
    endloop
  endfacet
  facet normal 0 0 1
    outer loop
      vertex 30.0549 110.522 -6.81
      vertex 29.9087 110.984 -6.81
      vertex 29.8518 110.961 -6.81
    endloop
  endfacet
  facet normal 0 0 1
    outer loop
      vertex 29.9314 110.495 -6.81
      vertex 29.8518 110.961 -6.81
      vertex 29.7895 110.942 -6.81
    endloop
  endfacet
  facet normal 0 -0 1
    outer loop
      vertex 29.7981 110.475 -6.81
      vertex 29.9314 110.495 -6.81
      vertex 29.7895 110.942 -6.81
    endloop
  endfacet
  facet normal -0 0 1
    outer loop
      vertex 29.6487 110.917 -6.81
      vertex 29.7981 110.475 -6.81
      vertex 29.7218 110.927 -6.81
    endloop
  endfacet
  facet normal 0 0 1
    outer loop
      vertex 29.6487 110.917 -6.81
      vertex 29.6552 110.463 -6.81
      vertex 29.7981 110.475 -6.81
    endloop
  endfacet
  facet normal 0 0 1
    outer loop
      vertex 29.5701 110.91 -6.81
      vertex 29.5025 110.459 -6.81
      vertex 29.6552 110.463 -6.81
    endloop
  endfacet
  facet normal 0 0 1
    outer loop
      vertex 25.6027 110.794 -6.81
      vertex 26.0461 111.109 -6.81
      vertex 25.9519 111.209 -6.81
    endloop
  endfacet
  facet normal 0 0 1
    outer loop
      vertex 25.8711 111.331 -6.81
      vertex 25.3325 111.164 -6.81
      vertex 25.3904 111.059 -6.81
    endloop
  endfacet
  facet normal 0 0 1
    outer loop
      vertex 25.8711 111.331 -6.81
      vertex 25.8039 111.476 -6.81
      vertex 25.3325 111.164 -6.81
    endloop
  endfacet
  facet normal -0 0 1
    outer loop
      vertex 25.6863 110.723 -6.81
      vertex 25.7764 110.661 -6.81
      vertex 26.0461 111.109 -6.81
    endloop
  endfacet
  facet normal 0 0 1
    outer loop
      vertex 26.0461 111.109 -6.81
      vertex 25.7764 110.661 -6.81
      vertex 26.154 111.031 -6.81
    endloop
  endfacet
  facet normal -0 0 1
    outer loop
      vertex 25.7764 110.661 -6.81
      vertex 25.8723 110.607 -6.81
      vertex 26.154 111.031 -6.81
    endloop
  endfacet
  facet normal 0 -0 1
    outer loop
      vertex 27.3966 112.08 -6.81
      vertex 27.9977 112.141 -6.81
      vertex 27.3837 112.205 -6.81
    endloop
  endfacet
  facet normal 0 0 1
    outer loop
      vertex 27.9382 112.491 -6.81
      vertex 27.8862 112.646 -6.81
      vertex 27.3321 112.425 -6.81
    endloop
  endfacet
  facet normal 0 -0 1
    outer loop
      vertex 27.1903 112.684 -6.81
      vertex 27.5302 113.131 -6.81
      vertex 27.1261 112.751 -6.81
    endloop
  endfacet
  facet normal 0 0 1
    outer loop
      vertex 27.054 112.808 -6.81
      vertex 27.4061 113.215 -6.81
      vertex 27.2687 113.285 -6.81
    endloop
  endfacet
  facet normal 0 0 1
    outer loop
      vertex 26.154 111.031 -6.81
      vertex 25.8723 110.607 -6.81
      vertex 25.9735 110.562 -6.81
    endloop
  endfacet
  facet normal 0 -0 1
    outer loop
      vertex 26.1918 110.496 -6.81
      vertex 26.2753 110.975 -6.81
      vertex 26.08 110.525 -6.81
    endloop
  endfacet
  facet normal 0 0 1
    outer loop
      vertex 26.2753 110.975 -6.81
      vertex 26.154 111.031 -6.81
      vertex 26.08 110.525 -6.81
    endloop
  endfacet
  facet normal 0 0 1
    outer loop
      vertex 27.7278 110.969 -6.81
      vertex 27.2417 111.27 -6.81
      vertex 27.6277 110.85 -6.81
    endloop
  endfacet
  facet normal -0 0 1
    outer loop
      vertex 26.3088 110.475 -6.81
      vertex 26.4311 110.463 -6.81
      vertex 26.4102 110.942 -6.81
    endloop
  endfacet
  facet normal 0 0 1
    outer loop
      vertex 26.4102 110.942 -6.81
      vertex 26.4311 110.463 -6.81
      vertex 26.5586 110.931 -6.81
    endloop
  endfacet
  facet normal 0 0 1
    outer loop
      vertex 26.5586 110.931 -6.81
      vertex 26.4311 110.463 -6.81
      vertex 26.5586 110.459 -6.81
    endloop
  endfacet
  facet normal 0 0 1
    outer loop
      vertex 27.6277 110.85 -6.81
      vertex 27.1842 111.191 -6.81
      vertex 27.5135 110.746 -6.81
    endloop
  endfacet
  facet normal 0 0 1
    outer loop
      vertex 26.9632 111.016 -6.81
      vertex 26.8738 110.978 -6.81
      vertex 27.0938 110.531 -6.81
    endloop
  endfacet
  facet normal 0 0 1
    outer loop
      vertex 27.1842 111.191 -6.81
      vertex 27.1184 111.122 -6.81
      vertex 27.5135 110.746 -6.81
    endloop
  endfacet
  facet normal 0 0 1
    outer loop
      vertex 27.2903 111.359 -6.81
      vertex 27.2417 111.27 -6.81
      vertex 27.7278 110.969 -6.81
    endloop
  endfacet
  facet normal 0 0 1
    outer loop
      vertex 27.3611 111.565 -6.81
      vertex 27.3301 111.457 -6.81
      vertex 27.9358 111.4 -6.81
    endloop
  endfacet
  facet normal 0 0 1
    outer loop
      vertex 27.3832 111.682 -6.81
      vertex 27.9974 111.751 -6.81
      vertex 27.3964 111.809 -6.81
    endloop
  endfacet
  facet normal -0 0 1
    outer loop
      vertex 27.4009 111.946 -6.81
      vertex 27.3964 111.809 -6.81
      vertex 28.0051 111.946 -6.81
    endloop
  endfacet
  facet normal 0 0 1
    outer loop
      vertex 27.9754 112.322 -6.81
      vertex 27.9382 112.491 -6.81
      vertex 27.3622 112.32 -6.81
    endloop
  endfacet
  facet normal 0 -0 1
    outer loop
      vertex 27.3622 112.32 -6.81
      vertex 27.9382 112.491 -6.81
      vertex 27.3321 112.425 -6.81
    endloop
  endfacet
  facet normal 0 0 1
    outer loop
      vertex 27.8862 112.646 -6.81
      vertex 27.8193 112.787 -6.81
      vertex 27.2934 112.521 -6.81
    endloop
  endfacet
  facet normal 0 0 1
    outer loop
      vertex 27.5302 113.131 -6.81
      vertex 27.1903 112.684 -6.81
      vertex 27.6409 113.03 -6.81
    endloop
  endfacet
  facet normal 0 0 1
    outer loop
      vertex 27.4061 113.215 -6.81
      vertex 27.1261 112.751 -6.81
      vertex 27.5302 113.131 -6.81
    endloop
  endfacet
  facet normal -0 0 1
    outer loop
      vertex 26.9738 112.854 -6.81
      vertex 27.054 112.808 -6.81
      vertex 27.2687 113.285 -6.81
    endloop
  endfacet
  facet normal 0 0 1
    outer loop
      vertex 26.9536 113.378 -6.81
      vertex 26.8856 112.89 -6.81
      vertex 27.1178 113.339 -6.81
    endloop
  endfacet
  facet normal 0 0 1
    outer loop
      vertex 27.1178 113.339 -6.81
      vertex 26.9738 112.854 -6.81
      vertex 27.2687 113.285 -6.81
    endloop
  endfacet
  facet normal 0 0 1
    outer loop
      vertex 26.9536 113.378 -6.81
      vertex 26.7894 112.916 -6.81
      vertex 26.8856 112.89 -6.81
    endloop
  endfacet
  facet normal 0 0 1
    outer loop
      vertex 26.5851 113.409 -6.81
      vertex 26.6851 112.931 -6.81
      vertex 26.776 113.401 -6.81
    endloop
  endfacet
  facet normal 0 0 1
    outer loop
      vertex 26.4982 112.934 -6.81
      vertex 26.5729 112.937 -6.81
      vertex 26.5851 113.409 -6.81
    endloop
  endfacet
  facet normal 0 -0 1
    outer loop
      vertex 26.4263 112.926 -6.81
      vertex 26.4448 113.404 -6.81
      vertex 26.3121 113.392 -6.81
    endloop
  endfacet
  facet normal 0 -0 1
    outer loop
      vertex 26.3573 112.913 -6.81
      vertex 26.4263 112.926 -6.81
      vertex 26.3121 113.392 -6.81
    endloop
  endfacet
  facet normal 0 -0 1
    outer loop
      vertex 26.2912 112.895 -6.81
      vertex 26.3573 112.913 -6.81
      vertex 26.187 113.371 -6.81
    endloop
  endfacet
  facet normal 0 0 1
    outer loop
      vertex 26.228 112.872 -6.81
      vertex 25.9598 113.305 -6.81
      vertex 26.1676 112.843 -6.81
    endloop
  endfacet
  facet normal 0 0 1
    outer loop
      vertex 26.228 112.872 -6.81
      vertex 26.0696 113.342 -6.81
      vertex 25.9598 113.305 -6.81
    endloop
  endfacet
  facet normal 0 -0 1
    outer loop
      vertex 26.1101 112.809 -6.81
      vertex 26.1676 112.843 -6.81
      vertex 25.8577 113.26 -6.81
    endloop
  endfacet
  facet normal -0 0 1
    outer loop
      vertex 25.7632 113.206 -6.81
      vertex 26.1101 112.809 -6.81
      vertex 25.8577 113.26 -6.81
    endloop
  endfacet
  facet normal -0 0 1
    outer loop
      vertex 25.8577 113.26 -6.81
      vertex 26.1676 112.843 -6.81
      vertex 25.9598 113.305 -6.81
    endloop
  endfacet
  facet normal 0 0 1
    outer loop
      vertex 26.1101 112.809 -6.81
      vertex 25.7632 113.206 -6.81
      vertex 26.0566 112.771 -6.81
    endloop
  endfacet
  facet normal 0 0 1
    outer loop
      vertex 26.0566 112.771 -6.81
      vertex 25.6764 113.144 -6.81
      vertex 26.0084 112.73 -6.81
    endloop
  endfacet
  facet normal 0 0 1
    outer loop
      vertex 26.0084 112.73 -6.81
      vertex 25.5973 113.075 -6.81
      vertex 25.9655 112.684 -6.81
    endloop
  endfacet
  facet normal 0 0 1
    outer loop
      vertex 25.9655 112.684 -6.81
      vertex 25.5973 113.075 -6.81
      vertex 25.5259 112.998 -6.81
    endloop
  endfacet
  facet normal 0 -0 1
    outer loop
      vertex 25.9279 112.635 -6.81
      vertex 25.9655 112.684 -6.81
      vertex 25.5259 112.998 -6.81
    endloop
  endfacet
  facet normal -0 0 1
    outer loop
      vertex 25.4623 112.913 -6.81
      vertex 25.9279 112.635 -6.81
      vertex 25.5259 112.998 -6.81
    endloop
  endfacet
  facet normal 0 0 1
    outer loop
      vertex 25.4623 112.913 -6.81
      vertex 25.8955 112.583 -6.81
      vertex 25.9279 112.635 -6.81
    endloop
  endfacet
  facet normal 0 0 1
    outer loop
      vertex 25.4623 112.913 -6.81
      vertex 25.4063 112.82 -6.81
      vertex 25.8955 112.583 -6.81
    endloop
  endfacet
  facet normal 0 0 1
    outer loop
      vertex 25.8955 112.583 -6.81
      vertex 25.4063 112.82 -6.81
      vertex 25.8684 112.526 -6.81
    endloop
  endfacet
  facet normal 0 0 1
    outer loop
      vertex 25.8684 112.526 -6.81
      vertex 25.4063 112.82 -6.81
      vertex 25.3581 112.719 -6.81
    endloop
  endfacet
  facet normal 0 -0 1
    outer loop
      vertex 25.8466 112.467 -6.81
      vertex 25.8684 112.526 -6.81
      vertex 25.3581 112.719 -6.81
    endloop
  endfacet
  facet normal 0 -0 1
    outer loop
      vertex 23.2592 110.798 -6.81
      vertex 23.6996 111.129 -6.81
      vertex 23.2016 110.884 -6.81
    endloop
  endfacet
  facet normal -0 0 1
    outer loop
      vertex 25.3177 112.611 -6.81
      vertex 25.8466 112.467 -6.81
      vertex 25.3581 112.719 -6.81
    endloop
  endfacet
  facet normal -0 0 1
    outer loop
      vertex 23.0918 111.192 -6.81
      vertex 23.118 111.081 -6.81
      vertex 23.6644 111.233 -6.81
    endloop
  endfacet
  facet normal 0 0 1
    outer loop
      vertex 26.0084 112.73 -6.81
      vertex 25.6764 113.144 -6.81
      vertex 25.5973 113.075 -6.81
    endloop
  endfacet
  facet normal 0 0 1
    outer loop
      vertex 23.0761 111.31 -6.81
      vertex 23.6467 111.354 -6.81
      vertex 23.6446 111.421 -6.81
    endloop
  endfacet
  facet normal 0 0 1
    outer loop
      vertex 26.0566 112.771 -6.81
      vertex 25.7632 113.206 -6.81
      vertex 25.6764 113.144 -6.81
    endloop
  endfacet
  facet normal 0 0 1
    outer loop
      vertex 23.0891 111.662 -6.81
      vertex 23.6538 111.551 -6.81
      vertex 23.6653 111.609 -6.81
    endloop
  endfacet
  facet normal 0 -0 1
    outer loop
      vertex 26.228 112.872 -6.81
      vertex 26.2912 112.895 -6.81
      vertex 26.0696 113.342 -6.81
    endloop
  endfacet
  facet normal 0 0 1
    outer loop
      vertex 24.4754 111.59 -6.81
      vertex 24.4824 111.537 -6.81
      vertex 25.0627 111.496 -6.81
    endloop
  endfacet
  facet normal 0 0 1
    outer loop
      vertex 26.4448 113.404 -6.81
      vertex 26.4263 112.926 -6.81
      vertex 26.4982 112.934 -6.81
    endloop
  endfacet
  facet normal 0 0 1
    outer loop
      vertex 23.9618 111.913 -6.81
      vertex 23.9607 112.343 -6.81
      vertex 23.9029 112.345 -6.81
    endloop
  endfacet
  facet normal 0 0 1
    outer loop
      vertex 26.5851 113.409 -6.81
      vertex 26.5729 112.937 -6.81
      vertex 26.6851 112.931 -6.81
    endloop
  endfacet
  facet normal 0 0 1
    outer loop
      vertex 26.776 113.401 -6.81
      vertex 26.7894 112.916 -6.81
      vertex 26.9536 113.378 -6.81
    endloop
  endfacet
  facet normal 0 0 1
    outer loop
      vertex 24.5294 113.282 -6.81
      vertex 24.4168 113.337 -6.81
      vertex 24.2636 112.882 -6.81
    endloop
  endfacet
  facet normal 0 0 1
    outer loop
      vertex 24.0209 113.409 -6.81
      vertex 23.92 113.405 -6.81
      vertex 23.9603 112.951 -6.81
    endloop
  endfacet
  facet normal 0 0 1
    outer loop
      vertex 23.8381 112.905 -6.81
      vertex 23.579 113.327 -6.81
      vertex 23.5095 113.29 -6.81
    endloop
  endfacet
  facet normal 0 0 1
    outer loop
      vertex 23.8953 112.934 -6.81
      vertex 23.6549 113.356 -6.81
      vertex 23.8381 112.905 -6.81
    endloop
  endfacet
  facet normal 0 0 1
    outer loop
      vertex 24.4168 113.337 -6.81
      vertex 24.2945 113.377 -6.81
      vertex 24.212 112.915 -6.81
    endloop
  endfacet
  facet normal 0 0 1
    outer loop
      vertex 27.6409 113.03 -6.81
      vertex 27.1903 112.684 -6.81
      vertex 27.2462 112.607 -6.81
    endloop
  endfacet
  facet normal 0 0 1
    outer loop
      vertex 27.7376 112.915 -6.81
      vertex 27.2462 112.607 -6.81
      vertex 27.2934 112.521 -6.81
    endloop
  endfacet
  facet normal 0 0 1
    outer loop
      vertex 27.8193 112.787 -6.81
      vertex 27.7376 112.915 -6.81
      vertex 27.2934 112.521 -6.81
    endloop
  endfacet
  facet normal 0 0 1
    outer loop
      vertex 27.8862 112.646 -6.81
      vertex 27.2934 112.521 -6.81
      vertex 27.3321 112.425 -6.81
    endloop
  endfacet
  facet normal -0 0 1
    outer loop
      vertex 27.3622 112.32 -6.81
      vertex 27.3837 112.205 -6.81
      vertex 27.9754 112.322 -6.81
    endloop
  endfacet
  facet normal 0 0 1
    outer loop
      vertex 28.0051 111.946 -6.81
      vertex 27.3966 112.08 -6.81
      vertex 27.4009 111.946 -6.81
    endloop
  endfacet
  facet normal 0 -0 1
    outer loop
      vertex 27.9974 111.751 -6.81
      vertex 28.0051 111.946 -6.81
      vertex 27.3964 111.809 -6.81
    endloop
  endfacet
  facet normal 0 0 1
    outer loop
      vertex 27.9974 111.751 -6.81
      vertex 27.3832 111.682 -6.81
      vertex 27.9743 111.569 -6.81
    endloop
  endfacet
  facet normal 0 0 1
    outer loop
      vertex 27.9358 111.4 -6.81
      vertex 27.3301 111.457 -6.81
      vertex 27.8819 111.243 -6.81
    endloop
  endfacet
  facet normal 0 0 1
    outer loop
      vertex 27.2903 111.359 -6.81
      vertex 27.7278 110.969 -6.81
      vertex 27.8125 111.1 -6.81
    endloop
  endfacet
  facet normal -0 0 1
    outer loop
      vertex 27.1842 111.191 -6.81
      vertex 27.6277 110.85 -6.81
      vertex 27.2417 111.27 -6.81
    endloop
  endfacet
  facet normal 0 -0 1
    outer loop
      vertex 27.3864 110.659 -6.81
      vertex 27.5135 110.746 -6.81
      vertex 27.1184 111.122 -6.81
    endloop
  endfacet
  facet normal -0 0 1
    outer loop
      vertex 27.0447 111.064 -6.81
      vertex 27.3864 110.659 -6.81
      vertex 27.1184 111.122 -6.81
    endloop
  endfacet
  facet normal -0 0 1
    outer loop
      vertex 26.9632 111.016 -6.81
      vertex 27.2465 110.587 -6.81
      vertex 27.0447 111.064 -6.81
    endloop
  endfacet
  facet normal 0 0 1
    outer loop
      vertex 26.9632 111.016 -6.81
      vertex 27.0938 110.531 -6.81
      vertex 27.2465 110.587 -6.81
    endloop
  endfacet
  facet normal 0 0 1
    outer loop
      vertex 26.8738 110.978 -6.81
      vertex 26.9282 110.491 -6.81
      vertex 27.0938 110.531 -6.81
    endloop
  endfacet
  facet normal 0 0 1
    outer loop
      vertex 26.8738 110.978 -6.81
      vertex 26.7766 110.952 -6.81
      vertex 26.9282 110.491 -6.81
    endloop
  endfacet
  facet normal 0 0 1
    outer loop
      vertex 26.7766 110.952 -6.81
      vertex 26.6715 110.936 -6.81
      vertex 26.7499 110.467 -6.81
    endloop
  endfacet
  facet normal 0 0 1
    outer loop
      vertex 26.7499 110.467 -6.81
      vertex 26.6715 110.936 -6.81
      vertex 26.5586 110.459 -6.81
    endloop
  endfacet
  facet normal 0 -0 1
    outer loop
      vertex 23.2016 110.884 -6.81
      vertex 23.6798 111.178 -6.81
      vertex 23.1546 110.979 -6.81
    endloop
  endfacet
  facet normal 0 0 1
    outer loop
      vertex 23.0761 111.31 -6.81
      vertex 23.0918 111.192 -6.81
      vertex 23.6534 111.291 -6.81
    endloop
  endfacet
  facet normal 0 0 1
    outer loop
      vertex 23.7238 111.083 -6.81
      vertex 23.2592 110.798 -6.81
      vertex 23.3272 110.719 -6.81
    endloop
  endfacet
  facet normal 0 0 1
    outer loop
      vertex 21.8129 110.459 -6.81
      vertex 21.9484 110.463 -6.81
      vertex 21.8709 110.864 -6.81
    endloop
  endfacet
  facet normal 0 0 1
    outer loop
      vertex 23.0754 111.553 -6.81
      vertex 23.0709 111.437 -6.81
      vertex 23.6469 111.488 -6.81
    endloop
  endfacet
  facet normal 0 0 1
    outer loop
      vertex 20.7855 111.307 -6.81
      vertex 20.791 111.196 -6.81
      vertex 21.3796 111.282 -6.81
    endloop
  endfacet
  facet normal 0 0 1
    outer loop
      vertex 23.4044 110.65 -6.81
      vertex 23.7849 111.005 -6.81
      vertex 23.7524 111.042 -6.81
    endloop
  endfacet
  facet normal 0 0 1
    outer loop
      vertex 21.3775 111.354 -6.81
      vertex 20.7855 111.307 -6.81
      vertex 21.3796 111.282 -6.81
    endloop
  endfacet
  facet normal 0 0 1
    outer loop
      vertex 23.6814 111.662 -6.81
      vertex 23.185 111.947 -6.81
      vertex 23.1439 111.859 -6.81
    endloop
  endfacet
  facet normal 0 -0 1
    outer loop
      vertex 23.7275 111.755 -6.81
      vertex 23.7575 111.794 -6.81
      vertex 23.3619 112.165 -6.81
    endloop
  endfacet
  facet normal 0 0 1
    outer loop
      vertex 22.1926 110.499 -6.81
      vertex 22.029 110.899 -6.81
      vertex 22.075 110.477 -6.81
    endloop
  endfacet
  facet normal 0 0 1
    outer loop
      vertex 25.0793 111.674 -6.81
      vertex 24.4475 111.684 -6.81
      vertex 24.4638 111.638 -6.81
    endloop
  endfacet
  facet normal 0 -0 1
    outer loop
      vertex 20.8345 110.995 -6.81
      vertex 21.3967 111.157 -6.81
      vertex 20.8073 111.092 -6.81
    endloop
  endfacet
  facet normal 0 0 1
    outer loop
      vertex 24.1746 112.303 -6.81
      vertex 24.1238 112.318 -6.81
      vertex 24.0677 111.923 -6.81
    endloop
  endfacet
  facet normal -0 0 1
    outer loop
      vertex 22.029 110.899 -6.81
      vertex 22.1926 110.499 -6.81
      vertex 22.0722 110.921 -6.81
    endloop
  endfacet
  facet normal 0 0 1
    outer loop
      vertex 21.3866 111.473 -6.81
      vertex 20.9014 111.722 -6.81
      vertex 20.866 111.663 -6.81
    endloop
  endfacet
  facet normal 0 -0 1
    outer loop
      vertex 23.9618 111.913 -6.81
      vertex 24.013 111.921 -6.81
      vertex 23.9607 112.343 -6.81
    endloop
  endfacet
  facet normal 0 0 1
    outer loop
      vertex 20.9907 111.825 -6.81
      vertex 20.9432 111.776 -6.81
      vertex 21.414 111.574 -6.81
    endloop
  endfacet
  facet normal 0 0 1
    outer loop
      vertex 24.013 111.921 -6.81
      vertex 24.0712 112.33 -6.81
      vertex 24.0168 112.338 -6.81
    endloop
  endfacet
  facet normal 0 0 1
    outer loop
      vertex 24.0677 111.923 -6.81
      vertex 24.1238 112.318 -6.81
      vertex 24.0712 112.33 -6.81
    endloop
  endfacet
  facet normal 0 0 1
    outer loop
      vertex 21.4446 112.615 -6.81
      vertex 20.8596 112.58 -6.81
      vertex 20.8682 112.517 -6.81
    endloop
  endfacet
  facet normal 0 -0 1
    outer loop
      vertex 19.9474 112.483 -6.81
      vertex 20.4917 112.572 -6.81
      vertex 19.9375 112.549 -6.81
    endloop
  endfacet
  facet normal 0 -0 1
    outer loop
      vertex 24.2996 111.862 -6.81
      vertex 24.4673 112.111 -6.81
      vertex 24.2593 111.884 -6.81
    endloop
  endfacet
  facet normal 0 0 1
    outer loop
      vertex 21.7063 111.794 -6.81
      vertex 21.6739 112.222 -6.81
      vertex 21.3775 112.003 -6.81
    endloop
  endfacet
  facet normal 0 0 1
    outer loop
      vertex 22.1913 112.615 -6.81
      vertex 22.749 112.459 -6.81
      vertex 22.7635 112.521 -6.81
    endloop
  endfacet
  facet normal -0 0 1
    outer loop
      vertex 24.4826 112.486 -6.81
      vertex 24.5013 112.387 -6.81
      vertex 24.9949 112.619 -6.81
    endloop
  endfacet
  facet normal 0 0 1
    outer loop
      vertex 24.3942 112.727 -6.81
      vertex 24.8824 112.902 -6.81
      vertex 24.8092 113.021 -6.81
    endloop
  endfacet
  facet normal 0 0 1
    outer loop
      vertex 23.6873 112.674 -6.81
      vertex 23.1757 112.842 -6.81
      vertex 23.1482 112.749 -6.81
    endloop
  endfacet
  facet normal 0 -0 1
    outer loop
      vertex 24.2636 112.882 -6.81
      vertex 24.4168 113.337 -6.81
      vertex 24.212 112.915 -6.81
    endloop
  endfacet
  facet normal 0 -0 1
    outer loop
      vertex 24.212 112.915 -6.81
      vertex 24.2945 113.377 -6.81
      vertex 24.1564 112.938 -6.81
    endloop
  endfacet
  facet normal 0 0 1
    outer loop
      vertex 24.6324 113.211 -6.81
      vertex 24.2636 112.882 -6.81
      vertex 24.3112 112.84 -6.81
    endloop
  endfacet
  facet normal 0 0 1
    outer loop
      vertex 24.4585 112.576 -6.81
      vertex 24.9949 112.619 -6.81
      vertex 24.9442 112.769 -6.81
    endloop
  endfacet
  facet normal 0 0 1
    outer loop
      vertex 24.5254 112.029 -6.81
      vertex 24.4266 111.727 -6.81
      vertex 24.4475 111.684 -6.81
    endloop
  endfacet
  facet normal 0 0 1
    outer loop
      vertex 24.5254 112.029 -6.81
      vertex 24.4978 112.071 -6.81
      vertex 24.2996 111.862 -6.81
    endloop
  endfacet
  facet normal 0 0 1
    outer loop
      vertex 24.2593 111.884 -6.81
      vertex 24.4673 112.111 -6.81
      vertex 24.4339 112.147 -6.81
    endloop
  endfacet
  facet normal 0 0 1
    outer loop
      vertex 24.3976 112.18 -6.81
      vertex 24.3583 112.211 -6.81
      vertex 24.216 111.901 -6.81
    endloop
  endfacet
  facet normal 0 0 1
    outer loop
      vertex 24.216 111.901 -6.81
      vertex 24.3583 112.211 -6.81
      vertex 24.3162 112.238 -6.81
    endloop
  endfacet
  facet normal 0 0 1
    outer loop
      vertex 24.2711 112.263 -6.81
      vertex 24.1697 111.914 -6.81
      vertex 24.3162 112.238 -6.81
    endloop
  endfacet
  facet normal 0 0 1
    outer loop
      vertex 23.7575 111.794 -6.81
      vertex 23.4356 112.22 -6.81
      vertex 23.3619 112.165 -6.81
    endloop
  endfacet
  facet normal -0 0 1
    outer loop
      vertex 23.2353 112.027 -6.81
      vertex 23.7275 111.755 -6.81
      vertex 23.2946 112.1 -6.81
    endloop
  endfacet
  facet normal -0 0 1
    outer loop
      vertex 24.5228 112.158 -6.81
      vertex 25.0793 112.078 -6.81
      vertex 25.0624 112.274 -6.81
    endloop
  endfacet
  facet normal 0 -0 1
    outer loop
      vertex 23.6653 111.609 -6.81
      vertex 23.6814 111.662 -6.81
      vertex 23.112 111.764 -6.81
    endloop
  endfacet
  facet normal 0 0 1
    outer loop
      vertex 24.4824 111.537 -6.81
      vertex 24.4847 111.482 -6.81
      vertex 25.0627 111.496 -6.81
    endloop
  endfacet
  facet normal -0 0 1
    outer loop
      vertex 23.9101 110.464 -6.81
      vertex 24.0351 110.459 -6.81
      vertex 24 110.907 -6.81
    endloop
  endfacet
  facet normal 0 0 1
    outer loop
      vertex 25.035 111.331 -6.81
      vertex 24.4823 111.412 -6.81
      vertex 24.475 111.346 -6.81
    endloop
  endfacet
  facet normal 0 0 1
    outer loop
      vertex 25.0624 112.274 -6.81
      vertex 25.0342 112.454 -6.81
      vertex 24.5147 112.277 -6.81
    endloop
  endfacet
  facet normal -0 0 1
    outer loop
      vertex 24.5013 112.387 -6.81
      vertex 24.5147 112.277 -6.81
      vertex 25.0342 112.454 -6.81
    endloop
  endfacet
  facet normal 0 0 1
    outer loop
      vertex 24.8824 112.902 -6.81
      vertex 24.429 112.656 -6.81
      vertex 24.9442 112.769 -6.81
    endloop
  endfacet
  facet normal 0 -0 1
    outer loop
      vertex 24.3547 112.788 -6.81
      vertex 24.7256 113.124 -6.81
      vertex 24.3112 112.84 -6.81
    endloop
  endfacet
  facet normal 0 0 1
    outer loop
      vertex 24.6324 113.211 -6.81
      vertex 24.5294 113.282 -6.81
      vertex 24.2636 112.882 -6.81
    endloop
  endfacet
  facet normal 0 -0 1
    outer loop
      vertex 24.0968 112.952 -6.81
      vertex 24.1625 113.401 -6.81
      vertex 24.0331 112.957 -6.81
    endloop
  endfacet
  facet normal 0 0 1
    outer loop
      vertex 24.1564 112.938 -6.81
      vertex 24.2945 113.377 -6.81
      vertex 24.1625 113.401 -6.81
    endloop
  endfacet
  facet normal 0 -0 1
    outer loop
      vertex 24.0331 112.957 -6.81
      vertex 24.1625 113.401 -6.81
      vertex 24.0209 113.409 -6.81
    endloop
  endfacet
  facet normal 0 0 1
    outer loop
      vertex 23.9603 112.951 -6.81
      vertex 23.92 113.405 -6.81
      vertex 23.8254 113.395 -6.81
    endloop
  endfacet
  facet normal 0 0 1
    outer loop
      vertex 23.8953 112.934 -6.81
      vertex 23.737 113.379 -6.81
      vertex 23.6549 113.356 -6.81
    endloop
  endfacet
  facet normal 0 0 1
    outer loop
      vertex 23.8953 112.934 -6.81
      vertex 23.8254 113.395 -6.81
      vertex 23.737 113.379 -6.81
    endloop
  endfacet
  facet normal 0 0 1
    outer loop
      vertex 23.8381 112.905 -6.81
      vertex 23.6549 113.356 -6.81
      vertex 23.579 113.327 -6.81
    endloop
  endfacet
  facet normal -0 0 1
    outer loop
      vertex 23.4462 113.248 -6.81
      vertex 23.7887 112.865 -6.81
      vertex 23.5095 113.29 -6.81
    endloop
  endfacet
  facet normal 0 0 1
    outer loop
      vertex 23.3885 113.198 -6.81
      vertex 23.7471 112.813 -6.81
      vertex 23.7887 112.865 -6.81
    endloop
  endfacet
  facet normal 0 0 1
    outer loop
      vertex 23.4462 113.248 -6.81
      vertex 23.3885 113.198 -6.81
      vertex 23.7887 112.865 -6.81
    endloop
  endfacet
  facet normal 0 0 1
    outer loop
      vertex 23.7471 112.813 -6.81
      vertex 23.3885 113.198 -6.81
      vertex 23.3359 113.142 -6.81
    endloop
  endfacet
  facet normal 0 -0 1
    outer loop
      vertex 23.7133 112.749 -6.81
      vertex 23.7471 112.813 -6.81
      vertex 23.2883 113.078 -6.81
    endloop
  endfacet
  facet normal -0 0 1
    outer loop
      vertex 23.2457 113.006 -6.81
      vertex 23.7133 112.749 -6.81
      vertex 23.2883 113.078 -6.81
    endloop
  endfacet
  facet normal 0 0 1
    outer loop
      vertex 23.2457 113.006 -6.81
      vertex 23.2082 112.928 -6.81
      vertex 23.7133 112.749 -6.81
    endloop
  endfacet
  facet normal 0 0 1
    outer loop
      vertex 23.7133 112.749 -6.81
      vertex 23.2082 112.928 -6.81
      vertex 23.6873 112.674 -6.81
    endloop
  endfacet
  facet normal 0 0 1
    outer loop
      vertex 19.505 112.959 -6.81
      vertex 19.5499 112.961 -6.81
      vertex 19.5458 113.409 -6.81
    endloop
  endfacet
  facet normal 0 0 1
    outer loop
      vertex 23.6873 112.674 -6.81
      vertex 23.2082 112.928 -6.81
      vertex 23.1757 112.842 -6.81
    endloop
  endfacet
  facet normal 0 0 1
    outer loop
      vertex 19.2053 111.215 -6.81
      vertex 19.191 111.271 -6.81
      vertex 18.6924 111.076 -6.81
    endloop
  endfacet
  facet normal -0 0 1
    outer loop
      vertex 23.2883 113.078 -6.81
      vertex 23.7471 112.813 -6.81
      vertex 23.3359 113.142 -6.81
    endloop
  endfacet
  facet normal 0 0 1
    outer loop
      vertex 19.2399 111.118 -6.81
      vertex 18.8145 110.833 -6.81
      vertex 19.2602 111.076 -6.81
    endloop
  endfacet
  facet normal 0 0 1
    outer loop
      vertex 23.5095 113.29 -6.81
      vertex 23.7887 112.865 -6.81
      vertex 23.8381 112.905 -6.81
    endloop
  endfacet
  facet normal 0 0 1
    outer loop
      vertex 18.7484 110.947 -6.81
      vertex 19.2399 111.118 -6.81
      vertex 19.2216 111.164 -6.81
    endloop
  endfacet
  facet normal 0 0 1
    outer loop
      vertex 23.8254 113.395 -6.81
      vertex 23.8953 112.934 -6.81
      vertex 23.9603 112.951 -6.81
    endloop
  endfacet
  facet normal 0 0 1
    outer loop
      vertex 18.8908 110.734 -6.81
      vertex 19.3068 111.009 -6.81
      vertex 19.2825 111.04 -6.81
    endloop
  endfacet
  facet normal 0 0 1
    outer loop
      vertex 23.9603 112.951 -6.81
      vertex 24.0331 112.957 -6.81
      vertex 24.0209 113.409 -6.81
    endloop
  endfacet
  facet normal 0 0 1
    outer loop
      vertex 19.0739 110.581 -6.81
      vertex 19.3634 110.96 -6.81
      vertex 19.3336 110.982 -6.81
    endloop
  endfacet
  facet normal -0 0 1
    outer loop
      vertex 24.0968 112.952 -6.81
      vertex 24.1564 112.938 -6.81
      vertex 24.1625 113.401 -6.81
    endloop
  endfacet
  facet normal 0 0 1
    outer loop
      vertex 19.3963 110.941 -6.81
      vertex 19.2976 110.489 -6.81
      vertex 19.4322 110.927 -6.81
    endloop
  endfacet
  facet normal 0 0 1
    outer loop
      vertex 24.3112 112.84 -6.81
      vertex 24.7256 113.124 -6.81
      vertex 24.6324 113.211 -6.81
    endloop
  endfacet
  facet normal 0 0 1
    outer loop
      vertex 18.6086 112.499 -6.81
      vertex 18.5845 112.325 -6.81
      vertex 19.1516 112.329 -6.81
    endloop
  endfacet
  facet normal 0 0 1
    outer loop
      vertex 19.6441 113.405 -6.81
      vertex 19.5976 112.959 -6.81
      vertex 19.6418 112.953 -6.81
    endloop
  endfacet
  facet normal 0 -0 1
    outer loop
      vertex 19.9375 112.549 -6.81
      vertex 20.4675 112.677 -6.81
      vertex 19.9257 112.609 -6.81
    endloop
  endfacet
  facet normal 0 0 1
    outer loop
      vertex 20.5379 112.212 -6.81
      vertex 20.5269 112.34 -6.81
      vertex 19.9682 112.241 -6.81
    endloop
  endfacet
  facet normal 0 0 1
    outer loop
      vertex 21.4616 112.45 -6.81
      vertex 20.9606 112.286 -6.81
      vertex 20.9981 112.235 -6.81
    endloop
  endfacet
  facet normal 0 -0 1
    outer loop
      vertex 22.6705 112.289 -6.81
      vertex 22.7025 112.343 -6.81
      vertex 22.1836 112.506 -6.81
    endloop
  endfacet
  facet normal 0 0 1
    outer loop
      vertex 24.7256 113.124 -6.81
      vertex 24.3547 112.788 -6.81
      vertex 24.8092 113.021 -6.81
    endloop
  endfacet
  facet normal -0 0 1
    outer loop
      vertex 24.3547 112.788 -6.81
      vertex 24.3942 112.727 -6.81
      vertex 24.8092 113.021 -6.81
    endloop
  endfacet
  facet normal -0 0 1
    outer loop
      vertex 24.3942 112.727 -6.81
      vertex 24.429 112.656 -6.81
      vertex 24.8824 112.902 -6.81
    endloop
  endfacet
  facet normal -0 0 1
    outer loop
      vertex 24.429 112.656 -6.81
      vertex 24.4585 112.576 -6.81
      vertex 24.9442 112.769 -6.81
    endloop
  endfacet
  facet normal -0 0 1
    outer loop
      vertex 24.4585 112.576 -6.81
      vertex 24.4826 112.486 -6.81
      vertex 24.9949 112.619 -6.81
    endloop
  endfacet
  facet normal 0 0 1
    outer loop
      vertex 24.9949 112.619 -6.81
      vertex 24.5013 112.387 -6.81
      vertex 25.0342 112.454 -6.81
    endloop
  endfacet
  facet normal 0 0 1
    outer loop
      vertex 24.5147 112.277 -6.81
      vertex 24.5228 112.158 -6.81
      vertex 25.0624 112.274 -6.81
    endloop
  endfacet
  facet normal 0 0 1
    outer loop
      vertex 24.5228 112.158 -6.81
      vertex 24.5254 112.029 -6.81
      vertex 25.0793 112.078 -6.81
    endloop
  endfacet
  facet normal 0 0 1
    outer loop
      vertex 25.0793 112.078 -6.81
      vertex 24.5254 112.029 -6.81
      vertex 25.0849 111.866 -6.81
    endloop
  endfacet
  facet normal -0 0 1
    outer loop
      vertex 24.4638 111.638 -6.81
      vertex 24.4754 111.59 -6.81
      vertex 25.0793 111.674 -6.81
    endloop
  endfacet
  facet normal -0 0 1
    outer loop
      vertex 24.424 111.169 -6.81
      vertex 24.8853 110.922 -6.81
      vertex 24.4459 111.224 -6.81
    endloop
  endfacet
  facet normal 0 -0 1
    outer loop
      vertex 24.0351 110.459 -6.81
      vertex 24.0535 110.904 -6.81
      vertex 24 110.907 -6.81
    endloop
  endfacet
  facet normal 0 0 1
    outer loop
      vertex 24.2501 110.958 -6.81
      vertex 24.4262 110.524 -6.81
      vertex 24.5373 110.575 -6.81
    endloop
  endfacet
  facet normal 0 0 1
    outer loop
      vertex 24.2501 110.958 -6.81
      vertex 24.2055 110.934 -6.81
      vertex 24.4262 110.524 -6.81
    endloop
  endfacet
  facet normal 0 0 1
    outer loop
      vertex 24.4262 110.524 -6.81
      vertex 24.2055 110.934 -6.81
      vertex 24.3054 110.488 -6.81
    endloop
  endfacet
  facet normal 0 0 1
    outer loop
      vertex 24.3054 110.488 -6.81
      vertex 24.2055 110.934 -6.81
      vertex 24.1578 110.918 -6.81
    endloop
  endfacet
  facet normal 0 -0 1
    outer loop
      vertex 24.1751 110.466 -6.81
      vertex 24.3054 110.488 -6.81
      vertex 24.1578 110.918 -6.81
    endloop
  endfacet
  facet normal -0 0 1
    outer loop
      vertex 24.1072 110.908 -6.81
      vertex 24.1751 110.466 -6.81
      vertex 24.1578 110.918 -6.81
    endloop
  endfacet
  facet normal 0 0 1
    outer loop
      vertex 24.1072 110.908 -6.81
      vertex 24.0535 110.904 -6.81
      vertex 24.1751 110.466 -6.81
    endloop
  endfacet
  facet normal 0 0 1
    outer loop
      vertex 24.1751 110.466 -6.81
      vertex 24.0535 110.904 -6.81
      vertex 24.0351 110.459 -6.81
    endloop
  endfacet
  facet normal 0 0 1
    outer loop
      vertex 23.9035 110.929 -6.81
      vertex 23.6839 110.507 -6.81
      vertex 23.793 110.48 -6.81
    endloop
  endfacet
  facet normal 0 -0 1
    outer loop
      vertex 23.5828 110.544 -6.81
      vertex 23.821 110.974 -6.81
      vertex 23.4896 110.592 -6.81
    endloop
  endfacet
  facet normal 0 0 1
    outer loop
      vertex 24.2916 110.988 -6.81
      vertex 24.5373 110.575 -6.81
      vertex 24.6389 110.64 -6.81
    endloop
  endfacet
  facet normal -0 0 1
    outer loop
      vertex 24.2501 110.958 -6.81
      vertex 24.5373 110.575 -6.81
      vertex 24.2916 110.988 -6.81
    endloop
  endfacet
  facet normal 0 0 1
    outer loop
      vertex 24.3302 111.025 -6.81
      vertex 24.6389 110.64 -6.81
      vertex 24.7309 110.72 -6.81
    endloop
  endfacet
  facet normal -0 0 1
    outer loop
      vertex 24.2916 110.988 -6.81
      vertex 24.6389 110.64 -6.81
      vertex 24.3302 111.025 -6.81
    endloop
  endfacet
  facet normal 0 0 1
    outer loop
      vertex 24.3657 111.068 -6.81
      vertex 24.7309 110.72 -6.81
      vertex 24.8133 110.814 -6.81
    endloop
  endfacet
  facet normal -0 0 1
    outer loop
      vertex 24.3302 111.025 -6.81
      vertex 24.7309 110.72 -6.81
      vertex 24.3657 111.068 -6.81
    endloop
  endfacet
  facet normal 0 0 1
    outer loop
      vertex 24.3973 111.117 -6.81
      vertex 24.3657 111.068 -6.81
      vertex 24.8133 110.814 -6.81
    endloop
  endfacet
  facet normal 0 0 1
    outer loop
      vertex 24.8853 110.922 -6.81
      vertex 24.3973 111.117 -6.81
      vertex 24.8133 110.814 -6.81
    endloop
  endfacet
  facet normal 0 0 1
    outer loop
      vertex 24.8853 110.922 -6.81
      vertex 24.424 111.169 -6.81
      vertex 24.3973 111.117 -6.81
    endloop
  endfacet
  facet normal 0 0 1
    outer loop
      vertex 24.9463 111.045 -6.81
      vertex 24.4459 111.224 -6.81
      vertex 24.8853 110.922 -6.81
    endloop
  endfacet
  facet normal 0 0 1
    outer loop
      vertex 24.9463 111.045 -6.81
      vertex 24.4629 111.283 -6.81
      vertex 24.4459 111.224 -6.81
    endloop
  endfacet
  facet normal 0 -0 1
    outer loop
      vertex 24.9463 111.045 -6.81
      vertex 24.9962 111.181 -6.81
      vertex 24.4629 111.283 -6.81
    endloop
  endfacet
  facet normal -0 0 1
    outer loop
      vertex 24.4629 111.283 -6.81
      vertex 24.9962 111.181 -6.81
      vertex 24.475 111.346 -6.81
    endloop
  endfacet
  facet normal 0 0 1
    outer loop
      vertex 24.475 111.346 -6.81
      vertex 24.9962 111.181 -6.81
      vertex 25.035 111.331 -6.81
    endloop
  endfacet
  facet normal -0 0 1
    outer loop
      vertex 24.4823 111.412 -6.81
      vertex 25.035 111.331 -6.81
      vertex 24.4847 111.482 -6.81
    endloop
  endfacet
  facet normal -0 0 1
    outer loop
      vertex 24.4847 111.482 -6.81
      vertex 25.035 111.331 -6.81
      vertex 25.0627 111.496 -6.81
    endloop
  endfacet
  facet normal 0 0 1
    outer loop
      vertex 25.0793 111.674 -6.81
      vertex 24.4754 111.59 -6.81
      vertex 25.0627 111.496 -6.81
    endloop
  endfacet
  facet normal 0 0 1
    outer loop
      vertex 24.5254 112.029 -6.81
      vertex 24.4475 111.684 -6.81
      vertex 25.0849 111.866 -6.81
    endloop
  endfacet
  facet normal -0 0 1
    outer loop
      vertex 24.4475 111.684 -6.81
      vertex 25.0793 111.674 -6.81
      vertex 25.0849 111.866 -6.81
    endloop
  endfacet
  facet normal 0 -0 1
    outer loop
      vertex 24.401 111.766 -6.81
      vertex 24.5254 112.029 -6.81
      vertex 24.3708 111.802 -6.81
    endloop
  endfacet
  facet normal 0 -0 1
    outer loop
      vertex 24.4266 111.727 -6.81
      vertex 24.5254 112.029 -6.81
      vertex 24.401 111.766 -6.81
    endloop
  endfacet
  facet normal 0 0 1
    outer loop
      vertex 24.5254 112.029 -6.81
      vertex 24.2996 111.862 -6.81
      vertex 24.3367 111.835 -6.81
    endloop
  endfacet
  facet normal 0 0 1
    outer loop
      vertex 24.5254 112.029 -6.81
      vertex 24.3367 111.835 -6.81
      vertex 24.3708 111.802 -6.81
    endloop
  endfacet
  facet normal 0 0 1
    outer loop
      vertex 24.4978 112.071 -6.81
      vertex 24.4673 112.111 -6.81
      vertex 24.2996 111.862 -6.81
    endloop
  endfacet
  facet normal 0 0 1
    outer loop
      vertex 24.3976 112.18 -6.81
      vertex 24.216 111.901 -6.81
      vertex 24.2593 111.884 -6.81
    endloop
  endfacet
  facet normal 0 0 1
    outer loop
      vertex 24.3976 112.18 -6.81
      vertex 24.2593 111.884 -6.81
      vertex 24.4339 112.147 -6.81
    endloop
  endfacet
  facet normal -0 0 1
    outer loop
      vertex 24.1697 111.914 -6.81
      vertex 24.216 111.901 -6.81
      vertex 24.3162 112.238 -6.81
    endloop
  endfacet
  facet normal 0 0 1
    outer loop
      vertex 24.2238 112.285 -6.81
      vertex 24.1202 111.921 -6.81
      vertex 24.2711 112.263 -6.81
    endloop
  endfacet
  facet normal -0 0 1
    outer loop
      vertex 24.1202 111.921 -6.81
      vertex 24.1697 111.914 -6.81
      vertex 24.2711 112.263 -6.81
    endloop
  endfacet
  facet normal 0 0 1
    outer loop
      vertex 24.1746 112.303 -6.81
      vertex 24.0677 111.923 -6.81
      vertex 24.1202 111.921 -6.81
    endloop
  endfacet
  facet normal 0 0 1
    outer loop
      vertex 24.1746 112.303 -6.81
      vertex 24.1202 111.921 -6.81
      vertex 24.2238 112.285 -6.81
    endloop
  endfacet
  facet normal 0 0 1
    outer loop
      vertex 24.013 111.921 -6.81
      vertex 24.0677 111.923 -6.81
      vertex 24.0712 112.33 -6.81
    endloop
  endfacet
  facet normal 0 0 1
    outer loop
      vertex 23.9607 112.343 -6.81
      vertex 24.013 111.921 -6.81
      vertex 24.0168 112.338 -6.81
    endloop
  endfacet
  facet normal 0 -0 1
    outer loop
      vertex 23.9141 111.9 -6.81
      vertex 23.9618 111.913 -6.81
      vertex 23.9029 112.345 -6.81
    endloop
  endfacet
  facet normal 0 0 1
    outer loop
      vertex 23.7963 112.34 -6.81
      vertex 23.8697 111.881 -6.81
      vertex 23.9141 111.9 -6.81
    endloop
  endfacet
  facet normal -0 0 1
    outer loop
      vertex 23.7963 112.34 -6.81
      vertex 23.9141 111.9 -6.81
      vertex 23.9029 112.345 -6.81
    endloop
  endfacet
  facet normal 0 0 1
    outer loop
      vertex 23.6963 112.325 -6.81
      vertex 23.8289 111.858 -6.81
      vertex 23.8697 111.881 -6.81
    endloop
  endfacet
  facet normal -0 0 1
    outer loop
      vertex 23.6963 112.325 -6.81
      vertex 23.8697 111.881 -6.81
      vertex 23.7963 112.34 -6.81
    endloop
  endfacet
  facet normal 0 0 1
    outer loop
      vertex 23.6028 112.3 -6.81
      vertex 23.5159 112.265 -6.81
      vertex 23.8289 111.858 -6.81
    endloop
  endfacet
  facet normal -0 0 1
    outer loop
      vertex 23.6028 112.3 -6.81
      vertex 23.8289 111.858 -6.81
      vertex 23.6963 112.325 -6.81
    endloop
  endfacet
  facet normal 0 0 1
    outer loop
      vertex 23.5159 112.265 -6.81
      vertex 23.4356 112.22 -6.81
      vertex 23.7914 111.829 -6.81
    endloop
  endfacet
  facet normal 0 0 1
    outer loop
      vertex 23.5159 112.265 -6.81
      vertex 23.7914 111.829 -6.81
      vertex 23.8289 111.858 -6.81
    endloop
  endfacet
  facet normal 0 0 1
    outer loop
      vertex 23.7914 111.829 -6.81
      vertex 23.4356 112.22 -6.81
      vertex 23.7575 111.794 -6.81
    endloop
  endfacet
  facet normal -0 0 1
    outer loop
      vertex 23.2946 112.1 -6.81
      vertex 23.7275 111.755 -6.81
      vertex 23.3619 112.165 -6.81
    endloop
  endfacet
  facet normal 0 0 1
    outer loop
      vertex 23.2353 112.027 -6.81
      vertex 23.185 111.947 -6.81
      vertex 23.7022 111.711 -6.81
    endloop
  endfacet
  facet normal 0 0 1
    outer loop
      vertex 23.2353 112.027 -6.81
      vertex 23.7022 111.711 -6.81
      vertex 23.7275 111.755 -6.81
    endloop
  endfacet
  facet normal 0 0 1
    outer loop
      vertex 23.7022 111.711 -6.81
      vertex 23.185 111.947 -6.81
      vertex 23.6814 111.662 -6.81
    endloop
  endfacet
  facet normal 0 0 1
    outer loop
      vertex 23.6814 111.662 -6.81
      vertex 23.1439 111.859 -6.81
      vertex 23.112 111.764 -6.81
    endloop
  endfacet
  facet normal 0 0 1
    outer loop
      vertex 23.6653 111.609 -6.81
      vertex 23.112 111.764 -6.81
      vertex 23.0891 111.662 -6.81
    endloop
  endfacet
  facet normal 0 0 1
    outer loop
      vertex 23.6538 111.551 -6.81
      vertex 23.0891 111.662 -6.81
      vertex 23.0754 111.553 -6.81
    endloop
  endfacet
  facet normal 0 -0 1
    outer loop
      vertex 23.6469 111.488 -6.81
      vertex 23.6538 111.551 -6.81
      vertex 23.0754 111.553 -6.81
    endloop
  endfacet
  facet normal 0 -0 1
    outer loop
      vertex 23.6446 111.421 -6.81
      vertex 23.6469 111.488 -6.81
      vertex 23.0709 111.437 -6.81
    endloop
  endfacet
  facet normal 0 -0 1
    outer loop
      vertex 23.0761 111.31 -6.81
      vertex 23.6446 111.421 -6.81
      vertex 23.0709 111.437 -6.81
    endloop
  endfacet
  facet normal 0 0 1
    outer loop
      vertex 23.6534 111.291 -6.81
      vertex 23.6467 111.354 -6.81
      vertex 23.0761 111.31 -6.81
    endloop
  endfacet
  facet normal 0 0 1
    outer loop
      vertex 23.6644 111.233 -6.81
      vertex 23.6534 111.291 -6.81
      vertex 23.0918 111.192 -6.81
    endloop
  endfacet
  facet normal 0 0 1
    outer loop
      vertex 23.6798 111.178 -6.81
      vertex 23.6644 111.233 -6.81
      vertex 23.118 111.081 -6.81
    endloop
  endfacet
  facet normal 0 -0 1
    outer loop
      vertex 23.1546 110.979 -6.81
      vertex 23.6798 111.178 -6.81
      vertex 23.118 111.081 -6.81
    endloop
  endfacet
  facet normal 0 0 1
    outer loop
      vertex 23.2016 110.884 -6.81
      vertex 23.6996 111.129 -6.81
      vertex 23.6798 111.178 -6.81
    endloop
  endfacet
  facet normal 0 0 1
    outer loop
      vertex 23.2592 110.798 -6.81
      vertex 23.7238 111.083 -6.81
      vertex 23.6996 111.129 -6.81
    endloop
  endfacet
  facet normal 0 0 1
    outer loop
      vertex 23.3272 110.719 -6.81
      vertex 23.7524 111.042 -6.81
      vertex 23.7238 111.083 -6.81
    endloop
  endfacet
  facet normal -0 0 1
    outer loop
      vertex 23.3272 110.719 -6.81
      vertex 23.4044 110.65 -6.81
      vertex 23.7524 111.042 -6.81
    endloop
  endfacet
  facet normal -0 0 1
    outer loop
      vertex 23.4044 110.65 -6.81
      vertex 23.4896 110.592 -6.81
      vertex 23.7849 111.005 -6.81
    endloop
  endfacet
  facet normal 0 0 1
    outer loop
      vertex 23.7849 111.005 -6.81
      vertex 23.4896 110.592 -6.81
      vertex 23.821 110.974 -6.81
    endloop
  endfacet
  facet normal 0 0 1
    outer loop
      vertex 23.821 110.974 -6.81
      vertex 23.5828 110.544 -6.81
      vertex 23.8605 110.949 -6.81
    endloop
  endfacet
  facet normal 0 0 1
    outer loop
      vertex 23.8605 110.949 -6.81
      vertex 23.5828 110.544 -6.81
      vertex 23.6839 110.507 -6.81
    endloop
  endfacet
  facet normal 0 0 1
    outer loop
      vertex 23.9035 110.929 -6.81
      vertex 23.8605 110.949 -6.81
      vertex 23.6839 110.507 -6.81
    endloop
  endfacet
  facet normal 0 0 1
    outer loop
      vertex 23.95 110.915 -6.81
      vertex 23.9035 110.929 -6.81
      vertex 23.793 110.48 -6.81
    endloop
  endfacet
  facet normal 0 -0 1
    outer loop
      vertex 23.9101 110.464 -6.81
      vertex 23.95 110.915 -6.81
      vertex 23.793 110.48 -6.81
    endloop
  endfacet
  facet normal 0 0 1
    outer loop
      vertex 23.9101 110.464 -6.81
      vertex 24 110.907 -6.81
      vertex 23.95 110.915 -6.81
    endloop
  endfacet
  facet normal 0 0 1
    outer loop
      vertex 19.1786 111.331 -6.81
      vertex 19.1681 111.398 -6.81
      vertex 18.6466 111.219 -6.81
    endloop
  endfacet
  facet normal 0 0 1
    outer loop
      vertex 19.1462 111.637 -6.81
      vertex 18.5856 111.547 -6.81
      vertex 19.1519 111.551 -6.81
    endloop
  endfacet
  facet normal -0 0 1
    outer loop
      vertex 18.5653 111.934 -6.81
      vertex 19.1398 111.828 -6.81
      vertex 19.139 111.934 -6.81
    endloop
  endfacet
  facet normal -0 0 1
    outer loop
      vertex 19.9459 111.387 -6.81
      vertex 20.4663 111.211 -6.81
      vertex 19.9548 111.46 -6.81
    endloop
  endfacet
  facet normal 0 0 1
    outer loop
      vertex 19.9743 112.043 -6.81
      vertex 19.9751 111.934 -6.81
      vertex 20.5467 111.934 -6.81
    endloop
  endfacet
  facet normal 0 0 1
    outer loop
      vertex 19.9559 112.409 -6.81
      vertex 20.5115 112.46 -6.81
      vertex 20.4917 112.572 -6.81
    endloop
  endfacet
  facet normal -0 0 1
    outer loop
      vertex 19.9118 112.664 -6.81
      vertex 19.9257 112.609 -6.81
      vertex 20.4389 112.774 -6.81
    endloop
  endfacet
  facet normal 0 0 1
    outer loop
      vertex 19.8238 113.38 -6.81
      vertex 19.7199 112.929 -6.81
      vertex 19.9052 113.358 -6.81
    endloop
  endfacet
  facet normal 0 0 1
    outer loop
      vertex 19.6441 113.405 -6.81
      vertex 19.6418 112.953 -6.81
      vertex 19.7368 113.396 -6.81
    endloop
  endfacet
  facet normal -0 0 1
    outer loop
      vertex 17.2702 111.934 -6.81
      vertex 17.3561 111.683 -6.81
      vertex 17.2991 113.366 -6.81
    endloop
  endfacet
  facet normal 0 0 1
    outer loop
      vertex 19.9118 112.664 -6.81
      vertex 20.4389 112.774 -6.81
      vertex 20.4059 112.863 -6.81
    endloop
  endfacet
  facet normal -0 -0 1
    outer loop
      vertex 17.3561 111.683 -6.81
      vertex 18.3448 110.499 -6.81
      vertex 17.2991 113.366 -6.81
    endloop
  endfacet
  facet normal 0 0 1
    outer loop
      vertex 19.9257 112.609 -6.81
      vertex 20.4675 112.677 -6.81
      vertex 20.4389 112.774 -6.81
    endloop
  endfacet
  facet normal 0 0 1
    outer loop
      vertex 19.9375 112.549 -6.81
      vertex 20.4917 112.572 -6.81
      vertex 20.4675 112.677 -6.81
    endloop
  endfacet
  facet normal 0 0 1
    outer loop
      vertex 16.5322 111.683 -6.81
      vertex 16.3979 111.232 -6.81
      vertex 17.4903 111.232 -6.81
    endloop
  endfacet
  facet normal -0 0 1
    outer loop
      vertex 19.9474 112.483 -6.81
      vertex 19.9559 112.409 -6.81
      vertex 20.4917 112.572 -6.81
    endloop
  endfacet
  facet normal 0 0 1
    outer loop
      vertex 19.9628 112.329 -6.81
      vertex 20.5269 112.34 -6.81
      vertex 20.5115 112.46 -6.81
    endloop
  endfacet
  facet normal -0 0 1
    outer loop
      vertex 16.5322 111.683 -6.81
      vertex 17.4903 111.232 -6.81
      vertex 17.3561 111.683 -6.81
    endloop
  endfacet
  facet normal 0 0 1
    outer loop
      vertex 19.7843 112.89 -6.81
      vertex 20.1155 113.254 -6.81
      vertex 20.051 113.295 -6.81
    endloop
  endfacet
  facet normal 0 -0 1
    outer loop
      vertex 21.4618 112.769 -6.81
      vertex 21.4752 112.812 -6.81
      vertex 20.9381 113.009 -6.81
    endloop
  endfacet
  facet normal 0 0 1
    outer loop
      vertex 21.6764 112.99 -6.81
      vertex 21.7207 113 -6.81
      vertex 21.6923 113.404 -6.81
    endloop
  endfacet
  facet normal -0 0 1
    outer loop
      vertex 21.9192 113 -6.81
      vertex 22.0024 112.976 -6.81
      vertex 22.0645 113.392 -6.81
    endloop
  endfacet
  facet normal 0 -0 1
    outer loop
      vertex 22.7635 112.521 -6.81
      vertex 22.7722 112.584 -6.81
      vertex 22.1913 112.615 -6.81
    endloop
  endfacet
  facet normal 0 0 1
    outer loop
      vertex 21.821 113.008 -6.81
      vertex 21.947 113.404 -6.81
      vertex 21.821 113.409 -6.81
    endloop
  endfacet
  facet normal 0 0 1
    outer loop
      vertex 21.7689 113.006 -6.81
      vertex 21.6923 113.404 -6.81
      vertex 21.7207 113 -6.81
    endloop
  endfacet
  facet normal 0 -0 1
    outer loop
      vertex 21.5995 112.959 -6.81
      vertex 21.636 112.977 -6.81
      vertex 21.4615 113.372 -6.81
    endloop
  endfacet
  facet normal 0 0 1
    outer loop
      vertex 22.7548 112.839 -6.81
      vertex 22.1837 112.719 -6.81
      vertex 22.77 112.747 -6.81
    endloop
  endfacet
  facet normal 0 0 1
    outer loop
      vertex 19.9809 113.33 -6.81
      vertex 19.7843 112.89 -6.81
      vertex 20.051 113.295 -6.81
    endloop
  endfacet
  facet normal -0 0 1
    outer loop
      vertex 21.1622 111.939 -6.81
      vertex 21.4597 111.657 -6.81
      vertex 21.2291 111.966 -6.81
    endloop
  endfacet
  facet normal 0 0 1
    outer loop
      vertex 21.3775 112.003 -6.81
      vertex 21.3009 111.987 -6.81
      vertex 21.5237 111.721 -6.81
    endloop
  endfacet
  facet normal 0 0 1
    outer loop
      vertex 20.8145 111.534 -6.81
      vertex 20.7984 111.462 -6.81
      vertex 21.3775 111.354 -6.81
    endloop
  endfacet
  facet normal 0 0 1
    outer loop
      vertex 20.5379 112.212 -6.81
      vertex 19.972 112.146 -6.81
      vertex 20.5445 112.077 -6.81
    endloop
  endfacet
  facet normal 0 0 1
    outer loop
      vertex 20.866 111.663 -6.81
      vertex 20.837 111.601 -6.81
      vertex 21.3866 111.473 -6.81
    endloop
  endfacet
  facet normal -0 0 1
    outer loop
      vertex 18.9583 113.221 -6.81
      vertex 19.3277 112.891 -6.81
      vertex 19.0536 113.288 -6.81
    endloop
  endfacet
  facet normal 0 0 1
    outer loop
      vertex 19.972 112.146 -6.81
      vertex 19.9743 112.043 -6.81
      vertex 20.5445 112.077 -6.81
    endloop
  endfacet
  facet normal 0 0 1
    outer loop
      vertex 20.5445 112.077 -6.81
      vertex 19.9743 112.043 -6.81
      vertex 20.5467 111.934 -6.81
    endloop
  endfacet
  facet normal -0 0 1
    outer loop
      vertex 21.6763 110.463 -6.81
      vertex 21.8129 110.459 -6.81
      vertex 21.7478 110.864 -6.81
    endloop
  endfacet
  facet normal 0 0 1
    outer loop
      vertex 20.5467 111.934 -6.81
      vertex 19.9751 111.934 -6.81
      vertex 19.9743 111.825 -6.81
    endloop
  endfacet
  facet normal 0 0 1
    outer loop
      vertex 21.4465 112.555 -6.81
      vertex 20.9029 112.397 -6.81
      vertex 21.4522 112.5 -6.81
    endloop
  endfacet
  facet normal 0 -0 1
    outer loop
      vertex 20.5266 111.542 -6.81
      vertex 20.5467 111.934 -6.81
      vertex 19.9718 111.723 -6.81
    endloop
  endfacet
  facet normal 0 0 1
    outer loop
      vertex 19.9621 111.541 -6.81
      vertex 20.5266 111.542 -6.81
      vertex 19.9678 111.629 -6.81
    endloop
  endfacet
  facet normal 0 -0 1
    outer loop
      vertex 20.9029 112.397 -6.81
      vertex 21.4465 112.555 -6.81
      vertex 20.8827 112.456 -6.81
    endloop
  endfacet
  facet normal 0 0 1
    outer loop
      vertex 22.8368 111.192 -6.81
      vertex 22.2521 111.276 -6.81
      vertex 22.2453 111.213 -6.81
    endloop
  endfacet
  facet normal 0 0 1
    outer loop
      vertex 20.8567 112.646 -6.81
      vertex 20.8596 112.58 -6.81
      vertex 21.4446 112.615 -6.81
    endloop
  endfacet
  facet normal 0 0 1
    outer loop
      vertex 20.4663 111.211 -6.81
      vertex 19.9089 111.204 -6.81
      vertex 20.3659 110.94 -6.81
    endloop
  endfacet
  facet normal 0 0 1
    outer loop
      vertex 21.4523 112.722 -6.81
      vertex 20.877 112.841 -6.81
      vertex 20.8618 112.747 -6.81
    endloop
  endfacet
  facet normal 0 0 1
    outer loop
      vertex 18.6423 112.657 -6.81
      vertex 19.1674 112.484 -6.81
      vertex 19.1776 112.55 -6.81
    endloop
  endfacet
  facet normal 0 0 1
    outer loop
      vertex 22.2341 111.154 -6.81
      vertex 22.7542 110.903 -6.81
      vertex 22.7927 110.992 -6.81
    endloop
  endfacet
  facet normal -0 0 1
    outer loop
      vertex 19.8748 111.109 -6.81
      vertex 20.3659 110.94 -6.81
      vertex 19.8928 111.154 -6.81
    endloop
  endfacet
  facet normal 0 -0 1
    outer loop
      vertex 19.1397 112.043 -6.81
      vertex 19.1421 112.146 -6.81
      vertex 18.5701 112.137 -6.81
    endloop
  endfacet
  facet normal 0 0 1
    outer loop
      vertex 22.7047 110.822 -6.81
      vertex 22.1983 111.055 -6.81
      vertex 22.6442 110.747 -6.81
    endloop
  endfacet
  facet normal -0 0 1
    outer loop
      vertex 19.783 110.979 -6.81
      vertex 20.0444 110.579 -6.81
      vertex 19.8093 111.004 -6.81
    endloop
  endfacet
  facet normal 0 0 1
    outer loop
      vertex 22.3011 110.531 -6.81
      vertex 22.0722 110.921 -6.81
      vertex 22.1926 110.499 -6.81
    endloop
  endfacet
  facet normal -0 0 1
    outer loop
      vertex 18.5703 111.733 -6.81
      vertex 19.1422 111.729 -6.81
      vertex 19.1398 111.828 -6.81
    endloop
  endfacet
  facet normal 0 0 1
    outer loop
      vertex 21.8129 110.459 -6.81
      vertex 21.8088 110.862 -6.81
      vertex 21.7478 110.864 -6.81
    endloop
  endfacet
  facet normal 0 0 1
    outer loop
      vertex 19.5621 110.459 -6.81
      vertex 19.558 110.908 -6.81
      vertex 19.513 110.91 -6.81
    endloop
  endfacet
  facet normal 0 0 1
    outer loop
      vertex 22.1445 110.977 -6.81
      vertex 22.4007 110.572 -6.81
      vertex 22.4912 110.622 -6.81
    endloop
  endfacet
  facet normal 0 0 1
    outer loop
      vertex 19.1592 111.471 -6.81
      vertex 18.611 111.376 -6.81
      vertex 19.1681 111.398 -6.81
    endloop
  endfacet
  facet normal 0 0 1
    outer loop
      vertex 22.075 110.477 -6.81
      vertex 22.029 110.899 -6.81
      vertex 21.9811 110.883 -6.81
    endloop
  endfacet
  facet normal 0 0 1
    outer loop
      vertex 19.5621 110.459 -6.81
      vertex 19.8233 110.489 -6.81
      vertex 19.6458 110.916 -6.81
    endloop
  endfacet
  facet normal 0 0 1
    outer loop
      vertex 21.9811 110.883 -6.81
      vertex 21.9284 110.871 -6.81
      vertex 22.075 110.477 -6.81
    endloop
  endfacet
  facet normal -0 0 1
    outer loop
      vertex 19.6035 110.91 -6.81
      vertex 19.5621 110.459 -6.81
      vertex 19.6458 110.916 -6.81
    endloop
  endfacet
  facet normal 0 0 1
    outer loop
      vertex 22.075 110.477 -6.81
      vertex 21.9284 110.871 -6.81
      vertex 21.9484 110.463 -6.81
    endloop
  endfacet
  facet normal 0 0 1
    outer loop
      vertex 19.6035 110.91 -6.81
      vertex 19.558 110.908 -6.81
      vertex 19.5621 110.459 -6.81
    endloop
  endfacet
  facet normal 0 0 1
    outer loop
      vertex 19.8233 110.489 -6.81
      vertex 19.6849 110.926 -6.81
      vertex 19.6458 110.916 -6.81
    endloop
  endfacet
  facet normal 0 0 1
    outer loop
      vertex 19.513 110.91 -6.81
      vertex 19.4248 110.466 -6.81
      vertex 19.5621 110.459 -6.81
    endloop
  endfacet
  facet normal 0 0 1
    outer loop
      vertex 19.7208 110.94 -6.81
      vertex 19.6849 110.926 -6.81
      vertex 19.8233 110.489 -6.81
    endloop
  endfacet
  facet normal 0 0 1
    outer loop
      vertex 20.0444 110.579 -6.81
      vertex 19.7208 110.94 -6.81
      vertex 19.8233 110.489 -6.81
    endloop
  endfacet
  facet normal 0 0 1
    outer loop
      vertex 20.0444 110.579 -6.81
      vertex 19.783 110.979 -6.81
      vertex 19.7535 110.957 -6.81
    endloop
  endfacet
  facet normal 0 0 1
    outer loop
      vertex 20.0444 110.579 -6.81
      vertex 19.7535 110.957 -6.81
      vertex 19.7208 110.94 -6.81
    endloop
  endfacet
  facet normal 0 0 1
    outer loop
      vertex 19.8093 111.004 -6.81
      vertex 20.0444 110.579 -6.81
      vertex 20.2252 110.73 -6.81
    endloop
  endfacet
  facet normal 0 0 1
    outer loop
      vertex 19.833 111.034 -6.81
      vertex 19.8093 111.004 -6.81
      vertex 20.2252 110.73 -6.81
    endloop
  endfacet
  facet normal 0 0 1
    outer loop
      vertex 19.8549 111.069 -6.81
      vertex 19.833 111.034 -6.81
      vertex 20.2252 110.73 -6.81
    endloop
  endfacet
  facet normal 0 -0 1
    outer loop
      vertex 20.2252 110.73 -6.81
      vertex 20.3659 110.94 -6.81
      vertex 19.8549 111.069 -6.81
    endloop
  endfacet
  facet normal -0 0 1
    outer loop
      vertex 19.8549 111.069 -6.81
      vertex 20.3659 110.94 -6.81
      vertex 19.8748 111.109 -6.81
    endloop
  endfacet
  facet normal 0 0 1
    outer loop
      vertex 20.3659 110.94 -6.81
      vertex 19.9089 111.204 -6.81
      vertex 19.8928 111.154 -6.81
    endloop
  endfacet
  facet normal 0 0 1
    outer loop
      vertex 19.9231 111.26 -6.81
      vertex 19.9089 111.204 -6.81
      vertex 20.4663 111.211 -6.81
    endloop
  endfacet
  facet normal 0 0 1
    outer loop
      vertex 19.9354 111.32 -6.81
      vertex 19.9231 111.26 -6.81
      vertex 20.4663 111.211 -6.81
    endloop
  endfacet
  facet normal 0 0 1
    outer loop
      vertex 19.9459 111.387 -6.81
      vertex 19.9354 111.32 -6.81
      vertex 20.4663 111.211 -6.81
    endloop
  endfacet
  facet normal 0 0 1
    outer loop
      vertex 19.2193 112.716 -6.81
      vertex 18.7386 112.928 -6.81
      vertex 19.2035 112.665 -6.81
    endloop
  endfacet
  facet normal -0 0 1
    outer loop
      vertex 19.9548 111.46 -6.81
      vertex 20.4663 111.211 -6.81
      vertex 20.5266 111.542 -6.81
    endloop
  endfacet
  facet normal -0 0 1
    outer loop
      vertex 19.9621 111.541 -6.81
      vertex 19.9548 111.46 -6.81
      vertex 20.5266 111.542 -6.81
    endloop
  endfacet
  facet normal -0 0 1
    outer loop
      vertex 19.9678 111.629 -6.81
      vertex 20.5266 111.542 -6.81
      vertex 19.9718 111.723 -6.81
    endloop
  endfacet
  facet normal 0 0 1
    outer loop
      vertex 19.9718 111.723 -6.81
      vertex 20.5467 111.934 -6.81
      vertex 19.9743 111.825 -6.81
    endloop
  endfacet
  facet normal -0 0 1
    outer loop
      vertex 18.8742 113.138 -6.81
      vertex 19.2782 112.836 -6.81
      vertex 18.9583 113.221 -6.81
    endloop
  endfacet
  facet normal 0 0 1
    outer loop
      vertex 18.9583 113.221 -6.81
      vertex 19.3017 112.865 -6.81
      vertex 19.3277 112.891 -6.81
    endloop
  endfacet
  facet normal 0 -0 1
    outer loop
      vertex 19.972 112.146 -6.81
      vertex 20.5379 112.212 -6.81
      vertex 19.9682 112.241 -6.81
    endloop
  endfacet
  facet normal 0 0 1
    outer loop
      vertex 19.1397 112.043 -6.81
      vertex 18.5701 112.137 -6.81
      vertex 18.5653 111.934 -6.81
    endloop
  endfacet
  facet normal 0 -0 1
    outer loop
      vertex 19.9682 112.241 -6.81
      vertex 20.5269 112.34 -6.81
      vertex 19.9628 112.329 -6.81
    endloop
  endfacet
  facet normal 0 0 1
    outer loop
      vertex 19.146 112.241 -6.81
      vertex 18.5845 112.325 -6.81
      vertex 18.5701 112.137 -6.81
    endloop
  endfacet
  facet normal 0 0 1
    outer loop
      vertex 20.5115 112.46 -6.81
      vertex 19.9559 112.409 -6.81
      vertex 19.9628 112.329 -6.81
    endloop
  endfacet
  facet normal -0 0 1
    outer loop
      vertex 19.8958 112.714 -6.81
      vertex 19.9118 112.664 -6.81
      vertex 20.4059 112.863 -6.81
    endloop
  endfacet
  facet normal 0 0 1
    outer loop
      vertex 20.3685 112.946 -6.81
      vertex 19.8958 112.714 -6.81
      vertex 20.4059 112.863 -6.81
    endloop
  endfacet
  facet normal 0 0 1
    outer loop
      vertex 20.3685 112.946 -6.81
      vertex 19.8778 112.759 -6.81
      vertex 19.8958 112.714 -6.81
    endloop
  endfacet
  facet normal 0 0 1
    outer loop
      vertex 20.3685 112.946 -6.81
      vertex 20.3267 113.021 -6.81
      vertex 19.8778 112.759 -6.81
    endloop
  endfacet
  facet normal 0 -0 1
    outer loop
      vertex 19.8778 112.759 -6.81
      vertex 20.3267 113.021 -6.81
      vertex 19.8577 112.799 -6.81
    endloop
  endfacet
  facet normal -0 0 1
    outer loop
      vertex 19.8356 112.834 -6.81
      vertex 19.8577 112.799 -6.81
      vertex 20.2805 113.09 -6.81
    endloop
  endfacet
  facet normal 0 0 1
    outer loop
      vertex 19.8577 112.799 -6.81
      vertex 20.3267 113.021 -6.81
      vertex 20.2805 113.09 -6.81
    endloop
  endfacet
  facet normal 0 0 1
    outer loop
      vertex 19.8356 112.834 -6.81
      vertex 20.2805 113.09 -6.81
      vertex 20.2299 113.152 -6.81
    endloop
  endfacet
  facet normal 0 0 1
    outer loop
      vertex 20.1749 113.206 -6.81
      vertex 19.8113 112.864 -6.81
      vertex 19.8356 112.834 -6.81
    endloop
  endfacet
  facet normal 0 0 1
    outer loop
      vertex 20.1749 113.206 -6.81
      vertex 19.8356 112.834 -6.81
      vertex 20.2299 113.152 -6.81
    endloop
  endfacet
  facet normal 0 0 1
    outer loop
      vertex 20.1749 113.206 -6.81
      vertex 20.1155 113.254 -6.81
      vertex 19.8113 112.864 -6.81
    endloop
  endfacet
  facet normal 0 -0 1
    outer loop
      vertex 19.8113 112.864 -6.81
      vertex 20.1155 113.254 -6.81
      vertex 19.7843 112.89 -6.81
    endloop
  endfacet
  facet normal 0 0 1
    outer loop
      vertex 19.9809 113.33 -6.81
      vertex 19.7538 112.912 -6.81
      vertex 19.7843 112.89 -6.81
    endloop
  endfacet
  facet normal 0 0 1
    outer loop
      vertex 19.9809 113.33 -6.81
      vertex 19.9052 113.358 -6.81
      vertex 19.7538 112.912 -6.81
    endloop
  endfacet
  facet normal -0 0 1
    outer loop
      vertex 19.7199 112.929 -6.81
      vertex 19.7538 112.912 -6.81
      vertex 19.9052 113.358 -6.81
    endloop
  endfacet
  facet normal 0 0 1
    outer loop
      vertex 19.6826 112.943 -6.81
      vertex 19.8238 113.38 -6.81
      vertex 19.7368 113.396 -6.81
    endloop
  endfacet
  facet normal 0 -0 1
    outer loop
      vertex 19.7199 112.929 -6.81
      vertex 19.8238 113.38 -6.81
      vertex 19.6826 112.943 -6.81
    endloop
  endfacet
  facet normal -0 0 1
    outer loop
      vertex 19.6418 112.953 -6.81
      vertex 19.6826 112.943 -6.81
      vertex 19.7368 113.396 -6.81
    endloop
  endfacet
  facet normal 0 0 1
    outer loop
      vertex 19.6441 113.405 -6.81
      vertex 19.5458 113.409 -6.81
      vertex 19.5976 112.959 -6.81
    endloop
  endfacet
  facet normal -0 -0 1
    outer loop
      vertex 19.5499 112.961 -6.81
      vertex 19.5976 112.959 -6.81
      vertex 19.5458 113.409 -6.81
    endloop
  endfacet
  facet normal 0 0 1
    outer loop
      vertex 19.5458 113.409 -6.81
      vertex 19.4061 113.401 -6.81
      vertex 19.505 112.959 -6.81
    endloop
  endfacet
  facet normal 0 0 1
    outer loop
      vertex 19.4632 112.953 -6.81
      vertex 19.4061 113.401 -6.81
      vertex 19.4246 112.943 -6.81
    endloop
  endfacet
  facet normal 0 0 1
    outer loop
      vertex 19.505 112.959 -6.81
      vertex 19.4061 113.401 -6.81
      vertex 19.4632 112.953 -6.81
    endloop
  endfacet
  facet normal 0 0 1
    outer loop
      vertex 19.4246 112.943 -6.81
      vertex 19.2774 113.378 -6.81
      vertex 19.3891 112.93 -6.81
    endloop
  endfacet
  facet normal 0 0 1
    outer loop
      vertex 19.4061 113.401 -6.81
      vertex 19.2774 113.378 -6.81
      vertex 19.4246 112.943 -6.81
    endloop
  endfacet
  facet normal 0 0 1
    outer loop
      vertex 19.3891 112.93 -6.81
      vertex 19.1599 113.341 -6.81
      vertex 19.3568 112.912 -6.81
    endloop
  endfacet
  facet normal 0 0 1
    outer loop
      vertex 19.2774 113.378 -6.81
      vertex 19.1599 113.341 -6.81
      vertex 19.3891 112.93 -6.81
    endloop
  endfacet
  facet normal 0 0 1
    outer loop
      vertex 19.3568 112.912 -6.81
      vertex 19.1599 113.341 -6.81
      vertex 19.0536 113.288 -6.81
    endloop
  endfacet
  facet normal 0 -0 1
    outer loop
      vertex 19.3277 112.891 -6.81
      vertex 19.3568 112.912 -6.81
      vertex 19.0536 113.288 -6.81
    endloop
  endfacet
  facet normal 0 0 1
    outer loop
      vertex 18.9583 113.221 -6.81
      vertex 19.2782 112.836 -6.81
      vertex 19.3017 112.865 -6.81
    endloop
  endfacet
  facet normal 0 0 1
    outer loop
      vertex 18.8742 113.138 -6.81
      vertex 19.2567 112.801 -6.81
      vertex 19.2782 112.836 -6.81
    endloop
  endfacet
  facet normal 0 0 1
    outer loop
      vertex 18.8742 113.138 -6.81
      vertex 18.8012 113.04 -6.81
      vertex 19.2567 112.801 -6.81
    endloop
  endfacet
  facet normal 0 0 1
    outer loop
      vertex 19.2371 112.761 -6.81
      vertex 18.8012 113.04 -6.81
      vertex 18.7386 112.928 -6.81
    endloop
  endfacet
  facet normal 0 0 1
    outer loop
      vertex 19.2567 112.801 -6.81
      vertex 18.8012 113.04 -6.81
      vertex 19.2371 112.761 -6.81
    endloop
  endfacet
  facet normal 0 -0 1
    outer loop
      vertex 19.2193 112.716 -6.81
      vertex 19.2371 112.761 -6.81
      vertex 18.7386 112.928 -6.81
    endloop
  endfacet
  facet normal 0 0 1
    outer loop
      vertex 18.7386 112.928 -6.81
      vertex 18.6857 112.8 -6.81
      vertex 19.2035 112.665 -6.81
    endloop
  endfacet
  facet normal 0 0 1
    outer loop
      vertex 19.2035 112.665 -6.81
      vertex 18.6857 112.8 -6.81
      vertex 19.1896 112.61 -6.81
    endloop
  endfacet
  facet normal 0 0 1
    outer loop
      vertex 19.1896 112.61 -6.81
      vertex 18.6857 112.8 -6.81
      vertex 18.6423 112.657 -6.81
    endloop
  endfacet
  facet normal 0 -0 1
    outer loop
      vertex 19.1776 112.55 -6.81
      vertex 19.1896 112.61 -6.81
      vertex 18.6423 112.657 -6.81
    endloop
  endfacet
  facet normal 0 0 1
    outer loop
      vertex 19.1674 112.484 -6.81
      vertex 18.6423 112.657 -6.81
      vertex 18.6086 112.499 -6.81
    endloop
  endfacet
  facet normal 0 -0 1
    outer loop
      vertex 19.1587 112.41 -6.81
      vertex 19.1674 112.484 -6.81
      vertex 18.6086 112.499 -6.81
    endloop
  endfacet
  facet normal 0 -0 1
    outer loop
      vertex 19.1516 112.329 -6.81
      vertex 19.1587 112.41 -6.81
      vertex 18.6086 112.499 -6.81
    endloop
  endfacet
  facet normal -0 0 1
    outer loop
      vertex 18.5845 112.325 -6.81
      vertex 19.146 112.241 -6.81
      vertex 19.1516 112.329 -6.81
    endloop
  endfacet
  facet normal 0 -0 1
    outer loop
      vertex 19.1421 112.146 -6.81
      vertex 19.146 112.241 -6.81
      vertex 18.5701 112.137 -6.81
    endloop
  endfacet
  facet normal 0 0 1
    outer loop
      vertex 18.5653 111.934 -6.81
      vertex 19.139 111.934 -6.81
      vertex 19.1397 112.043 -6.81
    endloop
  endfacet
  facet normal 0 0 1
    outer loop
      vertex 18.5653 111.934 -6.81
      vertex 18.5703 111.733 -6.81
      vertex 19.1398 111.828 -6.81
    endloop
  endfacet
  facet normal 0 0 1
    outer loop
      vertex 18.5703 111.733 -6.81
      vertex 19.1462 111.637 -6.81
      vertex 19.1422 111.729 -6.81
    endloop
  endfacet
  facet normal 0 0 1
    outer loop
      vertex 18.5703 111.733 -6.81
      vertex 18.5856 111.547 -6.81
      vertex 19.1462 111.637 -6.81
    endloop
  endfacet
  facet normal -0 0 1
    outer loop
      vertex 18.5856 111.547 -6.81
      vertex 18.611 111.376 -6.81
      vertex 19.1519 111.551 -6.81
    endloop
  endfacet
  facet normal 0 0 1
    outer loop
      vertex 19.1519 111.551 -6.81
      vertex 18.611 111.376 -6.81
      vertex 19.1592 111.471 -6.81
    endloop
  endfacet
  facet normal -0 0 1
    outer loop
      vertex 18.611 111.376 -6.81
      vertex 18.6466 111.219 -6.81
      vertex 19.1681 111.398 -6.81
    endloop
  endfacet
  facet normal 0 0 1
    outer loop
      vertex 18.6466 111.219 -6.81
      vertex 19.191 111.271 -6.81
      vertex 19.1786 111.331 -6.81
    endloop
  endfacet
  facet normal -0 0 1
    outer loop
      vertex 18.6466 111.219 -6.81
      vertex 18.6924 111.076 -6.81
      vertex 19.191 111.271 -6.81
    endloop
  endfacet
  facet normal -0 0 1
    outer loop
      vertex 18.6924 111.076 -6.81
      vertex 18.7484 110.947 -6.81
      vertex 19.2053 111.215 -6.81
    endloop
  endfacet
  facet normal 0 0 1
    outer loop
      vertex 19.2053 111.215 -6.81
      vertex 18.7484 110.947 -6.81
      vertex 19.2216 111.164 -6.81
    endloop
  endfacet
  facet normal -0 0 1
    outer loop
      vertex 18.7484 110.947 -6.81
      vertex 18.8145 110.833 -6.81
      vertex 19.2399 111.118 -6.81
    endloop
  endfacet
  facet normal -0 0 1
    outer loop
      vertex 18.8145 110.833 -6.81
      vertex 18.8908 110.734 -6.81
      vertex 19.2602 111.076 -6.81
    endloop
  endfacet
  facet normal 0 0 1
    outer loop
      vertex 19.2602 111.076 -6.81
      vertex 18.8908 110.734 -6.81
      vertex 19.2825 111.04 -6.81
    endloop
  endfacet
  facet normal -0 0 1
    outer loop
      vertex 18.8908 110.734 -6.81
      vertex 18.9772 110.65 -6.81
      vertex 19.3068 111.009 -6.81
    endloop
  endfacet
  facet normal 0 0 1
    outer loop
      vertex 19.3068 111.009 -6.81
      vertex 18.9772 110.65 -6.81
      vertex 19.3336 110.982 -6.81
    endloop
  endfacet
  facet normal 0 0 1
    outer loop
      vertex 19.3336 110.982 -6.81
      vertex 18.9772 110.65 -6.81
      vertex 19.0739 110.581 -6.81
    endloop
  endfacet
  facet normal 0 0 1
    outer loop
      vertex 19.3634 110.96 -6.81
      vertex 19.0739 110.581 -6.81
      vertex 19.1807 110.527 -6.81
    endloop
  endfacet
  facet normal 0 0 1
    outer loop
      vertex 19.3963 110.941 -6.81
      vertex 19.3634 110.96 -6.81
      vertex 19.1807 110.527 -6.81
    endloop
  endfacet
  facet normal 0 -0 1
    outer loop
      vertex 19.2976 110.489 -6.81
      vertex 19.3963 110.941 -6.81
      vertex 19.1807 110.527 -6.81
    endloop
  endfacet
  facet normal 0 0 1
    outer loop
      vertex 19.4711 110.917 -6.81
      vertex 19.4322 110.927 -6.81
      vertex 19.2976 110.489 -6.81
    endloop
  endfacet
  facet normal 0 -0 1
    outer loop
      vertex 19.4248 110.466 -6.81
      vertex 19.4711 110.917 -6.81
      vertex 19.2976 110.489 -6.81
    endloop
  endfacet
  facet normal 0 0 1
    outer loop
      vertex 19.4248 110.466 -6.81
      vertex 19.513 110.91 -6.81
      vertex 19.4711 110.917 -6.81
    endloop
  endfacet
  facet normal 0 -0 1
    outer loop
      vertex 20.8073 111.092 -6.81
      vertex 21.3861 111.217 -6.81
      vertex 20.791 111.196 -6.81
    endloop
  endfacet
  facet normal 0 -0 1
    outer loop
      vertex 20.8725 110.905 -6.81
      vertex 21.3967 111.157 -6.81
      vertex 20.8345 110.995 -6.81
    endloop
  endfacet
  facet normal 0 -0 1
    outer loop
      vertex 21.3775 111.354 -6.81
      vertex 21.3866 111.473 -6.81
      vertex 20.8145 111.534 -6.81
    endloop
  endfacet
  facet normal 0 0 1
    outer loop
      vertex 21.043 111.869 -6.81
      vertex 20.9907 111.825 -6.81
      vertex 21.414 111.574 -6.81
    endloop
  endfacet
  facet normal -0 0 1
    outer loop
      vertex 21.1002 111.907 -6.81
      vertex 21.414 111.574 -6.81
      vertex 21.1622 111.939 -6.81
    endloop
  endfacet
  facet normal 0 0 1
    outer loop
      vertex 21.1002 111.907 -6.81
      vertex 21.043 111.869 -6.81
      vertex 21.414 111.574 -6.81
    endloop
  endfacet
  facet normal -0 0 1
    outer loop
      vertex 21.2291 111.966 -6.81
      vertex 21.4597 111.657 -6.81
      vertex 21.3009 111.987 -6.81
    endloop
  endfacet
  facet normal 0 0 1
    outer loop
      vertex 21.3009 111.987 -6.81
      vertex 21.4597 111.657 -6.81
      vertex 21.5237 111.721 -6.81
    endloop
  endfacet
  facet normal 0 0 1
    outer loop
      vertex 21.3775 112.003 -6.81
      vertex 21.6059 111.767 -6.81
      vertex 21.7063 111.794 -6.81
    endloop
  endfacet
  facet normal -0 0 1
    outer loop
      vertex 20.9014 111.722 -6.81
      vertex 21.3866 111.473 -6.81
      vertex 20.9432 111.776 -6.81
    endloop
  endfacet
  facet normal 0 0 1
    outer loop
      vertex 21.7177 112.212 -6.81
      vertex 21.6739 112.222 -6.81
      vertex 21.7063 111.794 -6.81
    endloop
  endfacet
  facet normal 0 -0 1
    outer loop
      vertex 20.9215 110.823 -6.81
      vertex 21.4117 111.103 -6.81
      vertex 20.8725 110.905 -6.81
    endloop
  endfacet
  facet normal -0 0 1
    outer loop
      vertex 20.9215 110.823 -6.81
      vertex 20.9813 110.749 -6.81
      vertex 21.431 111.056 -6.81
    endloop
  endfacet
  facet normal 0 -0 1
    outer loop
      vertex 21.1328 110.622 -6.81
      vertex 21.4545 111.014 -6.81
      vertex 21.052 110.681 -6.81
    endloop
  endfacet
  facet normal 0 0 1
    outer loop
      vertex 21.5146 110.947 -6.81
      vertex 21.2229 110.572 -6.81
      vertex 21.3223 110.531 -6.81
    endloop
  endfacet
  facet normal 0 0 1
    outer loop
      vertex 21.5936 110.899 -6.81
      vertex 21.549 110.477 -6.81
      vertex 21.6402 110.883 -6.81
    endloop
  endfacet
  facet normal 0 0 1
    outer loop
      vertex 22.8131 111.522 -6.81
      vertex 22.252 111.407 -6.81
      vertex 22.8293 111.453 -6.81
    endloop
  endfacet
  facet normal 0 0 1
    outer loop
      vertex 22.4408 112.074 -6.81
      vertex 22.1225 112.338 -6.81
      vertex 22.3836 112.046 -6.81
    endloop
  endfacet
  facet normal 0 0 1
    outer loop
      vertex 22.4942 112.107 -6.81
      vertex 22.1607 112.414 -6.81
      vertex 22.4408 112.074 -6.81
    endloop
  endfacet
  facet normal 0 0 1
    outer loop
      vertex 21.4522 112.5 -6.81
      vertex 20.9288 112.34 -6.81
      vertex 20.9606 112.286 -6.81
    endloop
  endfacet
  facet normal 0 0 1
    outer loop
      vertex 20.9025 112.929 -6.81
      vertex 20.877 112.841 -6.81
      vertex 21.4523 112.722 -6.81
    endloop
  endfacet
  facet normal 0 0 1
    outer loop
      vertex 21.4618 112.769 -6.81
      vertex 20.9025 112.929 -6.81
      vertex 21.4523 112.722 -6.81
    endloop
  endfacet
  facet normal 0 0 1
    outer loop
      vertex 21.4466 112.671 -6.81
      vertex 20.8618 112.747 -6.81
      vertex 20.8567 112.646 -6.81
    endloop
  endfacet
  facet normal 0 0 1
    outer loop
      vertex 21.4752 112.812 -6.81
      vertex 20.9839 113.083 -6.81
      vertex 20.9381 113.009 -6.81
    endloop
  endfacet
  facet normal 0 0 1
    outer loop
      vertex 21.4924 112.85 -6.81
      vertex 21.0398 113.15 -6.81
      vertex 21.4752 112.812 -6.81
    endloop
  endfacet
  facet normal 0 0 1
    outer loop
      vertex 21.5669 112.938 -6.81
      vertex 21.3593 113.344 -6.81
      vertex 21.266 113.307 -6.81
    endloop
  endfacet
  facet normal 0 0 1
    outer loop
      vertex 21.5995 112.959 -6.81
      vertex 21.3593 113.344 -6.81
      vertex 21.5669 112.938 -6.81
    endloop
  endfacet
  facet normal 0 0 1
    outer loop
      vertex 21.636 112.977 -6.81
      vertex 21.5725 113.392 -6.81
      vertex 21.4615 113.372 -6.81
    endloop
  endfacet
  facet normal 0 0 1
    outer loop
      vertex 21.5382 112.913 -6.81
      vertex 21.1815 113.263 -6.81
      vertex 21.5134 112.884 -6.81
    endloop
  endfacet
  facet normal 0 0 1
    outer loop
      vertex 21.5134 112.884 -6.81
      vertex 21.1059 113.21 -6.81
      vertex 21.4924 112.85 -6.81
    endloop
  endfacet
  facet normal 0 -0 1
    outer loop
      vertex 21.821 113.008 -6.81
      vertex 21.821 113.409 -6.81
      vertex 21.7689 113.006 -6.81
    endloop
  endfacet
  facet normal 0 -0 1
    outer loop
      vertex 21.9192 113 -6.81
      vertex 21.947 113.404 -6.81
      vertex 21.821 113.008 -6.81
    endloop
  endfacet
  facet normal 0 -0 1
    outer loop
      vertex 22.1232 112.88 -6.81
      vertex 22.3666 113.305 -6.81
      vertex 22.0704 112.936 -6.81
    endloop
  endfacet
  facet normal 0 -0 1
    outer loop
      vertex 22.5902 112.188 -6.81
      vertex 22.6327 112.237 -6.81
      vertex 22.1607 112.414 -6.81
    endloop
  endfacet
  facet normal 0 -0 1
    outer loop
      vertex 22.1913 112.615 -6.81
      vertex 22.77 112.747 -6.81
      vertex 22.1837 112.719 -6.81
    endloop
  endfacet
  facet normal 0 -0 1
    outer loop
      vertex 22.7722 112.584 -6.81
      vertex 22.7751 112.65 -6.81
      vertex 22.1913 112.615 -6.81
    endloop
  endfacet
  facet normal 0 0 1
    outer loop
      vertex 22.2584 112.007 -6.81
      vertex 21.9852 111.782 -6.81
      vertex 22.2584 111.999 -6.81
    endloop
  endfacet
  facet normal 0 0 1
    outer loop
      vertex 22.1225 112.338 -6.81
      vertex 22.2584 112.007 -6.81
      vertex 22.3228 112.024 -6.81
    endloop
  endfacet
  facet normal 0 -0 1
    outer loop
      vertex 22.4942 112.107 -6.81
      vertex 22.5441 112.145 -6.81
      vertex 22.1607 112.414 -6.81
    endloop
  endfacet
  facet normal 0 -0 1
    outer loop
      vertex 22.5441 112.145 -6.81
      vertex 22.5902 112.188 -6.81
      vertex 22.1607 112.414 -6.81
    endloop
  endfacet
  facet normal 0 0 1
    outer loop
      vertex 22.6327 112.237 -6.81
      vertex 22.1836 112.506 -6.81
      vertex 22.1607 112.414 -6.81
    endloop
  endfacet
  facet normal 0 0 1
    outer loop
      vertex 22.2584 112.007 -6.81
      vertex 22.1225 112.338 -6.81
      vertex 22.069 112.28 -6.81
    endloop
  endfacet
  facet normal 0 0 1
    outer loop
      vertex 22.2584 112.007 -6.81
      vertex 22.069 112.28 -6.81
      vertex 22.0003 112.238 -6.81
    endloop
  endfacet
  facet normal 0 0 1
    outer loop
      vertex 22.3836 112.046 -6.81
      vertex 22.1225 112.338 -6.81
      vertex 22.3228 112.024 -6.81
    endloop
  endfacet
  facet normal 0 0 1
    outer loop
      vertex 22.2453 111.213 -6.81
      vertex 22.8203 111.089 -6.81
      vertex 22.8368 111.192 -6.81
    endloop
  endfacet
  facet normal 0 0 1
    outer loop
      vertex 22.0003 112.238 -6.81
      vertex 21.9852 111.782 -6.81
      vertex 22.2584 112.007 -6.81
    endloop
  endfacet
  facet normal 0 0 1
    outer loop
      vertex 22.7286 112.4 -6.81
      vertex 22.1836 112.506 -6.81
      vertex 22.7025 112.343 -6.81
    endloop
  endfacet
  facet normal 0 0 1
    outer loop
      vertex 22.2521 111.276 -6.81
      vertex 22.8423 111.303 -6.81
      vertex 22.2543 111.346 -6.81
    endloop
  endfacet
  facet normal 0 0 1
    outer loop
      vertex 22.749 112.459 -6.81
      vertex 22.1913 112.615 -6.81
      vertex 22.1836 112.506 -6.81
    endloop
  endfacet
  facet normal 0 0 1
    outer loop
      vertex 22.7293 112.924 -6.81
      vertex 22.6937 113.003 -6.81
      vertex 22.161 112.807 -6.81
    endloop
  endfacet
  facet normal 0 0 1
    outer loop
      vertex 22.6937 113.003 -6.81
      vertex 22.648 113.077 -6.81
      vertex 22.161 112.807 -6.81
    endloop
  endfacet
  facet normal -0 0 1
    outer loop
      vertex 22.1232 112.88 -6.81
      vertex 22.161 112.807 -6.81
      vertex 22.592 113.144 -6.81
    endloop
  endfacet
  facet normal 0 0 1
    outer loop
      vertex 22.5259 113.205 -6.81
      vertex 22.4505 113.259 -6.81
      vertex 22.1232 112.88 -6.81
    endloop
  endfacet
  facet normal 0 0 1
    outer loop
      vertex 22.0704 112.936 -6.81
      vertex 22.3666 113.305 -6.81
      vertex 22.2744 113.342 -6.81
    endloop
  endfacet
  facet normal 0 0 1
    outer loop
      vertex 21.4749 112.405 -6.81
      vertex 21.0405 112.187 -6.81
      vertex 21.0868 112.144 -6.81
    endloop
  endfacet
  facet normal -0 0 1
    outer loop
      vertex 22.1098 111.717 -6.81
      vertex 22.1435 111.685 -6.81
      vertex 22.2584 111.999 -6.81
    endloop
  endfacet
  facet normal 0 0 1
    outer loop
      vertex 21.5978 112.253 -6.81
      vertex 21.3775 112.011 -6.81
      vertex 21.6339 112.235 -6.81
    endloop
  endfacet
  facet normal 0 0 1
    outer loop
      vertex 22.252 111.407 -6.81
      vertex 22.8131 111.522 -6.81
      vertex 22.7904 111.589 -6.81
    endloop
  endfacet
  facet normal 0 0 1
    outer loop
      vertex 22.2543 111.346 -6.81
      vertex 22.839 111.38 -6.81
      vertex 22.8293 111.453 -6.81
    endloop
  endfacet
  facet normal -0 0 1
    outer loop
      vertex 22.2543 111.346 -6.81
      vertex 22.8423 111.303 -6.81
      vertex 22.839 111.38 -6.81
    endloop
  endfacet
  facet normal 0 0 1
    outer loop
      vertex 22.7613 111.651 -6.81
      vertex 22.2453 111.464 -6.81
      vertex 22.7904 111.589 -6.81
    endloop
  endfacet
  facet normal 0 -0 1
    outer loop
      vertex 22.7927 110.992 -6.81
      vertex 22.8203 111.089 -6.81
      vertex 22.2341 111.154 -6.81
    endloop
  endfacet
  facet normal 0 -0 1
    outer loop
      vertex 22.2453 111.464 -6.81
      vertex 22.7257 111.71 -6.81
      vertex 22.234 111.517 -6.81
    endloop
  endfacet
  facet normal 0 0 1
    outer loop
      vertex 22.234 111.517 -6.81
      vertex 22.7257 111.71 -6.81
      vertex 22.6836 111.766 -6.81
    endloop
  endfacet
  facet normal 0 0 1
    outer loop
      vertex 22.7542 110.903 -6.81
      vertex 22.2184 111.102 -6.81
      vertex 22.7047 110.822 -6.81
    endloop
  endfacet
  facet normal 0 0 1
    outer loop
      vertex 22.1736 111.013 -6.81
      vertex 22.4912 110.622 -6.81
      vertex 22.5727 110.68 -6.81
    endloop
  endfacet
  facet normal 0 0 1
    outer loop
      vertex 22.1983 111.055 -6.81
      vertex 22.1736 111.013 -6.81
      vertex 22.5727 110.68 -6.81
    endloop
  endfacet
  facet normal 0 0 1
    outer loop
      vertex 21.9484 110.463 -6.81
      vertex 21.9284 110.871 -6.81
      vertex 21.8709 110.864 -6.81
    endloop
  endfacet
  facet normal -0 0 1
    outer loop
      vertex 21.8088 110.862 -6.81
      vertex 21.8129 110.459 -6.81
      vertex 21.8709 110.864 -6.81
    endloop
  endfacet
  facet normal 0 0 1
    outer loop
      vertex 22.3323 111.983 -6.81
      vertex 22.1729 111.65 -6.81
      vertex 22.4019 111.961 -6.81
    endloop
  endfacet
  facet normal 0 0 1
    outer loop
      vertex 22.1607 112.414 -6.81
      vertex 22.1225 112.338 -6.81
      vertex 22.4408 112.074 -6.81
    endloop
  endfacet
  facet normal 0 -0 1
    outer loop
      vertex 21.137 112.107 -6.81
      vertex 21.4749 112.405 -6.81
      vertex 21.0868 112.144 -6.81
    endloop
  endfacet
  facet normal 0 -0 1
    outer loop
      vertex 22.6327 112.237 -6.81
      vertex 22.6705 112.289 -6.81
      vertex 22.1836 112.506 -6.81
    endloop
  endfacet
  facet normal 0 0 1
    outer loop
      vertex 22.749 112.459 -6.81
      vertex 22.1836 112.506 -6.81
      vertex 22.7286 112.4 -6.81
    endloop
  endfacet
  facet normal 0 0 1
    outer loop
      vertex 22.1913 112.615 -6.81
      vertex 22.7751 112.65 -6.81
      vertex 22.77 112.747 -6.81
    endloop
  endfacet
  facet normal -0 0 1
    outer loop
      vertex 22.161 112.807 -6.81
      vertex 22.1837 112.719 -6.81
      vertex 22.7293 112.924 -6.81
    endloop
  endfacet
  facet normal 0 0 1
    outer loop
      vertex 22.1837 112.719 -6.81
      vertex 22.7548 112.839 -6.81
      vertex 22.7293 112.924 -6.81
    endloop
  endfacet
  facet normal 0 0 1
    outer loop
      vertex 22.161 112.807 -6.81
      vertex 22.648 113.077 -6.81
      vertex 22.592 113.144 -6.81
    endloop
  endfacet
  facet normal 0 0 1
    outer loop
      vertex 22.5259 113.205 -6.81
      vertex 22.1232 112.88 -6.81
      vertex 22.592 113.144 -6.81
    endloop
  endfacet
  facet normal 0 0 1
    outer loop
      vertex 22.4505 113.259 -6.81
      vertex 22.3666 113.305 -6.81
      vertex 22.1232 112.88 -6.81
    endloop
  endfacet
  facet normal 0 0 1
    outer loop
      vertex 22.1737 113.371 -6.81
      vertex 22.0704 112.936 -6.81
      vertex 22.2744 113.342 -6.81
    endloop
  endfacet
  facet normal 0 0 1
    outer loop
      vertex 22.1737 113.371 -6.81
      vertex 22.0645 113.392 -6.81
      vertex 22.0024 112.976 -6.81
    endloop
  endfacet
  facet normal 0 0 1
    outer loop
      vertex 22.1737 113.371 -6.81
      vertex 22.0024 112.976 -6.81
      vertex 22.0704 112.936 -6.81
    endloop
  endfacet
  facet normal 0 0 1
    outer loop
      vertex 22.0645 113.392 -6.81
      vertex 21.947 113.404 -6.81
      vertex 21.9192 113 -6.81
    endloop
  endfacet
  facet normal 0 -0 1
    outer loop
      vertex 21.7689 113.006 -6.81
      vertex 21.821 113.409 -6.81
      vertex 21.6923 113.404 -6.81
    endloop
  endfacet
  facet normal 0 0 1
    outer loop
      vertex 21.6764 112.99 -6.81
      vertex 21.5725 113.392 -6.81
      vertex 21.636 112.977 -6.81
    endloop
  endfacet
  facet normal 0 0 1
    outer loop
      vertex 21.6923 113.404 -6.81
      vertex 21.5725 113.392 -6.81
      vertex 21.6764 112.99 -6.81
    endloop
  endfacet
  facet normal 0 0 1
    outer loop
      vertex 21.4615 113.372 -6.81
      vertex 21.3593 113.344 -6.81
      vertex 21.5995 112.959 -6.81
    endloop
  endfacet
  facet normal 0 -0 1
    outer loop
      vertex 21.5382 112.913 -6.81
      vertex 21.5669 112.938 -6.81
      vertex 21.266 113.307 -6.81
    endloop
  endfacet
  facet normal 0 0 1
    outer loop
      vertex 21.266 113.307 -6.81
      vertex 21.1815 113.263 -6.81
      vertex 21.5382 112.913 -6.81
    endloop
  endfacet
  facet normal 0 0 1
    outer loop
      vertex 21.1815 113.263 -6.81
      vertex 21.1059 113.21 -6.81
      vertex 21.5134 112.884 -6.81
    endloop
  endfacet
  facet normal 0 0 1
    outer loop
      vertex 21.1059 113.21 -6.81
      vertex 21.0398 113.15 -6.81
      vertex 21.4924 112.85 -6.81
    endloop
  endfacet
  facet normal 0 0 1
    outer loop
      vertex 21.0398 113.15 -6.81
      vertex 20.9839 113.083 -6.81
      vertex 21.4752 112.812 -6.81
    endloop
  endfacet
  facet normal 0 0 1
    outer loop
      vertex 20.9381 113.009 -6.81
      vertex 20.9025 112.929 -6.81
      vertex 21.4618 112.769 -6.81
    endloop
  endfacet
  facet normal 0 -0 1
    outer loop
      vertex 21.4466 112.671 -6.81
      vertex 21.4523 112.722 -6.81
      vertex 20.8618 112.747 -6.81
    endloop
  endfacet
  facet normal -0 0 1
    outer loop
      vertex 20.8567 112.646 -6.81
      vertex 21.4446 112.615 -6.81
      vertex 21.4466 112.671 -6.81
    endloop
  endfacet
  facet normal 0 -0 1
    outer loop
      vertex 20.8827 112.456 -6.81
      vertex 21.4465 112.555 -6.81
      vertex 20.8682 112.517 -6.81
    endloop
  endfacet
  facet normal 0 0 1
    outer loop
      vertex 21.4465 112.555 -6.81
      vertex 21.4446 112.615 -6.81
      vertex 20.8682 112.517 -6.81
    endloop
  endfacet
  facet normal 0 0 1
    outer loop
      vertex 21.4522 112.5 -6.81
      vertex 20.9029 112.397 -6.81
      vertex 20.9288 112.34 -6.81
    endloop
  endfacet
  facet normal 0 0 1
    outer loop
      vertex 21.4616 112.45 -6.81
      vertex 21.4522 112.5 -6.81
      vertex 20.9606 112.286 -6.81
    endloop
  endfacet
  facet normal 0 -0 1
    outer loop
      vertex 21.0405 112.187 -6.81
      vertex 21.4616 112.45 -6.81
      vertex 20.9981 112.235 -6.81
    endloop
  endfacet
  facet normal 0 0 1
    outer loop
      vertex 21.4616 112.45 -6.81
      vertex 21.0405 112.187 -6.81
      vertex 21.4749 112.405 -6.81
    endloop
  endfacet
  facet normal 0 0 1
    outer loop
      vertex 21.137 112.107 -6.81
      vertex 21.4919 112.365 -6.81
      vertex 21.4749 112.405 -6.81
    endloop
  endfacet
  facet normal -0 0 1
    outer loop
      vertex 21.137 112.107 -6.81
      vertex 21.1912 112.075 -6.81
      vertex 21.4919 112.365 -6.81
    endloop
  endfacet
  facet normal 0 0 1
    outer loop
      vertex 21.4919 112.365 -6.81
      vertex 21.1912 112.075 -6.81
      vertex 21.2494 112.048 -6.81
    endloop
  endfacet
  facet normal 0 0 1
    outer loop
      vertex 21.5127 112.33 -6.81
      vertex 21.4919 112.365 -6.81
      vertex 21.2494 112.048 -6.81
    endloop
  endfacet
  facet normal 0 -0 1
    outer loop
      vertex 21.3115 112.027 -6.81
      vertex 21.5127 112.33 -6.81
      vertex 21.2494 112.048 -6.81
    endloop
  endfacet
  facet normal 0 0 1
    outer loop
      vertex 21.3115 112.027 -6.81
      vertex 21.5372 112.3 -6.81
      vertex 21.5127 112.33 -6.81
    endloop
  endfacet
  facet normal -0 0 1
    outer loop
      vertex 21.3115 112.027 -6.81
      vertex 21.3775 112.011 -6.81
      vertex 21.5372 112.3 -6.81
    endloop
  endfacet
  facet normal 0 0 1
    outer loop
      vertex 21.5372 112.3 -6.81
      vertex 21.3775 112.011 -6.81
      vertex 21.5656 112.274 -6.81
    endloop
  endfacet
  facet normal 0 0 1
    outer loop
      vertex 21.5656 112.274 -6.81
      vertex 21.3775 112.011 -6.81
      vertex 21.5978 112.253 -6.81
    endloop
  endfacet
  facet normal 0 0 1
    outer loop
      vertex 21.3775 112.011 -6.81
      vertex 21.6739 112.222 -6.81
      vertex 21.6339 112.235 -6.81
    endloop
  endfacet
  facet normal -0 0 1
    outer loop
      vertex 21.3775 112.011 -6.81
      vertex 21.3775 112.003 -6.81
      vertex 21.6739 112.222 -6.81
    endloop
  endfacet
  facet normal 0 0 1
    outer loop
      vertex 21.7063 111.794 -6.81
      vertex 21.7654 112.206 -6.81
      vertex 21.7177 112.212 -6.81
    endloop
  endfacet
  facet normal 0 0 1
    outer loop
      vertex 21.9162 112.213 -6.81
      vertex 21.8824 111.801 -6.81
      vertex 21.9358 111.794 -6.81
    endloop
  endfacet
  facet normal 0 0 1
    outer loop
      vertex 22.2584 111.999 -6.81
      vertex 22.0722 111.743 -6.81
      vertex 22.1098 111.717 -6.81
    endloop
  endfacet
  facet normal -0 0 1
    outer loop
      vertex 22.2181 111.565 -6.81
      vertex 22.234 111.517 -6.81
      vertex 22.636 111.817 -6.81
    endloop
  endfacet
  facet normal 0 -0 1
    outer loop
      vertex 22.3011 110.531 -6.81
      vertex 22.4007 110.572 -6.81
      vertex 22.1107 110.947 -6.81
    endloop
  endfacet
  facet normal 0 0 1
    outer loop
      vertex 22.3011 110.531 -6.81
      vertex 22.1107 110.947 -6.81
      vertex 22.0722 110.921 -6.81
    endloop
  endfacet
  facet normal -0 0 1
    outer loop
      vertex 22.1107 110.947 -6.81
      vertex 22.4007 110.572 -6.81
      vertex 22.1445 110.977 -6.81
    endloop
  endfacet
  facet normal -0 0 1
    outer loop
      vertex 22.1445 110.977 -6.81
      vertex 22.4912 110.622 -6.81
      vertex 22.1736 111.013 -6.81
    endloop
  endfacet
  facet normal 0 0 1
    outer loop
      vertex 22.6442 110.747 -6.81
      vertex 22.1983 111.055 -6.81
      vertex 22.5727 110.68 -6.81
    endloop
  endfacet
  facet normal 0 0 1
    outer loop
      vertex 22.7047 110.822 -6.81
      vertex 22.2184 111.102 -6.81
      vertex 22.1983 111.055 -6.81
    endloop
  endfacet
  facet normal -0 0 1
    outer loop
      vertex 22.2184 111.102 -6.81
      vertex 22.7542 110.903 -6.81
      vertex 22.2341 111.154 -6.81
    endloop
  endfacet
  facet normal -0 0 1
    outer loop
      vertex 22.2341 111.154 -6.81
      vertex 22.8203 111.089 -6.81
      vertex 22.2453 111.213 -6.81
    endloop
  endfacet
  facet normal 0 -0 1
    outer loop
      vertex 22.8368 111.192 -6.81
      vertex 22.8423 111.303 -6.81
      vertex 22.2521 111.276 -6.81
    endloop
  endfacet
  facet normal -0 0 1
    outer loop
      vertex 22.252 111.407 -6.81
      vertex 22.2543 111.346 -6.81
      vertex 22.8293 111.453 -6.81
    endloop
  endfacet
  facet normal -0 0 1
    outer loop
      vertex 22.2453 111.464 -6.81
      vertex 22.252 111.407 -6.81
      vertex 22.7904 111.589 -6.81
    endloop
  endfacet
  facet normal 0 0 1
    outer loop
      vertex 22.7613 111.651 -6.81
      vertex 22.7257 111.71 -6.81
      vertex 22.2453 111.464 -6.81
    endloop
  endfacet
  facet normal 0 0 1
    outer loop
      vertex 22.636 111.817 -6.81
      vertex 22.234 111.517 -6.81
      vertex 22.6836 111.766 -6.81
    endloop
  endfacet
  facet normal 0 0 1
    outer loop
      vertex 22.5841 111.862 -6.81
      vertex 22.2181 111.565 -6.81
      vertex 22.636 111.817 -6.81
    endloop
  endfacet
  facet normal 0 0 1
    outer loop
      vertex 22.5841 111.862 -6.81
      vertex 22.1978 111.61 -6.81
      vertex 22.2181 111.565 -6.81
    endloop
  endfacet
  facet normal 0 0 1
    outer loop
      vertex 22.1978 111.61 -6.81
      vertex 22.5841 111.862 -6.81
      vertex 22.5278 111.901 -6.81
    endloop
  endfacet
  facet normal 0 0 1
    outer loop
      vertex 22.467 111.934 -6.81
      vertex 22.1978 111.61 -6.81
      vertex 22.5278 111.901 -6.81
    endloop
  endfacet
  facet normal 0 0 1
    outer loop
      vertex 22.467 111.934 -6.81
      vertex 22.1729 111.65 -6.81
      vertex 22.1978 111.61 -6.81
    endloop
  endfacet
  facet normal 0 0 1
    outer loop
      vertex 22.467 111.934 -6.81
      vertex 22.4019 111.961 -6.81
      vertex 22.1729 111.65 -6.81
    endloop
  endfacet
  facet normal 0 0 1
    outer loop
      vertex 22.3323 111.983 -6.81
      vertex 22.1435 111.685 -6.81
      vertex 22.1729 111.65 -6.81
    endloop
  endfacet
  facet normal 0 0 1
    outer loop
      vertex 22.1435 111.685 -6.81
      vertex 22.3323 111.983 -6.81
      vertex 22.2584 111.999 -6.81
    endloop
  endfacet
  facet normal -0 0 1
    outer loop
      vertex 22.0307 111.765 -6.81
      vertex 22.0722 111.743 -6.81
      vertex 22.2584 111.999 -6.81
    endloop
  endfacet
  facet normal -0 0 1
    outer loop
      vertex 21.9852 111.782 -6.81
      vertex 22.0307 111.765 -6.81
      vertex 22.2584 111.999 -6.81
    endloop
  endfacet
  facet normal -0 0 1
    outer loop
      vertex 21.9162 112.213 -6.81
      vertex 21.9852 111.782 -6.81
      vertex 22.0003 112.238 -6.81
    endloop
  endfacet
  facet normal 0 0 1
    outer loop
      vertex 21.9162 112.213 -6.81
      vertex 21.9358 111.794 -6.81
      vertex 21.9852 111.782 -6.81
    endloop
  endfacet
  facet normal 0 0 1
    outer loop
      vertex 21.8169 112.204 -6.81
      vertex 21.8251 111.803 -6.81
      vertex 21.8824 111.801 -6.81
    endloop
  endfacet
  facet normal -0 0 1
    outer loop
      vertex 21.8169 112.204 -6.81
      vertex 21.8824 111.801 -6.81
      vertex 21.9162 112.213 -6.81
    endloop
  endfacet
  facet normal 0 0 1
    outer loop
      vertex 21.8169 112.204 -6.81
      vertex 21.7654 112.206 -6.81
      vertex 21.8251 111.803 -6.81
    endloop
  endfacet
  facet normal 0 0 1
    outer loop
      vertex 21.8251 111.803 -6.81
      vertex 21.7654 112.206 -6.81
      vertex 21.7063 111.794 -6.81
    endloop
  endfacet
  facet normal 0 0 1
    outer loop
      vertex 21.3775 112.003 -6.81
      vertex 21.5237 111.721 -6.81
      vertex 21.6059 111.767 -6.81
    endloop
  endfacet
  facet normal 0 -0 1
    outer loop
      vertex 21.414 111.574 -6.81
      vertex 21.4597 111.657 -6.81
      vertex 21.1622 111.939 -6.81
    endloop
  endfacet
  facet normal 0 0 1
    outer loop
      vertex 21.414 111.574 -6.81
      vertex 20.9432 111.776 -6.81
      vertex 21.3866 111.473 -6.81
    endloop
  endfacet
  facet normal 0 0 1
    outer loop
      vertex 21.3866 111.473 -6.81
      vertex 20.837 111.601 -6.81
      vertex 20.8145 111.534 -6.81
    endloop
  endfacet
  facet normal 0 0 1
    outer loop
      vertex 20.7855 111.307 -6.81
      vertex 21.3775 111.354 -6.81
      vertex 20.7887 111.387 -6.81
    endloop
  endfacet
  facet normal 0 0 1
    outer loop
      vertex 21.3775 111.354 -6.81
      vertex 20.7984 111.462 -6.81
      vertex 20.7887 111.387 -6.81
    endloop
  endfacet
  facet normal 0 0 1
    outer loop
      vertex 21.3861 111.217 -6.81
      vertex 21.3796 111.282 -6.81
      vertex 20.791 111.196 -6.81
    endloop
  endfacet
  facet normal 0 0 1
    outer loop
      vertex 21.3967 111.157 -6.81
      vertex 21.3861 111.217 -6.81
      vertex 20.8073 111.092 -6.81
    endloop
  endfacet
  facet normal 0 0 1
    outer loop
      vertex 21.4117 111.103 -6.81
      vertex 21.3967 111.157 -6.81
      vertex 20.8725 110.905 -6.81
    endloop
  endfacet
  facet normal 0 0 1
    outer loop
      vertex 21.431 111.056 -6.81
      vertex 21.4117 111.103 -6.81
      vertex 20.9215 110.823 -6.81
    endloop
  endfacet
  facet normal 0 -0 1
    outer loop
      vertex 21.052 110.681 -6.81
      vertex 21.431 111.056 -6.81
      vertex 20.9813 110.749 -6.81
    endloop
  endfacet
  facet normal 0 0 1
    outer loop
      vertex 21.052 110.681 -6.81
      vertex 21.4545 111.014 -6.81
      vertex 21.431 111.056 -6.81
    endloop
  endfacet
  facet normal 0 0 1
    outer loop
      vertex 21.1328 110.622 -6.81
      vertex 21.4823 110.977 -6.81
      vertex 21.4545 111.014 -6.81
    endloop
  endfacet
  facet normal -0 0 1
    outer loop
      vertex 21.1328 110.622 -6.81
      vertex 21.2229 110.572 -6.81
      vertex 21.4823 110.977 -6.81
    endloop
  endfacet
  facet normal 0 0 1
    outer loop
      vertex 21.4823 110.977 -6.81
      vertex 21.2229 110.572 -6.81
      vertex 21.5146 110.947 -6.81
    endloop
  endfacet
  facet normal 0 0 1
    outer loop
      vertex 21.5146 110.947 -6.81
      vertex 21.3223 110.531 -6.81
      vertex 21.5517 110.921 -6.81
    endloop
  endfacet
  facet normal 0 0 1
    outer loop
      vertex 21.5517 110.921 -6.81
      vertex 21.3223 110.531 -6.81
      vertex 21.431 110.5 -6.81
    endloop
  endfacet
  facet normal 0 0 1
    outer loop
      vertex 21.5936 110.899 -6.81
      vertex 21.5517 110.921 -6.81
      vertex 21.431 110.5 -6.81
    endloop
  endfacet
  facet normal 0 -0 1
    outer loop
      vertex 21.549 110.477 -6.81
      vertex 21.5936 110.899 -6.81
      vertex 21.431 110.5 -6.81
    endloop
  endfacet
  facet normal 0 0 1
    outer loop
      vertex 21.6916 110.871 -6.81
      vertex 21.6402 110.883 -6.81
      vertex 21.549 110.477 -6.81
    endloop
  endfacet
  facet normal 0 -0 1
    outer loop
      vertex 21.6763 110.463 -6.81
      vertex 21.6916 110.871 -6.81
      vertex 21.549 110.477 -6.81
    endloop
  endfacet
  facet normal 0 0 1
    outer loop
      vertex 21.6763 110.463 -6.81
      vertex 21.7478 110.864 -6.81
      vertex 21.6916 110.871 -6.81
    endloop
  endfacet
  facet normal 0 0 1
    outer loop
      vertex 15.5495 110.499 -6.81
      vertex 16.3979 111.232 -6.81
      vertex 16.5322 111.683 -6.81
    endloop
  endfacet
  facet normal 0 0 1
    outer loop
      vertex 15.5495 110.499 -6.81
      vertex 16.5322 111.683 -6.81
      vertex 16.5911 113.366 -6.81
    endloop
  endfacet
  facet normal 0 0 1
    outer loop
      vertex 15.5495 110.499 -6.81
      vertex 16.1436 110.499 -6.81
      vertex 16.3979 111.232 -6.81
    endloop
  endfacet
  facet normal 0 0 1
    outer loop
      vertex 18.3448 110.499 -6.81
      vertex 17.4903 111.232 -6.81
      vertex 17.7446 110.499 -6.81
    endloop
  endfacet
  facet normal -0 -0 1
    outer loop
      vertex 17.4903 111.232 -6.81
      vertex 18.3448 110.499 -6.81
      vertex 17.3561 111.683 -6.81
    endloop
  endfacet
  facet normal -0 0 1
    outer loop
      vertex 17.1963 112.149 -6.81
      vertex 17.2702 111.934 -6.81
      vertex 17.2991 113.366 -6.81
    endloop
  endfacet
  facet normal -0 0 1
    outer loop
      vertex 17.1344 112.331 -6.81
      vertex 17.1963 112.149 -6.81
      vertex 17.2991 113.366 -6.81
    endloop
  endfacet
  facet normal -0 0 1
    outer loop
      vertex 17.0844 112.478 -6.81
      vertex 17.1344 112.331 -6.81
      vertex 17.2991 113.366 -6.81
    endloop
  endfacet
  facet normal -0 0 1
    outer loop
      vertex 17.0464 112.591 -6.81
      vertex 17.0844 112.478 -6.81
      vertex 17.2991 113.366 -6.81
    endloop
  endfacet
  facet normal -0 0 1
    outer loop
      vertex 17.0203 112.669 -6.81
      vertex 17.0464 112.591 -6.81
      vertex 17.2991 113.366 -6.81
    endloop
  endfacet
  facet normal -0 0 1
    outer loop
      vertex 17.0062 112.713 -6.81
      vertex 17.0203 112.669 -6.81
      vertex 17.2991 113.366 -6.81
    endloop
  endfacet
  facet normal -0 0 1
    outer loop
      vertex 16.9982 112.739 -6.81
      vertex 17.0062 112.713 -6.81
      vertex 17.2991 113.366 -6.81
    endloop
  endfacet
  facet normal -0 0 1
    outer loop
      vertex 16.9906 112.765 -6.81
      vertex 16.9982 112.739 -6.81
      vertex 17.2991 113.366 -6.81
    endloop
  endfacet
  facet normal -0 0 1
    outer loop
      vertex 16.9832 112.789 -6.81
      vertex 16.9906 112.765 -6.81
      vertex 17.2991 113.366 -6.81
    endloop
  endfacet
  facet normal -0 0 1
    outer loop
      vertex 16.9763 112.813 -6.81
      vertex 16.9832 112.789 -6.81
      vertex 17.2991 113.366 -6.81
    endloop
  endfacet
  facet normal -0 0 1
    outer loop
      vertex 16.9696 112.836 -6.81
      vertex 16.9763 112.813 -6.81
      vertex 17.2991 113.366 -6.81
    endloop
  endfacet
  facet normal -0 0 1
    outer loop
      vertex 16.9633 112.858 -6.81
      vertex 16.9696 112.836 -6.81
      vertex 17.2991 113.366 -6.81
    endloop
  endfacet
  facet normal -0 0 1
    outer loop
      vertex 16.9573 112.88 -6.81
      vertex 16.9633 112.858 -6.81
      vertex 17.2991 113.366 -6.81
    endloop
  endfacet
  facet normal -0 0 1
    outer loop
      vertex 16.5911 113.366 -6.81
      vertex 16.9451 112.924 -6.81
      vertex 17.2991 113.366 -6.81
    endloop
  endfacet
  facet normal -0 0 1
    outer loop
      vertex 16.9451 112.924 -6.81
      vertex 16.9573 112.88 -6.81
      vertex 17.2991 113.366 -6.81
    endloop
  endfacet
  facet normal 0 -0 1
    outer loop
      vertex 16.8149 112.507 -6.81
      vertex 16.9024 112.784 -6.81
      vertex 16.5911 113.366 -6.81
    endloop
  endfacet
  facet normal 0 -0 1
    outer loop
      vertex 16.9024 112.784 -6.81
      vertex 16.9451 112.924 -6.81
      vertex 16.5911 113.366 -6.81
    endloop
  endfacet
  facet normal 0 0 1
    outer loop
      vertex 16.5322 111.683 -6.81
      vertex 16.8149 112.507 -6.81
      vertex 16.5911 113.366 -6.81
    endloop
  endfacet
  facet normal -0.0900717 -0.995935 0
    outer loop
      vertex 29.3359 110.463 -6.86
      vertex 29.3359 110.463 -6.81
      vertex 29.1811 110.477 -6.86
    endloop
  endfacet
  facet normal -0.0900717 -0.995935 0
    outer loop
      vertex 29.3359 110.463 -6.81
      vertex 29.1811 110.477 -6.81
      vertex 29.1811 110.477 -6.86
    endloop
  endfacet
  facet normal -0.159015 -0.987276 0
    outer loop
      vertex 29.1811 110.477 -6.86
      vertex 29.1811 110.477 -6.81
      vertex 29.0383 110.5 -6.86
    endloop
  endfacet
  facet normal -0.159015 -0.987276 0
    outer loop
      vertex 29.1811 110.477 -6.81
      vertex 29.0383 110.5 -6.81
      vertex 29.0383 110.5 -6.86
    endloop
  endfacet
  facet normal -0.230281 -0.973124 0
    outer loop
      vertex 29.0383 110.5 -6.86
      vertex 29.0383 110.5 -6.81
      vertex 28.9073 110.531 -6.86
    endloop
  endfacet
  facet normal -0.230281 -0.973124 0
    outer loop
      vertex 29.0383 110.5 -6.81
      vertex 28.9073 110.531 -6.81
      vertex 28.9073 110.531 -6.86
    endloop
  endfacet
  facet normal -0.325746 -0.945457 0
    outer loop
      vertex 28.9073 110.531 -6.86
      vertex 28.9073 110.531 -6.81
      vertex 28.7883 110.572 -6.86
    endloop
  endfacet
  facet normal -0.325746 -0.945457 0
    outer loop
      vertex 28.9073 110.531 -6.81
      vertex 28.7883 110.572 -6.81
      vertex 28.7883 110.572 -6.86
    endloop
  endfacet
  facet normal -0.423024 -0.906118 0
    outer loop
      vertex 28.7883 110.572 -6.86
      vertex 28.7883 110.572 -6.81
      vertex 28.6812 110.622 -6.86
    endloop
  endfacet
  facet normal -0.423024 -0.906118 0
    outer loop
      vertex 28.7883 110.572 -6.81
      vertex 28.6812 110.622 -6.81
      vertex 28.6812 110.622 -6.86
    endloop
  endfacet
  facet normal -0.527185 -0.849751 0
    outer loop
      vertex 28.6812 110.622 -6.86
      vertex 28.6812 110.622 -6.81
      vertex 28.5861 110.681 -6.86
    endloop
  endfacet
  facet normal -0.527185 -0.849751 0
    outer loop
      vertex 28.6812 110.622 -6.81
      vertex 28.5861 110.681 -6.81
      vertex 28.5861 110.681 -6.86
    endloop
  endfacet
  facet normal -0.634202 -0.773167 0
    outer loop
      vertex 28.5861 110.681 -6.86
      vertex 28.5861 110.681 -6.81
      vertex 28.5032 110.749 -6.86
    endloop
  endfacet
  facet normal -0.634202 -0.773167 0
    outer loop
      vertex 28.5861 110.681 -6.81
      vertex 28.5032 110.749 -6.81
      vertex 28.5032 110.749 -6.86
    endloop
  endfacet
  facet normal -0.735063 -0.677999 0
    outer loop
      vertex 28.5032 110.749 -6.86
      vertex 28.5032 110.749 -6.81
      vertex 28.4331 110.825 -6.86
    endloop
  endfacet
  facet normal -0.735063 -0.677999 0
    outer loop
      vertex 28.5032 110.749 -6.81
      vertex 28.4331 110.825 -6.81
      vertex 28.4331 110.825 -6.86
    endloop
  endfacet
  facet normal -0.825645 -0.564191 0
    outer loop
      vertex 28.4331 110.825 -6.86
      vertex 28.4331 110.825 -6.81
      vertex 28.3757 110.909 -6.86
    endloop
  endfacet
  facet normal -0.825645 -0.564191 0
    outer loop
      vertex 28.4331 110.825 -6.81
      vertex 28.3757 110.909 -6.81
      vertex 28.3757 110.909 -6.86
    endloop
  endfacet
  facet normal -0.899837 -0.436226 0
    outer loop
      vertex 28.3757 110.909 -6.86
      vertex 28.3757 110.909 -6.81
      vertex 28.3311 111.001 -6.86
    endloop
  endfacet
  facet normal -0.899837 -0.436226 0
    outer loop
      vertex 28.3757 110.909 -6.81
      vertex 28.3311 111.001 -6.81
      vertex 28.3311 111.001 -6.86
    endloop
  endfacet
  facet normal -0.952976 -0.303046 0
    outer loop
      vertex 28.3311 111.001 -6.86
      vertex 28.3311 111.001 -6.81
      vertex 28.2993 111.101 -6.86
    endloop
  endfacet
  facet normal -0.952976 -0.303046 0
    outer loop
      vertex 28.3311 111.001 -6.81
      vertex 28.2993 111.101 -6.81
      vertex 28.2993 111.101 -6.86
    endloop
  endfacet
  facet normal -0.984563 -0.175033 0
    outer loop
      vertex 28.2993 111.101 -6.86
      vertex 28.2993 111.101 -6.81
      vertex 28.2801 111.209 -6.86
    endloop
  endfacet
  facet normal -0.984563 -0.175033 0
    outer loop
      vertex 28.2993 111.101 -6.81
      vertex 28.2801 111.209 -6.81
      vertex 28.2801 111.209 -6.86
    endloop
  endfacet
  facet normal -0.998528 -0.0542304 0
    outer loop
      vertex 28.2801 111.209 -6.86
      vertex 28.2801 111.209 -6.81
      vertex 28.2738 111.325 -6.86
    endloop
  endfacet
  facet normal -0.998528 -0.0542304 0
    outer loop
      vertex 28.2801 111.209 -6.81
      vertex 28.2738 111.325 -6.81
      vertex 28.2738 111.325 -6.86
    endloop
  endfacet
  facet normal -0.999767 0.0215636 0
    outer loop
      vertex 28.2738 111.325 -6.86
      vertex 28.2738 111.325 -6.81
      vertex 28.2749 111.376 -6.86
    endloop
  endfacet
  facet normal -0.999767 0.0215636 0
    outer loop
      vertex 28.2738 111.325 -6.81
      vertex 28.2749 111.376 -6.81
      vertex 28.2749 111.376 -6.86
    endloop
  endfacet
  facet normal -0.997645 0.0685881 0
    outer loop
      vertex 28.2749 111.376 -6.86
      vertex 28.2749 111.376 -6.81
      vertex 28.2782 111.424 -6.86
    endloop
  endfacet
  facet normal -0.997645 0.0685881 0
    outer loop
      vertex 28.2749 111.376 -6.81
      vertex 28.2782 111.424 -6.81
      vertex 28.2782 111.424 -6.86
    endloop
  endfacet
  facet normal -0.992976 0.118312 0
    outer loop
      vertex 28.2782 111.424 -6.86
      vertex 28.2782 111.424 -6.81
      vertex 28.2838 111.471 -6.86
    endloop
  endfacet
  facet normal -0.992976 0.118312 0
    outer loop
      vertex 28.2782 111.424 -6.81
      vertex 28.2838 111.471 -6.81
      vertex 28.2838 111.471 -6.86
    endloop
  endfacet
  facet normal -0.984937 0.172911 0
    outer loop
      vertex 28.2838 111.471 -6.86
      vertex 28.2838 111.471 -6.81
      vertex 28.2917 111.516 -6.86
    endloop
  endfacet
  facet normal -0.984937 0.172911 0
    outer loop
      vertex 28.2838 111.471 -6.81
      vertex 28.2917 111.516 -6.81
      vertex 28.2917 111.516 -6.86
    endloop
  endfacet
  facet normal -0.974652 0.223727 0
    outer loop
      vertex 28.2917 111.516 -6.86
      vertex 28.2917 111.516 -6.81
      vertex 28.3018 111.56 -6.86
    endloop
  endfacet
  facet normal -0.974652 0.223727 0
    outer loop
      vertex 28.2917 111.516 -6.81
      vertex 28.3018 111.56 -6.81
      vertex 28.3018 111.56 -6.86
    endloop
  endfacet
  facet normal -0.959692 0.281053 0
    outer loop
      vertex 28.3018 111.56 -6.86
      vertex 28.3018 111.56 -6.81
      vertex 28.3141 111.602 -6.86
    endloop
  endfacet
  facet normal -0.959692 0.281053 0
    outer loop
      vertex 28.3018 111.56 -6.81
      vertex 28.3141 111.602 -6.81
      vertex 28.3141 111.602 -6.86
    endloop
  endfacet
  facet normal -0.939381 0.342874 0
    outer loop
      vertex 28.3141 111.602 -6.86
      vertex 28.3141 111.602 -6.81
      vertex 28.3287 111.642 -6.86
    endloop
  endfacet
  facet normal -0.939381 0.342874 0
    outer loop
      vertex 28.3141 111.602 -6.81
      vertex 28.3287 111.642 -6.81
      vertex 28.3287 111.642 -6.86
    endloop
  endfacet
  facet normal -0.915493 0.402335 0
    outer loop
      vertex 28.3287 111.642 -6.86
      vertex 28.3287 111.642 -6.81
      vertex 28.3454 111.68 -6.86
    endloop
  endfacet
  facet normal -0.915493 0.402335 0
    outer loop
      vertex 28.3287 111.642 -6.81
      vertex 28.3454 111.68 -6.81
      vertex 28.3454 111.68 -6.86
    endloop
  endfacet
  facet normal -0.892489 0.451069 0
    outer loop
      vertex 28.3454 111.68 -6.86
      vertex 28.3454 111.68 -6.81
      vertex 28.3641 111.717 -6.86
    endloop
  endfacet
  facet normal -0.892489 0.451069 0
    outer loop
      vertex 28.3454 111.68 -6.81
      vertex 28.3641 111.717 -6.81
      vertex 28.3641 111.717 -6.86
    endloop
  endfacet
  facet normal -0.861808 0.507235 0
    outer loop
      vertex 28.3641 111.717 -6.86
      vertex 28.3641 111.717 -6.81
      vertex 28.3847 111.752 -6.86
    endloop
  endfacet
  facet normal -0.861808 0.507235 0
    outer loop
      vertex 28.3641 111.717 -6.81
      vertex 28.3847 111.752 -6.81
      vertex 28.3847 111.752 -6.86
    endloop
  endfacet
  facet normal -0.831674 0.555265 0
    outer loop
      vertex 28.3847 111.752 -6.86
      vertex 28.3847 111.752 -6.81
      vertex 28.4074 111.786 -6.86
    endloop
  endfacet
  facet normal -0.831674 0.555265 0
    outer loop
      vertex 28.3847 111.752 -6.81
      vertex 28.4074 111.786 -6.81
      vertex 28.4074 111.786 -6.86
    endloop
  endfacet
  facet normal -0.791611 0.611025 0
    outer loop
      vertex 28.4074 111.786 -6.86
      vertex 28.4074 111.786 -6.81
      vertex 28.4321 111.818 -6.86
    endloop
  endfacet
  facet normal -0.791611 0.611025 0
    outer loop
      vertex 28.4074 111.786 -6.81
      vertex 28.4321 111.818 -6.81
      vertex 28.4321 111.818 -6.86
    endloop
  endfacet
  facet normal -0.758911 0.651194 0
    outer loop
      vertex 28.4321 111.818 -6.86
      vertex 28.4321 111.818 -6.81
      vertex 28.4587 111.849 -6.86
    endloop
  endfacet
  facet normal -0.758911 0.651194 0
    outer loop
      vertex 28.4321 111.818 -6.81
      vertex 28.4587 111.849 -6.81
      vertex 28.4587 111.849 -6.86
    endloop
  endfacet
  facet normal -0.710774 0.703421 0
    outer loop
      vertex 28.4587 111.849 -6.86
      vertex 28.4587 111.849 -6.81
      vertex 28.4874 111.878 -6.86
    endloop
  endfacet
  facet normal -0.710774 0.703421 0
    outer loop
      vertex 28.4587 111.849 -6.81
      vertex 28.4874 111.878 -6.81
      vertex 28.4874 111.878 -6.86
    endloop
  endfacet
  facet normal -0.655577 0.755128 0
    outer loop
      vertex 28.4874 111.878 -6.86
      vertex 28.4874 111.878 -6.81
      vertex 28.5185 111.905 -6.86
    endloop
  endfacet
  facet normal -0.655577 0.755128 0
    outer loop
      vertex 28.4874 111.878 -6.81
      vertex 28.5185 111.905 -6.81
      vertex 28.5185 111.905 -6.86
    endloop
  endfacet
  facet normal -0.619644 0.784883 0
    outer loop
      vertex 28.5185 111.905 -6.86
      vertex 28.5185 111.905 -6.81
      vertex 28.5527 111.932 -6.86
    endloop
  endfacet
  facet normal -0.619644 0.784883 0
    outer loop
      vertex 28.5185 111.905 -6.81
      vertex 28.5527 111.932 -6.81
      vertex 28.5527 111.932 -6.86
    endloop
  endfacet
  facet normal -0.571838 0.820367 0
    outer loop
      vertex 28.5527 111.932 -6.86
      vertex 28.5527 111.932 -6.81
      vertex 28.59 111.958 -6.86
    endloop
  endfacet
  facet normal -0.571838 0.820367 0
    outer loop
      vertex 28.5527 111.932 -6.81
      vertex 28.59 111.958 -6.81
      vertex 28.59 111.958 -6.86
    endloop
  endfacet
  facet normal -0.51261 0.858622 0
    outer loop
      vertex 28.59 111.958 -6.86
      vertex 28.59 111.958 -6.81
      vertex 28.6302 111.982 -6.86
    endloop
  endfacet
  facet normal -0.51261 0.858622 0
    outer loop
      vertex 28.59 111.958 -6.81
      vertex 28.6302 111.982 -6.81
      vertex 28.6302 111.982 -6.86
    endloop
  endfacet
  facet normal -0.484785 0.874633 0
    outer loop
      vertex 28.6302 111.982 -6.86
      vertex 28.6302 111.982 -6.81
      vertex 28.6735 112.006 -6.86
    endloop
  endfacet
  facet normal -0.484785 0.874633 0
    outer loop
      vertex 28.6302 111.982 -6.81
      vertex 28.6735 112.006 -6.81
      vertex 28.6735 112.006 -6.86
    endloop
  endfacet
  facet normal -0.444891 0.895585 0
    outer loop
      vertex 28.6735 112.006 -6.86
      vertex 28.6735 112.006 -6.81
      vertex 28.7198 112.029 -6.86
    endloop
  endfacet
  facet normal -0.444891 0.895585 0
    outer loop
      vertex 28.6735 112.006 -6.81
      vertex 28.7198 112.029 -6.81
      vertex 28.7198 112.029 -6.86
    endloop
  endfacet
  facet normal -0.406825 0.913506 0
    outer loop
      vertex 28.7198 112.029 -6.86
      vertex 28.7198 112.029 -6.81
      vertex 28.7692 112.051 -6.86
    endloop
  endfacet
  facet normal -0.406825 0.913506 0
    outer loop
      vertex 28.7198 112.029 -6.81
      vertex 28.7692 112.051 -6.81
      vertex 28.7692 112.051 -6.86
    endloop
  endfacet
  facet normal -0.353335 0.935497 0
    outer loop
      vertex 28.7692 112.051 -6.86
      vertex 28.7692 112.051 -6.81
      vertex 28.8248 112.072 -6.86
    endloop
  endfacet
  facet normal -0.353335 0.935497 0
    outer loop
      vertex 28.7692 112.051 -6.81
      vertex 28.8248 112.072 -6.81
      vertex 28.8248 112.072 -6.86
    endloop
  endfacet
  facet normal -0.319713 0.947514 0
    outer loop
      vertex 28.8248 112.072 -6.86
      vertex 28.8248 112.072 -6.81
      vertex 28.89 112.094 -6.86
    endloop
  endfacet
  facet normal -0.319713 0.947514 0
    outer loop
      vertex 28.8248 112.072 -6.81
      vertex 28.89 112.094 -6.81
      vertex 28.89 112.094 -6.86
    endloop
  endfacet
  facet normal -0.293548 0.955944 0
    outer loop
      vertex 28.89 112.094 -6.86
      vertex 28.89 112.094 -6.81
      vertex 28.9649 112.117 -6.86
    endloop
  endfacet
  facet normal -0.293548 0.955944 0
    outer loop
      vertex 28.89 112.094 -6.81
      vertex 28.9649 112.117 -6.81
      vertex 28.9649 112.117 -6.86
    endloop
  endfacet
  facet normal -0.262924 0.964817 0
    outer loop
      vertex 28.9649 112.117 -6.86
      vertex 28.9649 112.117 -6.81
      vertex 29.0493 112.14 -6.86
    endloop
  endfacet
  facet normal -0.262924 0.964817 0
    outer loop
      vertex 28.9649 112.117 -6.81
      vertex 29.0493 112.14 -6.81
      vertex 29.0493 112.14 -6.86
    endloop
  endfacet
  facet normal -0.23767 0.971346 0
    outer loop
      vertex 29.0493 112.14 -6.86
      vertex 29.0493 112.14 -6.81
      vertex 29.1433 112.163 -6.86
    endloop
  endfacet
  facet normal -0.23767 0.971346 0
    outer loop
      vertex 29.0493 112.14 -6.81
      vertex 29.1433 112.163 -6.81
      vertex 29.1433 112.163 -6.86
    endloop
  endfacet
  facet normal -0.234579 0.972097 0
    outer loop
      vertex 29.1433 112.163 -6.86
      vertex 29.1433 112.163 -6.81
      vertex 29.2469 112.188 -6.86
    endloop
  endfacet
  facet normal -0.234579 0.972097 0
    outer loop
      vertex 29.1433 112.163 -6.81
      vertex 29.2469 112.188 -6.81
      vertex 29.2469 112.188 -6.86
    endloop
  endfacet
  facet normal -0.207404 0.978255 0
    outer loop
      vertex 29.2469 112.188 -6.86
      vertex 29.2469 112.188 -6.81
      vertex 29.3601 112.212 -6.86
    endloop
  endfacet
  facet normal -0.207404 0.978255 0
    outer loop
      vertex 29.2469 112.188 -6.81
      vertex 29.3601 112.212 -6.81
      vertex 29.3601 112.212 -6.86
    endloop
  endfacet
  facet normal -0.216712 0.976236 0
    outer loop
      vertex 29.3601 112.212 -6.86
      vertex 29.3601 112.212 -6.81
      vertex 29.4547 112.233 -6.86
    endloop
  endfacet
  facet normal -0.216712 0.976236 0
    outer loop
      vertex 29.3601 112.212 -6.81
      vertex 29.4547 112.233 -6.81
      vertex 29.4547 112.233 -6.86
    endloop
  endfacet
  facet normal -0.228784 0.973477 0
    outer loop
      vertex 29.4547 112.233 -6.86
      vertex 29.4547 112.233 -6.81
      vertex 29.5398 112.253 -6.86
    endloop
  endfacet
  facet normal -0.228784 0.973477 0
    outer loop
      vertex 29.4547 112.233 -6.81
      vertex 29.5398 112.253 -6.81
      vertex 29.5398 112.253 -6.86
    endloop
  endfacet
  facet normal -0.244046 0.969764 0
    outer loop
      vertex 29.5398 112.253 -6.86
      vertex 29.5398 112.253 -6.81
      vertex 29.6153 112.272 -6.86
    endloop
  endfacet
  facet normal -0.244046 0.969764 0
    outer loop
      vertex 29.5398 112.253 -6.81
      vertex 29.6153 112.272 -6.81
      vertex 29.6153 112.272 -6.86
    endloop
  endfacet
  facet normal -0.263117 0.964764 0
    outer loop
      vertex 29.6153 112.272 -6.86
      vertex 29.6153 112.272 -6.81
      vertex 29.6813 112.29 -6.86
    endloop
  endfacet
  facet normal -0.263117 0.964764 0
    outer loop
      vertex 29.6153 112.272 -6.81
      vertex 29.6813 112.29 -6.81
      vertex 29.6813 112.29 -6.86
    endloop
  endfacet
  facet normal -0.288594 0.957452 0
    outer loop
      vertex 29.6813 112.29 -6.86
      vertex 29.6813 112.29 -6.81
      vertex 29.7377 112.307 -6.86
    endloop
  endfacet
  facet normal -0.288594 0.957452 0
    outer loop
      vertex 29.6813 112.29 -6.81
      vertex 29.7377 112.307 -6.81
      vertex 29.7377 112.307 -6.86
    endloop
  endfacet
  facet normal -0.322879 0.94644 0
    outer loop
      vertex 29.7377 112.307 -6.86
      vertex 29.7377 112.307 -6.81
      vertex 29.7846 112.323 -6.86
    endloop
  endfacet
  facet normal -0.322879 0.94644 0
    outer loop
      vertex 29.7377 112.307 -6.81
      vertex 29.7846 112.323 -6.81
      vertex 29.7846 112.323 -6.86
    endloop
  endfacet
  facet normal -0.351398 0.936226 0
    outer loop
      vertex 29.7846 112.323 -6.86
      vertex 29.7846 112.323 -6.81
      vertex 29.8219 112.337 -6.86
    endloop
  endfacet
  facet normal -0.351398 0.936226 0
    outer loop
      vertex 29.7846 112.323 -6.81
      vertex 29.8219 112.337 -6.81
      vertex 29.8219 112.337 -6.86
    endloop
  endfacet
  facet normal -0.431049 0.902329 0
    outer loop
      vertex 29.8219 112.337 -6.86
      vertex 29.8219 112.337 -6.81
      vertex 29.8533 112.352 -6.86
    endloop
  endfacet
  facet normal -0.431049 0.902329 0
    outer loop
      vertex 29.8219 112.337 -6.81
      vertex 29.8533 112.352 -6.81
      vertex 29.8533 112.352 -6.86
    endloop
  endfacet
  facet normal -0.480535 0.876976 0
    outer loop
      vertex 29.8533 112.352 -6.86
      vertex 29.8533 112.352 -6.81
      vertex 29.8825 112.368 -6.86
    endloop
  endfacet
  facet normal -0.480535 0.876976 0
    outer loop
      vertex 29.8533 112.352 -6.81
      vertex 29.8825 112.368 -6.81
      vertex 29.8825 112.368 -6.86
    endloop
  endfacet
  facet normal -0.51261 0.858622 0
    outer loop
      vertex 29.8825 112.368 -6.86
      vertex 29.8825 112.368 -6.81
      vertex 29.9093 112.384 -6.86
    endloop
  endfacet
  facet normal -0.51261 0.858622 0
    outer loop
      vertex 29.8825 112.368 -6.81
      vertex 29.9093 112.384 -6.81
      vertex 29.9093 112.384 -6.86
    endloop
  endfacet
  facet normal -0.568514 0.822673 0
    outer loop
      vertex 29.9093 112.384 -6.86
      vertex 29.9093 112.384 -6.81
      vertex 29.9339 112.401 -6.86
    endloop
  endfacet
  facet normal -0.568514 0.822673 0
    outer loop
      vertex 29.9093 112.384 -6.81
      vertex 29.9339 112.401 -6.81
      vertex 29.9339 112.401 -6.86
    endloop
  endfacet
  facet normal -0.650228 0.75974 0
    outer loop
      vertex 29.9339 112.401 -6.86
      vertex 29.9339 112.401 -6.81
      vertex 29.9561 112.42 -6.86
    endloop
  endfacet
  facet normal -0.650228 0.75974 0
    outer loop
      vertex 29.9339 112.401 -6.81
      vertex 29.9561 112.42 -6.81
      vertex 29.9561 112.42 -6.86
    endloop
  endfacet
  facet normal -0.688749 0.724999 0
    outer loop
      vertex 29.9561 112.42 -6.86
      vertex 29.9561 112.42 -6.81
      vertex 29.9761 112.439 -6.86
    endloop
  endfacet
  facet normal -0.688749 0.724999 0
    outer loop
      vertex 29.9561 112.42 -6.81
      vertex 29.9761 112.439 -6.81
      vertex 29.9761 112.439 -6.86
    endloop
  endfacet
  facet normal -0.731695 0.681632 0
    outer loop
      vertex 29.9761 112.439 -6.86
      vertex 29.9761 112.439 -6.81
      vertex 29.9938 112.458 -6.86
    endloop
  endfacet
  facet normal -0.731695 0.681632 0
    outer loop
      vertex 29.9761 112.439 -6.81
      vertex 29.9938 112.458 -6.81
      vertex 29.9938 112.458 -6.86
    endloop
  endfacet
  facet normal -0.819232 0.573462 0
    outer loop
      vertex 29.9938 112.458 -6.86
      vertex 29.9938 112.458 -6.81
      vertex 30.0092 112.48 -6.86
    endloop
  endfacet
  facet normal -0.819232 0.573462 0
    outer loop
      vertex 29.9938 112.458 -6.81
      vertex 30.0092 112.48 -6.81
      vertex 30.0092 112.48 -6.86
    endloop
  endfacet
  facet normal -0.860927 0.508729 0
    outer loop
      vertex 30.0092 112.48 -6.86
      vertex 30.0092 112.48 -6.81
      vertex 30.0222 112.502 -6.86
    endloop
  endfacet
  facet normal -0.860927 0.508729 0
    outer loop
      vertex 30.0092 112.48 -6.81
      vertex 30.0222 112.502 -6.81
      vertex 30.0222 112.502 -6.86
    endloop
  endfacet
  facet normal -0.919335 0.393475 0
    outer loop
      vertex 30.0222 112.502 -6.86
      vertex 30.0222 112.502 -6.81
      vertex 30.0329 112.527 -6.86
    endloop
  endfacet
  facet normal -0.919335 0.393475 0
    outer loop
      vertex 30.0222 112.502 -6.81
      vertex 30.0329 112.527 -6.81
      vertex 30.0329 112.527 -6.86
    endloop
  endfacet
  facet normal -0.952637 0.304111 0
    outer loop
      vertex 30.0329 112.527 -6.86
      vertex 30.0329 112.527 -6.81
      vertex 30.0412 112.553 -6.86
    endloop
  endfacet
  facet normal -0.952637 0.304111 0
    outer loop
      vertex 30.0329 112.527 -6.81
      vertex 30.0412 112.553 -6.81
      vertex 30.0412 112.553 -6.86
    endloop
  endfacet
  facet normal -0.978513 0.206187 0
    outer loop
      vertex 30.0412 112.553 -6.86
      vertex 30.0412 112.553 -6.81
      vertex 30.0471 112.581 -6.86
    endloop
  endfacet
  facet normal -0.978513 0.206187 0
    outer loop
      vertex 30.0412 112.553 -6.81
      vertex 30.0471 112.581 -6.81
      vertex 30.0471 112.581 -6.86
    endloop
  endfacet
  facet normal -0.992796 0.11982 0
    outer loop
      vertex 30.0471 112.581 -6.86
      vertex 30.0471 112.581 -6.81
      vertex 30.0506 112.61 -6.86
    endloop
  endfacet
  facet normal -0.992796 0.11982 0
    outer loop
      vertex 30.0471 112.581 -6.81
      vertex 30.0506 112.61 -6.81
      vertex 30.0506 112.61 -6.86
    endloop
  endfacet
  facet normal -0.999298 0.0374737 0
    outer loop
      vertex 30.0506 112.61 -6.86
      vertex 30.0506 112.61 -6.81
      vertex 30.0518 112.642 -6.86
    endloop
  endfacet
  facet normal -0.999298 0.0374737 0
    outer loop
      vertex 30.0506 112.61 -6.81
      vertex 30.0518 112.642 -6.81
      vertex 30.0518 112.642 -6.86
    endloop
  endfacet
  facet normal -0.99248 -0.122406 0
    outer loop
      vertex 30.0518 112.642 -6.86
      vertex 30.0518 112.642 -6.81
      vertex 30.0407 112.732 -6.86
    endloop
  endfacet
  facet normal -0.99248 -0.122406 0
    outer loop
      vertex 30.0518 112.642 -6.81
      vertex 30.0407 112.732 -6.81
      vertex 30.0407 112.732 -6.86
    endloop
  endfacet
  facet normal -0.917411 -0.397942 0
    outer loop
      vertex 30.0407 112.732 -6.86
      vertex 30.0407 112.732 -6.81
      vertex 30.0073 112.809 -6.86
    endloop
  endfacet
  facet normal -0.917411 -0.397942 0
    outer loop
      vertex 30.0407 112.732 -6.81
      vertex 30.0073 112.809 -6.81
      vertex 30.0073 112.809 -6.86
    endloop
  endfacet
  facet normal -0.749178 -0.662369 0
    outer loop
      vertex 30.0073 112.809 -6.86
      vertex 30.0073 112.809 -6.81
      vertex 29.9516 112.872 -6.86
    endloop
  endfacet
  facet normal -0.749178 -0.662369 0
    outer loop
      vertex 30.0073 112.809 -6.81
      vertex 29.9516 112.872 -6.81
      vertex 29.9516 112.872 -6.86
    endloop
  endfacet
  facet normal -0.532929 -0.84616 0
    outer loop
      vertex 29.9516 112.872 -6.86
      vertex 29.9516 112.872 -6.81
      vertex 29.8738 112.921 -6.86
    endloop
  endfacet
  facet normal -0.532929 -0.84616 0
    outer loop
      vertex 29.9516 112.872 -6.81
      vertex 29.8738 112.921 -6.81
      vertex 29.8738 112.921 -6.86
    endloop
  endfacet
  facet normal -0.321327 -0.946968 0
    outer loop
      vertex 29.8738 112.921 -6.86
      vertex 29.8738 112.921 -6.81
      vertex 29.7736 112.955 -6.86
    endloop
  endfacet
  facet normal -0.321327 -0.946968 0
    outer loop
      vertex 29.8738 112.921 -6.81
      vertex 29.7736 112.955 -6.81
      vertex 29.7736 112.955 -6.86
    endloop
  endfacet
  facet normal -0.169098 -0.985599 0
    outer loop
      vertex 29.7736 112.955 -6.86
      vertex 29.7736 112.955 -6.81
      vertex 29.6512 112.976 -6.86
    endloop
  endfacet
  facet normal -0.169098 -0.985599 0
    outer loop
      vertex 29.7736 112.955 -6.81
      vertex 29.6512 112.976 -6.81
      vertex 29.6512 112.976 -6.86
    endloop
  endfacet
  facet normal -0.0483528 -0.99883 0
    outer loop
      vertex 29.6512 112.976 -6.86
      vertex 29.6512 112.976 -6.81
      vertex 29.5066 112.983 -6.86
    endloop
  endfacet
  facet normal -0.0483528 -0.99883 0
    outer loop
      vertex 29.6512 112.976 -6.81
      vertex 29.5066 112.983 -6.81
      vertex 29.5066 112.983 -6.86
    endloop
  endfacet
  facet normal 0.0282373 -0.999601 0
    outer loop
      vertex 29.5066 112.983 -6.86
      vertex 29.5066 112.983 -6.81
      vertex 29.4358 112.981 -6.86
    endloop
  endfacet
  facet normal 0.0282373 -0.999601 0
    outer loop
      vertex 29.5066 112.983 -6.81
      vertex 29.4358 112.981 -6.81
      vertex 29.4358 112.981 -6.86
    endloop
  endfacet
  facet normal 0.0755411 -0.997143 0
    outer loop
      vertex 29.4358 112.981 -6.86
      vertex 29.4358 112.981 -6.81
      vertex 29.3698 112.976 -6.86
    endloop
  endfacet
  facet normal 0.0755411 -0.997143 0
    outer loop
      vertex 29.4358 112.981 -6.81
      vertex 29.3698 112.976 -6.81
      vertex 29.3698 112.976 -6.86
    endloop
  endfacet
  facet normal 0.161517 -0.98687 0
    outer loop
      vertex 29.3698 112.976 -6.86
      vertex 29.3698 112.976 -6.81
      vertex 29.3087 112.966 -6.86
    endloop
  endfacet
  facet normal 0.161517 -0.98687 0
    outer loop
      vertex 29.3698 112.976 -6.81
      vertex 29.3087 112.966 -6.81
      vertex 29.3087 112.966 -6.86
    endloop
  endfacet
  facet normal 0.225366 -0.974274 0
    outer loop
      vertex 29.3087 112.966 -6.86
      vertex 29.3087 112.966 -6.81
      vertex 29.2525 112.953 -6.86
    endloop
  endfacet
  facet normal 0.225366 -0.974274 0
    outer loop
      vertex 29.3087 112.966 -6.81
      vertex 29.2525 112.953 -6.81
      vertex 29.2525 112.953 -6.86
    endloop
  endfacet
  facet normal 0.31401 -0.94942 0
    outer loop
      vertex 29.2525 112.953 -6.86
      vertex 29.2525 112.953 -6.81
      vertex 29.2011 112.936 -6.86
    endloop
  endfacet
  facet normal 0.31401 -0.94942 0
    outer loop
      vertex 29.2525 112.953 -6.81
      vertex 29.2011 112.936 -6.81
      vertex 29.2011 112.936 -6.86
    endloop
  endfacet
  facet normal 0.411587 -0.911371 0
    outer loop
      vertex 29.2011 112.936 -6.86
      vertex 29.2011 112.936 -6.81
      vertex 29.1546 112.915 -6.86
    endloop
  endfacet
  facet normal 0.411587 -0.911371 0
    outer loop
      vertex 29.2011 112.936 -6.81
      vertex 29.1546 112.915 -6.81
      vertex 29.1546 112.915 -6.86
    endloop
  endfacet
  facet normal 0.514193 -0.857674 0
    outer loop
      vertex 29.1546 112.915 -6.86
      vertex 29.1546 112.915 -6.81
      vertex 29.1129 112.89 -6.86
    endloop
  endfacet
  facet normal 0.514193 -0.857674 0
    outer loop
      vertex 29.1546 112.915 -6.81
      vertex 29.1129 112.89 -6.81
      vertex 29.1129 112.89 -6.86
    endloop
  endfacet
  facet normal 0.613794 -0.789466 0
    outer loop
      vertex 29.1129 112.89 -6.86
      vertex 29.1129 112.89 -6.81
      vertex 29.0756 112.861 -6.86
    endloop
  endfacet
  facet normal 0.613794 -0.789466 0
    outer loop
      vertex 29.1129 112.89 -6.81
      vertex 29.0756 112.861 -6.81
      vertex 29.0756 112.861 -6.86
    endloop
  endfacet
  facet normal 0.689655 -0.724138 0
    outer loop
      vertex 29.0756 112.861 -6.86
      vertex 29.0756 112.861 -6.81
      vertex 29.042 112.829 -6.86
    endloop
  endfacet
  facet normal 0.689655 -0.724138 0
    outer loop
      vertex 29.0756 112.861 -6.81
      vertex 29.042 112.829 -6.81
      vertex 29.042 112.829 -6.86
    endloop
  endfacet
  facet normal 0.770322 -0.637655 0
    outer loop
      vertex 29.042 112.829 -6.86
      vertex 29.042 112.829 -6.81
      vertex 29.0122 112.793 -6.86
    endloop
  endfacet
  facet normal 0.770322 -0.637655 0
    outer loop
      vertex 29.042 112.829 -6.81
      vertex 29.0122 112.793 -6.81
      vertex 29.0122 112.793 -6.86
    endloop
  endfacet
  facet normal 0.838444 -0.544988 0
    outer loop
      vertex 29.0122 112.793 -6.86
      vertex 29.0122 112.793 -6.81
      vertex 28.9862 112.753 -6.86
    endloop
  endfacet
  facet normal 0.838444 -0.544988 0
    outer loop
      vertex 29.0122 112.793 -6.81
      vertex 28.9862 112.753 -6.81
      vertex 28.9862 112.753 -6.86
    endloop
  endfacet
  facet normal 0.892798 -0.450457 0
    outer loop
      vertex 28.9862 112.753 -6.86
      vertex 28.9862 112.753 -6.81
      vertex 28.964 112.709 -6.86
    endloop
  endfacet
  facet normal 0.892798 -0.450457 0
    outer loop
      vertex 28.9862 112.753 -6.81
      vertex 28.964 112.709 -6.81
      vertex 28.964 112.709 -6.86
    endloop
  endfacet
  facet normal 0.930511 -0.366265 0
    outer loop
      vertex 28.964 112.709 -6.86
      vertex 28.964 112.709 -6.81
      vertex 28.9455 112.662 -6.86
    endloop
  endfacet
  facet normal 0.930511 -0.366265 0
    outer loop
      vertex 28.964 112.709 -6.81
      vertex 28.9455 112.662 -6.81
      vertex 28.9455 112.662 -6.86
    endloop
  endfacet
  facet normal 0.961382 -0.275219 0
    outer loop
      vertex 28.9455 112.662 -6.86
      vertex 28.9455 112.662 -6.81
      vertex 28.9309 112.611 -6.86
    endloop
  endfacet
  facet normal 0.961382 -0.275219 0
    outer loop
      vertex 28.9455 112.662 -6.81
      vertex 28.9309 112.611 -6.81
      vertex 28.9309 112.611 -6.86
    endloop
  endfacet
  facet normal -0.134528 -0.99091 0
    outer loop
      vertex 28.9309 112.611 -6.86
      vertex 28.9309 112.611 -6.81
      vertex 28.349 112.69 -6.86
    endloop
  endfacet
  facet normal -0.134528 -0.99091 0
    outer loop
      vertex 28.9309 112.611 -6.81
      vertex 28.349 112.69 -6.81
      vertex 28.349 112.69 -6.86
    endloop
  endfacet
  facet normal -0.971211 0.238222 0
    outer loop
      vertex 28.349 112.69 -6.86
      vertex 28.349 112.69 -6.81
      vertex 28.375 112.796 -6.86
    endloop
  endfacet
  facet normal -0.971211 0.238222 0
    outer loop
      vertex 28.349 112.69 -6.81
      vertex 28.375 112.796 -6.81
      vertex 28.375 112.796 -6.86
    endloop
  endfacet
  facet normal -0.943551 0.331226 0
    outer loop
      vertex 28.375 112.796 -6.86
      vertex 28.375 112.796 -6.81
      vertex 28.4087 112.892 -6.86
    endloop
  endfacet
  facet normal -0.943551 0.331226 0
    outer loop
      vertex 28.375 112.796 -6.81
      vertex 28.4087 112.892 -6.81
      vertex 28.4087 112.892 -6.86
    endloop
  endfacet
  facet normal -0.904469 0.426539 0
    outer loop
      vertex 28.4087 112.892 -6.86
      vertex 28.4087 112.892 -6.81
      vertex 28.4502 112.98 -6.86
    endloop
  endfacet
  facet normal -0.904469 0.426539 0
    outer loop
      vertex 28.4087 112.892 -6.81
      vertex 28.4502 112.98 -6.81
      vertex 28.4502 112.98 -6.86
    endloop
  endfacet
  facet normal -0.84836 0.52942 0
    outer loop
      vertex 28.4502 112.98 -6.86
      vertex 28.4502 112.98 -6.81
      vertex 28.4995 113.059 -6.86
    endloop
  endfacet
  facet normal -0.84836 0.52942 0
    outer loop
      vertex 28.4502 112.98 -6.81
      vertex 28.4995 113.059 -6.81
      vertex 28.4995 113.059 -6.86
    endloop
  endfacet
  facet normal -0.775436 0.631426 0
    outer loop
      vertex 28.4995 113.059 -6.86
      vertex 28.4995 113.059 -6.81
      vertex 28.5565 113.129 -6.86
    endloop
  endfacet
  facet normal -0.775436 0.631426 0
    outer loop
      vertex 28.4995 113.059 -6.81
      vertex 28.5565 113.129 -6.81
      vertex 28.5565 113.129 -6.86
    endloop
  endfacet
  facet normal -0.685435 0.728134 0
    outer loop
      vertex 28.5565 113.129 -6.86
      vertex 28.5565 113.129 -6.81
      vertex 28.6213 113.19 -6.86
    endloop
  endfacet
  facet normal -0.685435 0.728134 0
    outer loop
      vertex 28.5565 113.129 -6.81
      vertex 28.6213 113.19 -6.81
      vertex 28.6213 113.19 -6.86
    endloop
  endfacet
  facet normal -0.582297 0.812976 0
    outer loop
      vertex 28.6213 113.19 -6.86
      vertex 28.6213 113.19 -6.81
      vertex 28.6939 113.242 -6.86
    endloop
  endfacet
  facet normal -0.582297 0.812976 0
    outer loop
      vertex 28.6213 113.19 -6.81
      vertex 28.6939 113.242 -6.81
      vertex 28.6939 113.242 -6.86
    endloop
  endfacet
  facet normal -0.473715 0.880678 0
    outer loop
      vertex 28.6939 113.242 -6.86
      vertex 28.6939 113.242 -6.81
      vertex 28.7757 113.286 -6.86
    endloop
  endfacet
  facet normal -0.473715 0.880678 0
    outer loop
      vertex 28.6939 113.242 -6.81
      vertex 28.7757 113.286 -6.81
      vertex 28.7757 113.286 -6.86
    endloop
  endfacet
  facet normal -0.3707 0.928753 0
    outer loop
      vertex 28.7757 113.286 -6.86
      vertex 28.7757 113.286 -6.81
      vertex 28.8684 113.323 -6.86
    endloop
  endfacet
  facet normal -0.3707 0.928753 0
    outer loop
      vertex 28.7757 113.286 -6.81
      vertex 28.8684 113.323 -6.81
      vertex 28.8684 113.323 -6.86
    endloop
  endfacet
  facet normal -0.286923 0.957954 0
    outer loop
      vertex 28.8684 113.323 -6.86
      vertex 28.8684 113.323 -6.81
      vertex 28.9719 113.354 -6.86
    endloop
  endfacet
  facet normal -0.286923 0.957954 0
    outer loop
      vertex 28.8684 113.323 -6.81
      vertex 28.9719 113.354 -6.81
      vertex 28.9719 113.354 -6.86
    endloop
  endfacet
  facet normal -0.205321 0.978695 0
    outer loop
      vertex 28.9719 113.354 -6.86
      vertex 28.9719 113.354 -6.81
      vertex 29.0863 113.378 -6.86
    endloop
  endfacet
  facet normal -0.205321 0.978695 0
    outer loop
      vertex 28.9719 113.354 -6.81
      vertex 29.0863 113.378 -6.81
      vertex 29.0863 113.378 -6.86
    endloop
  endfacet
  facet normal -0.134548 0.990907 0
    outer loop
      vertex 29.0863 113.378 -6.86
      vertex 29.0863 113.378 -6.81
      vertex 29.2115 113.395 -6.86
    endloop
  endfacet
  facet normal -0.134548 0.990907 0
    outer loop
      vertex 29.0863 113.378 -6.81
      vertex 29.2115 113.395 -6.81
      vertex 29.2115 113.395 -6.86
    endloop
  endfacet
  facet normal -0.0733314 0.997308 0
    outer loop
      vertex 29.2115 113.395 -6.86
      vertex 29.2115 113.395 -6.81
      vertex 29.3475 113.405 -6.86
    endloop
  endfacet
  facet normal -0.0733314 0.997308 0
    outer loop
      vertex 29.2115 113.395 -6.81
      vertex 29.3475 113.405 -6.81
      vertex 29.3475 113.405 -6.86
    endloop
  endfacet
  facet normal -0.0272193 0.999629 0
    outer loop
      vertex 29.3475 113.405 -6.86
      vertex 29.3475 113.405 -6.81
      vertex 29.4944 113.409 -6.86
    endloop
  endfacet
  facet normal -0.0272193 0.999629 0
    outer loop
      vertex 29.3475 113.405 -6.81
      vertex 29.4944 113.409 -6.81
      vertex 29.4944 113.409 -6.86
    endloop
  endfacet
  facet normal 0.0324926 0.999472 -0
    outer loop
      vertex 29.4944 113.409 -6.86
      vertex 29.4944 113.409 -6.81
      vertex 29.6482 113.404 -6.86
    endloop
  endfacet
  facet normal 0.0324926 0.999472 0
    outer loop
      vertex 29.4944 113.409 -6.81
      vertex 29.6482 113.404 -6.81
      vertex 29.6482 113.404 -6.86
    endloop
  endfacet
  facet normal 0.0836222 0.996498 -0
    outer loop
      vertex 29.6482 113.404 -6.86
      vertex 29.6482 113.404 -6.81
      vertex 29.7912 113.392 -6.86
    endloop
  endfacet
  facet normal 0.0836222 0.996498 0
    outer loop
      vertex 29.6482 113.404 -6.81
      vertex 29.7912 113.392 -6.81
      vertex 29.7912 113.392 -6.86
    endloop
  endfacet
  facet normal 0.156883 0.987617 -0
    outer loop
      vertex 29.7912 113.392 -6.86
      vertex 29.7912 113.392 -6.81
      vertex 29.9234 113.371 -6.86
    endloop
  endfacet
  facet normal 0.156883 0.987617 0
    outer loop
      vertex 29.7912 113.392 -6.81
      vertex 29.9234 113.371 -6.81
      vertex 29.9234 113.371 -6.86
    endloop
  endfacet
  facet normal 0.240087 0.970751 -0
    outer loop
      vertex 29.9234 113.371 -6.86
      vertex 29.9234 113.371 -6.81
      vertex 30.0447 113.341 -6.86
    endloop
  endfacet
  facet normal 0.240087 0.970751 0
    outer loop
      vertex 29.9234 113.371 -6.81
      vertex 30.0447 113.341 -6.81
      vertex 30.0447 113.341 -6.86
    endloop
  endfacet
  facet normal 0.325199 0.945645 -0
    outer loop
      vertex 30.0447 113.341 -6.86
      vertex 30.0447 113.341 -6.81
      vertex 30.1552 113.303 -6.86
    endloop
  endfacet
  facet normal 0.325199 0.945645 0
    outer loop
      vertex 30.0447 113.341 -6.81
      vertex 30.1552 113.303 -6.81
      vertex 30.1552 113.303 -6.86
    endloop
  endfacet
  facet normal 0.418943 0.908013 -0
    outer loop
      vertex 30.1552 113.303 -6.86
      vertex 30.1552 113.303 -6.81
      vertex 30.2549 113.257 -6.86
    endloop
  endfacet
  facet normal 0.418943 0.908013 0
    outer loop
      vertex 30.1552 113.303 -6.81
      vertex 30.2549 113.257 -6.81
      vertex 30.2549 113.257 -6.86
    endloop
  endfacet
  facet normal 0.526552 0.850143 -0
    outer loop
      vertex 30.2549 113.257 -6.86
      vertex 30.2549 113.257 -6.81
      vertex 30.3437 113.202 -6.86
    endloop
  endfacet
  facet normal 0.526552 0.850143 0
    outer loop
      vertex 30.2549 113.257 -6.81
      vertex 30.3437 113.202 -6.81
      vertex 30.3437 113.202 -6.86
    endloop
  endfacet
  facet normal 0.630781 0.775961 -0
    outer loop
      vertex 30.3437 113.202 -6.86
      vertex 30.3437 113.202 -6.81
      vertex 30.4212 113.139 -6.86
    endloop
  endfacet
  facet normal 0.630781 0.775961 0
    outer loop
      vertex 30.3437 113.202 -6.81
      vertex 30.4212 113.139 -6.81
      vertex 30.4212 113.139 -6.86
    endloop
  endfacet
  facet normal 0.730187 0.683247 -0
    outer loop
      vertex 30.4212 113.139 -6.86
      vertex 30.4212 113.139 -6.81
      vertex 30.4867 113.069 -6.86
    endloop
  endfacet
  facet normal 0.730187 0.683247 0
    outer loop
      vertex 30.4212 113.139 -6.81
      vertex 30.4867 113.069 -6.81
      vertex 30.4867 113.069 -6.86
    endloop
  endfacet
  facet normal 0.820731 0.571314 -0
    outer loop
      vertex 30.4867 113.069 -6.86
      vertex 30.4867 113.069 -6.81
      vertex 30.5403 112.992 -6.86
    endloop
  endfacet
  facet normal 0.820731 0.571314 0
    outer loop
      vertex 30.4867 113.069 -6.81
      vertex 30.5403 112.992 -6.81
      vertex 30.5403 112.992 -6.86
    endloop
  endfacet
  facet normal 0.897782 0.440441 -0
    outer loop
      vertex 30.5403 112.992 -6.86
      vertex 30.5403 112.992 -6.81
      vertex 30.582 112.907 -6.86
    endloop
  endfacet
  facet normal 0.897782 0.440441 0
    outer loop
      vertex 30.5403 112.992 -6.81
      vertex 30.582 112.907 -6.81
      vertex 30.582 112.907 -6.86
    endloop
  endfacet
  facet normal 0.952305 0.305147 -0
    outer loop
      vertex 30.582 112.907 -6.86
      vertex 30.582 112.907 -6.81
      vertex 30.6118 112.814 -6.86
    endloop
  endfacet
  facet normal 0.952305 0.305147 0
    outer loop
      vertex 30.582 112.907 -6.81
      vertex 30.6118 112.814 -6.81
      vertex 30.6118 112.814 -6.86
    endloop
  endfacet
  facet normal 0.984354 0.176199 -0
    outer loop
      vertex 30.6118 112.814 -6.86
      vertex 30.6118 112.814 -6.81
      vertex 30.6297 112.714 -6.86
    endloop
  endfacet
  facet normal 0.984354 0.176199 0
    outer loop
      vertex 30.6118 112.814 -6.81
      vertex 30.6297 112.714 -6.81
      vertex 30.6297 112.714 -6.86
    endloop
  endfacet
  facet normal 0.998432 0.0559868 -0
    outer loop
      vertex 30.6297 112.714 -6.86
      vertex 30.6297 112.714 -6.81
      vertex 30.6357 112.607 -6.86
    endloop
  endfacet
  facet normal 0.998432 0.0559868 0
    outer loop
      vertex 30.6297 112.714 -6.81
      vertex 30.6357 112.607 -6.81
      vertex 30.6357 112.607 -6.86
    endloop
  endfacet
  facet normal 0.999781 -0.0209256 0
    outer loop
      vertex 30.6357 112.607 -6.86
      vertex 30.6357 112.607 -6.81
      vertex 30.6348 112.564 -6.86
    endloop
  endfacet
  facet normal 0.999781 -0.0209256 0
    outer loop
      vertex 30.6357 112.607 -6.81
      vertex 30.6348 112.564 -6.81
      vertex 30.6348 112.564 -6.86
    endloop
  endfacet
  facet normal 0.998291 -0.0584366 0
    outer loop
      vertex 30.6348 112.564 -6.86
      vertex 30.6348 112.564 -6.81
      vertex 30.6324 112.523 -6.86
    endloop
  endfacet
  facet normal 0.998291 -0.0584366 0
    outer loop
      vertex 30.6348 112.564 -6.81
      vertex 30.6324 112.523 -6.81
      vertex 30.6324 112.523 -6.86
    endloop
  endfacet
  facet normal 0.995037 -0.0995037 0
    outer loop
      vertex 30.6324 112.523 -6.86
      vertex 30.6324 112.523 -6.81
      vertex 30.6284 112.483 -6.86
    endloop
  endfacet
  facet normal 0.995037 -0.0995037 0
    outer loop
      vertex 30.6324 112.523 -6.81
      vertex 30.6284 112.483 -6.81
      vertex 30.6284 112.483 -6.86
    endloop
  endfacet
  facet normal 0.989488 -0.144617 0
    outer loop
      vertex 30.6284 112.483 -6.86
      vertex 30.6284 112.483 -6.81
      vertex 30.6227 112.444 -6.86
    endloop
  endfacet
  facet normal 0.989488 -0.144617 0
    outer loop
      vertex 30.6284 112.483 -6.81
      vertex 30.6227 112.444 -6.81
      vertex 30.6227 112.444 -6.86
    endloop
  endfacet
  facet normal 0.981087 -0.193566 0
    outer loop
      vertex 30.6227 112.444 -6.86
      vertex 30.6227 112.444 -6.81
      vertex 30.6154 112.407 -6.86
    endloop
  endfacet
  facet normal 0.981087 -0.193566 0
    outer loop
      vertex 30.6227 112.444 -6.81
      vertex 30.6154 112.407 -6.81
      vertex 30.6154 112.407 -6.86
    endloop
  endfacet
  facet normal 0.970774 -0.239997 0
    outer loop
      vertex 30.6154 112.407 -6.86
      vertex 30.6154 112.407 -6.81
      vertex 30.6065 112.371 -6.86
    endloop
  endfacet
  facet normal 0.970774 -0.239997 0
    outer loop
      vertex 30.6154 112.407 -6.81
      vertex 30.6065 112.371 -6.81
      vertex 30.6065 112.371 -6.86
    endloop
  endfacet
  facet normal 0.957826 -0.287348 0
    outer loop
      vertex 30.6065 112.371 -6.86
      vertex 30.6065 112.371 -6.81
      vertex 30.596 112.336 -6.86
    endloop
  endfacet
  facet normal 0.957826 -0.287348 0
    outer loop
      vertex 30.6065 112.371 -6.81
      vertex 30.596 112.336 -6.81
      vertex 30.596 112.336 -6.86
    endloop
  endfacet
  facet normal 0.939793 -0.341743 0
    outer loop
      vertex 30.596 112.336 -6.86
      vertex 30.596 112.336 -6.81
      vertex 30.584 112.303 -6.86
    endloop
  endfacet
  facet normal 0.939793 -0.341743 0
    outer loop
      vertex 30.596 112.336 -6.81
      vertex 30.584 112.303 -6.81
      vertex 30.584 112.303 -6.86
    endloop
  endfacet
  facet normal 0.924439 -0.381331 0
    outer loop
      vertex 30.584 112.303 -6.86
      vertex 30.584 112.303 -6.81
      vertex 30.5708 112.271 -6.86
    endloop
  endfacet
  facet normal 0.924439 -0.381331 0
    outer loop
      vertex 30.584 112.303 -6.81
      vertex 30.5708 112.271 -6.81
      vertex 30.5708 112.271 -6.86
    endloop
  endfacet
  facet normal 0.899171 -0.437597 0
    outer loop
      vertex 30.5708 112.271 -6.86
      vertex 30.5708 112.271 -6.81
      vertex 30.5562 112.241 -6.86
    endloop
  endfacet
  facet normal 0.899171 -0.437597 0
    outer loop
      vertex 30.5708 112.271 -6.81
      vertex 30.5562 112.241 -6.81
      vertex 30.5562 112.241 -6.86
    endloop
  endfacet
  facet normal 0.878127 -0.478428 0
    outer loop
      vertex 30.5562 112.241 -6.86
      vertex 30.5562 112.241 -6.81
      vertex 30.5404 112.212 -6.86
    endloop
  endfacet
  facet normal 0.878127 -0.478428 0
    outer loop
      vertex 30.5562 112.241 -6.81
      vertex 30.5404 112.212 -6.81
      vertex 30.5404 112.212 -6.86
    endloop
  endfacet
  facet normal 0.861399 -0.507929 0
    outer loop
      vertex 30.5404 112.212 -6.86
      vertex 30.5404 112.212 -6.81
      vertex 30.5233 112.183 -6.86
    endloop
  endfacet
  facet normal 0.861399 -0.507929 0
    outer loop
      vertex 30.5404 112.212 -6.81
      vertex 30.5233 112.183 -6.81
      vertex 30.5233 112.183 -6.86
    endloop
  endfacet
  facet normal 0.814791 -0.579755 0
    outer loop
      vertex 30.5233 112.183 -6.86
      vertex 30.5233 112.183 -6.81
      vertex 30.5048 112.157 -6.86
    endloop
  endfacet
  facet normal 0.814791 -0.579755 0
    outer loop
      vertex 30.5233 112.183 -6.81
      vertex 30.5048 112.157 -6.81
      vertex 30.5048 112.157 -6.86
    endloop
  endfacet
  facet normal 0.797047 -0.603917 0
    outer loop
      vertex 30.5048 112.157 -6.86
      vertex 30.5048 112.157 -6.81
      vertex 30.4851 112.131 -6.86
    endloop
  endfacet
  facet normal 0.797047 -0.603917 0
    outer loop
      vertex 30.5048 112.157 -6.81
      vertex 30.4851 112.131 -6.81
      vertex 30.4851 112.131 -6.86
    endloop
  endfacet
  facet normal 0.767214 -0.641391 0
    outer loop
      vertex 30.4851 112.131 -6.86
      vertex 30.4851 112.131 -6.81
      vertex 30.4642 112.106 -6.86
    endloop
  endfacet
  facet normal 0.767214 -0.641391 0
    outer loop
      vertex 30.4851 112.131 -6.81
      vertex 30.4642 112.106 -6.81
      vertex 30.4642 112.106 -6.86
    endloop
  endfacet
  facet normal 0.719509 -0.694483 0
    outer loop
      vertex 30.4642 112.106 -6.86
      vertex 30.4642 112.106 -6.81
      vertex 30.442 112.083 -6.86
    endloop
  endfacet
  facet normal 0.719509 -0.694483 0
    outer loop
      vertex 30.4642 112.106 -6.81
      vertex 30.442 112.083 -6.81
      vertex 30.442 112.083 -6.86
    endloop
  endfacet
  facet normal 0.683424 -0.730021 0
    outer loop
      vertex 30.442 112.083 -6.86
      vertex 30.442 112.083 -6.81
      vertex 30.4185 112.061 -6.86
    endloop
  endfacet
  facet normal 0.683424 -0.730021 0
    outer loop
      vertex 30.442 112.083 -6.81
      vertex 30.4185 112.061 -6.81
      vertex 30.4185 112.061 -6.86
    endloop
  endfacet
  facet normal 0.665114 -0.746742 0
    outer loop
      vertex 30.4185 112.061 -6.86
      vertex 30.4185 112.061 -6.81
      vertex 30.3938 112.039 -6.86
    endloop
  endfacet
  facet normal 0.665114 -0.746742 0
    outer loop
      vertex 30.4185 112.061 -6.81
      vertex 30.3938 112.039 -6.81
      vertex 30.3938 112.039 -6.86
    endloop
  endfacet
  facet normal 0.609711 -0.792624 0
    outer loop
      vertex 30.3938 112.039 -6.86
      vertex 30.3938 112.039 -6.81
      vertex 30.3678 112.019 -6.86
    endloop
  endfacet
  facet normal 0.609711 -0.792624 0
    outer loop
      vertex 30.3938 112.039 -6.81
      vertex 30.3678 112.019 -6.81
      vertex 30.3678 112.019 -6.86
    endloop
  endfacet
  facet normal 0.574071 -0.818806 0
    outer loop
      vertex 30.3678 112.019 -6.86
      vertex 30.3678 112.019 -6.81
      vertex 30.3407 112 -6.86
    endloop
  endfacet
  facet normal 0.574071 -0.818806 0
    outer loop
      vertex 30.3678 112.019 -6.81
      vertex 30.3407 112 -6.81
      vertex 30.3407 112 -6.86
    endloop
  endfacet
  facet normal 0.5547 -0.83205 0
    outer loop
      vertex 30.3407 112 -6.86
      vertex 30.3407 112 -6.81
      vertex 30.3122 111.981 -6.86
    endloop
  endfacet
  facet normal 0.5547 -0.83205 0
    outer loop
      vertex 30.3407 112 -6.81
      vertex 30.3122 111.981 -6.81
      vertex 30.3122 111.981 -6.86
    endloop
  endfacet
  facet normal 0.499299 -0.86643 0
    outer loop
      vertex 30.3122 111.981 -6.86
      vertex 30.3122 111.981 -6.81
      vertex 30.2827 111.964 -6.86
    endloop
  endfacet
  facet normal 0.499299 -0.86643 0
    outer loop
      vertex 30.3122 111.981 -6.81
      vertex 30.2827 111.964 -6.81
      vertex 30.2827 111.964 -6.86
    endloop
  endfacet
  facet normal 0.485643 -0.874157 0
    outer loop
      vertex 30.2827 111.964 -6.86
      vertex 30.2827 111.964 -6.81
      vertex 30.2521 111.947 -6.86
    endloop
  endfacet
  facet normal 0.485643 -0.874157 0
    outer loop
      vertex 30.2827 111.964 -6.81
      vertex 30.2521 111.947 -6.81
      vertex 30.2521 111.947 -6.86
    endloop
  endfacet
  facet normal 0.452865 -0.891579 0
    outer loop
      vertex 30.2521 111.947 -6.86
      vertex 30.2521 111.947 -6.81
      vertex 30.2206 111.931 -6.86
    endloop
  endfacet
  facet normal 0.452865 -0.891579 0
    outer loop
      vertex 30.2521 111.947 -6.81
      vertex 30.2206 111.931 -6.81
      vertex 30.2206 111.931 -6.86
    endloop
  endfacet
  facet normal 0.417998 -0.908448 0
    outer loop
      vertex 30.2206 111.931 -6.86
      vertex 30.2206 111.931 -6.81
      vertex 30.188 111.916 -6.86
    endloop
  endfacet
  facet normal 0.417998 -0.908448 0
    outer loop
      vertex 30.2206 111.931 -6.81
      vertex 30.188 111.916 -6.81
      vertex 30.188 111.916 -6.86
    endloop
  endfacet
  facet normal 0.408665 -0.912685 0
    outer loop
      vertex 30.188 111.916 -6.86
      vertex 30.188 111.916 -6.81
      vertex 30.1545 111.901 -6.86
    endloop
  endfacet
  facet normal 0.408665 -0.912685 0
    outer loop
      vertex 30.188 111.916 -6.81
      vertex 30.1545 111.901 -6.81
      vertex 30.1545 111.901 -6.86
    endloop
  endfacet
  facet normal 0.375083 -0.926991 0
    outer loop
      vertex 30.1545 111.901 -6.86
      vertex 30.1545 111.901 -6.81
      vertex 30.1199 111.887 -6.86
    endloop
  endfacet
  facet normal 0.375083 -0.926991 0
    outer loop
      vertex 30.1545 111.901 -6.81
      vertex 30.1199 111.887 -6.81
      vertex 30.1199 111.887 -6.86
    endloop
  endfacet
  facet normal 0.343866 -0.939019 0
    outer loop
      vertex 30.1199 111.887 -6.86
      vertex 30.1199 111.887 -6.81
      vertex 30.0844 111.874 -6.86
    endloop
  endfacet
  facet normal 0.343866 -0.939019 0
    outer loop
      vertex 30.1199 111.887 -6.81
      vertex 30.0844 111.874 -6.81
      vertex 30.0844 111.874 -6.86
    endloop
  endfacet
  facet normal 0.329616 -0.944115 0
    outer loop
      vertex 30.0844 111.874 -6.86
      vertex 30.0844 111.874 -6.81
      vertex 30.0443 111.86 -6.86
    endloop
  endfacet
  facet normal 0.329616 -0.944115 0
    outer loop
      vertex 30.0844 111.874 -6.81
      vertex 30.0443 111.86 -6.81
      vertex 30.0443 111.86 -6.86
    endloop
  endfacet
  facet normal 0.298842 -0.954303 0
    outer loop
      vertex 30.0443 111.86 -6.86
      vertex 30.0443 111.86 -6.81
      vertex 29.9964 111.845 -6.86
    endloop
  endfacet
  facet normal 0.298842 -0.954303 0
    outer loop
      vertex 30.0443 111.86 -6.81
      vertex 29.9964 111.845 -6.81
      vertex 29.9964 111.845 -6.86
    endloop
  endfacet
  facet normal 0.274721 -0.961524 0
    outer loop
      vertex 29.9964 111.845 -6.86
      vertex 29.9964 111.845 -6.81
      vertex 29.9404 111.829 -6.86
    endloop
  endfacet
  facet normal 0.274721 -0.961524 0
    outer loop
      vertex 29.9964 111.845 -6.81
      vertex 29.9404 111.829 -6.81
      vertex 29.9404 111.829 -6.86
    endloop
  endfacet
  facet normal 0.256723 -0.966485 0
    outer loop
      vertex 29.9404 111.829 -6.86
      vertex 29.9404 111.829 -6.81
      vertex 29.8764 111.812 -6.86
    endloop
  endfacet
  facet normal 0.256723 -0.966485 0
    outer loop
      vertex 29.9404 111.829 -6.81
      vertex 29.8764 111.812 -6.81
      vertex 29.8764 111.812 -6.86
    endloop
  endfacet
  facet normal 0.255486 -0.966813 0
    outer loop
      vertex 29.8764 111.812 -6.86
      vertex 29.8764 111.812 -6.81
      vertex 29.8045 111.793 -6.86
    endloop
  endfacet
  facet normal 0.255486 -0.966813 0
    outer loop
      vertex 29.8764 111.812 -6.81
      vertex 29.8045 111.793 -6.81
      vertex 29.8045 111.793 -6.86
    endloop
  endfacet
  facet normal 0.242821 -0.970071 0
    outer loop
      vertex 29.8045 111.793 -6.86
      vertex 29.8045 111.793 -6.81
      vertex 29.7246 111.773 -6.86
    endloop
  endfacet
  facet normal 0.242821 -0.970071 0
    outer loop
      vertex 29.8045 111.793 -6.81
      vertex 29.7246 111.773 -6.81
      vertex 29.7246 111.773 -6.86
    endloop
  endfacet
  facet normal 0.222101 -0.975024 0
    outer loop
      vertex 29.7246 111.773 -6.86
      vertex 29.7246 111.773 -6.81
      vertex 29.6368 111.753 -6.86
    endloop
  endfacet
  facet normal 0.222101 -0.975024 0
    outer loop
      vertex 29.7246 111.773 -6.81
      vertex 29.6368 111.753 -6.81
      vertex 29.6368 111.753 -6.86
    endloop
  endfacet
  facet normal 0.202606 -0.97926 0
    outer loop
      vertex 29.6368 111.753 -6.86
      vertex 29.6368 111.753 -6.81
      vertex 29.5353 111.732 -6.86
    endloop
  endfacet
  facet normal 0.202606 -0.97926 0
    outer loop
      vertex 29.6368 111.753 -6.81
      vertex 29.5353 111.732 -6.81
      vertex 29.5353 111.732 -6.86
    endloop
  endfacet
  facet normal 0.22346 -0.974713 0
    outer loop
      vertex 29.5353 111.732 -6.86
      vertex 29.5353 111.732 -6.81
      vertex 29.4437 111.711 -6.86
    endloop
  endfacet
  facet normal 0.22346 -0.974713 0
    outer loop
      vertex 29.5353 111.732 -6.81
      vertex 29.4437 111.711 -6.81
      vertex 29.4437 111.711 -6.86
    endloop
  endfacet
  facet normal 0.226513 -0.974008 0
    outer loop
      vertex 29.4437 111.711 -6.86
      vertex 29.4437 111.711 -6.81
      vertex 29.362 111.692 -6.86
    endloop
  endfacet
  facet normal 0.226513 -0.974008 0
    outer loop
      vertex 29.4437 111.711 -6.81
      vertex 29.362 111.692 -6.81
      vertex 29.362 111.692 -6.86
    endloop
  endfacet
  facet normal 0.242536 -0.970143 0
    outer loop
      vertex 29.362 111.692 -6.86
      vertex 29.362 111.692 -6.81
      vertex 29.29 111.674 -6.86
    endloop
  endfacet
  facet normal 0.242536 -0.970143 0
    outer loop
      vertex 29.362 111.692 -6.81
      vertex 29.29 111.674 -6.81
      vertex 29.29 111.674 -6.86
    endloop
  endfacet
  facet normal 0.27881 -0.960346 0
    outer loop
      vertex 29.29 111.674 -6.86
      vertex 29.29 111.674 -6.81
      vertex 29.228 111.656 -6.86
    endloop
  endfacet
  facet normal 0.27881 -0.960346 0
    outer loop
      vertex 29.29 111.674 -6.81
      vertex 29.228 111.656 -6.81
      vertex 29.228 111.656 -6.86
    endloop
  endfacet
  facet normal 0.292544 -0.956252 0
    outer loop
      vertex 29.228 111.656 -6.86
      vertex 29.228 111.656 -6.81
      vertex 29.1757 111.64 -6.86
    endloop
  endfacet
  facet normal 0.292544 -0.956252 0
    outer loop
      vertex 29.228 111.656 -6.81
      vertex 29.1757 111.64 -6.81
      vertex 29.1757 111.64 -6.86
    endloop
  endfacet
  facet normal 0.353057 -0.935602 0
    outer loop
      vertex 29.1757 111.64 -6.86
      vertex 29.1757 111.64 -6.81
      vertex 29.1333 111.624 -6.86
    endloop
  endfacet
  facet normal 0.353057 -0.935602 0
    outer loop
      vertex 29.1757 111.64 -6.81
      vertex 29.1333 111.624 -6.81
      vertex 29.1333 111.624 -6.86
    endloop
  endfacet
  facet normal 0.381902 -0.924203 0
    outer loop
      vertex 29.1333 111.624 -6.86
      vertex 29.1333 111.624 -6.81
      vertex 29.097 111.609 -6.86
    endloop
  endfacet
  facet normal 0.381902 -0.924203 0
    outer loop
      vertex 29.1333 111.624 -6.81
      vertex 29.097 111.609 -6.81
      vertex 29.097 111.609 -6.86
    endloop
  endfacet
  facet normal 0.448268 -0.893899 0
    outer loop
      vertex 29.097 111.609 -6.86
      vertex 29.097 111.609 -6.81
      vertex 29.0631 111.592 -6.86
    endloop
  endfacet
  facet normal 0.448268 -0.893899 0
    outer loop
      vertex 29.097 111.609 -6.81
      vertex 29.0631 111.592 -6.81
      vertex 29.0631 111.592 -6.86
    endloop
  endfacet
  facet normal 0.497329 -0.867562 0
    outer loop
      vertex 29.0631 111.592 -6.86
      vertex 29.0631 111.592 -6.81
      vertex 29.0317 111.574 -6.86
    endloop
  endfacet
  facet normal 0.497329 -0.867562 0
    outer loop
      vertex 29.0631 111.592 -6.81
      vertex 29.0317 111.574 -6.81
      vertex 29.0317 111.574 -6.86
    endloop
  endfacet
  facet normal 0.546707 -0.837324 0
    outer loop
      vertex 29.0317 111.574 -6.86
      vertex 29.0317 111.574 -6.81
      vertex 29.0026 111.555 -6.86
    endloop
  endfacet
  facet normal 0.546707 -0.837324 0
    outer loop
      vertex 29.0317 111.574 -6.81
      vertex 29.0026 111.555 -6.81
      vertex 29.0026 111.555 -6.86
    endloop
  endfacet
  facet normal 0.59952 -0.80036 0
    outer loop
      vertex 29.0026 111.555 -6.86
      vertex 29.0026 111.555 -6.81
      vertex 28.9759 111.535 -6.86
    endloop
  endfacet
  facet normal 0.59952 -0.80036 0
    outer loop
      vertex 29.0026 111.555 -6.81
      vertex 28.9759 111.535 -6.81
      vertex 28.9759 111.535 -6.86
    endloop
  endfacet
  facet normal 0.655406 -0.755277 0
    outer loop
      vertex 28.9759 111.535 -6.86
      vertex 28.9759 111.535 -6.81
      vertex 28.9517 111.514 -6.86
    endloop
  endfacet
  facet normal 0.655406 -0.755277 0
    outer loop
      vertex 28.9759 111.535 -6.81
      vertex 28.9517 111.514 -6.81
      vertex 28.9517 111.514 -6.86
    endloop
  endfacet
  facet normal 0.710328 -0.703871 0
    outer loop
      vertex 28.9517 111.514 -6.86
      vertex 28.9517 111.514 -6.81
      vertex 28.9299 111.492 -6.86
    endloop
  endfacet
  facet normal 0.710328 -0.703871 0
    outer loop
      vertex 28.9517 111.514 -6.81
      vertex 28.9299 111.492 -6.81
      vertex 28.9299 111.492 -6.86
    endloop
  endfacet
  facet normal 0.767674 -0.640841 0
    outer loop
      vertex 28.9299 111.492 -6.86
      vertex 28.9299 111.492 -6.81
      vertex 28.9107 111.469 -6.86
    endloop
  endfacet
  facet normal 0.767674 -0.640841 0
    outer loop
      vertex 28.9299 111.492 -6.81
      vertex 28.9107 111.469 -6.81
      vertex 28.9107 111.469 -6.86
    endloop
  endfacet
  facet normal 0.848731 -0.528825 0
    outer loop
      vertex 28.9107 111.469 -6.86
      vertex 28.9107 111.469 -6.81
      vertex 28.8945 111.443 -6.86
    endloop
  endfacet
  facet normal 0.848731 -0.528825 0
    outer loop
      vertex 28.9107 111.469 -6.81
      vertex 28.8945 111.443 -6.81
      vertex 28.8945 111.443 -6.86
    endloop
  endfacet
  facet normal 0.897069 -0.44189 0
    outer loop
      vertex 28.8945 111.443 -6.86
      vertex 28.8945 111.443 -6.81
      vertex 28.8812 111.416 -6.86
    endloop
  endfacet
  facet normal 0.897069 -0.44189 0
    outer loop
      vertex 28.8945 111.443 -6.81
      vertex 28.8812 111.416 -6.81
      vertex 28.8812 111.416 -6.86
    endloop
  endfacet
  facet normal 0.938515 -0.345239 0
    outer loop
      vertex 28.8812 111.416 -6.86
      vertex 28.8812 111.416 -6.81
      vertex 28.8709 111.388 -6.86
    endloop
  endfacet
  facet normal 0.938515 -0.345239 0
    outer loop
      vertex 28.8812 111.416 -6.81
      vertex 28.8709 111.388 -6.81
      vertex 28.8709 111.388 -6.86
    endloop
  endfacet
  facet normal 0.972671 -0.232186 0
    outer loop
      vertex 28.8709 111.388 -6.86
      vertex 28.8709 111.388 -6.81
      vertex 28.8635 111.357 -6.86
    endloop
  endfacet
  facet normal 0.972671 -0.232186 0
    outer loop
      vertex 28.8709 111.388 -6.81
      vertex 28.8635 111.357 -6.81
      vertex 28.8635 111.357 -6.86
    endloop
  endfacet
  facet normal 0.990679 -0.136218 0
    outer loop
      vertex 28.8635 111.357 -6.86
      vertex 28.8635 111.357 -6.81
      vertex 28.8591 111.325 -6.86
    endloop
  endfacet
  facet normal 0.990679 -0.136218 0
    outer loop
      vertex 28.8635 111.357 -6.81
      vertex 28.8591 111.325 -6.81
      vertex 28.8591 111.325 -6.86
    endloop
  endfacet
  facet normal 0.999028 -0.0440748 0
    outer loop
      vertex 28.8591 111.325 -6.86
      vertex 28.8591 111.325 -6.81
      vertex 28.8576 111.291 -6.86
    endloop
  endfacet
  facet normal 0.999028 -0.0440748 0
    outer loop
      vertex 28.8591 111.325 -6.81
      vertex 28.8576 111.291 -6.81
      vertex 28.8576 111.291 -6.86
    endloop
  endfacet
  facet normal 0.992218 0.124514 -0
    outer loop
      vertex 28.8576 111.291 -6.86
      vertex 28.8576 111.291 -6.81
      vertex 28.8704 111.189 -6.86
    endloop
  endfacet
  facet normal 0.992218 0.124514 0
    outer loop
      vertex 28.8576 111.291 -6.81
      vertex 28.8704 111.189 -6.81
      vertex 28.8704 111.189 -6.86
    endloop
  endfacet
  facet normal 0.912714 0.408599 -0
    outer loop
      vertex 28.8704 111.189 -6.86
      vertex 28.8704 111.189 -6.81
      vertex 28.9089 111.103 -6.86
    endloop
  endfacet
  facet normal 0.912714 0.408599 0
    outer loop
      vertex 28.8704 111.189 -6.81
      vertex 28.9089 111.103 -6.81
      vertex 28.9089 111.103 -6.86
    endloop
  endfacet
  facet normal 0.736979 0.675915 -0
    outer loop
      vertex 28.9089 111.103 -6.86
      vertex 28.9089 111.103 -6.81
      vertex 28.9731 111.033 -6.86
    endloop
  endfacet
  facet normal 0.736979 0.675915 0
    outer loop
      vertex 28.9089 111.103 -6.81
      vertex 28.9731 111.033 -6.81
      vertex 28.9731 111.033 -6.86
    endloop
  endfacet
  facet normal 0.515338 0.856987 -0
    outer loop
      vertex 28.9731 111.033 -6.86
      vertex 28.9731 111.033 -6.81
      vertex 29.0629 110.979 -6.86
    endloop
  endfacet
  facet normal 0.515338 0.856987 0
    outer loop
      vertex 28.9731 111.033 -6.81
      vertex 29.0629 110.979 -6.81
      vertex 29.0629 110.979 -6.86
    endloop
  endfacet
  facet normal 0.320166 0.947362 -0
    outer loop
      vertex 29.0629 110.979 -6.86
      vertex 29.0629 110.979 -6.81
      vertex 29.1783 110.94 -6.86
    endloop
  endfacet
  facet normal 0.320166 0.947362 0
    outer loop
      vertex 29.0629 110.979 -6.81
      vertex 29.1783 110.94 -6.81
      vertex 29.1783 110.94 -6.86
    endloop
  endfacet
  facet normal 0.167568 0.98586 -0
    outer loop
      vertex 29.1783 110.94 -6.86
      vertex 29.1783 110.94 -6.81
      vertex 29.3195 110.916 -6.86
    endloop
  endfacet
  facet normal 0.167568 0.98586 0
    outer loop
      vertex 29.1783 110.94 -6.81
      vertex 29.3195 110.916 -6.81
      vertex 29.3195 110.916 -6.86
    endloop
  endfacet
  facet normal 0.0479352 0.99885 -0
    outer loop
      vertex 29.3195 110.916 -6.86
      vertex 29.3195 110.916 -6.81
      vertex 29.4862 110.908 -6.86
    endloop
  endfacet
  facet normal 0.0479352 0.99885 0
    outer loop
      vertex 29.3195 110.916 -6.81
      vertex 29.4862 110.908 -6.81
      vertex 29.4862 110.908 -6.86
    endloop
  endfacet
  facet normal -0.0238311 0.999716 0
    outer loop
      vertex 29.4862 110.908 -6.86
      vertex 29.4862 110.908 -6.81
      vertex 29.5701 110.91 -6.86
    endloop
  endfacet
  facet normal -0.0238311 0.999716 0
    outer loop
      vertex 29.4862 110.908 -6.81
      vertex 29.5701 110.91 -6.81
      vertex 29.5701 110.91 -6.86
    endloop
  endfacet
  facet normal -0.0887074 0.996058 0
    outer loop
      vertex 29.5701 110.91 -6.86
      vertex 29.5701 110.91 -6.81
      vertex 29.6487 110.917 -6.86
    endloop
  endfacet
  facet normal -0.0887074 0.996058 0
    outer loop
      vertex 29.5701 110.91 -6.81
      vertex 29.6487 110.917 -6.81
      vertex 29.6487 110.917 -6.86
    endloop
  endfacet
  facet normal -0.135537 0.990772 0
    outer loop
      vertex 29.6487 110.917 -6.86
      vertex 29.6487 110.917 -6.81
      vertex 29.7218 110.927 -6.86
    endloop
  endfacet
  facet normal -0.135537 0.990772 0
    outer loop
      vertex 29.6487 110.917 -6.81
      vertex 29.7218 110.927 -6.81
      vertex 29.7218 110.927 -6.86
    endloop
  endfacet
  facet normal -0.21632 0.976323 0
    outer loop
      vertex 29.7218 110.927 -6.86
      vertex 29.7218 110.927 -6.81
      vertex 29.7895 110.942 -6.86
    endloop
  endfacet
  facet normal -0.21632 0.976323 0
    outer loop
      vertex 29.7218 110.927 -6.81
      vertex 29.7895 110.942 -6.81
      vertex 29.7895 110.942 -6.86
    endloop
  endfacet
  facet normal -0.291711 0.956506 0
    outer loop
      vertex 29.7895 110.942 -6.86
      vertex 29.7895 110.942 -6.81
      vertex 29.8518 110.961 -6.86
    endloop
  endfacet
  facet normal -0.291711 0.956506 0
    outer loop
      vertex 29.7895 110.942 -6.81
      vertex 29.8518 110.961 -6.81
      vertex 29.8518 110.961 -6.86
    endloop
  endfacet
  facet normal -0.374759 0.927122 0
    outer loop
      vertex 29.8518 110.961 -6.86
      vertex 29.8518 110.961 -6.81
      vertex 29.9087 110.984 -6.86
    endloop
  endfacet
  facet normal -0.374759 0.927122 0
    outer loop
      vertex 29.8518 110.961 -6.81
      vertex 29.9087 110.984 -6.81
      vertex 29.9087 110.984 -6.86
    endloop
  endfacet
  facet normal -0.463622 0.886033 0
    outer loop
      vertex 29.9087 110.984 -6.86
      vertex 29.9087 110.984 -6.81
      vertex 29.9603 111.011 -6.86
    endloop
  endfacet
  facet normal -0.463622 0.886033 0
    outer loop
      vertex 29.9087 110.984 -6.81
      vertex 29.9603 111.011 -6.81
      vertex 29.9603 111.011 -6.86
    endloop
  endfacet
  facet normal -0.566905 0.823783 0
    outer loop
      vertex 29.9603 111.011 -6.86
      vertex 29.9603 111.011 -6.81
      vertex 30.0068 111.043 -6.86
    endloop
  endfacet
  facet normal -0.566905 0.823783 0
    outer loop
      vertex 29.9603 111.011 -6.81
      vertex 30.0068 111.043 -6.81
      vertex 30.0068 111.043 -6.86
    endloop
  endfacet
  facet normal -0.661031 0.750359 0
    outer loop
      vertex 30.0068 111.043 -6.86
      vertex 30.0068 111.043 -6.81
      vertex 30.0488 111.08 -6.86
    endloop
  endfacet
  facet normal -0.661031 0.750359 0
    outer loop
      vertex 30.0068 111.043 -6.81
      vertex 30.0488 111.08 -6.81
      vertex 30.0488 111.08 -6.86
    endloop
  endfacet
  facet normal -0.74682 0.665026 0
    outer loop
      vertex 30.0488 111.08 -6.86
      vertex 30.0488 111.08 -6.81
      vertex 30.0862 111.122 -6.86
    endloop
  endfacet
  facet normal -0.74682 0.665026 0
    outer loop
      vertex 30.0488 111.08 -6.81
      vertex 30.0862 111.122 -6.81
      vertex 30.0862 111.122 -6.86
    endloop
  endfacet
  facet normal -0.820051 0.572291 0
    outer loop
      vertex 30.0862 111.122 -6.86
      vertex 30.0862 111.122 -6.81
      vertex 30.119 111.169 -6.86
    endloop
  endfacet
  facet normal -0.820051 0.572291 0
    outer loop
      vertex 30.0862 111.122 -6.81
      vertex 30.119 111.169 -6.81
      vertex 30.119 111.169 -6.86
    endloop
  endfacet
  facet normal -0.882122 0.47102 0
    outer loop
      vertex 30.119 111.169 -6.86
      vertex 30.119 111.169 -6.81
      vertex 30.1473 111.222 -6.86
    endloop
  endfacet
  facet normal -0.882122 0.47102 0
    outer loop
      vertex 30.119 111.169 -6.81
      vertex 30.1473 111.222 -6.81
      vertex 30.1473 111.222 -6.86
    endloop
  endfacet
  facet normal -0.923364 0.383925 0
    outer loop
      vertex 30.1473 111.222 -6.86
      vertex 30.1473 111.222 -6.81
      vertex 30.171 111.279 -6.86
    endloop
  endfacet
  facet normal -0.923364 0.383925 0
    outer loop
      vertex 30.1473 111.222 -6.81
      vertex 30.171 111.279 -6.81
      vertex 30.171 111.279 -6.86
    endloop
  endfacet
  facet normal -0.956986 0.290134 0
    outer loop
      vertex 30.171 111.279 -6.86
      vertex 30.171 111.279 -6.81
      vertex 30.1901 111.342 -6.86
    endloop
  endfacet
  facet normal -0.956986 0.290134 0
    outer loop
      vertex 30.171 111.279 -6.81
      vertex 30.1901 111.342 -6.81
      vertex 30.1901 111.342 -6.86
    endloop
  endfacet
  facet normal 0.16335 0.986568 -0
    outer loop
      vertex 30.1901 111.342 -6.86
      vertex 30.1901 111.342 -6.81
      vertex 30.7699 111.246 -6.86
    endloop
  endfacet
  facet normal 0.16335 0.986568 0
    outer loop
      vertex 30.1901 111.342 -6.81
      vertex 30.7699 111.246 -6.81
      vertex 30.7699 111.246 -6.86
    endloop
  endfacet
  facet normal 0.963922 -0.266184 0
    outer loop
      vertex 30.7699 111.246 -6.86
      vertex 30.7699 111.246 -6.81
      vertex 30.7398 111.137 -6.86
    endloop
  endfacet
  facet normal 0.963922 -0.266184 0
    outer loop
      vertex 30.7699 111.246 -6.81
      vertex 30.7398 111.137 -6.81
      vertex 30.7398 111.137 -6.86
    endloop
  endfacet
  facet normal 0.931935 -0.362624 0
    outer loop
      vertex 30.7398 111.137 -6.86
      vertex 30.7398 111.137 -6.81
      vertex 30.7005 111.036 -6.86
    endloop
  endfacet
  facet normal 0.931935 -0.362624 0
    outer loop
      vertex 30.7398 111.137 -6.81
      vertex 30.7005 111.036 -6.81
      vertex 30.7005 111.036 -6.86
    endloop
  endfacet
  facet normal 0.887061 -0.461653 0
    outer loop
      vertex 30.7005 111.036 -6.86
      vertex 30.7005 111.036 -6.81
      vertex 30.6521 110.943 -6.86
    endloop
  endfacet
  facet normal 0.887061 -0.461653 0
    outer loop
      vertex 30.7005 111.036 -6.81
      vertex 30.6521 110.943 -6.81
      vertex 30.6521 110.943 -6.86
    endloop
  endfacet
  facet normal 0.828283 -0.560309 0
    outer loop
      vertex 30.6521 110.943 -6.86
      vertex 30.6521 110.943 -6.81
      vertex 30.5946 110.858 -6.86
    endloop
  endfacet
  facet normal 0.828283 -0.560309 0
    outer loop
      vertex 30.6521 110.943 -6.81
      vertex 30.5946 110.858 -6.81
      vertex 30.5946 110.858 -6.86
    endloop
  endfacet
  facet normal 0.751596 -0.659624 0
    outer loop
      vertex 30.5946 110.858 -6.86
      vertex 30.5946 110.858 -6.81
      vertex 30.5279 110.782 -6.86
    endloop
  endfacet
  facet normal 0.751596 -0.659624 0
    outer loop
      vertex 30.5946 110.858 -6.81
      vertex 30.5279 110.782 -6.81
      vertex 30.5279 110.782 -6.86
    endloop
  endfacet
  facet normal 0.66777 -0.744367 0
    outer loop
      vertex 30.5279 110.782 -6.86
      vertex 30.5279 110.782 -6.81
      vertex 30.4521 110.714 -6.86
    endloop
  endfacet
  facet normal 0.66777 -0.744367 0
    outer loop
      vertex 30.5279 110.782 -6.81
      vertex 30.4521 110.714 -6.81
      vertex 30.4521 110.714 -6.86
    endloop
  endfacet
  facet normal 0.576683 -0.816968 0
    outer loop
      vertex 30.4521 110.714 -6.86
      vertex 30.4521 110.714 -6.81
      vertex 30.3671 110.654 -6.86
    endloop
  endfacet
  facet normal 0.576683 -0.816968 0
    outer loop
      vertex 30.4521 110.714 -6.81
      vertex 30.3671 110.654 -6.81
      vertex 30.3671 110.654 -6.86
    endloop
  endfacet
  facet normal 0.482881 -0.875686 0
    outer loop
      vertex 30.3671 110.654 -6.86
      vertex 30.3671 110.654 -6.81
      vertex 30.2728 110.602 -6.86
    endloop
  endfacet
  facet normal 0.482881 -0.875686 0
    outer loop
      vertex 30.3671 110.654 -6.81
      vertex 30.2728 110.602 -6.81
      vertex 30.2728 110.602 -6.86
    endloop
  endfacet
  facet normal 0.389322 -0.921102 0
    outer loop
      vertex 30.2728 110.602 -6.86
      vertex 30.2728 110.602 -6.81
      vertex 30.1687 110.558 -6.86
    endloop
  endfacet
  facet normal 0.389322 -0.921102 0
    outer loop
      vertex 30.2728 110.602 -6.81
      vertex 30.1687 110.558 -6.81
      vertex 30.1687 110.558 -6.86
    endloop
  endfacet
  facet normal 0.301612 -0.953431 0
    outer loop
      vertex 30.1687 110.558 -6.86
      vertex 30.1687 110.558 -6.81
      vertex 30.0549 110.522 -6.86
    endloop
  endfacet
  facet normal 0.301612 -0.953431 0
    outer loop
      vertex 30.1687 110.558 -6.81
      vertex 30.0549 110.522 -6.81
      vertex 30.0549 110.522 -6.86
    endloop
  endfacet
  facet normal 0.213579 -0.976926 0
    outer loop
      vertex 30.0549 110.522 -6.86
      vertex 30.0549 110.522 -6.81
      vertex 29.9314 110.495 -6.86
    endloop
  endfacet
  facet normal 0.213579 -0.976926 0
    outer loop
      vertex 30.0549 110.522 -6.81
      vertex 29.9314 110.495 -6.81
      vertex 29.9314 110.495 -6.86
    endloop
  endfacet
  facet normal 0.148377 -0.988931 0
    outer loop
      vertex 29.9314 110.495 -6.86
      vertex 29.9314 110.495 -6.81
      vertex 29.7981 110.475 -6.86
    endloop
  endfacet
  facet normal 0.148377 -0.988931 0
    outer loop
      vertex 29.9314 110.495 -6.81
      vertex 29.7981 110.475 -6.81
      vertex 29.7981 110.475 -6.86
    endloop
  endfacet
  facet normal 0.0836803 -0.996493 0
    outer loop
      vertex 29.7981 110.475 -6.86
      vertex 29.7981 110.475 -6.81
      vertex 29.6552 110.463 -6.86
    endloop
  endfacet
  facet normal 0.0836803 -0.996493 0
    outer loop
      vertex 29.7981 110.475 -6.81
      vertex 29.6552 110.463 -6.81
      vertex 29.6552 110.463 -6.86
    endloop
  endfacet
  facet normal 0.0261862 -0.999657 0
    outer loop
      vertex 29.6552 110.463 -6.86
      vertex 29.6552 110.463 -6.81
      vertex 29.5025 110.459 -6.86
    endloop
  endfacet
  facet normal 0.0261862 -0.999657 0
    outer loop
      vertex 29.6552 110.463 -6.81
      vertex 29.5025 110.459 -6.81
      vertex 29.5025 110.459 -6.86
    endloop
  endfacet
  facet normal -0.0240027 -0.999712 0
    outer loop
      vertex 29.5025 110.459 -6.86
      vertex 29.5025 110.459 -6.81
      vertex 29.3359 110.463 -6.86
    endloop
  endfacet
  facet normal -0.0240027 -0.999712 0
    outer loop
      vertex 29.5025 110.459 -6.81
      vertex 29.3359 110.463 -6.81
      vertex 29.3359 110.463 -6.86
    endloop
  endfacet
  facet normal -0.0976504 -0.995221 0
    outer loop
      vertex 26.4311 110.463 -6.86
      vertex 26.4311 110.463 -6.81
      vertex 26.3088 110.475 -6.86
    endloop
  endfacet
  facet normal -0.0976504 -0.995221 0
    outer loop
      vertex 26.4311 110.463 -6.81
      vertex 26.3088 110.475 -6.81
      vertex 26.3088 110.475 -6.86
    endloop
  endfacet
  facet normal -0.176664 -0.984271 0
    outer loop
      vertex 26.3088 110.475 -6.86
      vertex 26.3088 110.475 -6.81
      vertex 26.1918 110.496 -6.86
    endloop
  endfacet
  facet normal -0.176664 -0.984271 0
    outer loop
      vertex 26.3088 110.475 -6.81
      vertex 26.1918 110.496 -6.81
      vertex 26.1918 110.496 -6.86
    endloop
  endfacet
  facet normal -0.251082 -0.967966 0
    outer loop
      vertex 26.1918 110.496 -6.86
      vertex 26.1918 110.496 -6.81
      vertex 26.08 110.525 -6.86
    endloop
  endfacet
  facet normal -0.251082 -0.967966 0
    outer loop
      vertex 26.1918 110.496 -6.81
      vertex 26.08 110.525 -6.81
      vertex 26.08 110.525 -6.86
    endloop
  endfacet
  facet normal -0.328177 -0.944616 0
    outer loop
      vertex 26.08 110.525 -6.86
      vertex 26.08 110.525 -6.81
      vertex 25.9735 110.562 -6.86
    endloop
  endfacet
  facet normal -0.328177 -0.944616 0
    outer loop
      vertex 26.08 110.525 -6.81
      vertex 25.9735 110.562 -6.81
      vertex 25.9735 110.562 -6.86
    endloop
  endfacet
  facet normal -0.406306 -0.913737 0
    outer loop
      vertex 25.9735 110.562 -6.86
      vertex 25.9735 110.562 -6.81
      vertex 25.8723 110.607 -6.86
    endloop
  endfacet
  facet normal -0.406306 -0.913737 0
    outer loop
      vertex 25.9735 110.562 -6.81
      vertex 25.8723 110.607 -6.81
      vertex 25.8723 110.607 -6.86
    endloop
  endfacet
  facet normal -0.490649 -0.871357 0
    outer loop
      vertex 25.8723 110.607 -6.86
      vertex 25.8723 110.607 -6.81
      vertex 25.7764 110.661 -6.86
    endloop
  endfacet
  facet normal -0.490649 -0.871357 0
    outer loop
      vertex 25.8723 110.607 -6.81
      vertex 25.7764 110.661 -6.81
      vertex 25.7764 110.661 -6.86
    endloop
  endfacet
  facet normal -0.566878 -0.823802 0
    outer loop
      vertex 25.7764 110.661 -6.86
      vertex 25.7764 110.661 -6.81
      vertex 25.6863 110.723 -6.86
    endloop
  endfacet
  facet normal -0.566878 -0.823802 0
    outer loop
      vertex 25.7764 110.661 -6.81
      vertex 25.6863 110.723 -6.81
      vertex 25.6863 110.723 -6.86
    endloop
  endfacet
  facet normal -0.647331 -0.762209 0
    outer loop
      vertex 25.6863 110.723 -6.86
      vertex 25.6863 110.723 -6.81
      vertex 25.6027 110.794 -6.86
    endloop
  endfacet
  facet normal -0.647331 -0.762209 0
    outer loop
      vertex 25.6863 110.723 -6.81
      vertex 25.6027 110.794 -6.81
      vertex 25.6027 110.794 -6.86
    endloop
  endfacet
  facet normal -0.719587 -0.694402 0
    outer loop
      vertex 25.6027 110.794 -6.86
      vertex 25.6027 110.794 -6.81
      vertex 25.5255 110.874 -6.86
    endloop
  endfacet
  facet normal -0.719587 -0.694402 0
    outer loop
      vertex 25.6027 110.794 -6.81
      vertex 25.5255 110.874 -6.81
      vertex 25.5255 110.874 -6.86
    endloop
  endfacet
  facet normal -0.779138 -0.626852 0
    outer loop
      vertex 25.5255 110.874 -6.86
      vertex 25.5255 110.874 -6.81
      vertex 25.4547 110.962 -6.86
    endloop
  endfacet
  facet normal -0.779138 -0.626852 0
    outer loop
      vertex 25.5255 110.874 -6.81
      vertex 25.4547 110.962 -6.81
      vertex 25.4547 110.962 -6.86
    endloop
  endfacet
  facet normal -0.833502 -0.552517 0
    outer loop
      vertex 25.4547 110.962 -6.86
      vertex 25.4547 110.962 -6.81
      vertex 25.3904 111.059 -6.86
    endloop
  endfacet
  facet normal -0.833502 -0.552517 0
    outer loop
      vertex 25.4547 110.962 -6.81
      vertex 25.3904 111.059 -6.81
      vertex 25.3904 111.059 -6.86
    endloop
  endfacet
  facet normal -0.875687 -0.482879 0
    outer loop
      vertex 25.3904 111.059 -6.86
      vertex 25.3904 111.059 -6.81
      vertex 25.3325 111.164 -6.86
    endloop
  endfacet
  facet normal -0.875687 -0.482879 0
    outer loop
      vertex 25.3904 111.059 -6.81
      vertex 25.3325 111.164 -6.81
      vertex 25.3325 111.164 -6.86
    endloop
  endfacet
  facet normal -0.912958 -0.408053 0
    outer loop
      vertex 25.3325 111.164 -6.86
      vertex 25.3325 111.164 -6.81
      vertex 25.2811 111.279 -6.86
    endloop
  endfacet
  facet normal -0.912958 -0.408053 0
    outer loop
      vertex 25.3325 111.164 -6.81
      vertex 25.2811 111.279 -6.81
      vertex 25.2811 111.279 -6.86
    endloop
  endfacet
  facet normal -0.352614 0.935769 0
    outer loop
      vertex 25.2811 111.279 -6.86
      vertex 25.2811 111.279 -6.81
      vertex 25.8039 111.476 -6.86
    endloop
  endfacet
  facet normal -0.352614 0.935769 0
    outer loop
      vertex 25.2811 111.279 -6.81
      vertex 25.8039 111.476 -6.81
      vertex 25.8039 111.476 -6.86
    endloop
  endfacet
  facet normal 0.907299 0.420486 -0
    outer loop
      vertex 25.8039 111.476 -6.86
      vertex 25.8039 111.476 -6.81
      vertex 25.8711 111.331 -6.86
    endloop
  endfacet
  facet normal 0.907299 0.420486 0
    outer loop
      vertex 25.8039 111.476 -6.81
      vertex 25.8711 111.331 -6.81
      vertex 25.8711 111.331 -6.86
    endloop
  endfacet
  facet normal 0.833729 0.552174 -0
    outer loop
      vertex 25.8711 111.331 -6.86
      vertex 25.8711 111.331 -6.81
      vertex 25.9519 111.209 -6.86
    endloop
  endfacet
  facet normal 0.833729 0.552174 0
    outer loop
      vertex 25.8711 111.331 -6.81
      vertex 25.9519 111.209 -6.81
      vertex 25.9519 111.209 -6.86
    endloop
  endfacet
  facet normal 0.727901 0.685683 -0
    outer loop
      vertex 25.9519 111.209 -6.86
      vertex 25.9519 111.209 -6.81
      vertex 26.0461 111.109 -6.86
    endloop
  endfacet
  facet normal 0.727901 0.685683 0
    outer loop
      vertex 25.9519 111.209 -6.81
      vertex 26.0461 111.109 -6.81
      vertex 26.0461 111.109 -6.86
    endloop
  endfacet
  facet normal 0.585847 0.810422 -0
    outer loop
      vertex 26.0461 111.109 -6.86
      vertex 26.0461 111.109 -6.81
      vertex 26.154 111.031 -6.86
    endloop
  endfacet
  facet normal 0.585847 0.810422 0
    outer loop
      vertex 26.0461 111.109 -6.81
      vertex 26.154 111.031 -6.81
      vertex 26.154 111.031 -6.86
    endloop
  endfacet
  facet normal 0.419153 0.907916 -0
    outer loop
      vertex 26.154 111.031 -6.86
      vertex 26.154 111.031 -6.81
      vertex 26.2753 110.975 -6.86
    endloop
  endfacet
  facet normal 0.419153 0.907916 0
    outer loop
      vertex 26.154 111.031 -6.81
      vertex 26.2753 110.975 -6.81
      vertex 26.2753 110.975 -6.86
    endloop
  endfacet
  facet normal 0.237619 0.971358 -0
    outer loop
      vertex 26.2753 110.975 -6.86
      vertex 26.2753 110.975 -6.81
      vertex 26.4102 110.942 -6.86
    endloop
  endfacet
  facet normal 0.237619 0.971358 0
    outer loop
      vertex 26.2753 110.975 -6.81
      vertex 26.4102 110.942 -6.81
      vertex 26.4102 110.942 -6.86
    endloop
  endfacet
  facet normal 0.0739212 0.997264 -0
    outer loop
      vertex 26.4102 110.942 -6.86
      vertex 26.4102 110.942 -6.81
      vertex 26.5586 110.931 -6.86
    endloop
  endfacet
  facet normal 0.0739212 0.997264 0
    outer loop
      vertex 26.4102 110.942 -6.81
      vertex 26.5586 110.931 -6.81
      vertex 26.5586 110.931 -6.86
    endloop
  endfacet
  facet normal -0.0442436 0.999021 0
    outer loop
      vertex 26.5586 110.931 -6.86
      vertex 26.5586 110.931 -6.81
      vertex 26.6715 110.936 -6.86
    endloop
  endfacet
  facet normal -0.0442436 0.999021 0
    outer loop
      vertex 26.5586 110.931 -6.81
      vertex 26.6715 110.936 -6.81
      vertex 26.6715 110.936 -6.86
    endloop
  endfacet
  facet normal -0.150502 0.98861 0
    outer loop
      vertex 26.6715 110.936 -6.86
      vertex 26.6715 110.936 -6.81
      vertex 26.7766 110.952 -6.86
    endloop
  endfacet
  facet normal -0.150502 0.98861 0
    outer loop
      vertex 26.6715 110.936 -6.81
      vertex 26.7766 110.952 -6.81
      vertex 26.7766 110.952 -6.86
    endloop
  endfacet
  facet normal -0.258405 0.966037 0
    outer loop
      vertex 26.7766 110.952 -6.86
      vertex 26.7766 110.952 -6.81
      vertex 26.8738 110.978 -6.86
    endloop
  endfacet
  facet normal -0.258405 0.966037 0
    outer loop
      vertex 26.7766 110.952 -6.81
      vertex 26.8738 110.978 -6.81
      vertex 26.8738 110.978 -6.86
    endloop
  endfacet
  facet normal -0.391184 0.920312 0
    outer loop
      vertex 26.8738 110.978 -6.86
      vertex 26.8738 110.978 -6.81
      vertex 26.9632 111.016 -6.86
    endloop
  endfacet
  facet normal -0.391184 0.920312 0
    outer loop
      vertex 26.8738 110.978 -6.81
      vertex 26.9632 111.016 -6.81
      vertex 26.9632 111.016 -6.86
    endloop
  endfacet
  facet normal -0.507482 0.861662 0
    outer loop
      vertex 26.9632 111.016 -6.86
      vertex 26.9632 111.016 -6.81
      vertex 27.0447 111.064 -6.86
    endloop
  endfacet
  facet normal -0.507482 0.861662 0
    outer loop
      vertex 26.9632 111.016 -6.81
      vertex 27.0447 111.064 -6.81
      vertex 27.0447 111.064 -6.86
    endloop
  endfacet
  facet normal -0.618434 0.785837 0
    outer loop
      vertex 27.0447 111.064 -6.86
      vertex 27.0447 111.064 -6.81
      vertex 27.1184 111.122 -6.86
    endloop
  endfacet
  facet normal -0.618434 0.785837 0
    outer loop
      vertex 27.0447 111.064 -6.81
      vertex 27.1184 111.122 -6.81
      vertex 27.1184 111.122 -6.86
    endloop
  endfacet
  facet normal -0.723689 0.690126 0
    outer loop
      vertex 27.1184 111.122 -6.86
      vertex 27.1184 111.122 -6.81
      vertex 27.1842 111.191 -6.86
    endloop
  endfacet
  facet normal -0.723689 0.690126 0
    outer loop
      vertex 27.1184 111.122 -6.81
      vertex 27.1842 111.191 -6.81
      vertex 27.1842 111.191 -6.86
    endloop
  endfacet
  facet normal -0.808515 0.588476 0
    outer loop
      vertex 27.1842 111.191 -6.86
      vertex 27.1842 111.191 -6.81
      vertex 27.2417 111.27 -6.86
    endloop
  endfacet
  facet normal -0.808515 0.588476 0
    outer loop
      vertex 27.1842 111.191 -6.81
      vertex 27.2417 111.27 -6.81
      vertex 27.2417 111.27 -6.86
    endloop
  endfacet
  facet normal -0.877669 0.479267 0
    outer loop
      vertex 27.2417 111.27 -6.86
      vertex 27.2417 111.27 -6.81
      vertex 27.2903 111.359 -6.86
    endloop
  endfacet
  facet normal -0.877669 0.479267 0
    outer loop
      vertex 27.2417 111.27 -6.81
      vertex 27.2903 111.359 -6.81
      vertex 27.2903 111.359 -6.86
    endloop
  endfacet
  facet normal -0.926508 0.376276 0
    outer loop
      vertex 27.2903 111.359 -6.86
      vertex 27.2903 111.359 -6.81
      vertex 27.3301 111.457 -6.86
    endloop
  endfacet
  facet normal -0.926508 0.376276 0
    outer loop
      vertex 27.2903 111.359 -6.81
      vertex 27.3301 111.457 -6.81
      vertex 27.3301 111.457 -6.86
    endloop
  endfacet
  facet normal -0.961187 0.275896 0
    outer loop
      vertex 27.3301 111.457 -6.86
      vertex 27.3301 111.457 -6.81
      vertex 27.3611 111.565 -6.86
    endloop
  endfacet
  facet normal -0.961187 0.275896 0
    outer loop
      vertex 27.3301 111.457 -6.81
      vertex 27.3611 111.565 -6.81
      vertex 27.3611 111.565 -6.86
    endloop
  endfacet
  facet normal -0.982624 0.185607 0
    outer loop
      vertex 27.3611 111.565 -6.86
      vertex 27.3611 111.565 -6.81
      vertex 27.3832 111.682 -6.86
    endloop
  endfacet
  facet normal -0.982624 0.185607 0
    outer loop
      vertex 27.3611 111.565 -6.81
      vertex 27.3832 111.682 -6.81
      vertex 27.3832 111.682 -6.86
    endloop
  endfacet
  facet normal -0.994642 0.10338 0
    outer loop
      vertex 27.3832 111.682 -6.86
      vertex 27.3832 111.682 -6.81
      vertex 27.3964 111.809 -6.86
    endloop
  endfacet
  facet normal -0.994642 0.10338 0
    outer loop
      vertex 27.3832 111.682 -6.81
      vertex 27.3964 111.809 -6.81
      vertex 27.3964 111.809 -6.86
    endloop
  endfacet
  facet normal -0.999461 0.032829 0
    outer loop
      vertex 27.3964 111.809 -6.86
      vertex 27.3964 111.809 -6.81
      vertex 27.4009 111.946 -6.86
    endloop
  endfacet
  facet normal -0.999461 0.032829 0
    outer loop
      vertex 27.3964 111.809 -6.81
      vertex 27.4009 111.946 -6.81
      vertex 27.4009 111.946 -6.86
    endloop
  endfacet
  facet normal -0.999486 -0.032073 0
    outer loop
      vertex 27.4009 111.946 -6.86
      vertex 27.4009 111.946 -6.81
      vertex 27.3966 112.08 -6.86
    endloop
  endfacet
  facet normal -0.999486 -0.032073 0
    outer loop
      vertex 27.4009 111.946 -6.81
      vertex 27.3966 112.08 -6.81
      vertex 27.3966 112.08 -6.86
    endloop
  endfacet
  facet normal -0.994717 -0.102655 0
    outer loop
      vertex 27.3966 112.08 -6.86
      vertex 27.3966 112.08 -6.81
      vertex 27.3837 112.205 -6.86
    endloop
  endfacet
  facet normal -0.994717 -0.102655 0
    outer loop
      vertex 27.3966 112.08 -6.81
      vertex 27.3837 112.205 -6.81
      vertex 27.3837 112.205 -6.86
    endloop
  endfacet
  facet normal -0.982969 -0.183772 0
    outer loop
      vertex 27.3837 112.205 -6.86
      vertex 27.3837 112.205 -6.81
      vertex 27.3622 112.32 -6.86
    endloop
  endfacet
  facet normal -0.982969 -0.183772 0
    outer loop
      vertex 27.3837 112.205 -6.81
      vertex 27.3622 112.32 -6.81
      vertex 27.3622 112.32 -6.86
    endloop
  endfacet
  facet normal -0.961282 -0.275567 0
    outer loop
      vertex 27.3622 112.32 -6.86
      vertex 27.3622 112.32 -6.81
      vertex 27.3321 112.425 -6.86
    endloop
  endfacet
  facet normal -0.961282 -0.275567 0
    outer loop
      vertex 27.3622 112.32 -6.81
      vertex 27.3321 112.425 -6.81
      vertex 27.3321 112.425 -6.86
    endloop
  endfacet
  facet normal -0.927474 -0.373888 0
    outer loop
      vertex 27.3321 112.425 -6.86
      vertex 27.3321 112.425 -6.81
      vertex 27.2934 112.521 -6.86
    endloop
  endfacet
  facet normal -0.927474 -0.373888 0
    outer loop
      vertex 27.3321 112.425 -6.81
      vertex 27.2934 112.521 -6.81
      vertex 27.2934 112.521 -6.86
    endloop
  endfacet
  facet normal -0.876646 -0.481136 0
    outer loop
      vertex 27.2934 112.521 -6.86
      vertex 27.2934 112.521 -6.81
      vertex 27.2462 112.607 -6.86
    endloop
  endfacet
  facet normal -0.876646 -0.481136 0
    outer loop
      vertex 27.2934 112.521 -6.81
      vertex 27.2462 112.607 -6.81
      vertex 27.2462 112.607 -6.86
    endloop
  endfacet
  facet normal -0.809236 -0.587484 0
    outer loop
      vertex 27.2462 112.607 -6.86
      vertex 27.2462 112.607 -6.81
      vertex 27.1903 112.684 -6.86
    endloop
  endfacet
  facet normal -0.809236 -0.587484 0
    outer loop
      vertex 27.2462 112.607 -6.81
      vertex 27.1903 112.684 -6.81
      vertex 27.1903 112.684 -6.86
    endloop
  endfacet
  facet normal -0.722033 -0.691859 0
    outer loop
      vertex 27.1903 112.684 -6.86
      vertex 27.1903 112.684 -6.81
      vertex 27.1261 112.751 -6.86
    endloop
  endfacet
  facet normal -0.722033 -0.691859 0
    outer loop
      vertex 27.1903 112.684 -6.81
      vertex 27.1261 112.751 -6.81
      vertex 27.1261 112.751 -6.86
    endloop
  endfacet
  facet normal -0.620173 -0.784465 0
    outer loop
      vertex 27.1261 112.751 -6.86
      vertex 27.1261 112.751 -6.81
      vertex 27.054 112.808 -6.86
    endloop
  endfacet
  facet normal -0.620173 -0.784465 0
    outer loop
      vertex 27.1261 112.751 -6.81
      vertex 27.054 112.808 -6.81
      vertex 27.054 112.808 -6.86
    endloop
  endfacet
  facet normal -0.497536 -0.867443 0
    outer loop
      vertex 27.054 112.808 -6.86
      vertex 27.054 112.808 -6.81
      vertex 26.9738 112.854 -6.86
    endloop
  endfacet
  facet normal -0.497536 -0.867443 0
    outer loop
      vertex 27.054 112.808 -6.81
      vertex 26.9738 112.854 -6.81
      vertex 26.9738 112.854 -6.86
    endloop
  endfacet
  facet normal -0.377897 -0.925848 0
    outer loop
      vertex 26.9738 112.854 -6.86
      vertex 26.9738 112.854 -6.81
      vertex 26.8856 112.89 -6.86
    endloop
  endfacet
  facet normal -0.377897 -0.925848 0
    outer loop
      vertex 26.9738 112.854 -6.81
      vertex 26.8856 112.89 -6.81
      vertex 26.8856 112.89 -6.86
    endloop
  endfacet
  facet normal -0.260909 -0.965363 0
    outer loop
      vertex 26.8856 112.89 -6.86
      vertex 26.8856 112.89 -6.81
      vertex 26.7894 112.916 -6.86
    endloop
  endfacet
  facet normal -0.260909 -0.965363 0
    outer loop
      vertex 26.8856 112.89 -6.81
      vertex 26.7894 112.916 -6.81
      vertex 26.7894 112.916 -6.86
    endloop
  endfacet
  facet normal -0.142351 -0.989816 0
    outer loop
      vertex 26.7894 112.916 -6.86
      vertex 26.7894 112.916 -6.81
      vertex 26.6851 112.931 -6.86
    endloop
  endfacet
  facet normal -0.142351 -0.989816 0
    outer loop
      vertex 26.7894 112.916 -6.81
      vertex 26.6851 112.931 -6.81
      vertex 26.6851 112.931 -6.86
    endloop
  endfacet
  facet normal -0.0533996 -0.998573 0
    outer loop
      vertex 26.6851 112.931 -6.86
      vertex 26.6851 112.931 -6.81
      vertex 26.5729 112.937 -6.86
    endloop
  endfacet
  facet normal -0.0533996 -0.998573 0
    outer loop
      vertex 26.6851 112.931 -6.81
      vertex 26.5729 112.937 -6.81
      vertex 26.5729 112.937 -6.86
    endloop
  endfacet
  facet normal 0.0401283 -0.999195 0
    outer loop
      vertex 26.5729 112.937 -6.86
      vertex 26.5729 112.937 -6.81
      vertex 26.4982 112.934 -6.86
    endloop
  endfacet
  facet normal 0.0401283 -0.999195 0
    outer loop
      vertex 26.5729 112.937 -6.81
      vertex 26.4982 112.934 -6.81
      vertex 26.4982 112.934 -6.86
    endloop
  endfacet
  facet normal 0.110583 -0.993867 0
    outer loop
      vertex 26.4982 112.934 -6.86
      vertex 26.4982 112.934 -6.81
      vertex 26.4263 112.926 -6.86
    endloop
  endfacet
  facet normal 0.110583 -0.993867 0
    outer loop
      vertex 26.4982 112.934 -6.81
      vertex 26.4263 112.926 -6.81
      vertex 26.4263 112.926 -6.86
    endloop
  endfacet
  facet normal 0.185148 -0.982711 0
    outer loop
      vertex 26.4263 112.926 -6.86
      vertex 26.4263 112.926 -6.81
      vertex 26.3573 112.913 -6.86
    endloop
  endfacet
  facet normal 0.185148 -0.982711 0
    outer loop
      vertex 26.4263 112.926 -6.81
      vertex 26.3573 112.913 -6.81
      vertex 26.3573 112.913 -6.86
    endloop
  endfacet
  facet normal 0.262747 -0.964865 0
    outer loop
      vertex 26.3573 112.913 -6.86
      vertex 26.3573 112.913 -6.81
      vertex 26.2912 112.895 -6.86
    endloop
  endfacet
  facet normal 0.262747 -0.964865 0
    outer loop
      vertex 26.3573 112.913 -6.81
      vertex 26.2912 112.895 -6.81
      vertex 26.2912 112.895 -6.86
    endloop
  endfacet
  facet normal 0.341982 -0.939707 0
    outer loop
      vertex 26.2912 112.895 -6.86
      vertex 26.2912 112.895 -6.81
      vertex 26.228 112.872 -6.86
    endloop
  endfacet
  facet normal 0.341982 -0.939707 0
    outer loop
      vertex 26.2912 112.895 -6.81
      vertex 26.228 112.872 -6.81
      vertex 26.228 112.872 -6.86
    endloop
  endfacet
  facet normal 0.432828 -0.901476 0
    outer loop
      vertex 26.228 112.872 -6.86
      vertex 26.228 112.872 -6.81
      vertex 26.1676 112.843 -6.86
    endloop
  endfacet
  facet normal 0.432828 -0.901476 0
    outer loop
      vertex 26.228 112.872 -6.81
      vertex 26.1676 112.843 -6.81
      vertex 26.1676 112.843 -6.86
    endloop
  endfacet
  facet normal 0.508981 -0.860777 0
    outer loop
      vertex 26.1676 112.843 -6.86
      vertex 26.1676 112.843 -6.81
      vertex 26.1101 112.809 -6.86
    endloop
  endfacet
  facet normal 0.508981 -0.860777 0
    outer loop
      vertex 26.1676 112.843 -6.81
      vertex 26.1101 112.809 -6.81
      vertex 26.1101 112.809 -6.86
    endloop
  endfacet
  facet normal 0.579074 -0.815275 0
    outer loop
      vertex 26.1101 112.809 -6.86
      vertex 26.1101 112.809 -6.81
      vertex 26.0566 112.771 -6.86
    endloop
  endfacet
  facet normal 0.579074 -0.815275 0
    outer loop
      vertex 26.1101 112.809 -6.81
      vertex 26.0566 112.771 -6.81
      vertex 26.0566 112.771 -6.86
    endloop
  endfacet
  facet normal 0.647924 -0.761705 0
    outer loop
      vertex 26.0566 112.771 -6.86
      vertex 26.0566 112.771 -6.81
      vertex 26.0084 112.73 -6.86
    endloop
  endfacet
  facet normal 0.647924 -0.761705 0
    outer loop
      vertex 26.0566 112.771 -6.81
      vertex 26.0084 112.73 -6.81
      vertex 26.0084 112.73 -6.86
    endloop
  endfacet
  facet normal 0.73132 -0.682035 0
    outer loop
      vertex 26.0084 112.73 -6.86
      vertex 26.0084 112.73 -6.81
      vertex 25.9655 112.684 -6.86
    endloop
  endfacet
  facet normal 0.73132 -0.682035 0
    outer loop
      vertex 26.0084 112.73 -6.81
      vertex 25.9655 112.684 -6.81
      vertex 25.9655 112.684 -6.86
    endloop
  endfacet
  facet normal 0.793346 -0.608771 0
    outer loop
      vertex 25.9655 112.684 -6.86
      vertex 25.9655 112.684 -6.81
      vertex 25.9279 112.635 -6.86
    endloop
  endfacet
  facet normal 0.793346 -0.608771 0
    outer loop
      vertex 25.9655 112.684 -6.81
      vertex 25.9279 112.635 -6.81
      vertex 25.9279 112.635 -6.86
    endloop
  endfacet
  facet normal 0.848731 -0.528825 0
    outer loop
      vertex 25.9279 112.635 -6.86
      vertex 25.9279 112.635 -6.81
      vertex 25.8955 112.583 -6.86
    endloop
  endfacet
  facet normal 0.848731 -0.528825 0
    outer loop
      vertex 25.9279 112.635 -6.81
      vertex 25.8955 112.583 -6.81
      vertex 25.8955 112.583 -6.86
    endloop
  endfacet
  facet normal 0.903124 -0.42938 0
    outer loop
      vertex 25.8955 112.583 -6.86
      vertex 25.8955 112.583 -6.81
      vertex 25.8684 112.526 -6.86
    endloop
  endfacet
  facet normal 0.903124 -0.42938 0
    outer loop
      vertex 25.8955 112.583 -6.81
      vertex 25.8684 112.526 -6.81
      vertex 25.8684 112.526 -6.86
    endloop
  endfacet
  facet normal 0.938017 -0.346589 0
    outer loop
      vertex 25.8684 112.526 -6.86
      vertex 25.8684 112.526 -6.81
      vertex 25.8466 112.467 -6.86
    endloop
  endfacet
  facet normal 0.938017 -0.346589 0
    outer loop
      vertex 25.8684 112.526 -6.81
      vertex 25.8466 112.467 -6.81
      vertex 25.8466 112.467 -6.86
    endloop
  endfacet
  facet normal -0.262701 -0.964877 0
    outer loop
      vertex 25.8466 112.467 -6.86
      vertex 25.8466 112.467 -6.81
      vertex 25.3177 112.611 -6.86
    endloop
  endfacet
  facet normal -0.262701 -0.964877 0
    outer loop
      vertex 25.8466 112.467 -6.81
      vertex 25.3177 112.611 -6.81
      vertex 25.3177 112.611 -6.86
    endloop
  endfacet
  facet normal -0.936614 0.350363 0
    outer loop
      vertex 25.3177 112.611 -6.86
      vertex 25.3177 112.611 -6.81
      vertex 25.3581 112.719 -6.86
    endloop
  endfacet
  facet normal -0.936614 0.350363 0
    outer loop
      vertex 25.3177 112.611 -6.81
      vertex 25.3581 112.719 -6.81
      vertex 25.3581 112.719 -6.86
    endloop
  endfacet
  facet normal -0.902497 0.430697 0
    outer loop
      vertex 25.3581 112.719 -6.86
      vertex 25.3581 112.719 -6.81
      vertex 25.4063 112.82 -6.86
    endloop
  endfacet
  facet normal -0.902497 0.430697 0
    outer loop
      vertex 25.3581 112.719 -6.81
      vertex 25.4063 112.82 -6.81
      vertex 25.4063 112.82 -6.86
    endloop
  endfacet
  facet normal -0.856679 0.51585 0
    outer loop
      vertex 25.4063 112.82 -6.86
      vertex 25.4063 112.82 -6.81
      vertex 25.4623 112.913 -6.86
    endloop
  endfacet
  facet normal -0.856679 0.51585 0
    outer loop
      vertex 25.4063 112.82 -6.81
      vertex 25.4623 112.913 -6.81
      vertex 25.4623 112.913 -6.86
    endloop
  endfacet
  facet normal -0.800678 0.599095 0
    outer loop
      vertex 25.4623 112.913 -6.86
      vertex 25.4623 112.913 -6.81
      vertex 25.5259 112.998 -6.86
    endloop
  endfacet
  facet normal -0.800678 0.599095 0
    outer loop
      vertex 25.4623 112.913 -6.81
      vertex 25.5259 112.998 -6.81
      vertex 25.5259 112.998 -6.86
    endloop
  endfacet
  facet normal -0.733268 0.67994 0
    outer loop
      vertex 25.5259 112.998 -6.86
      vertex 25.5259 112.998 -6.81
      vertex 25.5973 113.075 -6.86
    endloop
  endfacet
  facet normal -0.733268 0.67994 0
    outer loop
      vertex 25.5259 112.998 -6.81
      vertex 25.5973 113.075 -6.81
      vertex 25.5973 113.075 -6.86
    endloop
  endfacet
  facet normal -0.657357 0.753579 0
    outer loop
      vertex 25.5973 113.075 -6.86
      vertex 25.5973 113.075 -6.81
      vertex 25.6764 113.144 -6.86
    endloop
  endfacet
  facet normal -0.657357 0.753579 0
    outer loop
      vertex 25.5973 113.075 -6.81
      vertex 25.6764 113.144 -6.81
      vertex 25.6764 113.144 -6.86
    endloop
  endfacet
  facet normal -0.581238 0.813733 0
    outer loop
      vertex 25.6764 113.144 -6.86
      vertex 25.6764 113.144 -6.81
      vertex 25.7632 113.206 -6.86
    endloop
  endfacet
  facet normal -0.581238 0.813733 0
    outer loop
      vertex 25.6764 113.144 -6.81
      vertex 25.7632 113.206 -6.81
      vertex 25.7632 113.206 -6.86
    endloop
  endfacet
  facet normal -0.496139 0.868243 0
    outer loop
      vertex 25.7632 113.206 -6.86
      vertex 25.7632 113.206 -6.81
      vertex 25.8577 113.26 -6.86
    endloop
  endfacet
  facet normal -0.496139 0.868243 0
    outer loop
      vertex 25.7632 113.206 -6.81
      vertex 25.8577 113.26 -6.81
      vertex 25.8577 113.26 -6.86
    endloop
  endfacet
  facet normal -0.403309 0.915064 0
    outer loop
      vertex 25.8577 113.26 -6.86
      vertex 25.8577 113.26 -6.81
      vertex 25.9598 113.305 -6.86
    endloop
  endfacet
  facet normal -0.403309 0.915064 0
    outer loop
      vertex 25.8577 113.26 -6.81
      vertex 25.9598 113.305 -6.81
      vertex 25.9598 113.305 -6.86
    endloop
  endfacet
  facet normal -0.319333 0.947643 0
    outer loop
      vertex 25.9598 113.305 -6.86
      vertex 25.9598 113.305 -6.81
      vertex 26.0696 113.342 -6.86
    endloop
  endfacet
  facet normal -0.319333 0.947643 0
    outer loop
      vertex 25.9598 113.305 -6.81
      vertex 26.0696 113.342 -6.81
      vertex 26.0696 113.342 -6.86
    endloop
  endfacet
  facet normal -0.239811 0.97082 0
    outer loop
      vertex 26.0696 113.342 -6.86
      vertex 26.0696 113.342 -6.81
      vertex 26.187 113.371 -6.86
    endloop
  endfacet
  facet normal -0.239811 0.97082 0
    outer loop
      vertex 26.0696 113.342 -6.81
      vertex 26.187 113.371 -6.81
      vertex 26.187 113.371 -6.86
    endloop
  endfacet
  facet normal -0.165549 0.986201 0
    outer loop
      vertex 26.187 113.371 -6.86
      vertex 26.187 113.371 -6.81
      vertex 26.3121 113.392 -6.86
    endloop
  endfacet
  facet normal -0.165549 0.986201 0
    outer loop
      vertex 26.187 113.371 -6.81
      vertex 26.3121 113.392 -6.81
      vertex 26.3121 113.392 -6.86
    endloop
  endfacet
  facet normal -0.090062 0.995936 0
    outer loop
      vertex 26.3121 113.392 -6.86
      vertex 26.3121 113.392 -6.81
      vertex 26.4448 113.404 -6.86
    endloop
  endfacet
  facet normal -0.090062 0.995936 0
    outer loop
      vertex 26.3121 113.392 -6.81
      vertex 26.4448 113.404 -6.81
      vertex 26.4448 113.404 -6.86
    endloop
  endfacet
  facet normal -0.0356153 0.999366 0
    outer loop
      vertex 26.4448 113.404 -6.86
      vertex 26.4448 113.404 -6.81
      vertex 26.5851 113.409 -6.86
    endloop
  endfacet
  facet normal -0.0356153 0.999366 0
    outer loop
      vertex 26.4448 113.404 -6.81
      vertex 26.5851 113.409 -6.81
      vertex 26.5851 113.409 -6.86
    endloop
  endfacet
  facet normal 0.04187 0.999123 -0
    outer loop
      vertex 26.5851 113.409 -6.86
      vertex 26.5851 113.409 -6.81
      vertex 26.776 113.401 -6.86
    endloop
  endfacet
  facet normal 0.04187 0.999123 0
    outer loop
      vertex 26.5851 113.409 -6.81
      vertex 26.776 113.401 -6.81
      vertex 26.776 113.401 -6.86
    endloop
  endfacet
  facet normal 0.128432 0.991718 -0
    outer loop
      vertex 26.776 113.401 -6.86
      vertex 26.776 113.401 -6.81
      vertex 26.9536 113.378 -6.86
    endloop
  endfacet
  facet normal 0.128432 0.991718 0
    outer loop
      vertex 26.776 113.401 -6.81
      vertex 26.9536 113.378 -6.81
      vertex 26.9536 113.378 -6.86
    endloop
  endfacet
  facet normal 0.231086 0.972933 -0
    outer loop
      vertex 26.9536 113.378 -6.86
      vertex 26.9536 113.378 -6.81
      vertex 27.1178 113.339 -6.86
    endloop
  endfacet
  facet normal 0.231086 0.972933 0
    outer loop
      vertex 26.9536 113.378 -6.81
      vertex 27.1178 113.339 -6.81
      vertex 27.1178 113.339 -6.86
    endloop
  endfacet
  facet normal 0.336929 0.94153 -0
    outer loop
      vertex 27.1178 113.339 -6.86
      vertex 27.1178 113.339 -6.81
      vertex 27.2687 113.285 -6.86
    endloop
  endfacet
  facet normal 0.336929 0.94153 0
    outer loop
      vertex 27.1178 113.339 -6.81
      vertex 27.2687 113.285 -6.81
      vertex 27.2687 113.285 -6.86
    endloop
  endfacet
  facet normal 0.453945 0.89103 -0
    outer loop
      vertex 27.2687 113.285 -6.86
      vertex 27.2687 113.285 -6.81
      vertex 27.4061 113.215 -6.86
    endloop
  endfacet
  facet normal 0.453945 0.89103 0
    outer loop
      vertex 27.2687 113.285 -6.81
      vertex 27.4061 113.215 -6.81
      vertex 27.4061 113.215 -6.86
    endloop
  endfacet
  facet normal 0.560538 0.828129 -0
    outer loop
      vertex 27.4061 113.215 -6.86
      vertex 27.4061 113.215 -6.81
      vertex 27.5302 113.131 -6.86
    endloop
  endfacet
  facet normal 0.560538 0.828129 0
    outer loop
      vertex 27.4061 113.215 -6.81
      vertex 27.5302 113.131 -6.81
      vertex 27.5302 113.131 -6.86
    endloop
  endfacet
  facet normal 0.674 0.738731 -0
    outer loop
      vertex 27.5302 113.131 -6.86
      vertex 27.5302 113.131 -6.81
      vertex 27.6409 113.03 -6.86
    endloop
  endfacet
  facet normal 0.674 0.738731 0
    outer loop
      vertex 27.5302 113.131 -6.81
      vertex 27.6409 113.03 -6.81
      vertex 27.6409 113.03 -6.86
    endloop
  endfacet
  facet normal 0.765377 0.643582 -0
    outer loop
      vertex 27.6409 113.03 -6.86
      vertex 27.6409 113.03 -6.81
      vertex 27.7376 112.915 -6.86
    endloop
  endfacet
  facet normal 0.765377 0.643582 0
    outer loop
      vertex 27.6409 113.03 -6.81
      vertex 27.7376 112.915 -6.81
      vertex 27.7376 112.915 -6.86
    endloop
  endfacet
  facet normal 0.842929 0.538025 -0
    outer loop
      vertex 27.7376 112.915 -6.86
      vertex 27.7376 112.915 -6.81
      vertex 27.8193 112.787 -6.86
    endloop
  endfacet
  facet normal 0.842929 0.538025 0
    outer loop
      vertex 27.7376 112.915 -6.81
      vertex 27.8193 112.787 -6.81
      vertex 27.8193 112.787 -6.86
    endloop
  endfacet
  facet normal 0.903464 0.428665 -0
    outer loop
      vertex 27.8193 112.787 -6.86
      vertex 27.8193 112.787 -6.81
      vertex 27.8862 112.646 -6.86
    endloop
  endfacet
  facet normal 0.903464 0.428665 0
    outer loop
      vertex 27.8193 112.787 -6.81
      vertex 27.8862 112.646 -6.81
      vertex 27.8862 112.646 -6.86
    endloop
  endfacet
  facet normal 0.94807 0.318062 -0
    outer loop
      vertex 27.8862 112.646 -6.86
      vertex 27.8862 112.646 -6.81
      vertex 27.9382 112.491 -6.86
    endloop
  endfacet
  facet normal 0.94807 0.318062 0
    outer loop
      vertex 27.8862 112.646 -6.81
      vertex 27.9382 112.491 -6.81
      vertex 27.9382 112.491 -6.86
    endloop
  endfacet
  facet normal 0.97662 0.214972 -0
    outer loop
      vertex 27.9382 112.491 -6.86
      vertex 27.9382 112.491 -6.81
      vertex 27.9754 112.322 -6.86
    endloop
  endfacet
  facet normal 0.97662 0.214972 0
    outer loop
      vertex 27.9382 112.491 -6.81
      vertex 27.9754 112.322 -6.81
      vertex 27.9754 112.322 -6.86
    endloop
  endfacet
  facet normal 0.992496 0.12228 -0
    outer loop
      vertex 27.9754 112.322 -6.86
      vertex 27.9754 112.322 -6.81
      vertex 27.9977 112.141 -6.86
    endloop
  endfacet
  facet normal 0.992496 0.12228 0
    outer loop
      vertex 27.9754 112.322 -6.81
      vertex 27.9977 112.141 -6.81
      vertex 27.9977 112.141 -6.86
    endloop
  endfacet
  facet normal 0.999281 0.0379214 -0
    outer loop
      vertex 27.9977 112.141 -6.86
      vertex 27.9977 112.141 -6.81
      vertex 28.0051 111.946 -6.86
    endloop
  endfacet
  facet normal 0.999281 0.0379214 0
    outer loop
      vertex 27.9977 112.141 -6.81
      vertex 28.0051 111.946 -6.81
      vertex 28.0051 111.946 -6.86
    endloop
  endfacet
  facet normal 0.999221 -0.0394564 0
    outer loop
      vertex 28.0051 111.946 -6.86
      vertex 28.0051 111.946 -6.81
      vertex 27.9974 111.751 -6.86
    endloop
  endfacet
  facet normal 0.999221 -0.0394564 0
    outer loop
      vertex 28.0051 111.946 -6.81
      vertex 27.9974 111.751 -6.81
      vertex 27.9974 111.751 -6.86
    endloop
  endfacet
  facet normal 0.992041 -0.125913 0
    outer loop
      vertex 27.9974 111.751 -6.86
      vertex 27.9974 111.751 -6.81
      vertex 27.9743 111.569 -6.86
    endloop
  endfacet
  facet normal 0.992041 -0.125913 0
    outer loop
      vertex 27.9974 111.751 -6.81
      vertex 27.9743 111.569 -6.81
      vertex 27.9743 111.569 -6.86
    endloop
  endfacet
  facet normal 0.975019 -0.22212 0
    outer loop
      vertex 27.9743 111.569 -6.86
      vertex 27.9743 111.569 -6.81
      vertex 27.9358 111.4 -6.86
    endloop
  endfacet
  facet normal 0.975019 -0.22212 0
    outer loop
      vertex 27.9743 111.569 -6.81
      vertex 27.9358 111.4 -6.81
      vertex 27.9358 111.4 -6.86
    endloop
  endfacet
  facet normal 0.945814 -0.324709 0
    outer loop
      vertex 27.9358 111.4 -6.86
      vertex 27.9358 111.4 -6.81
      vertex 27.8819 111.243 -6.86
    endloop
  endfacet
  facet normal 0.945814 -0.324709 0
    outer loop
      vertex 27.9358 111.4 -6.81
      vertex 27.8819 111.243 -6.81
      vertex 27.8819 111.243 -6.86
    endloop
  endfacet
  facet normal 0.899649 -0.436613 0
    outer loop
      vertex 27.8819 111.243 -6.86
      vertex 27.8819 111.243 -6.81
      vertex 27.8125 111.1 -6.86
    endloop
  endfacet
  facet normal 0.899649 -0.436613 0
    outer loop
      vertex 27.8819 111.243 -6.81
      vertex 27.8125 111.1 -6.81
      vertex 27.8125 111.1 -6.86
    endloop
  endfacet
  facet normal 0.839759 -0.542959 0
    outer loop
      vertex 27.8125 111.1 -6.86
      vertex 27.8125 111.1 -6.81
      vertex 27.7278 110.969 -6.86
    endloop
  endfacet
  facet normal 0.839759 -0.542959 0
    outer loop
      vertex 27.8125 111.1 -6.81
      vertex 27.7278 110.969 -6.81
      vertex 27.7278 110.969 -6.86
    endloop
  endfacet
  facet normal 0.765261 -0.64372 0
    outer loop
      vertex 27.7278 110.969 -6.86
      vertex 27.7278 110.969 -6.81
      vertex 27.6277 110.85 -6.86
    endloop
  endfacet
  facet normal 0.765261 -0.64372 0
    outer loop
      vertex 27.7278 110.969 -6.81
      vertex 27.6277 110.85 -6.81
      vertex 27.6277 110.85 -6.86
    endloop
  endfacet
  facet normal 0.673317 -0.739354 0
    outer loop
      vertex 27.6277 110.85 -6.86
      vertex 27.6277 110.85 -6.81
      vertex 27.5135 110.746 -6.86
    endloop
  endfacet
  facet normal 0.673317 -0.739354 0
    outer loop
      vertex 27.6277 110.85 -6.81
      vertex 27.5135 110.746 -6.81
      vertex 27.5135 110.746 -6.86
    endloop
  endfacet
  facet normal 0.564847 -0.825196 0
    outer loop
      vertex 27.5135 110.746 -6.86
      vertex 27.5135 110.746 -6.81
      vertex 27.3864 110.659 -6.86
    endloop
  endfacet
  facet normal 0.564847 -0.825196 0
    outer loop
      vertex 27.5135 110.746 -6.81
      vertex 27.3864 110.659 -6.81
      vertex 27.3864 110.659 -6.86
    endloop
  endfacet
  facet normal 0.457606 -0.889155 0
    outer loop
      vertex 27.3864 110.659 -6.86
      vertex 27.3864 110.659 -6.81
      vertex 27.2465 110.587 -6.86
    endloop
  endfacet
  facet normal 0.457606 -0.889155 0
    outer loop
      vertex 27.3864 110.659 -6.81
      vertex 27.2465 110.587 -6.81
      vertex 27.2465 110.587 -6.86
    endloop
  endfacet
  facet normal 0.344309 -0.938856 0
    outer loop
      vertex 27.2465 110.587 -6.86
      vertex 27.2465 110.587 -6.81
      vertex 27.0938 110.531 -6.86
    endloop
  endfacet
  facet normal 0.344309 -0.938856 0
    outer loop
      vertex 27.2465 110.587 -6.81
      vertex 27.0938 110.531 -6.81
      vertex 27.0938 110.531 -6.86
    endloop
  endfacet
  facet normal 0.234794 -0.972045 0
    outer loop
      vertex 27.0938 110.531 -6.86
      vertex 27.0938 110.531 -6.81
      vertex 26.9282 110.491 -6.86
    endloop
  endfacet
  facet normal 0.234794 -0.972045 0
    outer loop
      vertex 27.0938 110.531 -6.81
      vertex 26.9282 110.491 -6.81
      vertex 26.9282 110.491 -6.86
    endloop
  endfacet
  facet normal 0.133402 -0.991062 0
    outer loop
      vertex 26.9282 110.491 -6.86
      vertex 26.9282 110.491 -6.81
      vertex 26.7499 110.467 -6.86
    endloop
  endfacet
  facet normal 0.133402 -0.991062 0
    outer loop
      vertex 26.9282 110.491 -6.81
      vertex 26.7499 110.467 -6.81
      vertex 26.7499 110.467 -6.86
    endloop
  endfacet
  facet normal 0.0417826 -0.999127 0
    outer loop
      vertex 26.7499 110.467 -6.86
      vertex 26.7499 110.467 -6.81
      vertex 26.5586 110.459 -6.86
    endloop
  endfacet
  facet normal 0.0417826 -0.999127 0
    outer loop
      vertex 26.7499 110.467 -6.81
      vertex 26.5586 110.459 -6.81
      vertex 26.5586 110.459 -6.86
    endloop
  endfacet
  facet normal -0.0313571 -0.999508 0
    outer loop
      vertex 26.5586 110.459 -6.86
      vertex 26.5586 110.459 -6.81
      vertex 26.4311 110.463 -6.86
    endloop
  endfacet
  facet normal -0.0313571 -0.999508 0
    outer loop
      vertex 26.5586 110.459 -6.81
      vertex 26.4311 110.463 -6.81
      vertex 26.4311 110.463 -6.86
    endloop
  endfacet
  facet normal -0.135378 -0.990794 0
    outer loop
      vertex 23.9101 110.464 -6.86
      vertex 23.9101 110.464 -6.81
      vertex 23.793 110.48 -6.86
    endloop
  endfacet
  facet normal -0.135378 -0.990794 0
    outer loop
      vertex 23.9101 110.464 -6.81
      vertex 23.793 110.48 -6.81
      vertex 23.793 110.48 -6.86
    endloop
  endfacet
  facet normal -0.240232 -0.970715 0
    outer loop
      vertex 23.793 110.48 -6.86
      vertex 23.793 110.48 -6.81
      vertex 23.6839 110.507 -6.86
    endloop
  endfacet
  facet normal -0.240232 -0.970715 0
    outer loop
      vertex 23.793 110.48 -6.81
      vertex 23.6839 110.507 -6.81
      vertex 23.6839 110.507 -6.86
    endloop
  endfacet
  facet normal -0.343681 -0.939086 0
    outer loop
      vertex 23.6839 110.507 -6.86
      vertex 23.6839 110.507 -6.81
      vertex 23.5828 110.544 -6.86
    endloop
  endfacet
  facet normal -0.343681 -0.939086 0
    outer loop
      vertex 23.6839 110.507 -6.81
      vertex 23.5828 110.544 -6.81
      vertex 23.5828 110.544 -6.86
    endloop
  endfacet
  facet normal -0.457865 -0.889022 0
    outer loop
      vertex 23.5828 110.544 -6.86
      vertex 23.5828 110.544 -6.81
      vertex 23.4896 110.592 -6.86
    endloop
  endfacet
  facet normal -0.457865 -0.889022 0
    outer loop
      vertex 23.5828 110.544 -6.81
      vertex 23.4896 110.592 -6.81
      vertex 23.4896 110.592 -6.86
    endloop
  endfacet
  facet normal -0.562735 -0.826638 0
    outer loop
      vertex 23.4896 110.592 -6.86
      vertex 23.4896 110.592 -6.81
      vertex 23.4044 110.65 -6.86
    endloop
  endfacet
  facet normal -0.562735 -0.826638 0
    outer loop
      vertex 23.4896 110.592 -6.81
      vertex 23.4044 110.65 -6.81
      vertex 23.4044 110.65 -6.86
    endloop
  endfacet
  facet normal -0.6664 -0.745595 0
    outer loop
      vertex 23.4044 110.65 -6.86
      vertex 23.4044 110.65 -6.81
      vertex 23.3272 110.719 -6.86
    endloop
  endfacet
  facet normal -0.6664 -0.745595 0
    outer loop
      vertex 23.4044 110.65 -6.81
      vertex 23.3272 110.719 -6.81
      vertex 23.3272 110.719 -6.86
    endloop
  endfacet
  facet normal -0.757901 -0.65237 0
    outer loop
      vertex 23.3272 110.719 -6.86
      vertex 23.3272 110.719 -6.81
      vertex 23.2592 110.798 -6.86
    endloop
  endfacet
  facet normal -0.757901 -0.65237 0
    outer loop
      vertex 23.3272 110.719 -6.81
      vertex 23.2592 110.798 -6.81
      vertex 23.2592 110.798 -6.86
    endloop
  endfacet
  facet normal -0.830859 -0.556483 0
    outer loop
      vertex 23.2592 110.798 -6.86
      vertex 23.2592 110.798 -6.81
      vertex 23.2016 110.884 -6.86
    endloop
  endfacet
  facet normal -0.830859 -0.556483 0
    outer loop
      vertex 23.2592 110.798 -6.81
      vertex 23.2016 110.884 -6.81
      vertex 23.2016 110.884 -6.86
    endloop
  endfacet
  facet normal -0.896306 -0.443436 0
    outer loop
      vertex 23.2016 110.884 -6.86
      vertex 23.2016 110.884 -6.81
      vertex 23.1546 110.979 -6.86
    endloop
  endfacet
  facet normal -0.896306 -0.443436 0
    outer loop
      vertex 23.2016 110.884 -6.81
      vertex 23.1546 110.979 -6.81
      vertex 23.1546 110.979 -6.86
    endloop
  endfacet
  facet normal -0.94124 -0.337739 0
    outer loop
      vertex 23.1546 110.979 -6.86
      vertex 23.1546 110.979 -6.81
      vertex 23.118 111.081 -6.86
    endloop
  endfacet
  facet normal -0.94124 -0.337739 0
    outer loop
      vertex 23.1546 110.979 -6.81
      vertex 23.118 111.081 -6.81
      vertex 23.118 111.081 -6.86
    endloop
  endfacet
  facet normal -0.973256 -0.229723 0
    outer loop
      vertex 23.118 111.081 -6.86
      vertex 23.118 111.081 -6.81
      vertex 23.0918 111.192 -6.86
    endloop
  endfacet
  facet normal -0.973256 -0.229723 0
    outer loop
      vertex 23.118 111.081 -6.81
      vertex 23.0918 111.192 -6.81
      vertex 23.0918 111.192 -6.86
    endloop
  endfacet
  facet normal -0.991265 -0.131889 0
    outer loop
      vertex 23.0918 111.192 -6.86
      vertex 23.0918 111.192 -6.81
      vertex 23.0761 111.31 -6.86
    endloop
  endfacet
  facet normal -0.991265 -0.131889 0
    outer loop
      vertex 23.0918 111.192 -6.81
      vertex 23.0761 111.31 -6.81
      vertex 23.0761 111.31 -6.86
    endloop
  endfacet
  facet normal -0.999163 -0.0409106 0
    outer loop
      vertex 23.0761 111.31 -6.86
      vertex 23.0761 111.31 -6.81
      vertex 23.0709 111.437 -6.86
    endloop
  endfacet
  facet normal -0.999163 -0.0409106 0
    outer loop
      vertex 23.0761 111.31 -6.81
      vertex 23.0709 111.437 -6.81
      vertex 23.0709 111.437 -6.86
    endloop
  endfacet
  facet normal -0.999248 0.0387639 0
    outer loop
      vertex 23.0709 111.437 -6.86
      vertex 23.0709 111.437 -6.81
      vertex 23.0754 111.553 -6.86
    endloop
  endfacet
  facet normal -0.999248 0.0387639 0
    outer loop
      vertex 23.0709 111.437 -6.81
      vertex 23.0754 111.553 -6.81
      vertex 23.0754 111.553 -6.86
    endloop
  endfacet
  facet normal -0.992194 0.124707 0
    outer loop
      vertex 23.0754 111.553 -6.86
      vertex 23.0754 111.553 -6.81
      vertex 23.0891 111.662 -6.86
    endloop
  endfacet
  facet normal -0.992194 0.124707 0
    outer loop
      vertex 23.0754 111.553 -6.81
      vertex 23.0891 111.662 -6.81
      vertex 23.0891 111.662 -6.86
    endloop
  endfacet
  facet normal -0.975712 0.219057 0
    outer loop
      vertex 23.0891 111.662 -6.86
      vertex 23.0891 111.662 -6.81
      vertex 23.112 111.764 -6.86
    endloop
  endfacet
  facet normal -0.975712 0.219057 0
    outer loop
      vertex 23.0891 111.662 -6.81
      vertex 23.112 111.764 -6.81
      vertex 23.112 111.764 -6.86
    endloop
  endfacet
  facet normal -0.947982 0.318323 0
    outer loop
      vertex 23.112 111.764 -6.86
      vertex 23.112 111.764 -6.81
      vertex 23.1439 111.859 -6.86
    endloop
  endfacet
  facet normal -0.947982 0.318323 0
    outer loop
      vertex 23.112 111.764 -6.81
      vertex 23.1439 111.859 -6.81
      vertex 23.1439 111.859 -6.86
    endloop
  endfacet
  facet normal -0.906052 0.423167 0
    outer loop
      vertex 23.1439 111.859 -6.86
      vertex 23.1439 111.859 -6.81
      vertex 23.185 111.947 -6.86
    endloop
  endfacet
  facet normal -0.906052 0.423167 0
    outer loop
      vertex 23.1439 111.859 -6.81
      vertex 23.185 111.947 -6.81
      vertex 23.185 111.947 -6.86
    endloop
  endfacet
  facet normal -0.846568 0.53228 0
    outer loop
      vertex 23.185 111.947 -6.86
      vertex 23.185 111.947 -6.81
      vertex 23.2353 112.027 -6.86
    endloop
  endfacet
  facet normal -0.846568 0.53228 0
    outer loop
      vertex 23.185 111.947 -6.81
      vertex 23.2353 112.027 -6.81
      vertex 23.2353 112.027 -6.86
    endloop
  endfacet
  facet normal -0.776179 0.630513 0
    outer loop
      vertex 23.2353 112.027 -6.86
      vertex 23.2353 112.027 -6.81
      vertex 23.2946 112.1 -6.86
    endloop
  endfacet
  facet normal -0.776179 0.630513 0
    outer loop
      vertex 23.2353 112.027 -6.81
      vertex 23.2946 112.1 -6.81
      vertex 23.2946 112.1 -6.86
    endloop
  endfacet
  facet normal -0.694709 0.719291 0
    outer loop
      vertex 23.2946 112.1 -6.86
      vertex 23.2946 112.1 -6.81
      vertex 23.3619 112.165 -6.86
    endloop
  endfacet
  facet normal -0.694709 0.719291 0
    outer loop
      vertex 23.2946 112.1 -6.81
      vertex 23.3619 112.165 -6.81
      vertex 23.3619 112.165 -6.86
    endloop
  endfacet
  facet normal -0.598084 0.801433 0
    outer loop
      vertex 23.3619 112.165 -6.86
      vertex 23.3619 112.165 -6.81
      vertex 23.4356 112.22 -6.86
    endloop
  endfacet
  facet normal -0.598084 0.801433 0
    outer loop
      vertex 23.3619 112.165 -6.81
      vertex 23.4356 112.22 -6.81
      vertex 23.4356 112.22 -6.86
    endloop
  endfacet
  facet normal -0.488868 0.872358 0
    outer loop
      vertex 23.4356 112.22 -6.86
      vertex 23.4356 112.22 -6.81
      vertex 23.5159 112.265 -6.86
    endloop
  endfacet
  facet normal -0.488868 0.872358 0
    outer loop
      vertex 23.4356 112.22 -6.81
      vertex 23.5159 112.265 -6.81
      vertex 23.5159 112.265 -6.86
    endloop
  endfacet
  facet normal -0.373598 0.927591 0
    outer loop
      vertex 23.5159 112.265 -6.86
      vertex 23.5159 112.265 -6.81
      vertex 23.6028 112.3 -6.86
    endloop
  endfacet
  facet normal -0.373598 0.927591 0
    outer loop
      vertex 23.5159 112.265 -6.81
      vertex 23.6028 112.3 -6.81
      vertex 23.6028 112.3 -6.86
    endloop
  endfacet
  facet normal -0.258306 0.966063 0
    outer loop
      vertex 23.6028 112.3 -6.86
      vertex 23.6028 112.3 -6.81
      vertex 23.6963 112.325 -6.86
    endloop
  endfacet
  facet normal -0.258306 0.966063 0
    outer loop
      vertex 23.6028 112.3 -6.81
      vertex 23.6963 112.325 -6.81
      vertex 23.6963 112.325 -6.86
    endloop
  endfacet
  facet normal -0.14834 0.988936 0
    outer loop
      vertex 23.6963 112.325 -6.86
      vertex 23.6963 112.325 -6.81
      vertex 23.7963 112.34 -6.86
    endloop
  endfacet
  facet normal -0.14834 0.988936 0
    outer loop
      vertex 23.6963 112.325 -6.81
      vertex 23.7963 112.34 -6.81
      vertex 23.7963 112.34 -6.86
    endloop
  endfacet
  facet normal -0.0468528 0.998902 0
    outer loop
      vertex 23.7963 112.34 -6.86
      vertex 23.7963 112.34 -6.81
      vertex 23.9029 112.345 -6.86
    endloop
  endfacet
  facet normal -0.0468528 0.998902 0
    outer loop
      vertex 23.7963 112.34 -6.81
      vertex 23.9029 112.345 -6.81
      vertex 23.9029 112.345 -6.86
    endloop
  endfacet
  facet normal 0.0345814 0.999402 -0
    outer loop
      vertex 23.9029 112.345 -6.86
      vertex 23.9029 112.345 -6.81
      vertex 23.9607 112.343 -6.86
    endloop
  endfacet
  facet normal 0.0345814 0.999402 0
    outer loop
      vertex 23.9029 112.345 -6.81
      vertex 23.9607 112.343 -6.81
      vertex 23.9607 112.343 -6.86
    endloop
  endfacet
  facet normal 0.0887747 0.996052 -0
    outer loop
      vertex 23.9607 112.343 -6.86
      vertex 23.9607 112.343 -6.81
      vertex 24.0168 112.338 -6.86
    endloop
  endfacet
  facet normal 0.0887747 0.996052 0
    outer loop
      vertex 23.9607 112.343 -6.81
      vertex 24.0168 112.338 -6.81
      vertex 24.0168 112.338 -6.86
    endloop
  endfacet
  facet normal 0.145494 0.989359 -0
    outer loop
      vertex 24.0168 112.338 -6.86
      vertex 24.0168 112.338 -6.81
      vertex 24.0712 112.33 -6.86
    endloop
  endfacet
  facet normal 0.145494 0.989359 0
    outer loop
      vertex 24.0168 112.338 -6.81
      vertex 24.0712 112.33 -6.81
      vertex 24.0712 112.33 -6.86
    endloop
  endfacet
  facet normal 0.222422 0.97495 -0
    outer loop
      vertex 24.0712 112.33 -6.86
      vertex 24.0712 112.33 -6.81
      vertex 24.1238 112.318 -6.86
    endloop
  endfacet
  facet normal 0.222422 0.97495 0
    outer loop
      vertex 24.0712 112.33 -6.81
      vertex 24.1238 112.318 -6.81
      vertex 24.1238 112.318 -6.86
    endloop
  endfacet
  facet normal 0.283188 0.959064 -0
    outer loop
      vertex 24.1238 112.318 -6.86
      vertex 24.1238 112.318 -6.81
      vertex 24.1746 112.303 -6.86
    endloop
  endfacet
  facet normal 0.283188 0.959064 0
    outer loop
      vertex 24.1238 112.318 -6.81
      vertex 24.1746 112.303 -6.81
      vertex 24.1746 112.303 -6.86
    endloop
  endfacet
  facet normal 0.343582 0.939123 -0
    outer loop
      vertex 24.1746 112.303 -6.86
      vertex 24.1746 112.303 -6.81
      vertex 24.2238 112.285 -6.86
    endloop
  endfacet
  facet normal 0.343582 0.939123 0
    outer loop
      vertex 24.1746 112.303 -6.81
      vertex 24.2238 112.285 -6.81
      vertex 24.2238 112.285 -6.86
    endloop
  endfacet
  facet normal 0.421731 0.906721 -0
    outer loop
      vertex 24.2238 112.285 -6.86
      vertex 24.2238 112.285 -6.81
      vertex 24.2711 112.263 -6.86
    endloop
  endfacet
  facet normal 0.421731 0.906721 0
    outer loop
      vertex 24.2238 112.285 -6.81
      vertex 24.2711 112.263 -6.81
      vertex 24.2711 112.263 -6.86
    endloop
  endfacet
  facet normal 0.484819 0.874614 -0
    outer loop
      vertex 24.2711 112.263 -6.86
      vertex 24.2711 112.263 -6.81
      vertex 24.3162 112.238 -6.86
    endloop
  endfacet
  facet normal 0.484819 0.874614 0
    outer loop
      vertex 24.2711 112.263 -6.81
      vertex 24.3162 112.238 -6.81
      vertex 24.3162 112.238 -6.86
    endloop
  endfacet
  facet normal 0.539848 0.841763 -0
    outer loop
      vertex 24.3162 112.238 -6.86
      vertex 24.3162 112.238 -6.81
      vertex 24.3583 112.211 -6.86
    endloop
  endfacet
  facet normal 0.539848 0.841763 0
    outer loop
      vertex 24.3162 112.238 -6.81
      vertex 24.3583 112.211 -6.81
      vertex 24.3583 112.211 -6.86
    endloop
  endfacet
  facet normal 0.61932 0.785138 -0
    outer loop
      vertex 24.3583 112.211 -6.86
      vertex 24.3583 112.211 -6.81
      vertex 24.3976 112.18 -6.86
    endloop
  endfacet
  facet normal 0.61932 0.785138 0
    outer loop
      vertex 24.3583 112.211 -6.81
      vertex 24.3976 112.18 -6.81
      vertex 24.3976 112.18 -6.86
    endloop
  endfacet
  facet normal 0.672673 0.73994 -0
    outer loop
      vertex 24.3976 112.18 -6.86
      vertex 24.3976 112.18 -6.81
      vertex 24.4339 112.147 -6.86
    endloop
  endfacet
  facet normal 0.672673 0.73994 0
    outer loop
      vertex 24.3976 112.18 -6.81
      vertex 24.4339 112.147 -6.81
      vertex 24.4339 112.147 -6.86
    endloop
  endfacet
  facet normal 0.733084 0.680139 -0
    outer loop
      vertex 24.4339 112.147 -6.86
      vertex 24.4339 112.147 -6.81
      vertex 24.4673 112.111 -6.86
    endloop
  endfacet
  facet normal 0.733084 0.680139 0
    outer loop
      vertex 24.4339 112.147 -6.81
      vertex 24.4673 112.111 -6.81
      vertex 24.4673 112.111 -6.86
    endloop
  endfacet
  facet normal 0.795203 0.606343 -0
    outer loop
      vertex 24.4673 112.111 -6.86
      vertex 24.4673 112.111 -6.81
      vertex 24.4978 112.071 -6.86
    endloop
  endfacet
  facet normal 0.795203 0.606343 0
    outer loop
      vertex 24.4673 112.111 -6.81
      vertex 24.4978 112.071 -6.81
      vertex 24.4978 112.071 -6.86
    endloop
  endfacet
  facet normal 0.835705 0.549178 -0
    outer loop
      vertex 24.4978 112.071 -6.86
      vertex 24.4978 112.071 -6.81
      vertex 24.5254 112.029 -6.86
    endloop
  endfacet
  facet normal 0.835705 0.549178 0
    outer loop
      vertex 24.4978 112.071 -6.81
      vertex 24.5254 112.029 -6.81
      vertex 24.5254 112.029 -6.86
    endloop
  endfacet
  facet normal -0.999797 -0.0201509 0
    outer loop
      vertex 24.5254 112.029 -6.86
      vertex 24.5254 112.029 -6.81
      vertex 24.5228 112.158 -6.86
    endloop
  endfacet
  facet normal -0.999797 -0.0201509 0
    outer loop
      vertex 24.5254 112.029 -6.81
      vertex 24.5228 112.158 -6.81
      vertex 24.5228 112.158 -6.86
    endloop
  endfacet
  facet normal -0.997691 -0.0679101 0
    outer loop
      vertex 24.5228 112.158 -6.86
      vertex 24.5228 112.158 -6.81
      vertex 24.5147 112.277 -6.86
    endloop
  endfacet
  facet normal -0.997691 -0.0679101 0
    outer loop
      vertex 24.5228 112.158 -6.81
      vertex 24.5147 112.277 -6.81
      vertex 24.5147 112.277 -6.86
    endloop
  endfacet
  facet normal -0.992662 -0.120924 0
    outer loop
      vertex 24.5147 112.277 -6.86
      vertex 24.5147 112.277 -6.81
      vertex 24.5013 112.387 -6.86
    endloop
  endfacet
  facet normal -0.992662 -0.120924 0
    outer loop
      vertex 24.5147 112.277 -6.81
      vertex 24.5013 112.387 -6.81
      vertex 24.5013 112.387 -6.86
    endloop
  endfacet
  facet normal -0.982624 -0.185607 0
    outer loop
      vertex 24.5013 112.387 -6.86
      vertex 24.5013 112.387 -6.81
      vertex 24.4826 112.486 -6.86
    endloop
  endfacet
  facet normal -0.982624 -0.185607 0
    outer loop
      vertex 24.5013 112.387 -6.81
      vertex 24.4826 112.486 -6.81
      vertex 24.4826 112.486 -6.86
    endloop
  endfacet
  facet normal -0.965967 -0.258665 0
    outer loop
      vertex 24.4826 112.486 -6.86
      vertex 24.4826 112.486 -6.81
      vertex 24.4585 112.576 -6.86
    endloop
  endfacet
  facet normal -0.965967 -0.258665 0
    outer loop
      vertex 24.4826 112.486 -6.81
      vertex 24.4585 112.576 -6.81
      vertex 24.4585 112.576 -6.86
    endloop
  endfacet
  facet normal -0.938243 -0.345977 0
    outer loop
      vertex 24.4585 112.576 -6.86
      vertex 24.4585 112.576 -6.81
      vertex 24.429 112.656 -6.86
    endloop
  endfacet
  facet normal -0.938243 -0.345977 0
    outer loop
      vertex 24.4585 112.576 -6.81
      vertex 24.429 112.656 -6.81
      vertex 24.429 112.656 -6.86
    endloop
  endfacet
  facet normal -0.89794 -0.440117 0
    outer loop
      vertex 24.429 112.656 -6.86
      vertex 24.429 112.656 -6.81
      vertex 24.3942 112.727 -6.86
    endloop
  endfacet
  facet normal -0.89794 -0.440117 0
    outer loop
      vertex 24.429 112.656 -6.81
      vertex 24.3942 112.727 -6.81
      vertex 24.3942 112.727 -6.86
    endloop
  endfacet
  facet normal -0.839386 -0.543537 0
    outer loop
      vertex 24.3942 112.727 -6.86
      vertex 24.3942 112.727 -6.81
      vertex 24.3547 112.788 -6.86
    endloop
  endfacet
  facet normal -0.839386 -0.543537 0
    outer loop
      vertex 24.3942 112.727 -6.81
      vertex 24.3547 112.788 -6.81
      vertex 24.3547 112.788 -6.86
    endloop
  endfacet
  facet normal -0.767011 -0.641634 0
    outer loop
      vertex 24.3547 112.788 -6.86
      vertex 24.3547 112.788 -6.81
      vertex 24.3112 112.84 -6.86
    endloop
  endfacet
  facet normal -0.767011 -0.641634 0
    outer loop
      vertex 24.3547 112.788 -6.81
      vertex 24.3112 112.84 -6.81
      vertex 24.3112 112.84 -6.86
    endloop
  endfacet
  facet normal -0.661622 -0.749838 0
    outer loop
      vertex 24.3112 112.84 -6.86
      vertex 24.3112 112.84 -6.81
      vertex 24.2636 112.882 -6.86
    endloop
  endfacet
  facet normal -0.661622 -0.749838 0
    outer loop
      vertex 24.3112 112.84 -6.81
      vertex 24.2636 112.882 -6.81
      vertex 24.2636 112.882 -6.86
    endloop
  endfacet
  facet normal -0.538776 -0.842449 0
    outer loop
      vertex 24.2636 112.882 -6.86
      vertex 24.2636 112.882 -6.81
      vertex 24.212 112.915 -6.86
    endloop
  endfacet
  facet normal -0.538776 -0.842449 0
    outer loop
      vertex 24.2636 112.882 -6.81
      vertex 24.212 112.915 -6.81
      vertex 24.212 112.915 -6.86
    endloop
  endfacet
  facet normal -0.382254 -0.924057 0
    outer loop
      vertex 24.212 112.915 -6.86
      vertex 24.212 112.915 -6.81
      vertex 24.1564 112.938 -6.86
    endloop
  endfacet
  facet normal -0.382254 -0.924057 0
    outer loop
      vertex 24.212 112.915 -6.81
      vertex 24.1564 112.938 -6.81
      vertex 24.1564 112.938 -6.86
    endloop
  endfacet
  facet normal -0.228675 -0.973503 0
    outer loop
      vertex 24.1564 112.938 -6.86
      vertex 24.1564 112.938 -6.81
      vertex 24.0968 112.952 -6.86
    endloop
  endfacet
  facet normal -0.228675 -0.973503 0
    outer loop
      vertex 24.1564 112.938 -6.81
      vertex 24.0968 112.952 -6.81
      vertex 24.0968 112.952 -6.86
    endloop
  endfacet
  facet normal -0.0782522 -0.996934 0
    outer loop
      vertex 24.0968 112.952 -6.86
      vertex 24.0968 112.952 -6.81
      vertex 24.0331 112.957 -6.86
    endloop
  endfacet
  facet normal -0.0782522 -0.996934 0
    outer loop
      vertex 24.0968 112.952 -6.81
      vertex 24.0331 112.957 -6.81
      vertex 24.0331 112.957 -6.86
    endloop
  endfacet
  facet normal 0.0821391 -0.996621 0
    outer loop
      vertex 24.0331 112.957 -6.86
      vertex 24.0331 112.957 -6.81
      vertex 23.9603 112.951 -6.86
    endloop
  endfacet
  facet normal 0.0821391 -0.996621 0
    outer loop
      vertex 24.0331 112.957 -6.81
      vertex 23.9603 112.951 -6.81
      vertex 23.9603 112.951 -6.86
    endloop
  endfacet
  facet normal 0.253028 -0.967459 0
    outer loop
      vertex 23.9603 112.951 -6.86
      vertex 23.9603 112.951 -6.81
      vertex 23.8953 112.934 -6.86
    endloop
  endfacet
  facet normal 0.253028 -0.967459 0
    outer loop
      vertex 23.9603 112.951 -6.81
      vertex 23.8953 112.934 -6.81
      vertex 23.8953 112.934 -6.86
    endloop
  endfacet
  facet normal 0.452196 -0.891918 0
    outer loop
      vertex 23.8953 112.934 -6.86
      vertex 23.8953 112.934 -6.81
      vertex 23.8381 112.905 -6.86
    endloop
  endfacet
  facet normal 0.452196 -0.891918 0
    outer loop
      vertex 23.8953 112.934 -6.81
      vertex 23.8381 112.905 -6.81
      vertex 23.8381 112.905 -6.86
    endloop
  endfacet
  facet normal 0.629289 -0.777172 0
    outer loop
      vertex 23.8381 112.905 -6.86
      vertex 23.8381 112.905 -6.81
      vertex 23.7887 112.865 -6.86
    endloop
  endfacet
  facet normal 0.629289 -0.777172 0
    outer loop
      vertex 23.8381 112.905 -6.81
      vertex 23.7887 112.865 -6.81
      vertex 23.7887 112.865 -6.86
    endloop
  endfacet
  facet normal 0.780869 -0.624695 0
    outer loop
      vertex 23.7887 112.865 -6.86
      vertex 23.7887 112.865 -6.81
      vertex 23.7471 112.813 -6.86
    endloop
  endfacet
  facet normal 0.780869 -0.624695 0
    outer loop
      vertex 23.7887 112.865 -6.81
      vertex 23.7471 112.813 -6.81
      vertex 23.7471 112.813 -6.86
    endloop
  endfacet
  facet normal 0.884258 -0.466999 0
    outer loop
      vertex 23.7471 112.813 -6.86
      vertex 23.7471 112.813 -6.81
      vertex 23.7133 112.749 -6.86
    endloop
  endfacet
  facet normal 0.884258 -0.466999 0
    outer loop
      vertex 23.7471 112.813 -6.81
      vertex 23.7133 112.749 -6.81
      vertex 23.7133 112.749 -6.86
    endloop
  endfacet
  facet normal 0.944836 -0.327543 0
    outer loop
      vertex 23.7133 112.749 -6.86
      vertex 23.7133 112.749 -6.81
      vertex 23.6873 112.674 -6.86
    endloop
  endfacet
  facet normal 0.944836 -0.327543 0
    outer loop
      vertex 23.7133 112.749 -6.81
      vertex 23.6873 112.674 -6.81
      vertex 23.6873 112.674 -6.86
    endloop
  endfacet
  facet normal -0.137794 -0.990461 0
    outer loop
      vertex 23.6873 112.674 -6.86
      vertex 23.6873 112.674 -6.81
      vertex 23.1482 112.749 -6.86
    endloop
  endfacet
  facet normal -0.137794 -0.990461 0
    outer loop
      vertex 23.6873 112.674 -6.81
      vertex 23.1482 112.749 -6.81
      vertex 23.1482 112.749 -6.86
    endloop
  endfacet
  facet normal -0.958954 0.283562 0
    outer loop
      vertex 23.1482 112.749 -6.86
      vertex 23.1482 112.749 -6.81
      vertex 23.1757 112.842 -6.86
    endloop
  endfacet
  facet normal -0.958954 0.283562 0
    outer loop
      vertex 23.1482 112.749 -6.81
      vertex 23.1757 112.842 -6.81
      vertex 23.1757 112.842 -6.86
    endloop
  endfacet
  facet normal -0.935432 0.353506 0
    outer loop
      vertex 23.1757 112.842 -6.86
      vertex 23.1757 112.842 -6.81
      vertex 23.2082 112.928 -6.86
    endloop
  endfacet
  facet normal -0.935432 0.353506 0
    outer loop
      vertex 23.1757 112.842 -6.81
      vertex 23.2082 112.928 -6.81
      vertex 23.2082 112.928 -6.86
    endloop
  endfacet
  facet normal -0.901252 0.433294 0
    outer loop
      vertex 23.2082 112.928 -6.86
      vertex 23.2082 112.928 -6.81
      vertex 23.2457 113.006 -6.86
    endloop
  endfacet
  facet normal -0.901252 0.433294 0
    outer loop
      vertex 23.2082 112.928 -6.81
      vertex 23.2457 113.006 -6.81
      vertex 23.2457 113.006 -6.86
    endloop
  endfacet
  facet normal -0.860641 0.509212 0
    outer loop
      vertex 23.2457 113.006 -6.86
      vertex 23.2457 113.006 -6.81
      vertex 23.2883 113.078 -6.86
    endloop
  endfacet
  facet normal -0.860641 0.509212 0
    outer loop
      vertex 23.2457 113.006 -6.81
      vertex 23.2883 113.078 -6.81
      vertex 23.2883 113.078 -6.86
    endloop
  endfacet
  facet normal -0.802401 0.596786 0
    outer loop
      vertex 23.2883 113.078 -6.86
      vertex 23.2883 113.078 -6.81
      vertex 23.3359 113.142 -6.86
    endloop
  endfacet
  facet normal -0.802401 0.596786 0
    outer loop
      vertex 23.2883 113.078 -6.81
      vertex 23.3359 113.142 -6.81
      vertex 23.3359 113.142 -6.86
    endloop
  endfacet
  facet normal -0.728887 0.684634 0
    outer loop
      vertex 23.3359 113.142 -6.86
      vertex 23.3359 113.142 -6.81
      vertex 23.3885 113.198 -6.86
    endloop
  endfacet
  facet normal -0.728887 0.684634 0
    outer loop
      vertex 23.3359 113.142 -6.81
      vertex 23.3885 113.198 -6.81
      vertex 23.3885 113.198 -6.86
    endloop
  endfacet
  facet normal -0.654881 0.755732 0
    outer loop
      vertex 23.3885 113.198 -6.86
      vertex 23.3885 113.198 -6.81
      vertex 23.4462 113.248 -6.86
    endloop
  endfacet
  facet normal -0.654881 0.755732 0
    outer loop
      vertex 23.3885 113.198 -6.81
      vertex 23.4462 113.248 -6.81
      vertex 23.4462 113.248 -6.86
    endloop
  endfacet
  facet normal -0.552876 0.833263 0
    outer loop
      vertex 23.4462 113.248 -6.86
      vertex 23.4462 113.248 -6.81
      vertex 23.5095 113.29 -6.86
    endloop
  endfacet
  facet normal -0.552876 0.833263 0
    outer loop
      vertex 23.4462 113.248 -6.81
      vertex 23.5095 113.29 -6.81
      vertex 23.5095 113.29 -6.86
    endloop
  endfacet
  facet normal -0.469929 0.882704 0
    outer loop
      vertex 23.5095 113.29 -6.86
      vertex 23.5095 113.29 -6.81
      vertex 23.579 113.327 -6.86
    endloop
  endfacet
  facet normal -0.469929 0.882704 0
    outer loop
      vertex 23.5095 113.29 -6.81
      vertex 23.579 113.327 -6.81
      vertex 23.579 113.327 -6.86
    endloop
  endfacet
  facet normal -0.356916 0.934136 0
    outer loop
      vertex 23.579 113.327 -6.86
      vertex 23.579 113.327 -6.81
      vertex 23.6549 113.356 -6.86
    endloop
  endfacet
  facet normal -0.356916 0.934136 0
    outer loop
      vertex 23.579 113.327 -6.81
      vertex 23.6549 113.356 -6.81
      vertex 23.6549 113.356 -6.86
    endloop
  endfacet
  facet normal -0.26976 0.962927 0
    outer loop
      vertex 23.6549 113.356 -6.86
      vertex 23.6549 113.356 -6.81
      vertex 23.737 113.379 -6.86
    endloop
  endfacet
  facet normal -0.26976 0.962927 0
    outer loop
      vertex 23.6549 113.356 -6.81
      vertex 23.737 113.379 -6.81
      vertex 23.737 113.379 -6.86
    endloop
  endfacet
  facet normal -0.178102 0.984012 0
    outer loop
      vertex 23.737 113.379 -6.86
      vertex 23.737 113.379 -6.81
      vertex 23.8254 113.395 -6.86
    endloop
  endfacet
  facet normal -0.178102 0.984012 0
    outer loop
      vertex 23.737 113.379 -6.81
      vertex 23.8254 113.395 -6.81
      vertex 23.8254 113.395 -6.86
    endloop
  endfacet
  facet normal -0.105123 0.994459 0
    outer loop
      vertex 23.8254 113.395 -6.86
      vertex 23.8254 113.395 -6.81
      vertex 23.92 113.405 -6.86
    endloop
  endfacet
  facet normal -0.105123 0.994459 0
    outer loop
      vertex 23.8254 113.395 -6.81
      vertex 23.92 113.405 -6.81
      vertex 23.92 113.405 -6.86
    endloop
  endfacet
  facet normal -0.0396121 0.999215 0
    outer loop
      vertex 23.92 113.405 -6.86
      vertex 23.92 113.405 -6.81
      vertex 24.0209 113.409 -6.86
    endloop
  endfacet
  facet normal -0.0396121 0.999215 0
    outer loop
      vertex 23.92 113.405 -6.81
      vertex 24.0209 113.409 -6.81
      vertex 24.0209 113.409 -6.86
    endloop
  endfacet
  facet normal 0.0564072 0.998408 -0
    outer loop
      vertex 24.0209 113.409 -6.86
      vertex 24.0209 113.409 -6.81
      vertex 24.1625 113.401 -6.86
    endloop
  endfacet
  facet normal 0.0564072 0.998408 0
    outer loop
      vertex 24.0209 113.409 -6.81
      vertex 24.1625 113.401 -6.81
      vertex 24.1625 113.401 -6.86
    endloop
  endfacet
  facet normal 0.178885 0.98387 -0
    outer loop
      vertex 24.1625 113.401 -6.86
      vertex 24.1625 113.401 -6.81
      vertex 24.2945 113.377 -6.86
    endloop
  endfacet
  facet normal 0.178885 0.98387 0
    outer loop
      vertex 24.1625 113.401 -6.81
      vertex 24.2945 113.377 -6.81
      vertex 24.2945 113.377 -6.86
    endloop
  endfacet
  facet normal 0.31086 0.950456 -0
    outer loop
      vertex 24.2945 113.377 -6.86
      vertex 24.2945 113.377 -6.81
      vertex 24.4168 113.337 -6.86
    endloop
  endfacet
  facet normal 0.31086 0.950456 0
    outer loop
      vertex 24.2945 113.377 -6.81
      vertex 24.4168 113.337 -6.81
      vertex 24.4168 113.337 -6.86
    endloop
  endfacet
  facet normal 0.438895 0.898538 -0
    outer loop
      vertex 24.4168 113.337 -6.86
      vertex 24.4168 113.337 -6.81
      vertex 24.5294 113.282 -6.86
    endloop
  endfacet
  facet normal 0.438895 0.898538 0
    outer loop
      vertex 24.4168 113.337 -6.81
      vertex 24.5294 113.282 -6.81
      vertex 24.5294 113.282 -6.86
    endloop
  endfacet
  facet normal 0.567546 0.823342 -0
    outer loop
      vertex 24.5294 113.282 -6.86
      vertex 24.5294 113.282 -6.81
      vertex 24.6324 113.211 -6.86
    endloop
  endfacet
  facet normal 0.567546 0.823342 0
    outer loop
      vertex 24.5294 113.282 -6.81
      vertex 24.6324 113.211 -6.81
      vertex 24.6324 113.211 -6.86
    endloop
  endfacet
  facet normal 0.682374 0.731003 -0
    outer loop
      vertex 24.6324 113.211 -6.86
      vertex 24.6324 113.211 -6.81
      vertex 24.7256 113.124 -6.86
    endloop
  endfacet
  facet normal 0.682374 0.731003 0
    outer loop
      vertex 24.6324 113.211 -6.81
      vertex 24.7256 113.124 -6.81
      vertex 24.7256 113.124 -6.86
    endloop
  endfacet
  facet normal 0.776437 0.630195 -0
    outer loop
      vertex 24.7256 113.124 -6.86
      vertex 24.7256 113.124 -6.81
      vertex 24.8092 113.021 -6.86
    endloop
  endfacet
  facet normal 0.776437 0.630195 0
    outer loop
      vertex 24.7256 113.124 -6.81
      vertex 24.8092 113.021 -6.81
      vertex 24.8092 113.021 -6.86
    endloop
  endfacet
  facet normal 0.851757 0.523938 -0
    outer loop
      vertex 24.8092 113.021 -6.86
      vertex 24.8092 113.021 -6.81
      vertex 24.8824 112.902 -6.86
    endloop
  endfacet
  facet normal 0.851757 0.523938 0
    outer loop
      vertex 24.8092 113.021 -6.81
      vertex 24.8824 112.902 -6.81
      vertex 24.8824 112.902 -6.86
    endloop
  endfacet
  facet normal 0.906879 0.421392 -0
    outer loop
      vertex 24.8824 112.902 -6.86
      vertex 24.8824 112.902 -6.81
      vertex 24.9442 112.769 -6.86
    endloop
  endfacet
  facet normal 0.906879 0.421392 0
    outer loop
      vertex 24.8824 112.902 -6.81
      vertex 24.9442 112.769 -6.81
      vertex 24.9442 112.769 -6.86
    endloop
  endfacet
  facet normal 0.947349 0.320204 -0
    outer loop
      vertex 24.9442 112.769 -6.86
      vertex 24.9442 112.769 -6.81
      vertex 24.9949 112.619 -6.86
    endloop
  endfacet
  facet normal 0.947349 0.320204 0
    outer loop
      vertex 24.9442 112.769 -6.81
      vertex 24.9949 112.619 -6.81
      vertex 24.9949 112.619 -6.86
    endloop
  endfacet
  facet normal 0.972787 0.2317 -0
    outer loop
      vertex 24.9949 112.619 -6.86
      vertex 24.9949 112.619 -6.81
      vertex 25.0342 112.454 -6.86
    endloop
  endfacet
  facet normal 0.972787 0.2317 0
    outer loop
      vertex 24.9949 112.619 -6.81
      vertex 25.0342 112.454 -6.81
      vertex 25.0342 112.454 -6.86
    endloop
  endfacet
  facet normal 0.987949 0.154779 -0
    outer loop
      vertex 25.0342 112.454 -6.86
      vertex 25.0342 112.454 -6.81
      vertex 25.0624 112.274 -6.86
    endloop
  endfacet
  facet normal 0.987949 0.154779 0
    outer loop
      vertex 25.0342 112.454 -6.81
      vertex 25.0624 112.274 -6.81
      vertex 25.0624 112.274 -6.86
    endloop
  endfacet
  facet normal 0.996303 0.0859057 -0
    outer loop
      vertex 25.0624 112.274 -6.86
      vertex 25.0624 112.274 -6.81
      vertex 25.0793 112.078 -6.86
    endloop
  endfacet
  facet normal 0.996303 0.0859057 0
    outer loop
      vertex 25.0624 112.274 -6.81
      vertex 25.0793 112.078 -6.81
      vertex 25.0793 112.078 -6.86
    endloop
  endfacet
  facet normal 0.999651 0.0264059 -0
    outer loop
      vertex 25.0793 112.078 -6.86
      vertex 25.0793 112.078 -6.81
      vertex 25.0849 111.866 -6.86
    endloop
  endfacet
  facet normal 0.999651 0.0264059 0
    outer loop
      vertex 25.0793 112.078 -6.81
      vertex 25.0849 111.866 -6.81
      vertex 25.0849 111.866 -6.86
    endloop
  endfacet
  facet normal 0.999575 -0.0291543 0
    outer loop
      vertex 25.0849 111.866 -6.86
      vertex 25.0849 111.866 -6.81
      vertex 25.0793 111.674 -6.86
    endloop
  endfacet
  facet normal 0.999575 -0.0291543 0
    outer loop
      vertex 25.0849 111.866 -6.81
      vertex 25.0793 111.674 -6.81
      vertex 25.0793 111.674 -6.86
    endloop
  endfacet
  facet normal 0.99568 -0.0928555 0
    outer loop
      vertex 25.0793 111.674 -6.86
      vertex 25.0793 111.674 -6.81
      vertex 25.0627 111.496 -6.86
    endloop
  endfacet
  facet normal 0.99568 -0.0928555 0
    outer loop
      vertex 25.0793 111.674 -6.81
      vertex 25.0627 111.496 -6.81
      vertex 25.0627 111.496 -6.86
    endloop
  endfacet
  facet normal 0.986199 -0.165562 0
    outer loop
      vertex 25.0627 111.496 -6.86
      vertex 25.0627 111.496 -6.81
      vertex 25.035 111.331 -6.86
    endloop
  endfacet
  facet normal 0.986199 -0.165562 0
    outer loop
      vertex 25.0627 111.496 -6.81
      vertex 25.035 111.331 -6.81
      vertex 25.035 111.331 -6.86
    endloop
  endfacet
  facet normal 0.968136 -0.250425 0
    outer loop
      vertex 25.035 111.331 -6.86
      vertex 25.035 111.331 -6.81
      vertex 24.9962 111.181 -6.86
    endloop
  endfacet
  facet normal 0.968136 -0.250425 0
    outer loop
      vertex 25.035 111.331 -6.81
      vertex 24.9962 111.181 -6.81
      vertex 24.9962 111.181 -6.86
    endloop
  endfacet
  facet normal 0.938802 -0.344457 0
    outer loop
      vertex 24.9962 111.181 -6.86
      vertex 24.9962 111.181 -6.81
      vertex 24.9463 111.045 -6.86
    endloop
  endfacet
  facet normal 0.938802 -0.344457 0
    outer loop
      vertex 24.9962 111.181 -6.81
      vertex 24.9463 111.045 -6.81
      vertex 24.9463 111.045 -6.86
    endloop
  endfacet
  facet normal 0.895879 -0.444298 0
    outer loop
      vertex 24.9463 111.045 -6.86
      vertex 24.9463 111.045 -6.81
      vertex 24.8853 110.922 -6.86
    endloop
  endfacet
  facet normal 0.895879 -0.444298 0
    outer loop
      vertex 24.9463 111.045 -6.81
      vertex 24.8853 110.922 -6.81
      vertex 24.8853 110.922 -6.86
    endloop
  endfacet
  facet normal 0.83205 -0.5547 0
    outer loop
      vertex 24.8853 110.922 -6.86
      vertex 24.8853 110.922 -6.81
      vertex 24.8133 110.814 -6.86
    endloop
  endfacet
  facet normal 0.83205 -0.5547 0
    outer loop
      vertex 24.8853 110.922 -6.81
      vertex 24.8133 110.814 -6.81
      vertex 24.8133 110.814 -6.86
    endloop
  endfacet
  facet normal 0.751982 -0.659184 0
    outer loop
      vertex 24.8133 110.814 -6.86
      vertex 24.8133 110.814 -6.81
      vertex 24.7309 110.72 -6.86
    endloop
  endfacet
  facet normal 0.751982 -0.659184 0
    outer loop
      vertex 24.8133 110.814 -6.81
      vertex 24.7309 110.72 -6.81
      vertex 24.7309 110.72 -6.86
    endloop
  endfacet
  facet normal 0.656179 -0.754606 0
    outer loop
      vertex 24.7309 110.72 -6.86
      vertex 24.7309 110.72 -6.81
      vertex 24.6389 110.64 -6.86
    endloop
  endfacet
  facet normal 0.656179 -0.754606 0
    outer loop
      vertex 24.7309 110.72 -6.81
      vertex 24.6389 110.64 -6.81
      vertex 24.6389 110.64 -6.86
    endloop
  endfacet
  facet normal 0.538913 -0.842362 0
    outer loop
      vertex 24.6389 110.64 -6.86
      vertex 24.6389 110.64 -6.81
      vertex 24.5373 110.575 -6.86
    endloop
  endfacet
  facet normal 0.538913 -0.842362 0
    outer loop
      vertex 24.6389 110.64 -6.81
      vertex 24.5373 110.575 -6.81
      vertex 24.5373 110.575 -6.86
    endloop
  endfacet
  facet normal 0.41719 -0.908819 0
    outer loop
      vertex 24.5373 110.575 -6.86
      vertex 24.5373 110.575 -6.81
      vertex 24.4262 110.524 -6.86
    endloop
  endfacet
  facet normal 0.41719 -0.908819 0
    outer loop
      vertex 24.5373 110.575 -6.81
      vertex 24.4262 110.524 -6.81
      vertex 24.4262 110.524 -6.86
    endloop
  endfacet
  facet normal 0.285601 -0.958349 0
    outer loop
      vertex 24.4262 110.524 -6.86
      vertex 24.4262 110.524 -6.81
      vertex 24.3054 110.488 -6.86
    endloop
  endfacet
  facet normal 0.285601 -0.958349 0
    outer loop
      vertex 24.4262 110.524 -6.81
      vertex 24.3054 110.488 -6.81
      vertex 24.3054 110.488 -6.86
    endloop
  endfacet
  facet normal 0.166485 -0.986044 0
    outer loop
      vertex 24.3054 110.488 -6.86
      vertex 24.3054 110.488 -6.81
      vertex 24.1751 110.466 -6.86
    endloop
  endfacet
  facet normal 0.166485 -0.986044 0
    outer loop
      vertex 24.3054 110.488 -6.81
      vertex 24.1751 110.466 -6.81
      vertex 24.1751 110.466 -6.86
    endloop
  endfacet
  facet normal 0.0499376 -0.998752 0
    outer loop
      vertex 24.1751 110.466 -6.86
      vertex 24.1751 110.466 -6.81
      vertex 24.0351 110.459 -6.86
    endloop
  endfacet
  facet normal 0.0499376 -0.998752 0
    outer loop
      vertex 24.1751 110.466 -6.81
      vertex 24.0351 110.459 -6.81
      vertex 24.0351 110.459 -6.86
    endloop
  endfacet
  facet normal -0.039968 -0.999201 0
    outer loop
      vertex 24.0351 110.459 -6.86
      vertex 24.0351 110.459 -6.81
      vertex 23.9101 110.464 -6.86
    endloop
  endfacet
  facet normal -0.039968 -0.999201 0
    outer loop
      vertex 24.0351 110.459 -6.81
      vertex 23.9101 110.464 -6.81
      vertex 23.9101 110.464 -6.86
    endloop
  endfacet
  facet normal -0.193879 0.981026 0
    outer loop
      vertex 24.1072 110.908 -6.86
      vertex 24.1578 110.918 -6.81
      vertex 24.1578 110.918 -6.86
    endloop
  endfacet
  facet normal -0.193879 0.981026 0
    outer loop
      vertex 24.1578 110.918 -6.81
      vertex 24.1072 110.908 -6.86
      vertex 24.1072 110.908 -6.81
    endloop
  endfacet
  facet normal -0.318016 0.948085 0
    outer loop
      vertex 24.1578 110.918 -6.86
      vertex 24.2055 110.934 -6.81
      vertex 24.2055 110.934 -6.86
    endloop
  endfacet
  facet normal -0.318016 0.948085 0
    outer loop
      vertex 24.2055 110.934 -6.81
      vertex 24.1578 110.918 -6.86
      vertex 24.1578 110.918 -6.81
    endloop
  endfacet
  facet normal -0.473864 0.880598 0
    outer loop
      vertex 24.2055 110.934 -6.86
      vertex 24.2501 110.958 -6.81
      vertex 24.2501 110.958 -6.86
    endloop
  endfacet
  facet normal -0.473864 0.880598 0
    outer loop
      vertex 24.2501 110.958 -6.81
      vertex 24.2055 110.934 -6.86
      vertex 24.2055 110.934 -6.81
    endloop
  endfacet
  facet normal -0.585847 0.810422 0
    outer loop
      vertex 24.2501 110.958 -6.86
      vertex 24.2916 110.988 -6.81
      vertex 24.2916 110.988 -6.86
    endloop
  endfacet
  facet normal -0.585847 0.810422 0
    outer loop
      vertex 24.2916 110.988 -6.81
      vertex 24.2501 110.958 -6.86
      vertex 24.2501 110.958 -6.81
    endloop
  endfacet
  facet normal -0.691987 0.72191 0
    outer loop
      vertex 24.2916 110.988 -6.86
      vertex 24.3302 111.025 -6.81
      vertex 24.3302 111.025 -6.86
    endloop
  endfacet
  facet normal -0.691987 0.72191 0
    outer loop
      vertex 24.3302 111.025 -6.81
      vertex 24.2916 110.988 -6.86
      vertex 24.2916 110.988 -6.81
    endloop
  endfacet
  facet normal -0.771153 0.63665 0
    outer loop
      vertex 24.3302 111.025 -6.86
      vertex 24.3657 111.068 -6.81
      vertex 24.3657 111.068 -6.86
    endloop
  endfacet
  facet normal -0.771153 0.63665 0
    outer loop
      vertex 24.3657 111.068 -6.81
      vertex 24.3302 111.025 -6.86
      vertex 24.3302 111.025 -6.81
    endloop
  endfacet
  facet normal -0.840397 0.541971 0
    outer loop
      vertex 24.3657 111.068 -6.86
      vertex 24.3973 111.117 -6.81
      vertex 24.3973 111.117 -6.86
    endloop
  endfacet
  facet normal -0.840397 0.541971 0
    outer loop
      vertex 24.3973 111.117 -6.81
      vertex 24.3657 111.068 -6.86
      vertex 24.3657 111.068 -6.81
    endloop
  endfacet
  facet normal -0.889586 0.456768 0
    outer loop
      vertex 24.3973 111.117 -6.86
      vertex 24.424 111.169 -6.81
      vertex 24.424 111.169 -6.86
    endloop
  endfacet
  facet normal -0.889586 0.456768 0
    outer loop
      vertex 24.424 111.169 -6.81
      vertex 24.3973 111.117 -6.86
      vertex 24.3973 111.117 -6.81
    endloop
  endfacet
  facet normal -0.929058 0.369934 0
    outer loop
      vertex 24.424 111.169 -6.86
      vertex 24.4459 111.224 -6.81
      vertex 24.4459 111.224 -6.86
    endloop
  endfacet
  facet normal -0.929058 0.369934 0
    outer loop
      vertex 24.4459 111.224 -6.81
      vertex 24.424 111.169 -6.86
      vertex 24.424 111.169 -6.81
    endloop
  endfacet
  facet normal -0.960907 0.276871 0
    outer loop
      vertex 24.4459 111.224 -6.86
      vertex 24.4629 111.283 -6.81
      vertex 24.4629 111.283 -6.86
    endloop
  endfacet
  facet normal -0.960907 0.276871 0
    outer loop
      vertex 24.4629 111.283 -6.81
      vertex 24.4459 111.224 -6.86
      vertex 24.4459 111.224 -6.81
    endloop
  endfacet
  facet normal -0.982051 0.188616 0
    outer loop
      vertex 24.4629 111.283 -6.86
      vertex 24.475 111.346 -6.81
      vertex 24.475 111.346 -6.86
    endloop
  endfacet
  facet normal -0.982051 0.188616 0
    outer loop
      vertex 24.475 111.346 -6.81
      vertex 24.4629 111.283 -6.86
      vertex 24.4629 111.283 -6.81
    endloop
  endfacet
  facet normal -0.993939 0.109936 0
    outer loop
      vertex 24.475 111.346 -6.86
      vertex 24.4823 111.412 -6.81
      vertex 24.4823 111.412 -6.86
    endloop
  endfacet
  facet normal -0.993939 0.109936 0
    outer loop
      vertex 24.4823 111.412 -6.81
      vertex 24.475 111.346 -6.86
      vertex 24.475 111.346 -6.81
    endloop
  endfacet
  facet normal -0.999413 0.0342656 0
    outer loop
      vertex 24.4823 111.412 -6.86
      vertex 24.4847 111.482 -6.81
      vertex 24.4847 111.482 -6.86
    endloop
  endfacet
  facet normal -0.999413 0.0342656 0
    outer loop
      vertex 24.4847 111.482 -6.81
      vertex 24.4823 111.412 -6.86
      vertex 24.4823 111.412 -6.81
    endloop
  endfacet
  facet normal -0.999127 -0.0417817 0
    outer loop
      vertex 24.4847 111.482 -6.86
      vertex 24.4824 111.537 -6.81
      vertex 24.4824 111.537 -6.86
    endloop
  endfacet
  facet normal -0.999127 -0.0417817 0
    outer loop
      vertex 24.4824 111.537 -6.81
      vertex 24.4847 111.482 -6.86
      vertex 24.4847 111.482 -6.81
    endloop
  endfacet
  facet normal -0.991391 -0.130938 0
    outer loop
      vertex 24.4824 111.537 -6.86
      vertex 24.4754 111.59 -6.81
      vertex 24.4754 111.59 -6.86
    endloop
  endfacet
  facet normal -0.991391 -0.130938 0
    outer loop
      vertex 24.4754 111.59 -6.81
      vertex 24.4824 111.537 -6.86
      vertex 24.4824 111.537 -6.81
    endloop
  endfacet
  facet normal -0.972018 -0.234904 0
    outer loop
      vertex 24.4754 111.59 -6.86
      vertex 24.4638 111.638 -6.81
      vertex 24.4638 111.638 -6.86
    endloop
  endfacet
  facet normal -0.972018 -0.234904 0
    outer loop
      vertex 24.4638 111.638 -6.81
      vertex 24.4754 111.59 -6.86
      vertex 24.4754 111.59 -6.81
    endloop
  endfacet
  facet normal -0.942573 -0.333999 0
    outer loop
      vertex 24.4638 111.638 -6.86
      vertex 24.4475 111.684 -6.81
      vertex 24.4475 111.684 -6.86
    endloop
  endfacet
  facet normal -0.942573 -0.333999 0
    outer loop
      vertex 24.4475 111.684 -6.81
      vertex 24.4638 111.638 -6.86
      vertex 24.4638 111.638 -6.81
    endloop
  endfacet
  facet normal -0.899391 -0.437146 0
    outer loop
      vertex 24.4475 111.684 -6.86
      vertex 24.4266 111.727 -6.81
      vertex 24.4266 111.727 -6.86
    endloop
  endfacet
  facet normal -0.899391 -0.437146 0
    outer loop
      vertex 24.4266 111.727 -6.81
      vertex 24.4475 111.684 -6.86
      vertex 24.4475 111.684 -6.81
    endloop
  endfacet
  facet normal -0.835986 -0.54875 0
    outer loop
      vertex 24.4266 111.727 -6.86
      vertex 24.401 111.766 -6.81
      vertex 24.401 111.766 -6.86
    endloop
  endfacet
  facet normal -0.835986 -0.54875 0
    outer loop
      vertex 24.401 111.766 -6.81
      vertex 24.4266 111.727 -6.86
      vertex 24.4266 111.727 -6.81
    endloop
  endfacet
  facet normal -0.766124 -0.642693 0
    outer loop
      vertex 24.401 111.766 -6.86
      vertex 24.3708 111.802 -6.81
      vertex 24.3708 111.802 -6.86
    endloop
  endfacet
  facet normal -0.766124 -0.642693 0
    outer loop
      vertex 24.3708 111.802 -6.81
      vertex 24.401 111.766 -6.86
      vertex 24.401 111.766 -6.81
    endloop
  endfacet
  facet normal -0.695421 -0.718602 0
    outer loop
      vertex 24.3708 111.802 -6.86
      vertex 24.3367 111.835 -6.81
      vertex 24.3367 111.835 -6.86
    endloop
  endfacet
  facet normal -0.695421 -0.718602 0
    outer loop
      vertex 24.3367 111.835 -6.81
      vertex 24.3708 111.802 -6.86
      vertex 24.3708 111.802 -6.81
    endloop
  endfacet
  facet normal -0.588431 -0.808548 0
    outer loop
      vertex 24.3367 111.835 -6.86
      vertex 24.2996 111.862 -6.81
      vertex 24.2996 111.862 -6.86
    endloop
  endfacet
  facet normal -0.588431 -0.808548 0
    outer loop
      vertex 24.2996 111.862 -6.81
      vertex 24.3367 111.835 -6.86
      vertex 24.3367 111.835 -6.81
    endloop
  endfacet
  facet normal -0.479157 -0.877729 0
    outer loop
      vertex 24.2996 111.862 -6.86
      vertex 24.2593 111.884 -6.81
      vertex 24.2593 111.884 -6.86
    endloop
  endfacet
  facet normal -0.479157 -0.877729 0
    outer loop
      vertex 24.2593 111.884 -6.81
      vertex 24.2996 111.862 -6.86
      vertex 24.2996 111.862 -6.81
    endloop
  endfacet
  facet normal -0.365453 -0.93083 0
    outer loop
      vertex 24.2593 111.884 -6.86
      vertex 24.216 111.901 -6.81
      vertex 24.216 111.901 -6.86
    endloop
  endfacet
  facet normal -0.365453 -0.93083 0
    outer loop
      vertex 24.216 111.901 -6.81
      vertex 24.2593 111.884 -6.86
      vertex 24.2593 111.884 -6.81
    endloop
  endfacet
  facet normal -0.270324 -0.962769 0
    outer loop
      vertex 24.216 111.901 -6.86
      vertex 24.1697 111.914 -6.81
      vertex 24.1697 111.914 -6.86
    endloop
  endfacet
  facet normal -0.270324 -0.962769 0
    outer loop
      vertex 24.1697 111.914 -6.81
      vertex 24.216 111.901 -6.86
      vertex 24.216 111.901 -6.81
    endloop
  endfacet
  facet normal -0.140021 -0.990149 0
    outer loop
      vertex 24.1697 111.914 -6.86
      vertex 24.1202 111.921 -6.81
      vertex 24.1202 111.921 -6.86
    endloop
  endfacet
  facet normal -0.140021 -0.990149 0
    outer loop
      vertex 24.1202 111.921 -6.81
      vertex 24.1697 111.914 -6.86
      vertex 24.1697 111.914 -6.81
    endloop
  endfacet
  facet normal -0.0380676 -0.999275 0
    outer loop
      vertex 24.1202 111.921 -6.86
      vertex 24.0677 111.923 -6.81
      vertex 24.0677 111.923 -6.86
    endloop
  endfacet
  facet normal -0.0380676 -0.999275 0
    outer loop
      vertex 24.0677 111.923 -6.81
      vertex 24.1202 111.921 -6.86
      vertex 24.1202 111.921 -6.81
    endloop
  endfacet
  facet normal 0.0365387 -0.999332 0
    outer loop
      vertex 24.0677 111.923 -6.86
      vertex 24.013 111.921 -6.81
      vertex 24.013 111.921 -6.86
    endloop
  endfacet
  facet normal 0.0365387 -0.999332 0
    outer loop
      vertex 24.013 111.921 -6.81
      vertex 24.0677 111.923 -6.86
      vertex 24.0677 111.923 -6.81
    endloop
  endfacet
  facet normal 0.154377 -0.988012 0
    outer loop
      vertex 24.013 111.921 -6.86
      vertex 23.9618 111.913 -6.81
      vertex 23.9618 111.913 -6.86
    endloop
  endfacet
  facet normal 0.154377 -0.988012 0
    outer loop
      vertex 23.9618 111.913 -6.81
      vertex 24.013 111.921 -6.86
      vertex 24.013 111.921 -6.81
    endloop
  endfacet
  facet normal 0.262946 -0.96481 0
    outer loop
      vertex 23.9618 111.913 -6.86
      vertex 23.9141 111.9 -6.81
      vertex 23.9141 111.9 -6.86
    endloop
  endfacet
  facet normal 0.262946 -0.96481 0
    outer loop
      vertex 23.9141 111.9 -6.81
      vertex 23.9618 111.913 -6.86
      vertex 23.9618 111.913 -6.81
    endloop
  endfacet
  facet normal 0.393419 -0.919359 0
    outer loop
      vertex 23.9141 111.9 -6.86
      vertex 23.8697 111.881 -6.81
      vertex 23.8697 111.881 -6.86
    endloop
  endfacet
  facet normal 0.393419 -0.919359 0
    outer loop
      vertex 23.8697 111.881 -6.81
      vertex 23.9141 111.9 -6.86
      vertex 23.9141 111.9 -6.81
    endloop
  endfacet
  facet normal 0.491072 -0.871119 0
    outer loop
      vertex 23.8697 111.881 -6.86
      vertex 23.8289 111.858 -6.81
      vertex 23.8289 111.858 -6.86
    endloop
  endfacet
  facet normal 0.491072 -0.871119 0
    outer loop
      vertex 23.8289 111.858 -6.81
      vertex 23.8697 111.881 -6.86
      vertex 23.8697 111.881 -6.81
    endloop
  endfacet
  facet normal 0.611748 -0.791053 0
    outer loop
      vertex 23.8289 111.858 -6.86
      vertex 23.7914 111.829 -6.81
      vertex 23.7914 111.829 -6.86
    endloop
  endfacet
  facet normal 0.611748 -0.791053 0
    outer loop
      vertex 23.7914 111.829 -6.81
      vertex 23.8289 111.858 -6.86
      vertex 23.8289 111.858 -6.81
    endloop
  endfacet
  facet normal 0.718304 -0.695729 0
    outer loop
      vertex 23.7914 111.829 -6.86
      vertex 23.7575 111.794 -6.81
      vertex 23.7575 111.794 -6.86
    endloop
  endfacet
  facet normal 0.718304 -0.695729 0
    outer loop
      vertex 23.7575 111.794 -6.81
      vertex 23.7914 111.829 -6.86
      vertex 23.7914 111.829 -6.81
    endloop
  endfacet
  facet normal 0.792624 -0.609711 0
    outer loop
      vertex 23.7575 111.794 -6.86
      vertex 23.7275 111.755 -6.81
      vertex 23.7275 111.755 -6.86
    endloop
  endfacet
  facet normal 0.792624 -0.609711 0
    outer loop
      vertex 23.7275 111.755 -6.81
      vertex 23.7575 111.794 -6.86
      vertex 23.7575 111.794 -6.81
    endloop
  endfacet
  facet normal 0.866906 -0.498471 0
    outer loop
      vertex 23.7275 111.755 -6.86
      vertex 23.7022 111.711 -6.81
      vertex 23.7022 111.711 -6.86
    endloop
  endfacet
  facet normal 0.866906 -0.498471 0
    outer loop
      vertex 23.7022 111.711 -6.81
      vertex 23.7275 111.755 -6.86
      vertex 23.7275 111.755 -6.81
    endloop
  endfacet
  facet normal 0.9205 -0.390743 0
    outer loop
      vertex 23.7022 111.711 -6.86
      vertex 23.6814 111.662 -6.81
      vertex 23.6814 111.662 -6.86
    endloop
  endfacet
  facet normal 0.9205 -0.390743 0
    outer loop
      vertex 23.6814 111.662 -6.81
      vertex 23.7022 111.711 -6.86
      vertex 23.7022 111.711 -6.81
    endloop
  endfacet
  facet normal 0.956827 -0.290659 0
    outer loop
      vertex 23.6814 111.662 -6.86
      vertex 23.6653 111.609 -6.81
      vertex 23.6653 111.609 -6.86
    endloop
  endfacet
  facet normal 0.956827 -0.290659 0
    outer loop
      vertex 23.6653 111.609 -6.81
      vertex 23.6814 111.662 -6.86
      vertex 23.6814 111.662 -6.81
    endloop
  endfacet
  facet normal 0.980905 -0.19449 0
    outer loop
      vertex 23.6653 111.609 -6.86
      vertex 23.6538 111.551 -6.81
      vertex 23.6538 111.551 -6.86
    endloop
  endfacet
  facet normal 0.980905 -0.19449 0
    outer loop
      vertex 23.6538 111.551 -6.81
      vertex 23.6653 111.609 -6.86
      vertex 23.6653 111.609 -6.81
    endloop
  endfacet
  facet normal 0.994056 -0.108873 0
    outer loop
      vertex 23.6538 111.551 -6.86
      vertex 23.6469 111.488 -6.81
      vertex 23.6469 111.488 -6.86
    endloop
  endfacet
  facet normal 0.994056 -0.108873 0
    outer loop
      vertex 23.6469 111.488 -6.81
      vertex 23.6538 111.551 -6.86
      vertex 23.6538 111.551 -6.81
    endloop
  endfacet
  facet normal 0.999411 -0.0343081 0
    outer loop
      vertex 23.6469 111.488 -6.86
      vertex 23.6446 111.421 -6.81
      vertex 23.6446 111.421 -6.86
    endloop
  endfacet
  facet normal 0.999411 -0.0343081 0
    outer loop
      vertex 23.6446 111.421 -6.81
      vertex 23.6469 111.488 -6.86
      vertex 23.6469 111.488 -6.81
    endloop
  endfacet
  facet normal 0.999509 0.0313279 0
    outer loop
      vertex 23.6446 111.421 -6.86
      vertex 23.6467 111.354 -6.81
      vertex 23.6467 111.354 -6.86
    endloop
  endfacet
  facet normal 0.999509 0.0313279 0
    outer loop
      vertex 23.6467 111.354 -6.81
      vertex 23.6446 111.421 -6.86
      vertex 23.6446 111.421 -6.81
    endloop
  endfacet
  facet normal 0.994392 0.105753 0
    outer loop
      vertex 23.6467 111.354 -6.86
      vertex 23.6534 111.291 -6.81
      vertex 23.6534 111.291 -6.86
    endloop
  endfacet
  facet normal 0.994392 0.105753 0
    outer loop
      vertex 23.6534 111.291 -6.81
      vertex 23.6467 111.354 -6.86
      vertex 23.6467 111.354 -6.81
    endloop
  endfacet
  facet normal 0.982487 0.186334 0
    outer loop
      vertex 23.6534 111.291 -6.86
      vertex 23.6644 111.233 -6.81
      vertex 23.6644 111.233 -6.86
    endloop
  endfacet
  facet normal 0.982487 0.186334 0
    outer loop
      vertex 23.6644 111.233 -6.81
      vertex 23.6534 111.291 -6.86
      vertex 23.6534 111.291 -6.81
    endloop
  endfacet
  facet normal 0.962964 0.26963 0
    outer loop
      vertex 23.6644 111.233 -6.86
      vertex 23.6798 111.178 -6.81
      vertex 23.6798 111.178 -6.86
    endloop
  endfacet
  facet normal 0.962964 0.26963 0
    outer loop
      vertex 23.6798 111.178 -6.81
      vertex 23.6644 111.233 -6.86
      vertex 23.6644 111.233 -6.81
    endloop
  endfacet
  facet normal 0.927166 0.374651 0
    outer loop
      vertex 23.6798 111.178 -6.86
      vertex 23.6996 111.129 -6.81
      vertex 23.6996 111.129 -6.86
    endloop
  endfacet
  facet normal 0.927166 0.374651 0
    outer loop
      vertex 23.6996 111.129 -6.81
      vertex 23.6798 111.178 -6.86
      vertex 23.6798 111.178 -6.81
    endloop
  endfacet
  facet normal 0.885002 0.465588 0
    outer loop
      vertex 23.6996 111.129 -6.86
      vertex 23.7238 111.083 -6.81
      vertex 23.7238 111.083 -6.86
    endloop
  endfacet
  facet normal 0.885002 0.465588 0
    outer loop
      vertex 23.7238 111.083 -6.81
      vertex 23.6996 111.129 -6.86
      vertex 23.6996 111.129 -6.81
    endloop
  endfacet
  facet normal 0.820171 0.572119 0
    outer loop
      vertex 23.7238 111.083 -6.86
      vertex 23.7524 111.042 -6.81
      vertex 23.7524 111.042 -6.86
    endloop
  endfacet
  facet normal 0.820171 0.572119 0
    outer loop
      vertex 23.7524 111.042 -6.81
      vertex 23.7238 111.083 -6.86
      vertex 23.7238 111.083 -6.81
    endloop
  endfacet
  facet normal 0.751317 0.659941 0
    outer loop
      vertex 23.7524 111.042 -6.86
      vertex 23.7849 111.005 -6.81
      vertex 23.7849 111.005 -6.86
    endloop
  endfacet
  facet normal 0.751317 0.659941 0
    outer loop
      vertex 23.7849 111.005 -6.81
      vertex 23.7524 111.042 -6.86
      vertex 23.7524 111.042 -6.81
    endloop
  endfacet
  facet normal 0.651483 0.758663 0
    outer loop
      vertex 23.7849 111.005 -6.86
      vertex 23.821 110.974 -6.81
      vertex 23.821 110.974 -6.86
    endloop
  endfacet
  facet normal 0.651483 0.758663 0
    outer loop
      vertex 23.821 110.974 -6.81
      vertex 23.7849 111.005 -6.86
      vertex 23.7849 111.005 -6.81
    endloop
  endfacet
  facet normal 0.534798 0.84498 0
    outer loop
      vertex 23.821 110.974 -6.86
      vertex 23.8605 110.949 -6.81
      vertex 23.8605 110.949 -6.86
    endloop
  endfacet
  facet normal 0.534798 0.84498 0
    outer loop
      vertex 23.8605 110.949 -6.81
      vertex 23.821 110.974 -6.86
      vertex 23.821 110.974 -6.81
    endloop
  endfacet
  facet normal 0.421731 0.906721 0
    outer loop
      vertex 23.8605 110.949 -6.86
      vertex 23.9035 110.929 -6.81
      vertex 23.9035 110.929 -6.86
    endloop
  endfacet
  facet normal 0.421731 0.906721 0
    outer loop
      vertex 23.9035 110.929 -6.81
      vertex 23.8605 110.949 -6.86
      vertex 23.8605 110.949 -6.81
    endloop
  endfacet
  facet normal 0.288292 0.957542 0
    outer loop
      vertex 23.9035 110.929 -6.86
      vertex 23.95 110.915 -6.81
      vertex 23.95 110.915 -6.86
    endloop
  endfacet
  facet normal 0.288292 0.957542 0
    outer loop
      vertex 23.95 110.915 -6.81
      vertex 23.9035 110.929 -6.86
      vertex 23.9035 110.929 -6.81
    endloop
  endfacet
  facet normal 0.157991 0.987441 0
    outer loop
      vertex 23.95 110.915 -6.86
      vertex 24 110.907 -6.81
      vertex 24 110.907 -6.86
    endloop
  endfacet
  facet normal 0.157991 0.987441 0
    outer loop
      vertex 24 110.907 -6.81
      vertex 23.95 110.915 -6.86
      vertex 23.95 110.915 -6.81
    endloop
  endfacet
  facet normal 0.0559868 0.998432 0
    outer loop
      vertex 24 110.907 -6.86
      vertex 24.0535 110.904 -6.81
      vertex 24.0535 110.904 -6.86
    endloop
  endfacet
  facet normal 0.0559868 0.998432 0
    outer loop
      vertex 24.0535 110.904 -6.81
      vertex 24 110.907 -6.86
      vertex 24 110.907 -6.81
    endloop
  endfacet
  facet normal -0.0742821 0.997237 0
    outer loop
      vertex 24.0535 110.904 -6.86
      vertex 24.1072 110.908 -6.81
      vertex 24.1072 110.908 -6.86
    endloop
  endfacet
  facet normal -0.0742821 0.997237 0
    outer loop
      vertex 24.1072 110.908 -6.81
      vertex 24.0535 110.904 -6.86
      vertex 24.0535 110.904 -6.81
    endloop
  endfacet
  facet normal -0.177932 -0.984043 0
    outer loop
      vertex 19.4248 110.466 -6.86
      vertex 19.4248 110.466 -6.81
      vertex 19.2976 110.489 -6.86
    endloop
  endfacet
  facet normal -0.177932 -0.984043 0
    outer loop
      vertex 19.4248 110.466 -6.81
      vertex 19.2976 110.489 -6.81
      vertex 19.2976 110.489 -6.86
    endloop
  endfacet
  facet normal -0.309141 -0.951016 0
    outer loop
      vertex 19.2976 110.489 -6.86
      vertex 19.2976 110.489 -6.81
      vertex 19.1807 110.527 -6.86
    endloop
  endfacet
  facet normal -0.309141 -0.951016 0
    outer loop
      vertex 19.2976 110.489 -6.81
      vertex 19.1807 110.527 -6.81
      vertex 19.1807 110.527 -6.86
    endloop
  endfacet
  facet normal -0.45122 -0.892413 0
    outer loop
      vertex 19.1807 110.527 -6.86
      vertex 19.1807 110.527 -6.81
      vertex 19.0739 110.581 -6.86
    endloop
  endfacet
  facet normal -0.45122 -0.892413 0
    outer loop
      vertex 19.1807 110.527 -6.81
      vertex 19.0739 110.581 -6.81
      vertex 19.0739 110.581 -6.86
    endloop
  endfacet
  facet normal -0.58084 -0.814018 0
    outer loop
      vertex 19.0739 110.581 -6.86
      vertex 19.0739 110.581 -6.81
      vertex 18.9772 110.65 -6.86
    endloop
  endfacet
  facet normal -0.58084 -0.814018 0
    outer loop
      vertex 19.0739 110.581 -6.81
      vertex 18.9772 110.65 -6.81
      vertex 18.9772 110.65 -6.86
    endloop
  endfacet
  facet normal -0.697078 -0.716995 0
    outer loop
      vertex 18.9772 110.65 -6.86
      vertex 18.9772 110.65 -6.81
      vertex 18.8908 110.734 -6.86
    endloop
  endfacet
  facet normal -0.697078 -0.716995 0
    outer loop
      vertex 18.9772 110.65 -6.81
      vertex 18.8908 110.734 -6.81
      vertex 18.8908 110.734 -6.86
    endloop
  endfacet
  facet normal -0.792059 -0.610445 0
    outer loop
      vertex 18.8908 110.734 -6.86
      vertex 18.8908 110.734 -6.81
      vertex 18.8145 110.833 -6.86
    endloop
  endfacet
  facet normal -0.792059 -0.610445 0
    outer loop
      vertex 18.8908 110.734 -6.81
      vertex 18.8145 110.833 -6.81
      vertex 18.8145 110.833 -6.86
    endloop
  endfacet
  facet normal -0.865097 -0.501605 0
    outer loop
      vertex 18.8145 110.833 -6.86
      vertex 18.8145 110.833 -6.81
      vertex 18.7484 110.947 -6.86
    endloop
  endfacet
  facet normal -0.865097 -0.501605 0
    outer loop
      vertex 18.8145 110.833 -6.81
      vertex 18.7484 110.947 -6.81
      vertex 18.7484 110.947 -6.86
    endloop
  endfacet
  facet normal -0.917296 -0.398206 0
    outer loop
      vertex 18.7484 110.947 -6.86
      vertex 18.7484 110.947 -6.81
      vertex 18.6924 111.076 -6.86
    endloop
  endfacet
  facet normal -0.917296 -0.398206 0
    outer loop
      vertex 18.7484 110.947 -6.81
      vertex 18.6924 111.076 -6.81
      vertex 18.6924 111.076 -6.86
    endloop
  endfacet
  facet normal -0.952347 -0.305017 0
    outer loop
      vertex 18.6924 111.076 -6.86
      vertex 18.6924 111.076 -6.81
      vertex 18.6466 111.219 -6.86
    endloop
  endfacet
  facet normal -0.952347 -0.305017 0
    outer loop
      vertex 18.6924 111.076 -6.81
      vertex 18.6466 111.219 -6.81
      vertex 18.6466 111.219 -6.86
    endloop
  endfacet
  facet normal -0.975243 -0.221138 0
    outer loop
      vertex 18.6466 111.219 -6.86
      vertex 18.6466 111.219 -6.81
      vertex 18.611 111.376 -6.86
    endloop
  endfacet
  facet normal -0.975243 -0.221138 0
    outer loop
      vertex 18.6466 111.219 -6.81
      vertex 18.611 111.376 -6.81
      vertex 18.611 111.376 -6.86
    endloop
  endfacet
  facet normal -0.989147 -0.146926 0
    outer loop
      vertex 18.611 111.376 -6.86
      vertex 18.611 111.376 -6.81
      vertex 18.5856 111.547 -6.86
    endloop
  endfacet
  facet normal -0.989147 -0.146926 0
    outer loop
      vertex 18.611 111.376 -6.81
      vertex 18.5856 111.547 -6.81
      vertex 18.5856 111.547 -6.86
    endloop
  endfacet
  facet normal -0.996634 -0.0819812 0
    outer loop
      vertex 18.5856 111.547 -6.86
      vertex 18.5856 111.547 -6.81
      vertex 18.5703 111.733 -6.86
    endloop
  endfacet
  facet normal -0.996634 -0.0819812 0
    outer loop
      vertex 18.5856 111.547 -6.81
      vertex 18.5703 111.733 -6.81
      vertex 18.5703 111.733 -6.86
    endloop
  endfacet
  facet normal -0.999691 -0.0248679 0
    outer loop
      vertex 18.5703 111.733 -6.86
      vertex 18.5703 111.733 -6.81
      vertex 18.5653 111.934 -6.86
    endloop
  endfacet
  facet normal -0.999691 -0.0248679 0
    outer loop
      vertex 18.5703 111.733 -6.81
      vertex 18.5653 111.934 -6.81
      vertex 18.5653 111.934 -6.86
    endloop
  endfacet
  facet normal -0.999721 0.0236387 0
    outer loop
      vertex 18.5653 111.934 -6.86
      vertex 18.5653 111.934 -6.81
      vertex 18.5701 112.137 -6.86
    endloop
  endfacet
  facet normal -0.999721 0.0236387 0
    outer loop
      vertex 18.5653 111.934 -6.81
      vertex 18.5701 112.137 -6.81
      vertex 18.5701 112.137 -6.86
    endloop
  endfacet
  facet normal -0.997079 0.076372 0
    outer loop
      vertex 18.5701 112.137 -6.86
      vertex 18.5701 112.137 -6.81
      vertex 18.5845 112.325 -6.86
    endloop
  endfacet
  facet normal -0.997079 0.076372 0
    outer loop
      vertex 18.5701 112.137 -6.81
      vertex 18.5845 112.325 -6.81
      vertex 18.5845 112.325 -6.86
    endloop
  endfacet
  facet normal -0.990544 0.137196 0
    outer loop
      vertex 18.5845 112.325 -6.86
      vertex 18.5845 112.325 -6.81
      vertex 18.6086 112.499 -6.86
    endloop
  endfacet
  facet normal -0.990544 0.137196 0
    outer loop
      vertex 18.5845 112.325 -6.81
      vertex 18.6086 112.499 -6.81
      vertex 18.6086 112.499 -6.86
    endloop
  endfacet
  facet normal -0.978001 0.208599 0
    outer loop
      vertex 18.6086 112.499 -6.86
      vertex 18.6086 112.499 -6.81
      vertex 18.6423 112.657 -6.86
    endloop
  endfacet
  facet normal -0.978001 0.208599 0
    outer loop
      vertex 18.6086 112.499 -6.81
      vertex 18.6423 112.657 -6.81
      vertex 18.6423 112.657 -6.86
    endloop
  endfacet
  facet normal -0.956901 0.290416 0
    outer loop
      vertex 18.6423 112.657 -6.86
      vertex 18.6423 112.657 -6.81
      vertex 18.6857 112.8 -6.86
    endloop
  endfacet
  facet normal -0.956901 0.290416 0
    outer loop
      vertex 18.6423 112.657 -6.81
      vertex 18.6857 112.8 -6.81
      vertex 18.6857 112.8 -6.86
    endloop
  endfacet
  facet normal -0.924184 0.381948 0
    outer loop
      vertex 18.6857 112.8 -6.86
      vertex 18.6857 112.8 -6.81
      vertex 18.7386 112.928 -6.86
    endloop
  endfacet
  facet normal -0.924184 0.381948 0
    outer loop
      vertex 18.6857 112.8 -6.81
      vertex 18.7386 112.928 -6.81
      vertex 18.7386 112.928 -6.86
    endloop
  endfacet
  facet normal -0.872904 0.487891 0
    outer loop
      vertex 18.7386 112.928 -6.86
      vertex 18.7386 112.928 -6.81
      vertex 18.8012 113.04 -6.86
    endloop
  endfacet
  facet normal -0.872904 0.487891 0
    outer loop
      vertex 18.7386 112.928 -6.81
      vertex 18.8012 113.04 -6.81
      vertex 18.8012 113.04 -6.86
    endloop
  endfacet
  facet normal -0.80196 0.597378 0
    outer loop
      vertex 18.8012 113.04 -6.86
      vertex 18.8012 113.04 -6.81
      vertex 18.8742 113.138 -6.86
    endloop
  endfacet
  facet normal -0.80196 0.597378 0
    outer loop
      vertex 18.8012 113.04 -6.81
      vertex 18.8742 113.138 -6.81
      vertex 18.8742 113.138 -6.86
    endloop
  endfacet
  facet normal -0.702437 0.711746 0
    outer loop
      vertex 18.8742 113.138 -6.86
      vertex 18.8742 113.138 -6.81
      vertex 18.9583 113.221 -6.86
    endloop
  endfacet
  facet normal -0.702437 0.711746 0
    outer loop
      vertex 18.8742 113.138 -6.81
      vertex 18.9583 113.221 -6.81
      vertex 18.9583 113.221 -6.86
    endloop
  endfacet
  facet normal -0.575132 0.818061 0
    outer loop
      vertex 18.9583 113.221 -6.86
      vertex 18.9583 113.221 -6.81
      vertex 19.0536 113.288 -6.86
    endloop
  endfacet
  facet normal -0.575132 0.818061 0
    outer loop
      vertex 18.9583 113.221 -6.81
      vertex 19.0536 113.288 -6.81
      vertex 19.0536 113.288 -6.86
    endloop
  endfacet
  facet normal -0.446203 0.894932 0
    outer loop
      vertex 19.0536 113.288 -6.86
      vertex 19.0536 113.288 -6.81
      vertex 19.1599 113.341 -6.86
    endloop
  endfacet
  facet normal -0.446203 0.894932 0
    outer loop
      vertex 19.0536 113.288 -6.81
      vertex 19.1599 113.341 -6.81
      vertex 19.1599 113.341 -6.86
    endloop
  endfacet
  facet normal -0.300354 0.953828 0
    outer loop
      vertex 19.1599 113.341 -6.86
      vertex 19.1599 113.341 -6.81
      vertex 19.2774 113.378 -6.86
    endloop
  endfacet
  facet normal -0.300354 0.953828 0
    outer loop
      vertex 19.1599 113.341 -6.81
      vertex 19.2774 113.378 -6.81
      vertex 19.2774 113.378 -6.86
    endloop
  endfacet
  facet normal -0.175923 0.984404 0
    outer loop
      vertex 19.2774 113.378 -6.86
      vertex 19.2774 113.378 -6.81
      vertex 19.4061 113.401 -6.86
    endloop
  endfacet
  facet normal -0.175923 0.984404 0
    outer loop
      vertex 19.2774 113.378 -6.81
      vertex 19.4061 113.401 -6.81
      vertex 19.4061 113.401 -6.86
    endloop
  endfacet
  facet normal -0.0571719 0.998364 0
    outer loop
      vertex 19.4061 113.401 -6.86
      vertex 19.4061 113.401 -6.81
      vertex 19.5458 113.409 -6.86
    endloop
  endfacet
  facet normal -0.0571719 0.998364 0
    outer loop
      vertex 19.4061 113.401 -6.81
      vertex 19.5458 113.409 -6.81
      vertex 19.5458 113.409 -6.86
    endloop
  endfacet
  facet normal 0.0406581 0.999173 -0
    outer loop
      vertex 19.5458 113.409 -6.86
      vertex 19.5458 113.409 -6.81
      vertex 19.6441 113.405 -6.86
    endloop
  endfacet
  facet normal 0.0406581 0.999173 0
    outer loop
      vertex 19.5458 113.409 -6.81
      vertex 19.6441 113.405 -6.81
      vertex 19.6441 113.405 -6.86
    endloop
  endfacet
  facet normal 0.096633 0.99532 -0
    outer loop
      vertex 19.6441 113.405 -6.86
      vertex 19.6441 113.405 -6.81
      vertex 19.7368 113.396 -6.86
    endloop
  endfacet
  facet normal 0.096633 0.99532 0
    outer loop
      vertex 19.6441 113.405 -6.81
      vertex 19.7368 113.396 -6.81
      vertex 19.7368 113.396 -6.86
    endloop
  endfacet
  facet normal 0.180875 0.983506 -0
    outer loop
      vertex 19.7368 113.396 -6.86
      vertex 19.7368 113.396 -6.81
      vertex 19.8238 113.38 -6.86
    endloop
  endfacet
  facet normal 0.180875 0.983506 0
    outer loop
      vertex 19.7368 113.396 -6.81
      vertex 19.8238 113.38 -6.81
      vertex 19.8238 113.38 -6.86
    endloop
  endfacet
  facet normal 0.260909 0.965363 -0
    outer loop
      vertex 19.8238 113.38 -6.86
      vertex 19.8238 113.38 -6.81
      vertex 19.9052 113.358 -6.86
    endloop
  endfacet
  facet normal 0.260909 0.965363 0
    outer loop
      vertex 19.8238 113.38 -6.81
      vertex 19.9052 113.358 -6.81
      vertex 19.9052 113.358 -6.86
    endloop
  endfacet
  facet normal 0.346911 0.937898 -0
    outer loop
      vertex 19.9052 113.358 -6.86
      vertex 19.9052 113.358 -6.81
      vertex 19.9809 113.33 -6.86
    endloop
  endfacet
  facet normal 0.346911 0.937898 0
    outer loop
      vertex 19.9052 113.358 -6.81
      vertex 19.9809 113.33 -6.81
      vertex 19.9809 113.33 -6.86
    endloop
  endfacet
  facet normal 0.446703 0.894682 -0
    outer loop
      vertex 19.9809 113.33 -6.86
      vertex 19.9809 113.33 -6.81
      vertex 20.051 113.295 -6.86
    endloop
  endfacet
  facet normal 0.446703 0.894682 0
    outer loop
      vertex 19.9809 113.33 -6.81
      vertex 20.051 113.295 -6.81
      vertex 20.051 113.295 -6.86
    endloop
  endfacet
  facet normal 0.536452 0.843931 -0
    outer loop
      vertex 20.051 113.295 -6.86
      vertex 20.051 113.295 -6.81
      vertex 20.1155 113.254 -6.86
    endloop
  endfacet
  facet normal 0.536452 0.843931 0
    outer loop
      vertex 20.051 113.295 -6.81
      vertex 20.1155 113.254 -6.81
      vertex 20.1155 113.254 -6.86
    endloop
  endfacet
  facet normal 0.62852 0.777793 -0
    outer loop
      vertex 20.1155 113.254 -6.86
      vertex 20.1155 113.254 -6.81
      vertex 20.1749 113.206 -6.86
    endloop
  endfacet
  facet normal 0.62852 0.777793 0
    outer loop
      vertex 20.1155 113.254 -6.81
      vertex 20.1749 113.206 -6.81
      vertex 20.1749 113.206 -6.86
    endloop
  endfacet
  facet normal 0.70059 0.713564 -0
    outer loop
      vertex 20.1749 113.206 -6.86
      vertex 20.1749 113.206 -6.81
      vertex 20.2299 113.152 -6.86
    endloop
  endfacet
  facet normal 0.70059 0.713564 0
    outer loop
      vertex 20.1749 113.206 -6.81
      vertex 20.2299 113.152 -6.81
      vertex 20.2299 113.152 -6.86
    endloop
  endfacet
  facet normal 0.774736 0.632285 -0
    outer loop
      vertex 20.2299 113.152 -6.86
      vertex 20.2299 113.152 -6.81
      vertex 20.2805 113.09 -6.86
    endloop
  endfacet
  facet normal 0.774736 0.632285 0
    outer loop
      vertex 20.2299 113.152 -6.81
      vertex 20.2805 113.09 -6.81
      vertex 20.2805 113.09 -6.86
    endloop
  endfacet
  facet normal 0.830937 0.556367 -0
    outer loop
      vertex 20.2805 113.09 -6.86
      vertex 20.2805 113.09 -6.81
      vertex 20.3267 113.021 -6.86
    endloop
  endfacet
  facet normal 0.830937 0.556367 0
    outer loop
      vertex 20.2805 113.09 -6.81
      vertex 20.3267 113.021 -6.81
      vertex 20.3267 113.021 -6.86
    endloop
  endfacet
  facet normal 0.873497 0.486829 -0
    outer loop
      vertex 20.3267 113.021 -6.86
      vertex 20.3267 113.021 -6.81
      vertex 20.3685 112.946 -6.86
    endloop
  endfacet
  facet normal 0.873497 0.486829 0
    outer loop
      vertex 20.3267 113.021 -6.81
      vertex 20.3685 112.946 -6.81
      vertex 20.3685 112.946 -6.86
    endloop
  endfacet
  facet normal 0.911716 0.410821 -0
    outer loop
      vertex 20.3685 112.946 -6.86
      vertex 20.3685 112.946 -6.81
      vertex 20.4059 112.863 -6.86
    endloop
  endfacet
  facet normal 0.911716 0.410821 0
    outer loop
      vertex 20.3685 112.946 -6.81
      vertex 20.4059 112.863 -6.81
      vertex 20.4059 112.863 -6.86
    endloop
  endfacet
  facet normal 0.937622 0.347657 -0
    outer loop
      vertex 20.4059 112.863 -6.86
      vertex 20.4059 112.863 -6.81
      vertex 20.4389 112.774 -6.86
    endloop
  endfacet
  facet normal 0.937622 0.347657 0
    outer loop
      vertex 20.4059 112.863 -6.81
      vertex 20.4389 112.774 -6.81
      vertex 20.4389 112.774 -6.86
    endloop
  endfacet
  facet normal 0.959176 0.282809 -0
    outer loop
      vertex 20.4389 112.774 -6.86
      vertex 20.4389 112.774 -6.81
      vertex 20.4675 112.677 -6.86
    endloop
  endfacet
  facet normal 0.959176 0.282809 0
    outer loop
      vertex 20.4389 112.774 -6.81
      vertex 20.4675 112.677 -6.81
      vertex 20.4675 112.677 -6.86
    endloop
  endfacet
  facet normal 0.974454 0.224588 -0
    outer loop
      vertex 20.4675 112.677 -6.86
      vertex 20.4675 112.677 -6.81
      vertex 20.4917 112.572 -6.86
    endloop
  endfacet
  facet normal 0.974454 0.224588 0
    outer loop
      vertex 20.4675 112.677 -6.81
      vertex 20.4917 112.572 -6.81
      vertex 20.4917 112.572 -6.86
    endloop
  endfacet
  facet normal 0.98473 0.174086 -0
    outer loop
      vertex 20.4917 112.572 -6.86
      vertex 20.4917 112.572 -6.81
      vertex 20.5115 112.46 -6.86
    endloop
  endfacet
  facet normal 0.98473 0.174086 0
    outer loop
      vertex 20.4917 112.572 -6.81
      vertex 20.5115 112.46 -6.81
      vertex 20.5115 112.46 -6.86
    endloop
  endfacet
  facet normal 0.991866 0.127289 -0
    outer loop
      vertex 20.5115 112.46 -6.86
      vertex 20.5115 112.46 -6.81
      vertex 20.5269 112.34 -6.86
    endloop
  endfacet
  facet normal 0.991866 0.127289 0
    outer loop
      vertex 20.5115 112.46 -6.81
      vertex 20.5269 112.34 -6.81
      vertex 20.5269 112.34 -6.86
    endloop
  endfacet
  facet normal 0.996328 0.0856219 -0
    outer loop
      vertex 20.5269 112.34 -6.86
      vertex 20.5269 112.34 -6.81
      vertex 20.5379 112.212 -6.86
    endloop
  endfacet
  facet normal 0.996328 0.0856219 0
    outer loop
      vertex 20.5269 112.34 -6.81
      vertex 20.5379 112.212 -6.81
      vertex 20.5379 112.212 -6.86
    endloop
  endfacet
  facet normal 0.998807 0.0488306 -0
    outer loop
      vertex 20.5379 112.212 -6.86
      vertex 20.5379 112.212 -6.81
      vertex 20.5445 112.077 -6.86
    endloop
  endfacet
  facet normal 0.998807 0.0488306 0
    outer loop
      vertex 20.5379 112.212 -6.81
      vertex 20.5445 112.077 -6.81
      vertex 20.5445 112.077 -6.86
    endloop
  endfacet
  facet normal 0.999882 0.0153828 -0
    outer loop
      vertex 20.5445 112.077 -6.86
      vertex 20.5445 112.077 -6.81
      vertex 20.5467 111.934 -6.86
    endloop
  endfacet
  facet normal 0.999882 0.0153828 0
    outer loop
      vertex 20.5445 112.077 -6.81
      vertex 20.5467 111.934 -6.81
      vertex 20.5467 111.934 -6.86
    endloop
  endfacet
  facet normal 0.998688 -0.0512082 0
    outer loop
      vertex 20.5467 111.934 -6.86
      vertex 20.5467 111.934 -6.81
      vertex 20.5266 111.542 -6.86
    endloop
  endfacet
  facet normal 0.998688 -0.0512082 0
    outer loop
      vertex 20.5467 111.934 -6.81
      vertex 20.5266 111.542 -6.81
      vertex 20.5266 111.542 -6.86
    endloop
  endfacet
  facet normal 0.983808 -0.179225 0
    outer loop
      vertex 20.5266 111.542 -6.86
      vertex 20.5266 111.542 -6.81
      vertex 20.4663 111.211 -6.86
    endloop
  endfacet
  facet normal 0.983808 -0.179225 0
    outer loop
      vertex 20.5266 111.542 -6.81
      vertex 20.4663 111.211 -6.81
      vertex 20.4663 111.211 -6.86
    endloop
  endfacet
  facet normal 0.937715 -0.347405 0
    outer loop
      vertex 20.4663 111.211 -6.86
      vertex 20.4663 111.211 -6.81
      vertex 20.3659 110.94 -6.86
    endloop
  endfacet
  facet normal 0.937715 -0.347405 0
    outer loop
      vertex 20.4663 111.211 -6.81
      vertex 20.3659 110.94 -6.81
      vertex 20.3659 110.94 -6.86
    endloop
  endfacet
  facet normal 0.83077 -0.556616 0
    outer loop
      vertex 20.3659 110.94 -6.86
      vertex 20.3659 110.94 -6.81
      vertex 20.2252 110.73 -6.86
    endloop
  endfacet
  facet normal 0.83077 -0.556616 0
    outer loop
      vertex 20.3659 110.94 -6.81
      vertex 20.2252 110.73 -6.81
      vertex 20.2252 110.73 -6.86
    endloop
  endfacet
  facet normal 0.641019 -0.767525 0
    outer loop
      vertex 20.2252 110.73 -6.86
      vertex 20.2252 110.73 -6.81
      vertex 20.0444 110.579 -6.86
    endloop
  endfacet
  facet normal 0.641019 -0.767525 0
    outer loop
      vertex 20.2252 110.73 -6.81
      vertex 20.0444 110.579 -6.81
      vertex 20.0444 110.579 -6.86
    endloop
  endfacet
  facet normal 0.377017 -0.926206 0
    outer loop
      vertex 20.0444 110.579 -6.86
      vertex 20.0444 110.579 -6.81
      vertex 19.8233 110.489 -6.86
    endloop
  endfacet
  facet normal 0.377017 -0.926206 0
    outer loop
      vertex 20.0444 110.579 -6.81
      vertex 19.8233 110.489 -6.81
      vertex 19.8233 110.489 -6.86
    endloop
  endfacet
  facet normal 0.114104 -0.993469 0
    outer loop
      vertex 19.8233 110.489 -6.86
      vertex 19.8233 110.489 -6.81
      vertex 19.5621 110.459 -6.86
    endloop
  endfacet
  facet normal 0.114104 -0.993469 0
    outer loop
      vertex 19.8233 110.489 -6.81
      vertex 19.5621 110.459 -6.81
      vertex 19.5621 110.459 -6.86
    endloop
  endfacet
  facet normal -0.0509171 -0.998703 0
    outer loop
      vertex 19.5621 110.459 -6.86
      vertex 19.5621 110.459 -6.81
      vertex 19.4248 110.466 -6.86
    endloop
  endfacet
  facet normal -0.0509171 -0.998703 0
    outer loop
      vertex 19.5621 110.459 -6.81
      vertex 19.4248 110.466 -6.81
      vertex 19.4248 110.466 -6.86
    endloop
  endfacet
  facet normal -0.140438 0.990089 0
    outer loop
      vertex 19.6035 110.91 -6.86
      vertex 19.6458 110.916 -6.81
      vertex 19.6458 110.916 -6.86
    endloop
  endfacet
  facet normal -0.140438 0.990089 0
    outer loop
      vertex 19.6458 110.916 -6.81
      vertex 19.6035 110.91 -6.86
      vertex 19.6035 110.91 -6.81
    endloop
  endfacet
  facet normal -0.247779 0.968817 0
    outer loop
      vertex 19.6458 110.916 -6.86
      vertex 19.6849 110.926 -6.81
      vertex 19.6849 110.926 -6.86
    endloop
  endfacet
  facet normal -0.247779 0.968817 0
    outer loop
      vertex 19.6849 110.926 -6.81
      vertex 19.6458 110.916 -6.86
      vertex 19.6458 110.916 -6.81
    endloop
  endfacet
  facet normal -0.363323 0.931663 0
    outer loop
      vertex 19.6849 110.926 -6.86
      vertex 19.7208 110.94 -6.81
      vertex 19.7208 110.94 -6.86
    endloop
  endfacet
  facet normal -0.363323 0.931663 0
    outer loop
      vertex 19.7208 110.94 -6.81
      vertex 19.6849 110.926 -6.86
      vertex 19.6849 110.926 -6.81
    endloop
  endfacet
  facet normal -0.461267 0.887261 0
    outer loop
      vertex 19.7208 110.94 -6.86
      vertex 19.7535 110.957 -6.81
      vertex 19.7535 110.957 -6.86
    endloop
  endfacet
  facet normal -0.461267 0.887261 0
    outer loop
      vertex 19.7535 110.957 -6.81
      vertex 19.7208 110.94 -6.86
      vertex 19.7208 110.94 -6.81
    endloop
  endfacet
  facet normal -0.597824 0.801627 0
    outer loop
      vertex 19.7535 110.957 -6.86
      vertex 19.783 110.979 -6.81
      vertex 19.783 110.979 -6.86
    endloop
  endfacet
  facet normal -0.597824 0.801627 0
    outer loop
      vertex 19.783 110.979 -6.81
      vertex 19.7535 110.957 -6.86
      vertex 19.7535 110.957 -6.81
    endloop
  endfacet
  facet normal -0.688967 0.724793 0
    outer loop
      vertex 19.783 110.979 -6.86
      vertex 19.8093 111.004 -6.81
      vertex 19.8093 111.004 -6.86
    endloop
  endfacet
  facet normal -0.688967 0.724793 0
    outer loop
      vertex 19.8093 111.004 -6.81
      vertex 19.783 110.979 -6.86
      vertex 19.783 110.979 -6.81
    endloop
  endfacet
  facet normal -0.784682 0.619899 0
    outer loop
      vertex 19.8093 111.004 -6.86
      vertex 19.833 111.034 -6.81
      vertex 19.833 111.034 -6.86
    endloop
  endfacet
  facet normal -0.784682 0.619899 0
    outer loop
      vertex 19.833 111.034 -6.81
      vertex 19.8093 111.004 -6.86
      vertex 19.8093 111.004 -6.81
    endloop
  endfacet
  facet normal -0.847726 0.530434 0
    outer loop
      vertex 19.833 111.034 -6.86
      vertex 19.8549 111.069 -6.81
      vertex 19.8549 111.069 -6.86
    endloop
  endfacet
  facet normal -0.847726 0.530434 0
    outer loop
      vertex 19.8549 111.069 -6.81
      vertex 19.833 111.034 -6.86
      vertex 19.833 111.034 -6.81
    endloop
  endfacet
  facet normal -0.895321 0.445422 0
    outer loop
      vertex 19.8549 111.069 -6.86
      vertex 19.8748 111.109 -6.81
      vertex 19.8748 111.109 -6.86
    endloop
  endfacet
  facet normal -0.895321 0.445422 0
    outer loop
      vertex 19.8748 111.109 -6.81
      vertex 19.8549 111.069 -6.86
      vertex 19.8549 111.069 -6.81
    endloop
  endfacet
  facet normal -0.928477 0.371391 0
    outer loop
      vertex 19.8748 111.109 -6.86
      vertex 19.8928 111.154 -6.81
      vertex 19.8928 111.154 -6.86
    endloop
  endfacet
  facet normal -0.928477 0.371391 0
    outer loop
      vertex 19.8928 111.154 -6.81
      vertex 19.8748 111.109 -6.86
      vertex 19.8748 111.109 -6.81
    endloop
  endfacet
  facet normal -0.95187 0.306502 0
    outer loop
      vertex 19.8928 111.154 -6.86
      vertex 19.9089 111.204 -6.81
      vertex 19.9089 111.204 -6.86
    endloop
  endfacet
  facet normal -0.95187 0.306502 0
    outer loop
      vertex 19.9089 111.204 -6.81
      vertex 19.8928 111.154 -6.86
      vertex 19.8928 111.154 -6.81
    endloop
  endfacet
  facet normal -0.969322 0.245792 0
    outer loop
      vertex 19.9089 111.204 -6.86
      vertex 19.9231 111.26 -6.81
      vertex 19.9231 111.26 -6.86
    endloop
  endfacet
  facet normal -0.969322 0.245792 0
    outer loop
      vertex 19.9231 111.26 -6.81
      vertex 19.9089 111.204 -6.86
      vertex 19.9089 111.204 -6.81
    endloop
  endfacet
  facet normal -0.979627 0.200824 0
    outer loop
      vertex 19.9231 111.26 -6.86
      vertex 19.9354 111.32 -6.81
      vertex 19.9354 111.32 -6.86
    endloop
  endfacet
  facet normal -0.979627 0.200824 0
    outer loop
      vertex 19.9354 111.32 -6.81
      vertex 19.9231 111.26 -6.86
      vertex 19.9231 111.26 -6.81
    endloop
  endfacet
  facet normal -0.987942 0.154827 0
    outer loop
      vertex 19.9354 111.32 -6.86
      vertex 19.9459 111.387 -6.81
      vertex 19.9459 111.387 -6.86
    endloop
  endfacet
  facet normal -0.987942 0.154827 0
    outer loop
      vertex 19.9459 111.387 -6.81
      vertex 19.9354 111.32 -6.86
      vertex 19.9354 111.32 -6.81
    endloop
  endfacet
  facet normal -0.99265 0.121022 0
    outer loop
      vertex 19.9459 111.387 -6.86
      vertex 19.9548 111.46 -6.81
      vertex 19.9548 111.46 -6.86
    endloop
  endfacet
  facet normal -0.99265 0.121022 0
    outer loop
      vertex 19.9548 111.46 -6.81
      vertex 19.9459 111.387 -6.86
      vertex 19.9459 111.387 -6.81
    endloop
  endfacet
  facet normal -0.995963 0.0897597 0
    outer loop
      vertex 19.9548 111.46 -6.86
      vertex 19.9621 111.541 -6.81
      vertex 19.9621 111.541 -6.86
    endloop
  endfacet
  facet normal -0.995963 0.0897597 0
    outer loop
      vertex 19.9621 111.541 -6.81
      vertex 19.9548 111.46 -6.86
      vertex 19.9548 111.46 -6.81
    endloop
  endfacet
  facet normal -0.997909 0.0646373 0
    outer loop
      vertex 19.9621 111.541 -6.86
      vertex 19.9678 111.629 -6.81
      vertex 19.9678 111.629 -6.86
    endloop
  endfacet
  facet normal -0.997909 0.0646373 0
    outer loop
      vertex 19.9678 111.629 -6.81
      vertex 19.9621 111.541 -6.86
      vertex 19.9621 111.541 -6.81
    endloop
  endfacet
  facet normal -0.999096 0.0425147 0
    outer loop
      vertex 19.9678 111.629 -6.86
      vertex 19.9718 111.723 -6.81
      vertex 19.9718 111.723 -6.86
    endloop
  endfacet
  facet normal -0.999096 0.0425147 0
    outer loop
      vertex 19.9718 111.723 -6.81
      vertex 19.9678 111.629 -6.86
      vertex 19.9678 111.629 -6.81
    endloop
  endfacet
  facet normal -0.9997 0.0245024 0
    outer loop
      vertex 19.9718 111.723 -6.86
      vertex 19.9743 111.825 -6.81
      vertex 19.9743 111.825 -6.86
    endloop
  endfacet
  facet normal -0.9997 0.0245024 0
    outer loop
      vertex 19.9743 111.825 -6.81
      vertex 19.9718 111.723 -6.86
      vertex 19.9718 111.723 -6.81
    endloop
  endfacet
  facet normal -0.999973 0.00733925 0
    outer loop
      vertex 19.9743 111.825 -6.86
      vertex 19.9751 111.934 -6.81
      vertex 19.9751 111.934 -6.86
    endloop
  endfacet
  facet normal -0.999973 0.00733925 0
    outer loop
      vertex 19.9751 111.934 -6.81
      vertex 19.9743 111.825 -6.86
      vertex 19.9743 111.825 -6.81
    endloop
  endfacet
  facet normal -0.999973 -0.00733925 0
    outer loop
      vertex 19.9751 111.934 -6.86
      vertex 19.9743 112.043 -6.81
      vertex 19.9743 112.043 -6.86
    endloop
  endfacet
  facet normal -0.999973 -0.00733925 0
    outer loop
      vertex 19.9743 112.043 -6.81
      vertex 19.9751 111.934 -6.86
      vertex 19.9751 111.934 -6.81
    endloop
  endfacet
  facet normal -0.999751 -0.0223245 0
    outer loop
      vertex 19.9743 112.043 -6.86
      vertex 19.972 112.146 -6.81
      vertex 19.972 112.146 -6.86
    endloop
  endfacet
  facet normal -0.999751 -0.0223245 0
    outer loop
      vertex 19.972 112.146 -6.81
      vertex 19.9743 112.043 -6.86
      vertex 19.9743 112.043 -6.81
    endloop
  endfacet
  facet normal -0.999201 -0.039968 0
    outer loop
      vertex 19.972 112.146 -6.86
      vertex 19.9682 112.241 -6.81
      vertex 19.9682 112.241 -6.86
    endloop
  endfacet
  facet normal -0.999201 -0.039968 0
    outer loop
      vertex 19.9682 112.241 -6.81
      vertex 19.972 112.146 -6.86
      vertex 19.972 112.146 -6.81
    endloop
  endfacet
  facet normal -0.998123 -0.0612484 0
    outer loop
      vertex 19.9682 112.241 -6.86
      vertex 19.9628 112.329 -6.81
      vertex 19.9628 112.329 -6.86
    endloop
  endfacet
  facet normal -0.998123 -0.0612484 0
    outer loop
      vertex 19.9628 112.329 -6.81
      vertex 19.9682 112.241 -6.86
      vertex 19.9682 112.241 -6.81
    endloop
  endfacet
  facet normal -0.996301 -0.085931 0
    outer loop
      vertex 19.9628 112.329 -6.86
      vertex 19.9559 112.409 -6.81
      vertex 19.9559 112.409 -6.86
    endloop
  endfacet
  facet normal -0.996301 -0.085931 0
    outer loop
      vertex 19.9559 112.409 -6.81
      vertex 19.9628 112.329 -6.86
      vertex 19.9628 112.329 -6.81
    endloop
  endfacet
  facet normal -0.993468 -0.114115 0
    outer loop
      vertex 19.9559 112.409 -6.86
      vertex 19.9474 112.483 -6.81
      vertex 19.9474 112.483 -6.86
    endloop
  endfacet
  facet normal -0.993468 -0.114115 0
    outer loop
      vertex 19.9474 112.483 -6.81
      vertex 19.9559 112.409 -6.86
      vertex 19.9559 112.409 -6.81
    endloop
  endfacet
  facet normal -0.988936 -0.14834 0
    outer loop
      vertex 19.9474 112.483 -6.86
      vertex 19.9375 112.549 -6.81
      vertex 19.9375 112.549 -6.86
    endloop
  endfacet
  facet normal -0.988936 -0.14834 0
    outer loop
      vertex 19.9375 112.549 -6.81
      vertex 19.9474 112.483 -6.86
      vertex 19.9474 112.483 -6.81
    endloop
  endfacet
  facet normal -0.981205 -0.19297 0
    outer loop
      vertex 19.9375 112.549 -6.86
      vertex 19.9257 112.609 -6.81
      vertex 19.9257 112.609 -6.86
    endloop
  endfacet
  facet normal -0.981205 -0.19297 0
    outer loop
      vertex 19.9257 112.609 -6.81
      vertex 19.9375 112.549 -6.86
      vertex 19.9375 112.549 -6.81
    endloop
  endfacet
  facet normal -0.969517 -0.245023 0
    outer loop
      vertex 19.9257 112.609 -6.86
      vertex 19.9118 112.664 -6.81
      vertex 19.9118 112.664 -6.86
    endloop
  endfacet
  facet normal -0.969517 -0.245023 0
    outer loop
      vertex 19.9118 112.664 -6.81
      vertex 19.9257 112.609 -6.86
      vertex 19.9257 112.609 -6.81
    endloop
  endfacet
  facet normal -0.952424 -0.304776 0
    outer loop
      vertex 19.9118 112.664 -6.86
      vertex 19.8958 112.714 -6.81
      vertex 19.8958 112.714 -6.86
    endloop
  endfacet
  facet normal -0.952424 -0.304776 0
    outer loop
      vertex 19.8958 112.714 -6.81
      vertex 19.9118 112.664 -6.86
      vertex 19.9118 112.664 -6.81
    endloop
  endfacet
  facet normal -0.928477 -0.371391 0
    outer loop
      vertex 19.8958 112.714 -6.86
      vertex 19.8778 112.759 -6.81
      vertex 19.8778 112.759 -6.86
    endloop
  endfacet
  facet normal -0.928477 -0.371391 0
    outer loop
      vertex 19.8778 112.759 -6.81
      vertex 19.8958 112.714 -6.86
      vertex 19.8958 112.714 -6.81
    endloop
  endfacet
  facet normal -0.893532 -0.449 0
    outer loop
      vertex 19.8778 112.759 -6.86
      vertex 19.8577 112.799 -6.81
      vertex 19.8577 112.799 -6.86
    endloop
  endfacet
  facet normal -0.893532 -0.449 0
    outer loop
      vertex 19.8577 112.799 -6.81
      vertex 19.8778 112.759 -6.86
      vertex 19.8778 112.759 -6.81
    endloop
  endfacet
  facet normal -0.845546 -0.533902 0
    outer loop
      vertex 19.8577 112.799 -6.86
      vertex 19.8356 112.834 -6.81
      vertex 19.8356 112.834 -6.86
    endloop
  endfacet
  facet normal -0.845546 -0.533902 0
    outer loop
      vertex 19.8356 112.834 -6.81
      vertex 19.8577 112.799 -6.86
      vertex 19.8577 112.799 -6.81
    endloop
  endfacet
  facet normal -0.777064 -0.629422 0
    outer loop
      vertex 19.8356 112.834 -6.86
      vertex 19.8113 112.864 -6.81
      vertex 19.8113 112.864 -6.86
    endloop
  endfacet
  facet normal -0.777064 -0.629422 0
    outer loop
      vertex 19.8113 112.864 -6.81
      vertex 19.8356 112.834 -6.86
      vertex 19.8356 112.834 -6.81
    endloop
  endfacet
  facet normal -0.693642 -0.72032 0
    outer loop
      vertex 19.8113 112.864 -6.86
      vertex 19.7843 112.89 -6.81
      vertex 19.7843 112.89 -6.86
    endloop
  endfacet
  facet normal -0.693642 -0.72032 0
    outer loop
      vertex 19.7843 112.89 -6.81
      vertex 19.8113 112.864 -6.86
      vertex 19.8113 112.864 -6.81
    endloop
  endfacet
  facet normal -0.585005 -0.81103 0
    outer loop
      vertex 19.7843 112.89 -6.86
      vertex 19.7538 112.912 -6.81
      vertex 19.7538 112.912 -6.86
    endloop
  endfacet
  facet normal -0.585005 -0.81103 0
    outer loop
      vertex 19.7538 112.912 -6.81
      vertex 19.7843 112.89 -6.86
      vertex 19.7843 112.89 -6.81
    endloop
  endfacet
  facet normal -0.448268 -0.893899 0
    outer loop
      vertex 19.7538 112.912 -6.86
      vertex 19.7199 112.929 -6.81
      vertex 19.7199 112.929 -6.86
    endloop
  endfacet
  facet normal -0.448268 -0.893899 0
    outer loop
      vertex 19.7199 112.929 -6.81
      vertex 19.7538 112.912 -6.86
      vertex 19.7538 112.912 -6.81
    endloop
  endfacet
  facet normal -0.351398 -0.936226 0
    outer loop
      vertex 19.7199 112.929 -6.86
      vertex 19.6826 112.943 -6.81
      vertex 19.6826 112.943 -6.86
    endloop
  endfacet
  facet normal -0.351398 -0.936226 0
    outer loop
      vertex 19.6826 112.943 -6.81
      vertex 19.7199 112.929 -6.86
      vertex 19.7199 112.929 -6.81
    endloop
  endfacet
  facet normal -0.238052 -0.971252 0
    outer loop
      vertex 19.6826 112.943 -6.86
      vertex 19.6418 112.953 -6.81
      vertex 19.6418 112.953 -6.86
    endloop
  endfacet
  facet normal -0.238052 -0.971252 0
    outer loop
      vertex 19.6418 112.953 -6.81
      vertex 19.6826 112.943 -6.86
      vertex 19.6826 112.943 -6.81
    endloop
  endfacet
  facet normal -0.134513 -0.990912 0
    outer loop
      vertex 19.6418 112.953 -6.86
      vertex 19.5976 112.959 -6.81
      vertex 19.5976 112.959 -6.86
    endloop
  endfacet
  facet normal -0.134513 -0.990912 0
    outer loop
      vertex 19.5976 112.959 -6.81
      vertex 19.6418 112.953 -6.86
      vertex 19.6418 112.953 -6.81
    endloop
  endfacet
  facet normal -0.0418919 -0.999122 0
    outer loop
      vertex 19.5976 112.959 -6.86
      vertex 19.5499 112.961 -6.81
      vertex 19.5499 112.961 -6.86
    endloop
  endfacet
  facet normal -0.0418919 -0.999122 0
    outer loop
      vertex 19.5499 112.961 -6.81
      vertex 19.5976 112.959 -6.86
      vertex 19.5976 112.959 -6.81
    endloop
  endfacet
  facet normal 0.0444993 -0.999009 0
    outer loop
      vertex 19.5499 112.961 -6.86
      vertex 19.505 112.959 -6.81
      vertex 19.505 112.959 -6.86
    endloop
  endfacet
  facet normal 0.0444993 -0.999009 0
    outer loop
      vertex 19.505 112.959 -6.81
      vertex 19.5499 112.961 -6.86
      vertex 19.5499 112.961 -6.81
    endloop
  endfacet
  facet normal 0.142084 -0.989855 0
    outer loop
      vertex 19.505 112.959 -6.86
      vertex 19.4632 112.953 -6.81
      vertex 19.4632 112.953 -6.86
    endloop
  endfacet
  facet normal 0.142084 -0.989855 0
    outer loop
      vertex 19.4632 112.953 -6.81
      vertex 19.505 112.959 -6.86
      vertex 19.505 112.959 -6.81
    endloop
  endfacet
  facet normal 0.250788 -0.968042 0
    outer loop
      vertex 19.4632 112.953 -6.86
      vertex 19.4246 112.943 -6.81
      vertex 19.4246 112.943 -6.86
    endloop
  endfacet
  facet normal 0.250788 -0.968042 0
    outer loop
      vertex 19.4246 112.943 -6.81
      vertex 19.4632 112.953 -6.86
      vertex 19.4632 112.953 -6.81
    endloop
  endfacet
  facet normal 0.343866 -0.939019 0
    outer loop
      vertex 19.4246 112.943 -6.86
      vertex 19.3891 112.93 -6.81
      vertex 19.3891 112.93 -6.86
    endloop
  endfacet
  facet normal 0.343866 -0.939019 0
    outer loop
      vertex 19.3891 112.93 -6.81
      vertex 19.4246 112.943 -6.86
      vertex 19.4246 112.943 -6.81
    endloop
  endfacet
  facet normal 0.486791 -0.873519 0
    outer loop
      vertex 19.3891 112.93 -6.86
      vertex 19.3568 112.912 -6.81
      vertex 19.3568 112.912 -6.86
    endloop
  endfacet
  facet normal 0.486791 -0.873519 0
    outer loop
      vertex 19.3568 112.912 -6.81
      vertex 19.3891 112.93 -6.86
      vertex 19.3891 112.93 -6.81
    endloop
  endfacet
  facet normal 0.585185 -0.8109 0
    outer loop
      vertex 19.3568 112.912 -6.86
      vertex 19.3277 112.891 -6.81
      vertex 19.3277 112.891 -6.86
    endloop
  endfacet
  facet normal 0.585185 -0.8109 0
    outer loop
      vertex 19.3277 112.891 -6.81
      vertex 19.3568 112.912 -6.86
      vertex 19.3568 112.912 -6.81
    endloop
  endfacet
  facet normal 0.707107 -0.707107 0
    outer loop
      vertex 19.3277 112.891 -6.86
      vertex 19.3017 112.865 -6.81
      vertex 19.3017 112.865 -6.86
    endloop
  endfacet
  facet normal 0.707107 -0.707107 0
    outer loop
      vertex 19.3017 112.865 -6.81
      vertex 19.3277 112.891 -6.86
      vertex 19.3277 112.891 -6.81
    endloop
  endfacet
  facet normal 0.776933 -0.629583 0
    outer loop
      vertex 19.3017 112.865 -6.86
      vertex 19.2782 112.836 -6.81
      vertex 19.2782 112.836 -6.86
    endloop
  endfacet
  facet normal 0.776933 -0.629583 0
    outer loop
      vertex 19.2782 112.836 -6.81
      vertex 19.3017 112.865 -6.86
      vertex 19.3017 112.865 -6.81
    endloop
  endfacet
  facet normal 0.852076 -0.523418 0
    outer loop
      vertex 19.2782 112.836 -6.86
      vertex 19.2567 112.801 -6.81
      vertex 19.2567 112.801 -6.86
    endloop
  endfacet
  facet normal 0.852076 -0.523418 0
    outer loop
      vertex 19.2567 112.801 -6.81
      vertex 19.2782 112.836 -6.86
      vertex 19.2782 112.836 -6.81
    endloop
  endfacet
  facet normal 0.89799 -0.440015 0
    outer loop
      vertex 19.2567 112.801 -6.86
      vertex 19.2371 112.761 -6.81
      vertex 19.2371 112.761 -6.86
    endloop
  endfacet
  facet normal 0.89799 -0.440015 0
    outer loop
      vertex 19.2371 112.761 -6.81
      vertex 19.2567 112.801 -6.86
      vertex 19.2567 112.801 -6.81
    endloop
  endfacet
  facet normal 0.929895 -0.367825 0
    outer loop
      vertex 19.2371 112.761 -6.86
      vertex 19.2193 112.716 -6.81
      vertex 19.2193 112.716 -6.86
    endloop
  endfacet
  facet normal 0.929895 -0.367825 0
    outer loop
      vertex 19.2193 112.716 -6.81
      vertex 19.2371 112.761 -6.86
      vertex 19.2371 112.761 -6.81
    endloop
  endfacet
  facet normal 0.95521 -0.295928 0
    outer loop
      vertex 19.2193 112.716 -6.86
      vertex 19.2035 112.665 -6.81
      vertex 19.2035 112.665 -6.86
    endloop
  endfacet
  facet normal 0.95521 -0.295928 0
    outer loop
      vertex 19.2035 112.665 -6.81
      vertex 19.2193 112.716 -6.86
      vertex 19.2193 112.716 -6.81
    endloop
  endfacet
  facet normal 0.969517 -0.245023 0
    outer loop
      vertex 19.2035 112.665 -6.86
      vertex 19.1896 112.61 -6.81
      vertex 19.1896 112.61 -6.86
    endloop
  endfacet
  facet normal 0.969517 -0.245023 0
    outer loop
      vertex 19.1896 112.61 -6.81
      vertex 19.2035 112.665 -6.86
      vertex 19.2035 112.665 -6.81
    endloop
  endfacet
  facet normal 0.980581 -0.196116 0
    outer loop
      vertex 19.1896 112.61 -6.86
      vertex 19.1776 112.55 -6.81
      vertex 19.1776 112.55 -6.86
    endloop
  endfacet
  facet normal 0.980581 -0.196116 0
    outer loop
      vertex 19.1776 112.55 -6.81
      vertex 19.1896 112.61 -6.86
      vertex 19.1896 112.61 -6.81
    endloop
  endfacet
  facet normal 0.988268 -0.152732 0
    outer loop
      vertex 19.1776 112.55 -6.86
      vertex 19.1674 112.484 -6.81
      vertex 19.1674 112.484 -6.86
    endloop
  endfacet
  facet normal 0.988268 -0.152732 0
    outer loop
      vertex 19.1674 112.484 -6.81
      vertex 19.1776 112.55 -6.86
      vertex 19.1776 112.55 -6.81
    endloop
  endfacet
  facet normal 0.99316 -0.116763 0
    outer loop
      vertex 19.1674 112.484 -6.86
      vertex 19.1587 112.41 -6.81
      vertex 19.1587 112.41 -6.86
    endloop
  endfacet
  facet normal 0.99316 -0.116763 0
    outer loop
      vertex 19.1587 112.41 -6.81
      vertex 19.1674 112.484 -6.86
      vertex 19.1674 112.484 -6.81
    endloop
  endfacet
  facet normal 0.99618 -0.0873195 0
    outer loop
      vertex 19.1587 112.41 -6.86
      vertex 19.1516 112.329 -6.81
      vertex 19.1516 112.329 -6.86
    endloop
  endfacet
  facet normal 0.99618 -0.0873195 0
    outer loop
      vertex 19.1516 112.329 -6.81
      vertex 19.1587 112.41 -6.86
      vertex 19.1587 112.41 -6.81
    endloop
  endfacet
  facet normal 0.997981 -0.0635079 0
    outer loop
      vertex 19.1516 112.329 -6.86
      vertex 19.146 112.241 -6.81
      vertex 19.146 112.241 -6.86
    endloop
  endfacet
  facet normal 0.997981 -0.0635079 0
    outer loop
      vertex 19.146 112.241 -6.81
      vertex 19.1516 112.329 -6.86
      vertex 19.1516 112.329 -6.81
    endloop
  endfacet
  facet normal 0.999158 -0.0410181 0
    outer loop
      vertex 19.146 112.241 -6.86
      vertex 19.1421 112.146 -6.81
      vertex 19.1421 112.146 -6.86
    endloop
  endfacet
  facet normal 0.999158 -0.0410181 0
    outer loop
      vertex 19.1421 112.146 -6.81
      vertex 19.146 112.241 -6.86
      vertex 19.146 112.241 -6.81
    endloop
  endfacet
  facet normal 0.999729 -0.0232946 0
    outer loop
      vertex 19.1421 112.146 -6.86
      vertex 19.1397 112.043 -6.81
      vertex 19.1397 112.043 -6.86
    endloop
  endfacet
  facet normal 0.999729 -0.0232946 0
    outer loop
      vertex 19.1397 112.043 -6.81
      vertex 19.1421 112.146 -6.86
      vertex 19.1421 112.146 -6.81
    endloop
  endfacet
  facet normal 0.999979 -0.00642189 0
    outer loop
      vertex 19.1397 112.043 -6.86
      vertex 19.139 111.934 -6.81
      vertex 19.139 111.934 -6.86
    endloop
  endfacet
  facet normal 0.999979 -0.00642189 0
    outer loop
      vertex 19.139 111.934 -6.81
      vertex 19.1397 112.043 -6.86
      vertex 19.1397 112.043 -6.81
    endloop
  endfacet
  facet normal 0.999972 0.00754695 0
    outer loop
      vertex 19.139 111.934 -6.86
      vertex 19.1398 111.828 -6.81
      vertex 19.1398 111.828 -6.86
    endloop
  endfacet
  facet normal 0.999972 0.00754695 0
    outer loop
      vertex 19.1398 111.828 -6.81
      vertex 19.139 111.934 -6.86
      vertex 19.139 111.934 -6.81
    endloop
  endfacet
  facet normal 0.999706 0.0242353 0
    outer loop
      vertex 19.1398 111.828 -6.86
      vertex 19.1422 111.729 -6.81
      vertex 19.1422 111.729 -6.86
    endloop
  endfacet
  facet normal 0.999706 0.0242353 0
    outer loop
      vertex 19.1422 111.729 -6.81
      vertex 19.1398 111.828 -6.86
      vertex 19.1398 111.828 -6.81
    endloop
  endfacet
  facet normal 0.999056 0.0434372 0
    outer loop
      vertex 19.1422 111.729 -6.86
      vertex 19.1462 111.637 -6.81
      vertex 19.1462 111.637 -6.86
    endloop
  endfacet
  facet normal 0.999056 0.0434372 0
    outer loop
      vertex 19.1462 111.637 -6.81
      vertex 19.1422 111.729 -6.86
      vertex 19.1422 111.729 -6.81
    endloop
  endfacet
  facet normal 0.997811 0.066134 0
    outer loop
      vertex 19.1462 111.637 -6.86
      vertex 19.1519 111.551 -6.81
      vertex 19.1519 111.551 -6.86
    endloop
  endfacet
  facet normal 0.997811 0.066134 0
    outer loop
      vertex 19.1519 111.551 -6.81
      vertex 19.1462 111.637 -6.86
      vertex 19.1462 111.637 -6.81
    endloop
  endfacet
  facet normal 0.995863 0.0908725 0
    outer loop
      vertex 19.1519 111.551 -6.86
      vertex 19.1592 111.471 -6.81
      vertex 19.1592 111.471 -6.86
    endloop
  endfacet
  facet normal 0.995863 0.0908725 0
    outer loop
      vertex 19.1592 111.471 -6.81
      vertex 19.1519 111.551 -6.86
      vertex 19.1519 111.551 -6.81
    endloop
  endfacet
  facet normal 0.99265 0.121022 0
    outer loop
      vertex 19.1592 111.471 -6.86
      vertex 19.1681 111.398 -6.81
      vertex 19.1681 111.398 -6.86
    endloop
  endfacet
  facet normal 0.99265 0.121022 0
    outer loop
      vertex 19.1681 111.398 -6.81
      vertex 19.1592 111.471 -6.86
      vertex 19.1592 111.471 -6.81
    endloop
  endfacet
  facet normal 0.987942 0.154827 0
    outer loop
      vertex 19.1681 111.398 -6.86
      vertex 19.1786 111.331 -6.81
      vertex 19.1786 111.331 -6.86
    endloop
  endfacet
  facet normal 0.987942 0.154827 0
    outer loop
      vertex 19.1786 111.331 -6.81
      vertex 19.1681 111.398 -6.86
      vertex 19.1681 111.398 -6.81
    endloop
  endfacet
  facet normal 0.979305 0.20239 0
    outer loop
      vertex 19.1786 111.331 -6.86
      vertex 19.191 111.271 -6.81
      vertex 19.191 111.271 -6.86
    endloop
  endfacet
  facet normal 0.979305 0.20239 0
    outer loop
      vertex 19.191 111.271 -6.81
      vertex 19.1786 111.331 -6.86
      vertex 19.1786 111.331 -6.81
    endloop
  endfacet
  facet normal 0.968909 0.247418 0
    outer loop
      vertex 19.191 111.271 -6.86
      vertex 19.2053 111.215 -6.81
      vertex 19.2053 111.215 -6.86
    endloop
  endfacet
  facet normal 0.968909 0.247418 0
    outer loop
      vertex 19.2053 111.215 -6.81
      vertex 19.191 111.271 -6.86
      vertex 19.191 111.271 -6.81
    endloop
  endfacet
  facet normal 0.952533 0.304437 0
    outer loop
      vertex 19.2053 111.215 -6.86
      vertex 19.2216 111.164 -6.81
      vertex 19.2216 111.164 -6.86
    endloop
  endfacet
  facet normal 0.952533 0.304437 0
    outer loop
      vertex 19.2216 111.164 -6.81
      vertex 19.2053 111.215 -6.86
      vertex 19.2053 111.215 -6.81
    endloop
  endfacet
  facet normal 0.929172 0.369649 0
    outer loop
      vertex 19.2216 111.164 -6.86
      vertex 19.2399 111.118 -6.81
      vertex 19.2399 111.118 -6.86
    endloop
  endfacet
  facet normal 0.929172 0.369649 0
    outer loop
      vertex 19.2399 111.118 -6.81
      vertex 19.2216 111.164 -6.86
      vertex 19.2216 111.164 -6.81
    endloop
  endfacet
  facet normal 0.900349 0.435169 0
    outer loop
      vertex 19.2399 111.118 -6.86
      vertex 19.2602 111.076 -6.81
      vertex 19.2602 111.076 -6.86
    endloop
  endfacet
  facet normal 0.900349 0.435169 0
    outer loop
      vertex 19.2602 111.076 -6.81
      vertex 19.2399 111.118 -6.86
      vertex 19.2399 111.118 -6.81
    endloop
  endfacet
  facet normal 0.850114 0.526598 0
    outer loop
      vertex 19.2602 111.076 -6.86
      vertex 19.2825 111.04 -6.81
      vertex 19.2825 111.04 -6.86
    endloop
  endfacet
  facet normal 0.850114 0.526598 0
    outer loop
      vertex 19.2825 111.04 -6.81
      vertex 19.2602 111.076 -6.86
      vertex 19.2602 111.076 -6.81
    endloop
  endfacet
  facet normal 0.787023 0.616924 0
    outer loop
      vertex 19.2825 111.04 -6.86
      vertex 19.3068 111.009 -6.81
      vertex 19.3068 111.009 -6.86
    endloop
  endfacet
  facet normal 0.787023 0.616924 0
    outer loop
      vertex 19.3068 111.009 -6.81
      vertex 19.2825 111.04 -6.86
      vertex 19.2825 111.04 -6.81
    endloop
  endfacet
  facet normal 0.709731 0.704473 0
    outer loop
      vertex 19.3068 111.009 -6.86
      vertex 19.3336 110.982 -6.81
      vertex 19.3336 110.982 -6.86
    endloop
  endfacet
  facet normal 0.709731 0.704473 0
    outer loop
      vertex 19.3336 110.982 -6.81
      vertex 19.3068 111.009 -6.86
      vertex 19.3068 111.009 -6.81
    endloop
  endfacet
  facet normal 0.593936 0.804513 0
    outer loop
      vertex 19.3336 110.982 -6.86
      vertex 19.3634 110.96 -6.81
      vertex 19.3634 110.96 -6.86
    endloop
  endfacet
  facet normal 0.593936 0.804513 0
    outer loop
      vertex 19.3634 110.96 -6.81
      vertex 19.3336 110.982 -6.86
      vertex 19.3336 110.982 -6.81
    endloop
  endfacet
  facet normal 0.500102 0.865966 0
    outer loop
      vertex 19.3634 110.96 -6.86
      vertex 19.3963 110.941 -6.81
      vertex 19.3963 110.941 -6.86
    endloop
  endfacet
  facet normal 0.500102 0.865966 0
    outer loop
      vertex 19.3963 110.941 -6.81
      vertex 19.3634 110.96 -6.86
      vertex 19.3634 110.96 -6.81
    endloop
  endfacet
  facet normal 0.363323 0.931663 0
    outer loop
      vertex 19.3963 110.941 -6.86
      vertex 19.4322 110.927 -6.81
      vertex 19.4322 110.927 -6.86
    endloop
  endfacet
  facet normal 0.363323 0.931663 0
    outer loop
      vertex 19.4322 110.927 -6.81
      vertex 19.3963 110.941 -6.86
      vertex 19.3963 110.941 -6.81
    endloop
  endfacet
  facet normal 0.248974 0.96851 0
    outer loop
      vertex 19.4322 110.927 -6.86
      vertex 19.4711 110.917 -6.81
      vertex 19.4711 110.917 -6.86
    endloop
  endfacet
  facet normal 0.248974 0.96851 0
    outer loop
      vertex 19.4711 110.917 -6.81
      vertex 19.4322 110.927 -6.86
      vertex 19.4322 110.927 -6.81
    endloop
  endfacet
  facet normal 0.164781 0.98633 0
    outer loop
      vertex 19.4711 110.917 -6.86
      vertex 19.513 110.91 -6.81
      vertex 19.513 110.91 -6.86
    endloop
  endfacet
  facet normal 0.164781 0.98633 0
    outer loop
      vertex 19.513 110.91 -6.81
      vertex 19.4711 110.917 -6.86
      vertex 19.4711 110.917 -6.81
    endloop
  endfacet
  facet normal 0.0444006 0.999014 0
    outer loop
      vertex 19.513 110.91 -6.86
      vertex 19.558 110.908 -6.81
      vertex 19.558 110.908 -6.86
    endloop
  endfacet
  facet normal 0.0444006 0.999014 0
    outer loop
      vertex 19.558 110.908 -6.81
      vertex 19.513 110.91 -6.86
      vertex 19.513 110.91 -6.81
    endloop
  endfacet
  facet normal -0.0439136 0.999035 0
    outer loop
      vertex 19.558 110.908 -6.86
      vertex 19.6035 110.91 -6.81
      vertex 19.6035 110.91 -6.86
    endloop
  endfacet
  facet normal -0.0439136 0.999035 0
    outer loop
      vertex 19.6035 110.91 -6.81
      vertex 19.558 110.908 -6.86
      vertex 19.558 110.908 -6.81
    endloop
  endfacet
  facet normal -0.109317 -0.994007 0
    outer loop
      vertex 21.6763 110.463 -6.86
      vertex 21.6763 110.463 -6.81
      vertex 21.549 110.477 -6.86
    endloop
  endfacet
  facet normal -0.109317 -0.994007 0
    outer loop
      vertex 21.6763 110.463 -6.81
      vertex 21.549 110.477 -6.81
      vertex 21.549 110.477 -6.86
    endloop
  endfacet
  facet normal -0.191315 -0.981529 0
    outer loop
      vertex 21.549 110.477 -6.86
      vertex 21.549 110.477 -6.81
      vertex 21.431 110.5 -6.86
    endloop
  endfacet
  facet normal -0.191315 -0.981529 0
    outer loop
      vertex 21.549 110.477 -6.81
      vertex 21.431 110.5 -6.81
      vertex 21.431 110.5 -6.86
    endloop
  endfacet
  facet normal -0.274254 -0.961657 0
    outer loop
      vertex 21.431 110.5 -6.86
      vertex 21.431 110.5 -6.81
      vertex 21.3223 110.531 -6.86
    endloop
  endfacet
  facet normal -0.274254 -0.961657 0
    outer loop
      vertex 21.431 110.5 -6.81
      vertex 21.3223 110.531 -6.81
      vertex 21.3223 110.531 -6.86
    endloop
  endfacet
  facet normal -0.381311 -0.924447 0
    outer loop
      vertex 21.3223 110.531 -6.86
      vertex 21.3223 110.531 -6.81
      vertex 21.2229 110.572 -6.86
    endloop
  endfacet
  facet normal -0.381311 -0.924447 0
    outer loop
      vertex 21.3223 110.531 -6.81
      vertex 21.2229 110.572 -6.81
      vertex 21.2229 110.572 -6.86
    endloop
  endfacet
  facet normal -0.485231 -0.874386 0
    outer loop
      vertex 21.2229 110.572 -6.86
      vertex 21.2229 110.572 -6.81
      vertex 21.1328 110.622 -6.86
    endloop
  endfacet
  facet normal -0.485231 -0.874386 0
    outer loop
      vertex 21.2229 110.572 -6.81
      vertex 21.1328 110.622 -6.81
      vertex 21.1328 110.622 -6.86
    endloop
  endfacet
  facet normal -0.589716 -0.807611 0
    outer loop
      vertex 21.1328 110.622 -6.86
      vertex 21.1328 110.622 -6.81
      vertex 21.052 110.681 -6.86
    endloop
  endfacet
  facet normal -0.589716 -0.807611 0
    outer loop
      vertex 21.1328 110.622 -6.81
      vertex 21.052 110.681 -6.81
      vertex 21.052 110.681 -6.86
    endloop
  endfacet
  facet normal -0.693211 -0.720735 0
    outer loop
      vertex 21.052 110.681 -6.86
      vertex 21.052 110.681 -6.81
      vertex 20.9813 110.749 -6.86
    endloop
  endfacet
  facet normal -0.693211 -0.720735 0
    outer loop
      vertex 21.052 110.681 -6.81
      vertex 20.9813 110.749 -6.81
      vertex 20.9813 110.749 -6.86
    endloop
  endfacet
  facet normal -0.777783 -0.628533 0
    outer loop
      vertex 20.9813 110.749 -6.86
      vertex 20.9813 110.749 -6.81
      vertex 20.9215 110.823 -6.86
    endloop
  endfacet
  facet normal -0.777783 -0.628533 0
    outer loop
      vertex 20.9813 110.749 -6.81
      vertex 20.9215 110.823 -6.81
      vertex 20.9215 110.823 -6.86
    endloop
  endfacet
  facet normal -0.858415 -0.512955 0
    outer loop
      vertex 20.9215 110.823 -6.86
      vertex 20.9215 110.823 -6.81
      vertex 20.8725 110.905 -6.86
    endloop
  endfacet
  facet normal -0.858415 -0.512955 0
    outer loop
      vertex 20.9215 110.823 -6.81
      vertex 20.8725 110.905 -6.81
      vertex 20.8725 110.905 -6.86
    endloop
  endfacet
  facet normal -0.92125 -0.388972 0
    outer loop
      vertex 20.8725 110.905 -6.86
      vertex 20.8725 110.905 -6.81
      vertex 20.8345 110.995 -6.86
    endloop
  endfacet
  facet normal -0.92125 -0.388972 0
    outer loop
      vertex 20.8725 110.905 -6.81
      vertex 20.8345 110.995 -6.81
      vertex 20.8345 110.995 -6.86
    endloop
  endfacet
  facet normal -0.962861 -0.269998 0
    outer loop
      vertex 20.8345 110.995 -6.86
      vertex 20.8345 110.995 -6.81
      vertex 20.8073 111.092 -6.86
    endloop
  endfacet
  facet normal -0.962861 -0.269998 0
    outer loop
      vertex 20.8345 110.995 -6.81
      vertex 20.8073 111.092 -6.81
      vertex 20.8073 111.092 -6.86
    endloop
  endfacet
  facet normal -0.987939 -0.154841 0
    outer loop
      vertex 20.8073 111.092 -6.86
      vertex 20.8073 111.092 -6.81
      vertex 20.791 111.196 -6.86
    endloop
  endfacet
  facet normal -0.987939 -0.154841 0
    outer loop
      vertex 20.8073 111.092 -6.81
      vertex 20.791 111.196 -6.81
      vertex 20.791 111.196 -6.86
    endloop
  endfacet
  facet normal -0.998775 -0.0494888 0
    outer loop
      vertex 20.791 111.196 -6.86
      vertex 20.791 111.196 -6.81
      vertex 20.7855 111.307 -6.86
    endloop
  endfacet
  facet normal -0.998775 -0.0494888 0
    outer loop
      vertex 20.791 111.196 -6.81
      vertex 20.7855 111.307 -6.81
      vertex 20.7855 111.307 -6.86
    endloop
  endfacet
  facet normal -0.999201 0.039968 0
    outer loop
      vertex 20.7855 111.307 -6.86
      vertex 20.7855 111.307 -6.81
      vertex 20.7887 111.387 -6.86
    endloop
  endfacet
  facet normal -0.999201 0.039968 0
    outer loop
      vertex 20.7855 111.307 -6.81
      vertex 20.7887 111.387 -6.81
      vertex 20.7887 111.387 -6.86
    endloop
  endfacet
  facet normal -0.99174 0.128265 0
    outer loop
      vertex 20.7887 111.387 -6.86
      vertex 20.7887 111.387 -6.81
      vertex 20.7984 111.462 -6.86
    endloop
  endfacet
  facet normal -0.99174 0.128265 0
    outer loop
      vertex 20.7887 111.387 -6.81
      vertex 20.7984 111.462 -6.81
      vertex 20.7984 111.462 -6.86
    endloop
  endfacet
  facet normal -0.975899 0.218222 0
    outer loop
      vertex 20.7984 111.462 -6.86
      vertex 20.7984 111.462 -6.81
      vertex 20.8145 111.534 -6.86
    endloop
  endfacet
  facet normal -0.975899 0.218222 0
    outer loop
      vertex 20.7984 111.462 -6.81
      vertex 20.8145 111.534 -6.81
      vertex 20.8145 111.534 -6.86
    endloop
  endfacet
  facet normal -0.947973 0.318349 0
    outer loop
      vertex 20.8145 111.534 -6.86
      vertex 20.8145 111.534 -6.81
      vertex 20.837 111.601 -6.86
    endloop
  endfacet
  facet normal -0.947973 0.318349 0
    outer loop
      vertex 20.8145 111.534 -6.81
      vertex 20.837 111.601 -6.81
      vertex 20.837 111.601 -6.86
    endloop
  endfacet
  facet normal -0.90581 0.423685 0
    outer loop
      vertex 20.837 111.601 -6.86
      vertex 20.837 111.601 -6.81
      vertex 20.866 111.663 -6.86
    endloop
  endfacet
  facet normal -0.90581 0.423685 0
    outer loop
      vertex 20.837 111.601 -6.81
      vertex 20.866 111.663 -6.81
      vertex 20.866 111.663 -6.86
    endloop
  endfacet
  facet normal -0.857493 0.514496 0
    outer loop
      vertex 20.866 111.663 -6.86
      vertex 20.866 111.663 -6.81
      vertex 20.9014 111.722 -6.86
    endloop
  endfacet
  facet normal -0.857493 0.514496 0
    outer loop
      vertex 20.866 111.663 -6.81
      vertex 20.9014 111.722 -6.81
      vertex 20.9014 111.722 -6.86
    endloop
  endfacet
  facet normal -0.790769 0.612114 0
    outer loop
      vertex 20.9014 111.722 -6.86
      vertex 20.9014 111.722 -6.81
      vertex 20.9432 111.776 -6.86
    endloop
  endfacet
  facet normal -0.790769 0.612114 0
    outer loop
      vertex 20.9014 111.722 -6.81
      vertex 20.9432 111.776 -6.81
      vertex 20.9432 111.776 -6.86
    endloop
  endfacet
  facet normal -0.718011 0.696031 0
    outer loop
      vertex 20.9432 111.776 -6.86
      vertex 20.9432 111.776 -6.81
      vertex 20.9907 111.825 -6.86
    endloop
  endfacet
  facet normal -0.718011 0.696031 0
    outer loop
      vertex 20.9432 111.776 -6.81
      vertex 20.9907 111.825 -6.81
      vertex 20.9907 111.825 -6.86
    endloop
  endfacet
  facet normal -0.643775 0.765215 0
    outer loop
      vertex 20.9907 111.825 -6.86
      vertex 20.9907 111.825 -6.81
      vertex 21.043 111.869 -6.86
    endloop
  endfacet
  facet normal -0.643775 0.765215 0
    outer loop
      vertex 20.9907 111.825 -6.81
      vertex 21.043 111.869 -6.81
      vertex 21.043 111.869 -6.86
    endloop
  endfacet
  facet normal -0.553355 0.832945 0
    outer loop
      vertex 21.043 111.869 -6.86
      vertex 21.043 111.869 -6.81
      vertex 21.1002 111.907 -6.86
    endloop
  endfacet
  facet normal -0.553355 0.832945 0
    outer loop
      vertex 21.043 111.869 -6.81
      vertex 21.1002 111.907 -6.81
      vertex 21.1002 111.907 -6.86
    endloop
  endfacet
  facet normal -0.458643 0.888621 0
    outer loop
      vertex 21.1002 111.907 -6.86
      vertex 21.1002 111.907 -6.81
      vertex 21.1622 111.939 -6.86
    endloop
  endfacet
  facet normal -0.458643 0.888621 0
    outer loop
      vertex 21.1002 111.907 -6.81
      vertex 21.1622 111.939 -6.81
      vertex 21.1622 111.939 -6.86
    endloop
  endfacet
  facet normal -0.374257 0.927325 0
    outer loop
      vertex 21.1622 111.939 -6.86
      vertex 21.1622 111.939 -6.81
      vertex 21.2291 111.966 -6.86
    endloop
  endfacet
  facet normal -0.374257 0.927325 0
    outer loop
      vertex 21.1622 111.939 -6.81
      vertex 21.2291 111.966 -6.81
      vertex 21.2291 111.966 -6.86
    endloop
  endfacet
  facet normal -0.280719 0.95979 0
    outer loop
      vertex 21.2291 111.966 -6.86
      vertex 21.2291 111.966 -6.81
      vertex 21.3009 111.987 -6.86
    endloop
  endfacet
  facet normal -0.280719 0.95979 0
    outer loop
      vertex 21.2291 111.966 -6.81
      vertex 21.3009 111.987 -6.81
      vertex 21.3009 111.987 -6.86
    endloop
  endfacet
  facet normal -0.204465 0.978874 0
    outer loop
      vertex 21.3009 111.987 -6.86
      vertex 21.3009 111.987 -6.81
      vertex 21.3775 112.003 -6.86
    endloop
  endfacet
  facet normal -0.204465 0.978874 0
    outer loop
      vertex 21.3009 111.987 -6.81
      vertex 21.3775 112.003 -6.81
      vertex 21.3775 112.003 -6.86
    endloop
  endfacet
  facet normal -1 0 0
    outer loop
      vertex 21.3775 112.003 -6.86
      vertex 21.3775 112.003 -6.81
      vertex 21.3775 112.011 -6.86
    endloop
  endfacet
  facet normal -1 0 0
    outer loop
      vertex 21.3775 112.003 -6.81
      vertex 21.3775 112.011 -6.81
      vertex 21.3775 112.011 -6.86
    endloop
  endfacet
  facet normal -0.2356 -0.97185 0
    outer loop
      vertex 21.3775 112.011 -6.86
      vertex 21.3775 112.011 -6.81
      vertex 21.3115 112.027 -6.86
    endloop
  endfacet
  facet normal -0.2356 -0.97185 0
    outer loop
      vertex 21.3775 112.011 -6.81
      vertex 21.3115 112.027 -6.81
      vertex 21.3115 112.027 -6.86
    endloop
  endfacet
  facet normal -0.320343 -0.947301 0
    outer loop
      vertex 21.3115 112.027 -6.86
      vertex 21.3115 112.027 -6.81
      vertex 21.2494 112.048 -6.86
    endloop
  endfacet
  facet normal -0.320343 -0.947301 0
    outer loop
      vertex 21.3115 112.027 -6.81
      vertex 21.2494 112.048 -6.81
      vertex 21.2494 112.048 -6.86
    endloop
  endfacet
  facet normal -0.420837 -0.907136 0
    outer loop
      vertex 21.2494 112.048 -6.86
      vertex 21.2494 112.048 -6.81
      vertex 21.1912 112.075 -6.86
    endloop
  endfacet
  facet normal -0.420837 -0.907136 0
    outer loop
      vertex 21.2494 112.048 -6.81
      vertex 21.1912 112.075 -6.81
      vertex 21.1912 112.075 -6.86
    endloop
  endfacet
  facet normal -0.508408 -0.861116 0
    outer loop
      vertex 21.1912 112.075 -6.86
      vertex 21.1912 112.075 -6.81
      vertex 21.137 112.107 -6.86
    endloop
  endfacet
  facet normal -0.508408 -0.861116 0
    outer loop
      vertex 21.1912 112.075 -6.81
      vertex 21.137 112.107 -6.81
      vertex 21.137 112.107 -6.86
    endloop
  endfacet
  facet normal -0.593308 -0.804975 0
    outer loop
      vertex 21.137 112.107 -6.86
      vertex 21.137 112.107 -6.81
      vertex 21.0868 112.144 -6.86
    endloop
  endfacet
  facet normal -0.593308 -0.804975 0
    outer loop
      vertex 21.137 112.107 -6.81
      vertex 21.0868 112.144 -6.81
      vertex 21.0868 112.144 -6.86
    endloop
  endfacet
  facet normal -0.680512 -0.732737 0
    outer loop
      vertex 21.0868 112.144 -6.86
      vertex 21.0868 112.144 -6.81
      vertex 21.0405 112.187 -6.86
    endloop
  endfacet
  facet normal -0.680512 -0.732737 0
    outer loop
      vertex 21.0868 112.144 -6.81
      vertex 21.0405 112.187 -6.81
      vertex 21.0405 112.187 -6.86
    endloop
  endfacet
  facet normal -0.749473 -0.662035 0
    outer loop
      vertex 21.0405 112.187 -6.86
      vertex 21.0405 112.187 -6.81
      vertex 20.9981 112.235 -6.86
    endloop
  endfacet
  facet normal -0.749473 -0.662035 0
    outer loop
      vertex 21.0405 112.187 -6.81
      vertex 20.9981 112.235 -6.81
      vertex 20.9981 112.235 -6.86
    endloop
  endfacet
  facet normal -0.805651 -0.59239 0
    outer loop
      vertex 20.9981 112.235 -6.86
      vertex 20.9981 112.235 -6.81
      vertex 20.9606 112.286 -6.86
    endloop
  endfacet
  facet normal -0.805651 -0.59239 0
    outer loop
      vertex 20.9981 112.235 -6.81
      vertex 20.9606 112.286 -6.81
      vertex 20.9606 112.286 -6.86
    endloop
  endfacet
  facet normal -0.861688 -0.507438 0
    outer loop
      vertex 20.9606 112.286 -6.86
      vertex 20.9606 112.286 -6.81
      vertex 20.9288 112.34 -6.86
    endloop
  endfacet
  facet normal -0.861688 -0.507438 0
    outer loop
      vertex 20.9606 112.286 -6.81
      vertex 20.9288 112.34 -6.81
      vertex 20.9288 112.34 -6.86
    endloop
  endfacet
  facet normal -0.910421 -0.413683 0
    outer loop
      vertex 20.9288 112.34 -6.86
      vertex 20.9288 112.34 -6.81
      vertex 20.9029 112.397 -6.86
    endloop
  endfacet
  facet normal -0.910421 -0.413683 0
    outer loop
      vertex 20.9288 112.34 -6.81
      vertex 20.9029 112.397 -6.81
      vertex 20.9029 112.397 -6.86
    endloop
  endfacet
  facet normal -0.946086 -0.323914 0
    outer loop
      vertex 20.9029 112.397 -6.86
      vertex 20.9029 112.397 -6.81
      vertex 20.8827 112.456 -6.86
    endloop
  endfacet
  facet normal -0.946086 -0.323914 0
    outer loop
      vertex 20.9029 112.397 -6.81
      vertex 20.8827 112.456 -6.81
      vertex 20.8827 112.456 -6.86
    endloop
  endfacet
  facet normal -0.972892 -0.231261 0
    outer loop
      vertex 20.8827 112.456 -6.86
      vertex 20.8827 112.456 -6.81
      vertex 20.8682 112.517 -6.86
    endloop
  endfacet
  facet normal -0.972892 -0.231261 0
    outer loop
      vertex 20.8827 112.456 -6.81
      vertex 20.8682 112.517 -6.81
      vertex 20.8682 112.517 -6.86
    endloop
  endfacet
  facet normal -0.990811 -0.135254 0
    outer loop
      vertex 20.8682 112.517 -6.86
      vertex 20.8682 112.517 -6.81
      vertex 20.8596 112.58 -6.86
    endloop
  endfacet
  facet normal -0.990811 -0.135254 0
    outer loop
      vertex 20.8682 112.517 -6.81
      vertex 20.8596 112.58 -6.81
      vertex 20.8596 112.58 -6.86
    endloop
  endfacet
  facet normal -0.999036 -0.043897 0
    outer loop
      vertex 20.8596 112.58 -6.86
      vertex 20.8596 112.58 -6.81
      vertex 20.8567 112.646 -6.86
    endloop
  endfacet
  facet normal -0.999036 -0.043897 0
    outer loop
      vertex 20.8596 112.58 -6.81
      vertex 20.8567 112.646 -6.81
      vertex 20.8567 112.646 -6.86
    endloop
  endfacet
  facet normal -0.998728 0.0504308 0
    outer loop
      vertex 20.8567 112.646 -6.86
      vertex 20.8567 112.646 -6.81
      vertex 20.8618 112.747 -6.86
    endloop
  endfacet
  facet normal -0.998728 0.0504308 0
    outer loop
      vertex 20.8567 112.646 -6.81
      vertex 20.8618 112.747 -6.81
      vertex 20.8618 112.747 -6.86
    endloop
  endfacet
  facet normal -0.987177 0.159629 0
    outer loop
      vertex 20.8618 112.747 -6.86
      vertex 20.8618 112.747 -6.81
      vertex 20.877 112.841 -6.86
    endloop
  endfacet
  facet normal -0.987177 0.159629 0
    outer loop
      vertex 20.8618 112.747 -6.81
      vertex 20.877 112.841 -6.81
      vertex 20.877 112.841 -6.86
    endloop
  endfacet
  facet normal -0.960488 0.278323 0
    outer loop
      vertex 20.877 112.841 -6.86
      vertex 20.877 112.841 -6.81
      vertex 20.9025 112.929 -6.86
    endloop
  endfacet
  facet normal -0.960488 0.278323 0
    outer loop
      vertex 20.877 112.841 -6.81
      vertex 20.9025 112.929 -6.81
      vertex 20.9025 112.929 -6.86
    endloop
  endfacet
  facet normal -0.913623 0.406562 0
    outer loop
      vertex 20.9025 112.929 -6.86
      vertex 20.9025 112.929 -6.81
      vertex 20.9381 113.009 -6.86
    endloop
  endfacet
  facet normal -0.913623 0.406562 0
    outer loop
      vertex 20.9025 112.929 -6.81
      vertex 20.9381 113.009 -6.81
      vertex 20.9381 113.009 -6.86
    endloop
  endfacet
  facet normal -0.850314 0.526275 0
    outer loop
      vertex 20.9381 113.009 -6.86
      vertex 20.9381 113.009 -6.81
      vertex 20.9839 113.083 -6.86
    endloop
  endfacet
  facet normal -0.850314 0.526275 0
    outer loop
      vertex 20.9381 113.009 -6.81
      vertex 20.9839 113.083 -6.81
      vertex 20.9839 113.083 -6.86
    endloop
  endfacet
  facet normal -0.767845 0.640635 0
    outer loop
      vertex 20.9839 113.083 -6.86
      vertex 20.9839 113.083 -6.81
      vertex 21.0398 113.15 -6.86
    endloop
  endfacet
  facet normal -0.767845 0.640635 0
    outer loop
      vertex 20.9839 113.083 -6.81
      vertex 21.0398 113.15 -6.81
      vertex 21.0398 113.15 -6.86
    endloop
  endfacet
  facet normal -0.672115 0.740447 0
    outer loop
      vertex 21.0398 113.15 -6.86
      vertex 21.0398 113.15 -6.81
      vertex 21.1059 113.21 -6.86
    endloop
  endfacet
  facet normal -0.672115 0.740447 0
    outer loop
      vertex 21.0398 113.15 -6.81
      vertex 21.1059 113.21 -6.81
      vertex 21.1059 113.21 -6.86
    endloop
  endfacet
  facet normal -0.574044 0.818825 0
    outer loop
      vertex 21.1059 113.21 -6.86
      vertex 21.1059 113.21 -6.81
      vertex 21.1815 113.263 -6.86
    endloop
  endfacet
  facet normal -0.574044 0.818825 0
    outer loop
      vertex 21.1059 113.21 -6.81
      vertex 21.1815 113.263 -6.81
      vertex 21.1815 113.263 -6.86
    endloop
  endfacet
  facet normal -0.461848 0.886959 0
    outer loop
      vertex 21.1815 113.263 -6.86
      vertex 21.1815 113.263 -6.81
      vertex 21.266 113.307 -6.86
    endloop
  endfacet
  facet normal -0.461848 0.886959 0
    outer loop
      vertex 21.1815 113.263 -6.81
      vertex 21.266 113.307 -6.81
      vertex 21.266 113.307 -6.86
    endloop
  endfacet
  facet normal -0.368641 0.929572 0
    outer loop
      vertex 21.266 113.307 -6.86
      vertex 21.266 113.307 -6.81
      vertex 21.3593 113.344 -6.86
    endloop
  endfacet
  facet normal -0.368641 0.929572 0
    outer loop
      vertex 21.266 113.307 -6.81
      vertex 21.3593 113.344 -6.81
      vertex 21.3593 113.344 -6.86
    endloop
  endfacet
  facet normal -0.264235 0.964458 0
    outer loop
      vertex 21.3593 113.344 -6.86
      vertex 21.3593 113.344 -6.81
      vertex 21.4615 113.372 -6.86
    endloop
  endfacet
  facet normal -0.264235 0.964458 0
    outer loop
      vertex 21.3593 113.344 -6.81
      vertex 21.4615 113.372 -6.81
      vertex 21.4615 113.372 -6.86
    endloop
  endfacet
  facet normal -0.177325 0.984152 0
    outer loop
      vertex 21.4615 113.372 -6.86
      vertex 21.4615 113.372 -6.81
      vertex 21.5725 113.392 -6.86
    endloop
  endfacet
  facet normal -0.177325 0.984152 0
    outer loop
      vertex 21.4615 113.372 -6.81
      vertex 21.5725 113.392 -6.81
      vertex 21.5725 113.392 -6.86
    endloop
  endfacet
  facet normal -0.0996682 0.995021 0
    outer loop
      vertex 21.5725 113.392 -6.86
      vertex 21.5725 113.392 -6.81
      vertex 21.6923 113.404 -6.86
    endloop
  endfacet
  facet normal -0.0996682 0.995021 0
    outer loop
      vertex 21.5725 113.392 -6.81
      vertex 21.6923 113.404 -6.81
      vertex 21.6923 113.404 -6.86
    endloop
  endfacet
  facet normal -0.0388208 0.999246 0
    outer loop
      vertex 21.6923 113.404 -6.86
      vertex 21.6923 113.404 -6.81
      vertex 21.821 113.409 -6.86
    endloop
  endfacet
  facet normal -0.0388208 0.999246 0
    outer loop
      vertex 21.6923 113.404 -6.81
      vertex 21.821 113.409 -6.81
      vertex 21.821 113.409 -6.86
    endloop
  endfacet
  facet normal 0.0396513 0.999214 -0
    outer loop
      vertex 21.821 113.409 -6.86
      vertex 21.821 113.409 -6.81
      vertex 21.947 113.404 -6.86
    endloop
  endfacet
  facet normal 0.0396513 0.999214 0
    outer loop
      vertex 21.821 113.409 -6.81
      vertex 21.947 113.404 -6.81
      vertex 21.947 113.404 -6.86
    endloop
  endfacet
  facet normal 0.101599 0.994825 -0
    outer loop
      vertex 21.947 113.404 -6.86
      vertex 21.947 113.404 -6.81
      vertex 22.0645 113.392 -6.86
    endloop
  endfacet
  facet normal 0.101599 0.994825 0
    outer loop
      vertex 21.947 113.404 -6.81
      vertex 22.0645 113.392 -6.81
      vertex 22.0645 113.392 -6.86
    endloop
  endfacet
  facet normal 0.188847 0.982006 -0
    outer loop
      vertex 22.0645 113.392 -6.86
      vertex 22.0645 113.392 -6.81
      vertex 22.1737 113.371 -6.86
    endloop
  endfacet
  facet normal 0.188847 0.982006 0
    outer loop
      vertex 22.0645 113.392 -6.81
      vertex 22.1737 113.371 -6.81
      vertex 22.1737 113.371 -6.86
    endloop
  endfacet
  facet normal 0.276737 0.960946 -0
    outer loop
      vertex 22.1737 113.371 -6.86
      vertex 22.1737 113.371 -6.81
      vertex 22.2744 113.342 -6.86
    endloop
  endfacet
  facet normal 0.276737 0.960946 0
    outer loop
      vertex 22.1737 113.371 -6.81
      vertex 22.2744 113.342 -6.81
      vertex 22.2744 113.342 -6.86
    endloop
  endfacet
  facet normal 0.372432 0.92806 -0
    outer loop
      vertex 22.2744 113.342 -6.86
      vertex 22.2744 113.342 -6.81
      vertex 22.3666 113.305 -6.86
    endloop
  endfacet
  facet normal 0.372432 0.92806 0
    outer loop
      vertex 22.2744 113.342 -6.81
      vertex 22.3666 113.305 -6.81
      vertex 22.3666 113.305 -6.86
    endloop
  endfacet
  facet normal 0.480755 0.876855 -0
    outer loop
      vertex 22.3666 113.305 -6.86
      vertex 22.3666 113.305 -6.81
      vertex 22.4505 113.259 -6.86
    endloop
  endfacet
  facet normal 0.480755 0.876855 0
    outer loop
      vertex 22.3666 113.305 -6.81
      vertex 22.4505 113.259 -6.81
      vertex 22.4505 113.259 -6.86
    endloop
  endfacet
  facet normal 0.582258 0.813004 -0
    outer loop
      vertex 22.4505 113.259 -6.86
      vertex 22.4505 113.259 -6.81
      vertex 22.5259 113.205 -6.86
    endloop
  endfacet
  facet normal 0.582258 0.813004 0
    outer loop
      vertex 22.4505 113.259 -6.81
      vertex 22.5259 113.205 -6.81
      vertex 22.5259 113.205 -6.86
    endloop
  endfacet
  facet normal 0.678188 0.734889 -0
    outer loop
      vertex 22.5259 113.205 -6.86
      vertex 22.5259 113.205 -6.81
      vertex 22.592 113.144 -6.86
    endloop
  endfacet
  facet normal 0.678188 0.734889 0
    outer loop
      vertex 22.5259 113.205 -6.81
      vertex 22.592 113.144 -6.81
      vertex 22.592 113.144 -6.86
    endloop
  endfacet
  facet normal 0.767282 0.64131 -0
    outer loop
      vertex 22.592 113.144 -6.86
      vertex 22.592 113.144 -6.81
      vertex 22.648 113.077 -6.86
    endloop
  endfacet
  facet normal 0.767282 0.64131 0
    outer loop
      vertex 22.592 113.144 -6.81
      vertex 22.648 113.077 -6.81
      vertex 22.648 113.077 -6.86
    endloop
  endfacet
  facet normal 0.850828 0.525444 -0
    outer loop
      vertex 22.648 113.077 -6.86
      vertex 22.648 113.077 -6.81
      vertex 22.6937 113.003 -6.86
    endloop
  endfacet
  facet normal 0.850828 0.525444 0
    outer loop
      vertex 22.648 113.077 -6.81
      vertex 22.6937 113.003 -6.81
      vertex 22.6937 113.003 -6.86
    endloop
  endfacet
  facet normal 0.911705 0.410844 -0
    outer loop
      vertex 22.6937 113.003 -6.86
      vertex 22.6937 113.003 -6.81
      vertex 22.7293 112.924 -6.86
    endloop
  endfacet
  facet normal 0.911705 0.410844 0
    outer loop
      vertex 22.6937 113.003 -6.81
      vertex 22.7293 112.924 -6.81
      vertex 22.7293 112.924 -6.86
    endloop
  endfacet
  facet normal 0.957826 0.287348 -0
    outer loop
      vertex 22.7293 112.924 -6.86
      vertex 22.7293 112.924 -6.81
      vertex 22.7548 112.839 -6.86
    endloop
  endfacet
  facet normal 0.957826 0.287348 0
    outer loop
      vertex 22.7293 112.924 -6.81
      vertex 22.7548 112.839 -6.81
      vertex 22.7548 112.839 -6.86
    endloop
  endfacet
  facet normal 0.986625 0.163008 -0
    outer loop
      vertex 22.7548 112.839 -6.86
      vertex 22.7548 112.839 -6.81
      vertex 22.77 112.747 -6.86
    endloop
  endfacet
  facet normal 0.986625 0.163008 0
    outer loop
      vertex 22.7548 112.839 -6.81
      vertex 22.77 112.747 -6.81
      vertex 22.77 112.747 -6.86
    endloop
  endfacet
  facet normal 0.998621 0.0525048 -0
    outer loop
      vertex 22.77 112.747 -6.86
      vertex 22.77 112.747 -6.81
      vertex 22.7751 112.65 -6.86
    endloop
  endfacet
  facet normal 0.998621 0.0525048 0
    outer loop
      vertex 22.77 112.747 -6.81
      vertex 22.7751 112.65 -6.81
      vertex 22.7751 112.65 -6.86
    endloop
  endfacet
  facet normal 0.999036 -0.043897 0
    outer loop
      vertex 22.7751 112.65 -6.86
      vertex 22.7751 112.65 -6.81
      vertex 22.7722 112.584 -6.86
    endloop
  endfacet
  facet normal 0.999036 -0.043897 0
    outer loop
      vertex 22.7751 112.65 -6.81
      vertex 22.7722 112.584 -6.81
      vertex 22.7722 112.584 -6.86
    endloop
  endfacet
  facet normal 0.990599 -0.136797 0
    outer loop
      vertex 22.7722 112.584 -6.86
      vertex 22.7722 112.584 -6.81
      vertex 22.7635 112.521 -6.86
    endloop
  endfacet
  facet normal 0.990599 -0.136797 0
    outer loop
      vertex 22.7722 112.584 -6.81
      vertex 22.7635 112.521 -6.81
      vertex 22.7635 112.521 -6.86
    endloop
  endfacet
  facet normal 0.973725 -0.227726 0
    outer loop
      vertex 22.7635 112.521 -6.86
      vertex 22.7635 112.521 -6.81
      vertex 22.749 112.459 -6.86
    endloop
  endfacet
  facet normal 0.973725 -0.227726 0
    outer loop
      vertex 22.7635 112.521 -6.81
      vertex 22.749 112.459 -6.81
      vertex 22.749 112.459 -6.86
    endloop
  endfacet
  facet normal 0.9451 -0.32678 0
    outer loop
      vertex 22.749 112.459 -6.86
      vertex 22.749 112.459 -6.81
      vertex 22.7286 112.4 -6.86
    endloop
  endfacet
  facet normal 0.9451 -0.32678 0
    outer loop
      vertex 22.749 112.459 -6.81
      vertex 22.7286 112.4 -6.81
      vertex 22.7286 112.4 -6.86
    endloop
  endfacet
  facet normal 0.909216 -0.416325 0
    outer loop
      vertex 22.7286 112.4 -6.86
      vertex 22.7286 112.4 -6.81
      vertex 22.7025 112.343 -6.86
    endloop
  endfacet
  facet normal 0.909216 -0.416325 0
    outer loop
      vertex 22.7286 112.4 -6.81
      vertex 22.7025 112.343 -6.81
      vertex 22.7025 112.343 -6.86
    endloop
  endfacet
  facet normal 0.860292 -0.509802 0
    outer loop
      vertex 22.7025 112.343 -6.86
      vertex 22.7025 112.343 -6.81
      vertex 22.6705 112.289 -6.86
    endloop
  endfacet
  facet normal 0.860292 -0.509802 0
    outer loop
      vertex 22.7025 112.343 -6.81
      vertex 22.6705 112.289 -6.81
      vertex 22.6705 112.289 -6.86
    endloop
  endfacet
  facet normal 0.808871 -0.587987 0
    outer loop
      vertex 22.6705 112.289 -6.86
      vertex 22.6705 112.289 -6.81
      vertex 22.6327 112.237 -6.86
    endloop
  endfacet
  facet normal 0.808871 -0.587987 0
    outer loop
      vertex 22.6705 112.289 -6.81
      vertex 22.6327 112.237 -6.81
      vertex 22.6327 112.237 -6.86
    endloop
  endfacet
  facet normal 0.755435 -0.655224 0
    outer loop
      vertex 22.6327 112.237 -6.86
      vertex 22.6327 112.237 -6.81
      vertex 22.5902 112.188 -6.86
    endloop
  endfacet
  facet normal 0.755435 -0.655224 0
    outer loop
      vertex 22.6327 112.237 -6.81
      vertex 22.5902 112.188 -6.81
      vertex 22.5902 112.188 -6.86
    endloop
  endfacet
  facet normal 0.682092 -0.731266 0
    outer loop
      vertex 22.5902 112.188 -6.86
      vertex 22.5902 112.188 -6.81
      vertex 22.5441 112.145 -6.86
    endloop
  endfacet
  facet normal 0.682092 -0.731266 0
    outer loop
      vertex 22.5902 112.188 -6.81
      vertex 22.5441 112.145 -6.81
      vertex 22.5441 112.145 -6.86
    endloop
  endfacet
  facet normal 0.605851 -0.795578 0
    outer loop
      vertex 22.5441 112.145 -6.86
      vertex 22.5441 112.145 -6.81
      vertex 22.4942 112.107 -6.86
    endloop
  endfacet
  facet normal 0.605851 -0.795578 0
    outer loop
      vertex 22.5441 112.145 -6.81
      vertex 22.4942 112.107 -6.81
      vertex 22.4942 112.107 -6.86
    endloop
  endfacet
  facet normal 0.525696 -0.850672 0
    outer loop
      vertex 22.4942 112.107 -6.86
      vertex 22.4942 112.107 -6.81
      vertex 22.4408 112.074 -6.86
    endloop
  endfacet
  facet normal 0.525696 -0.850672 0
    outer loop
      vertex 22.4942 112.107 -6.81
      vertex 22.4408 112.074 -6.81
      vertex 22.4408 112.074 -6.86
    endloop
  endfacet
  facet normal 0.439661 -0.898164 0
    outer loop
      vertex 22.4408 112.074 -6.86
      vertex 22.4408 112.074 -6.81
      vertex 22.3836 112.046 -6.86
    endloop
  endfacet
  facet normal 0.439661 -0.898164 0
    outer loop
      vertex 22.4408 112.074 -6.81
      vertex 22.3836 112.046 -6.81
      vertex 22.3836 112.046 -6.86
    endloop
  endfacet
  facet normal 0.340252 -0.940334 0
    outer loop
      vertex 22.3836 112.046 -6.86
      vertex 22.3836 112.046 -6.81
      vertex 22.3228 112.024 -6.86
    endloop
  endfacet
  facet normal 0.340252 -0.940334 0
    outer loop
      vertex 22.3836 112.046 -6.81
      vertex 22.3228 112.024 -6.81
      vertex 22.3228 112.024 -6.86
    endloop
  endfacet
  facet normal 0.255232 -0.96688 0
    outer loop
      vertex 22.3228 112.024 -6.86
      vertex 22.3228 112.024 -6.81
      vertex 22.2584 112.007 -6.86
    endloop
  endfacet
  facet normal 0.255232 -0.96688 0
    outer loop
      vertex 22.3228 112.024 -6.81
      vertex 22.2584 112.007 -6.81
      vertex 22.2584 112.007 -6.86
    endloop
  endfacet
  facet normal 1 0 -0
    outer loop
      vertex 22.2584 112.007 -6.86
      vertex 22.2584 112.007 -6.81
      vertex 22.2584 111.999 -6.86
    endloop
  endfacet
  facet normal 1 0 0
    outer loop
      vertex 22.2584 112.007 -6.81
      vertex 22.2584 111.999 -6.81
      vertex 22.2584 111.999 -6.86
    endloop
  endfacet
  facet normal 0.211606 0.977355 -0
    outer loop
      vertex 22.2584 111.999 -6.86
      vertex 22.2584 111.999 -6.81
      vertex 22.3323 111.983 -6.86
    endloop
  endfacet
  facet normal 0.211606 0.977355 0
    outer loop
      vertex 22.2584 111.999 -6.81
      vertex 22.3323 111.983 -6.81
      vertex 22.3323 111.983 -6.86
    endloop
  endfacet
  facet normal 0.301394 0.9535 -0
    outer loop
      vertex 22.3323 111.983 -6.86
      vertex 22.3323 111.983 -6.81
      vertex 22.4019 111.961 -6.86
    endloop
  endfacet
  facet normal 0.301394 0.9535 0
    outer loop
      vertex 22.3323 111.983 -6.81
      vertex 22.4019 111.961 -6.81
      vertex 22.4019 111.961 -6.86
    endloop
  endfacet
  facet normal 0.383104 0.923705 -0
    outer loop
      vertex 22.4019 111.961 -6.86
      vertex 22.4019 111.961 -6.81
      vertex 22.467 111.934 -6.86
    endloop
  endfacet
  facet normal 0.383104 0.923705 0
    outer loop
      vertex 22.4019 111.961 -6.81
      vertex 22.467 111.934 -6.81
      vertex 22.467 111.934 -6.86
    endloop
  endfacet
  facet normal 0.477028 0.878888 -0
    outer loop
      vertex 22.467 111.934 -6.86
      vertex 22.467 111.934 -6.81
      vertex 22.5278 111.901 -6.86
    endloop
  endfacet
  facet normal 0.477028 0.878888 0
    outer loop
      vertex 22.467 111.934 -6.81
      vertex 22.5278 111.901 -6.81
      vertex 22.5278 111.901 -6.86
    endloop
  endfacet
  facet normal 0.569438 0.822034 -0
    outer loop
      vertex 22.5278 111.901 -6.86
      vertex 22.5278 111.901 -6.81
      vertex 22.5841 111.862 -6.86
    endloop
  endfacet
  facet normal 0.569438 0.822034 0
    outer loop
      vertex 22.5278 111.901 -6.81
      vertex 22.5841 111.862 -6.81
      vertex 22.5841 111.862 -6.86
    endloop
  endfacet
  facet normal 0.655097 0.755545 -0
    outer loop
      vertex 22.5841 111.862 -6.86
      vertex 22.5841 111.862 -6.81
      vertex 22.636 111.817 -6.86
    endloop
  endfacet
  facet normal 0.655097 0.755545 0
    outer loop
      vertex 22.5841 111.862 -6.81
      vertex 22.636 111.817 -6.81
      vertex 22.636 111.817 -6.86
    endloop
  endfacet
  facet normal 0.731055 0.682318 -0
    outer loop
      vertex 22.636 111.817 -6.86
      vertex 22.636 111.817 -6.81
      vertex 22.6836 111.766 -6.86
    endloop
  endfacet
  facet normal 0.731055 0.682318 0
    outer loop
      vertex 22.636 111.817 -6.81
      vertex 22.6836 111.766 -6.81
      vertex 22.6836 111.766 -6.86
    endloop
  endfacet
  facet normal 0.799314 0.600913 -0
    outer loop
      vertex 22.6836 111.766 -6.86
      vertex 22.6836 111.766 -6.81
      vertex 22.7257 111.71 -6.86
    endloop
  endfacet
  facet normal 0.799314 0.600913 0
    outer loop
      vertex 22.6836 111.766 -6.81
      vertex 22.7257 111.71 -6.81
      vertex 22.7257 111.71 -6.86
    endloop
  endfacet
  facet normal 0.85621 0.516628 -0
    outer loop
      vertex 22.7257 111.71 -6.86
      vertex 22.7257 111.71 -6.81
      vertex 22.7613 111.651 -6.86
    endloop
  endfacet
  facet normal 0.85621 0.516628 0
    outer loop
      vertex 22.7257 111.71 -6.81
      vertex 22.7613 111.651 -6.81
      vertex 22.7613 111.651 -6.86
    endloop
  endfacet
  facet normal 0.905248 0.424883 -0
    outer loop
      vertex 22.7613 111.651 -6.86
      vertex 22.7613 111.651 -6.81
      vertex 22.7904 111.589 -6.86
    endloop
  endfacet
  facet normal 0.905248 0.424883 0
    outer loop
      vertex 22.7613 111.651 -6.81
      vertex 22.7904 111.589 -6.81
      vertex 22.7904 111.589 -6.86
    endloop
  endfacet
  facet normal 0.947117 0.320889 -0
    outer loop
      vertex 22.7904 111.589 -6.86
      vertex 22.7904 111.589 -6.81
      vertex 22.8131 111.522 -6.86
    endloop
  endfacet
  facet normal 0.947117 0.320889 0
    outer loop
      vertex 22.7904 111.589 -6.81
      vertex 22.8131 111.522 -6.81
      vertex 22.8131 111.522 -6.86
    endloop
  endfacet
  facet normal 0.973528 0.228567 -0
    outer loop
      vertex 22.8131 111.522 -6.86
      vertex 22.8131 111.522 -6.81
      vertex 22.8293 111.453 -6.86
    endloop
  endfacet
  facet normal 0.973528 0.228567 0
    outer loop
      vertex 22.8131 111.522 -6.81
      vertex 22.8293 111.453 -6.81
      vertex 22.8293 111.453 -6.86
    endloop
  endfacet
  facet normal 0.991287 0.131719 -0
    outer loop
      vertex 22.8293 111.453 -6.86
      vertex 22.8293 111.453 -6.81
      vertex 22.839 111.38 -6.86
    endloop
  endfacet
  facet normal 0.991287 0.131719 0
    outer loop
      vertex 22.8293 111.453 -6.81
      vertex 22.839 111.38 -6.81
      vertex 22.839 111.38 -6.86
    endloop
  endfacet
  facet normal 0.999083 0.0428178 -0
    outer loop
      vertex 22.839 111.38 -6.86
      vertex 22.839 111.38 -6.81
      vertex 22.8423 111.303 -6.86
    endloop
  endfacet
  facet normal 0.999083 0.0428178 0
    outer loop
      vertex 22.839 111.38 -6.81
      vertex 22.8423 111.303 -6.81
      vertex 22.8423 111.303 -6.86
    endloop
  endfacet
  facet normal 0.998775 -0.0494888 0
    outer loop
      vertex 22.8423 111.303 -6.86
      vertex 22.8423 111.303 -6.81
      vertex 22.8368 111.192 -6.86
    endloop
  endfacet
  facet normal 0.998775 -0.0494888 0
    outer loop
      vertex 22.8423 111.303 -6.81
      vertex 22.8368 111.192 -6.81
      vertex 22.8368 111.192 -6.86
    endloop
  endfacet
  facet normal 0.987411 -0.158177 0
    outer loop
      vertex 22.8368 111.192 -6.86
      vertex 22.8368 111.192 -6.81
      vertex 22.8203 111.089 -6.86
    endloop
  endfacet
  facet normal 0.987411 -0.158177 0
    outer loop
      vertex 22.8368 111.192 -6.81
      vertex 22.8203 111.089 -6.81
      vertex 22.8203 111.089 -6.86
    endloop
  endfacet
  facet normal 0.961823 -0.273673 0
    outer loop
      vertex 22.8203 111.089 -6.86
      vertex 22.8203 111.089 -6.81
      vertex 22.7927 110.992 -6.86
    endloop
  endfacet
  facet normal 0.961823 -0.273673 0
    outer loop
      vertex 22.8203 111.089 -6.81
      vertex 22.7927 110.992 -6.81
      vertex 22.7927 110.992 -6.86
    endloop
  endfacet
  facet normal 0.917806 -0.397029 0
    outer loop
      vertex 22.7927 110.992 -6.86
      vertex 22.7927 110.992 -6.81
      vertex 22.7542 110.903 -6.86
    endloop
  endfacet
  facet normal 0.917806 -0.397029 0
    outer loop
      vertex 22.7927 110.992 -6.81
      vertex 22.7542 110.903 -6.81
      vertex 22.7542 110.903 -6.86
    endloop
  endfacet
  facet normal 0.853282 -0.52145 0
    outer loop
      vertex 22.7542 110.903 -6.86
      vertex 22.7542 110.903 -6.81
      vertex 22.7047 110.822 -6.86
    endloop
  endfacet
  facet normal 0.853282 -0.52145 0
    outer loop
      vertex 22.7542 110.903 -6.81
      vertex 22.7047 110.822 -6.81
      vertex 22.7047 110.822 -6.86
    endloop
  endfacet
  facet normal 0.778331 -0.627854 0
    outer loop
      vertex 22.7047 110.822 -6.86
      vertex 22.7047 110.822 -6.81
      vertex 22.6442 110.747 -6.86
    endloop
  endfacet
  facet normal 0.778331 -0.627854 0
    outer loop
      vertex 22.7047 110.822 -6.81
      vertex 22.6442 110.747 -6.81
      vertex 22.6442 110.747 -6.86
    endloop
  endfacet
  facet normal 0.683771 -0.729696 0
    outer loop
      vertex 22.6442 110.747 -6.86
      vertex 22.6442 110.747 -6.81
      vertex 22.5727 110.68 -6.86
    endloop
  endfacet
  facet normal 0.683771 -0.729696 0
    outer loop
      vertex 22.6442 110.747 -6.81
      vertex 22.5727 110.68 -6.81
      vertex 22.5727 110.68 -6.86
    endloop
  endfacet
  facet normal 0.579819 -0.814745 0
    outer loop
      vertex 22.5727 110.68 -6.86
      vertex 22.5727 110.68 -6.81
      vertex 22.4912 110.622 -6.86
    endloop
  endfacet
  facet normal 0.579819 -0.814745 0
    outer loop
      vertex 22.5727 110.68 -6.81
      vertex 22.4912 110.622 -6.81
      vertex 22.4912 110.622 -6.86
    endloop
  endfacet
  facet normal 0.483589 -0.875295 0
    outer loop
      vertex 22.4912 110.622 -6.86
      vertex 22.4912 110.622 -6.81
      vertex 22.4007 110.572 -6.86
    endloop
  endfacet
  facet normal 0.483589 -0.875295 0
    outer loop
      vertex 22.4912 110.622 -6.81
      vertex 22.4007 110.572 -6.81
      vertex 22.4007 110.572 -6.86
    endloop
  endfacet
  facet normal 0.380656 -0.924717 0
    outer loop
      vertex 22.4007 110.572 -6.86
      vertex 22.4007 110.572 -6.81
      vertex 22.3011 110.531 -6.86
    endloop
  endfacet
  facet normal 0.380656 -0.924717 0
    outer loop
      vertex 22.4007 110.572 -6.81
      vertex 22.3011 110.531 -6.81
      vertex 22.3011 110.531 -6.86
    endloop
  endfacet
  facet normal 0.282884 -0.959154 0
    outer loop
      vertex 22.3011 110.531 -6.86
      vertex 22.3011 110.531 -6.81
      vertex 22.1926 110.499 -6.86
    endloop
  endfacet
  facet normal 0.282884 -0.959154 0
    outer loop
      vertex 22.3011 110.531 -6.81
      vertex 22.1926 110.499 -6.81
      vertex 22.1926 110.499 -6.86
    endloop
  endfacet
  facet normal 0.183885 -0.982948 0
    outer loop
      vertex 22.1926 110.499 -6.86
      vertex 22.1926 110.499 -6.81
      vertex 22.075 110.477 -6.86
    endloop
  endfacet
  facet normal 0.183885 -0.982948 0
    outer loop
      vertex 22.1926 110.499 -6.81
      vertex 22.075 110.477 -6.81
      vertex 22.075 110.477 -6.86
    endloop
  endfacet
  facet normal 0.109914 -0.993941 0
    outer loop
      vertex 22.075 110.477 -6.86
      vertex 22.075 110.477 -6.81
      vertex 21.9484 110.463 -6.86
    endloop
  endfacet
  facet normal 0.109914 -0.993941 0
    outer loop
      vertex 22.075 110.477 -6.81
      vertex 21.9484 110.463 -6.81
      vertex 21.9484 110.463 -6.86
    endloop
  endfacet
  facet normal 0.0295074 -0.999565 0
    outer loop
      vertex 21.9484 110.463 -6.86
      vertex 21.9484 110.463 -6.81
      vertex 21.8129 110.459 -6.86
    endloop
  endfacet
  facet normal 0.0295074 -0.999565 0
    outer loop
      vertex 21.9484 110.463 -6.81
      vertex 21.8129 110.459 -6.81
      vertex 21.8129 110.459 -6.86
    endloop
  endfacet
  facet normal -0.02927 -0.999572 0
    outer loop
      vertex 21.8129 110.459 -6.86
      vertex 21.8129 110.459 -6.81
      vertex 21.6763 110.463 -6.86
    endloop
  endfacet
  facet normal -0.02927 -0.999572 0
    outer loop
      vertex 21.8129 110.459 -6.81
      vertex 21.6763 110.463 -6.81
      vertex 21.6763 110.463 -6.86
    endloop
  endfacet
  facet normal -0.284942 0.958545 0
    outer loop
      vertex 21.9162 112.213 -6.86
      vertex 22.0003 112.238 -6.81
      vertex 22.0003 112.238 -6.86
    endloop
  endfacet
  facet normal -0.284942 0.958545 0
    outer loop
      vertex 22.0003 112.238 -6.81
      vertex 21.9162 112.213 -6.86
      vertex 21.9162 112.213 -6.81
    endloop
  endfacet
  facet normal -0.521601 0.85319 0
    outer loop
      vertex 22.0003 112.238 -6.86
      vertex 22.069 112.28 -6.81
      vertex 22.069 112.28 -6.86
    endloop
  endfacet
  facet normal -0.521601 0.85319 0
    outer loop
      vertex 22.069 112.28 -6.81
      vertex 22.0003 112.238 -6.86
      vertex 22.0003 112.238 -6.81
    endloop
  endfacet
  facet normal -0.735046 0.678017 0
    outer loop
      vertex 22.069 112.28 -6.86
      vertex 22.1225 112.338 -6.81
      vertex 22.1225 112.338 -6.86
    endloop
  endfacet
  facet normal -0.735046 0.678017 0
    outer loop
      vertex 22.1225 112.338 -6.81
      vertex 22.069 112.28 -6.86
      vertex 22.069 112.28 -6.81
    endloop
  endfacet
  facet normal -0.893485 0.449094 0
    outer loop
      vertex 22.1225 112.338 -6.86
      vertex 22.1607 112.414 -6.81
      vertex 22.1607 112.414 -6.86
    endloop
  endfacet
  facet normal -0.893485 0.449094 0
    outer loop
      vertex 22.1607 112.414 -6.81
      vertex 22.1225 112.338 -6.86
      vertex 22.1225 112.338 -6.81
    endloop
  endfacet
  facet normal -0.97039 0.241543 0
    outer loop
      vertex 22.1607 112.414 -6.86
      vertex 22.1836 112.506 -6.81
      vertex 22.1836 112.506 -6.86
    endloop
  endfacet
  facet normal -0.97039 0.241543 0
    outer loop
      vertex 22.1836 112.506 -6.81
      vertex 22.1607 112.414 -6.86
      vertex 22.1607 112.414 -6.81
    endloop
  endfacet
  facet normal -0.997514 0.0704666 0
    outer loop
      vertex 22.1836 112.506 -6.86
      vertex 22.1913 112.615 -6.81
      vertex 22.1913 112.615 -6.86
    endloop
  endfacet
  facet normal -0.997514 0.0704666 0
    outer loop
      vertex 22.1913 112.615 -6.81
      vertex 22.1836 112.506 -6.86
      vertex 22.1836 112.506 -6.81
    endloop
  endfacet
  facet normal -0.997341 -0.0728826 0
    outer loop
      vertex 22.1913 112.615 -6.86
      vertex 22.1837 112.719 -6.81
      vertex 22.1837 112.719 -6.86
    endloop
  endfacet
  facet normal -0.997341 -0.0728826 0
    outer loop
      vertex 22.1837 112.719 -6.81
      vertex 22.1913 112.615 -6.86
      vertex 22.1913 112.615 -6.81
    endloop
  endfacet
  facet normal -0.968303 -0.249778 0
    outer loop
      vertex 22.1837 112.719 -6.86
      vertex 22.161 112.807 -6.81
      vertex 22.161 112.807 -6.86
    endloop
  endfacet
  facet normal -0.968303 -0.249778 0
    outer loop
      vertex 22.161 112.807 -6.81
      vertex 22.1837 112.719 -6.86
      vertex 22.1837 112.719 -6.81
    endloop
  endfacet
  facet normal -0.888012 -0.45982 0
    outer loop
      vertex 22.161 112.807 -6.86
      vertex 22.1232 112.88 -6.81
      vertex 22.1232 112.88 -6.86
    endloop
  endfacet
  facet normal -0.888012 -0.45982 0
    outer loop
      vertex 22.1232 112.88 -6.81
      vertex 22.161 112.807 -6.86
      vertex 22.161 112.807 -6.81
    endloop
  endfacet
  facet normal -0.727589 -0.686013 0
    outer loop
      vertex 22.1232 112.88 -6.86
      vertex 22.0704 112.936 -6.81
      vertex 22.0704 112.936 -6.86
    endloop
  endfacet
  facet normal -0.727589 -0.686013 0
    outer loop
      vertex 22.0704 112.936 -6.81
      vertex 22.1232 112.88 -6.86
      vertex 22.1232 112.88 -6.81
    endloop
  endfacet
  facet normal -0.50702 -0.861934 0
    outer loop
      vertex 22.0704 112.936 -6.86
      vertex 22.0024 112.976 -6.81
      vertex 22.0024 112.976 -6.86
    endloop
  endfacet
  facet normal -0.50702 -0.861934 0
    outer loop
      vertex 22.0024 112.976 -6.81
      vertex 22.0704 112.936 -6.86
      vertex 22.0704 112.936 -6.81
    endloop
  endfacet
  facet normal -0.277161 -0.960824 0
    outer loop
      vertex 22.0024 112.976 -6.86
      vertex 21.9192 113 -6.81
      vertex 21.9192 113 -6.86
    endloop
  endfacet
  facet normal -0.277161 -0.960824 0
    outer loop
      vertex 21.9192 113 -6.81
      vertex 22.0024 112.976 -6.86
      vertex 22.0024 112.976 -6.81
    endloop
  endfacet
  facet normal -0.0811974 -0.996698 0
    outer loop
      vertex 21.9192 113 -6.86
      vertex 21.821 113.008 -6.81
      vertex 21.821 113.008 -6.86
    endloop
  endfacet
  facet normal -0.0811974 -0.996698 0
    outer loop
      vertex 21.821 113.008 -6.81
      vertex 21.9192 113 -6.86
      vertex 21.9192 113 -6.81
    endloop
  endfacet
  facet normal 0.0383595 -0.999264 0
    outer loop
      vertex 21.821 113.008 -6.86
      vertex 21.7689 113.006 -6.81
      vertex 21.7689 113.006 -6.86
    endloop
  endfacet
  facet normal 0.0383595 -0.999264 0
    outer loop
      vertex 21.7689 113.006 -6.81
      vertex 21.821 113.008 -6.86
      vertex 21.821 113.008 -6.81
    endloop
  endfacet
  facet normal 0.123528 -0.992341 0
    outer loop
      vertex 21.7689 113.006 -6.86
      vertex 21.7207 113 -6.81
      vertex 21.7207 113 -6.86
    endloop
  endfacet
  facet normal 0.123528 -0.992341 0
    outer loop
      vertex 21.7207 113 -6.81
      vertex 21.7689 113.006 -6.86
      vertex 21.7689 113.006 -6.81
    endloop
  endfacet
  facet normal 0.220193 -0.975456 0
    outer loop
      vertex 21.7207 113 -6.86
      vertex 21.6764 112.99 -6.81
      vertex 21.6764 112.99 -6.86
    endloop
  endfacet
  facet normal 0.220193 -0.975456 0
    outer loop
      vertex 21.6764 112.99 -6.81
      vertex 21.7207 113 -6.86
      vertex 21.7207 113 -6.81
    endloop
  endfacet
  facet normal 0.306314 -0.95193 0
    outer loop
      vertex 21.6764 112.99 -6.86
      vertex 21.636 112.977 -6.81
      vertex 21.636 112.977 -6.86
    endloop
  endfacet
  facet normal 0.306314 -0.95193 0
    outer loop
      vertex 21.636 112.977 -6.81
      vertex 21.6764 112.99 -6.86
      vertex 21.6764 112.99 -6.81
    endloop
  endfacet
  facet normal 0.442292 -0.896871 0
    outer loop
      vertex 21.636 112.977 -6.86
      vertex 21.5995 112.959 -6.81
      vertex 21.5995 112.959 -6.86
    endloop
  endfacet
  facet normal 0.442292 -0.896871 0
    outer loop
      vertex 21.5995 112.959 -6.81
      vertex 21.636 112.977 -6.86
      vertex 21.636 112.977 -6.81
    endloop
  endfacet
  facet normal 0.541539 -0.840675 0
    outer loop
      vertex 21.5995 112.959 -6.86
      vertex 21.5669 112.938 -6.81
      vertex 21.5669 112.938 -6.86
    endloop
  endfacet
  facet normal 0.541539 -0.840675 0
    outer loop
      vertex 21.5669 112.938 -6.81
      vertex 21.5995 112.959 -6.86
      vertex 21.5995 112.959 -6.81
    endloop
  endfacet
  facet normal 0.656829 -0.75404 0
    outer loop
      vertex 21.5669 112.938 -6.86
      vertex 21.5382 112.913 -6.81
      vertex 21.5382 112.913 -6.86
    endloop
  endfacet
  facet normal 0.656829 -0.75404 0
    outer loop
      vertex 21.5382 112.913 -6.81
      vertex 21.5669 112.938 -6.86
      vertex 21.5669 112.938 -6.81
    endloop
  endfacet
  facet normal 0.759996 -0.649928 0
    outer loop
      vertex 21.5382 112.913 -6.86
      vertex 21.5134 112.884 -6.81
      vertex 21.5134 112.884 -6.86
    endloop
  endfacet
  facet normal 0.759996 -0.649928 0
    outer loop
      vertex 21.5134 112.884 -6.81
      vertex 21.5382 112.913 -6.86
      vertex 21.5382 112.913 -6.81
    endloop
  endfacet
  facet normal 0.850798 -0.525493 0
    outer loop
      vertex 21.5134 112.884 -6.86
      vertex 21.4924 112.85 -6.81
      vertex 21.4924 112.85 -6.86
    endloop
  endfacet
  facet normal 0.850798 -0.525493 0
    outer loop
      vertex 21.4924 112.85 -6.81
      vertex 21.5134 112.884 -6.86
      vertex 21.5134 112.884 -6.81
    endloop
  endfacet
  facet normal 0.911022 -0.412357 0
    outer loop
      vertex 21.4924 112.85 -6.86
      vertex 21.4752 112.812 -6.81
      vertex 21.4752 112.812 -6.86
    endloop
  endfacet
  facet normal 0.911022 -0.412357 0
    outer loop
      vertex 21.4752 112.812 -6.81
      vertex 21.4924 112.85 -6.86
      vertex 21.4924 112.85 -6.81
    endloop
  endfacet
  facet normal 0.954717 -0.297516 0
    outer loop
      vertex 21.4752 112.812 -6.86
      vertex 21.4618 112.769 -6.81
      vertex 21.4618 112.769 -6.86
    endloop
  endfacet
  facet normal 0.954717 -0.297516 0
    outer loop
      vertex 21.4618 112.769 -6.81
      vertex 21.4752 112.812 -6.86
      vertex 21.4752 112.812 -6.81
    endloop
  endfacet
  facet normal 0.980178 -0.198121 0
    outer loop
      vertex 21.4618 112.769 -6.86
      vertex 21.4523 112.722 -6.81
      vertex 21.4523 112.722 -6.86
    endloop
  endfacet
  facet normal 0.980178 -0.198121 0
    outer loop
      vertex 21.4523 112.722 -6.81
      vertex 21.4618 112.769 -6.86
      vertex 21.4618 112.769 -6.81
    endloop
  endfacet
  facet normal 0.993812 -0.111073 0
    outer loop
      vertex 21.4523 112.722 -6.86
      vertex 21.4466 112.671 -6.81
      vertex 21.4466 112.671 -6.86
    endloop
  endfacet
  facet normal 0.993812 -0.111073 0
    outer loop
      vertex 21.4466 112.671 -6.81
      vertex 21.4523 112.722 -6.86
      vertex 21.4523 112.722 -6.81
    endloop
  endfacet
  facet normal 0.999363 -0.0356915 0
    outer loop
      vertex 21.4466 112.671 -6.86
      vertex 21.4446 112.615 -6.81
      vertex 21.4446 112.615 -6.86
    endloop
  endfacet
  facet normal 0.999363 -0.0356915 0
    outer loop
      vertex 21.4446 112.615 -6.81
      vertex 21.4466 112.671 -6.86
      vertex 21.4466 112.671 -6.81
    endloop
  endfacet
  facet normal 0.999499 0.0316508 0
    outer loop
      vertex 21.4446 112.615 -6.86
      vertex 21.4465 112.555 -6.81
      vertex 21.4465 112.555 -6.86
    endloop
  endfacet
  facet normal 0.999499 0.0316508 0
    outer loop
      vertex 21.4465 112.555 -6.81
      vertex 21.4446 112.615 -6.86
      vertex 21.4446 112.615 -6.81
    endloop
  endfacet
  facet normal 0.994673 0.103084 0
    outer loop
      vertex 21.4465 112.555 -6.86
      vertex 21.4522 112.5 -6.81
      vertex 21.4522 112.5 -6.86
    endloop
  endfacet
  facet normal 0.994673 0.103084 0
    outer loop
      vertex 21.4522 112.5 -6.81
      vertex 21.4465 112.555 -6.86
      vertex 21.4465 112.555 -6.81
    endloop
  endfacet
  facet normal 0.982783 0.184763 0
    outer loop
      vertex 21.4522 112.5 -6.86
      vertex 21.4616 112.45 -6.81
      vertex 21.4616 112.45 -6.86
    endloop
  endfacet
  facet normal 0.982783 0.184763 0
    outer loop
      vertex 21.4616 112.45 -6.81
      vertex 21.4522 112.5 -6.86
      vertex 21.4522 112.5 -6.81
    endloop
  endfacet
  facet normal 0.958991 0.283435 0
    outer loop
      vertex 21.4616 112.45 -6.86
      vertex 21.4749 112.405 -6.81
      vertex 21.4749 112.405 -6.86
    endloop
  endfacet
  facet normal 0.958991 0.283435 0
    outer loop
      vertex 21.4749 112.405 -6.81
      vertex 21.4616 112.45 -6.86
      vertex 21.4616 112.45 -6.81
    endloop
  endfacet
  facet normal 0.920331 0.391141 0
    outer loop
      vertex 21.4749 112.405 -6.86
      vertex 21.4919 112.365 -6.81
      vertex 21.4919 112.365 -6.86
    endloop
  endfacet
  facet normal 0.920331 0.391141 0
    outer loop
      vertex 21.4919 112.365 -6.81
      vertex 21.4749 112.405 -6.86
      vertex 21.4749 112.405 -6.81
    endloop
  endfacet
  facet normal 0.859653 0.510879 0
    outer loop
      vertex 21.4919 112.365 -6.86
      vertex 21.5127 112.33 -6.81
      vertex 21.5127 112.33 -6.86
    endloop
  endfacet
  facet normal 0.859653 0.510879 0
    outer loop
      vertex 21.5127 112.33 -6.81
      vertex 21.4919 112.365 -6.86
      vertex 21.4919 112.365 -6.81
    endloop
  endfacet
  facet normal 0.774532 0.632535 0
    outer loop
      vertex 21.5127 112.33 -6.86
      vertex 21.5372 112.3 -6.81
      vertex 21.5372 112.3 -6.86
    endloop
  endfacet
  facet normal 0.774532 0.632535 0
    outer loop
      vertex 21.5372 112.3 -6.81
      vertex 21.5127 112.33 -6.86
      vertex 21.5127 112.33 -6.81
    endloop
  endfacet
  facet normal 0.675254 0.737585 0
    outer loop
      vertex 21.5372 112.3 -6.86
      vertex 21.5656 112.274 -6.81
      vertex 21.5656 112.274 -6.86
    endloop
  endfacet
  facet normal 0.675254 0.737585 0
    outer loop
      vertex 21.5656 112.274 -6.81
      vertex 21.5372 112.3 -6.86
      vertex 21.5372 112.3 -6.81
    endloop
  endfacet
  facet normal 0.546268 0.837611 0
    outer loop
      vertex 21.5656 112.274 -6.86
      vertex 21.5978 112.253 -6.81
      vertex 21.5978 112.253 -6.86
    endloop
  endfacet
  facet normal 0.546268 0.837611 0
    outer loop
      vertex 21.5978 112.253 -6.81
      vertex 21.5656 112.274 -6.86
      vertex 21.5656 112.274 -6.81
    endloop
  endfacet
  facet normal 0.446222 0.894922 0
    outer loop
      vertex 21.5978 112.253 -6.86
      vertex 21.6339 112.235 -6.81
      vertex 21.6339 112.235 -6.86
    endloop
  endfacet
  facet normal 0.446222 0.894922 0
    outer loop
      vertex 21.6339 112.235 -6.81
      vertex 21.5978 112.253 -6.86
      vertex 21.5978 112.253 -6.81
    endloop
  endfacet
  facet normal 0.309086 0.951034 0
    outer loop
      vertex 21.6339 112.235 -6.86
      vertex 21.6739 112.222 -6.81
      vertex 21.6739 112.222 -6.86
    endloop
  endfacet
  facet normal 0.309086 0.951034 0
    outer loop
      vertex 21.6739 112.222 -6.81
      vertex 21.6339 112.235 -6.86
      vertex 21.6339 112.235 -6.81
    endloop
  endfacet
  facet normal 0.222583 0.974914 0
    outer loop
      vertex 21.6739 112.222 -6.86
      vertex 21.7177 112.212 -6.81
      vertex 21.7177 112.212 -6.86
    endloop
  endfacet
  facet normal 0.222583 0.974914 0
    outer loop
      vertex 21.7177 112.212 -6.81
      vertex 21.6739 112.222 -6.86
      vertex 21.6739 112.222 -6.81
    endloop
  endfacet
  facet normal 0.124803 0.992182 0
    outer loop
      vertex 21.7177 112.212 -6.86
      vertex 21.7654 112.206 -6.81
      vertex 21.7654 112.206 -6.86
    endloop
  endfacet
  facet normal 0.124803 0.992182 0
    outer loop
      vertex 21.7654 112.206 -6.81
      vertex 21.7177 112.212 -6.86
      vertex 21.7177 112.212 -6.81
    endloop
  endfacet
  facet normal 0.0388057 0.999247 0
    outer loop
      vertex 21.7654 112.206 -6.86
      vertex 21.8169 112.204 -6.81
      vertex 21.8169 112.204 -6.86
    endloop
  endfacet
  facet normal 0.0388057 0.999247 0
    outer loop
      vertex 21.8169 112.204 -6.81
      vertex 21.7654 112.206 -6.86
      vertex 21.7654 112.206 -6.81
    endloop
  endfacet
  facet normal -0.0902645 0.995918 0
    outer loop
      vertex 21.8169 112.204 -6.86
      vertex 21.9162 112.213 -6.81
      vertex 21.9162 112.213 -6.86
    endloop
  endfacet
  facet normal -0.0902645 0.995918 0
    outer loop
      vertex 21.9162 112.213 -6.81
      vertex 21.8169 112.204 -6.86
      vertex 21.8169 112.204 -6.81
    endloop
  endfacet
  facet normal -0.120847 0.992671 0
    outer loop
      vertex 21.8709 110.864 -6.86
      vertex 21.9284 110.871 -6.81
      vertex 21.9284 110.871 -6.86
    endloop
  endfacet
  facet normal -0.120847 0.992671 0
    outer loop
      vertex 21.9284 110.871 -6.81
      vertex 21.8709 110.864 -6.86
      vertex 21.8709 110.864 -6.81
    endloop
  endfacet
  facet normal -0.222021 0.975042 0
    outer loop
      vertex 21.9284 110.871 -6.86
      vertex 21.9811 110.883 -6.81
      vertex 21.9811 110.883 -6.86
    endloop
  endfacet
  facet normal -0.222021 0.975042 0
    outer loop
      vertex 21.9811 110.883 -6.81
      vertex 21.9284 110.871 -6.86
      vertex 21.9284 110.871 -6.81
    endloop
  endfacet
  facet normal -0.316822 0.948485 0
    outer loop
      vertex 21.9811 110.883 -6.86
      vertex 22.029 110.899 -6.81
      vertex 22.029 110.899 -6.86
    endloop
  endfacet
  facet normal -0.316822 0.948485 0
    outer loop
      vertex 22.029 110.899 -6.81
      vertex 21.9811 110.883 -6.86
      vertex 21.9811 110.883 -6.81
    endloop
  endfacet
  facet normal -0.453802 0.891102 0
    outer loop
      vertex 22.029 110.899 -6.86
      vertex 22.0722 110.921 -6.81
      vertex 22.0722 110.921 -6.86
    endloop
  endfacet
  facet normal -0.453802 0.891102 0
    outer loop
      vertex 22.0722 110.921 -6.81
      vertex 22.029 110.899 -6.86
      vertex 22.029 110.899 -6.81
    endloop
  endfacet
  facet normal -0.559658 0.828724 0
    outer loop
      vertex 22.0722 110.921 -6.86
      vertex 22.1107 110.947 -6.81
      vertex 22.1107 110.947 -6.86
    endloop
  endfacet
  facet normal -0.559658 0.828724 0
    outer loop
      vertex 22.1107 110.947 -6.81
      vertex 22.0722 110.921 -6.86
      vertex 22.0722 110.921 -6.81
    endloop
  endfacet
  facet normal -0.663814 0.747897 0
    outer loop
      vertex 22.1107 110.947 -6.86
      vertex 22.1445 110.977 -6.81
      vertex 22.1445 110.977 -6.86
    endloop
  endfacet
  facet normal -0.663814 0.747897 0
    outer loop
      vertex 22.1445 110.977 -6.81
      vertex 22.1107 110.947 -6.86
      vertex 22.1107 110.947 -6.81
    endloop
  endfacet
  facet normal -0.777697 0.628639 0
    outer loop
      vertex 22.1445 110.977 -6.86
      vertex 22.1736 111.013 -6.81
      vertex 22.1736 111.013 -6.86
    endloop
  endfacet
  facet normal -0.777697 0.628639 0
    outer loop
      vertex 22.1736 111.013 -6.81
      vertex 22.1445 110.977 -6.86
      vertex 22.1445 110.977 -6.81
    endloop
  endfacet
  facet normal -0.861987 0.50693 0
    outer loop
      vertex 22.1736 111.013 -6.86
      vertex 22.1983 111.055 -6.81
      vertex 22.1983 111.055 -6.86
    endloop
  endfacet
  facet normal -0.861987 0.50693 0
    outer loop
      vertex 22.1983 111.055 -6.81
      vertex 22.1736 111.013 -6.86
      vertex 22.1736 111.013 -6.81
    endloop
  endfacet
  facet normal -0.919448 0.393211 0
    outer loop
      vertex 22.1983 111.055 -6.86
      vertex 22.2184 111.102 -6.81
      vertex 22.2184 111.102 -6.86
    endloop
  endfacet
  facet normal -0.919448 0.393211 0
    outer loop
      vertex 22.2184 111.102 -6.81
      vertex 22.1983 111.055 -6.86
      vertex 22.1983 111.055 -6.81
    endloop
  endfacet
  facet normal -0.957318 0.289036 0
    outer loop
      vertex 22.2184 111.102 -6.86
      vertex 22.2341 111.154 -6.81
      vertex 22.2341 111.154 -6.86
    endloop
  endfacet
  facet normal -0.957318 0.289036 0
    outer loop
      vertex 22.2341 111.154 -6.81
      vertex 22.2184 111.102 -6.86
      vertex 22.2184 111.102 -6.81
    endloop
  endfacet
  facet normal -0.982455 0.1865 0
    outer loop
      vertex 22.2341 111.154 -6.86
      vertex 22.2453 111.213 -6.81
      vertex 22.2453 111.213 -6.86
    endloop
  endfacet
  facet normal -0.982455 0.1865 0
    outer loop
      vertex 22.2453 111.213 -6.81
      vertex 22.2341 111.154 -6.86
      vertex 22.2341 111.154 -6.81
    endloop
  endfacet
  facet normal -0.994225 0.107313 0
    outer loop
      vertex 22.2453 111.213 -6.86
      vertex 22.2521 111.276 -6.81
      vertex 22.2521 111.276 -6.86
    endloop
  endfacet
  facet normal -0.994225 0.107313 0
    outer loop
      vertex 22.2521 111.276 -6.81
      vertex 22.2453 111.213 -6.86
      vertex 22.2453 111.213 -6.81
    endloop
  endfacet
  facet normal -0.999506 0.0314131 0
    outer loop
      vertex 22.2521 111.276 -6.86
      vertex 22.2543 111.346 -6.81
      vertex 22.2543 111.346 -6.86
    endloop
  endfacet
  facet normal -0.999506 0.0314131 0
    outer loop
      vertex 22.2543 111.346 -6.81
      vertex 22.2521 111.276 -6.86
      vertex 22.2521 111.276 -6.81
    endloop
  endfacet
  facet normal -0.99929 -0.0376781 0
    outer loop
      vertex 22.2543 111.346 -6.86
      vertex 22.252 111.407 -6.81
      vertex 22.252 111.407 -6.86
    endloop
  endfacet
  facet normal -0.99929 -0.0376781 0
    outer loop
      vertex 22.252 111.407 -6.81
      vertex 22.2543 111.346 -6.86
      vertex 22.2543 111.346 -6.81
    endloop
  endfacet
  facet normal -0.993162 -0.11674 0
    outer loop
      vertex 22.252 111.407 -6.86
      vertex 22.2453 111.464 -6.81
      vertex 22.2453 111.464 -6.86
    endloop
  endfacet
  facet normal -0.993162 -0.11674 0
    outer loop
      vertex 22.2453 111.464 -6.81
      vertex 22.252 111.407 -6.86
      vertex 22.252 111.407 -6.81
    endloop
  endfacet
  facet normal -0.978018 -0.208521 0
    outer loop
      vertex 22.2453 111.464 -6.86
      vertex 22.234 111.517 -6.81
      vertex 22.234 111.517 -6.86
    endloop
  endfacet
  facet normal -0.978018 -0.208521 0
    outer loop
      vertex 22.234 111.517 -6.81
      vertex 22.2453 111.464 -6.86
      vertex 22.2453 111.464 -6.81
    endloop
  endfacet
  facet normal -0.949275 -0.314447 0
    outer loop
      vertex 22.234 111.517 -6.86
      vertex 22.2181 111.565 -6.81
      vertex 22.2181 111.565 -6.86
    endloop
  endfacet
  facet normal -0.949275 -0.314447 0
    outer loop
      vertex 22.2181 111.565 -6.81
      vertex 22.234 111.517 -6.86
      vertex 22.234 111.517 -6.81
    endloop
  endfacet
  facet normal -0.911542 -0.411207 0
    outer loop
      vertex 22.2181 111.565 -6.86
      vertex 22.1978 111.61 -6.81
      vertex 22.1978 111.61 -6.86
    endloop
  endfacet
  facet normal -0.911542 -0.411207 0
    outer loop
      vertex 22.1978 111.61 -6.81
      vertex 22.2181 111.565 -6.86
      vertex 22.2181 111.565 -6.81
    endloop
  endfacet
  facet normal -0.848951 -0.528472 0
    outer loop
      vertex 22.1978 111.61 -6.86
      vertex 22.1729 111.65 -6.81
      vertex 22.1729 111.65 -6.86
    endloop
  endfacet
  facet normal -0.848951 -0.528472 0
    outer loop
      vertex 22.1729 111.65 -6.81
      vertex 22.1978 111.61 -6.86
      vertex 22.1978 111.61 -6.81
    endloop
  endfacet
  facet normal -0.765705 -0.643192 0
    outer loop
      vertex 22.1729 111.65 -6.86
      vertex 22.1435 111.685 -6.81
      vertex 22.1435 111.685 -6.86
    endloop
  endfacet
  facet normal -0.765705 -0.643192 0
    outer loop
      vertex 22.1435 111.685 -6.81
      vertex 22.1729 111.65 -6.86
      vertex 22.1729 111.65 -6.81
    endloop
  endfacet
  facet normal -0.68858 -0.725161 0
    outer loop
      vertex 22.1435 111.685 -6.86
      vertex 22.1098 111.717 -6.81
      vertex 22.1098 111.717 -6.86
    endloop
  endfacet
  facet normal -0.68858 -0.725161 0
    outer loop
      vertex 22.1098 111.717 -6.81
      vertex 22.1435 111.685 -6.86
      vertex 22.1435 111.685 -6.81
    endloop
  endfacet
  facet normal -0.568755 -0.822507 0
    outer loop
      vertex 22.1098 111.717 -6.86
      vertex 22.0722 111.743 -6.81
      vertex 22.0722 111.743 -6.86
    endloop
  endfacet
  facet normal -0.568755 -0.822507 0
    outer loop
      vertex 22.0722 111.743 -6.81
      vertex 22.1098 111.717 -6.86
      vertex 22.1098 111.717 -6.81
    endloop
  endfacet
  facet normal -0.468377 -0.883529 0
    outer loop
      vertex 22.0722 111.743 -6.86
      vertex 22.0307 111.765 -6.81
      vertex 22.0307 111.765 -6.86
    endloop
  endfacet
  facet normal -0.468377 -0.883529 0
    outer loop
      vertex 22.0307 111.765 -6.81
      vertex 22.0722 111.743 -6.86
      vertex 22.0722 111.743 -6.81
    endloop
  endfacet
  facet normal -0.349995 -0.936752 0
    outer loop
      vertex 22.0307 111.765 -6.86
      vertex 21.9852 111.782 -6.81
      vertex 21.9852 111.782 -6.86
    endloop
  endfacet
  facet normal -0.349995 -0.936752 0
    outer loop
      vertex 21.9852 111.782 -6.81
      vertex 22.0307 111.765 -6.86
      vertex 22.0307 111.765 -6.81
    endloop
  endfacet
  facet normal -0.23605 -0.971741 0
    outer loop
      vertex 21.9852 111.782 -6.86
      vertex 21.9358 111.794 -6.81
      vertex 21.9358 111.794 -6.86
    endloop
  endfacet
  facet normal -0.23605 -0.971741 0
    outer loop
      vertex 21.9358 111.794 -6.81
      vertex 21.9852 111.782 -6.86
      vertex 21.9852 111.782 -6.81
    endloop
  endfacet
  facet normal -0.129974 -0.991517 0
    outer loop
      vertex 21.9358 111.794 -6.86
      vertex 21.8824 111.801 -6.81
      vertex 21.8824 111.801 -6.86
    endloop
  endfacet
  facet normal -0.129974 -0.991517 0
    outer loop
      vertex 21.8824 111.801 -6.81
      vertex 21.9358 111.794 -6.86
      vertex 21.9358 111.794 -6.81
    endloop
  endfacet
  facet normal -0.0348828 -0.999391 0
    outer loop
      vertex 21.8824 111.801 -6.86
      vertex 21.8251 111.803 -6.81
      vertex 21.8251 111.803 -6.86
    endloop
  endfacet
  facet normal -0.0348828 -0.999391 0
    outer loop
      vertex 21.8251 111.803 -6.81
      vertex 21.8824 111.801 -6.86
      vertex 21.8824 111.801 -6.81
    endloop
  endfacet
  facet normal 0.0755411 -0.997143 0
    outer loop
      vertex 21.8251 111.803 -6.86
      vertex 21.7063 111.794 -6.81
      vertex 21.7063 111.794 -6.86
    endloop
  endfacet
  facet normal 0.0755411 -0.997143 0
    outer loop
      vertex 21.7063 111.794 -6.81
      vertex 21.8251 111.803 -6.86
      vertex 21.8251 111.803 -6.81
    endloop
  endfacet
  facet normal 0.259698 -0.96569 0
    outer loop
      vertex 21.7063 111.794 -6.86
      vertex 21.6059 111.767 -6.81
      vertex 21.6059 111.767 -6.86
    endloop
  endfacet
  facet normal 0.259698 -0.96569 0
    outer loop
      vertex 21.6059 111.767 -6.81
      vertex 21.7063 111.794 -6.86
      vertex 21.7063 111.794 -6.81
    endloop
  endfacet
  facet normal 0.488345 -0.872651 0
    outer loop
      vertex 21.6059 111.767 -6.86
      vertex 21.5237 111.721 -6.81
      vertex 21.5237 111.721 -6.86
    endloop
  endfacet
  facet normal 0.488345 -0.872651 0
    outer loop
      vertex 21.5237 111.721 -6.81
      vertex 21.6059 111.767 -6.86
      vertex 21.6059 111.767 -6.81
    endloop
  endfacet
  facet normal 0.707107 -0.707107 0
    outer loop
      vertex 21.5237 111.721 -6.86
      vertex 21.4597 111.657 -6.81
      vertex 21.4597 111.657 -6.86
    endloop
  endfacet
  facet normal 0.707107 -0.707107 0
    outer loop
      vertex 21.4597 111.657 -6.81
      vertex 21.5237 111.721 -6.86
      vertex 21.5237 111.721 -6.81
    endloop
  endfacet
  facet normal 0.875993 -0.482324 0
    outer loop
      vertex 21.4597 111.657 -6.86
      vertex 21.414 111.574 -6.81
      vertex 21.414 111.574 -6.86
    endloop
  endfacet
  facet normal 0.875993 -0.482324 0
    outer loop
      vertex 21.414 111.574 -6.81
      vertex 21.4597 111.657 -6.86
      vertex 21.4597 111.657 -6.81
    endloop
  endfacet
  facet normal 0.965116 -0.261823 0
    outer loop
      vertex 21.414 111.574 -6.86
      vertex 21.3866 111.473 -6.81
      vertex 21.3866 111.473 -6.86
    endloop
  endfacet
  facet normal 0.965116 -0.261823 0
    outer loop
      vertex 21.3866 111.473 -6.81
      vertex 21.414 111.574 -6.86
      vertex 21.414 111.574 -6.81
    endloop
  endfacet
  facet normal 0.997089 -0.076248 0
    outer loop
      vertex 21.3866 111.473 -6.86
      vertex 21.3775 111.354 -6.81
      vertex 21.3775 111.354 -6.86
    endloop
  endfacet
  facet normal 0.997089 -0.076248 0
    outer loop
      vertex 21.3775 111.354 -6.81
      vertex 21.3866 111.473 -6.86
      vertex 21.3866 111.473 -6.81
    endloop
  endfacet
  facet normal 0.999575 0.0291543 0
    outer loop
      vertex 21.3775 111.354 -6.86
      vertex 21.3796 111.282 -6.81
      vertex 21.3796 111.282 -6.86
    endloop
  endfacet
  facet normal 0.999575 0.0291543 0
    outer loop
      vertex 21.3796 111.282 -6.81
      vertex 21.3775 111.354 -6.86
      vertex 21.3775 111.354 -6.81
    endloop
  endfacet
  facet normal 0.995037 0.0995037 0
    outer loop
      vertex 21.3796 111.282 -6.86
      vertex 21.3861 111.217 -6.81
      vertex 21.3861 111.217 -6.86
    endloop
  endfacet
  facet normal 0.995037 0.0995037 0
    outer loop
      vertex 21.3861 111.217 -6.81
      vertex 21.3796 111.282 -6.86
      vertex 21.3796 111.282 -6.81
    endloop
  endfacet
  facet normal 0.98475 0.173973 0
    outer loop
      vertex 21.3861 111.217 -6.86
      vertex 21.3967 111.157 -6.81
      vertex 21.3967 111.157 -6.86
    endloop
  endfacet
  facet normal 0.98475 0.173973 0
    outer loop
      vertex 21.3967 111.157 -6.81
      vertex 21.3861 111.217 -6.86
      vertex 21.3861 111.217 -6.81
    endloop
  endfacet
  facet normal 0.963518 0.267644 0
    outer loop
      vertex 21.3967 111.157 -6.86
      vertex 21.4117 111.103 -6.81
      vertex 21.4117 111.103 -6.86
    endloop
  endfacet
  facet normal 0.963518 0.267644 0
    outer loop
      vertex 21.4117 111.103 -6.81
      vertex 21.3967 111.157 -6.86
      vertex 21.3967 111.157 -6.81
    endloop
  endfacet
  facet normal 0.925045 0.379859 0
    outer loop
      vertex 21.4117 111.103 -6.86
      vertex 21.431 111.056 -6.81
      vertex 21.431 111.056 -6.86
    endloop
  endfacet
  facet normal 0.925045 0.379859 0
    outer loop
      vertex 21.431 111.056 -6.81
      vertex 21.4117 111.103 -6.86
      vertex 21.4117 111.103 -6.81
    endloop
  endfacet
  facet normal 0.872683 0.488287 0
    outer loop
      vertex 21.431 111.056 -6.86
      vertex 21.4545 111.014 -6.81
      vertex 21.4545 111.014 -6.86
    endloop
  endfacet
  facet normal 0.872683 0.488287 0
    outer loop
      vertex 21.4545 111.014 -6.81
      vertex 21.431 111.056 -6.86
      vertex 21.431 111.056 -6.81
    endloop
  endfacet
  facet normal 0.799481 0.600691 0
    outer loop
      vertex 21.4545 111.014 -6.86
      vertex 21.4823 110.977 -6.81
      vertex 21.4823 110.977 -6.86
    endloop
  endfacet
  facet normal 0.799481 0.600691 0
    outer loop
      vertex 21.4823 110.977 -6.81
      vertex 21.4545 111.014 -6.86
      vertex 21.4545 111.014 -6.81
    endloop
  endfacet
  facet normal 0.680538 0.732713 0
    outer loop
      vertex 21.4823 110.977 -6.86
      vertex 21.5146 110.947 -6.81
      vertex 21.5146 110.947 -6.86
    endloop
  endfacet
  facet normal 0.680538 0.732713 0
    outer loop
      vertex 21.5146 110.947 -6.81
      vertex 21.4823 110.977 -6.86
      vertex 21.4823 110.977 -6.81
    endloop
  endfacet
  facet normal 0.573907 0.818921 0
    outer loop
      vertex 21.5146 110.947 -6.86
      vertex 21.5517 110.921 -6.81
      vertex 21.5517 110.921 -6.86
    endloop
  endfacet
  facet normal 0.573907 0.818921 0
    outer loop
      vertex 21.5517 110.921 -6.81
      vertex 21.5146 110.947 -6.86
      vertex 21.5146 110.947 -6.81
    endloop
  endfacet
  facet normal 0.464875 0.885376 0
    outer loop
      vertex 21.5517 110.921 -6.86
      vertex 21.5936 110.899 -6.81
      vertex 21.5936 110.899 -6.86
    endloop
  endfacet
  facet normal 0.464875 0.885376 0
    outer loop
      vertex 21.5936 110.899 -6.81
      vertex 21.5517 110.921 -6.86
      vertex 21.5517 110.921 -6.81
    endloop
  endfacet
  facet normal 0.324739 0.945804 0
    outer loop
      vertex 21.5936 110.899 -6.86
      vertex 21.6402 110.883 -6.81
      vertex 21.6402 110.883 -6.86
    endloop
  endfacet
  facet normal 0.324739 0.945804 0
    outer loop
      vertex 21.6402 110.883 -6.81
      vertex 21.5936 110.899 -6.86
      vertex 21.5936 110.899 -6.81
    endloop
  endfacet
  facet normal 0.227349 0.973813 0
    outer loop
      vertex 21.6402 110.883 -6.86
      vertex 21.6916 110.871 -6.81
      vertex 21.6916 110.871 -6.86
    endloop
  endfacet
  facet normal 0.227349 0.973813 0
    outer loop
      vertex 21.6916 110.871 -6.81
      vertex 21.6402 110.883 -6.86
      vertex 21.6402 110.883 -6.81
    endloop
  endfacet
  facet normal 0.1236 0.992332 0
    outer loop
      vertex 21.6916 110.871 -6.86
      vertex 21.7478 110.864 -6.81
      vertex 21.7478 110.864 -6.86
    endloop
  endfacet
  facet normal 0.1236 0.992332 0
    outer loop
      vertex 21.7478 110.864 -6.81
      vertex 21.6916 110.871 -6.86
      vertex 21.6916 110.871 -6.81
    endloop
  endfacet
  facet normal 0.0327693 0.999463 0
    outer loop
      vertex 21.7478 110.864 -6.86
      vertex 21.8088 110.862 -6.81
      vertex 21.8088 110.862 -6.86
    endloop
  endfacet
  facet normal 0.0327693 0.999463 0
    outer loop
      vertex 21.8088 110.862 -6.81
      vertex 21.7478 110.864 -6.86
      vertex 21.7478 110.864 -6.81
    endloop
  endfacet
  facet normal -0.0321894 0.999482 0
    outer loop
      vertex 21.8088 110.862 -6.86
      vertex 21.8709 110.864 -6.81
      vertex 21.8709 110.864 -6.86
    endloop
  endfacet
  facet normal -0.0321894 0.999482 0
    outer loop
      vertex 21.8709 110.864 -6.81
      vertex 21.8088 110.862 -6.86
      vertex 21.8088 110.862 -6.81
    endloop
  endfacet
  facet normal 0 -1 0
    outer loop
      vertex 17.4903 111.232 -6.86
      vertex 17.4903 111.232 -6.81
      vertex 16.3979 111.232 -6.86
    endloop
  endfacet
  facet normal -0 -1 0
    outer loop
      vertex 17.4903 111.232 -6.81
      vertex 16.3979 111.232 -6.81
      vertex 16.3979 111.232 -6.86
    endloop
  endfacet
  facet normal 0.944759 -0.327766 0
    outer loop
      vertex 16.3979 111.232 -6.86
      vertex 16.3979 111.232 -6.81
      vertex 16.1436 110.499 -6.86
    endloop
  endfacet
  facet normal 0.944759 -0.327766 0
    outer loop
      vertex 16.3979 111.232 -6.81
      vertex 16.1436 110.499 -6.81
      vertex 16.1436 110.499 -6.86
    endloop
  endfacet
  facet normal 0 -1 0
    outer loop
      vertex 16.1436 110.499 -6.86
      vertex 16.1436 110.499 -6.81
      vertex 15.5495 110.499 -6.86
    endloop
  endfacet
  facet normal -0 -1 0
    outer loop
      vertex 16.1436 110.499 -6.81
      vertex 15.5495 110.499 -6.81
      vertex 15.5495 110.499 -6.86
    endloop
  endfacet
  facet normal -0.939893 0.341469 0
    outer loop
      vertex 15.5495 110.499 -6.86
      vertex 15.5495 110.499 -6.81
      vertex 16.5911 113.366 -6.86
    endloop
  endfacet
  facet normal -0.939893 0.341469 0
    outer loop
      vertex 15.5495 110.499 -6.81
      vertex 16.5911 113.366 -6.81
      vertex 16.5911 113.366 -6.86
    endloop
  endfacet
  facet normal 0 1 0
    outer loop
      vertex 16.5911 113.366 -6.86
      vertex 16.5911 113.366 -6.81
      vertex 17.2991 113.366 -6.86
    endloop
  endfacet
  facet normal -0 1 0
    outer loop
      vertex 16.5911 113.366 -6.81
      vertex 17.2991 113.366 -6.81
      vertex 17.2991 113.366 -6.86
    endloop
  endfacet
  facet normal 0.939461 0.342656 -0
    outer loop
      vertex 17.2991 113.366 -6.86
      vertex 17.2991 113.366 -6.81
      vertex 18.3448 110.499 -6.86
    endloop
  endfacet
  facet normal 0.939461 0.342656 0
    outer loop
      vertex 17.2991 113.366 -6.81
      vertex 18.3448 110.499 -6.81
      vertex 18.3448 110.499 -6.86
    endloop
  endfacet
  facet normal 0 -1 0
    outer loop
      vertex 18.3448 110.499 -6.86
      vertex 18.3448 110.499 -6.81
      vertex 17.7446 110.499 -6.86
    endloop
  endfacet
  facet normal -0 -1 0
    outer loop
      vertex 18.3448 110.499 -6.81
      vertex 17.7446 110.499 -6.81
      vertex 17.7446 110.499 -6.86
    endloop
  endfacet
  facet normal -0.944759 -0.327766 0
    outer loop
      vertex 17.7446 110.499 -6.86
      vertex 17.7446 110.499 -6.81
      vertex 17.4903 111.232 -6.86
    endloop
  endfacet
  facet normal -0.944759 -0.327766 0
    outer loop
      vertex 17.7446 110.499 -6.81
      vertex 17.4903 111.232 -6.81
      vertex 17.4903 111.232 -6.86
    endloop
  endfacet
  facet normal -0.946128 -0.323794 0
    outer loop
      vertex 17.3561 111.683 -6.86
      vertex 17.2702 111.934 -6.81
      vertex 17.2702 111.934 -6.86
    endloop
  endfacet
  facet normal -0.946128 -0.323794 0
    outer loop
      vertex 17.2702 111.934 -6.81
      vertex 17.3561 111.683 -6.86
      vertex 17.3561 111.683 -6.81
    endloop
  endfacet
  facet normal -0.945695 -0.325055 0
    outer loop
      vertex 17.2702 111.934 -6.86
      vertex 17.1963 112.149 -6.81
      vertex 17.1963 112.149 -6.86
    endloop
  endfacet
  facet normal -0.945695 -0.325055 0
    outer loop
      vertex 17.1963 112.149 -6.81
      vertex 17.2702 111.934 -6.86
      vertex 17.2702 111.934 -6.81
    endloop
  endfacet
  facet normal -0.946741 -0.321996 0
    outer loop
      vertex 17.1963 112.149 -6.86
      vertex 17.1344 112.331 -6.81
      vertex 17.1344 112.331 -6.86
    endloop
  endfacet
  facet normal -0.946741 -0.321996 0
    outer loop
      vertex 17.1344 112.331 -6.81
      vertex 17.1963 112.149 -6.86
      vertex 17.1963 112.149 -6.81
    endloop
  endfacet
  facet normal -0.946733 -0.322018 0
    outer loop
      vertex 17.1344 112.331 -6.86
      vertex 17.0844 112.478 -6.81
      vertex 17.0844 112.478 -6.86
    endloop
  endfacet
  facet normal -0.946733 -0.322018 0
    outer loop
      vertex 17.0844 112.478 -6.81
      vertex 17.1344 112.331 -6.86
      vertex 17.1344 112.331 -6.81
    endloop
  endfacet
  facet normal -0.947841 -0.318743 0
    outer loop
      vertex 17.0844 112.478 -6.86
      vertex 17.0464 112.591 -6.81
      vertex 17.0464 112.591 -6.86
    endloop
  endfacet
  facet normal -0.947841 -0.318743 0
    outer loop
      vertex 17.0464 112.591 -6.81
      vertex 17.0844 112.478 -6.86
      vertex 17.0844 112.478 -6.81
    endloop
  endfacet
  facet normal -0.948318 -0.317322 0
    outer loop
      vertex 17.0464 112.591 -6.86
      vertex 17.0203 112.669 -6.81
      vertex 17.0203 112.669 -6.86
    endloop
  endfacet
  facet normal -0.948318 -0.317322 0
    outer loop
      vertex 17.0203 112.669 -6.81
      vertex 17.0464 112.591 -6.86
      vertex 17.0464 112.591 -6.81
    endloop
  endfacet
  facet normal -0.952298 -0.305168 0
    outer loop
      vertex 17.0203 112.669 -6.86
      vertex 17.0062 112.713 -6.81
      vertex 17.0062 112.713 -6.86
    endloop
  endfacet
  facet normal -0.952298 -0.305168 0
    outer loop
      vertex 17.0062 112.713 -6.81
      vertex 17.0203 112.669 -6.86
      vertex 17.0203 112.669 -6.81
    endloop
  endfacet
  facet normal -0.955779 -0.294086 0
    outer loop
      vertex 17.0062 112.713 -6.86
      vertex 16.9982 112.739 -6.81
      vertex 16.9982 112.739 -6.86
    endloop
  endfacet
  facet normal -0.955779 -0.294086 0
    outer loop
      vertex 16.9982 112.739 -6.81
      vertex 17.0062 112.713 -6.86
      vertex 17.0062 112.713 -6.81
    endloop
  endfacet
  facet normal -0.959834 -0.280567 0
    outer loop
      vertex 16.9982 112.739 -6.86
      vertex 16.9906 112.765 -6.81
      vertex 16.9906 112.765 -6.86
    endloop
  endfacet
  facet normal -0.959834 -0.280567 0
    outer loop
      vertex 16.9906 112.765 -6.81
      vertex 16.9982 112.739 -6.86
      vertex 16.9982 112.739 -6.81
    endloop
  endfacet
  facet normal -0.955607 -0.294645 0
    outer loop
      vertex 16.9906 112.765 -6.86
      vertex 16.9832 112.789 -6.81
      vertex 16.9832 112.789 -6.86
    endloop
  endfacet
  facet normal -0.955607 -0.294645 0
    outer loop
      vertex 16.9832 112.789 -6.81
      vertex 16.9906 112.765 -6.86
      vertex 16.9906 112.765 -6.81
    endloop
  endfacet
  facet normal -0.961069 -0.276307 0
    outer loop
      vertex 16.9832 112.789 -6.86
      vertex 16.9763 112.813 -6.81
      vertex 16.9763 112.813 -6.86
    endloop
  endfacet
  facet normal -0.961069 -0.276307 0
    outer loop
      vertex 16.9763 112.813 -6.81
      vertex 16.9832 112.789 -6.86
      vertex 16.9832 112.789 -6.81
    endloop
  endfacet
  facet normal -0.960093 -0.279679 0
    outer loop
      vertex 16.9763 112.813 -6.86
      vertex 16.9696 112.836 -6.81
      vertex 16.9696 112.836 -6.86
    endloop
  endfacet
  facet normal -0.960093 -0.279679 0
    outer loop
      vertex 16.9696 112.836 -6.81
      vertex 16.9763 112.813 -6.86
      vertex 16.9763 112.813 -6.81
    endloop
  endfacet
  facet normal -0.961359 -0.275298 0
    outer loop
      vertex 16.9696 112.836 -6.86
      vertex 16.9633 112.858 -6.81
      vertex 16.9633 112.858 -6.86
    endloop
  endfacet
  facet normal -0.961359 -0.275298 0
    outer loop
      vertex 16.9633 112.858 -6.81
      vertex 16.9696 112.836 -6.86
      vertex 16.9696 112.836 -6.81
    endloop
  endfacet
  facet normal -0.964764 -0.263117 0
    outer loop
      vertex 16.9633 112.858 -6.86
      vertex 16.9573 112.88 -6.81
      vertex 16.9573 112.88 -6.86
    endloop
  endfacet
  facet normal -0.964764 -0.263117 0
    outer loop
      vertex 16.9573 112.88 -6.81
      vertex 16.9633 112.858 -6.86
      vertex 16.9633 112.858 -6.81
    endloop
  endfacet
  facet normal -0.963643 -0.267192 0
    outer loop
      vertex 16.9573 112.88 -6.86
      vertex 16.9451 112.924 -6.81
      vertex 16.9451 112.924 -6.86
    endloop
  endfacet
  facet normal -0.963643 -0.267192 0
    outer loop
      vertex 16.9451 112.924 -6.81
      vertex 16.9573 112.88 -6.86
      vertex 16.9573 112.88 -6.81
    endloop
  endfacet
  facet normal 0.9565 -0.291732 0
    outer loop
      vertex 16.9451 112.924 -6.86
      vertex 16.9024 112.784 -6.81
      vertex 16.9024 112.784 -6.86
    endloop
  endfacet
  facet normal 0.9565 -0.291732 0
    outer loop
      vertex 16.9024 112.784 -6.81
      vertex 16.9451 112.924 -6.86
      vertex 16.9451 112.924 -6.81
    endloop
  endfacet
  facet normal 0.953557 -0.301214 0
    outer loop
      vertex 16.9024 112.784 -6.86
      vertex 16.8149 112.507 -6.81
      vertex 16.8149 112.507 -6.86
    endloop
  endfacet
  facet normal 0.953557 -0.301214 0
    outer loop
      vertex 16.8149 112.507 -6.81
      vertex 16.9024 112.784 -6.86
      vertex 16.9024 112.784 -6.81
    endloop
  endfacet
  facet normal 0.945881 -0.324515 0
    outer loop
      vertex 16.8149 112.507 -6.86
      vertex 16.5322 111.683 -6.81
      vertex 16.5322 111.683 -6.86
    endloop
  endfacet
  facet normal 0.945881 -0.324515 0
    outer loop
      vertex 16.5322 111.683 -6.81
      vertex 16.8149 112.507 -6.86
      vertex 16.8149 112.507 -6.81
    endloop
  endfacet
  facet normal 0 1 0
    outer loop
      vertex 16.5322 111.683 -6.86
      vertex 17.3561 111.683 -6.81
      vertex 17.3561 111.683 -6.86
    endloop
  endfacet
  facet normal 0 1 0
    outer loop
      vertex 17.3561 111.683 -6.81
      vertex 16.5322 111.683 -6.86
      vertex 16.5322 111.683 -6.81
    endloop
  endfacet
endsolid OpenSCAD_Model
