solid OpenSCAD_Model
  facet normal -0.366852 -0.418306 0.830927
    outer loop
      vertex 2.9213 1.68453 -0.0803852
      vertex 2.26239 2.26239 -0.0803852
      vertex 2.88157 1.63276 -0.123988
    endloop
  endfacet
  facet normal -0.384495 -0.0252012 -0.922783
    outer loop
      vertex 0.059886 6.08632 -1
      vertex 0 7 -1
      vertex 0.427108 6.13466 -1.15433
    endloop
  endfacet
  facet normal -0.292145 -0.33312 0.896483
    outer loop
      vertex 2.31216 2.31216 -0.0456724
      vertex 2.26239 2.26239 -0.0803852
      vertex 2.9213 1.68453 -0.0803852
    endloop
  endfacet
  facet normal 0.108654 0.162753 -0.980666
    outer loop
      vertex 49.9437 143.409 -1.19487
      vertex 49.2776 143.946 -1.17955
      vertex 49.9906 143.47 -1.17955
    endloop
  endfacet
  facet normal -0.315776 -0.0628123 -0.946753
    outer loop
      vertex 0.596289 5.28413 -1.15433
      vertex 0.500791 6.14436 -1.17955
      vertex 0.668076 5.30337 -1.17955
    endloop
  endfacet
  facet normal 0.384608 0 -0.92308
    outer loop
      vertex 52.6296 7 -1.15433
      vertex 53 138.269 -1
      vertex 53 7 -1
    endloop
  endfacet
  facet normal 0.384608 0 -0.92308
    outer loop
      vertex 53 138.269 -1
      vertex 52.6296 7 -1.15433
      vertex 52.6296 138.269 -1.15433
    endloop
  endfacet
  facet normal 0.0545473 0.0364268 -0.997847
    outer loop
      vertex 51.5426 141.469 -1.2
      vertex 51.1396 142.213 -1.19487
      vertex 51.6104 141.508 -1.19487
    endloop
  endfacet
  facet normal -0.0432181 -0.0492808 0.997849
    outer loop
      vertex 2.47452 2.47452 0
      vertex 2.41914 2.41914 -0.00513363
      vertex 3.05625 1.86041 -0.00513363
    endloop
  endfacet
  facet normal -0.178938 -0.2678 0.946712
    outer loop
      vertex 3.72235 1.32295 -0.0204449
      vertex 2.96415 1.74038 -0.0456724
      vertex 3.6852 1.25859 -0.0456724
    endloop
  endfacet
  facet normal 0.0653765 -0.00428323 -0.997851
    outer loop
      vertex 52.4229 6.15441 -1.19487
      vertex 52.4 7 -1.2
      vertex 52.4783 7 -1.19487
    endloop
  endfacet
  facet normal -0.0289691 -0.0587433 -0.997853
    outer loop
      vertex 4.55083 1.08717 -1.2
      vertex 3.76084 1.38961 -1.19487
      vertex 3.8 1.45744 -1.2
    endloop
  endfacet
  facet normal 0.384486 0.0251736 -0.922787
    outer loop
      vertex 52.6296 138.269 -1.15433
      vertex 52.5729 139.135 -1.15433
      vertex 53 138.269 -1
    endloop
  endfacet
  facet normal 0.345578 -0.170428 -0.922784
    outer loop
      vertex 52.4672 4.32122 -1
      vertex 52.0622 3.5 -1
      vertex 52.125 4.46296 -1.15433
    endloop
  endfacet
  facet normal -0.18512 -0.0628395 0.980705
    outer loop
      vertex 0.742428 5.32329 -0.00513363
      vertex 0.668076 5.30337 -0.0204449
      vertex 0.943701 4.4914 -0.0204449
    endloop
  endfacet
  facet normal -0.24214 -0.212351 0.946718
    outer loop
      vertex 1.79934 3.00939 -0.0204449
      vertex 1.74038 2.96415 -0.0456724
      vertex 2.31216 2.31216 -0.0456724
    endloop
  endfacet
  facet normal -0.384515 0.0251938 -0.922775
    outer loop
      vertex 0.427108 139.135 -1.15433
      vertex 0 138.269 -1
      vertex 0.059886 139.183 -1
    endloop
  endfacet
  facet normal 0 -0.321353 -0.946959
    outer loop
      vertex 7 0.370391 -1.15433
      vertex 46 0.444709 -1.17955
      vertex 46 0.370391 -1.15433
    endloop
  endfacet
  facet normal -0 -0.321353 -0.946959
    outer loop
      vertex 46 0.444709 -1.17955
      vertex 7 0.370391 -1.15433
      vertex 7 0.444709 -1.17955
    endloop
  endfacet
  facet normal -0.212199 -0.625116 0.751133
    outer loop
      vertex 4.41105 0.749718 -0.123988
      vertex 4.38847 0.695203 -0.175736
      vertex 5.23375 0.408268 -0.175736
    endloop
  endfacet
  facet normal 0.879702 0.433729 0.194946
    outer loop
      vertex 52.4624 140.946 -0.521685
      vertex 52.0445 141.759 -0.444709
      vertex 52.4483 140.94 -0.444709
    endloop
  endfacet
  facet normal 0.0619877 -0.0210423 -0.997855
    outer loop
      vertex 52.2576 5.32329 -1.19487
      vertex 51.9128 4.55083 -1.2
      vertex 52.1819 5.34356 -1.2
    endloop
  endfacet
  facet normal 0.170494 0.346242 -0.922523
    outer loop
      vertex 49.3148 144.011 -1.15433
      vertex 48.537 144.394 -1.15433
      vertex 49.5 144.331 -1
    endloop
  endfacet
  facet normal 0 0.0648002 -0.997898
    outer loop
      vertex 7 144.669 -1.2
      vertex 46 144.748 -1.19487
      vertex 46 144.669 -1.2
    endloop
  endfacet
  facet normal 0 0.0648002 -0.997898
    outer loop
      vertex 46 144.748 -1.19487
      vertex 7 144.669 -1.2
      vertex 7 144.748 -1.19487
    endloop
  endfacet
  facet normal -0.366772 -0.548908 0.751118
    outer loop
      vertex 2.88157 1.63276 -0.123988
      vertex 2.84565 1.58595 -0.175736
      vertex 3.58787 1.09001 -0.175736
    endloop
  endfacet
  facet normal -0.0864576 -0.175324 0.980707
    outer loop
      vertex 4.52086 1.01482 -0.00513363
      vertex 3.76084 1.38961 -0.00513363
      vertex 4.4914 0.943701 -0.0204449
    endloop
  endfacet
  facet normal -0.246087 -0.499015 0.830919
    outer loop
      vertex 4.43602 0.810008 -0.0803852
      vertex 3.65 1.19763 -0.0803852
      vertex 4.41105 0.749718 -0.123988
    endloop
  endfacet
  facet normal -0.0628297 -0.315866 0.946721
    outer loop
      vertex 6.14436 0.500791 -0.0204449
      vertex 5.28413 0.596289 -0.0456724
      vertex 6.13466 0.427108 -0.0456724
    endloop
  endfacet
  facet normal 0.54829 0.624977 0.555682
    outer loop
      vertex 50.8929 143.162 -0.3
      vertex 50.2124 143.759 -0.3
      vertex 50.8621 143.131 -0.234744
    endloop
  endfacet
  facet normal -0.241891 -0.712593 0.658559
    outer loop
      vertex 4.38847 0.695203 -0.175736
      vertex 4.36866 0.647394 -0.234744
      vertex 5.22036 0.358283 -0.234744
    endloop
  endfacet
  facet normal -0.384616 0 -0.923077
    outer loop
      vertex 0 7 -1
      vertex 0.370391 138.269 -1.15433
      vertex 0.370391 7 -1.15433
    endloop
  endfacet
  facet normal -0.384616 0 -0.923077
    outer loop
      vertex 0.370391 138.269 -1.15433
      vertex 0 7 -1
      vertex 0 138.269 -1
    endloop
  endfacet
  facet normal -0.246139 -0.368373 0.896503
    outer loop
      vertex 3.6852 1.25859 -0.0456724
      vertex 2.96415 1.74038 -0.0456724
      vertex 3.65 1.19763 -0.0803852
    endloop
  endfacet
  facet normal 0.10875 -0.162732 -0.980659
    outer loop
      vertex 49.2776 1.32295 -1.17955
      vertex 49.2392 1.38961 -1.19487
      vertex 49.9437 1.86041 -1.19487
    endloop
  endfacet
  facet normal 0.332468 0.291553 0.896918
    outer loop
      vertex 50.7376 143.007 -0.0803852
      vertex 50.6878 142.957 -0.0456724
      vertex 51.3155 142.348 -0.0803852
    endloop
  endfacet
  facet normal -0.746014 -0.498473 0.441575
    outer loop
      vertex 1.5103 2.78761 -0.3
      vertex 1.00744 3.54019 -0.3
      vertex 1.48276 2.76647 -0.370391
    endloop
  endfacet
  facet normal 0.895392 0.0587012 0.441393
    outer loop
      vertex 52.9543 138.269 -0.370391
      vertex 52.8604 139.172 -0.3
      vertex 52.9196 138.269 -0.3
    endloop
  endfacet
  facet normal 0.0382416 0.192622 -0.980528
    outer loop
      vertex 47.6767 144.527 -1.19487
      vertex 46.8456 144.692 -1.19487
      vertex 46.8556 144.768 -1.17955
    endloop
  endfacet
  facet normal 0.0545858 0.0364524 0.997843
    outer loop
      vertex 51.6104 141.508 -0.00513363
      vertex 51.1396 142.213 -0.00513363
      vertex 51.5426 141.469 0
    endloop
  endfacet
  facet normal 0.434381 0.880131 0.191527
    outer loop
      vertex 49.4974 144.327 -0.521685
      vertex 48.6768 144.732 -0.521685
      vertex 49.4898 144.314 -0.444709
    endloop
  endfacet
  facet normal -0.0643247 0.0127961 0.997847
    outer loop
      vertex 0.818075 139.926 0
      vertex 0.577107 139.115 -0.00513363
      vertex 0.654754 139.105 0
    endloop
  endfacet
  facet normal 0.146403 0.128407 -0.980856
    outer loop
      vertex 51.1396 142.213 -1.19487
      vertex 50.5809 142.85 -1.19487
      vertex 50.6353 142.905 -1.17955
    endloop
  endfacet
  facet normal 0.0630093 0.186049 -0.980518
    outer loop
      vertex 48.5086 144.326 -1.17955
      vertex 47.6767 144.527 -1.19487
      vertex 47.6966 144.601 -1.17955
    endloop
  endfacet
  facet normal 0.146872 0.128746 -0.980741
    outer loop
      vertex 51.1396 142.213 -1.19487
      vertex 50.6353 142.905 -1.17955
      vertex 51.2007 142.26 -1.17955
    endloop
  endfacet
  facet normal 0.366313 0.417584 0.831528
    outer loop
      vertex 50.1184 143.637 -0.123988
      vertex 50.0787 143.585 -0.0803852
      vertex 50.7376 143.007 -0.0803852
    endloop
  endfacet
  facet normal -0.170499 0.345721 -0.922717
    outer loop
      vertex 4.46296 144.394 -1.15433
      vertex 3.5 144.331 -1
      vertex 4.32122 144.736 -1
    endloop
  endfacet
  facet normal -0.73871 0.647269 0.188019
    outer loop
      vertex 2.05388 143.215 -0.521685
      vertex 1.46275 142.518 -0.444709
      vertex 2.06471 143.205 -0.444709
    endloop
  endfacet
  facet normal 0.184735 0.0627455 0.980783
    outer loop
      vertex 52.0563 140.778 -0.0204449
      vertex 51.9852 140.748 -0.00513363
      vertex 52.2576 139.946 -0.00513363
    endloop
  endfacet
  facet normal -0.147057 -0.128966 -0.980685
    outer loop
      vertex 2.36471 2.36471 -1.17955
      vertex 1.79934 3.00939 -1.17955
      vertex 1.86041 3.05625 -1.19487
    endloop
  endfacet
  facet normal -0.212293 -0.242074 -0.946748
    outer loop
      vertex 3.00939 1.79934 -1.17955
      vertex 2.31216 2.31216 -1.15433
      vertex 2.36471 2.36471 -1.17955
    endloop
  endfacet
  facet normal -0.0628395 -0.18512 0.980705
    outer loop
      vertex 5.32329 0.742428 -0.00513363
      vertex 4.4914 0.943701 -0.0204449
      vertex 5.30337 0.668076 -0.0204449
    endloop
  endfacet
  facet normal -0.0544978 -0.0364149 0.99785
    outer loop
      vertex 1.45744 3.8 0
      vertex 1.38961 3.76084 -0.00513363
      vertex 1.86041 3.05625 -0.00513363
    endloop
  endfacet
  facet normal -0.128895 -0.146976 0.980706
    outer loop
      vertex 3.05625 1.86041 -0.00513363
      vertex 2.36471 2.36471 -0.0204449
      vertex 3.00939 1.79934 -0.0204449
    endloop
  endfacet
  facet normal -0.555573 -0.831468 0
    outer loop
      vertex 2.73867 1.44653 -1
      vertex 3.5 0.937822 -0.6
      vertex 2.73867 1.44653 -0.6
    endloop
  endfacet
  facet normal -0.555573 -0.831468 -0
    outer loop
      vertex 3.5 0.937822 -0.6
      vertex 2.73867 1.44653 -1
      vertex 3.5 0.937822 -1
    endloop
  endfacet
  facet normal -0.0620742 -0.0210716 0.997849
    outer loop
      vertex 1.08717 4.55083 0
      vertex 0.742428 5.32329 -0.00513363
      vertex 1.01482 4.52086 -0.00513363
    endloop
  endfacet
  facet normal 0.174951 0.0862923 0.980788
    outer loop
      vertex 51.677 141.547 -0.0204449
      vertex 51.6104 141.508 -0.00513363
      vertex 52.0563 140.778 -0.0204449
    endloop
  endfacet
  facet normal 0.690631 0.461246 0.557029
    outer loop
      vertex 51.4897 142.482 -0.3
      vertex 51.4551 142.455 -0.234744
      vertex 51.9926 141.729 -0.3
    endloop
  endfacet
  facet normal 0.829634 0.554872 0.0618412
    outer loop
      vertex 52.0622 141.769 -0.6
      vertex 51.5494 142.527 -0.521685
      vertex 52.0577 141.767 -0.521685
    endloop
  endfacet
  facet normal -0.41843 0.625837 0.658213
    outer loop
      vertex 3.56199 144.224 -0.234744
      vertex 2.81415 143.724 -0.234744
      vertex 2.84565 143.683 -0.175736
    endloop
  endfacet
  facet normal -0.738097 -0.146817 0.658527
    outer loop
      vertex 0.234118 6.10925 -0.175736
      vertex 0.182814 6.1025 -0.234744
      vertex 0.358283 5.22036 -0.234744
    endloop
  endfacet
  facet normal -0.108425 0.543968 0.832071
    outer loop
      vertex 6.11696 144.977 -0.123988
      vertex 5.24902 144.804 -0.123988
      vertex 6.12547 144.912 -0.0803852
    endloop
  endfacet
  facet normal -0.0748797 0.377785 -0.92286
    outer loop
      vertex 5.28413 144.673 -1.15433
      vertex 5.18827 145.031 -1
      vertex 6.08632 145.209 -1
    endloop
  endfacet
  facet normal -0.997859 -0.0654034 0
    outer loop
      vertex 0.059886 6.08632 -1
      vertex 0 7 -0.6
      vertex 0 7 -1
    endloop
  endfacet
  facet normal -0.997859 -0.0654034 0
    outer loop
      vertex 0 7 -0.6
      vertex 0.059886 6.08632 -1
      vertex 0.059886 6.08632 -0.6
    endloop
  endfacet
  facet normal -0.315955 0.0628472 -0.94669
    outer loop
      vertex 0.668076 139.966 -1.17955
      vertex 0.500791 139.125 -1.17955
      vertex 0.596289 139.985 -1.15433
    endloop
  endfacet
  facet normal 0.315489 0.0628008 -0.946849
    outer loop
      vertex 52.4992 139.125 -1.17955
      vertex 52.4037 139.985 -1.15433
      vertex 52.5729 139.135 -1.15433
    endloop
  endfacet
  facet normal 0.0652625 -0.995731 0.0652712
    outer loop
      vertex 46 0.00513363 -0.521685
      vertex 46 0 -0.6
      vertex 46.9137 0.059886 -0.6
    endloop
  endfacet
  facet normal 0.803213 0.395968 0.445038
    outer loop
      vertex 52.425 140.931 -0.370391
      vertex 51.9926 141.729 -0.3
      vertex 52.3929 140.917 -0.3
    endloop
  endfacet
  facet normal 0.749857 0.658087 0.0680819
    outer loop
      vertex 50.9497 143.219 -0.6
      vertex 50.9461 143.215 -0.521685
      vertex 51.5535 142.531 -0.6
    endloop
  endfacet
  facet normal 1 -0 0
    outer loop
      vertex 53 7 -0.6
      vertex 53 138.269 -1
      vertex 53 138.269 -0.6
    endloop
  endfacet
  facet normal 1 0 0
    outer loop
      vertex 53 138.269 -1
      vertex 53 7 -0.6
      vertex 53 7 -1
    endloop
  endfacet
  facet normal 0.815033 0.545107 0.196416
    outer loop
      vertex 52.0577 141.767 -0.521685
      vertex 51.5494 142.527 -0.521685
      vertex 52.0445 141.759 -0.444709
    endloop
  endfacet
  facet normal 0 0.195136 -0.980776
    outer loop
      vertex 7 144.748 -1.19487
      vertex 46 144.825 -1.17955
      vertex 46 144.748 -1.19487
    endloop
  endfacet
  facet normal 0 0.195136 -0.980776
    outer loop
      vertex 46 144.825 -1.17955
      vertex 7 144.748 -1.19487
      vertex 7 144.825 -1.17955
    endloop
  endfacet
  facet normal -0.00426071 0.0659124 -0.997816
    outer loop
      vertex 6.16463 144.615 -1.2
      vertex 6.15441 144.692 -1.19487
      vertex 7 144.669 -1.2
    endloop
  endfacet
  facet normal 0.00429137 0.0647996 -0.997889
    outer loop
      vertex 46.8456 144.692 -1.19487
      vertex 46 144.669 -1.2
      vertex 46 144.748 -1.19487
    endloop
  endfacet
  facet normal -0.0540828 0.827917 0.558237
    outer loop
      vertex 7 145.189 -0.3
      vertex 6.09681 145.13 -0.3
      vertex 7 145.145 -0.234744
    endloop
  endfacet
  facet normal -0.0212443 0.322518 -0.946325
    outer loop
      vertex 7 144.825 -1.17955
      vertex 6.13466 144.842 -1.15433
      vertex 7 144.899 -1.15433
    endloop
  endfacet
  facet normal -0.254061 0.28957 -0.922823
    outer loop
      vertex 2.96415 143.529 -1.15433
      vertex 2.05025 143.219 -1
      vertex 2.73867 143.823 -1
    endloop
  endfacet
  facet normal 0 1 -0
    outer loop
      vertex 46 145.269 -1
      vertex 7 145.269 -0.6
      vertex 46 145.269 -0.6
    endloop
  endfacet
  facet normal 0 1 0
    outer loop
      vertex 7 145.269 -0.6
      vertex 46 145.269 -1
      vertex 7 145.269 -1
    endloop
  endfacet
  facet normal -0.0382361 0.192598 -0.980532
    outer loop
      vertex 6.15441 144.692 -1.19487
      vertex 5.32329 144.527 -1.19487
      vertex 6.14436 144.768 -1.17955
    endloop
  endfacet
  facet normal -0.195179 0.0127863 -0.980684
    outer loop
      vertex 0.521685 138.269 -1.19487
      vertex 0.444709 138.269 -1.17955
      vertex 0.577107 139.115 -1.19487
    endloop
  endfacet
  facet normal -0.0586833 -0.895328 0.441526
    outer loop
      vertex 6.09681 0.139584 -0.3
      vertex 6.09228 0.105168 -0.370391
      vertex 7 0.0456724 -0.370391
    endloop
  endfacet
  facet normal -0.418275 -0.366818 0.830957
    outer loop
      vertex 2.26239 2.26239 -0.0803852
      vertex 1.63276 2.88157 -0.123988
      vertex 2.21624 2.21624 -0.123988
    endloop
  endfacet
  facet normal -0.012786 -0.195075 0.980705
    outer loop
      vertex 6.15441 0.577107 -0.00513363
      vertex 6.14436 0.500791 -0.0204449
      vertex 7 0.444709 -0.0204449
    endloop
  endfacet
  facet normal -0.32144 -0.94693 0
    outer loop
      vertex 4.32122 0.532844 -1
      vertex 5.18827 0.23852 -0.6
      vertex 4.32122 0.532844 -0.6
    endloop
  endfacet
  facet normal -0.32144 -0.94693 -0
    outer loop
      vertex 5.18827 0.23852 -0.6
      vertex 4.32122 0.532844 -1
      vertex 5.18827 0.23852 -1
    endloop
  endfacet
  facet normal -0.212351 -0.24214 0.946718
    outer loop
      vertex 3.00939 1.79934 -0.0204449
      vertex 2.31216 2.31216 -0.0456724
      vertex 2.96415 1.74038 -0.0456724
    endloop
  endfacet
  facet normal -0.292113 -0.333091 0.896504
    outer loop
      vertex 2.96415 1.74038 -0.0456724
      vertex 2.31216 2.31216 -0.0456724
      vertex 2.9213 1.68453 -0.0803852
    endloop
  endfacet
  facet normal -0.21235 -0.242138 0.946719
    outer loop
      vertex 2.36471 2.36471 -0.0204449
      vertex 2.31216 2.31216 -0.0456724
      vertex 3.00939 1.79934 -0.0204449
    endloop
  endfacet
  facet normal -0.333091 -0.292113 0.896504
    outer loop
      vertex 1.74038 2.96415 -0.0456724
      vertex 1.68453 2.9213 -0.0803852
      vertex 2.31216 2.31216 -0.0456724
    endloop
  endfacet
  facet normal -0.33312 -0.292145 0.896483
    outer loop
      vertex 2.31216 2.31216 -0.0456724
      vertex 1.68453 2.9213 -0.0803852
      vertex 2.26239 2.26239 -0.0803852
    endloop
  endfacet
  facet normal -0.674623 -0.591619 0.441442
    outer loop
      vertex 2.10709 2.10709 -0.3
      vertex 1.5103 2.78761 -0.3
      vertex 2.08255 2.08255 -0.370391
    endloop
  endfacet
  facet normal -0.246135 -0.368368 0.896506
    outer loop
      vertex 2.96415 1.74038 -0.0456724
      vertex 2.9213 1.68453 -0.0803852
      vertex 3.65 1.19763 -0.0803852
    endloop
  endfacet
  facet normal -0.30911 -0.462618 0.830925
    outer loop
      vertex 2.9213 1.68453 -0.0803852
      vertex 2.88157 1.63276 -0.123988
      vertex 3.65 1.19763 -0.0803852
    endloop
  endfacet
  facet normal 0.146811 -0.738036 0.658597
    outer loop
      vertex 47.7796 0.358283 -0.234744
      vertex 46.8907 0.234118 -0.175736
      vertex 46.8975 0.182814 -0.234744
    endloop
  endfacet
  facet normal 0.75097 -0.0492 0.658501
    outer loop
      vertex 52.876 7 -0.234744
      vertex 52.7659 6.10925 -0.175736
      vertex 52.8172 6.1025 -0.234744
    endloop
  endfacet
  facet normal 0.364872 -0.123847 -0.922784
    outer loop
      vertex 52.4672 4.32122 -1
      vertex 52.125 4.46296 -1.15433
      vertex 52.7615 5.18827 -1
    endloop
  endfacet
  facet normal 0.0653764 0.00428544 0.997851
    outer loop
      vertex 52.4229 139.115 -0.00513363
      vertex 52.3452 139.105 0
      vertex 52.4 138.269 0
    endloop
  endfacet
  facet normal 0.944815 0.320866 0.0661028
    outer loop
      vertex 52.4672 140.948 -0.6
      vertex 52.4624 140.946 -0.521685
      vertex 52.7565 140.08 -0.521685
    endloop
  endfacet
  facet normal 0.0543943 0.0363489 0.997858
    outer loop
      vertex 51.1396 142.213 -0.00513363
      vertex 51.0775 142.165 0
      vertex 51.5426 141.469 0
    endloop
  endfacet
  facet normal 0.0363536 0.0543761 0.997859
    outer loop
      vertex 49.2392 143.88 -0.00513363
      vertex 49.2 143.812 0
      vertex 49.9437 143.409 -0.00513363
    endloop
  endfacet
  facet normal 0.623705 0.211673 0.752454
    outer loop
      vertex 52.5917 140.036 -0.175736
      vertex 52.2503 140.858 -0.123988
      vertex 52.5347 140.02 -0.123988
    endloop
  endfacet
  facet normal 0.545743 0.10864 0.83088
    outer loop
      vertex 52.5347 140.02 -0.123988
      vertex 52.4717 140.003 -0.0803852
      vertex 52.6427 139.144 -0.0803852
    endloop
  endfacet
  facet normal 0.46223 0.308724 0.831284
    outer loop
      vertex 51.3672 142.388 -0.123988
      vertex 51.3155 142.348 -0.0803852
      vertex 51.8024 141.619 -0.0803852
    endloop
  endfacet
  facet normal 0.526024 0.787584 0.320951
    outer loop
      vertex 50.2489 143.807 -0.444709
      vertex 49.4898 144.314 -0.444709
      vertex 50.2335 143.787 -0.370391
    endloop
  endfacet
  facet normal -0.321368 0.0210473 0.946721
    outer loop
      vertex 0.427108 139.135 -0.0456724
      vertex 0.370391 138.269 -0.0456724
      vertex 0.444709 138.269 -0.0204449
    endloop
  endfacet
  facet normal -0.442104 -0.0289772 0.896496
    outer loop
      vertex 0.427108 6.13466 -0.0456724
      vertex 0.3 7 -0.0803852
      vertex 0.35732 6.12547 -0.0803852
    endloop
  endfacet
  facet normal -0.441592 0.895417 0.0567859
    outer loop
      vertex 4.32122 144.736 -0.6
      vertex 3.5 144.331 -0.6
      vertex 4.32318 144.732 -0.521685
    endloop
  endfacet
  facet normal -0.962017 -0.191356 0.194693
    outer loop
      vertex 0.0801563 6.08899 -0.444709
      vertex 0.0649757 6.08699 -0.521685
      vertex 0.258267 5.19356 -0.444709
    endloop
  endfacet
  facet normal -0.0654107 0 0.997858
    outer loop
      vertex 0.521685 138.269 -0.00513363
      vertex 0.6 7 0
      vertex 0.6 138.269 0
    endloop
  endfacet
  facet normal -0.0654107 0 0.997858
    outer loop
      vertex 0.6 7 0
      vertex 0.521685 138.269 -0.00513363
      vertex 0.521685 7 -0.00513363
    endloop
  endfacet
  facet normal 0.268401 0.179298 0.946474
    outer loop
      vertex 51.2596 142.305 -0.0456724
      vertex 51.2007 142.26 -0.0204449
      vertex 51.677 141.547 -0.0204449
    endloop
  endfacet
  facet normal -0.191738 -0.0381394 0.980705
    outer loop
      vertex 0.742428 5.32329 -0.00513363
      vertex 0.500791 6.14436 -0.0204449
      vertex 0.668076 5.30337 -0.0204449
    endloop
  endfacet
  facet normal -0.0587846 -0.0289895 0.99785
    outer loop
      vertex 1.45744 3.8 0
      vertex 1.08717 4.55083 0
      vertex 1.38961 3.76084 -0.00513363
    endloop
  endfacet
  facet normal -0.321279 -0.0210579 -0.94675
    outer loop
      vertex 0.500791 6.14436 -1.17955
      vertex 0.427108 6.13466 -1.15433
      vertex 0.444709 7 -1.17955
    endloop
  endfacet
  facet normal -0.0127925 -0.195179 -0.980684
    outer loop
      vertex 7 0.444709 -1.17955
      vertex 6.15441 0.577107 -1.19487
      vertex 7 0.521685 -1.19487
    endloop
  endfacet
  facet normal -0.316039 0.0628639 0.946661
    outer loop
      vertex 0.596289 139.985 -0.0456724
      vertex 0.500791 139.125 -0.0204449
      vertex 0.668076 139.966 -0.0204449
    endloop
  endfacet
  facet normal -0.896874 0 0.442287
    outer loop
      vertex 0.0456724 7 -0.370391
      vertex 0.0803852 138.269 -0.3
      vertex 0.0456724 138.269 -0.370391
    endloop
  endfacet
  facet normal -0.896874 0 0.442287
    outer loop
      vertex 0.0803852 138.269 -0.3
      vertex 0.0456724 7 -0.370391
      vertex 0.0803852 7 -0.3
    endloop
  endfacet
  facet normal 0.384486 -0.0251928 -0.922787
    outer loop
      vertex 53 7 -1
      vertex 52.5729 6.13466 -1.15433
      vertex 52.6296 7 -1.15433
    endloop
  endfacet
  facet normal -0.194675 -0.978694 0.0652709
    outer loop
      vertex 6.08699 0.0649757 -0.521685
      vertex 5.1896 0.243478 -0.521685
      vertex 6.08632 0.059886 -0.6
    endloop
  endfacet
  facet normal 0.315905 0.0628428 -0.946707
    outer loop
      vertex 52.4992 139.125 -1.17955
      vertex 52.3319 139.966 -1.17955
      vertex 52.4037 139.985 -1.15433
    endloop
  endfacet
  facet normal 0.288639 -0.142358 -0.946795
    outer loop
      vertex 52.125 4.46296 -1.15433
      vertex 51.677 3.72235 -1.17955
      vertex 52.0563 4.4914 -1.17955
    endloop
  endfacet
  facet normal 0.624947 0.548483 0.555525
    outer loop
      vertex 50.8929 143.162 -0.3
      vertex 50.8621 143.131 -0.234744
      vertex 51.4897 142.482 -0.3
    endloop
  endfacet
  facet normal -0.0129149 0.195013 0.980716
    outer loop
      vertex 7 144.825 -0.0204449
      vertex 6.15441 144.692 -0.00513363
      vertex 7 144.748 -0.00513363
    endloop
  endfacet
  facet normal 0.364799 0.12383 -0.922815
    outer loop
      vertex 52.7615 140.081 -1
      vertex 52.125 140.806 -1.15433
      vertex 52.4672 140.948 -1
    endloop
  endfacet
  facet normal 0.162188 0.10831 -0.980798
    outer loop
      vertex 51.6104 141.508 -1.19487
      vertex 51.1396 142.213 -1.19487
      vertex 51.677 141.547 -1.17955
    endloop
  endfacet
  facet normal 0.254091 0.289584 -0.92281
    outer loop
      vertex 50.6878 142.957 -1.15433
      vertex 50.0359 143.529 -1.15433
      vertex 50.9497 143.219 -1
    endloop
  endfacet
  facet normal 0.043346 0.0494098 -0.997838
    outer loop
      vertex 50.5255 142.795 -1.2
      vertex 49.9437 143.409 -1.19487
      vertex 50.5809 142.85 -1.19487
    endloop
  endfacet
  facet normal -0.178713 0.267679 -0.946789
    outer loop
      vertex 3.00939 143.47 -1.17955
      vertex 2.96415 143.529 -1.15433
      vertex 3.72235 143.946 -1.17955
    endloop
  endfacet
  facet normal 0.104389 0.307218 -0.945896
    outer loop
      vertex 48.5086 144.326 -1.17955
      vertex 47.7159 144.673 -1.15433
      vertex 48.537 144.394 -1.15433
    endloop
  endfacet
  facet normal -0.00428718 -0.0654085 0.997849
    outer loop
      vertex 6.16463 0.654754 0
      vertex 6.15441 0.577107 -0.00513363
      vertex 7 0.6 0
    endloop
  endfacet
  facet normal -0.0493999 0.04333 -0.997839
    outer loop
      vertex 2.47452 142.795 -1.2
      vertex 1.86041 142.213 -1.19487
      vertex 2.41914 142.85 -1.19487
    endloop
  endfacet
  facet normal -0.123897 0.36466 -0.922861
    outer loop
      vertex 5.28413 144.673 -1.15433
      vertex 4.46296 144.394 -1.15433
      vertex 5.18827 145.031 -1
    endloop
  endfacet
  facet normal -0.0130521 0.195928 -0.980531
    outer loop
      vertex 6.15441 144.692 -1.19487
      vertex 6.14436 144.768 -1.17955
      vertex 7 144.825 -1.17955
    endloop
  endfacet
  facet normal 0 0.322591 -0.946539
    outer loop
      vertex 7 144.825 -1.17955
      vertex 46 144.899 -1.15433
      vertex 46 144.825 -1.17955
    endloop
  endfacet
  facet normal 0 0.322591 -0.946539
    outer loop
      vertex 46 144.899 -1.15433
      vertex 7 144.825 -1.17955
      vertex 7 144.899 -1.15433
    endloop
  endfacet
  facet normal -0.0290378 0.0590088 -0.997835
    outer loop
      vertex 4.55083 144.182 -1.2
      vertex 3.76084 143.88 -1.19487
      vertex 4.52086 144.254 -1.19487
    endloop
  endfacet
  facet normal -0.712823 0.625064 0.318086
    outer loop
      vertex 2.08255 143.187 -0.370391
      vertex 1.46275 142.518 -0.444709
      vertex 1.48276 142.503 -0.370391
    endloop
  endfacet
  facet normal -0.195182 -0.012793 -0.980684
    outer loop
      vertex 0.500791 6.14436 -1.17955
      vertex 0.444709 7 -1.17955
      vertex 0.577107 6.15441 -1.19487
    endloop
  endfacet
  facet normal 0.0587178 -0.0289564 -0.997855
    outer loop
      vertex 51.9852 4.52086 -1.19487
      vertex 51.6104 3.76084 -1.19487
      vertex 51.9128 4.55083 -1.2
    endloop
  endfacet
  facet normal -0.384494 -0.0252009 -0.922783
    outer loop
      vertex 0.427108 6.13466 -1.15433
      vertex 0 7 -1
      vertex 0.370391 7 -1.15433
    endloop
  endfacet
  facet normal -0.831468 -0.555573 0
    outer loop
      vertex 1.44653 2.73867 -1
      vertex 0.937822 3.5 -0.6
      vertex 0.937822 3.5 -1
    endloop
  endfacet
  facet normal -0.831468 -0.555573 0
    outer loop
      vertex 0.937822 3.5 -0.6
      vertex 1.44653 2.73867 -1
      vertex 1.44653 2.73867 -0.6
    endloop
  endfacet
  facet normal -0.737456 -0.646721 0.194704
    outer loop
      vertex 1.46275 2.75112 -0.444709
      vertex 1.4506 2.7418 -0.521685
      vertex 2.05388 2.05388 -0.521685
    endloop
  endfacet
  facet normal 0.0127807 -0.0642474 -0.997852
    outer loop
      vertex 46.8456 0.577107 -1.19487
      vertex 46.8354 0.654754 -1.2
      vertex 47.6564 0.818075 -1.2
    endloop
  endfacet
  facet normal -0.624518 -0.712117 0.320727
    outer loop
      vertex 2.76647 1.48276 -0.370391
      vertex 2.08255 2.08255 -0.370391
      vertex 2.75112 1.46275 -0.444709
    endloop
  endfacet
  facet normal -0.54861 -0.625558 0.55471
    outer loop
      vertex 2.81415 1.54489 -0.234744
      vertex 2.13793 2.13793 -0.234744
      vertex 2.78761 1.5103 -0.3
    endloop
  endfacet
  facet normal 0.0587592 -0.0289768 0.997852
    outer loop
      vertex 51.9128 4.55083 0
      vertex 51.6104 3.76084 -0.00513363
      vertex 51.9852 4.52086 -0.00513363
    endloop
  endfacet
  facet normal -0.04922 -0.750942 0.658531
    outer loop
      vertex 6.10925 0.234118 -0.175736
      vertex 6.1025 0.182814 -0.234744
      vertex 7 0.123988 -0.234744
    endloop
  endfacet
  facet normal -0.397351 -0.195953 0.896501
    outer loop
      vertex 1.25859 3.6852 -0.0456724
      vertex 0.875039 4.46296 -0.0456724
      vertex 1.19763 3.65 -0.0803852
    endloop
  endfacet
  facet normal -0.2678 -0.178938 0.946712
    outer loop
      vertex 1.32295 3.72235 -0.0204449
      vertex 1.25859 3.6852 -0.0456724
      vertex 1.74038 2.96415 -0.0456724
    endloop
  endfacet
  facet normal -0.435281 -0.496338 0.751118
    outer loop
      vertex 2.88157 1.63276 -0.123988
      vertex 2.17452 2.17452 -0.175736
      vertex 2.84565 1.58595 -0.175736
    endloop
  endfacet
  facet normal -0.367997 -0.746223 0.554734
    outer loop
      vertex 3.56199 1.0452 -0.234744
      vertex 3.54019 1.00744 -0.3
      vertex 4.36866 0.647394 -0.234744
    endloop
  endfacet
  facet normal -0.0289927 -0.058793 0.997849
    outer loop
      vertex 4.55083 1.08717 0
      vertex 3.76084 1.38961 -0.00513363
      vertex 4.52086 1.01482 -0.00513363
    endloop
  endfacet
  facet normal 0.658622 0.0431871 0.751234
    outer loop
      vertex 52.7659 139.16 -0.175736
      vertex 52.7074 139.152 -0.123988
      vertex 52.7653 138.269 -0.123988
    endloop
  endfacet
  facet normal -0.178847 -0.526864 0.83092
    outer loop
      vertex 4.43602 0.810008 -0.0803852
      vertex 4.41105 0.749718 -0.123988
      vertex 5.26591 0.528297 -0.0803852
    endloop
  endfacet
  facet normal -0.00428713 -0.0654101 0.997849
    outer loop
      vertex 7 0.6 0
      vertex 6.15441 0.577107 -0.00513363
      vertex 7 0.521685 -0.00513363
    endloop
  endfacet
  facet normal -0.0289766 -0.442101 0.896497
    outer loop
      vertex 7 0.370391 -0.0456724
      vertex 6.13466 0.427108 -0.0456724
      vertex 7 0.3 -0.0803852
    endloop
  endfacet
  facet normal -0.103521 -0.304962 0.946722
    outer loop
      vertex 4.4914 0.943701 -0.0204449
      vertex 4.46296 0.875039 -0.0456724
      vertex 5.28413 0.596289 -0.0456724
    endloop
  endfacet
  facet normal 0.191965 -0.038188 -0.980659
    outer loop
      vertex 52.3319 5.30337 -1.17955
      vertex 52.2576 5.32329 -1.19487
      vertex 52.4992 6.14436 -1.17955
    endloop
  endfacet
  facet normal 0.377894 -0.0751538 -0.922794
    outer loop
      vertex 52.7615 5.18827 -1
      vertex 52.4037 5.28413 -1.15433
      vertex 52.9401 6.08632 -1
    endloop
  endfacet
  facet normal -0.05453 0.0364152 -0.997848
    outer loop
      vertex 1.45744 141.469 -1.2
      vertex 1.38961 141.508 -1.19487
      vertex 1.86041 142.213 -1.19487
    endloop
  endfacet
  facet normal 0.0493916 0.0433204 -0.99784
    outer loop
      vertex 51.1396 142.213 -1.19487
      vertex 50.5255 142.795 -1.2
      vertex 50.5809 142.85 -1.19487
    endloop
  endfacet
  facet normal 0.321423 0 -0.946936
    outer loop
      vertex 52.5553 7 -1.17955
      vertex 52.6296 138.269 -1.15433
      vertex 52.6296 7 -1.15433
    endloop
  endfacet
  facet normal 0.321423 0 -0.946936
    outer loop
      vertex 52.6296 138.269 -1.15433
      vertex 52.5553 7 -1.17955
      vertex 52.5553 138.269 -1.17955
    endloop
  endfacet
  facet normal 0.195113 -0.0127926 0.980697
    outer loop
      vertex 52.5553 7 -0.0204449
      vertex 52.4229 6.15441 -0.00513363
      vertex 52.4992 6.14436 -0.0204449
    endloop
  endfacet
  facet normal 0.304831 -0.103466 -0.94677
    outer loop
      vertex 52.4037 5.28413 -1.15433
      vertex 52.0563 4.4914 -1.17955
      vertex 52.3319 5.30337 -1.17955
    endloop
  endfacet
  facet normal 0.945157 -0.061954 0.320686
    outer loop
      vertex 52.9543 7 -0.370391
      vertex 52.8948 6.09228 -0.370391
      vertex 52.9198 6.08899 -0.444709
    endloop
  endfacet
  facet normal 0.419839 0.14252 0.896339
    outer loop
      vertex 52.4717 140.003 -0.0803852
      vertex 52.125 140.806 -0.0456724
      vertex 52.4037 139.985 -0.0456724
    endloop
  endfacet
  facet normal 0.0620249 0.0210668 0.997852
    outer loop
      vertex 51.9852 140.748 -0.00513363
      vertex 51.9128 140.718 0
      vertex 52.2576 139.946 -0.00513363
    endloop
  endfacet
  facet normal 0.417762 0.36635 0.831422
    outer loop
      vertex 51.3672 142.388 -0.123988
      vertex 50.7376 143.007 -0.0803852
      vertex 51.3155 142.348 -0.0803852
    endloop
  endfacet
  facet normal 0.0492955 -0.0432327 0.997848
    outer loop
      vertex 51.0775 3.10393 0
      vertex 50.5255 2.47452 0
      vertex 51.1396 3.05625 -0.00513363
    endloop
  endfacet
  facet normal 0.442056 -0.028965 0.89652
    outer loop
      vertex 52.6296 7 -0.0456724
      vertex 52.5729 6.13466 -0.0456724
      vertex 52.7 7 -0.0803852
    endloop
  endfacet
  facet normal 0.995718 -0.0653263 0.0654017
    outer loop
      vertex 52.9949 7 -0.521685
      vertex 52.935 6.08699 -0.521685
      vertex 52.9401 6.08632 -0.6
    endloop
  endfacet
  facet normal 0.526768 0.178784 0.830995
    outer loop
      vertex 52.2503 140.858 -0.123988
      vertex 52.19 140.833 -0.0803852
      vertex 52.4717 140.003 -0.0803852
    endloop
  endfacet
  facet normal 0.896521 0.304444 0.321814
    outer loop
      vertex 52.7417 140.076 -0.444709
      vertex 52.4483 140.94 -0.444709
      vertex 52.7174 140.069 -0.370391
    endloop
  endfacet
  facet normal 0.738475 0.146852 0.658095
    outer loop
      vertex 52.6417 140.049 -0.234744
      vertex 52.5917 140.036 -0.175736
      vertex 52.7659 139.16 -0.175736
    endloop
  endfacet
  facet normal 0.8484 0.287981 0.444167
    outer loop
      vertex 52.425 140.931 -0.370391
      vertex 52.3929 140.917 -0.3
      vertex 52.6838 140.06 -0.3
    endloop
  endfacet
  facet normal -0.377917 -0.0751727 -0.922783
    outer loop
      vertex 0.23852 5.18827 -1
      vertex 0.059886 6.08632 -1
      vertex 0.596289 5.28413 -1.15433
    endloop
  endfacet
  facet normal -0.945112 -0.0619464 0.32082
    outer loop
      vertex 0.105168 6.09228 -0.370391
      vertex 0.0456724 7 -0.370391
      vertex 0.0801563 6.08899 -0.444709
    endloop
  endfacet
  facet normal -0.315866 -0.0628297 0.946721
    outer loop
      vertex 0.500791 6.14436 -0.0204449
      vertex 0.427108 6.13466 -0.0456724
      vertex 0.596289 5.28413 -0.0456724
    endloop
  endfacet
  facet normal -0.321364 -0.0210635 0.946721
    outer loop
      vertex 0.444709 7 -0.0204449
      vertex 0.427108 6.13466 -0.0456724
      vertex 0.500791 6.14436 -0.0204449
    endloop
  endfacet
  facet normal -0.0654101 0.00428505 0.997849
    outer loop
      vertex 0.577107 139.115 -0.00513363
      vertex 0.521685 138.269 -0.00513363
      vertex 0.6 138.269 0
    endloop
  endfacet
  facet normal -0.0620625 0.021079 0.99785
    outer loop
      vertex 1.01482 140.748 -0.00513363
      vertex 0.742428 139.946 -0.00513363
      vertex 1.08717 140.718 0
    endloop
  endfacet
  facet normal -0.0854604 0.173667 0.981089
    outer loop
      vertex 4.4914 144.326 -0.0204449
      vertex 3.76084 143.88 -0.00513363
      vertex 4.52086 144.254 -0.00513363
    endloop
  endfacet
  facet normal -0.268065 0.179128 0.946602
    outer loop
      vertex 1.74038 142.305 -0.0456724
      vertex 1.25859 141.584 -0.0456724
      vertex 1.32295 141.547 -0.0204449
    endloop
  endfacet
  facet normal -0.788397 0.267528 0.553949
    outer loop
      vertex 0.647394 140.901 -0.234744
      vertex 0.316165 140.06 -0.3
      vertex 0.358283 140.049 -0.234744
    endloop
  endfacet
  facet normal -0.2894 0.253948 -0.922908
    outer loop
      vertex 1.74038 142.305 -1.15433
      vertex 1.44653 142.531 -1
      vertex 2.05025 143.219 -1
    endloop
  endfacet
  facet normal 0.191797 0.0381517 0.980693
    outer loop
      vertex 52.4992 139.125 -0.0204449
      vertex 52.2576 139.946 -0.00513363
      vertex 52.4229 139.115 -0.00513363
    endloop
  endfacet
  facet normal 0.751801 -0.65939 0
    outer loop
      vertex 50.9497 2.05025 -0.6
      vertex 51.5535 2.73867 -1
      vertex 51.5535 2.73867 -0.6
    endloop
  endfacet
  facet normal 0.751801 -0.65939 0
    outer loop
      vertex 51.5535 2.73867 -1
      vertex 50.9497 2.05025 -0.6
      vertex 50.9497 2.05025 -1
    endloop
  endfacet
  facet normal -0.0654085 -0.00428718 0.997849
    outer loop
      vertex 0.6 7 0
      vertex 0.577107 6.15441 -0.00513363
      vertex 0.654754 6.16463 0
    endloop
  endfacet
  facet normal 0.804957 -0.397027 0.440925
    outer loop
      vertex 52.425 4.33869 -0.370391
      vertex 51.9926 3.54019 -0.3
      vertex 52.0226 3.52284 -0.370391
    endloop
  endfacet
  facet normal -0 0.0648459 0.997895
    outer loop
      vertex 7 144.748 -0.00513363
      vertex 46 144.669 0
      vertex 46 144.748 -0.00513363
    endloop
  endfacet
  facet normal 0 0.0648459 0.997895
    outer loop
      vertex 46 144.669 0
      vertex 7 144.748 -0.00513363
      vertex 7 144.669 0
    endloop
  endfacet
  facet normal 0.554278 0.830108 0.0608
    outer loop
      vertex 49.5 144.331 -0.6
      vertex 49.4974 144.327 -0.521685
      vertex 50.2582 143.819 -0.521685
    endloop
  endfacet
  facet normal -0.377917 -0.0751723 -0.922783
    outer loop
      vertex 0.596289 5.28413 -1.15433
      vertex 0.059886 6.08632 -1
      vertex 0.427108 6.13466 -1.15433
    endloop
  endfacet
  facet normal 0.320358 -0.214061 -0.922794
    outer loop
      vertex 52.0622 3.5 -1
      vertex 51.2596 2.96415 -1.15433
      vertex 51.7414 3.6852 -1.15433
    endloop
  endfacet
  facet normal -0.315782 -0.062813 -0.94675
    outer loop
      vertex 0.596289 5.28413 -1.15433
      vertex 0.427108 6.13466 -1.15433
      vertex 0.500791 6.14436 -1.17955
    endloop
  endfacet
  facet normal -0.321282 -0.0210578 -0.946749
    outer loop
      vertex 0.427108 6.13466 -1.15433
      vertex 0.370391 7 -1.15433
      vertex 0.444709 7 -1.17955
    endloop
  endfacet
  facet normal -0.0653749 0.00428174 -0.997852
    outer loop
      vertex 0.6 138.269 -1.2
      vertex 0.577107 139.115 -1.19487
      vertex 0.654754 139.105 -1.2
    endloop
  endfacet
  facet normal -0.0642444 -0.012779 -0.997852
    outer loop
      vertex 0.818075 5.34356 -1.2
      vertex 0.577107 6.15441 -1.19487
      vertex 0.654754 6.16463 -1.2
    endloop
  endfacet
  facet normal -0.751844 -0.659341 0
    outer loop
      vertex 2.05025 2.05025 -1
      vertex 1.44653 2.73867 -0.6
      vertex 1.44653 2.73867 -1
    endloop
  endfacet
  facet normal -0.751844 -0.659341 0
    outer loop
      vertex 1.44653 2.73867 -0.6
      vertex 2.05025 2.05025 -1
      vertex 2.05025 2.05025 -0.6
    endloop
  endfacet
  facet normal -0.195179 -0.0127925 -0.980684
    outer loop
      vertex 0.577107 6.15441 -1.19487
      vertex 0.444709 7 -1.17955
      vertex 0.521685 7 -1.19487
    endloop
  endfacet
  facet normal -0.242541 0.212699 -0.946537
    outer loop
      vertex 1.79934 142.26 -1.17955
      vertex 1.74038 142.305 -1.15433
      vertex 2.31216 142.957 -1.15433
    endloop
  endfacet
  facet normal -0.321282 0.0210417 -0.94675
    outer loop
      vertex 0.444709 138.269 -1.17955
      vertex 0.370391 138.269 -1.15433
      vertex 0.427108 139.135 -1.15433
    endloop
  endfacet
  facet normal -0.0127792 -0.0642451 -0.997852
    outer loop
      vertex 6.15441 0.577107 -1.19487
      vertex 5.32329 0.742428 -1.19487
      vertex 5.34356 0.818075 -1.2
    endloop
  endfacet
  facet normal 0.292247 -0.333198 0.896421
    outer loop
      vertex 50.6878 2.31216 -0.0456724
      vertex 50.0359 1.74038 -0.0456724
      vertex 50.0787 1.68453 -0.0803852
    endloop
  endfacet
  facet normal -0.289694 -0.254055 -0.922785
    outer loop
      vertex 2.05025 2.05025 -1
      vertex 1.74038 2.96415 -1.15433
      vertex 2.31216 2.31216 -1.15433
    endloop
  endfacet
  facet normal 0.624114 0.547485 0.557442
    outer loop
      vertex 51.4897 142.482 -0.3
      vertex 50.8621 143.131 -0.234744
      vertex 51.4551 142.455 -0.234744
    endloop
  endfacet
  facet normal 0.289393 0.14274 0.946508
    outer loop
      vertex 52.125 140.806 -0.0456724
      vertex 51.677 141.547 -0.0204449
      vertex 52.0563 140.778 -0.0204449
    endloop
  endfacet
  facet normal 0.815971 0.545271 0.192017
    outer loop
      vertex 51.5494 142.527 -0.521685
      vertex 51.5373 142.518 -0.444709
      vertex 52.0445 141.759 -0.444709
    endloop
  endfacet
  facet normal 0.308581 0.461731 0.831614
    outer loop
      vertex 50.1184 143.637 -0.123988
      vertex 49.35 144.072 -0.0803852
      vertex 50.0787 143.585 -0.0803852
    endloop
  endfacet
  facet normal 0.98079 0.195066 0
    outer loop
      vertex 52.9401 139.183 -0.6
      vertex 52.7615 140.081 -1
      vertex 52.7615 140.081 -0.6
    endloop
  endfacet
  facet normal 0.98079 0.195066 0
    outer loop
      vertex 52.7615 140.081 -1
      vertex 52.9401 139.183 -0.6
      vertex 52.9401 139.183 -1
    endloop
  endfacet
  facet normal 0.289657 0.254028 -0.922805
    outer loop
      vertex 51.2596 142.305 -1.15433
      vertex 50.6878 142.957 -1.15433
      vertex 50.9497 143.219 -1
    endloop
  endfacet
  facet normal 0.213841 0.320466 -0.922807
    outer loop
      vertex 50.0359 143.529 -1.15433
      vertex 49.5 144.331 -1
      vertex 50.2613 143.823 -1
    endloop
  endfacet
  facet normal 0.0382654 0.192702 -0.980511
    outer loop
      vertex 47.6767 144.527 -1.19487
      vertex 46.8556 144.768 -1.17955
      vertex 47.6966 144.601 -1.17955
    endloop
  endfacet
  facet normal 0.0290672 0.0590748 0.99783
    outer loop
      vertex 48.4791 144.254 -0.00513363
      vertex 48.4492 144.182 0
      vertex 49.2392 143.88 -0.00513363
    endloop
  endfacet
  facet normal 0.749875 0.657557 0.0728432
    outer loop
      vertex 51.5535 142.531 -0.6
      vertex 50.9461 143.215 -0.521685
      vertex 51.5494 142.527 -0.521685
    endloop
  endfacet
  facet normal 0.123912 0.364674 -0.922854
    outer loop
      vertex 48.537 144.394 -1.15433
      vertex 47.7159 144.673 -1.15433
      vertex 47.8117 145.031 -1
    endloop
  endfacet
  facet normal 0.0290467 0.0590332 -0.997833
    outer loop
      vertex 49.2392 143.88 -1.19487
      vertex 48.4492 144.182 -1.2
      vertex 48.4791 144.254 -1.19487
    endloop
  endfacet
  facet normal 0 0 -1
    outer loop
      vertex 46 0.6 -1.2
      vertex 52.4 7 -1.2
      vertex 52.3452 6.16463 -1.2
    endloop
  endfacet
  facet normal 0 0 -1
    outer loop
      vertex 52.4 7 -1.2
      vertex 0.6 7 -1.2
      vertex 52.4 138.269 -1.2
    endloop
  endfacet
  facet normal 0 0 -1
    outer loop
      vertex 46 0.6 -1.2
      vertex 52.3452 6.16463 -1.2
      vertex 52.1819 5.34356 -1.2
    endloop
  endfacet
  facet normal 0 0 -1
    outer loop
      vertex 0.6 138.269 -1.2
      vertex 52.4 138.269 -1.2
      vertex 0.6 7 -1.2
    endloop
  endfacet
  facet normal 0 0 -1
    outer loop
      vertex 46 0.6 -1.2
      vertex 52.1819 5.34356 -1.2
      vertex 51.9128 4.55083 -1.2
    endloop
  endfacet
  facet normal 0 -0 -1
    outer loop
      vertex 46 144.669 -1.2
      vertex 52.4 138.269 -1.2
      vertex 0.6 138.269 -1.2
    endloop
  endfacet
  facet normal 0 0 -1
    outer loop
      vertex 46 0.6 -1.2
      vertex 51.9128 4.55083 -1.2
      vertex 51.5426 3.8 -1.2
    endloop
  endfacet
  facet normal 0 0 -1
    outer loop
      vertex 52.4 138.269 -1.2
      vertex 46 144.669 -1.2
      vertex 52.3452 139.105 -1.2
    endloop
  endfacet
  facet normal 0 0 -1
    outer loop
      vertex 46 0.6 -1.2
      vertex 51.5426 3.8 -1.2
      vertex 51.0775 3.10393 -1.2
    endloop
  endfacet
  facet normal 0 0 -1
    outer loop
      vertex 52.3452 139.105 -1.2
      vertex 46 144.669 -1.2
      vertex 52.1819 139.926 -1.2
    endloop
  endfacet
  facet normal 0 0 -1
    outer loop
      vertex 46 0.6 -1.2
      vertex 51.0775 3.10393 -1.2
      vertex 50.5255 2.47452 -1.2
    endloop
  endfacet
  facet normal 0 0 -1
    outer loop
      vertex 52.1819 139.926 -1.2
      vertex 46 144.669 -1.2
      vertex 51.9128 140.718 -1.2
    endloop
  endfacet
  facet normal 0 0 -1
    outer loop
      vertex 46 0.6 -1.2
      vertex 50.5255 2.47452 -1.2
      vertex 49.8961 1.92254 -1.2
    endloop
  endfacet
  facet normal 0 0 -1
    outer loop
      vertex 51.9128 140.718 -1.2
      vertex 46 144.669 -1.2
      vertex 51.5426 141.469 -1.2
    endloop
  endfacet
  facet normal 0 0 -1
    outer loop
      vertex 46 0.6 -1.2
      vertex 49.8961 1.92254 -1.2
      vertex 49.2 1.45744 -1.2
    endloop
  endfacet
  facet normal 0 0 -1
    outer loop
      vertex 51.5426 141.469 -1.2
      vertex 46 144.669 -1.2
      vertex 51.0775 142.165 -1.2
    endloop
  endfacet
  facet normal 0 0 -1
    outer loop
      vertex 46 0.6 -1.2
      vertex 49.2 1.45744 -1.2
      vertex 48.4492 1.08717 -1.2
    endloop
  endfacet
  facet normal -0 0 -1
    outer loop
      vertex 52.4 7 -1.2
      vertex 46 0.6 -1.2
      vertex 0.6 7 -1.2
    endloop
  endfacet
  facet normal 0 0 -1
    outer loop
      vertex 46 0.6 -1.2
      vertex 48.4492 1.08717 -1.2
      vertex 47.6564 0.818075 -1.2
    endloop
  endfacet
  facet normal 0 0 -1
    outer loop
      vertex 51.0775 142.165 -1.2
      vertex 46 144.669 -1.2
      vertex 50.5255 142.795 -1.2
    endloop
  endfacet
  facet normal 0 0 -1
    outer loop
      vertex 46 0.6 -1.2
      vertex 47.6564 0.818075 -1.2
      vertex 46.8354 0.654754 -1.2
    endloop
  endfacet
  facet normal 0 0 -1
    outer loop
      vertex 49.2 143.812 -1.2
      vertex 46 144.669 -1.2
      vertex 48.4492 144.182 -1.2
    endloop
  endfacet
  facet normal 0 0 -1
    outer loop
      vertex 48.4492 144.182 -1.2
      vertex 46 144.669 -1.2
      vertex 47.6564 144.451 -1.2
    endloop
  endfacet
  facet normal 0 0 -1
    outer loop
      vertex 47.6564 144.451 -1.2
      vertex 46 144.669 -1.2
      vertex 46.8354 144.615 -1.2
    endloop
  endfacet
  facet normal 0 0 -1
    outer loop
      vertex 0.6 7 -1.2
      vertex 46 0.6 -1.2
      vertex 7 0.6 -1.2
    endloop
  endfacet
  facet normal 0 0 -1
    outer loop
      vertex 50.5255 142.795 -1.2
      vertex 46 144.669 -1.2
      vertex 49.8961 143.347 -1.2
    endloop
  endfacet
  facet normal 0 0 -1
    outer loop
      vertex 0.6 7 -1.2
      vertex 7 0.6 -1.2
      vertex 6.16463 0.654754 -1.2
    endloop
  endfacet
  facet normal 0 0 -1
    outer loop
      vertex 49.8961 143.347 -1.2
      vertex 46 144.669 -1.2
      vertex 49.2 143.812 -1.2
    endloop
  endfacet
  facet normal 0 0 -1
    outer loop
      vertex 0.6 7 -1.2
      vertex 6.16463 0.654754 -1.2
      vertex 5.34356 0.818075 -1.2
    endloop
  endfacet
  facet normal -0 0 -1
    outer loop
      vertex 46 144.669 -1.2
      vertex 0.6 138.269 -1.2
      vertex 7 144.669 -1.2
    endloop
  endfacet
  facet normal 0 0 -1
    outer loop
      vertex 0.6 7 -1.2
      vertex 5.34356 0.818075 -1.2
      vertex 4.55083 1.08717 -1.2
    endloop
  endfacet
  facet normal 0 0 -1
    outer loop
      vertex 7 144.669 -1.2
      vertex 0.6 138.269 -1.2
      vertex 6.16463 144.615 -1.2
    endloop
  endfacet
  facet normal 0 0 -1
    outer loop
      vertex 0.6 7 -1.2
      vertex 4.55083 1.08717 -1.2
      vertex 3.8 1.45744 -1.2
    endloop
  endfacet
  facet normal 0 0 -1
    outer loop
      vertex 6.16463 144.615 -1.2
      vertex 0.6 138.269 -1.2
      vertex 5.34356 144.451 -1.2
    endloop
  endfacet
  facet normal 0 0 -1
    outer loop
      vertex 0.6 7 -1.2
      vertex 3.8 1.45744 -1.2
      vertex 3.10393 1.92254 -1.2
    endloop
  endfacet
  facet normal 0 0 -1
    outer loop
      vertex 5.34356 144.451 -1.2
      vertex 0.6 138.269 -1.2
      vertex 4.55083 144.182 -1.2
    endloop
  endfacet
  facet normal 0 0 -1
    outer loop
      vertex 0.6 7 -1.2
      vertex 3.10393 1.92254 -1.2
      vertex 2.47452 2.47452 -1.2
    endloop
  endfacet
  facet normal 0 0 -1
    outer loop
      vertex 4.55083 144.182 -1.2
      vertex 0.6 138.269 -1.2
      vertex 3.8 143.812 -1.2
    endloop
  endfacet
  facet normal 0 0 -1
    outer loop
      vertex 0.6 7 -1.2
      vertex 2.47452 2.47452 -1.2
      vertex 1.92254 3.10393 -1.2
    endloop
  endfacet
  facet normal 0 0 -1
    outer loop
      vertex 3.8 143.812 -1.2
      vertex 0.6 138.269 -1.2
      vertex 3.10393 143.347 -1.2
    endloop
  endfacet
  facet normal 0 0 -1
    outer loop
      vertex 0.6 7 -1.2
      vertex 1.92254 3.10393 -1.2
      vertex 1.45744 3.8 -1.2
    endloop
  endfacet
  facet normal 0 0 -1
    outer loop
      vertex 3.10393 143.347 -1.2
      vertex 0.6 138.269 -1.2
      vertex 2.47452 142.795 -1.2
    endloop
  endfacet
  facet normal 0 0 -1
    outer loop
      vertex 0.6 7 -1.2
      vertex 1.45744 3.8 -1.2
      vertex 1.08717 4.55083 -1.2
    endloop
  endfacet
  facet normal 0 0 -1
    outer loop
      vertex 2.47452 142.795 -1.2
      vertex 0.6 138.269 -1.2
      vertex 1.92254 142.165 -1.2
    endloop
  endfacet
  facet normal 0 0 -1
    outer loop
      vertex 0.6 7 -1.2
      vertex 1.08717 4.55083 -1.2
      vertex 0.818075 5.34356 -1.2
    endloop
  endfacet
  facet normal 0 0 -1
    outer loop
      vertex 1.92254 142.165 -1.2
      vertex 0.6 138.269 -1.2
      vertex 1.45744 141.469 -1.2
    endloop
  endfacet
  facet normal 0 0 -1
    outer loop
      vertex 0.6 7 -1.2
      vertex 0.818075 5.34356 -1.2
      vertex 0.654754 6.16463 -1.2
    endloop
  endfacet
  facet normal 0 0 -1
    outer loop
      vertex 1.45744 141.469 -1.2
      vertex 0.6 138.269 -1.2
      vertex 1.08717 140.718 -1.2
    endloop
  endfacet
  facet normal 0 0 -1
    outer loop
      vertex 1.08717 140.718 -1.2
      vertex 0.6 138.269 -1.2
      vertex 0.818075 139.926 -1.2
    endloop
  endfacet
  facet normal 0 0 -1
    outer loop
      vertex 0.818075 139.926 -1.2
      vertex 0.6 138.269 -1.2
      vertex 0.654754 139.105 -1.2
    endloop
  endfacet
  facet normal 0 0.384963 -0.922932
    outer loop
      vertex 7 144.899 -1.15433
      vertex 46 145.269 -1
      vertex 46 144.899 -1.15433
    endloop
  endfacet
  facet normal 0 0.384963 -0.922932
    outer loop
      vertex 46 145.269 -1
      vertex 7 144.899 -1.15433
      vertex 7 145.269 -1
    endloop
  endfacet
  facet normal 0 0.82913 0.559056
    outer loop
      vertex 46 145.189 -0.3
      vertex 7 145.145 -0.234744
      vertex 46 145.145 -0.234744
    endloop
  endfacet
  facet normal 0 0.82913 0.559056
    outer loop
      vertex 7 145.145 -0.234744
      vertex 46 145.189 -0.3
      vertex 7 145.189 -0.3
    endloop
  endfacet
  facet normal 0.0588218 0.0289958 -0.997847
    outer loop
      vertex 51.9128 140.718 -1.2
      vertex 51.5426 141.469 -1.2
      vertex 51.6104 141.508 -1.19487
    endloop
  endfacet
  facet normal 0.185278 0.0628852 -0.980672
    outer loop
      vertex 52.2576 139.946 -1.19487
      vertex 52.0563 140.778 -1.17955
      vertex 52.3319 139.966 -1.17955
    endloop
  endfacet
  facet normal -0.0252617 0.384685 -0.922702
    outer loop
      vertex 6.13466 144.842 -1.15433
      vertex 6.08632 145.209 -1
      vertex 7 145.269 -1
    endloop
  endfacet
  facet normal -0.0253494 0.384839 -0.922636
    outer loop
      vertex 7 144.899 -1.15433
      vertex 6.13466 144.842 -1.15433
      vertex 7 145.269 -1
    endloop
  endfacet
  facet normal -0.129654 0.650475 0.74838
    outer loop
      vertex 6.10925 145.035 -0.175736
      vertex 5.24902 144.804 -0.123988
      vertex 6.11696 144.977 -0.123988
    endloop
  endfacet
  facet normal -0.0855073 0.173763 -0.981068
    outer loop
      vertex 4.52086 144.254 -1.19487
      vertex 3.76084 143.88 -1.19487
      vertex 4.4914 144.326 -1.17955
    endloop
  endfacet
  facet normal -0.00429142 0.0647996 -0.997889
    outer loop
      vertex 7 144.669 -1.2
      vertex 6.15441 144.692 -1.19487
      vertex 7 144.748 -1.19487
    endloop
  endfacet
  facet normal -0.012922 0.19512 -0.980694
    outer loop
      vertex 7 144.748 -1.19487
      vertex 6.15441 144.692 -1.19487
      vertex 7 144.825 -1.17955
    endloop
  endfacet
  facet normal -0.928815 -0.315288 0.194668
    outer loop
      vertex 0.258267 5.19356 -0.444709
      vertex 0.243478 5.1896 -0.521685
      vertex 0.537586 4.32318 -0.521685
    endloop
  endfacet
  facet normal -0.815553 -0.544943 0.194708
    outer loop
      vertex 1.46275 2.75112 -0.444709
      vertex 0.955528 3.51022 -0.444709
      vertex 1.4506 2.7418 -0.521685
    endloop
  endfacet
  facet normal 0.0751787 -0.377926 -0.922778
    outer loop
      vertex 47.8117 0.23852 -1
      vertex 46.9137 0.059886 -1
      vertex 47.7159 0.596289 -1.15433
    endloop
  endfacet
  facet normal -0.364872 -0.123858 -0.922783
    outer loop
      vertex 0.532844 4.32122 -1
      vertex 0.23852 5.18827 -1
      vertex 0.875039 4.46296 -1.15433
    endloop
  endfacet
  facet normal -0.0620305 -0.0210568 -0.997852
    outer loop
      vertex 1.01482 4.52086 -1.19487
      vertex 0.742428 5.32329 -1.19487
      vertex 1.08717 4.55083 -1.2
    endloop
  endfacet
  facet normal -0.591619 -0.674623 0.441442
    outer loop
      vertex 2.10709 2.10709 -0.3
      vertex 2.08255 2.08255 -0.370391
      vertex 2.78761 1.5103 -0.3
    endloop
  endfacet
  facet normal -0.496352 -0.43529 0.751104
    outer loop
      vertex 2.21624 2.21624 -0.123988
      vertex 1.63276 2.88157 -0.123988
      vertex 2.17452 2.17452 -0.175736
    endloop
  endfacet
  facet normal -0.750241 -0.657935 0.0652707
    outer loop
      vertex 2.05388 2.05388 -0.521685
      vertex 1.44653 2.73867 -0.6
      vertex 2.05025 2.05025 -0.6
    endloop
  endfacet
  facet normal -0.441344 -0.894964 0.0652359
    outer loop
      vertex 4.32318 0.537586 -0.521685
      vertex 3.5 0.937822 -0.6
      vertex 4.32122 0.532844 -0.6
    endloop
  endfacet
  facet normal -0.418097 -0.62572 0.658536
    outer loop
      vertex 3.58787 1.09001 -0.175736
      vertex 2.84565 1.58595 -0.175736
      vertex 3.56199 1.0452 -0.234744
    endloop
  endfacet
  facet normal -0.46225 -0.691807 0.554733
    outer loop
      vertex 3.56199 1.0452 -0.234744
      vertex 2.81415 1.54489 -0.234744
      vertex 3.54019 1.00744 -0.3
    endloop
  endfacet
  facet normal -0.191356 -0.962017 0.194693
    outer loop
      vertex 6.08899 0.0801563 -0.444709
      vertex 5.19356 0.258267 -0.444709
      vertex 6.08699 0.0649757 -0.521685
    endloop
  endfacet
  facet normal -0.0544172 -0.830236 0.55475
    outer loop
      vertex 6.1025 0.182814 -0.234744
      vertex 6.09681 0.139584 -0.3
      vertex 7 0.123988 -0.234744
    endloop
  endfacet
  facet normal -0.191701 0.0381315 0.980712
    outer loop
      vertex 0.668076 139.966 -0.0204449
      vertex 0.500791 139.125 -0.0204449
      vertex 0.742428 139.946 -0.00513363
    endloop
  endfacet
  facet normal -0.434538 -0.0864351 0.896496
    outer loop
      vertex 0.427108 6.13466 -0.0456724
      vertex 0.35732 6.12547 -0.0803852
      vertex 0.596289 5.28413 -0.0456724
    endloop
  endfacet
  facet normal -0.462635 -0.309119 0.830912
    outer loop
      vertex 1.19763 3.65 -0.0803852
      vertex 1.14112 3.61737 -0.123988
      vertex 1.63276 2.88157 -0.123988
    endloop
  endfacet
  facet normal -0.418306 -0.366852 0.830927
    outer loop
      vertex 1.68453 2.9213 -0.0803852
      vertex 1.63276 2.88157 -0.123988
      vertex 2.26239 2.26239 -0.0803852
    endloop
  endfacet
  facet normal -0.142439 -0.288842 0.946721
    outer loop
      vertex 4.4914 0.943701 -0.0204449
      vertex 3.72235 1.32295 -0.0204449
      vertex 4.46296 0.875039 -0.0456724
    endloop
  endfacet
  facet normal -0.108609 -0.162542 0.980706
    outer loop
      vertex 3.05625 1.86041 -0.00513363
      vertex 3.00939 1.79934 -0.0204449
      vertex 3.72235 1.32295 -0.0204449
    endloop
  endfacet
  facet normal -0.43383 -0.879716 0.194656
    outer loop
      vertex 3.51022 0.955528 -0.444709
      vertex 3.50257 0.942268 -0.521685
      vertex 4.32318 0.537586 -0.521685
    endloop
  endfacet
  facet normal -0.291974 -0.592073 0.751133
    outer loop
      vertex 4.41105 0.749718 -0.123988
      vertex 3.58787 1.09001 -0.175736
      vertex 4.38847 0.695203 -0.175736
    endloop
  endfacet
  facet normal 0.751235 0.0492392 0.658196
    outer loop
      vertex 52.876 138.269 -0.234744
      vertex 52.7659 139.16 -0.175736
      vertex 52.8243 138.269 -0.175736
    endloop
  endfacet
  facet normal 0.752147 -0 0.658995
    outer loop
      vertex 52.8243 7 -0.175736
      vertex 52.876 138.269 -0.234744
      vertex 52.8243 138.269 -0.175736
    endloop
  endfacet
  facet normal 0.752147 0 0.658995
    outer loop
      vertex 52.876 138.269 -0.234744
      vertex 52.8243 7 -0.175736
      vertex 52.876 7 -0.234744
    endloop
  endfacet
  facet normal 0.195013 0.0127704 0.980717
    outer loop
      vertex 52.5553 138.269 -0.0204449
      vertex 52.4229 139.115 -0.00513363
      vertex 52.4783 138.269 -0.00513363
    endloop
  endfacet
  facet normal 0.0364819 0.054613 0.997841
    outer loop
      vertex 49.9437 143.409 -0.00513363
      vertex 49.2 143.812 0
      vertex 49.8961 143.347 0
    endloop
  endfacet
  facet normal 0 -0.0653646 -0.997861
    outer loop
      vertex 7 0.521685 -1.19487
      vertex 46 0.6 -1.2
      vertex 46 0.521685 -1.19487
    endloop
  endfacet
  facet normal -0 -0.0653646 -0.997861
    outer loop
      vertex 46 0.6 -1.2
      vertex 7 0.521685 -1.19487
      vertex 7 0.6 -1.2
    endloop
  endfacet
  facet normal 0.345548 -0.170428 -0.922795
    outer loop
      vertex 52.0622 3.5 -1
      vertex 51.7414 3.6852 -1.15433
      vertex 52.125 4.46296 -1.15433
    endloop
  endfacet
  facet normal -0.128896 -0.146978 0.980705
    outer loop
      vertex 2.41914 2.41914 -0.00513363
      vertex 2.36471 2.36471 -0.0204449
      vertex 3.05625 1.86041 -0.00513363
    endloop
  endfacet
  facet normal -0.17893 -0.267784 0.946718
    outer loop
      vertex 3.00939 1.79934 -0.0204449
      vertex 2.96415 1.74038 -0.0456724
      vertex 3.72235 1.32295 -0.0204449
    endloop
  endfacet
  facet normal -0.142452 -0.288862 0.946714
    outer loop
      vertex 3.72235 1.32295 -0.0204449
      vertex 3.6852 1.25859 -0.0456724
      vertex 4.46296 0.875039 -0.0456724
    endloop
  endfacet
  facet normal -0.195953 -0.397351 0.896501
    outer loop
      vertex 3.6852 1.25859 -0.0456724
      vertex 3.65 1.19763 -0.0803852
      vertex 4.46296 0.875039 -0.0456724
    endloop
  endfacet
  facet normal -0.2122 -0.625118 0.751131
    outer loop
      vertex 5.24902 0.465264 -0.123988
      vertex 4.41105 0.749718 -0.123988
      vertex 5.23375 0.408268 -0.175736
    endloop
  endfacet
  facet normal -0.146817 -0.738097 0.658527
    outer loop
      vertex 6.10925 0.234118 -0.175736
      vertex 5.22036 0.358283 -0.234744
      vertex 6.1025 0.182814 -0.234744
    endloop
  endfacet
  facet normal 0.185338 -0.0629075 -0.980659
    outer loop
      vertex 52.3319 5.30337 -1.17955
      vertex 52.0563 4.4914 -1.17955
      vertex 52.2576 5.32329 -1.19487
    endloop
  endfacet
  facet normal 0.315726 -0.062808 -0.946769
    outer loop
      vertex 52.4037 5.28413 -1.15433
      vertex 52.3319 5.30337 -1.17955
      vertex 52.4992 6.14436 -1.17955
    endloop
  endfacet
  facet normal 0.054356 0.0363233 -0.997861
    outer loop
      vertex 51.5426 141.469 -1.2
      vertex 51.0775 142.165 -1.2
      vertex 51.1396 142.213 -1.19487
    endloop
  endfacet
  facet normal 0.267884 0.179011 -0.946675
    outer loop
      vertex 51.677 141.547 -1.17955
      vertex 51.2596 142.305 -1.15433
      vertex 51.7414 141.584 -1.15433
    endloop
  endfacet
  facet normal 0.364809 0.12384 -0.92281
    outer loop
      vertex 52.4037 139.985 -1.15433
      vertex 52.125 140.806 -1.15433
      vertex 52.7615 140.081 -1
    endloop
  endfacet
  facet normal 0.195136 0 -0.980776
    outer loop
      vertex 52.4783 7 -1.19487
      vertex 52.5553 138.269 -1.17955
      vertex 52.5553 7 -1.17955
    endloop
  endfacet
  facet normal 0.195136 0 -0.980776
    outer loop
      vertex 52.5553 138.269 -1.17955
      vertex 52.4783 7 -1.19487
      vertex 52.4783 138.269 -1.19487
    endloop
  endfacet
  facet normal 0.84929 -0.418826 0.32139
    outer loop
      vertex 52.4483 4.32904 -0.444709
      vertex 52.0226 3.52284 -0.370391
      vertex 52.0445 3.51022 -0.444709
    endloop
  endfacet
  facet normal 0 -0.997858 0.0654107
    outer loop
      vertex 7 0 -0.6
      vertex 46 0.00513363 -0.521685
      vertex 7 0.00513363 -0.521685
    endloop
  endfacet
  facet normal 0 -0.997858 0.0654107
    outer loop
      vertex 46 0.00513363 -0.521685
      vertex 7 0 -0.6
      vertex 46 0 -0.6
    endloop
  endfacet
  facet normal 0.995759 0.0652582 0.0648455
    outer loop
      vertex 53 138.269 -0.6
      vertex 52.9401 139.183 -0.6
      vertex 52.9949 138.269 -0.521685
    endloop
  endfacet
  facet normal 0.997859 0.0653958 0
    outer loop
      vertex 53 138.269 -0.6
      vertex 52.9401 139.183 -1
      vertex 52.9401 139.183 -0.6
    endloop
  endfacet
  facet normal 0.997859 0.0653958 0
    outer loop
      vertex 52.9401 139.183 -1
      vertex 53 138.269 -0.6
      vertex 53 138.269 -1
    endloop
  endfacet
  facet normal 0.962002 0.191222 0.194899
    outer loop
      vertex 52.7565 140.08 -0.521685
      vertex 52.7417 140.076 -0.444709
      vertex 52.935 139.182 -0.521685
    endloop
  endfacet
  facet normal 0.961997 0.191218 0.194928
    outer loop
      vertex 52.935 139.182 -0.521685
      vertex 52.7417 140.076 -0.444709
      vertex 52.9198 139.18 -0.444709
    endloop
  endfacet
  facet normal 0.0620953 0.0210983 0.997847
    outer loop
      vertex 52.2576 139.946 -0.00513363
      vertex 51.9128 140.718 0
      vertex 52.1819 139.926 0
    endloop
  endfacet
  facet normal -0.0129444 0.0648067 0.997814
    outer loop
      vertex 6.15441 144.692 -0.00513363
      vertex 5.34356 144.451 0
      vertex 6.16463 144.615 0
    endloop
  endfacet
  facet normal 0.174836 0.0862219 0.980815
    outer loop
      vertex 52.0563 140.778 -0.0204449
      vertex 51.6104 141.508 -0.00513363
      vertex 51.9852 140.748 -0.00513363
    endloop
  endfacet
  facet normal 0.058749 0.0289725 0.997852
    outer loop
      vertex 51.9852 140.748 -0.00513363
      vertex 51.6104 141.508 -0.00513363
      vertex 51.9128 140.718 0
    endloop
  endfacet
  facet normal 0.0588633 0.0290162 0.997844
    outer loop
      vertex 51.6104 141.508 -0.00513363
      vertex 51.5426 141.469 0
      vertex 51.9128 140.718 0
    endloop
  endfacet
  facet normal -0.0364172 -0.0545021 0.997849
    outer loop
      vertex 3.10393 1.92254 0
      vertex 3.05625 1.86041 -0.00513363
      vertex 3.8 1.45744 0
    endloop
  endfacet
  facet normal 0.419598 0.142411 0.896469
    outer loop
      vertex 52.19 140.833 -0.0803852
      vertex 52.125 140.806 -0.0456724
      vertex 52.4717 140.003 -0.0803852
    endloop
  endfacet
  facet normal 0.4989 0.246022 0.831007
    outer loop
      vertex 52.2503 140.858 -0.123988
      vertex 51.8024 141.619 -0.0803852
      vertex 52.19 140.833 -0.0803852
    endloop
  endfacet
  facet normal 0.711902 0.623821 0.322557
    outer loop
      vertex 50.9353 143.205 -0.444709
      vertex 50.9174 143.187 -0.370391
      vertex 51.5373 142.518 -0.444709
    endloop
  endfacet
  facet normal -0 0.659392 0.751799
    outer loop
      vertex 7 145.094 -0.175736
      vertex 46 145.035 -0.123988
      vertex 46 145.094 -0.175736
    endloop
  endfacet
  facet normal 0 0.659392 0.751799
    outer loop
      vertex 46 145.035 -0.123988
      vertex 7 145.094 -0.175736
      vertex 7 145.035 -0.123988
    endloop
  endfacet
  facet normal 0.896938 -0 0.442155
    outer loop
      vertex 52.9196 7 -0.3
      vertex 52.9543 138.269 -0.370391
      vertex 52.9196 138.269 -0.3
    endloop
  endfacet
  facet normal 0.896938 0 0.442155
    outer loop
      vertex 52.9543 138.269 -0.370391
      vertex 52.9196 7 -0.3
      vertex 52.9543 7 -0.370391
    endloop
  endfacet
  facet normal 0.929207 0.1848 0.320038
    outer loop
      vertex 52.9198 139.18 -0.444709
      vertex 52.7174 140.069 -0.370391
      vertex 52.8948 139.177 -0.370391
    endloop
  endfacet
  facet normal 0.321223 0.0210521 0.94677
    outer loop
      vertex 52.5729 139.135 -0.0456724
      vertex 52.4992 139.125 -0.0204449
      vertex 52.5553 138.269 -0.0204449
    endloop
  endfacet
  facet normal 0.526851 0.178802 0.830938
    outer loop
      vertex 52.5347 140.02 -0.123988
      vertex 52.2503 140.858 -0.123988
      vertex 52.4717 140.003 -0.0803852
    endloop
  endfacet
  facet normal 0.879659 0.174946 0.442259
    outer loop
      vertex 52.7174 140.069 -0.370391
      vertex 52.6838 140.06 -0.3
      vertex 52.8948 139.177 -0.370391
    endloop
  endfacet
  facet normal 0.305116 0.103559 -0.946668
    outer loop
      vertex 52.3319 139.966 -1.17955
      vertex 52.0563 140.778 -1.17955
      vertex 52.4037 139.985 -1.15433
    endloop
  endfacet
  facet normal 0.897736 0.304522 0.318334
    outer loop
      vertex 52.4483 140.94 -0.444709
      vertex 52.425 140.931 -0.370391
      vertex 52.7174 140.069 -0.370391
    endloop
  endfacet
  facet normal 0.675055 0.591956 0.440328
    outer loop
      vertex 51.5172 142.503 -0.370391
      vertex 50.9174 143.187 -0.370391
      vertex 51.4897 142.482 -0.3
    endloop
  endfacet
  facet normal 0.78901 0.267821 0.552934
    outer loop
      vertex 52.3929 140.917 -0.3
      vertex 52.3526 140.901 -0.234744
      vertex 52.6838 140.06 -0.3
    endloop
  endfacet
  facet normal -0.787539 -0.526225 0.320733
    outer loop
      vertex 1.48276 2.76647 -0.370391
      vertex 0.955528 3.51022 -0.444709
      vertex 1.46275 2.75112 -0.444709
    endloop
  endfacet
  facet normal -0.746228 -0.367998 0.554727
    outer loop
      vertex 0.647394 4.36866 -0.234744
      vertex 0.60711 4.35198 -0.3
      vertex 1.00744 3.54019 -0.3
    endloop
  endfacet
  facet normal -0.195072 0.0127793 0.980706
    outer loop
      vertex 0.577107 139.115 -0.00513363
      vertex 0.444709 138.269 -0.0204449
      vertex 0.521685 138.269 -0.00513363
    endloop
  endfacet
  facet normal -0.980785 -0.195091 0
    outer loop
      vertex 0.23852 5.18827 -1
      vertex 0.059886 6.08632 -0.6
      vertex 0.059886 6.08632 -1
    endloop
  endfacet
  facet normal -0.980785 -0.195091 0
    outer loop
      vertex 0.059886 6.08632 -0.6
      vertex 0.23852 5.18827 -1
      vertex 0.23852 5.18827 -0.6
    endloop
  endfacet
  facet normal -0.305241 0.103611 0.946622
    outer loop
      vertex 0.943701 140.778 -0.0204449
      vertex 0.596289 139.985 -0.0456724
      vertex 0.668076 139.966 -0.0204449
    endloop
  endfacet
  facet normal -0.658598 0.0431691 0.751256
    outer loop
      vertex 0.292622 139.152 -0.123988
      vertex 0.234118 139.16 -0.175736
      vertex 0.234744 138.269 -0.123988
    endloop
  endfacet
  facet normal -0.39778 0.196104 0.896278
    outer loop
      vertex 1.19763 141.619 -0.0803852
      vertex 0.875039 140.806 -0.0456724
      vertex 1.25859 141.584 -0.0456724
    endloop
  endfacet
  facet normal -0.396713 0.805119 0.44091
    outer loop
      vertex 4.33869 144.694 -0.370391
      vertex 3.54019 144.262 -0.3
      vertex 4.35198 144.662 -0.3
    endloop
  endfacet
  facet normal -0.16182 0.811605 0.561349
    outer loop
      vertex 6.09681 145.13 -0.3
      vertex 5.20907 144.953 -0.3
      vertex 6.1025 145.086 -0.234744
    endloop
  endfacet
  facet normal -0.461232 0.690087 0.557714
    outer loop
      vertex 3.54019 144.262 -0.3
      vertex 2.78761 143.759 -0.3
      vertex 2.81415 143.724 -0.234744
    endloop
  endfacet
  facet normal -0.434737 0.086531 0.89639
    outer loop
      vertex 0.528297 140.003 -0.0803852
      vertex 0.35732 139.144 -0.0803852
      vertex 0.596289 139.985 -0.0456724
    endloop
  endfacet
  facet normal -0.751645 0.659568 0
    outer loop
      vertex 1.44653 142.531 -1
      vertex 2.05025 143.219 -0.6
      vertex 2.05025 143.219 -1
    endloop
  endfacet
  facet normal -0.751645 0.659568 0
    outer loop
      vertex 2.05025 143.219 -0.6
      vertex 1.44653 142.531 -1
      vertex 1.44653 142.531 -0.6
    endloop
  endfacet
  facet normal -0.397239 0.195901 0.896562
    outer loop
      vertex 1.19763 141.619 -0.0803852
      vertex 0.810008 140.833 -0.0803852
      vertex 0.875039 140.806 -0.0456724
    endloop
  endfacet
  facet normal -0.289657 0.254018 -0.922807
    outer loop
      vertex 2.31216 142.957 -1.15433
      vertex 1.74038 142.305 -1.15433
      vertex 2.05025 143.219 -1
    endloop
  endfacet
  facet normal -0.128312 0.146241 -0.980892
    outer loop
      vertex 2.41914 142.85 -1.19487
      vertex 2.36471 142.905 -1.17955
      vertex 3.05625 143.409 -1.19487
    endloop
  endfacet
  facet normal -0.0654101 -0.00428713 0.997849
    outer loop
      vertex 0.6 7 0
      vertex 0.521685 7 -0.00513363
      vertex 0.577107 6.15441 -0.00513363
    endloop
  endfacet
  facet normal -0.750933 -0.049218 0.658542
    outer loop
      vertex 0.175736 7 -0.175736
      vertex 0.123988 7 -0.234744
      vertex 0.234118 6.10925 -0.175736
    endloop
  endfacet
  facet normal 0.0642909 0.0127885 0.997849
    outer loop
      vertex 52.2576 139.946 -0.00513363
      vertex 52.1819 139.926 0
      vertex 52.4229 139.115 -0.00513363
    endloop
  endfacet
  facet normal -0.304962 -0.103521 0.946722
    outer loop
      vertex 0.943701 4.4914 -0.0204449
      vertex 0.596289 5.28413 -0.0456724
      vertex 0.875039 4.46296 -0.0456724
    endloop
  endfacet
  facet normal -0.0653625 -0.00428416 -0.997852
    outer loop
      vertex 0.654754 6.16463 -1.2
      vertex 0.577107 6.15441 -1.19487
      vertex 0.6 7 -1.2
    endloop
  endfacet
  facet normal -0.175431 -0.0865119 -0.980683
    outer loop
      vertex 1.32295 3.72235 -1.17955
      vertex 0.943701 4.4914 -1.17955
      vertex 1.38961 3.76084 -1.19487
    endloop
  endfacet
  facet normal -0.195195 0 -0.980764
    outer loop
      vertex 0.444709 7 -1.17955
      vertex 0.521685 138.269 -1.19487
      vertex 0.521685 7 -1.19487
    endloop
  endfacet
  facet normal -0.195195 0 -0.980764
    outer loop
      vertex 0.521685 138.269 -1.19487
      vertex 0.444709 7 -1.17955
      vertex 0.444709 138.269 -1.17955
    endloop
  endfacet
  facet normal -0.0492473 -0.0431889 -0.997852
    outer loop
      vertex 2.47452 2.47452 -1.2
      vertex 1.86041 3.05625 -1.19487
      vertex 1.92254 3.10393 -1.2
    endloop
  endfacet
  facet normal -0.377968 0.0752294 -0.922757
    outer loop
      vertex 0.427108 139.135 -1.15433
      vertex 0.059886 139.183 -1
      vertex 0.596289 139.985 -1.15433
    endloop
  endfacet
  facet normal -0.750933 0.0492042 0.658543
    outer loop
      vertex 0.234118 139.16 -0.175736
      vertex 0.123988 138.269 -0.234744
      vertex 0.175736 138.269 -0.175736
    endloop
  endfacet
  facet normal -0.321353 0 -0.946959
    outer loop
      vertex 0.370391 7 -1.15433
      vertex 0.444709 138.269 -1.17955
      vertex 0.444709 7 -1.17955
    endloop
  endfacet
  facet normal -0.321353 0 -0.946959
    outer loop
      vertex 0.444709 138.269 -1.17955
      vertex 0.370391 7 -1.15433
      vertex 0.370391 138.269 -1.15433
    endloop
  endfacet
  facet normal -0.895327 0.0586958 0.441524
    outer loop
      vertex 0.139584 139.172 -0.3
      vertex 0.0456724 138.269 -0.370391
      vertex 0.0803852 138.269 -0.3
    endloop
  endfacet
  facet normal -0.195088 0 0.980786
    outer loop
      vertex 0.444709 138.269 -0.0204449
      vertex 0.521685 7 -0.00513363
      vertex 0.521685 138.269 -0.00513363
    endloop
  endfacet
  facet normal -0.195088 0 0.980786
    outer loop
      vertex 0.521685 7 -0.00513363
      vertex 0.444709 138.269 -0.0204449
      vertex 0.444709 7 -0.0204449
    endloop
  endfacet
  facet normal -0.815877 0.545232 0.192527
    outer loop
      vertex 1.4506 142.527 -0.521685
      vertex 0.955528 141.759 -0.444709
      vertex 1.46275 142.518 -0.444709
    endloop
  endfacet
  facet normal -0.345674 0.170416 -0.92275
    outer loop
      vertex 1.25859 141.584 -1.15433
      vertex 0.875039 140.806 -1.15433
      vertex 0.937822 141.769 -1
    endloop
  endfacet
  facet normal 0.00428406 -0.065364 -0.997852
    outer loop
      vertex 46.8456 0.577107 -1.19487
      vertex 46 0.521685 -1.19487
      vertex 46 0.6 -1.2
    endloop
  endfacet
  facet normal 0.0363823 -0.0544421 -0.997854
    outer loop
      vertex 49.2392 1.38961 -1.19487
      vertex 49.2 1.45744 -1.2
      vertex 49.9437 1.86041 -1.19487
    endloop
  endfacet
  facet normal -0.012793 -0.195182 -0.980684
    outer loop
      vertex 7 0.444709 -1.17955
      vertex 6.14436 0.500791 -1.17955
      vertex 6.15441 0.577107 -1.19487
    endloop
  endfacet
  facet normal 0.0628079 -0.315783 -0.94675
    outer loop
      vertex 46.8653 0.427108 -1.15433
      vertex 46.8556 0.500791 -1.17955
      vertex 47.7159 0.596289 -1.15433
    endloop
  endfacet
  facet normal 0.368388 0.747643 0.552559
    outer loop
      vertex 48.648 144.662 -0.3
      vertex 48.6313 144.622 -0.234744
      vertex 49.4598 144.262 -0.3
    endloop
  endfacet
  facet normal 0.495466 0.434669 0.752048
    outer loop
      vertex 50.8255 143.095 -0.175736
      vertex 50.7838 143.053 -0.123988
      vertex 51.3672 142.388 -0.123988
    endloop
  endfacet
  facet normal 0.320825 0.945453 0.0564829
    outer loop
      vertex 48.6788 144.736 -0.6
      vertex 47.8104 145.026 -0.521685
      vertex 48.6768 144.732 -0.521685
    endloop
  endfacet
  facet normal 0.14123 0.286811 -0.94752
    outer loop
      vertex 49.2776 143.946 -1.17955
      vertex 48.537 144.394 -1.15433
      vertex 49.3148 144.011 -1.15433
    endloop
  endfacet
  facet normal 0.737934 0.647087 0.191654
    outer loop
      vertex 51.5494 142.527 -0.521685
      vertex 50.9461 143.215 -0.521685
      vertex 51.5373 142.518 -0.444709
    endloop
  endfacet
  facet normal 0.178634 0.267576 -0.946833
    outer loop
      vertex 49.9906 143.47 -1.17955
      vertex 49.2776 143.946 -1.17955
      vertex 50.0359 143.529 -1.15433
    endloop
  endfacet
  facet normal 0.254096 0.289602 -0.922803
    outer loop
      vertex 50.9497 143.219 -1
      vertex 50.0359 143.529 -1.15433
      vertex 50.2613 143.823 -1
    endloop
  endfacet
  facet normal -0.0361816 0.550858 0.833814
    outer loop
      vertex 7 145.035 -0.123988
      vertex 6.11696 144.977 -0.123988
      vertex 7 144.969 -0.0803852
    endloop
  endfacet
  facet normal 0.0864381 0.434516 0.896507
    outer loop
      vertex 47.7341 144.741 -0.0803852
      vertex 46.8745 144.912 -0.0803852
      vertex 47.7159 144.673 -0.0456724
    endloop
  endfacet
  facet normal 0.0623351 0.183215 -0.981095
    outer loop
      vertex 48.4791 144.254 -1.19487
      vertex 47.6767 144.527 -1.19487
      vertex 48.5086 144.326 -1.17955
    endloop
  endfacet
  facet normal 0.0653934 0.995832 0.0635786
    outer loop
      vertex 46 145.269 -0.6
      vertex 46 145.264 -0.521685
      vertex 46.9137 145.209 -0.6
    endloop
  endfacet
  facet normal 0.0130533 0.195937 -0.98053
    outer loop
      vertex 46.8456 144.692 -1.19487
      vertex 46 144.825 -1.17955
      vertex 46.8556 144.768 -1.17955
    endloop
  endfacet
  facet normal 0.0211943 0.0622941 -0.997833
    outer loop
      vertex 48.4492 144.182 -1.2
      vertex 47.6767 144.527 -1.19487
      vertex 48.4791 144.254 -1.19487
    endloop
  endfacet
  facet normal 0.143703 0.29081 -0.945927
    outer loop
      vertex 49.2776 143.946 -1.17955
      vertex 48.5086 144.326 -1.17955
      vertex 48.537 144.394 -1.15433
    endloop
  endfacet
  facet normal 0 0.981538 0.191268
    outer loop
      vertex 46 145.264 -0.521685
      vertex 7 145.249 -0.444709
      vertex 46 145.249 -0.444709
    endloop
  endfacet
  facet normal 0 0.981538 0.191268
    outer loop
      vertex 7 145.249 -0.444709
      vertex 46 145.264 -0.521685
      vertex 7 145.264 -0.521685
    endloop
  endfacet
  facet normal -0.0654402 0.995793 0.064136
    outer loop
      vertex 7 145.264 -0.521685
      vertex 6.08632 145.209 -0.6
      vertex 6.08699 145.204 -0.521685
    endloop
  endfacet
  facet normal 0.315023 0.928355 0.197275
    outer loop
      vertex 47.8104 145.026 -0.521685
      vertex 47.8064 145.011 -0.444709
      vertex 48.6768 144.732 -0.521685
    endloop
  endfacet
  facet normal -0.143665 0.290751 -0.945952
    outer loop
      vertex 4.4914 144.326 -1.17955
      vertex 3.72235 143.946 -1.17955
      vertex 4.46296 144.394 -1.15433
    endloop
  endfacet
  facet normal -0.0213182 0.320013 -0.947173
    outer loop
      vertex 6.14436 144.768 -1.17955
      vertex 6.13466 144.842 -1.15433
      vertex 7 144.825 -1.17955
    endloop
  endfacet
  facet normal -0.104365 0.307174 -0.945914
    outer loop
      vertex 4.4914 144.326 -1.17955
      vertex 4.46296 144.394 -1.15433
      vertex 5.28413 144.673 -1.15433
    endloop
  endfacet
  facet normal -0.315027 0.928387 0.197117
    outer loop
      vertex 5.1896 145.026 -0.521685
      vertex 4.32318 144.732 -0.521685
      vertex 5.19356 145.011 -0.444709
    endloop
  endfacet
  facet normal -0.254068 0.289598 -0.922812
    outer loop
      vertex 2.31216 142.957 -1.15433
      vertex 2.05025 143.219 -1
      vertex 2.96415 143.529 -1.15433
    endloop
  endfacet
  facet normal -0.213813 0.320438 -0.922824
    outer loop
      vertex 2.96415 143.529 -1.15433
      vertex 2.73867 143.823 -1
      vertex 3.5 144.331 -1
    endloop
  endfacet
  facet normal -0.0433566 0.0494148 -0.997837
    outer loop
      vertex 2.47452 142.795 -1.2
      vertex 2.41914 142.85 -1.19487
      vertex 3.05625 143.409 -1.19487
    endloop
  endfacet
  facet normal -0.036335 0.0543551 -0.99786
    outer loop
      vertex 3.8 143.812 -1.2
      vertex 3.05625 143.409 -1.19487
      vertex 3.76084 143.88 -1.19487
    endloop
  endfacet
  facet normal -0.496338 -0.435281 0.751118
    outer loop
      vertex 1.63276 2.88157 -0.123988
      vertex 1.58595 2.84565 -0.175736
      vertex 2.17452 2.17452 -0.175736
    endloop
  endfacet
  facet normal -0.92881 -0.315289 0.194691
    outer loop
      vertex 0.551732 4.32904 -0.444709
      vertex 0.258267 5.19356 -0.444709
      vertex 0.537586 4.32318 -0.521685
    endloop
  endfacet
  facet normal -0.592032 -0.29196 0.751171
    outer loop
      vertex 1.14112 3.61737 -0.123988
      vertex 0.749718 4.41105 -0.123988
      vertex 1.09001 3.58787 -0.175736
    endloop
  endfacet
  facet normal -0.787872 -0.267448 0.554733
    outer loop
      vertex 0.647394 4.36866 -0.234744
      vertex 0.316165 5.20907 -0.3
      vertex 0.60711 4.35198 -0.3
    endloop
  endfacet
  facet normal -0.2897 -0.254057 -0.922783
    outer loop
      vertex 2.05025 2.05025 -1
      vertex 1.44653 2.73867 -1
      vertex 1.74038 2.96415 -1.15433
    endloop
  endfacet
  facet normal -0.320381 -0.214073 -0.922783
    outer loop
      vertex 1.44653 2.73867 -1
      vertex 0.937822 3.5 -1
      vertex 1.74038 2.96415 -1.15433
    endloop
  endfacet
  facet normal -0.659341 -0.751844 0
    outer loop
      vertex 2.05025 2.05025 -1
      vertex 2.73867 1.44653 -0.6
      vertex 2.05025 2.05025 -0.6
    endloop
  endfacet
  facet normal -0.659341 -0.751844 -0
    outer loop
      vertex 2.73867 1.44653 -0.6
      vertex 2.05025 2.05025 -1
      vertex 2.73867 1.44653 -1
    endloop
  endfacet
  facet normal -0.896874 -0.442286 0
    outer loop
      vertex 0.937822 3.5 -1
      vertex 0.532844 4.32122 -0.6
      vertex 0.532844 4.32122 -1
    endloop
  endfacet
  facet normal -0.896874 -0.442286 0
    outer loop
      vertex 0.532844 4.32122 -0.6
      vertex 0.937822 3.5 -1
      vertex 0.937822 3.5 -0.6
    endloop
  endfacet
  facet normal -0.43529 -0.496352 0.751104
    outer loop
      vertex 2.21624 2.21624 -0.123988
      vertex 2.17452 2.17452 -0.175736
      vertex 2.88157 1.63276 -0.123988
    endloop
  endfacet
  facet normal -0.366818 -0.418275 0.830957
    outer loop
      vertex 2.26239 2.26239 -0.0803852
      vertex 2.21624 2.21624 -0.123988
      vertex 2.88157 1.63276 -0.123988
    endloop
  endfacet
  facet normal -0.646719 -0.737448 0.194743
    outer loop
      vertex 2.06471 2.06471 -0.444709
      vertex 2.05388 2.05388 -0.521685
      vertex 2.75112 1.46275 -0.444709
    endloop
  endfacet
  facet normal -0.829695 -0.554388 0.065276
    outer loop
      vertex 1.4506 2.7418 -0.521685
      vertex 0.937822 3.5 -0.6
      vertex 1.44653 2.73867 -0.6
    endloop
  endfacet
  facet normal -0.829694 -0.554386 0.0652952
    outer loop
      vertex 0.942268 3.50257 -0.521685
      vertex 0.937822 3.5 -0.6
      vertex 1.4506 2.7418 -0.521685
    endloop
  endfacet
  facet normal -0.750241 -0.657933 0.0652852
    outer loop
      vertex 1.4506 2.7418 -0.521685
      vertex 1.44653 2.73867 -0.6
      vertex 2.05388 2.05388 -0.521685
    endloop
  endfacet
  facet normal -0.29196 -0.592032 0.751171
    outer loop
      vertex 3.61737 1.14112 -0.123988
      vertex 3.58787 1.09001 -0.175736
      vertex 4.41105 0.749718 -0.123988
    endloop
  endfacet
  facet normal -0.246094 -0.499026 0.83091
    outer loop
      vertex 3.65 1.19763 -0.0803852
      vertex 3.61737 1.14112 -0.123988
      vertex 4.41105 0.749718 -0.123988
    endloop
  endfacet
  facet normal -0.315288 -0.928815 0.194668
    outer loop
      vertex 5.19356 0.258267 -0.444709
      vertex 4.32318 0.537586 -0.521685
      vertex 5.1896 0.243478 -0.521685
    endloop
  endfacet
  facet normal 0.0642482 -0.0127782 0.997852
    outer loop
      vertex 52.4229 6.15441 -0.00513363
      vertex 52.1819 5.34356 0
      vertex 52.2576 5.32329 -0.00513363
    endloop
  endfacet
  facet normal -0.288411 -0.849624 0.44154
    outer loop
      vertex 4.35198 0.60711 -0.3
      vertex 4.33869 0.57504 -0.370391
      vertex 5.20907 0.316165 -0.3
    endloop
  endfacet
  facet normal -0.0751723 -0.377917 -0.922783
    outer loop
      vertex 6.08632 0.059886 -1
      vertex 5.28413 0.596289 -1.15433
      vertex 6.13466 0.427108 -1.15433
    endloop
  endfacet
  facet normal 0.0544165 -0.830237 0.554748
    outer loop
      vertex 46 0.123988 -0.234744
      vertex 46 0.0803852 -0.3
      vertex 46.9032 0.139584 -0.3
    endloop
  endfacet
  facet normal -0.195072 -0.0127855 0.980706
    outer loop
      vertex 0.521685 7 -0.00513363
      vertex 0.444709 7 -0.0204449
      vertex 0.577107 6.15441 -0.00513363
    endloop
  endfacet
  facet normal -0.712256 0.241691 0.658997
    outer loop
      vertex 0.647394 140.901 -0.234744
      vertex 0.358283 140.049 -0.234744
      vertex 0.695203 140.881 -0.175736
    endloop
  endfacet
  facet normal -0.592073 -0.291974 0.751133
    outer loop
      vertex 0.749718 4.41105 -0.123988
      vertex 0.695203 4.38847 -0.175736
      vertex 1.09001 3.58787 -0.175736
    endloop
  endfacet
  facet normal -0.746223 -0.367997 0.554734
    outer loop
      vertex 1.0452 3.56199 -0.234744
      vertex 0.647394 4.36866 -0.234744
      vertex 1.00744 3.54019 -0.3
    endloop
  endfacet
  facet normal -0.267784 -0.17893 0.946718
    outer loop
      vertex 1.79934 3.00939 -0.0204449
      vertex 1.32295 3.72235 -0.0204449
      vertex 1.74038 2.96415 -0.0456724
    endloop
  endfacet
  facet normal -0.462618 -0.30911 0.830925
    outer loop
      vertex 1.68453 2.9213 -0.0803852
      vertex 1.19763 3.65 -0.0803852
      vertex 1.63276 2.88157 -0.123988
    endloop
  endfacet
  facet normal -0.108612 -0.162547 0.980705
    outer loop
      vertex 3.76084 1.38961 -0.00513363
      vertex 3.05625 1.86041 -0.00513363
      vertex 3.72235 1.32295 -0.0204449
    endloop
  endfacet
  facet normal -0.0864645 -0.175335 0.980705
    outer loop
      vertex 3.76084 1.38961 -0.00513363
      vertex 3.72235 1.32295 -0.0204449
      vertex 4.4914 0.943701 -0.0204449
    endloop
  endfacet
  facet normal -0.496178 -0.565777 0.658562
    outer loop
      vertex 2.84565 1.58595 -0.175736
      vertex 2.17452 2.17452 -0.175736
      vertex 2.81415 1.54489 -0.234744
    endloop
  endfacet
  facet normal -0.548538 -0.625498 0.55485
    outer loop
      vertex 2.13793 2.13793 -0.234744
      vertex 2.10709 2.10709 -0.3
      vertex 2.78761 1.5103 -0.3
    endloop
  endfacet
  facet normal -0.498473 -0.746014 0.441575
    outer loop
      vertex 2.78761 1.5103 -0.3
      vertex 2.76647 1.48276 -0.370391
      vertex 3.54019 1.00744 -0.3
    endloop
  endfacet
  facet normal -0.591583 -0.674562 0.441583
    outer loop
      vertex 2.78761 1.5103 -0.3
      vertex 2.08255 2.08255 -0.370391
      vertex 2.76647 1.48276 -0.370391
    endloop
  endfacet
  facet normal 0.980813 -0 0.19495
    outer loop
      vertex 52.9796 7 -0.444709
      vertex 52.9949 138.269 -0.521685
      vertex 52.9796 138.269 -0.444709
    endloop
  endfacet
  facet normal 0.980813 0 0.19495
    outer loop
      vertex 52.9949 138.269 -0.521685
      vertex 52.9796 7 -0.444709
      vertex 52.9949 7 -0.521685
    endloop
  endfacet
  facet normal 0.978789 0.0642163 0.194547
    outer loop
      vertex 52.9949 138.269 -0.521685
      vertex 52.935 139.182 -0.521685
      vertex 52.9796 138.269 -0.444709
    endloop
  endfacet
  facet normal 0.00426363 0.0659599 0.997813
    outer loop
      vertex 46.8456 144.692 -0.00513363
      vertex 46 144.669 0
      vertex 46.8354 144.615 0
    endloop
  endfacet
  facet normal 0.065364 -0.00428786 0.997852
    outer loop
      vertex 52.4 7 0
      vertex 52.3452 6.16463 0
      vertex 52.4229 6.15441 -0.00513363
    endloop
  endfacet
  facet normal -0.0381394 -0.191738 0.980705
    outer loop
      vertex 5.32329 0.742428 -0.00513363
      vertex 5.30337 0.668076 -0.0204449
      vertex 6.14436 0.500791 -0.0204449
    endloop
  endfacet
  facet normal 0 -0.321439 0.94693
    outer loop
      vertex 7 0.444709 -0.0204449
      vertex 46 0.370391 -0.0456724
      vertex 46 0.444709 -0.0204449
    endloop
  endfacet
  facet normal 0 -0.321439 0.94693
    outer loop
      vertex 46 0.370391 -0.0456724
      vertex 7 0.444709 -0.0204449
      vertex 7 0.370391 -0.0456724
    endloop
  endfacet
  facet normal 0.750216 -0.657933 0.0655713
    outer loop
      vertex 51.5494 2.7418 -0.521685
      vertex 50.9461 2.05388 -0.521685
      vertex 51.5535 2.73867 -0.6
    endloop
  endfacet
  facet normal 0.332943 -0.291994 0.896598
    outer loop
      vertex 51.2596 2.96415 -0.0456724
      vertex 50.6878 2.31216 -0.0456724
      vertex 51.3155 2.9213 -0.0803852
    endloop
  endfacet
  facet normal -0.128783 -0.647441 0.751156
    outer loop
      vertex 6.11696 0.292622 -0.123988
      vertex 5.24902 0.465264 -0.123988
      vertex 6.10925 0.234118 -0.175736
    endloop
  endfacet
  facet normal -0.195957 -0.397361 0.896496
    outer loop
      vertex 4.46296 0.875039 -0.0456724
      vertex 3.65 1.19763 -0.0803852
      vertex 4.43602 0.810008 -0.0803852
    endloop
  endfacet
  facet normal -0.0289772 -0.442104 0.896496
    outer loop
      vertex 6.13466 0.427108 -0.0456724
      vertex 6.12547 0.35732 -0.0803852
      vertex 7 0.3 -0.0803852
    endloop
  endfacet
  facet normal -0.142414 -0.419537 0.896497
    outer loop
      vertex 5.28413 0.596289 -0.0456724
      vertex 4.46296 0.875039 -0.0456724
      vertex 5.26591 0.528297 -0.0803852
    endloop
  endfacet
  facet normal -0.0210634 -0.321367 0.94672
    outer loop
      vertex 7 0.444709 -0.0204449
      vertex 6.13466 0.427108 -0.0456724
      vertex 7 0.370391 -0.0456724
    endloop
  endfacet
  facet normal -0.108546 -0.5457 0.830921
    outer loop
      vertex 5.26591 0.528297 -0.0803852
      vertex 5.24902 0.465264 -0.123988
      vertex 6.12547 0.35732 -0.0803852
    endloop
  endfacet
  facet normal 0.315717 -0.0628072 -0.946772
    outer loop
      vertex 52.5729 6.13466 -1.15433
      vertex 52.4037 5.28413 -1.15433
      vertex 52.4992 6.14436 -1.17955
    endloop
  endfacet
  facet normal 0.254078 -0.28968 -0.922784
    outer loop
      vertex 50.9497 2.05025 -1
      vertex 50.0359 1.74038 -1.15433
      vertex 50.6878 2.31216 -1.15433
    endloop
  endfacet
  facet normal 0.064237 0.012777 -0.997853
    outer loop
      vertex 52.3452 139.105 -1.2
      vertex 52.1819 139.926 -1.2
      vertex 52.4229 139.115 -1.19487
    endloop
  endfacet
  facet normal 0.19188 -0.0381626 -0.980676
    outer loop
      vertex 52.4992 6.14436 -1.17955
      vertex 52.2576 5.32329 -1.19487
      vertex 52.4229 6.15441 -1.19487
    endloop
  endfacet
  facet normal 0.064203 -0.0127692 -0.997855
    outer loop
      vertex 52.2576 5.32329 -1.19487
      vertex 52.1819 5.34356 -1.2
      vertex 52.4229 6.15441 -1.19487
    endloop
  endfacet
  facet normal 0.0619812 0.021052 -0.997855
    outer loop
      vertex 52.2576 139.946 -1.19487
      vertex 51.9128 140.718 -1.2
      vertex 51.9852 140.748 -1.19487
    endloop
  endfacet
  facet normal 0.0431772 -0.0492411 -0.997853
    outer loop
      vertex 50.5809 2.41914 -1.19487
      vertex 49.9437 1.86041 -1.19487
      vertex 50.5255 2.47452 -1.2
    endloop
  endfacet
  facet normal 0.384534 0.0252009 -0.922767
    outer loop
      vertex 53 138.269 -1
      vertex 52.5729 139.135 -1.15433
      vertex 52.9401 139.183 -1
    endloop
  endfacet
  facet normal 0.0587076 0.0289521 -0.997855
    outer loop
      vertex 51.9128 140.718 -1.2
      vertex 51.6104 141.508 -1.19487
      vertex 51.9852 140.748 -1.19487
    endloop
  endfacet
  facet normal 0.829556 0.553799 0.0717152
    outer loop
      vertex 51.5535 142.531 -0.6
      vertex 51.5494 142.527 -0.521685
      vertex 52.0622 141.769 -0.6
    endloop
  endfacet
  facet normal 0.946932 0.321433 0
    outer loop
      vertex 52.7615 140.081 -0.6
      vertex 52.4672 140.948 -1
      vertex 52.4672 140.948 -0.6
    endloop
  endfacet
  facet normal 0.946932 0.321433 0
    outer loop
      vertex 52.4672 140.948 -1
      vertex 52.7615 140.081 -0.6
      vertex 52.7615 140.081 -1
    endloop
  endfacet
  facet normal 0.0432732 0.0493409 -0.997844
    outer loop
      vertex 50.5255 142.795 -1.2
      vertex 49.8961 143.347 -1.2
      vertex 49.9437 143.409 -1.19487
    endloop
  endfacet
  facet normal 0.34547 0.170421 -0.922826
    outer loop
      vertex 52.125 140.806 -1.15433
      vertex 52.0622 141.769 -1
      vertex 52.4672 140.948 -1
    endloop
  endfacet
  facet normal 0.384513 -0.0252083 -0.922775
    outer loop
      vertex 52.9401 6.08632 -1
      vertex 52.5729 6.13466 -1.15433
      vertex 53 7 -1
    endloop
  endfacet
  facet normal 0.19512 0.0127774 -0.980696
    outer loop
      vertex 52.4783 138.269 -1.19487
      vertex 52.4229 139.115 -1.19487
      vertex 52.5553 138.269 -1.17955
    endloop
  endfacet
  facet normal 0.364853 -0.123829 -0.922794
    outer loop
      vertex 52.7615 5.18827 -1
      vertex 52.125 4.46296 -1.15433
      vertex 52.4037 5.28413 -1.15433
    endloop
  endfacet
  facet normal 0.304755 -0.103432 -0.946798
    outer loop
      vertex 52.125 4.46296 -1.15433
      vertex 52.0563 4.4914 -1.17955
      vertex 52.4037 5.28413 -1.15433
    endloop
  endfacet
  facet normal 0.944827 0.0620204 0.321646
    outer loop
      vertex 52.9796 138.269 -0.444709
      vertex 52.9198 139.18 -0.444709
      vertex 52.9543 138.269 -0.370391
    endloop
  endfacet
  facet normal 0.997886 -0 0.064984
    outer loop
      vertex 52.9949 7 -0.521685
      vertex 53 138.269 -0.6
      vertex 52.9949 138.269 -0.521685
    endloop
  endfacet
  facet normal 0.997886 0 0.064984
    outer loop
      vertex 53 138.269 -0.6
      vertex 52.9949 7 -0.521685
      vertex 53 7 -0.6
    endloop
  endfacet
  facet normal 0.978718 0.194654 0.0649715
    outer loop
      vertex 52.7615 140.081 -0.6
      vertex 52.7565 140.08 -0.521685
      vertex 52.9401 139.183 -0.6
    endloop
  endfacet
  facet normal -0.0654209 0.00428476 0.997849
    outer loop
      vertex 0.654754 139.105 0
      vertex 0.577107 139.115 -0.00513363
      vertex 0.6 138.269 0
    endloop
  endfacet
  facet normal 0.0642823 0.012786 0.99785
    outer loop
      vertex 52.4229 139.115 -0.00513363
      vertex 52.1819 139.926 0
      vertex 52.3452 139.105 0
    endloop
  endfacet
  facet normal -0.0289895 -0.0587846 0.99785
    outer loop
      vertex 3.8 1.45744 0
      vertex 3.76084 1.38961 -0.00513363
      vertex 4.55083 1.08717 0
    endloop
  endfacet
  facet normal -0.0381389 -0.191736 0.980705
    outer loop
      vertex 6.15441 0.577107 -0.00513363
      vertex 5.32329 0.742428 -0.00513363
      vertex 6.14436 0.500791 -0.0204449
    endloop
  endfacet
  facet normal 0.548483 0.366074 0.751769
    outer loop
      vertex 51.4141 142.424 -0.175736
      vertex 51.3672 142.388 -0.123988
      vertex 51.91 141.681 -0.175736
    endloop
  endfacet
  facet normal 0.194435 0.980915 -0
    outer loop
      vertex 47.8117 145.031 -1
      vertex 46.9137 145.209 -0.6
      vertex 47.8117 145.031 -0.6
    endloop
  endfacet
  facet normal 0.194435 0.980915 0
    outer loop
      vertex 46.9137 145.209 -0.6
      vertex 47.8117 145.031 -1
      vertex 46.9137 145.209 -1
    endloop
  endfacet
  facet normal 0.288979 0.142484 0.946673
    outer loop
      vertex 51.7414 141.584 -0.0456724
      vertex 51.677 141.547 -0.0204449
      vertex 52.125 140.806 -0.0456724
    endloop
  endfacet
  facet normal 0.30535 0.103655 0.946582
    outer loop
      vertex 52.125 140.806 -0.0456724
      vertex 52.0563 140.778 -0.0204449
      vertex 52.4037 139.985 -0.0456724
    endloop
  endfacet
  facet normal 0.242735 0.212877 0.946448
    outer loop
      vertex 51.2596 142.305 -0.0456724
      vertex 50.6878 142.957 -0.0456724
      vertex 51.2007 142.26 -0.0204449
    endloop
  endfacet
  facet normal 0.162099 0.10825 0.980819
    outer loop
      vertex 51.677 141.547 -0.0204449
      vertex 51.1396 142.213 -0.00513363
      vertex 51.6104 141.508 -0.00513363
    endloop
  endfacet
  facet normal 0.315278 -0.928864 0.194454
    outer loop
      vertex 48.671 0.551732 -0.444709
      vertex 47.8064 0.258267 -0.444709
      vertex 48.6768 0.537586 -0.521685
    endloop
  endfacet
  facet normal 0.434655 0.495239 0.752206
    outer loop
      vertex 50.8255 143.095 -0.175736
      vertex 50.1184 143.637 -0.123988
      vertex 50.7838 143.053 -0.123988
    endloop
  endfacet
  facet normal 0.659392 0 0.751799
    outer loop
      vertex 52.7653 138.269 -0.123988
      vertex 52.8243 7 -0.175736
      vertex 52.8243 138.269 -0.175736
    endloop
  endfacet
  facet normal 0.659392 0 0.751799
    outer loop
      vertex 52.8243 7 -0.175736
      vertex 52.7653 138.269 -0.123988
      vertex 52.7653 7 -0.123988
    endloop
  endfacet
  facet normal 0.315989 0.0628596 0.946678
    outer loop
      vertex 52.4037 139.985 -0.0456724
      vertex 52.3319 139.966 -0.0204449
      vertex 52.4992 139.125 -0.0204449
    endloop
  endfacet
  facet normal 0.305197 0.103587 0.946638
    outer loop
      vertex 52.4037 139.985 -0.0456724
      vertex 52.0563 140.778 -0.0204449
      vertex 52.3319 139.966 -0.0204449
    endloop
  endfacet
  facet normal 0.195029 0 0.980797
    outer loop
      vertex 52.4783 138.269 -0.00513363
      vertex 52.5553 7 -0.0204449
      vertex 52.5553 138.269 -0.0204449
    endloop
  endfacet
  facet normal 0.195029 0 0.980797
    outer loop
      vertex 52.5553 7 -0.0204449
      vertex 52.4783 138.269 -0.00513363
      vertex 52.4783 7 -0.00513363
    endloop
  endfacet
  facet normal 0.555393 0.0363703 0.830792
    outer loop
      vertex 52.7074 139.152 -0.123988
      vertex 52.6427 139.144 -0.0803852
      vertex 52.7 138.269 -0.0803852
    endloop
  endfacet
  facet normal 0.434696 0.0865343 0.89641
    outer loop
      vertex 52.4717 140.003 -0.0803852
      vertex 52.4037 139.985 -0.0456724
      vertex 52.6427 139.144 -0.0803852
    endloop
  endfacet
  facet normal 0.442109 0.0289519 0.896494
    outer loop
      vertex 52.6427 139.144 -0.0803852
      vertex 52.5729 139.135 -0.0456724
      vertex 52.7 138.269 -0.0803852
    endloop
  endfacet
  facet normal 0.555313 0 0.831642
    outer loop
      vertex 52.7 138.269 -0.0803852
      vertex 52.7653 7 -0.123988
      vertex 52.7653 138.269 -0.123988
    endloop
  endfacet
  facet normal 0.555313 0 0.831642
    outer loop
      vertex 52.7653 7 -0.123988
      vertex 52.7 138.269 -0.0803852
      vertex 52.7 7 -0.0803852
    endloop
  endfacet
  facet normal 0.646568 0.128575 0.751943
    outer loop
      vertex 52.5917 140.036 -0.175736
      vertex 52.5347 140.02 -0.123988
      vertex 52.7659 139.16 -0.175736
    endloop
  endfacet
  facet normal 0.849352 0.28811 0.442261
    outer loop
      vertex 52.7174 140.069 -0.370391
      vertex 52.425 140.931 -0.370391
      vertex 52.6838 140.06 -0.3
    endloop
  endfacet
  facet normal 0.978711 0.0642447 0.19493
    outer loop
      vertex 52.935 139.182 -0.521685
      vertex 52.9198 139.18 -0.444709
      vertex 52.9796 138.269 -0.444709
    endloop
  endfacet
  facet normal 0.713263 0.242172 0.65773
    outer loop
      vertex 52.6417 140.049 -0.234744
      vertex 52.3048 140.881 -0.175736
      vertex 52.5917 140.036 -0.175736
    endloop
  endfacet
  facet normal 0.71231 0.241701 0.658935
    outer loop
      vertex 52.3526 140.901 -0.234744
      vertex 52.3048 140.881 -0.175736
      vertex 52.6417 140.049 -0.234744
    endloop
  endfacet
  facet normal 0.850289 0.419824 0.317422
    outer loop
      vertex 52.4483 140.94 -0.444709
      vertex 52.0226 141.746 -0.370391
      vertex 52.425 140.931 -0.370391
    endloop
  endfacet
  facet normal 0.831697 0.555229 0
    outer loop
      vertex 52.0622 141.769 -0.6
      vertex 51.5535 142.531 -1
      vertex 51.5535 142.531 -0.6
    endloop
  endfacet
  facet normal 0.831697 0.555229 0
    outer loop
      vertex 51.5535 142.531 -1
      vertex 52.0622 141.769 -0.6
      vertex 52.0622 141.769 -1
    endloop
  endfacet
  facet normal -0.944911 -0.320754 0.0652681
    outer loop
      vertex 0.243478 5.1896 -0.521685
      vertex 0.23852 5.18827 -0.6
      vertex 0.532844 4.32122 -0.6
    endloop
  endfacet
  facet normal -0.94693 -0.32144 0
    outer loop
      vertex 0.532844 4.32122 -1
      vertex 0.23852 5.18827 -0.6
      vertex 0.23852 5.18827 -1
    endloop
  endfacet
  facet normal -0.94693 -0.32144 0
    outer loop
      vertex 0.23852 5.18827 -0.6
      vertex 0.532844 4.32122 -1
      vertex 0.532844 4.32122 -0.6
    endloop
  endfacet
  facet normal -0.738086 -0.146816 0.658539
    outer loop
      vertex 0.408268 5.23375 -0.175736
      vertex 0.234118 6.10925 -0.175736
      vertex 0.358283 5.22036 -0.234744
    endloop
  endfacet
  facet normal -0.647441 -0.128783 0.751156
    outer loop
      vertex 0.292622 6.11696 -0.123988
      vertex 0.234118 6.10925 -0.175736
      vertex 0.465264 5.24902 -0.123988
    endloop
  endfacet
  facet normal 0.526813 -0.178823 0.830957
    outer loop
      vertex 52.4717 5.26591 -0.0803852
      vertex 52.19 4.43602 -0.0803852
      vertex 52.2503 4.41105 -0.123988
    endloop
  endfacet
  facet normal -0.0621351 0.0211114 0.997844
    outer loop
      vertex 1.08717 140.718 0
      vertex 0.742428 139.946 -0.00513363
      vertex 0.818075 139.926 0
    endloop
  endfacet
  facet normal -0.049282 -0.0432193 0.997849
    outer loop
      vertex 1.92254 3.10393 0
      vertex 1.86041 3.05625 -0.00513363
      vertex 2.47452 2.47452 0
    endloop
  endfacet
  facet normal -0.0643331 0.0127986 0.997846
    outer loop
      vertex 0.742428 139.946 -0.00513363
      vertex 0.577107 139.115 -0.00513363
      vertex 0.818075 139.926 0
    endloop
  endfacet
  facet normal -0.305476 0.103717 0.946534
    outer loop
      vertex 0.875039 140.806 -0.0456724
      vertex 0.596289 139.985 -0.0456724
      vertex 0.943701 140.778 -0.0204449
    endloop
  endfacet
  facet normal -0.185061 0.0628172 0.980717
    outer loop
      vertex 0.943701 140.778 -0.0204449
      vertex 0.668076 139.966 -0.0204449
      vertex 0.742428 139.946 -0.00513363
    endloop
  endfacet
  facet normal -0.0623024 0.945969 0.318217
    outer loop
      vertex 7 145.249 -0.444709
      vertex 6.08899 145.189 -0.444709
      vertex 7 145.224 -0.370391
    endloop
  endfacet
  facet normal -0.321404 0.944655 0.0657696
    outer loop
      vertex 5.18827 145.031 -0.6
      vertex 4.32122 144.736 -0.6
      vertex 5.1896 145.026 -0.521685
    endloop
  endfacet
  facet normal -0.658406 0.749885 0.0646153
    outer loop
      vertex 2.73867 143.823 -0.6
      vertex 2.05388 143.215 -0.521685
      vertex 2.7418 143.819 -0.521685
    endloop
  endfacet
  facet normal -0.184937 0.930327 0.316686
    outer loop
      vertex 6.08899 145.189 -0.444709
      vertex 5.19356 145.011 -0.444709
      vertex 5.20009 144.987 -0.370391
    endloop
  endfacet
  facet normal 0.146323 0.128337 0.980877
    outer loop
      vertex 50.6353 142.905 -0.0204449
      vertex 50.5809 142.85 -0.00513363
      vertex 51.1396 142.213 -0.00513363
    endloop
  endfacet
  facet normal -0.0289169 0.0586801 0.997858
    outer loop
      vertex 4.55083 144.182 0
      vertex 3.76084 143.88 -0.00513363
      vertex 3.8 143.812 0
    endloop
  endfacet
  facet normal -0.104393 0.307255 0.945884
    outer loop
      vertex 5.28413 144.673 -0.0456724
      vertex 4.46296 144.394 -0.0456724
      vertex 4.4914 144.326 -0.0204449
    endloop
  endfacet
  facet normal -0.369178 0.552443 0.747338
    outer loop
      vertex 3.58787 144.179 -0.175736
      vertex 2.84565 143.683 -0.175736
      vertex 2.88157 143.637 -0.123988
    endloop
  endfacet
  facet normal -0.746471 0.4985 0.440771
    outer loop
      vertex 1.48276 142.503 -0.370391
      vertex 1.00744 141.729 -0.3
      vertex 1.5103 142.482 -0.3
    endloop
  endfacet
  facet normal -0.1748 0.0862017 0.980823
    outer loop
      vertex 1.38961 141.508 -0.00513363
      vertex 0.943701 140.778 -0.0204449
      vertex 1.01482 140.748 -0.00513363
    endloop
  endfacet
  facet normal -0.5543 0.830108 0.0605885
    outer loop
      vertex 3.5 144.331 -0.6
      vertex 2.7418 143.819 -0.521685
      vertex 3.50257 144.327 -0.521685
    endloop
  endfacet
  facet normal -0.659514 0.751693 0
    outer loop
      vertex 2.73867 143.823 -1
      vertex 2.05025 143.219 -0.6
      vertex 2.73867 143.823 -0.6
    endloop
  endfacet
  facet normal -0.659514 0.751693 0
    outer loop
      vertex 2.05025 143.219 -0.6
      vertex 2.73867 143.823 -1
      vertex 2.05025 143.219 -1
    endloop
  endfacet
  facet normal -0.320262 0.213806 -0.922886
    outer loop
      vertex 1.74038 142.305 -1.15433
      vertex 0.937822 141.769 -1
      vertex 1.44653 142.531 -1
    endloop
  endfacet
  facet normal -0.944856 0.320889 0.0654062
    outer loop
      vertex 0.532844 140.948 -0.6
      vertex 0.243478 140.08 -0.521685
      vertex 0.537586 140.946 -0.521685
    endloop
  endfacet
  facet normal -0.848522 0.288067 0.443878
    outer loop
      vertex 0.57504 140.931 -0.370391
      vertex 0.316165 140.06 -0.3
      vertex 0.60711 140.917 -0.3
    endloop
  endfacet
  facet normal -0.0587828 0.0289884 0.99785
    outer loop
      vertex 1.38961 141.508 -0.00513363
      vertex 1.01482 140.748 -0.00513363
      vertex 1.08717 140.718 0
    endloop
  endfacet
  facet normal -0.747851 0.368703 0.552067
    outer loop
      vertex 1.00744 141.729 -0.3
      vertex 0.60711 140.917 -0.3
      vertex 0.647394 140.901 -0.234744
    endloop
  endfacet
  facet normal -0.546288 0.108655 0.83052
    outer loop
      vertex 0.465264 140.02 -0.123988
      vertex 0.292622 139.152 -0.123988
      vertex 0.35732 139.144 -0.0803852
    endloop
  endfacet
  facet normal 0.0587659 -0.0289748 -0.997851
    outer loop
      vertex 51.6104 3.76084 -1.19487
      vertex 51.5426 3.8 -1.2
      vertex 51.9128 4.55083 -1.2
    endloop
  endfacet
  facet normal -0.129 0.147193 -0.98066
    outer loop
      vertex 3.05625 143.409 -1.19487
      vertex 2.36471 142.905 -1.17955
      vertex 3.00939 143.47 -1.17955
    endloop
  endfacet
  facet normal -0.0642794 0.0127871 -0.99785
    outer loop
      vertex 0.654754 139.105 -1.2
      vertex 0.577107 139.115 -1.19487
      vertex 0.818075 139.926 -1.2
    endloop
  endfacet
  facet normal -0.377892 0.0751719 -0.922793
    outer loop
      vertex 0.596289 139.985 -1.15433
      vertex 0.059886 139.183 -1
      vertex 0.23852 140.081 -1
    endloop
  endfacet
  facet normal -0.434537 -0.0864348 0.896497
    outer loop
      vertex 0.596289 5.28413 -0.0456724
      vertex 0.35732 6.12547 -0.0803852
      vertex 0.528297 5.26591 -0.0803852
    endloop
  endfacet
  facet normal -0.31586 -0.0628291 0.946723
    outer loop
      vertex 0.668076 5.30337 -0.0204449
      vertex 0.500791 6.14436 -0.0204449
      vertex 0.596289 5.28413 -0.0456724
    endloop
  endfacet
  facet normal -0.195075 -0.012786 0.980705
    outer loop
      vertex 0.577107 6.15441 -0.00513363
      vertex 0.444709 7 -0.0204449
      vertex 0.500791 6.14436 -0.0204449
    endloop
  endfacet
  facet normal -0.191736 -0.0381389 0.980705
    outer loop
      vertex 0.577107 6.15441 -0.00513363
      vertex 0.500791 6.14436 -0.0204449
      vertex 0.742428 5.32329 -0.00513363
    endloop
  endfacet
  facet normal -0.0620711 -0.0210703 0.997849
    outer loop
      vertex 0.818075 5.34356 0
      vertex 0.742428 5.32329 -0.00513363
      vertex 1.08717 4.55083 0
    endloop
  endfacet
  facet normal -0.242138 -0.21235 0.946719
    outer loop
      vertex 2.36471 2.36471 -0.0204449
      vertex 1.79934 3.00939 -0.0204449
      vertex 2.31216 2.31216 -0.0456724
    endloop
  endfacet
  facet normal -0.058793 -0.0289927 0.997849
    outer loop
      vertex 1.08717 4.55083 0
      vertex 1.01482 4.52086 -0.00513363
      vertex 1.38961 3.76084 -0.00513363
    endloop
  endfacet
  facet normal -0.191843 -0.0381603 -0.980683
    outer loop
      vertex 0.668076 5.30337 -1.17955
      vertex 0.500791 6.14436 -1.17955
      vertex 0.742428 5.32329 -1.19487
    endloop
  endfacet
  facet normal -0.191841 -0.0381598 -0.980684
    outer loop
      vertex 0.742428 5.32329 -1.19487
      vertex 0.500791 6.14436 -1.17955
      vertex 0.577107 6.15441 -1.19487
    endloop
  endfacet
  facet normal 0.0491472 0.0430623 -0.997863
    outer loop
      vertex 51.0775 142.165 -1.2
      vertex 50.5255 142.795 -1.2
      vertex 51.1396 142.213 -1.19487
    endloop
  endfacet
  facet normal -0.065364 0.00428204 -0.997852
    outer loop
      vertex 0.6 138.269 -1.2
      vertex 0.521685 138.269 -1.19487
      vertex 0.577107 139.115 -1.19487
    endloop
  endfacet
  facet normal -0.0653646 0 -0.997861
    outer loop
      vertex 0.521685 7 -1.19487
      vertex 0.6 138.269 -1.2
      vertex 0.6 7 -1.2
    endloop
  endfacet
  facet normal -0.0653646 0 -0.997861
    outer loop
      vertex 0.6 138.269 -1.2
      vertex 0.521685 7 -1.19487
      vertex 0.521685 138.269 -1.19487
    endloop
  endfacet
  facet normal -0.065364 -0.00428411 -0.997852
    outer loop
      vertex 0.577107 6.15441 -1.19487
      vertex 0.521685 7 -1.19487
      vertex 0.6 7 -1.2
    endloop
  endfacet
  facet normal -0.384494 0.0251817 -0.922784
    outer loop
      vertex 0.370391 138.269 -1.15433
      vertex 0 138.269 -1
      vertex 0.427108 139.135 -1.15433
    endloop
  endfacet
  facet normal -0.962021 -0.191358 0.194672
    outer loop
      vertex 0.258267 5.19356 -0.444709
      vertex 0.0649757 6.08699 -0.521685
      vertex 0.243478 5.1896 -0.521685
    endloop
  endfacet
  facet normal -0.830236 0.0544286 0.554748
    outer loop
      vertex 0.139584 139.172 -0.3
      vertex 0.0803852 138.269 -0.3
      vertex 0.123988 138.269 -0.234744
    endloop
  endfacet
  facet normal -0.995731 -0.0652639 0.0652712
    outer loop
      vertex 0.00513363 7 -0.521685
      vertex 0 7 -0.6
      vertex 0.059886 6.08632 -0.6
    endloop
  endfacet
  facet normal -0.978766 -0.0641519 0.194686
    outer loop
      vertex 0.0204449 7 -0.444709
      vertex 0.00513363 7 -0.521685
      vertex 0.0649757 6.08699 -0.521685
    endloop
  endfacet
  facet normal -0.946924 0.321456 0
    outer loop
      vertex 0.23852 140.081 -1
      vertex 0.532844 140.948 -0.6
      vertex 0.532844 140.948 -1
    endloop
  endfacet
  facet normal -0.946924 0.321456 0
    outer loop
      vertex 0.532844 140.948 -0.6
      vertex 0.23852 140.081 -1
      vertex 0.23852 140.081 -0.6
    endloop
  endfacet
  facet normal -0.787027 0.525431 0.323281
    outer loop
      vertex 1.48276 142.503 -0.370391
      vertex 0.955528 141.759 -0.444709
      vertex 0.977376 141.746 -0.370391
    endloop
  endfacet
  facet normal -0.289036 0.142494 -0.946654
    outer loop
      vertex 1.32295 141.547 -1.17955
      vertex 0.875039 140.806 -1.15433
      vertex 1.25859 141.584 -1.15433
    endloop
  endfacet
  facet normal -0.978666 0.194537 0.0660877
    outer loop
      vertex 0.243478 140.08 -0.521685
      vertex 0.059886 139.183 -0.6
      vertex 0.0649757 139.182 -0.521685
    endloop
  endfacet
  facet normal 0.0492379 -0.0431782 -0.997853
    outer loop
      vertex 50.5809 2.41914 -1.19487
      vertex 50.5255 2.47452 -1.2
      vertex 51.1396 3.05625 -1.19487
    endloop
  endfacet
  facet normal -0.191864 0.0381699 -0.980679
    outer loop
      vertex 0.577107 139.115 -1.19487
      vertex 0.500791 139.125 -1.17955
      vertex 0.742428 139.946 -1.19487
    endloop
  endfacet
  facet normal 0.175456 -0.0865254 -0.980678
    outer loop
      vertex 52.0563 4.4914 -1.17955
      vertex 51.6104 3.76084 -1.19487
      vertex 51.9852 4.52086 -1.19487
    endloop
  endfacet
  facet normal 0.288651 -0.142366 -0.94679
    outer loop
      vertex 51.7414 3.6852 -1.15433
      vertex 51.677 3.72235 -1.17955
      vertex 52.125 4.46296 -1.15433
    endloop
  endfacet
  facet normal 0.00428408 -0.0653636 -0.997852
    outer loop
      vertex 46.8456 0.577107 -1.19487
      vertex 46 0.6 -1.2
      vertex 46.8354 0.654754 -1.2
    endloop
  endfacet
  facet normal -0.0491339 0.0430491 -0.997864
    outer loop
      vertex 1.92254 142.165 -1.2
      vertex 1.86041 142.213 -1.19487
      vertex 2.47452 142.795 -1.2
    endloop
  endfacet
  facet normal -0.00428411 -0.065364 -0.997852
    outer loop
      vertex 7 0.521685 -1.19487
      vertex 6.15441 0.577107 -1.19487
      vertex 7 0.6 -1.2
    endloop
  endfacet
  facet normal 0.14237 -0.288711 -0.946772
    outer loop
      vertex 49.3148 1.25859 -1.15433
      vertex 48.537 0.875039 -1.15433
      vertex 49.2776 1.32295 -1.17955
    endloop
  endfacet
  facet normal -0.0210579 -0.321279 -0.94675
    outer loop
      vertex 7 0.444709 -1.17955
      vertex 6.13466 0.427108 -1.15433
      vertex 6.14436 0.500791 -1.17955
    endloop
  endfacet
  facet normal -0.0381598 -0.191841 -0.980684
    outer loop
      vertex 6.14436 0.500791 -1.17955
      vertex 5.32329 0.742428 -1.19487
      vertex 6.15441 0.577107 -1.19487
    endloop
  endfacet
  facet normal 0.212182 0.241821 -0.946838
    outer loop
      vertex 50.6878 142.957 -1.15433
      vertex 49.9906 143.47 -1.17955
      vertex 50.0359 143.529 -1.15433
    endloop
  endfacet
  facet normal 0.213367 0.243465 -0.94615
    outer loop
      vertex 50.6353 142.905 -1.17955
      vertex 49.9906 143.47 -1.17955
      vertex 50.6878 142.957 -1.15433
    endloop
  endfacet
  facet normal 0.0288909 0.0586251 -0.997862
    outer loop
      vertex 49.2 143.812 -1.2
      vertex 48.4492 144.182 -1.2
      vertex 49.2392 143.88 -1.19487
    endloop
  endfacet
  facet normal 0.036328 0.0543378 -0.997862
    outer loop
      vertex 49.9437 143.409 -1.19487
      vertex 49.2 143.812 -1.2
      vertex 49.2392 143.88 -1.19487
    endloop
  endfacet
  facet normal 0.214442 0.320818 -0.922546
    outer loop
      vertex 50.0359 143.529 -1.15433
      vertex 49.3148 144.011 -1.15433
      vertex 49.5 144.331 -1
    endloop
  endfacet
  facet normal 0.177734 0.265901 -0.947474
    outer loop
      vertex 50.0359 143.529 -1.15433
      vertex 49.2776 143.946 -1.17955
      vertex 49.3148 144.011 -1.15433
    endloop
  endfacet
  facet normal 0.647762 0.738578 0.186832
    outer loop
      vertex 50.9461 143.215 -0.521685
      vertex 50.2489 143.807 -0.444709
      vertex 50.9353 143.205 -0.444709
    endloop
  endfacet
  facet normal 0.590679 0.673295 0.444716
    outer loop
      vertex 50.9174 143.187 -0.370391
      vertex 50.2124 143.759 -0.3
      vertex 50.8929 143.162 -0.3
    endloop
  endfacet
  facet normal 0.0751237 0.378108 -0.922708
    outer loop
      vertex 47.7159 144.673 -1.15433
      vertex 46.8653 144.842 -1.15433
      vertex 46.9137 145.209 -1
    endloop
  endfacet
  facet normal 0.0748857 0.377794 -0.922856
    outer loop
      vertex 47.7159 144.673 -1.15433
      vertex 46.9137 145.209 -1
      vertex 47.8117 145.031 -1
    endloop
  endfacet
  facet normal 0.012699 0.0639644 -0.997871
    outer loop
      vertex 47.6564 144.451 -1.2
      vertex 46.8456 144.692 -1.19487
      vertex 47.6767 144.527 -1.19487
    endloop
  endfacet
  facet normal 0.0209551 0.0617591 -0.997871
    outer loop
      vertex 48.4492 144.182 -1.2
      vertex 47.6564 144.451 -1.2
      vertex 47.6767 144.527 -1.19487
    endloop
  endfacet
  facet normal 0.0129219 0.19512 -0.980694
    outer loop
      vertex 46.8456 144.692 -1.19487
      vertex 46 144.748 -1.19487
      vertex 46 144.825 -1.17955
    endloop
  endfacet
  facet normal 0.0212452 0.322518 -0.946325
    outer loop
      vertex 46.8653 144.842 -1.15433
      vertex 46 144.825 -1.17955
      vertex 46 144.899 -1.15433
    endloop
  endfacet
  facet normal 0.0253505 0.384839 -0.922636
    outer loop
      vertex 46.8653 144.842 -1.15433
      vertex 46 144.899 -1.15433
      vertex 46 145.269 -1
    endloop
  endfacet
  facet normal 0.36672 0.549557 0.750669
    outer loop
      vertex 49.4121 144.179 -0.175736
      vertex 49.3826 144.128 -0.123988
      vertex 50.1184 143.637 -0.123988
    endloop
  endfacet
  facet normal 0.0644904 0.979179 0.192484
    outer loop
      vertex 46.913 145.204 -0.521685
      vertex 46 145.249 -0.444709
      vertex 46.911 145.189 -0.444709
    endloop
  endfacet
  facet normal -0.087292 0.176663 -0.980393
    outer loop
      vertex 3.76084 143.88 -1.19487
      vertex 3.72235 143.946 -1.17955
      vertex 4.4914 144.326 -1.17955
    endloop
  endfacet
  facet normal -0.12416 0.364927 -0.92272
    outer loop
      vertex 4.46296 144.394 -1.15433
      vertex 4.32122 144.736 -1
      vertex 5.18827 145.031 -1
    endloop
  endfacet
  facet normal -0.184318 0.929076 0.320694
    outer loop
      vertex 6.08899 145.189 -0.444709
      vertex 5.20009 144.987 -0.370391
      vertex 6.09228 145.164 -0.370391
    endloop
  endfacet
  facet normal -0.177803 0.265985 -0.947438
    outer loop
      vertex 3.72235 143.946 -1.17955
      vertex 2.96415 143.529 -1.15433
      vertex 3.6852 144.011 -1.15433
    endloop
  endfacet
  facet normal -0.214453 0.320812 -0.922545
    outer loop
      vertex 3.6852 144.011 -1.15433
      vertex 2.96415 143.529 -1.15433
      vertex 3.5 144.331 -1
    endloop
  endfacet
  facet normal -0.555038 0.831825 0
    outer loop
      vertex 3.5 144.331 -1
      vertex 2.73867 143.823 -0.6
      vertex 3.5 144.331 -0.6
    endloop
  endfacet
  facet normal -0.555038 0.831825 0
    outer loop
      vertex 2.73867 143.823 -0.6
      vertex 3.5 144.331 -1
      vertex 2.73867 143.823 -1
    endloop
  endfacet
  facet normal -0.657951 0.749912 0.0687992
    outer loop
      vertex 2.73867 143.823 -0.6
      vertex 2.05025 143.219 -0.6
      vertex 2.05388 143.215 -0.521685
    endloop
  endfacet
  facet normal -0.146917 0.128779 -0.98073
    outer loop
      vertex 1.86041 142.213 -1.19487
      vertex 1.79934 142.26 -1.17955
      vertex 2.36471 142.905 -1.17955
    endloop
  endfacet
  facet normal -0.212266 0.24195 -0.946786
    outer loop
      vertex 3.00939 143.47 -1.17955
      vertex 2.31216 142.957 -1.15433
      vertex 2.96415 143.529 -1.15433
    endloop
  endfacet
  facet normal -0.0364366 0.0545428 -0.997846
    outer loop
      vertex 3.10393 143.347 -1.2
      vertex 3.05625 143.409 -1.19487
      vertex 3.8 143.812 -1.2
    endloop
  endfacet
  facet normal -0.213285 0.243364 -0.946194
    outer loop
      vertex 2.36471 142.905 -1.17955
      vertex 2.31216 142.957 -1.15433
      vertex 3.00939 143.47 -1.17955
    endloop
  endfacet
  facet normal -0.624484 -0.712094 0.320845
    outer loop
      vertex 2.08255 2.08255 -0.370391
      vertex 2.06471 2.06471 -0.444709
      vertex 2.75112 1.46275 -0.444709
    endloop
  endfacet
  facet normal -0.815565 -0.544945 0.194648
    outer loop
      vertex 0.955528 3.51022 -0.444709
      vertex 0.942268 3.50257 -0.521685
      vertex 1.4506 2.7418 -0.521685
    endloop
  endfacet
  facet normal -0.625498 -0.548538 0.55485
    outer loop
      vertex 2.13793 2.13793 -0.234744
      vertex 1.5103 2.78761 -0.3
      vertex 2.10709 2.10709 -0.3
    endloop
  endfacet
  facet normal -0.4962 -0.565797 0.658529
    outer loop
      vertex 2.17452 2.17452 -0.175736
      vertex 2.13793 2.13793 -0.234744
      vertex 2.81415 1.54489 -0.234744
    endloop
  endfacet
  facet normal -0.674949 -0.332843 0.658528
    outer loop
      vertex 1.09001 3.58787 -0.175736
      vertex 0.695203 4.38847 -0.175736
      vertex 1.0452 3.56199 -0.234744
    endloop
  endfacet
  facet normal -0.565777 -0.496178 0.658562
    outer loop
      vertex 1.58595 2.84565 -0.175736
      vertex 1.54489 2.81415 -0.234744
      vertex 2.17452 2.17452 -0.175736
    endloop
  endfacet
  facet normal -0.647466 -0.128791 0.751133
    outer loop
      vertex 0.465264 5.24902 -0.123988
      vertex 0.234118 6.10925 -0.175736
      vertex 0.408268 5.23375 -0.175736
    endloop
  endfacet
  facet normal -0.978764 -0.0641523 0.194691
    outer loop
      vertex 0.0801563 6.08899 -0.444709
      vertex 0.0204449 7 -0.444709
      vertex 0.0649757 6.08699 -0.521685
    endloop
  endfacet
  facet normal -0.625116 -0.212199 0.751133
    outer loop
      vertex 0.749718 4.41105 -0.123988
      vertex 0.408268 5.23375 -0.175736
      vertex 0.695203 4.38847 -0.175736
    endloop
  endfacet
  facet normal -0.62572 -0.418097 0.658536
    outer loop
      vertex 1.09001 3.58787 -0.175736
      vertex 1.0452 3.56199 -0.234744
      vertex 1.58595 2.84565 -0.175736
    endloop
  endfacet
  facet normal -0.0492461 -0.0431877 -0.997853
    outer loop
      vertex 2.41914 2.41914 -1.19487
      vertex 1.86041 3.05625 -1.19487
      vertex 2.47452 2.47452 -1.2
    endloop
  endfacet
  facet normal -0.657935 -0.750241 0.0652707
    outer loop
      vertex 2.05388 2.05388 -0.521685
      vertex 2.05025 2.05025 -0.6
      vertex 2.73867 1.44653 -0.6
    endloop
  endfacet
  facet normal -0.242075 -0.212294 -0.946747
    outer loop
      vertex 2.31216 2.31216 -1.15433
      vertex 1.74038 2.96415 -1.15433
      vertex 1.79934 3.00939 -1.17955
    endloop
  endfacet
  facet normal -0.304881 -0.103493 -0.946751
    outer loop
      vertex 0.875039 4.46296 -1.15433
      vertex 0.596289 5.28413 -1.15433
      vertex 0.943701 4.4914 -1.17955
    endloop
  endfacet
  facet normal -0.288785 -0.142414 -0.946743
    outer loop
      vertex 1.25859 3.6852 -1.15433
      vertex 0.875039 4.46296 -1.15433
      vertex 1.32295 3.72235 -1.17955
    endloop
  endfacet
  facet normal -0.364872 -0.123858 -0.922782
    outer loop
      vertex 0.875039 4.46296 -1.15433
      vertex 0.23852 5.18827 -1
      vertex 0.596289 5.28413 -1.15433
    endloop
  endfacet
  facet normal -0.712094 -0.624484 0.320845
    outer loop
      vertex 2.08255 2.08255 -0.370391
      vertex 1.46275 2.75112 -0.444709
      vertex 2.06471 2.06471 -0.444709
    endloop
  endfacet
  facet normal -0.737448 -0.646719 0.194743
    outer loop
      vertex 2.06471 2.06471 -0.444709
      vertex 1.46275 2.75112 -0.444709
      vertex 2.05388 2.05388 -0.521685
    endloop
  endfacet
  facet normal -0.309119 -0.462635 0.830912
    outer loop
      vertex 3.65 1.19763 -0.0803852
      vertex 2.88157 1.63276 -0.123988
      vertex 3.61737 1.14112 -0.123988
    endloop
  endfacet
  facet normal -0.366737 -0.548867 0.751165
    outer loop
      vertex 3.61737 1.14112 -0.123988
      vertex 2.88157 1.63276 -0.123988
      vertex 3.58787 1.09001 -0.175736
    endloop
  endfacet
  facet normal -0.049218 -0.750933 0.658542
    outer loop
      vertex 7 0.175736 -0.175736
      vertex 6.10925 0.234118 -0.175736
      vertex 7 0.123988 -0.234744
    endloop
  endfacet
  facet normal -0.146816 -0.738086 0.658539
    outer loop
      vertex 5.23375 0.408268 -0.175736
      vertex 5.22036 0.358283 -0.234744
      vertex 6.10925 0.234118 -0.175736
    endloop
  endfacet
  facet normal -0.320754 -0.944911 0.0652681
    outer loop
      vertex 5.1896 0.243478 -0.521685
      vertex 4.32122 0.532844 -0.6
      vertex 5.18827 0.23852 -0.6
    endloop
  endfacet
  facet normal -0.0252012 -0.384495 -0.922783
    outer loop
      vertex 7 0 -1
      vertex 6.08632 0.059886 -1
      vertex 6.13466 0.427108 -1.15433
    endloop
  endfacet
  facet normal -0.304447 -0.896871 0.320836
    outer loop
      vertex 5.20009 0.282636 -0.370391
      vertex 4.32904 0.551732 -0.444709
      vertex 5.19356 0.258267 -0.444709
    endloop
  endfacet
  facet normal -0.441347 -0.894958 0.0652908
    outer loop
      vertex 3.50257 0.942268 -0.521685
      vertex 3.5 0.937822 -0.6
      vertex 4.32318 0.537586 -0.521685
    endloop
  endfacet
  facet normal -0.128966 -0.147057 -0.980685
    outer loop
      vertex 3.00939 1.79934 -1.17955
      vertex 2.36471 2.36471 -1.17955
      vertex 3.05625 1.86041 -1.19487
    endloop
  endfacet
  facet normal -0.214071 -0.320379 -0.922784
    outer loop
      vertex 3.5 0.937822 -1
      vertex 2.96415 1.74038 -1.15433
      vertex 3.6852 1.25859 -1.15433
    endloop
  endfacet
  facet normal -0.062874 -0.185222 -0.980683
    outer loop
      vertex 5.30337 0.668076 -1.17955
      vertex 4.4914 0.943701 -1.17955
      vertex 5.32329 0.742428 -1.19487
    endloop
  endfacet
  facet normal 0 -0.384616 -0.923077
    outer loop
      vertex 7 0 -1
      vertex 46 0.370391 -1.15433
      vertex 46 0 -1
    endloop
  endfacet
  facet normal -0 -0.384616 -0.923077
    outer loop
      vertex 46 0.370391 -1.15433
      vertex 7 0 -1
      vertex 7 0.370391 -1.15433
    endloop
  endfacet
  facet normal -0.062813 -0.315782 -0.94675
    outer loop
      vertex 6.13466 0.427108 -1.15433
      vertex 5.28413 0.596289 -1.15433
      vertex 6.14436 0.500791 -1.17955
    endloop
  endfacet
  facet normal -0.288862 -0.142452 0.946714
    outer loop
      vertex 1.32295 3.72235 -0.0204449
      vertex 0.875039 4.46296 -0.0456724
      vertex 1.25859 3.6852 -0.0456724
    endloop
  endfacet
  facet normal -0.499026 -0.246094 0.83091
    outer loop
      vertex 1.19763 3.65 -0.0803852
      vertex 0.749718 4.41105 -0.123988
      vertex 1.14112 3.61737 -0.123988
    endloop
  endfacet
  facet normal 0.0545151 -0.0364264 0.997848
    outer loop
      vertex 51.5426 3.8 0
      vertex 51.1396 3.05625 -0.00513363
      vertex 51.6104 3.76084 -0.00513363
    endloop
  endfacet
  facet normal -0.0364149 -0.0544978 0.99785
    outer loop
      vertex 3.8 1.45744 0
      vertex 3.05625 1.86041 -0.00513363
      vertex 3.76084 1.38961 -0.00513363
    endloop
  endfacet
  facet normal -0.462259 -0.691817 0.554712
    outer loop
      vertex 2.81415 1.54489 -0.234744
      vertex 2.78761 1.5103 -0.3
      vertex 3.54019 1.00744 -0.3
    endloop
  endfacet
  facet normal -0.418079 -0.6257 0.658567
    outer loop
      vertex 2.84565 1.58595 -0.175736
      vertex 2.81415 1.54489 -0.234744
      vertex 3.56199 1.0452 -0.234744
    endloop
  endfacet
  facet normal -0.0642896 -0.012788 0.997849
    outer loop
      vertex 0.654754 6.16463 0
      vertex 0.577107 6.15441 -0.00513363
      vertex 0.818075 5.34356 0
    endloop
  endfacet
  facet normal 0.548891 -0.366798 0.751118
    outer loop
      vertex 51.8589 3.61737 -0.123988
      vertex 51.3672 2.88157 -0.123988
      vertex 51.91 3.58787 -0.175736
    endloop
  endfacet
  facet normal 0.895408 -0.0586929 0.441362
    outer loop
      vertex 52.9543 7 -0.370391
      vertex 52.8604 6.09681 -0.3
      vertex 52.8948 6.09228 -0.370391
    endloop
  endfacet
  facet normal 0.830253 0.0544307 0.554723
    outer loop
      vertex 52.9196 138.269 -0.3
      vertex 52.8604 139.172 -0.3
      vertex 52.876 138.269 -0.234744
    endloop
  endfacet
  facet normal 0.0545194 -0.0364288 0.997848
    outer loop
      vertex 51.5426 3.8 0
      vertex 51.0775 3.10393 0
      vertex 51.1396 3.05625 -0.00513363
    endloop
  endfacet
  facet normal 0.304912 -0.103494 0.946741
    outer loop
      vertex 52.3319 5.30337 -0.0204449
      vertex 52.0563 4.4914 -0.0204449
      vertex 52.4037 5.28413 -0.0456724
    endloop
  endfacet
  facet normal 0 -0.0654107 0.997858
    outer loop
      vertex 7 0.6 0
      vertex 46 0.521685 -0.00513363
      vertex 46 0.6 0
    endloop
  endfacet
  facet normal 0 -0.0654107 0.997858
    outer loop
      vertex 46 0.521685 -0.00513363
      vertex 7 0.6 0
      vertex 7 0.521685 -0.00513363
    endloop
  endfacet
  facet normal -0.0127855 -0.195072 0.980706
    outer loop
      vertex 7 0.521685 -0.00513363
      vertex 6.15441 0.577107 -0.00513363
      vertex 7 0.444709 -0.0204449
    endloop
  endfacet
  facet normal -0.0363902 -0.555205 0.830917
    outer loop
      vertex 6.12547 0.35732 -0.0803852
      vertex 6.11696 0.292622 -0.123988
      vertex 7 0.3 -0.0803852
    endloop
  endfacet
  facet normal -0.108547 -0.545711 0.830913
    outer loop
      vertex 6.12547 0.35732 -0.0803852
      vertex 5.24902 0.465264 -0.123988
      vertex 6.11696 0.292622 -0.123988
    endloop
  endfacet
  facet normal 0.592151 -0.292008 0.751058
    outer loop
      vertex 52.2503 4.41105 -0.123988
      vertex 51.91 3.58787 -0.175736
      vertex 52.3048 4.38847 -0.175736
    endloop
  endfacet
  facet normal 0.0642473 -0.0127779 0.997852
    outer loop
      vertex 52.3452 6.16463 0
      vertex 52.1819 5.34356 0
      vertex 52.4229 6.15441 -0.00513363
    endloop
  endfacet
  facet normal 0.0433037 0.0493756 0.997841
    outer loop
      vertex 49.9437 143.409 -0.00513363
      vertex 49.8961 143.347 0
      vertex 50.5255 142.795 0
    endloop
  endfacet
  facet normal 0.333024 -0.29208 0.89654
    outer loop
      vertex 51.3155 2.9213 -0.0803852
      vertex 50.6878 2.31216 -0.0456724
      vertex 50.7376 2.26239 -0.0803852
    endloop
  endfacet
  facet normal 0.961996 -0.191351 0.194805
    outer loop
      vertex 52.935 6.08699 -0.521685
      vertex 52.7417 5.19356 -0.444709
      vertex 52.7565 5.1896 -0.521685
    endloop
  endfacet
  facet normal -0.0210635 -0.321364 0.946721
    outer loop
      vertex 6.14436 0.500791 -0.0204449
      vertex 6.13466 0.427108 -0.0456724
      vertex 7 0.444709 -0.0204449
    endloop
  endfacet
  facet normal -0.178847 -0.526863 0.830921
    outer loop
      vertex 5.26591 0.528297 -0.0803852
      vertex 4.41105 0.749718 -0.123988
      vertex 5.24902 0.465264 -0.123988
    endloop
  endfacet
  facet normal 0.0361832 0.550858 0.833814
    outer loop
      vertex 46 145.035 -0.123988
      vertex 46 144.969 -0.0803852
      vertex 46.883 144.977 -0.123988
    endloop
  endfacet
  facet normal -0.0127882 -0.0642903 0.997849
    outer loop
      vertex 5.34356 0.818075 0
      vertex 5.32329 0.742428 -0.00513363
      vertex 6.15441 0.577107 -0.00513363
    endloop
  endfacet
  facet normal 0.065318 -0.00428484 -0.997855
    outer loop
      vertex 52.4229 6.15441 -1.19487
      vertex 52.3452 6.16463 -1.2
      vertex 52.4 7 -1.2
    endloop
  endfacet
  facet normal 0.064202 -0.0127689 -0.997855
    outer loop
      vertex 52.4229 6.15441 -1.19487
      vertex 52.1819 5.34356 -1.2
      vertex 52.3452 6.16463 -1.2
    endloop
  endfacet
  facet normal -0.0587992 0.0289901 -0.997849
    outer loop
      vertex 1.45744 141.469 -1.2
      vertex 1.08717 140.718 -1.2
      vertex 1.38961 141.508 -1.19487
    endloop
  endfacet
  facet normal -0.0544637 -0.0363916 -0.997852
    outer loop
      vertex 1.86041 3.05625 -1.19487
      vertex 1.45744 3.8 -1.2
      vertex 1.92254 3.10393 -1.2
    endloop
  endfacet
  facet normal 0.162737 -0.10874 -0.980659
    outer loop
      vertex 51.677 3.72235 -1.17955
      vertex 51.1396 3.05625 -1.19487
      vertex 51.6104 3.76084 -1.19487
    endloop
  endfacet
  facet normal -0.0210554 -0.0620274 -0.997852
    outer loop
      vertex 5.32329 0.742428 -1.19487
      vertex 4.55083 1.08717 -1.2
      vertex 5.34356 0.818075 -1.2
    endloop
  endfacet
  facet normal 0.2433 0.213274 -0.946213
    outer loop
      vertex 51.2007 142.26 -1.17955
      vertex 50.6353 142.905 -1.17955
      vertex 50.6878 142.957 -1.15433
    endloop
  endfacet
  facet normal 0.289359 0.253946 -0.922921
    outer loop
      vertex 51.2596 142.305 -1.15433
      vertex 50.9497 143.219 -1
      vertex 51.5535 142.531 -1
    endloop
  endfacet
  facet normal 0.745442 0.367912 0.555838
    outer loop
      vertex 51.9926 141.729 -0.3
      vertex 51.9548 141.707 -0.234744
      vertex 52.3526 140.901 -0.234744
    endloop
  endfacet
  facet normal 0.896817 0.442401 0
    outer loop
      vertex 52.4672 140.948 -0.6
      vertex 52.0622 141.769 -1
      vertex 52.0622 141.769 -0.6
    endloop
  endfacet
  facet normal 0.896817 0.442401 0
    outer loop
      vertex 52.0622 141.769 -1
      vertex 52.4672 140.948 -0.6
      vertex 52.4672 140.948 -1
    endloop
  endfacet
  facet normal 0.320434 0.214126 -0.922753
    outer loop
      vertex 51.7414 141.584 -1.15433
      vertex 51.2596 142.305 -1.15433
      vertex 52.0622 141.769 -1
    endloop
  endfacet
  facet normal 0.305269 0.103628 -0.946611
    outer loop
      vertex 52.4037 139.985 -1.15433
      vertex 52.0563 140.778 -1.17955
      vertex 52.125 140.806 -1.15433
    endloop
  endfacet
  facet normal 0.321352 0.02104 -0.946726
    outer loop
      vertex 52.6296 138.269 -1.15433
      vertex 52.5553 138.269 -1.17955
      vertex 52.5729 139.135 -1.15433
    endloop
  endfacet
  facet normal 0.377934 -0.0751842 -0.922775
    outer loop
      vertex 52.9401 6.08632 -1
      vertex 52.4037 5.28413 -1.15433
      vertex 52.5729 6.13466 -1.15433
    endloop
  endfacet
  facet normal 0.19522 -0.0127996 -0.980676
    outer loop
      vertex 52.4992 6.14436 -1.17955
      vertex 52.4229 6.15441 -1.19487
      vertex 52.5553 7 -1.17955
    endloop
  endfacet
  facet normal 0.321212 -0.0210603 -0.946773
    outer loop
      vertex 52.5729 6.13466 -1.15433
      vertex 52.4992 6.14436 -1.17955
      vertex 52.5553 7 -1.17955
    endloop
  endfacet
  facet normal 0.321352 -0.021056 -0.946726
    outer loop
      vertex 52.5729 6.13466 -1.15433
      vertex 52.5553 7 -1.17955
      vertex 52.6296 7 -1.15433
    endloop
  endfacet
  facet normal 0.9957 0.0653258 0.0656758
    outer loop
      vertex 52.9401 139.183 -0.6
      vertex 52.935 139.182 -0.521685
      vertex 52.9949 138.269 -0.521685
    endloop
  endfacet
  facet normal 0.978658 0.194533 0.0662158
    outer loop
      vertex 52.9401 139.183 -0.6
      vertex 52.7565 140.08 -0.521685
      vertex 52.935 139.182 -0.521685
    endloop
  endfacet
  facet normal 0.377869 0.0751531 -0.922804
    outer loop
      vertex 52.9401 139.183 -1
      vertex 52.4037 139.985 -1.15433
      vertex 52.7615 140.081 -1
    endloop
  endfacet
  facet normal 0.944965 0.320765 0.0644269
    outer loop
      vertex 52.7615 140.081 -0.6
      vertex 52.4672 140.948 -0.6
      vertex 52.7565 140.08 -0.521685
    endloop
  endfacet
  facet normal 0.0654231 0 0.997858
    outer loop
      vertex 52.4 138.269 0
      vertex 52.4783 7 -0.00513363
      vertex 52.4783 138.269 -0.00513363
    endloop
  endfacet
  facet normal 0.0654231 0 0.997858
    outer loop
      vertex 52.4783 7 -0.00513363
      vertex 52.4 138.269 0
      vertex 52.4 7 0
    endloop
  endfacet
  facet normal 0.195122 0.0127878 0.980696
    outer loop
      vertex 52.4992 139.125 -0.0204449
      vertex 52.4229 139.115 -0.00513363
      vertex 52.5553 138.269 -0.0204449
    endloop
  endfacet
  facet normal 0.0494264 0.0433509 0.997837
    outer loop
      vertex 50.5809 142.85 -0.00513363
      vertex 50.5255 142.795 0
      vertex 51.1396 142.213 -0.00513363
    endloop
  endfacet
  facet normal 0.0491819 0.0430927 0.99786
    outer loop
      vertex 51.1396 142.213 -0.00513363
      vertex 50.5255 142.795 0
      vertex 51.0775 142.165 0
    endloop
  endfacet
  facet normal 0.627462 0.419175 0.656189
    outer loop
      vertex 51.4551 142.455 -0.234744
      vertex 51.4141 142.424 -0.175736
      vertex 51.9548 141.707 -0.234744
    endloop
  endfacet
  facet normal 0.567546 0.497862 0.655762
    outer loop
      vertex 50.8621 143.131 -0.234744
      vertex 50.8255 143.095 -0.175736
      vertex 51.4551 142.455 -0.234744
    endloop
  endfacet
  facet normal 0.267956 0.179058 0.946646
    outer loop
      vertex 51.7414 141.584 -0.0456724
      vertex 51.2596 142.305 -0.0456724
      vertex 51.677 141.547 -0.0204449
    endloop
  endfacet
  facet normal 0.291542 0.332348 0.896966
    outer loop
      vertex 50.7376 143.007 -0.0803852
      vertex 50.0787 143.585 -0.0803852
      vertex 50.6878 142.957 -0.0456724
    endloop
  endfacet
  facet normal 0.59339 0.29251 0.749884
    outer loop
      vertex 51.91 141.681 -0.175736
      vertex 51.8589 141.652 -0.123988
      vertex 52.2503 140.858 -0.123988
    endloop
  endfacet
  facet normal 0.550398 0.367705 0.74957
    outer loop
      vertex 51.91 141.681 -0.175736
      vertex 51.3672 142.388 -0.123988
      vertex 51.8589 141.652 -0.123988
    endloop
  endfacet
  facet normal 0.567502 0.497812 0.655839
    outer loop
      vertex 51.4551 142.455 -0.234744
      vertex 50.8255 143.095 -0.175736
      vertex 51.4141 142.424 -0.175736
    endloop
  endfacet
  facet normal 0.495716 0.434841 0.751784
    outer loop
      vertex 51.4141 142.424 -0.175736
      vertex 50.8255 143.095 -0.175736
      vertex 51.3672 142.388 -0.123988
    endloop
  endfacet
  facet normal 0.397606 0.196043 0.896369
    outer loop
      vertex 51.8024 141.619 -0.0803852
      vertex 51.7414 141.584 -0.0456724
      vertex 52.125 140.806 -0.0456724
    endloop
  endfacet
  facet normal 0.397369 0.195955 0.896493
    outer loop
      vertex 52.19 140.833 -0.0803852
      vertex 51.8024 141.619 -0.0803852
      vertex 52.125 140.806 -0.0456724
    endloop
  endfacet
  facet normal 0.64737 0.737295 0.193152
    outer loop
      vertex 50.2582 143.819 -0.521685
      vertex 50.2489 143.807 -0.444709
      vertex 50.9461 143.215 -0.521685
    endloop
  endfacet
  facet normal 0.441767 0.895096 0.060384
    outer loop
      vertex 49.5 144.331 -0.6
      vertex 48.6768 144.732 -0.521685
      vertex 49.4974 144.327 -0.521685
    endloop
  endfacet
  facet normal -0.00429444 0.0648453 0.997886
    outer loop
      vertex 7 144.748 -0.00513363
      vertex 6.15441 144.692 -0.00513363
      vertex 7 144.669 0
    endloop
  endfacet
  facet normal -0.0433871 0.0494497 0.997834
    outer loop
      vertex 3.05625 143.409 -0.00513363
      vertex 2.41914 142.85 -0.00513363
      vertex 2.47452 142.795 0
    endloop
  endfacet
  facet normal 0.0127079 0.0640094 0.997868
    outer loop
      vertex 47.6767 144.527 -0.00513363
      vertex 46.8456 144.692 -0.00513363
      vertex 47.6564 144.451 0
    endloop
  endfacet
  facet normal 0.143742 0.290888 0.945898
    outer loop
      vertex 48.537 144.394 -0.0456724
      vertex 48.5086 144.326 -0.0204449
      vertex 49.2776 143.946 -0.0204449
    endloop
  endfacet
  facet normal -0.0432742 0.0493427 0.997844
    outer loop
      vertex 3.05625 143.409 -0.00513363
      vertex 2.47452 142.795 0
      vertex 3.10393 143.347 0
    endloop
  endfacet
  facet normal 0.945232 0.0619397 0.320469
    outer loop
      vertex 52.9198 139.18 -0.444709
      vertex 52.8948 139.177 -0.370391
      vertex 52.9543 138.269 -0.370391
    endloop
  endfacet
  facet normal 0.895392 -0.0586889 0.441393
    outer loop
      vertex 52.9196 7 -0.3
      vertex 52.8604 6.09681 -0.3
      vertex 52.9543 7 -0.370391
    endloop
  endfacet
  facet normal 0.658777 0.0431791 0.751098
    outer loop
      vertex 52.7659 139.16 -0.175736
      vertex 52.7653 138.269 -0.123988
      vertex 52.8243 138.269 -0.175736
    endloop
  endfacet
  facet normal 0.185177 0.0628507 0.980693
    outer loop
      vertex 52.3319 139.966 -0.0204449
      vertex 52.0563 140.778 -0.0204449
      vertex 52.2576 139.946 -0.00513363
    endloop
  endfacet
  facet normal 0.191822 0.0381592 0.980688
    outer loop
      vertex 52.3319 139.966 -0.0204449
      vertex 52.2576 139.946 -0.00513363
      vertex 52.4992 139.125 -0.0204449
    endloop
  endfacet
  facet normal 0.434655 0.086522 0.896431
    outer loop
      vertex 52.6427 139.144 -0.0803852
      vertex 52.4037 139.985 -0.0456724
      vertex 52.5729 139.135 -0.0456724
    endloop
  endfacet
  facet normal 0.315573 0.0628176 0.94682
    outer loop
      vertex 52.5729 139.135 -0.0456724
      vertex 52.4037 139.985 -0.0456724
      vertex 52.4992 139.125 -0.0204449
    endloop
  endfacet
  facet normal 0.647109 0.128751 0.751447
    outer loop
      vertex 52.7659 139.16 -0.175736
      vertex 52.5347 140.02 -0.123988
      vertex 52.7074 139.152 -0.123988
    endloop
  endfacet
  facet normal 0.546272 0.108688 0.830526
    outer loop
      vertex 52.7074 139.152 -0.123988
      vertex 52.5347 140.02 -0.123988
      vertex 52.6427 139.144 -0.0803852
    endloop
  endfacet
  facet normal 0.788494 0.267551 0.553799
    outer loop
      vertex 52.6838 140.06 -0.3
      vertex 52.3526 140.901 -0.234744
      vertex 52.6417 140.049 -0.234744
    endloop
  endfacet
  facet normal 0.625623 0.417559 0.658969
    outer loop
      vertex 51.9548 141.707 -0.234744
      vertex 51.4141 142.424 -0.175736
      vertex 51.91 141.681 -0.175736
    endloop
  endfacet
  facet normal 0.591017 0.291667 0.752083
    outer loop
      vertex 52.3048 140.881 -0.175736
      vertex 51.91 141.681 -0.175736
      vertex 52.2503 140.858 -0.123988
    endloop
  endfacet
  facet normal 0.624378 0.211993 0.751805
    outer loop
      vertex 52.3048 140.881 -0.175736
      vertex 52.2503 140.858 -0.123988
      vertex 52.5917 140.036 -0.175736
    endloop
  endfacet
  facet normal 0.830681 0.054392 0.554085
    outer loop
      vertex 52.8604 139.172 -0.3
      vertex 52.8172 139.167 -0.234744
      vertex 52.876 138.269 -0.234744
    endloop
  endfacet
  facet normal 0.928871 0.184634 0.321107
    outer loop
      vertex 52.7417 140.076 -0.444709
      vertex 52.7174 140.069 -0.370391
      vertex 52.9198 139.18 -0.444709
    endloop
  endfacet
  facet normal 0.712622 0.624898 0.318862
    outer loop
      vertex 51.5373 142.518 -0.444709
      vertex 50.9174 143.187 -0.370391
      vertex 51.5172 142.503 -0.370391
    endloop
  endfacet
  facet normal 0.848741 0.418464 0.323306
    outer loop
      vertex 52.0445 141.759 -0.444709
      vertex 52.0226 141.746 -0.370391
      vertex 52.4483 140.94 -0.444709
    endloop
  endfacet
  facet normal -0.894964 -0.441344 0.0652359
    outer loop
      vertex 0.537586 4.32318 -0.521685
      vertex 0.532844 4.32122 -0.6
      vertex 0.937822 3.5 -0.6
    endloop
  endfacet
  facet normal -0.944913 -0.320753 0.0652423
    outer loop
      vertex 0.537586 4.32318 -0.521685
      vertex 0.243478 5.1896 -0.521685
      vertex 0.532844 4.32122 -0.6
    endloop
  endfacet
  facet normal -0.751844 0 0.659341
    outer loop
      vertex 0.123988 7 -0.234744
      vertex 0.175736 138.269 -0.175736
      vertex 0.123988 138.269 -0.234744
    endloop
  endfacet
  facet normal -0.751844 0 0.659341
    outer loop
      vertex 0.175736 138.269 -0.175736
      vertex 0.123988 7 -0.234744
      vertex 0.175736 7 -0.175736
    endloop
  endfacet
  facet normal 0.0588073 -0.0289952 0.997848
    outer loop
      vertex 51.9128 4.55083 0
      vertex 51.5426 3.8 0
      vertex 51.6104 3.76084 -0.00513363
    endloop
  endfacet
  facet normal -0.567299 0.497609 0.656168
    outer loop
      vertex 2.17452 143.095 -0.175736
      vertex 1.54489 142.455 -0.234744
      vertex 1.58595 142.424 -0.175736
    endloop
  endfacet
  facet normal -0.184694 0.0627298 0.980792
    outer loop
      vertex 0.943701 140.778 -0.0204449
      vertex 0.742428 139.946 -0.00513363
      vertex 1.01482 140.748 -0.00513363
    endloop
  endfacet
  facet normal -0.647092 0.128704 0.75147
    outer loop
      vertex 0.465264 140.02 -0.123988
      vertex 0.234118 139.16 -0.175736
      vertex 0.292622 139.152 -0.123988
    endloop
  endfacet
  facet normal -0.321289 0.0210497 0.946747
    outer loop
      vertex 0.500791 139.125 -0.0204449
      vertex 0.427108 139.135 -0.0456724
      vertex 0.444709 138.269 -0.0204449
    endloop
  endfacet
  facet normal -0.0436341 0.658764 0.751083
    outer loop
      vertex 7 145.094 -0.175736
      vertex 6.10925 145.035 -0.175736
      vertex 7 145.035 -0.123988
    endloop
  endfacet
  facet normal -0.320822 0.945464 0.0563195
    outer loop
      vertex 5.1896 145.026 -0.521685
      vertex 4.32122 144.736 -0.6
      vertex 4.32318 144.732 -0.521685
    endloop
  endfacet
  facet normal -0.461798 0.690702 0.556483
    outer loop
      vertex 3.54019 144.262 -0.3
      vertex 2.81415 143.724 -0.234744
      vertex 3.56199 144.224 -0.234744
    endloop
  endfacet
  facet normal -0.178761 0.26775 0.94676
    outer loop
      vertex 3.72235 143.946 -0.0204449
      vertex 2.96415 143.529 -0.0456724
      vertex 3.00939 143.47 -0.0204449
    endloop
  endfacet
  facet normal 0.246213 -0.368485 0.896436
    outer loop
      vertex 50.0359 1.74038 -0.0456724
      vertex 49.35 1.19763 -0.0803852
      vertex 50.0787 1.68453 -0.0803852
    endloop
  endfacet
  facet normal 0.0436365 0.658764 0.751083
    outer loop
      vertex 46 145.094 -0.175736
      vertex 46 145.035 -0.123988
      vertex 46.8907 145.035 -0.175736
    endloop
  endfacet
  facet normal -0.0861402 0.43352 0.897018
    outer loop
      vertex 6.12547 144.912 -0.0803852
      vertex 5.28413 144.673 -0.0456724
      vertex 6.13466 144.842 -0.0456724
    endloop
  endfacet
  facet normal -0.146804 0.740012 0.656377
    outer loop
      vertex 6.1025 145.086 -0.234744
      vertex 5.22036 144.911 -0.234744
      vertex 6.10925 145.035 -0.175736
    endloop
  endfacet
  facet normal -0.175846 0.88195 0.437313
    outer loop
      vertex 6.09228 145.164 -0.370391
      vertex 5.20907 144.953 -0.3
      vertex 6.09681 145.13 -0.3
    endloop
  endfacet
  facet normal -0.788131 0.52669 0.318508
    outer loop
      vertex 1.46275 142.518 -0.444709
      vertex 0.955528 141.759 -0.444709
      vertex 1.48276 142.503 -0.370391
    endloop
  endfacet
  facet normal -0.879459 0.433497 0.19655
    outer loop
      vertex 0.942268 141.767 -0.521685
      vertex 0.537586 140.946 -0.521685
      vertex 0.955528 141.759 -0.444709
    endloop
  endfacet
  facet normal -0.495363 0.434639 0.752133
    outer loop
      vertex 2.17452 143.095 -0.175736
      vertex 1.63276 142.388 -0.123988
      vertex 2.21624 143.053 -0.123988
    endloop
  endfacet
  facet normal -0.590581 0.673203 0.444985
    outer loop
      vertex 2.78761 143.759 -0.3
      vertex 2.08255 143.187 -0.370391
      vertex 2.10709 143.162 -0.3
    endloop
  endfacet
  facet normal -0.895225 0.441268 0.0620916
    outer loop
      vertex 0.937822 141.769 -0.6
      vertex 0.537586 140.946 -0.521685
      vertex 0.942268 141.767 -0.521685
    endloop
  endfacet
  facet normal -0.712054 0.623913 0.322042
    outer loop
      vertex 2.06471 143.205 -0.444709
      vertex 1.46275 142.518 -0.444709
      vertex 2.08255 143.187 -0.370391
    endloop
  endfacet
  facet normal -0.625564 0.417554 0.659028
    outer loop
      vertex 1.58595 142.424 -0.175736
      vertex 1.0452 141.707 -0.234744
      vertex 1.09001 141.681 -0.175736
    endloop
  endfacet
  facet normal -0.496087 0.566223 0.658247
    outer loop
      vertex 2.81415 143.724 -0.234744
      vertex 2.17452 143.095 -0.175736
      vertex 2.84565 143.683 -0.175736
    endloop
  endfacet
  facet normal -0.0381603 -0.191843 -0.980683
    outer loop
      vertex 6.14436 0.500791 -1.17955
      vertex 5.30337 0.668076 -1.17955
      vertex 5.32329 0.742428 -1.19487
    endloop
  endfacet
  facet normal -0.816021 -0.162317 0.554765
    outer loop
      vertex 0.358283 5.22036 -0.234744
      vertex 0.182814 6.1025 -0.234744
      vertex 0.316165 5.20907 -0.3
    endloop
  endfacet
  facet normal -0.175335 -0.0864645 0.980705
    outer loop
      vertex 1.38961 3.76084 -0.00513363
      vertex 0.943701 4.4914 -0.0204449
      vertex 1.32295 3.72235 -0.0204449
    endloop
  endfacet
  facet normal -0.321367 -0.0210634 0.94672
    outer loop
      vertex 0.444709 7 -0.0204449
      vertex 0.370391 7 -0.0456724
      vertex 0.427108 6.13466 -0.0456724
    endloop
  endfacet
  facet normal -0.442101 -0.0289766 0.896497
    outer loop
      vertex 0.370391 7 -0.0456724
      vertex 0.3 7 -0.0803852
      vertex 0.427108 6.13466 -0.0456724
    endloop
  endfacet
  facet normal -0.304955 -0.103518 0.946724
    outer loop
      vertex 0.668076 5.30337 -0.0204449
      vertex 0.596289 5.28413 -0.0456724
      vertex 0.943701 4.4914 -0.0204449
    endloop
  endfacet
  facet normal -0.288842 -0.142439 0.946721
    outer loop
      vertex 0.943701 4.4914 -0.0204449
      vertex 0.875039 4.46296 -0.0456724
      vertex 1.32295 3.72235 -0.0204449
    endloop
  endfacet
  facet normal -0.012788 -0.0642896 0.997849
    outer loop
      vertex 6.16463 0.654754 0
      vertex 5.34356 0.818075 0
      vertex 6.15441 0.577107 -0.00513363
    endloop
  endfacet
  facet normal -0.0642903 -0.0127882 0.997849
    outer loop
      vertex 0.818075 5.34356 0
      vertex 0.577107 6.15441 -0.00513363
      vertex 0.742428 5.32329 -0.00513363
    endloop
  endfacet
  facet normal -0.146976 -0.128895 0.980706
    outer loop
      vertex 1.86041 3.05625 -0.00513363
      vertex 1.79934 3.00939 -0.0204449
      vertex 2.36471 2.36471 -0.0204449
    endloop
  endfacet
  facet normal -0.146978 -0.128896 0.980705
    outer loop
      vertex 2.41914 2.41914 -0.00513363
      vertex 1.86041 3.05625 -0.00513363
      vertex 2.36471 2.36471 -0.0204449
    endloop
  endfacet
  facet normal -0.368373 -0.246139 0.896503
    outer loop
      vertex 1.25859 3.6852 -0.0456724
      vertex 1.19763 3.65 -0.0803852
      vertex 1.74038 2.96415 -0.0456724
    endloop
  endfacet
  facet normal -0.368368 -0.246135 0.896506
    outer loop
      vertex 1.74038 2.96415 -0.0456724
      vertex 1.19763 3.65 -0.0803852
      vertex 1.68453 2.9213 -0.0803852
    endloop
  endfacet
  facet normal -0.0620274 -0.0210554 -0.997852
    outer loop
      vertex 1.08717 4.55083 -1.2
      vertex 0.742428 5.32329 -1.19487
      vertex 0.818075 5.34356 -1.2
    endloop
  endfacet
  facet normal -0.0642451 -0.0127792 -0.997852
    outer loop
      vertex 0.742428 5.32329 -1.19487
      vertex 0.577107 6.15441 -1.19487
      vertex 0.818075 5.34356 -1.2
    endloop
  endfacet
  facet normal -0.195191 0.0127882 -0.980682
    outer loop
      vertex 0.577107 139.115 -1.19487
      vertex 0.444709 138.269 -1.17955
      vertex 0.500791 139.125 -1.17955
    endloop
  endfacet
  facet normal -0.321204 0.0210441 -0.946776
    outer loop
      vertex 0.444709 138.269 -1.17955
      vertex 0.427108 139.135 -1.15433
      vertex 0.500791 139.125 -1.17955
    endloop
  endfacet
  facet normal -0.0363916 -0.0544637 -0.997852
    outer loop
      vertex 3.8 1.45744 -1.2
      vertex 3.05625 1.86041 -1.19487
      vertex 3.10393 1.92254 -1.2
    endloop
  endfacet
  facet normal -0.978694 -0.194675 0.0652657
    outer loop
      vertex 0.243478 5.1896 -0.521685
      vertex 0.059886 6.08632 -0.6
      vertex 0.23852 5.18827 -0.6
    endloop
  endfacet
  facet normal -0.829647 0.554916 0.0612711
    outer loop
      vertex 1.4506 142.527 -0.521685
      vertex 0.937822 141.769 -0.6
      vertex 0.942268 141.767 -0.521685
    endloop
  endfacet
  facet normal -0.831693 0.555235 0
    outer loop
      vertex 0.937822 141.769 -1
      vertex 1.44653 142.531 -0.6
      vertex 1.44653 142.531 -1
    endloop
  endfacet
  facet normal -0.831693 0.555235 0
    outer loop
      vertex 1.44653 142.531 -0.6
      vertex 0.937822 141.769 -1
      vertex 0.937822 141.769 -0.6
    endloop
  endfacet
  facet normal -0.880018 -0.175047 0.441506
    outer loop
      vertex 0.316165 5.20907 -0.3
      vertex 0.105168 6.09228 -0.370391
      vertex 0.282636 5.20009 -0.370391
    endloop
  endfacet
  facet normal -0.928943 -0.184779 0.320815
    outer loop
      vertex 0.105168 6.09228 -0.370391
      vertex 0.0801563 6.08899 -0.444709
      vertex 0.282636 5.20009 -0.370391
    endloop
  endfacet
  facet normal -0.267994 0.17908 -0.946631
    outer loop
      vertex 1.32295 141.547 -1.17955
      vertex 1.25859 141.584 -1.15433
      vertex 1.74038 142.305 -1.15433
    endloop
  endfacet
  facet normal -0.305395 0.103689 -0.946563
    outer loop
      vertex 0.943701 140.778 -1.17955
      vertex 0.596289 139.985 -1.15433
      vertex 0.875039 140.806 -1.15433
    endloop
  endfacet
  facet normal -0.174896 0.086249 -0.980802
    outer loop
      vertex 1.01482 140.748 -1.19487
      vertex 0.943701 140.778 -1.17955
      vertex 1.38961 141.508 -1.19487
    endloop
  endfacet
  facet normal 0.0364112 -0.0544954 -0.99785
    outer loop
      vertex 49.9437 1.86041 -1.19487
      vertex 49.2 1.45744 -1.2
      vertex 49.8961 1.92254 -1.2
    endloop
  endfacet
  facet normal -0.305159 0.103583 -0.946651
    outer loop
      vertex 0.668076 139.966 -1.17955
      vertex 0.596289 139.985 -1.15433
      vertex 0.943701 140.778 -1.17955
    endloop
  endfacet
  facet normal -0.345477 0.170415 -0.922824
    outer loop
      vertex 0.875039 140.806 -1.15433
      vertex 0.532844 140.948 -1
      vertex 0.937822 141.769 -1
    endloop
  endfacet
  facet normal -0.96204 0.191238 0.194695
    outer loop
      vertex 0.258267 140.076 -0.444709
      vertex 0.0649757 139.182 -0.521685
      vertex 0.0801563 139.18 -0.444709
    endloop
  endfacet
  facet normal 0.831472 -0.555567 0
    outer loop
      vertex 51.5535 2.73867 -0.6
      vertex 52.0622 3.5 -1
      vertex 52.0622 3.5 -0.6
    endloop
  endfacet
  facet normal 0.831472 -0.555567 0
    outer loop
      vertex 52.0622 3.5 -1
      vertex 51.5535 2.73867 -0.6
      vertex 51.5535 2.73867 -1
    endloop
  endfacet
  facet normal 0.267891 -0.178968 -0.946681
    outer loop
      vertex 51.2596 2.96415 -1.15433
      vertex 51.2007 3.00939 -1.17955
      vertex 51.677 3.72235 -1.17955
    endloop
  endfacet
  facet normal 0.103462 -0.304804 -0.946779
    outer loop
      vertex 47.7159 0.596289 -1.15433
      vertex 47.6966 0.668076 -1.17955
      vertex 48.5086 0.943701 -1.17955
    endloop
  endfacet
  facet normal 0.178822 -0.267644 -0.946778
    outer loop
      vertex 49.3148 1.25859 -1.15433
      vertex 49.2776 1.32295 -1.17955
      vertex 50.0359 1.74038 -1.15433
    endloop
  endfacet
  facet normal 0.26762 -0.178821 -0.946785
    outer loop
      vertex 51.7414 3.6852 -1.15433
      vertex 51.2596 2.96415 -1.15433
      vertex 51.677 3.72235 -1.17955
    endloop
  endfacet
  facet normal 0.304427 -0.896819 0.320999
    outer loop
      vertex 48.6613 0.57504 -0.370391
      vertex 47.7999 0.282636 -0.370391
      vertex 48.671 0.551732 -0.444709
    endloop
  endfacet
  facet normal 0.0619929 -0.0210447 -0.997855
    outer loop
      vertex 51.9852 4.52086 -1.19487
      vertex 51.9128 4.55083 -1.2
      vertex 52.2576 5.32329 -1.19487
    endloop
  endfacet
  facet normal 0.185251 -0.0628868 -0.980677
    outer loop
      vertex 52.0563 4.4914 -1.17955
      vertex 51.9852 4.52086 -1.19487
      vertex 52.2576 5.32329 -1.19487
    endloop
  endfacet
  facet normal 0.175544 -0.0865793 -0.980657
    outer loop
      vertex 51.677 3.72235 -1.17955
      vertex 51.6104 3.76084 -1.19487
      vertex 52.0563 4.4914 -1.17955
    endloop
  endfacet
  facet normal -0.0431889 -0.0492473 -0.997852
    outer loop
      vertex 3.05625 1.86041 -1.19487
      vertex 2.47452 2.47452 -1.2
      vertex 3.10393 1.92254 -1.2
    endloop
  endfacet
  facet normal -0.00428416 -0.0653625 -0.997852
    outer loop
      vertex 7 0.6 -1.2
      vertex 6.15441 0.577107 -1.19487
      vertex 6.16463 0.654754 -1.2
    endloop
  endfacet
  facet normal 0.0628027 -0.315731 -0.946768
    outer loop
      vertex 47.7159 0.596289 -1.15433
      vertex 46.8556 0.500791 -1.17955
      vertex 47.6966 0.668076 -1.17955
    endloop
  endfacet
  facet normal 0.0252004 -0.384491 -0.922785
    outer loop
      vertex 46.9137 0.059886 -1
      vertex 46 0 -1
      vertex 46.8653 0.427108 -1.15433
    endloop
  endfacet
  facet normal 0.0252021 -0.384494 -0.922783
    outer loop
      vertex 46.8653 0.427108 -1.15433
      vertex 46 0 -1
      vertex 46 0.370391 -1.15433
    endloop
  endfacet
  facet normal 0.0127786 -0.0642402 -0.997853
    outer loop
      vertex 47.6767 0.742428 -1.19487
      vertex 46.8456 0.577107 -1.19487
      vertex 47.6564 0.818075 -1.2
    endloop
  endfacet
  facet normal 0.0127923 -0.195179 -0.980684
    outer loop
      vertex 46.8456 0.577107 -1.19487
      vertex 46 0.444709 -1.17955
      vertex 46 0.521685 -1.19487
    endloop
  endfacet
  facet normal 0.0210588 -0.321282 -0.946749
    outer loop
      vertex 46.8653 0.427108 -1.15433
      vertex 46 0.370391 -1.15433
      vertex 46 0.444709 -1.17955
    endloop
  endfacet
  facet normal 0.128955 0.147146 -0.980673
    outer loop
      vertex 50.6353 142.905 -1.17955
      vertex 49.9437 143.409 -1.19487
      vertex 49.9906 143.47 -1.17955
    endloop
  endfacet
  facet normal 0.128334 0.146287 -0.980883
    outer loop
      vertex 50.5809 142.85 -1.19487
      vertex 49.9437 143.409 -1.19487
      vertex 50.6353 142.905 -1.17955
    endloop
  endfacet
  facet normal 0.555053 0.831815 -0
    outer loop
      vertex 50.2613 143.823 -1
      vertex 49.5 144.331 -0.6
      vertex 50.2613 143.823 -0.6
    endloop
  endfacet
  facet normal 0.555053 0.831815 0
    outer loop
      vertex 49.5 144.331 -0.6
      vertex 50.2613 143.823 -1
      vertex 49.5 144.331 -1
    endloop
  endfacet
  facet normal 0.738728 0.647328 0.187741
    outer loop
      vertex 50.9461 143.215 -0.521685
      vertex 50.9353 143.205 -0.444709
      vertex 51.5373 142.518 -0.444709
    endloop
  endfacet
  facet normal 0.0625431 0.314962 -0.947041
    outer loop
      vertex 47.6966 144.601 -1.17955
      vertex 46.8556 144.768 -1.17955
      vertex 47.7159 144.673 -1.15433
    endloop
  endfacet
  facet normal 0.102997 0.304121 -0.947049
    outer loop
      vertex 48.5086 144.326 -1.17955
      vertex 47.6966 144.601 -1.17955
      vertex 47.7159 144.673 -1.15433
    endloop
  endfacet
  facet normal -0.0432437 0.049308 -0.997847
    outer loop
      vertex 3.10393 143.347 -1.2
      vertex 2.47452 142.795 -1.2
      vertex 3.05625 143.409 -1.19487
    endloop
  endfacet
  facet normal 0.0129371 0.0647642 -0.997817
    outer loop
      vertex 47.6564 144.451 -1.2
      vertex 46.8354 144.615 -1.2
      vertex 46.8456 144.692 -1.19487
    endloop
  endfacet
  facet normal 0.0252609 0.384682 -0.922704
    outer loop
      vertex 46.8653 144.842 -1.15433
      vertex 46 145.269 -1
      vertex 46.9137 145.209 -1
    endloop
  endfacet
  facet normal 0.0625076 0.314609 -0.947161
    outer loop
      vertex 47.7159 144.673 -1.15433
      vertex 46.8556 144.768 -1.17955
      vertex 46.8653 144.842 -1.15433
    endloop
  endfacet
  facet normal 0.0213192 0.320012 -0.947173
    outer loop
      vertex 46.8556 144.768 -1.17955
      vertex 46 144.825 -1.17955
      vertex 46.8653 144.842 -1.15433
    endloop
  endfacet
  facet normal -0.194004 0.978793 0.0657855
    outer loop
      vertex 6.08632 145.209 -0.6
      vertex 5.18827 145.031 -0.6
      vertex 5.1896 145.026 -0.521685
    endloop
  endfacet
  facet normal 0.0623031 0.945969 0.318217
    outer loop
      vertex 46 145.249 -0.444709
      vertex 46 145.224 -0.370391
      vertex 46.911 145.189 -0.444709
    endloop
  endfacet
  facet normal 0 0.997968 0.063715
    outer loop
      vertex 46 145.269 -0.6
      vertex 7 145.264 -0.521685
      vertex 46 145.264 -0.521685
    endloop
  endfacet
  facet normal 0 0.997968 0.063715
    outer loop
      vertex 7 145.264 -0.521685
      vertex 46 145.269 -0.6
      vertex 7 145.269 -0.6
    endloop
  endfacet
  facet normal -0.0624721 0.94512 0.320696
    outer loop
      vertex 7 145.224 -0.370391
      vertex 6.08899 145.189 -0.444709
      vertex 6.09228 145.164 -0.370391
    endloop
  endfacet
  facet normal -0.0643696 0.979502 0.190872
    outer loop
      vertex 7 145.264 -0.521685
      vertex 6.08699 145.204 -0.521685
      vertex 7 145.249 -0.444709
    endloop
  endfacet
  facet normal -0.0751318 0.378117 -0.922704
    outer loop
      vertex 6.13466 144.842 -1.15433
      vertex 5.28413 144.673 -1.15433
      vertex 6.08632 145.209 -1
    endloop
  endfacet
  facet normal -0.0625126 0.314608 -0.947161
    outer loop
      vertex 6.14436 144.768 -1.17955
      vertex 5.28413 144.673 -1.15433
      vertex 6.13466 144.842 -1.15433
    endloop
  endfacet
  facet normal -0.0211875 0.0622764 -0.997834
    outer loop
      vertex 4.55083 144.182 -1.2
      vertex 4.52086 144.254 -1.19487
      vertex 5.32329 144.527 -1.19487
    endloop
  endfacet
  facet normal -0.062343 0.183245 -0.981088
    outer loop
      vertex 4.52086 144.254 -1.19487
      vertex 4.4914 144.326 -1.17955
      vertex 5.32329 144.527 -1.19487
    endloop
  endfacet
  facet normal -0.194162 0.978869 0.0641567
    outer loop
      vertex 6.08632 145.209 -0.6
      vertex 5.1896 145.026 -0.521685
      vertex 6.08699 145.204 -0.521685
    endloop
  endfacet
  facet normal -0.0653948 0.995832 0.0635786
    outer loop
      vertex 7 145.269 -0.6
      vertex 6.08632 145.209 -0.6
      vertex 7 145.264 -0.521685
    endloop
  endfacet
  facet normal -0.441767 0.895107 0.0602154
    outer loop
      vertex 4.32318 144.732 -0.521685
      vertex 3.5 144.331 -0.6
      vertex 3.50257 144.327 -0.521685
    endloop
  endfacet
  facet normal -0.544989 0.816164 0.191999
    outer loop
      vertex 3.50257 144.327 -0.521685
      vertex 2.7418 143.819 -0.521685
      vertex 3.51022 144.314 -0.444709
    endloop
  endfacet
  facet normal -0.141273 0.286884 -0.947491
    outer loop
      vertex 3.72235 143.946 -1.17955
      vertex 3.6852 144.011 -1.15433
      vertex 4.46296 144.394 -1.15433
    endloop
  endfacet
  facet normal -0.170501 0.346238 -0.922523
    outer loop
      vertex 3.6852 144.011 -1.15433
      vertex 3.5 144.331 -1
      vertex 4.46296 144.394 -1.15433
    endloop
  endfacet
  facet normal -0.749886 0.658025 0.0683673
    outer loop
      vertex 2.05025 143.219 -0.6
      vertex 1.44653 142.531 -0.6
      vertex 2.05388 143.215 -0.521685
    endloop
  endfacet
  facet normal -0.434141 0.879909 0.193084
    outer loop
      vertex 4.32318 144.732 -0.521685
      vertex 3.51022 144.314 -0.444709
      vertex 4.32904 144.718 -0.444709
    endloop
  endfacet
  facet normal -0.434353 0.880085 0.191799
    outer loop
      vertex 4.32318 144.732 -0.521685
      vertex 3.50257 144.327 -0.521685
      vertex 3.51022 144.314 -0.444709
    endloop
  endfacet
  facet normal -0.108688 0.162795 -0.980655
    outer loop
      vertex 3.05625 143.409 -1.19487
      vertex 3.00939 143.47 -1.17955
      vertex 3.72235 143.946 -1.17955
    endloop
  endfacet
  facet normal -0.109457 0.163741 -0.980412
    outer loop
      vertex 3.76084 143.88 -1.19487
      vertex 3.05625 143.409 -1.19487
      vertex 3.72235 143.946 -1.17955
    endloop
  endfacet
  facet normal -0.146358 0.128375 -0.980867
    outer loop
      vertex 2.41914 142.85 -1.19487
      vertex 1.86041 142.213 -1.19487
      vertex 2.36471 142.905 -1.17955
    endloop
  endfacet
  facet normal -0.243195 0.213171 -0.946263
    outer loop
      vertex 2.36471 142.905 -1.17955
      vertex 1.79934 142.26 -1.17955
      vertex 2.31216 142.957 -1.15433
    endloop
  endfacet
  facet normal -0.712117 -0.624518 0.320727
    outer loop
      vertex 1.48276 2.76647 -0.370391
      vertex 1.46275 2.75112 -0.444709
      vertex 2.08255 2.08255 -0.370391
    endloop
  endfacet
  facet normal -0.674562 -0.591583 0.441583
    outer loop
      vertex 1.5103 2.78761 -0.3
      vertex 1.48276 2.76647 -0.370391
      vertex 2.08255 2.08255 -0.370391
    endloop
  endfacet
  facet normal -0.787509 -0.52619 0.320865
    outer loop
      vertex 0.977376 3.52284 -0.370391
      vertex 0.955528 3.51022 -0.444709
      vertex 1.48276 2.76647 -0.370391
    endloop
  endfacet
  facet normal -0.879711 -0.433824 0.194692
    outer loop
      vertex 0.551732 4.32904 -0.444709
      vertex 0.537586 4.32318 -0.521685
      vertex 0.955528 3.51022 -0.444709
    endloop
  endfacet
  facet normal -0.674918 -0.332833 0.658565
    outer loop
      vertex 0.695203 4.38847 -0.175736
      vertex 0.647394 4.36866 -0.234744
      vertex 1.0452 3.56199 -0.234744
    endloop
  endfacet
  facet normal -0.691817 -0.462259 0.554712
    outer loop
      vertex 1.54489 2.81415 -0.234744
      vertex 1.00744 3.54019 -0.3
      vertex 1.5103 2.78761 -0.3
    endloop
  endfacet
  facet normal -0.896878 -0.304447 0.320815
    outer loop
      vertex 0.57504 4.33869 -0.370391
      vertex 0.282636 5.20009 -0.370391
      vertex 0.551732 4.32904 -0.444709
    endloop
  endfacet
  facet normal -0.849454 -0.418903 0.320857
    outer loop
      vertex 0.977376 3.52284 -0.370391
      vertex 0.551732 4.32904 -0.444709
      vertex 0.955528 3.51022 -0.444709
    endloop
  endfacet
  facet normal -0.499015 -0.246087 0.830919
    outer loop
      vertex 0.810008 4.43602 -0.0803852
      vertex 0.749718 4.41105 -0.123988
      vertex 1.19763 3.65 -0.0803852
    endloop
  endfacet
  facet normal -0.658726 -0.0431746 0.751143
    outer loop
      vertex 0.234744 7 -0.123988
      vertex 0.175736 7 -0.175736
      vertex 0.234118 6.10925 -0.175736
    endloop
  endfacet
  facet normal -0.548908 -0.366772 0.751118
    outer loop
      vertex 1.63276 2.88157 -0.123988
      vertex 1.09001 3.58787 -0.175736
      vertex 1.58595 2.84565 -0.175736
    endloop
  endfacet
  facet normal -0.548867 -0.366737 0.751165
    outer loop
      vertex 1.14112 3.61737 -0.123988
      vertex 1.09001 3.58787 -0.175736
      vertex 1.63276 2.88157 -0.123988
    endloop
  endfacet
  facet normal -0.928936 -0.184775 0.320835
    outer loop
      vertex 0.282636 5.20009 -0.370391
      vertex 0.0801563 6.08899 -0.444709
      vertex 0.258267 5.19356 -0.444709
    endloop
  endfacet
  facet normal -0.712611 -0.2419 0.658536
    outer loop
      vertex 0.408268 5.23375 -0.175736
      vertex 0.358283 5.22036 -0.234744
      vertex 0.695203 4.38847 -0.175736
    endloop
  endfacet
  facet normal -0.170422 -0.345585 -0.922782
    outer loop
      vertex 4.32122 0.532844 -1
      vertex 3.5 0.937822 -1
      vertex 4.46296 0.875039 -1.15433
    endloop
  endfacet
  facet normal -0.242074 -0.212293 -0.946748
    outer loop
      vertex 2.31216 2.31216 -1.15433
      vertex 1.79934 3.00939 -1.17955
      vertex 2.36471 2.36471 -1.17955
    endloop
  endfacet
  facet normal -0.320379 -0.214071 -0.922784
    outer loop
      vertex 1.74038 2.96415 -1.15433
      vertex 0.937822 3.5 -1
      vertex 1.25859 3.6852 -1.15433
    endloop
  endfacet
  facet normal -0.162636 -0.108672 -0.980683
    outer loop
      vertex 1.86041 3.05625 -1.19487
      vertex 1.32295 3.72235 -1.17955
      vertex 1.38961 3.76084 -1.19487
    endloop
  endfacet
  facet normal -0.34558 -0.170422 -0.922784
    outer loop
      vertex 0.937822 3.5 -1
      vertex 0.875039 4.46296 -1.15433
      vertex 1.25859 3.6852 -1.15433
    endloop
  endfacet
  facet normal -0.345585 -0.170422 -0.922782
    outer loop
      vertex 0.937822 3.5 -1
      vertex 0.532844 4.32122 -1
      vertex 0.875039 4.46296 -1.15433
    endloop
  endfacet
  facet normal -0.0641523 -0.978764 0.194691
    outer loop
      vertex 6.08899 0.0801563 -0.444709
      vertex 6.08699 0.0649757 -0.521685
      vertex 7 0.0204449 -0.444709
    endloop
  endfacet
  facet normal -0.128791 -0.647466 0.751133
    outer loop
      vertex 5.24902 0.465264 -0.123988
      vertex 5.23375 0.408268 -0.175736
      vertex 6.10925 0.234118 -0.175736
    endloop
  endfacet
  facet normal -0.2419 -0.712611 0.658536
    outer loop
      vertex 5.23375 0.408268 -0.175736
      vertex 4.38847 0.695203 -0.175736
      vertex 5.22036 0.358283 -0.234744
    endloop
  endfacet
  facet normal -0.267448 -0.787872 0.554733
    outer loop
      vertex 4.36866 0.647394 -0.234744
      vertex 4.35198 0.60711 -0.3
      vertex 5.20907 0.316165 -0.3
    endloop
  endfacet
  facet normal -0.175043 -0.880009 0.441524
    outer loop
      vertex 6.09681 0.139584 -0.3
      vertex 5.20907 0.316165 -0.3
      vertex 6.09228 0.105168 -0.370391
    endloop
  endfacet
  facet normal -0.195091 -0.980785 0
    outer loop
      vertex 5.18827 0.23852 -1
      vertex 6.08632 0.059886 -0.6
      vertex 5.18827 0.23852 -0.6
    endloop
  endfacet
  facet normal -0.195091 -0.980785 -0
    outer loop
      vertex 6.08632 0.059886 -0.6
      vertex 5.18827 0.23852 -1
      vertex 6.08632 0.059886 -1
    endloop
  endfacet
  facet normal -0.320753 -0.944913 0.0652423
    outer loop
      vertex 4.32318 0.537586 -0.521685
      vertex 4.32122 0.532844 -0.6
      vertex 5.1896 0.243478 -0.521685
    endloop
  endfacet
  facet normal -0.526225 -0.787539 0.320733
    outer loop
      vertex 2.76647 1.48276 -0.370391
      vertex 2.75112 1.46275 -0.444709
      vertex 3.51022 0.955528 -0.444709
    endloop
  endfacet
  facet normal -0.142401 -0.288765 -0.946751
    outer loop
      vertex 4.46296 0.875039 -1.15433
      vertex 3.72235 1.32295 -1.17955
      vertex 4.4914 0.943701 -1.17955
    endloop
  endfacet
  facet normal -0.0751727 -0.377917 -0.922783
    outer loop
      vertex 6.08632 0.059886 -1
      vertex 5.18827 0.23852 -1
      vertex 5.28413 0.596289 -1.15433
    endloop
  endfacet
  facet normal -0.103493 -0.304881 -0.946751
    outer loop
      vertex 5.28413 0.596289 -1.15433
      vertex 4.46296 0.875039 -1.15433
      vertex 4.4914 0.943701 -1.17955
    endloop
  endfacet
  facet normal 0 -1 0
    outer loop
      vertex 7 0 -1
      vertex 46 0 -0.6
      vertex 7 0 -0.6
    endloop
  endfacet
  facet normal 0 -1 -0
    outer loop
      vertex 46 0 -0.6
      vertex 7 0 -1
      vertex 46 0 -1
    endloop
  endfacet
  facet normal -0.332833 -0.674918 0.658565
    outer loop
      vertex 4.38847 0.695203 -0.175736
      vertex 3.56199 1.0452 -0.234744
      vertex 4.36866 0.647394 -0.234744
    endloop
  endfacet
  facet normal -0.332843 -0.674949 0.658528
    outer loop
      vertex 3.58787 1.09001 -0.175736
      vertex 3.56199 1.0452 -0.234744
      vertex 4.38847 0.695203 -0.175736
    endloop
  endfacet
  facet normal -0.565797 -0.4962 0.658529
    outer loop
      vertex 2.17452 2.17452 -0.175736
      vertex 1.54489 2.81415 -0.234744
      vertex 2.13793 2.13793 -0.234744
    endloop
  endfacet
  facet normal -0.625558 -0.54861 0.55471
    outer loop
      vertex 1.54489 2.81415 -0.234744
      vertex 1.5103 2.78761 -0.3
      vertex 2.13793 2.13793 -0.234744
    endloop
  endfacet
  facet normal 0.442241 0 0.896896
    outer loop
      vertex 52.6296 138.269 -0.0456724
      vertex 52.7 7 -0.0803852
      vertex 52.7 138.269 -0.0803852
    endloop
  endfacet
  facet normal 0.442241 0 0.896896
    outer loop
      vertex 52.7 7 -0.0803852
      vertex 52.6296 138.269 -0.0456724
      vertex 52.6296 7 -0.0456724
    endloop
  endfacet
  facet normal 0.321509 0 0.946907
    outer loop
      vertex 52.5553 138.269 -0.0204449
      vertex 52.6296 7 -0.0456724
      vertex 52.6296 138.269 -0.0456724
    endloop
  endfacet
  facet normal 0.321509 0 0.946907
    outer loop
      vertex 52.6296 7 -0.0456724
      vertex 52.5553 138.269 -0.0204449
      vertex 52.5553 7 -0.0204449
    endloop
  endfacet
  facet normal 0.712534 -0.241844 0.65864
    outer loop
      vertex 52.5917 5.23375 -0.175736
      vertex 52.3048 4.38847 -0.175736
      vertex 52.6417 5.22036 -0.234744
    endloop
  endfacet
  facet normal 0.0289113 0.0586664 0.997859
    outer loop
      vertex 49.2392 143.88 -0.00513363
      vertex 48.4492 144.182 0
      vertex 49.2 143.812 0
    endloop
  endfacet
  facet normal 0 -0.195088 0.980786
    outer loop
      vertex 7 0.521685 -0.00513363
      vertex 46 0.444709 -0.0204449
      vertex 46 0.521685 -0.00513363
    endloop
  endfacet
  facet normal 0 -0.195088 0.980786
    outer loop
      vertex 46 0.444709 -0.0204449
      vertex 7 0.521685 -0.00513363
      vertex 7 0.444709 -0.0204449
    endloop
  endfacet
  facet normal -0.0543771 0.0363373 0.997859
    outer loop
      vertex 1.86041 142.213 -0.00513363
      vertex 1.45744 141.469 0
      vertex 1.92254 142.165 0
    endloop
  endfacet
  facet normal 0.980792 -0.195055 0
    outer loop
      vertex 52.7615 5.18827 -0.6
      vertex 52.9401 6.08632 -1
      vertex 52.9401 6.08632 -0.6
    endloop
  endfacet
  facet normal 0.980792 -0.195055 0
    outer loop
      vertex 52.9401 6.08632 -1
      vertex 52.7615 5.18827 -0.6
      vertex 52.7615 5.18827 -1
    endloop
  endfacet
  facet normal 0.997858 -0.0654186 0
    outer loop
      vertex 52.9401 6.08632 -0.6
      vertex 53 7 -1
      vertex 53 7 -0.6
    endloop
  endfacet
  facet normal 0.997858 -0.0654186 0
    outer loop
      vertex 53 7 -1
      vertex 52.9401 6.08632 -0.6
      vertex 52.9401 6.08632 -1
    endloop
  endfacet
  facet normal 0.0641526 -0.978765 0.194686
    outer loop
      vertex 46 0.0204449 -0.444709
      vertex 46 0.00513363 -0.521685
      vertex 46.913 0.0649757 -0.521685
    endloop
  endfacet
  facet normal 0.212431 -0.242238 0.946675
    outer loop
      vertex 50.6353 2.36471 -0.0204449
      vertex 49.9906 1.79934 -0.0204449
      vertex 50.6878 2.31216 -0.0456724
    endloop
  endfacet
  facet normal 0.929195 -0.184816 0.320061
    outer loop
      vertex 52.9198 6.08899 -0.444709
      vertex 52.7174 5.20009 -0.370391
      vertex 52.7417 5.19356 -0.444709
    endloop
  endfacet
  facet normal -0.0432193 -0.049282 0.997849
    outer loop
      vertex 3.10393 1.92254 0
      vertex 2.47452 2.47452 0
      vertex 3.05625 1.86041 -0.00513363
    endloop
  endfacet
  facet normal 0.894914 -0.441345 0.0659052
    outer loop
      vertex 52.4624 4.32318 -0.521685
      vertex 52.0577 3.50257 -0.521685
      vertex 52.0622 3.5 -0.6
    endloop
  endfacet
  facet normal 0.849324 -0.288301 0.44219
    outer loop
      vertex 52.6838 5.20907 -0.3
      vertex 52.425 4.33869 -0.370391
      vertex 52.7174 5.20009 -0.370391
    endloop
  endfacet
  facet normal -0.0864348 -0.434537 0.896497
    outer loop
      vertex 5.28413 0.596289 -0.0456724
      vertex 5.26591 0.528297 -0.0803852
      vertex 6.12547 0.35732 -0.0803852
    endloop
  endfacet
  facet normal -0.142416 -0.419541 0.896495
    outer loop
      vertex 4.46296 0.875039 -0.0456724
      vertex 4.43602 0.810008 -0.0803852
      vertex 5.26591 0.528297 -0.0803852
    endloop
  endfacet
  facet normal -0.0210703 -0.0620711 0.997849
    outer loop
      vertex 5.34356 0.818075 0
      vertex 4.55083 1.08717 0
      vertex 5.32329 0.742428 -0.00513363
    endloop
  endfacet
  facet normal -0.0864351 -0.434538 0.896496
    outer loop
      vertex 6.13466 0.427108 -0.0456724
      vertex 5.28413 0.596289 -0.0456724
      vertex 6.12547 0.35732 -0.0803852
    endloop
  endfacet
  facet normal 0.191902 0.0381727 -0.980671
    outer loop
      vertex 52.4229 139.115 -1.19487
      vertex 52.2576 139.946 -1.19487
      vertex 52.4992 139.125 -1.17955
    endloop
  endfacet
  facet normal 0.0620516 0.0210834 -0.99785
    outer loop
      vertex 52.1819 139.926 -1.2
      vertex 51.9128 140.718 -1.2
      vertex 52.2576 139.946 -1.19487
    endloop
  endfacet
  facet normal -0.0129353 0.0647611 -0.997817
    outer loop
      vertex 6.16463 144.615 -1.2
      vertex 5.34356 144.451 -1.2
      vertex 6.15441 144.692 -1.19487
    endloop
  endfacet
  facet normal 0.320233 0.213783 -0.922902
    outer loop
      vertex 52.0622 141.769 -1
      vertex 51.2596 142.305 -1.15433
      vertex 51.5535 142.531 -1
    endloop
  endfacet
  facet normal 0.162436 0.108511 -0.980734
    outer loop
      vertex 51.677 141.547 -1.17955
      vertex 51.1396 142.213 -1.19487
      vertex 51.2007 142.26 -1.17955
    endloop
  endfacet
  facet normal 0.377985 0.0752413 -0.922749
    outer loop
      vertex 52.5729 139.135 -1.15433
      vertex 52.4037 139.985 -1.15433
      vertex 52.9401 139.183 -1
    endloop
  endfacet
  facet normal 0.321137 0.0210465 -0.946799
    outer loop
      vertex 52.5553 138.269 -1.17955
      vertex 52.4992 139.125 -1.17955
      vertex 52.5729 139.135 -1.15433
    endloop
  endfacet
  facet normal 0.184837 0.0627799 -0.980762
    outer loop
      vertex 52.2576 139.946 -1.19487
      vertex 51.9852 140.748 -1.19487
      vertex 52.0563 140.778 -1.17955
    endloop
  endfacet
  facet normal 0.174932 0.0862692 -0.980794
    outer loop
      vertex 51.9852 140.748 -1.19487
      vertex 51.6104 141.508 -1.19487
      vertex 52.0563 140.778 -1.17955
    endloop
  endfacet
  facet normal 0.19512 -0.0127836 -0.980696
    outer loop
      vertex 52.5553 7 -1.17955
      vertex 52.4229 6.15441 -1.19487
      vertex 52.4783 7 -1.19487
    endloop
  endfacet
  facet normal 0.0654225 0.00428417 0.997848
    outer loop
      vertex 52.4229 139.115 -0.00513363
      vertex 52.4 138.269 0
      vertex 52.4783 138.269 -0.00513363
    endloop
  endfacet
  facet normal 0.128263 0.146206 0.980904
    outer loop
      vertex 50.6353 142.905 -0.0204449
      vertex 49.9437 143.409 -0.00513363
      vertex 50.5809 142.85 -0.00513363
    endloop
  endfacet
  facet normal 0.0433765 0.0494446 0.997835
    outer loop
      vertex 50.5809 142.85 -0.00513363
      vertex 49.9437 143.409 -0.00513363
      vertex 50.5255 142.795 0
    endloop
  endfacet
  facet normal 0.367893 0.245716 0.896816
    outer loop
      vertex 51.3155 142.348 -0.0803852
      vertex 51.2596 142.305 -0.0456724
      vertex 51.8024 141.619 -0.0803852
    endloop
  endfacet
  facet normal 0.368692 0.246374 0.896307
    outer loop
      vertex 51.8024 141.619 -0.0803852
      vertex 51.2596 142.305 -0.0456724
      vertex 51.7414 141.584 -0.0456724
    endloop
  endfacet
  facet normal 0.243365 0.213331 0.946184
    outer loop
      vertex 50.6878 142.957 -0.0456724
      vertex 50.6353 142.905 -0.0204449
      vertex 51.2007 142.26 -0.0204449
    endloop
  endfacet
  facet normal 0.332569 0.291661 0.896846
    outer loop
      vertex 51.3155 142.348 -0.0803852
      vertex 50.6878 142.957 -0.0456724
      vertex 51.2596 142.305 -0.0456724
    endloop
  endfacet
  facet normal 0.146791 0.128676 0.980762
    outer loop
      vertex 51.2007 142.26 -0.0204449
      vertex 50.6353 142.905 -0.0204449
      vertex 51.1396 142.213 -0.00513363
    endloop
  endfacet
  facet normal 0.162347 0.108451 0.980756
    outer loop
      vertex 51.2007 142.26 -0.0204449
      vertex 51.1396 142.213 -0.00513363
      vertex 51.677 141.547 -0.0204449
    endloop
  endfacet
  facet normal 0.547504 0.624321 0.557192
    outer loop
      vertex 50.2124 143.759 -0.3
      vertex 50.1859 143.724 -0.234744
      vertex 50.8621 143.131 -0.234744
    endloop
  endfacet
  facet normal 0.368994 0.552227 0.747589
    outer loop
      vertex 50.1544 143.683 -0.175736
      vertex 49.4121 144.179 -0.175736
      vertex 50.1184 143.637 -0.123988
    endloop
  endfacet
  facet normal 0.441595 0.895402 0.0570107
    outer loop
      vertex 48.6788 144.736 -0.6
      vertex 48.6768 144.732 -0.521685
      vertex 49.5 144.331 -0.6
    endloop
  endfacet
  facet normal 0.32139 0.944669 0.0656471
    outer loop
      vertex 47.8117 145.031 -0.6
      vertex 47.8104 145.026 -0.521685
      vertex 48.6788 144.736 -0.6
    endloop
  endfacet
  facet normal 0.0129462 0.0648098 0.997814
    outer loop
      vertex 46.8456 144.692 -0.00513363
      vertex 46.8354 144.615 0
      vertex 47.6564 144.451 0
    endloop
  endfacet
  facet normal 0.0363919 -0.555203 0.830918
    outer loop
      vertex 46 0.3 -0.0803852
      vertex 46 0.234744 -0.123988
      vertex 46.883 0.292622 -0.123988
    endloop
  endfacet
  facet normal 0.109476 0.163749 0.980409
    outer loop
      vertex 49.2776 143.946 -0.0204449
      vertex 49.2392 143.88 -0.00513363
      vertex 49.9437 143.409 -0.00513363
    endloop
  endfacet
  facet normal 0.0854342 0.173633 0.981098
    outer loop
      vertex 48.5086 144.326 -0.0204449
      vertex 48.4791 144.254 -0.00513363
      vertex 49.2392 143.88 -0.00513363
    endloop
  endfacet
  facet normal 0.879638 0.174937 0.442304
    outer loop
      vertex 52.8948 139.177 -0.370391
      vertex 52.6838 140.06 -0.3
      vertex 52.8604 139.172 -0.3
    endloop
  endfacet
  facet normal 0.895254 0.0586648 0.441677
    outer loop
      vertex 52.8948 139.177 -0.370391
      vertex 52.8604 139.172 -0.3
      vertex 52.9543 138.269 -0.370391
    endloop
  endfacet
  facet normal 0.555194 -0.0363768 0.830925
    outer loop
      vertex 52.7 7 -0.0803852
      vertex 52.6427 6.12547 -0.0803852
      vertex 52.7074 6.11696 -0.123988
    endloop
  endfacet
  facet normal 0.554945 0.0363888 0.831091
    outer loop
      vertex 52.7074 139.152 -0.123988
      vertex 52.7 138.269 -0.0803852
      vertex 52.7653 138.269 -0.123988
    endloop
  endfacet
  facet normal 0.746592 0.49862 0.44043
    outer loop
      vertex 51.5172 142.503 -0.370391
      vertex 51.4897 142.482 -0.3
      vertex 51.9926 141.729 -0.3
    endloop
  endfacet
  facet normal 0.805488 0.397704 0.439341
    outer loop
      vertex 52.0226 141.746 -0.370391
      vertex 51.9926 141.729 -0.3
      vertex 52.425 140.931 -0.370391
    endloop
  endfacet
  facet normal 0.92877 0.315395 0.19471
    outer loop
      vertex 52.4624 140.946 -0.521685
      vertex 52.4483 140.94 -0.444709
      vertex 52.7417 140.076 -0.444709
    endloop
  endfacet
  facet normal 0.928718 0.315399 0.194952
    outer loop
      vertex 52.7565 140.08 -0.521685
      vertex 52.4624 140.946 -0.521685
      vertex 52.7417 140.076 -0.444709
    endloop
  endfacet
  facet normal -0.555571 0 0.831469
    outer loop
      vertex 0.234744 138.269 -0.123988
      vertex 0.3 7 -0.0803852
      vertex 0.3 138.269 -0.0803852
    endloop
  endfacet
  facet normal -0.555571 0 0.831469
    outer loop
      vertex 0.3 7 -0.0803852
      vertex 0.234744 138.269 -0.123988
      vertex 0.234744 7 -0.123988
    endloop
  endfacet
  facet normal -0.590939 0.291634 0.752157
    outer loop
      vertex 1.09001 141.681 -0.175736
      vertex 0.695203 140.881 -0.175736
      vertex 0.749718 140.858 -0.123988
    endloop
  endfacet
  facet normal -0.99786 0.0653806 0
    outer loop
      vertex 0 138.269 -1
      vertex 0.059886 139.183 -0.6
      vertex 0.059886 139.183 -1
    endloop
  endfacet
  facet normal -0.99786 0.0653806 0
    outer loop
      vertex 0.059886 139.183 -0.6
      vertex 0 138.269 -1
      vertex 0 138.269 -0.6
    endloop
  endfacet
  facet normal -0.162387 0.108499 0.980744
    outer loop
      vertex 1.79934 142.26 -0.0204449
      vertex 1.32295 141.547 -0.0204449
      vertex 1.86041 142.213 -0.00513363
    endloop
  endfacet
  facet normal 0.050053 0.75563 0.653083
    outer loop
      vertex 46 145.145 -0.234744
      vertex 46 145.094 -0.175736
      vertex 46.8907 145.035 -0.175736
    endloop
  endfacet
  facet normal 0.108591 0.545874 0.830801
    outer loop
      vertex 47.751 144.804 -0.123988
      vertex 46.8745 144.912 -0.0803852
      vertex 47.7341 144.741 -0.0803852
    endloop
  endfacet
  facet normal -0.624662 0.712031 0.320638
    outer loop
      vertex 2.75112 143.807 -0.444709
      vertex 2.08255 143.187 -0.370391
      vertex 2.76647 143.787 -0.370391
    endloop
  endfacet
  facet normal -0.526084 0.787673 0.320634
    outer loop
      vertex 3.51022 144.314 -0.444709
      vertex 2.75112 143.807 -0.444709
      vertex 2.76647 143.787 -0.370391
    endloop
  endfacet
  facet normal -0.498032 0.567925 0.655306
    outer loop
      vertex 2.81415 143.724 -0.234744
      vertex 2.13793 143.131 -0.234744
      vertex 2.17452 143.095 -0.175736
    endloop
  endfacet
  facet normal -0.437583 0.499448 0.747712
    outer loop
      vertex 2.84565 143.683 -0.175736
      vertex 2.17452 143.095 -0.175736
      vertex 2.88157 143.637 -0.123988
    endloop
  endfacet
  facet normal -0.308527 0.46165 0.831679
    outer loop
      vertex 3.65 144.072 -0.0803852
      vertex 2.88157 143.637 -0.123988
      vertex 2.9213 143.585 -0.0803852
    endloop
  endfacet
  facet normal -0.418619 0.367302 0.83057
    outer loop
      vertex 2.21624 143.053 -0.123988
      vertex 1.63276 142.388 -0.123988
      vertex 2.26239 143.007 -0.0803852
    endloop
  endfacet
  facet normal -0.0212024 0.0623203 0.997831
    outer loop
      vertex 5.32329 144.527 -0.00513363
      vertex 4.52086 144.254 -0.00513363
      vertex 4.55083 144.182 0
    endloop
  endfacet
  facet normal -0.195652 0.397312 0.896585
    outer loop
      vertex 4.46296 144.394 -0.0456724
      vertex 3.65 144.072 -0.0803852
      vertex 3.6852 144.011 -0.0456724
    endloop
  endfacet
  facet normal -0 0.551219 0.834361
    outer loop
      vertex 7 145.035 -0.123988
      vertex 46 144.969 -0.0803852
      vertex 46 145.035 -0.123988
    endloop
  endfacet
  facet normal 0 0.551219 0.834361
    outer loop
      vertex 46 144.969 -0.0803852
      vertex 7 145.035 -0.123988
      vertex 7 144.969 -0.0803852
    endloop
  endfacet
  facet normal -0.0625293 0.314692 0.947132
    outer loop
      vertex 6.13466 144.842 -0.0456724
      vertex 5.28413 144.673 -0.0456724
      vertex 6.14436 144.768 -0.0204449
    endloop
  endfacet
  facet normal 0.128659 0.647434 0.751183
    outer loop
      vertex 47.7663 144.861 -0.175736
      vertex 46.8907 145.035 -0.175736
      vertex 47.751 144.804 -0.123988
    endloop
  endfacet
  facet normal 0.00429439 0.0648453 0.997886
    outer loop
      vertex 46 144.748 -0.00513363
      vertex 46 144.669 0
      vertex 46.8456 144.692 -0.00513363
    endloop
  endfacet
  facet normal -0.0434745 0.661892 0.748337
    outer loop
      vertex 7 145.035 -0.123988
      vertex 6.10925 145.035 -0.175736
      vertex 6.11696 144.977 -0.123988
    endloop
  endfacet
  facet normal -0.267556 0.788502 0.553785
    outer loop
      vertex 5.20907 144.953 -0.3
      vertex 4.36866 144.622 -0.234744
      vertex 5.22036 144.911 -0.234744
    endloop
  endfacet
  facet normal -0.304178 0.894262 0.328286
    outer loop
      vertex 5.20009 144.987 -0.370391
      vertex 4.32904 144.718 -0.444709
      vertex 4.33869 144.694 -0.370391
    endloop
  endfacet
  facet normal -0.304445 0.89829 0.316841
    outer loop
      vertex 5.19356 145.011 -0.444709
      vertex 4.32904 144.718 -0.444709
      vertex 5.20009 144.987 -0.370391
    endloop
  endfacet
  facet normal -0.593338 0.292486 0.749934
    outer loop
      vertex 1.09001 141.681 -0.175736
      vertex 0.749718 140.858 -0.123988
      vertex 1.14112 141.652 -0.123988
    endloop
  endfacet
  facet normal -0.332717 0.29178 0.896752
    outer loop
      vertex 2.31216 142.957 -0.0456724
      vertex 1.68453 142.348 -0.0803852
      vertex 1.74038 142.305 -0.0456724
    endloop
  endfacet
  facet normal -0.62413 0.547535 0.557375
    outer loop
      vertex 2.13793 143.131 -0.234744
      vertex 1.5103 142.482 -0.3
      vertex 1.54489 142.455 -0.234744
    endloop
  endfacet
  facet normal -0.690689 0.461248 0.556955
    outer loop
      vertex 1.5103 142.482 -0.3
      vertex 1.00744 141.729 -0.3
      vertex 1.54489 142.455 -0.234744
    endloop
  endfacet
  facet normal -0.52564 0.787284 0.322315
    outer loop
      vertex 3.51022 144.314 -0.444709
      vertex 2.76647 143.787 -0.370391
      vertex 3.52284 144.292 -0.370391
    endloop
  endfacet
  facet normal -0.737877 0.647015 0.192116
    outer loop
      vertex 2.05388 143.215 -0.521685
      vertex 1.4506 142.527 -0.521685
      vertex 1.46275 142.518 -0.444709
    endloop
  endfacet
  facet normal -0.803323 0.396052 0.444763
    outer loop
      vertex 1.00744 141.729 -0.3
      vertex 0.57504 140.931 -0.370391
      vertex 0.60711 140.917 -0.3
    endloop
  endfacet
  facet normal -0.814916 0.545063 0.197026
    outer loop
      vertex 1.4506 142.527 -0.521685
      vertex 0.942268 141.767 -0.521685
      vertex 0.955528 141.759 -0.444709
    endloop
  endfacet
  facet normal -0.894903 0.441433 0.06546
    outer loop
      vertex 0.937822 141.769 -0.6
      vertex 0.532844 140.948 -0.6
      vertex 0.537586 140.946 -0.521685
    endloop
  endfacet
  facet normal -0.848906 0.418541 0.322774
    outer loop
      vertex 0.955528 141.759 -0.444709
      vertex 0.551732 140.94 -0.444709
      vertex 0.977376 141.746 -0.370391
    endloop
  endfacet
  facet normal -0.85029 0.419758 0.317506
    outer loop
      vertex 0.977376 141.746 -0.370391
      vertex 0.551732 140.94 -0.444709
      vertex 0.57504 140.931 -0.370391
    endloop
  endfacet
  facet normal -0.789081 0.267887 0.5528
    outer loop
      vertex 0.60711 140.917 -0.3
      vertex 0.316165 140.06 -0.3
      vertex 0.647394 140.901 -0.234744
    endloop
  endfacet
  facet normal -0.646601 0.128545 0.75192
    outer loop
      vertex 0.408268 140.036 -0.175736
      vertex 0.234118 139.16 -0.175736
      vertex 0.465264 140.02 -0.123988
    endloop
  endfacet
  facet normal -0.397361 -0.195957 0.896496
    outer loop
      vertex 0.875039 4.46296 -0.0456724
      vertex 0.810008 4.43602 -0.0803852
      vertex 1.19763 3.65 -0.0803852
    endloop
  endfacet
  facet normal -0.526864 -0.178847 0.83092
    outer loop
      vertex 0.810008 4.43602 -0.0803852
      vertex 0.528297 5.26591 -0.0803852
      vertex 0.749718 4.41105 -0.123988
    endloop
  endfacet
  facet normal -0.175324 -0.0864576 0.980707
    outer loop
      vertex 1.01482 4.52086 -0.00513363
      vertex 0.943701 4.4914 -0.0204449
      vertex 1.38961 3.76084 -0.00513363
    endloop
  endfacet
  facet normal -0.185108 -0.0628366 0.980707
    outer loop
      vertex 1.01482 4.52086 -0.00513363
      vertex 0.742428 5.32329 -0.00513363
      vertex 0.943701 4.4914 -0.0204449
    endloop
  endfacet
  facet normal -0.00426371 0.0659588 0.997813
    outer loop
      vertex 7 144.669 0
      vertex 6.15441 144.692 -0.00513363
      vertex 6.16463 144.615 0
    endloop
  endfacet
  facet normal -0.162547 -0.108612 0.980705
    outer loop
      vertex 1.38961 3.76084 -0.00513363
      vertex 1.32295 3.72235 -0.0204449
      vertex 1.86041 3.05625 -0.00513363
    endloop
  endfacet
  facet normal -0.162542 -0.108609 0.980706
    outer loop
      vertex 1.86041 3.05625 -0.00513363
      vertex 1.32295 3.72235 -0.0204449
      vertex 1.79934 3.00939 -0.0204449
    endloop
  endfacet
  facet normal -0.184796 0.0627642 -0.980771
    outer loop
      vertex 1.01482 140.748 -1.19487
      vertex 0.742428 139.946 -1.19487
      vertex 0.943701 140.778 -1.17955
    endloop
  endfacet
  facet normal -0.315553 0.0628066 -0.946827
    outer loop
      vertex 0.500791 139.125 -1.17955
      vertex 0.427108 139.135 -1.15433
      vertex 0.596289 139.985 -1.15433
    endloop
  endfacet
  facet normal -0.995731 -0.0652639 0.065271
    outer loop
      vertex 0.0649757 6.08699 -0.521685
      vertex 0.00513363 7 -0.521685
      vertex 0.059886 6.08632 -0.6
    endloop
  endfacet
  facet normal -0.978694 -0.194675 0.0652709
    outer loop
      vertex 0.0649757 6.08699 -0.521685
      vertex 0.059886 6.08632 -0.6
      vertex 0.243478 5.1896 -0.521685
    endloop
  endfacet
  facet normal -0.997858 0 0.0654107
    outer loop
      vertex 0 7 -0.6
      vertex 0.00513363 138.269 -0.521685
      vertex 0 138.269 -0.6
    endloop
  endfacet
  facet normal -0.997858 0 0.0654107
    outer loop
      vertex 0.00513363 138.269 -0.521685
      vertex 0 7 -0.6
      vertex 0.00513363 7 -0.521685
    endloop
  endfacet
  facet normal -0.879613 0.433681 0.195452
    outer loop
      vertex 0.955528 141.759 -0.444709
      vertex 0.537586 140.946 -0.521685
      vertex 0.551732 140.94 -0.444709
    endloop
  endfacet
  facet normal -0.995733 0.0652412 0.0652713
    outer loop
      vertex 0.059886 139.183 -0.6
      vertex 0 138.269 -0.6
      vertex 0.00513363 138.269 -0.521685
    endloop
  endfacet
  facet normal -0.94693 0 0.321439
    outer loop
      vertex 0.0204449 7 -0.444709
      vertex 0.0456724 138.269 -0.370391
      vertex 0.0204449 138.269 -0.444709
    endloop
  endfacet
  facet normal -0.94693 0 0.321439
    outer loop
      vertex 0.0456724 138.269 -0.370391
      vertex 0.0204449 7 -0.444709
      vertex 0.0456724 7 -0.370391
    endloop
  endfacet
  facet normal -0.162476 0.108558 -0.980722
    outer loop
      vertex 1.86041 142.213 -1.19487
      vertex 1.32295 141.547 -1.17955
      vertex 1.79934 142.26 -1.17955
    endloop
  endfacet
  facet normal -0.26815 0.179164 -0.946571
    outer loop
      vertex 1.79934 142.26 -1.17955
      vertex 1.32295 141.547 -1.17955
      vertex 1.74038 142.305 -1.15433
    endloop
  endfacet
  facet normal -0.289442 0.142745 -0.946492
    outer loop
      vertex 0.943701 140.778 -1.17955
      vertex 0.875039 140.806 -1.15433
      vertex 1.32295 141.547 -1.17955
    endloop
  endfacet
  facet normal -0.320455 0.214136 -0.922743
    outer loop
      vertex 1.25859 141.584 -1.15433
      vertex 0.937822 141.769 -1
      vertex 1.74038 142.305 -1.15433
    endloop
  endfacet
  facet normal -0.174934 0.0862726 -0.980793
    outer loop
      vertex 1.38961 141.508 -1.19487
      vertex 0.943701 140.778 -1.17955
      vertex 1.32295 141.547 -1.17955
    endloop
  endfacet
  facet normal -0.162087 0.108242 -0.980822
    outer loop
      vertex 1.38961 141.508 -1.19487
      vertex 1.32295 141.547 -1.17955
      vertex 1.86041 142.213 -1.19487
    endloop
  endfacet
  facet normal -0.978764 0.064153 0.194691
    outer loop
      vertex 0.0649757 139.182 -0.521685
      vertex 0.0204449 138.269 -0.444709
      vertex 0.0801563 139.18 -0.444709
    endloop
  endfacet
  facet normal -0.849672 0.288222 0.441571
    outer loop
      vertex 0.57504 140.931 -0.370391
      vertex 0.282636 140.069 -0.370391
      vertex 0.316165 140.06 -0.3
    endloop
  endfacet
  facet normal 0.554411 -0.829696 0.0650646
    outer loop
      vertex 50.2582 1.4506 -0.521685
      vertex 49.5 0.937822 -0.6
      vertex 50.2613 1.44653 -0.6
    endloop
  endfacet
  facet normal 0.946938 -0.321416 0
    outer loop
      vertex 52.4672 4.32122 -0.6
      vertex 52.7615 5.18827 -1
      vertex 52.7615 5.18827 -0.6
    endloop
  endfacet
  facet normal 0.946938 -0.321416 0
    outer loop
      vertex 52.7615 5.18827 -1
      vertex 52.4672 4.32122 -0.6
      vertex 52.4672 4.32122 -1
    endloop
  endfacet
  facet normal 0.555588 -0.831458 0
    outer loop
      vertex 49.5 0.937822 -1
      vertex 50.2613 1.44653 -0.6
      vertex 49.5 0.937822 -0.6
    endloop
  endfacet
  facet normal 0.555588 -0.831458 0
    outer loop
      vertex 50.2613 1.44653 -0.6
      vertex 49.5 0.937822 -1
      vertex 50.2613 1.44653 -1
    endloop
  endfacet
  facet normal 0.103517 -0.304925 -0.946734
    outer loop
      vertex 48.537 0.875039 -1.15433
      vertex 47.7159 0.596289 -1.15433
      vertex 48.5086 0.943701 -1.17955
    endloop
  endfacet
  facet normal 0.0751643 -0.377907 -0.922787
    outer loop
      vertex 46.9137 0.059886 -1
      vertex 46.8653 0.427108 -1.15433
      vertex 47.7159 0.596289 -1.15433
    endloop
  endfacet
  facet normal 0.0210588 -0.321279 -0.946751
    outer loop
      vertex 46.8653 0.427108 -1.15433
      vertex 46 0.444709 -1.17955
      vertex 46.8556 0.500791 -1.17955
    endloop
  endfacet
  facet normal 0.0289812 -0.0587759 -0.99785
    outer loop
      vertex 48.4791 1.01482 -1.19487
      vertex 48.4492 1.08717 -1.2
      vertex 49.2392 1.38961 -1.19487
    endloop
  endfacet
  facet normal 0.0210511 -0.0620203 -0.997853
    outer loop
      vertex 47.6767 0.742428 -1.19487
      vertex 47.6564 0.818075 -1.2
      vertex 48.4492 1.08717 -1.2
    endloop
  endfacet
  facet normal 0.170415 -0.345584 -0.922784
    outer loop
      vertex 49.5 0.937822 -1
      vertex 48.537 0.875039 -1.15433
      vertex 49.3148 1.25859 -1.15433
    endloop
  endfacet
  facet normal 0.441346 -0.894946 0.0654591
    outer loop
      vertex 49.4974 0.942268 -0.521685
      vertex 48.6768 0.537586 -0.521685
      vertex 49.5 0.937822 -0.6
    endloop
  endfacet
  facet normal 0.320352 -0.21405 -0.922799
    outer loop
      vertex 51.5535 2.73867 -1
      vertex 51.2596 2.96415 -1.15433
      vertex 52.0622 3.5 -1
    endloop
  endfacet
  facet normal 0.289659 -0.254055 -0.922797
    outer loop
      vertex 51.5535 2.73867 -1
      vertex 50.9497 2.05025 -1
      vertex 51.2596 2.96415 -1.15433
    endloop
  endfacet
  facet normal -0.012779 -0.0642444 -0.997852
    outer loop
      vertex 6.15441 0.577107 -1.19487
      vertex 5.34356 0.818075 -1.2
      vertex 6.16463 0.654754 -1.2
    endloop
  endfacet
  facet normal -0.128967 -0.147059 -0.980684
    outer loop
      vertex 3.05625 1.86041 -1.19487
      vertex 2.36471 2.36471 -1.17955
      vertex 2.41914 2.41914 -1.19487
    endloop
  endfacet
  facet normal -0.147059 -0.128967 -0.980684
    outer loop
      vertex 2.36471 2.36471 -1.17955
      vertex 1.86041 3.05625 -1.19487
      vertex 2.41914 2.41914 -1.19487
    endloop
  endfacet
  facet normal -0.0126996 0.0639692 -0.997871
    outer loop
      vertex 5.34356 144.451 -1.2
      vertex 5.32329 144.527 -1.19487
      vertex 6.15441 144.692 -1.19487
    endloop
  endfacet
  facet normal 0.0381618 -0.191853 -0.980682
    outer loop
      vertex 47.6966 0.668076 -1.17955
      vertex 46.8556 0.500791 -1.17955
      vertex 47.6767 0.742428 -1.19487
    endloop
  endfacet
  facet normal 0 -0.195195 -0.980764
    outer loop
      vertex 7 0.444709 -1.17955
      vertex 46 0.521685 -1.19487
      vertex 46 0.444709 -1.17955
    endloop
  endfacet
  facet normal -0 -0.195195 -0.980764
    outer loop
      vertex 46 0.521685 -1.19487
      vertex 7 0.444709 -1.17955
      vertex 7 0.521685 -1.19487
    endloop
  endfacet
  facet normal 0.109536 0.163839 -0.980387
    outer loop
      vertex 49.9437 143.409 -1.19487
      vertex 49.2392 143.88 -1.19487
      vertex 49.2776 143.946 -1.17955
    endloop
  endfacet
  facet normal 0.751601 0.659618 0
    outer loop
      vertex 51.5535 142.531 -0.6
      vertex 50.9497 143.219 -1
      vertex 50.9497 143.219 -0.6
    endloop
  endfacet
  facet normal 0.751601 0.659618 0
    outer loop
      vertex 50.9497 143.219 -1
      vertex 51.5535 142.531 -0.6
      vertex 51.5535 142.531 -1
    endloop
  endfacet
  facet normal 0.657973 0.749915 0.0685483
    outer loop
      vertex 50.9497 143.219 -0.6
      vertex 50.2613 143.823 -0.6
      vertex 50.9461 143.215 -0.521685
    endloop
  endfacet
  facet normal -0.170422 -0.34558 -0.922784
    outer loop
      vertex 4.46296 0.875039 -1.15433
      vertex 3.5 0.937822 -1
      vertex 3.6852 1.25859 -1.15433
    endloop
  endfacet
  facet normal 0.00426063 0.0659135 -0.997816
    outer loop
      vertex 46.8354 144.615 -1.2
      vertex 46 144.669 -1.2
      vertex 46.8456 144.692 -1.19487
    endloop
  endfacet
  facet normal -0.0593162 0.897375 0.437264
    outer loop
      vertex 7 145.224 -0.370391
      vertex 6.09228 145.164 -0.370391
      vertex 6.09681 145.13 -0.3
    endloop
  endfacet
  facet normal -0.0583926 0.893892 0.444463
    outer loop
      vertex 7 145.224 -0.370391
      vertex 6.09681 145.13 -0.3
      vertex 7 145.189 -0.3
    endloop
  endfacet
  facet normal -0.0655274 0.997851 0
    outer loop
      vertex 7 145.269 -1
      vertex 6.08632 145.209 -0.6
      vertex 7 145.269 -0.6
    endloop
  endfacet
  facet normal -0.0655274 0.997851 0
    outer loop
      vertex 6.08632 145.209 -0.6
      vertex 7 145.269 -1
      vertex 6.08632 145.209 -1
    endloop
  endfacet
  facet normal -0.194425 0.980917 0
    outer loop
      vertex 6.08632 145.209 -1
      vertex 5.18827 145.031 -0.6
      vertex 6.08632 145.209 -0.6
    endloop
  endfacet
  facet normal -0.194425 0.980917 0
    outer loop
      vertex 5.18827 145.031 -0.6
      vertex 6.08632 145.209 -1
      vertex 5.18827 145.031 -1
    endloop
  endfacet
  facet normal -0.103024 0.304191 -0.947024
    outer loop
      vertex 5.30337 144.601 -1.17955
      vertex 4.4914 144.326 -1.17955
      vertex 5.28413 144.673 -1.15433
    endloop
  endfacet
  facet normal -0.0625526 0.315007 -0.947026
    outer loop
      vertex 5.30337 144.601 -1.17955
      vertex 5.28413 144.673 -1.15433
      vertex 6.14436 144.768 -1.17955
    endloop
  endfacet
  facet normal -0.0543388 0.0363117 -0.997862
    outer loop
      vertex 1.92254 142.165 -1.2
      vertex 1.45744 141.469 -1.2
      vertex 1.86041 142.213 -1.19487
    endloop
  endfacet
  facet normal -0.0288965 0.0586388 -0.997861
    outer loop
      vertex 3.8 143.812 -1.2
      vertex 3.76084 143.88 -1.19487
      vertex 4.55083 144.182 -1.2
    endloop
  endfacet
  facet normal -0.322101 0.946705 0
    outer loop
      vertex 5.18827 145.031 -1
      vertex 4.32122 144.736 -0.6
      vertex 5.18827 145.031 -0.6
    endloop
  endfacet
  facet normal -0.322101 0.946705 0
    outer loop
      vertex 4.32122 144.736 -0.6
      vertex 5.18827 145.031 -1
      vertex 4.32122 144.736 -1
    endloop
  endfacet
  facet normal -0.442305 0.896864 0
    outer loop
      vertex 4.32122 144.736 -1
      vertex 3.5 144.331 -0.6
      vertex 4.32122 144.736 -0.6
    endloop
  endfacet
  facet normal -0.442305 0.896864 0
    outer loop
      vertex 3.5 144.331 -0.6
      vertex 4.32122 144.736 -1
      vertex 3.5 144.331 -1
    endloop
  endfacet
  facet normal -0.829571 0.553818 0.0713992
    outer loop
      vertex 1.44653 142.531 -0.6
      vertex 0.937822 141.769 -0.6
      vertex 1.4506 142.527 -0.521685
    endloop
  endfacet
  facet normal -0.749901 0.657559 0.0725574
    outer loop
      vertex 2.05388 143.215 -0.521685
      vertex 1.44653 142.531 -0.6
      vertex 1.4506 142.527 -0.521685
    endloop
  endfacet
  facet normal -0.553881 0.830091 0.0645344
    outer loop
      vertex 3.5 144.331 -0.6
      vertex 2.73867 143.823 -0.6
      vertex 2.7418 143.819 -0.521685
    endloop
  endfacet
  facet normal 0.0492608 -0.0432023 -0.997851
    outer loop
      vertex 51.1396 3.05625 -1.19487
      vertex 50.5255 2.47452 -1.2
      vertex 51.0775 3.10393 -1.2
    endloop
  endfacet
  facet normal -0.267713 -0.178882 -0.946748
    outer loop
      vertex 1.74038 2.96415 -1.15433
      vertex 1.32295 3.72235 -1.17955
      vertex 1.79934 3.00939 -1.17955
    endloop
  endfacet
  facet normal -0.879716 -0.43383 0.194656
    outer loop
      vertex 0.955528 3.51022 -0.444709
      vertex 0.537586 4.32318 -0.521685
      vertex 0.942268 3.50257 -0.521685
    endloop
  endfacet
  facet normal -0.894958 -0.441347 0.0652908
    outer loop
      vertex 0.942268 3.50257 -0.521685
      vertex 0.537586 4.32318 -0.521685
      vertex 0.937822 3.5 -0.6
    endloop
  endfacet
  facet normal -0.896871 -0.304447 0.320836
    outer loop
      vertex 0.282636 5.20009 -0.370391
      vertex 0.258267 5.19356 -0.444709
      vertex 0.551732 4.32904 -0.444709
    endloop
  endfacet
  facet normal -0.849624 -0.288411 0.44154
    outer loop
      vertex 0.60711 4.35198 -0.3
      vertex 0.316165 5.20907 -0.3
      vertex 0.57504 4.33869 -0.370391
    endloop
  endfacet
  facet normal -0.746047 -0.498486 0.441504
    outer loop
      vertex 1.00744 3.54019 -0.3
      vertex 0.977376 3.52284 -0.370391
      vertex 1.48276 2.76647 -0.370391
    endloop
  endfacet
  facet normal -0.849466 -0.418914 0.320809
    outer loop
      vertex 0.57504 4.33869 -0.370391
      vertex 0.551732 4.32904 -0.444709
      vertex 0.977376 3.52284 -0.370391
    endloop
  endfacet
  facet normal -0.691807 -0.46225 0.554733
    outer loop
      vertex 1.0452 3.56199 -0.234744
      vertex 1.00744 3.54019 -0.3
      vertex 1.54489 2.81415 -0.234744
    endloop
  endfacet
  facet normal -0.6257 -0.418079 0.658567
    outer loop
      vertex 1.58595 2.84565 -0.175736
      vertex 1.0452 3.56199 -0.234744
      vertex 1.54489 2.81415 -0.234744
    endloop
  endfacet
  facet normal -0.625118 -0.2122 0.751131
    outer loop
      vertex 0.465264 5.24902 -0.123988
      vertex 0.408268 5.23375 -0.175736
      vertex 0.749718 4.41105 -0.123988
    endloop
  endfacet
  facet normal -0.750942 -0.04922 0.658531
    outer loop
      vertex 0.234118 6.10925 -0.175736
      vertex 0.123988 7 -0.234744
      vertex 0.182814 6.1025 -0.234744
    endloop
  endfacet
  facet normal -0.304874 -0.10349 -0.946753
    outer loop
      vertex 0.943701 4.4914 -1.17955
      vertex 0.596289 5.28413 -1.15433
      vertex 0.668076 5.30337 -1.17955
    endloop
  endfacet
  facet normal -0.185222 -0.062874 -0.980683
    outer loop
      vertex 0.943701 4.4914 -1.17955
      vertex 0.668076 5.30337 -1.17955
      vertex 0.742428 5.32329 -1.19487
    endloop
  endfacet
  facet normal -0.162317 -0.816032 0.554748
    outer loop
      vertex 6.1025 0.182814 -0.234744
      vertex 5.20907 0.316165 -0.3
      vertex 6.09681 0.139584 -0.3
    endloop
  endfacet
  facet normal -0.288413 -0.849644 0.441501
    outer loop
      vertex 5.20907 0.316165 -0.3
      vertex 4.33869 0.57504 -0.370391
      vertex 5.20009 0.282636 -0.370391
    endloop
  endfacet
  facet normal -0.0431746 -0.658726 0.751143
    outer loop
      vertex 7 0.234744 -0.123988
      vertex 6.10925 0.234118 -0.175736
      vertex 7 0.175736 -0.175736
    endloop
  endfacet
  facet normal -0.267437 -0.78785 0.55477
    outer loop
      vertex 5.22036 0.358283 -0.234744
      vertex 4.36866 0.647394 -0.234744
      vertex 5.20907 0.316165 -0.3
    endloop
  endfacet
  facet normal -0.162317 -0.816021 0.554765
    outer loop
      vertex 5.22036 0.358283 -0.234744
      vertex 5.20907 0.316165 -0.3
      vertex 6.1025 0.182814 -0.234744
    endloop
  endfacet
  facet normal 0.065402 -0.997859 0
    outer loop
      vertex 46 0 -1
      vertex 46.9137 0.059886 -0.6
      vertex 46 0 -0.6
    endloop
  endfacet
  facet normal 0.065402 -0.997859 0
    outer loop
      vertex 46.9137 0.059886 -0.6
      vertex 46 0 -1
      vertex 46.9137 0.059886 -1
    endloop
  endfacet
  facet normal -0.0652639 -0.995731 0.0652712
    outer loop
      vertex 7 0.00513363 -0.521685
      vertex 6.08632 0.059886 -0.6
      vertex 7 0 -0.6
    endloop
  endfacet
  facet normal -0.554386 -0.829694 0.0652952
    outer loop
      vertex 3.50257 0.942268 -0.521685
      vertex 2.7418 1.4506 -0.521685
      vertex 3.5 0.937822 -0.6
    endloop
  endfacet
  facet normal -0.194675 -0.978694 0.0652657
    outer loop
      vertex 5.1896 0.243478 -0.521685
      vertex 5.18827 0.23852 -0.6
      vertex 6.08632 0.059886 -0.6
    endloop
  endfacet
  facet normal -0.191358 -0.962021 0.194672
    outer loop
      vertex 5.19356 0.258267 -0.444709
      vertex 5.1896 0.243478 -0.521685
      vertex 6.08699 0.0649757 -0.521685
    endloop
  endfacet
  facet normal -0.544945 -0.815565 0.194648
    outer loop
      vertex 3.51022 0.955528 -0.444709
      vertex 2.7418 1.4506 -0.521685
      vertex 3.50257 0.942268 -0.521685
    endloop
  endfacet
  facet normal -0.304447 -0.896878 0.320815
    outer loop
      vertex 4.33869 0.57504 -0.370391
      vertex 4.32904 0.551732 -0.444709
      vertex 5.20009 0.282636 -0.370391
    endloop
  endfacet
  facet normal -0.214073 -0.320381 -0.922783
    outer loop
      vertex 3.5 0.937822 -1
      vertex 2.73867 1.44653 -1
      vertex 2.96415 1.74038 -1.15433
    endloop
  endfacet
  facet normal -0.108668 -0.162631 -0.980685
    outer loop
      vertex 3.72235 1.32295 -1.17955
      vertex 3.00939 1.79934 -1.17955
      vertex 3.05625 1.86041 -1.19487
    endloop
  endfacet
  facet normal -0.657933 -0.750241 0.0652852
    outer loop
      vertex 2.7418 1.4506 -0.521685
      vertex 2.05388 2.05388 -0.521685
      vertex 2.73867 1.44653 -0.6
    endloop
  endfacet
  facet normal -0.554388 -0.829695 0.065276
    outer loop
      vertex 2.7418 1.4506 -0.521685
      vertex 2.73867 1.44653 -0.6
      vertex 3.5 0.937822 -0.6
    endloop
  endfacet
  facet normal -0.254057 -0.2897 -0.922783
    outer loop
      vertex 2.73867 1.44653 -1
      vertex 2.05025 2.05025 -1
      vertex 2.96415 1.74038 -1.15433
    endloop
  endfacet
  facet normal -0.254055 -0.289694 -0.922785
    outer loop
      vertex 2.96415 1.74038 -1.15433
      vertex 2.05025 2.05025 -1
      vertex 2.31216 2.31216 -1.15433
    endloop
  endfacet
  facet normal -0.0628123 -0.315776 -0.946753
    outer loop
      vertex 6.14436 0.500791 -1.17955
      vertex 5.28413 0.596289 -1.15433
      vertex 5.30337 0.668076 -1.17955
    endloop
  endfacet
  facet normal -0.10349 -0.304874 -0.946753
    outer loop
      vertex 5.28413 0.596289 -1.15433
      vertex 4.4914 0.943701 -1.17955
      vertex 5.30337 0.668076 -1.17955
    endloop
  endfacet
  facet normal -0.0210578 -0.321282 -0.946749
    outer loop
      vertex 7 0.370391 -1.15433
      vertex 6.13466 0.427108 -1.15433
      vertex 7 0.444709 -1.17955
    endloop
  endfacet
  facet normal -0.0252009 -0.384494 -0.922783
    outer loop
      vertex 7 0 -1
      vertex 6.13466 0.427108 -1.15433
      vertex 7 0.370391 -1.15433
    endloop
  endfacet
  facet normal -0.0641519 -0.978766 0.194686
    outer loop
      vertex 7 0.0204449 -0.444709
      vertex 6.08699 0.0649757 -0.521685
      vertex 7 0.00513363 -0.521685
    endloop
  endfacet
  facet normal 0.0586853 -0.895337 0.441505
    outer loop
      vertex 46.9032 0.139584 -0.3
      vertex 46 0.0456724 -0.370391
      vertex 46.9077 0.105168 -0.370391
    endloop
  endfacet
  facet normal 0 -0.555571 0.831469
    outer loop
      vertex 7 0.3 -0.0803852
      vertex 46 0.234744 -0.123988
      vertex 46 0.3 -0.0803852
    endloop
  endfacet
  facet normal 0 -0.555571 0.831469
    outer loop
      vertex 46 0.234744 -0.123988
      vertex 7 0.3 -0.0803852
      vertex 7 0.234744 -0.123988
    endloop
  endfacet
  facet normal 0.434496 -0.0864381 0.896517
    outer loop
      vertex 52.6427 6.12547 -0.0803852
      vertex 52.4037 5.28413 -0.0456724
      vertex 52.4717 5.26591 -0.0803852
    endloop
  endfacet
  facet normal 0.787948 -0.26746 0.554619
    outer loop
      vertex 52.6417 5.22036 -0.234744
      vertex 52.3526 4.36866 -0.234744
      vertex 52.6838 5.20907 -0.3
    endloop
  endfacet
  facet normal 0.175448 -0.0865319 0.980678
    outer loop
      vertex 52.0563 4.4914 -0.0204449
      vertex 51.6104 3.76084 -0.00513363
      vertex 51.677 3.72235 -0.0204449
    endloop
  endfacet
  facet normal 0.442056 0.0289429 0.89652
    outer loop
      vertex 52.7 138.269 -0.0803852
      vertex 52.5729 139.135 -0.0456724
      vertex 52.6296 138.269 -0.0456724
    endloop
  endfacet
  facet normal 0.321437 0.0210456 0.946697
    outer loop
      vertex 52.5729 139.135 -0.0456724
      vertex 52.5553 138.269 -0.0204449
      vertex 52.6296 138.269 -0.0456724
    endloop
  endfacet
  facet normal 0.0620366 -0.0210595 0.997852
    outer loop
      vertex 52.2576 5.32329 -0.00513363
      vertex 51.9128 4.55083 0
      vertex 51.9852 4.52086 -0.00513363
    endloop
  endfacet
  facet normal -0.0210716 -0.0620742 0.997849
    outer loop
      vertex 4.55083 1.08717 0
      vertex 4.52086 1.01482 -0.00513363
      vertex 5.32329 0.742428 -0.00513363
    endloop
  endfacet
  facet normal -0.0628366 -0.185108 0.980707
    outer loop
      vertex 4.52086 1.01482 -0.00513363
      vertex 4.4914 0.943701 -0.0204449
      vertex 5.32329 0.742428 -0.00513363
    endloop
  endfacet
  facet normal 0.0381445 -0.19176 0.9807
    outer loop
      vertex 47.6767 0.742428 -0.00513363
      vertex 46.8456 0.577107 -0.00513363
      vertex 46.8556 0.500791 -0.0204449
    endloop
  endfacet
  facet normal 0.831485 -0 0.555547
    outer loop
      vertex 52.876 7 -0.234744
      vertex 52.9196 138.269 -0.3
      vertex 52.876 138.269 -0.234744
    endloop
  endfacet
  facet normal 0.831485 0 0.555547
    outer loop
      vertex 52.9196 138.269 -0.3
      vertex 52.876 7 -0.234744
      vertex 52.9196 7 -0.3
    endloop
  endfacet
  facet normal 0.946649 -0 0.322267
    outer loop
      vertex 52.9543 7 -0.370391
      vertex 52.9796 138.269 -0.444709
      vertex 52.9543 138.269 -0.370391
    endloop
  endfacet
  facet normal 0.946649 0 0.322267
    outer loop
      vertex 52.9796 138.269 -0.444709
      vertex 52.9543 7 -0.370391
      vertex 52.9796 7 -0.444709
    endloop
  endfacet
  facet normal 0.89713 -0.304467 0.32009
    outer loop
      vertex 52.7174 5.20009 -0.370391
      vertex 52.4483 4.32904 -0.444709
      vertex 52.7417 5.19356 -0.444709
    endloop
  endfacet
  facet normal 0.944827 -0.0620198 0.321646
    outer loop
      vertex 52.9543 7 -0.370391
      vertex 52.9198 6.08899 -0.444709
      vertex 52.9796 7 -0.444709
    endloop
  endfacet
  facet normal 0.738117 -0.146847 0.658498
    outer loop
      vertex 52.7659 6.10925 -0.175736
      vertex 52.6417 5.22036 -0.234744
      vertex 52.8172 6.1025 -0.234744
    endloop
  endfacet
  facet normal 0.928932 -0.31526 0.194156
    outer loop
      vertex 52.7417 5.19356 -0.444709
      vertex 52.4483 4.32904 -0.444709
      vertex 52.4624 4.32318 -0.521685
    endloop
  endfacet
  facet normal 0.896864 -0.442305 0
    outer loop
      vertex 52.0622 3.5 -0.6
      vertex 52.4672 4.32122 -1
      vertex 52.4672 4.32122 -0.6
    endloop
  endfacet
  facet normal 0.896864 -0.442305 0
    outer loop
      vertex 52.4672 4.32122 -1
      vertex 52.0622 3.5 -0.6
      vertex 52.0622 3.5 -1
    endloop
  endfacet
  facet normal 0.108634 -0.162589 -0.980695
    outer loop
      vertex 49.9906 1.79934 -1.17955
      vertex 49.2776 1.32295 -1.17955
      vertex 49.9437 1.86041 -1.19487
    endloop
  endfacet
  facet normal 0.128989 -0.147105 -0.980674
    outer loop
      vertex 50.6353 2.36471 -1.17955
      vertex 49.9437 1.86041 -1.19487
      vertex 50.5809 2.41914 -1.19487
    endloop
  endfacet
  facet normal 0.787309 -0.526048 0.321588
    outer loop
      vertex 52.0445 3.51022 -0.444709
      vertex 51.5172 2.76647 -0.370391
      vertex 51.5373 2.75112 -0.444709
    endloop
  endfacet
  facet normal 0.544958 -0.815575 0.194572
    outer loop
      vertex 50.2489 1.46275 -0.444709
      vertex 49.4898 0.955528 -0.444709
      vertex 50.2582 1.4506 -0.521685
    endloop
  endfacet
  facet normal 0 -0.442287 0.896874
    outer loop
      vertex 7 0.370391 -0.0456724
      vertex 46 0.3 -0.0803852
      vertex 46 0.370391 -0.0456724
    endloop
  endfacet
  facet normal 0 -0.442287 0.896874
    outer loop
      vertex 46 0.3 -0.0803852
      vertex 7 0.370391 -0.0456724
      vertex 7 0.3 -0.0803852
    endloop
  endfacet
  facet normal 0.288716 -0.142396 0.946766
    outer loop
      vertex 52.0563 4.4914 -0.0204449
      vertex 51.677 3.72235 -0.0204449
      vertex 52.125 4.46296 -0.0456724
    endloop
  endfacet
  facet normal 0.304836 -0.103459 0.946769
    outer loop
      vertex 52.4037 5.28413 -0.0456724
      vertex 52.0563 4.4914 -0.0204449
      vertex 52.125 4.46296 -0.0456724
    endloop
  endfacet
  facet normal -0.0545684 0.0364408 0.997845
    outer loop
      vertex 1.86041 142.213 -0.00513363
      vertex 1.38961 141.508 -0.00513363
      vertex 1.45744 141.469 0
    endloop
  endfacet
  facet normal 0.0127871 -0.195083 0.980703
    outer loop
      vertex 46.8456 0.577107 -0.00513363
      vertex 46 0.444709 -0.0204449
      vertex 46.8556 0.500791 -0.0204449
    endloop
  endfacet
  facet normal 0.815648 -0.544983 0.194198
    outer loop
      vertex 52.0445 3.51022 -0.444709
      vertex 51.5373 2.75112 -0.444709
      vertex 51.5494 2.7418 -0.521685
    endloop
  endfacet
  facet normal 0.737514 -0.646794 0.194243
    outer loop
      vertex 51.5373 2.75112 -0.444709
      vertex 50.9461 2.05388 -0.521685
      vertex 51.5494 2.7418 -0.521685
    endloop
  endfacet
  facet normal -0.0628291 -0.31586 0.946723
    outer loop
      vertex 5.30337 0.668076 -0.0204449
      vertex 5.28413 0.596289 -0.0456724
      vertex 6.14436 0.500791 -0.0204449
    endloop
  endfacet
  facet normal -0.103518 -0.304955 0.946724
    outer loop
      vertex 5.30337 0.668076 -0.0204449
      vertex 4.4914 0.943701 -0.0204449
      vertex 5.28413 0.596289 -0.0456724
    endloop
  endfacet
  facet normal 0.0642456 0.0127795 -0.997852
    outer loop
      vertex 52.4229 139.115 -1.19487
      vertex 52.1819 139.926 -1.2
      vertex 52.2576 139.946 -1.19487
    endloop
  endfacet
  facet normal 0.191927 0.0381801 -0.980666
    outer loop
      vertex 52.4992 139.125 -1.17955
      vertex 52.2576 139.946 -1.19487
      vertex 52.3319 139.966 -1.17955
    endloop
  endfacet
  facet normal 0.289316 0.142702 -0.946537
    outer loop
      vertex 52.0563 140.778 -1.17955
      vertex 51.677 141.547 -1.17955
      vertex 52.125 140.806 -1.15433
    endloop
  endfacet
  facet normal 0.175047 0.0863396 -0.980767
    outer loop
      vertex 52.0563 140.778 -1.17955
      vertex 51.6104 141.508 -1.19487
      vertex 51.677 141.547 -1.17955
    endloop
  endfacet
  facet normal 0.498252 0.245612 0.831516
    outer loop
      vertex 51.8589 141.652 -0.123988
      vertex 51.8024 141.619 -0.0803852
      vertex 52.2503 140.858 -0.123988
    endloop
  endfacet
  facet normal 0.461689 0.308441 0.831689
    outer loop
      vertex 51.8589 141.652 -0.123988
      vertex 51.3672 142.388 -0.123988
      vertex 51.8024 141.619 -0.0803852
    endloop
  endfacet
  facet normal 0.177782 0.265972 0.947445
    outer loop
      vertex 49.3148 144.011 -0.0456724
      vertex 49.2776 143.946 -0.0204449
      vertex 50.0359 143.529 -0.0456724
    endloop
  endfacet
  facet normal 0.178682 0.267648 0.946804
    outer loop
      vertex 50.0359 143.529 -0.0456724
      vertex 49.2776 143.946 -0.0204449
      vertex 49.9906 143.47 -0.0204449
    endloop
  endfacet
  facet normal 0.673351 0.590965 0.44425
    outer loop
      vertex 50.9174 143.187 -0.370391
      vertex 50.8929 143.162 -0.3
      vertex 51.4897 142.482 -0.3
    endloop
  endfacet
  facet normal 0.747266 0.498901 0.438967
    outer loop
      vertex 52.0226 141.746 -0.370391
      vertex 51.5172 142.503 -0.370391
      vertex 51.9926 141.729 -0.3
    endloop
  endfacet
  facet normal 0.658427 0.749887 0.0643641
    outer loop
      vertex 50.2613 143.823 -0.6
      vertex 50.2582 143.819 -0.521685
      vertex 50.9461 143.215 -0.521685
    endloop
  endfacet
  facet normal 0.0434768 0.661896 0.748333
    outer loop
      vertex 46.8907 145.035 -0.175736
      vertex 46 145.035 -0.123988
      vertex 46.883 144.977 -0.123988
    endloop
  endfacet
  facet normal 0.184947 0.930348 0.316619
    outer loop
      vertex 47.8064 145.011 -0.444709
      vertex 46.911 145.189 -0.444709
      vertex 47.7999 144.987 -0.370391
    endloop
  endfacet
  facet normal 0.170492 0.345698 -0.922727
    outer loop
      vertex 49.5 144.331 -1
      vertex 48.537 144.394 -1.15433
      vertex 48.6788 144.736 -1
    endloop
  endfacet
  facet normal 0.124149 0.364913 -0.922727
    outer loop
      vertex 48.537 144.394 -1.15433
      vertex 47.8117 145.031 -1
      vertex 48.6788 144.736 -1
    endloop
  endfacet
  facet normal -0.0494347 0.0433605 0.997836
    outer loop
      vertex 2.41914 142.85 -0.00513363
      vertex 1.86041 142.213 -0.00513363
      vertex 2.47452 142.795 0
    endloop
  endfacet
  facet normal 0.191775 -0.0381417 0.980698
    outer loop
      vertex 52.4229 6.15441 -0.00513363
      vertex 52.2576 5.32329 -0.00513363
      vertex 52.4992 6.14436 -0.0204449
    endloop
  endfacet
  facet normal 0.816983 0.162477 0.553299
    outer loop
      vertex 52.8604 139.172 -0.3
      vertex 52.6838 140.06 -0.3
      vertex 52.8172 139.167 -0.234744
    endloop
  endfacet
  facet normal 0.816438 0.162454 0.55411
    outer loop
      vertex 52.6838 140.06 -0.3
      vertex 52.6417 140.049 -0.234744
      vertex 52.8172 139.167 -0.234744
    endloop
  endfacet
  facet normal 0.658777 -0.0431912 0.751098
    outer loop
      vertex 52.8243 7 -0.175736
      vertex 52.7653 7 -0.123988
      vertex 52.7659 6.10925 -0.175736
    endloop
  endfacet
  facet normal 0.751234 -0.049253 0.658196
    outer loop
      vertex 52.8243 7 -0.175736
      vertex 52.7659 6.10925 -0.175736
      vertex 52.876 7 -0.234744
    endloop
  endfacet
  facet normal 0.69114 0.461715 0.556008
    outer loop
      vertex 51.9926 141.729 -0.3
      vertex 51.4551 142.455 -0.234744
      vertex 51.9548 141.707 -0.234744
    endloop
  endfacet
  facet normal 0.747785 0.368643 0.552195
    outer loop
      vertex 52.3929 140.917 -0.3
      vertex 51.9926 141.729 -0.3
      vertex 52.3526 140.901 -0.234744
    endloop
  endfacet
  facet normal 0.78688 0.525349 0.323773
    outer loop
      vertex 52.0445 141.759 -0.444709
      vertex 51.5172 142.503 -0.370391
      vertex 52.0226 141.746 -0.370391
    endloop
  endfacet
  facet normal 0.787902 0.526514 0.319365
    outer loop
      vertex 51.5373 142.518 -0.444709
      vertex 51.5172 142.503 -0.370391
      vertex 52.0445 141.759 -0.444709
    endloop
  endfacet
  facet normal 0.894855 0.441433 0.0661198
    outer loop
      vertex 52.4672 140.948 -0.6
      vertex 52.0622 141.769 -0.6
      vertex 52.4624 140.946 -0.521685
    endloop
  endfacet
  facet normal -0.321439 0 0.94693
    outer loop
      vertex 0.370391 138.269 -0.0456724
      vertex 0.444709 7 -0.0204449
      vertex 0.444709 138.269 -0.0204449
    endloop
  endfacet
  facet normal -0.321439 0 0.94693
    outer loop
      vertex 0.444709 7 -0.0204449
      vertex 0.370391 138.269 -0.0456724
      vertex 0.370391 7 -0.0456724
    endloop
  endfacet
  facet normal -0.442169 0.0289659 0.896464
    outer loop
      vertex 0.35732 139.144 -0.0803852
      vertex 0.3 138.269 -0.0803852
      vertex 0.427108 139.135 -0.0456724
    endloop
  endfacet
  facet normal -0.434715 0.0865242 0.896402
    outer loop
      vertex 0.596289 139.985 -0.0456724
      vertex 0.35732 139.144 -0.0803852
      vertex 0.427108 139.135 -0.0456724
    endloop
  endfacet
  facet normal -0.658727 0.0431625 0.751143
    outer loop
      vertex 0.234118 139.16 -0.175736
      vertex 0.175736 138.269 -0.175736
      vertex 0.234744 138.269 -0.123988
    endloop
  endfacet
  facet normal -0.831469 0 0.555571
    outer loop
      vertex 0.0803852 7 -0.3
      vertex 0.123988 138.269 -0.234744
      vertex 0.0803852 138.269 -0.3
    endloop
  endfacet
  facet normal -0.831469 0 0.555571
    outer loop
      vertex 0.123988 138.269 -0.234744
      vertex 0.0803852 7 -0.3
      vertex 0.123988 7 -0.234744
    endloop
  endfacet
  facet normal -0.526818 0.178808 0.830957
    outer loop
      vertex 0.749718 140.858 -0.123988
      vertex 0.528297 140.003 -0.0803852
      vertex 0.810008 140.833 -0.0803852
    endloop
  endfacet
  facet normal -0.526667 0.178774 0.831061
    outer loop
      vertex 0.749718 140.858 -0.123988
      vertex 0.465264 140.02 -0.123988
      vertex 0.528297 140.003 -0.0803852
    endloop
  endfacet
  facet normal -0.109397 0.163652 0.980434
    outer loop
      vertex 3.72235 143.946 -0.0204449
      vertex 3.05625 143.409 -0.00513363
      vertex 3.76084 143.88 -0.00513363
    endloop
  endfacet
  facet normal -0.366233 0.417499 0.831606
    outer loop
      vertex 2.88157 143.637 -0.123988
      vertex 2.26239 143.007 -0.0803852
      vertex 2.9213 143.585 -0.0803852
    endloop
  endfacet
  facet normal 0.0432076 -0.0492758 0.99785
    outer loop
      vertex 50.5255 2.47452 0
      vertex 49.9437 1.86041 -0.00513363
      vertex 50.5809 2.41914 -0.00513363
    endloop
  endfacet
  facet normal -0.590547 0.673145 0.445117
    outer loop
      vertex 2.76647 143.787 -0.370391
      vertex 2.08255 143.187 -0.370391
      vertex 2.78761 143.759 -0.3
    endloop
  endfacet
  facet normal -0.396712 0.805117 0.440915
    outer loop
      vertex 4.33869 144.694 -0.370391
      vertex 3.52284 144.292 -0.370391
      vertex 3.54019 144.262 -0.3
    endloop
  endfacet
  facet normal -0.0290582 0.0590504 0.997832
    outer loop
      vertex 4.52086 144.254 -0.00513363
      vertex 3.76084 143.88 -0.00513363
      vertex 4.55083 144.182 0
    endloop
  endfacet
  facet normal -0.103052 0.304272 0.946995
    outer loop
      vertex 5.28413 144.673 -0.0456724
      vertex 4.4914 144.326 -0.0204449
      vertex 5.30337 144.601 -0.0204449
    endloop
  endfacet
  facet normal -0.0864381 0.434496 0.896517
    outer loop
      vertex 6.12547 144.912 -0.0803852
      vertex 5.26591 144.741 -0.0803852
      vertex 5.28413 144.673 -0.0456724
    endloop
  endfacet
  facet normal -0.293387 0.594648 0.748544
    outer loop
      vertex 4.38847 144.574 -0.175736
      vertex 3.58787 144.179 -0.175736
      vertex 4.41105 144.52 -0.123988
    endloop
  endfacet
  facet normal -0.0209741 0.0618097 0.997868
    outer loop
      vertex 5.32329 144.527 -0.00513363
      vertex 4.55083 144.182 0
      vertex 5.34356 144.451 0
    endloop
  endfacet
  facet normal -0.0625693 0.315091 0.946997
    outer loop
      vertex 6.14436 144.768 -0.0204449
      vertex 5.28413 144.673 -0.0456724
      vertex 5.30337 144.601 -0.0204449
    endloop
  endfacet
  facet normal 0.086512 -0.17542 0.980685
    outer loop
      vertex 49.2392 1.38961 -0.00513363
      vertex 48.5086 0.943701 -0.0204449
      vertex 49.2776 1.32295 -0.0204449
    endloop
  endfacet
  facet normal -0.0213239 0.320098 0.947144
    outer loop
      vertex 7 144.825 -0.0204449
      vertex 6.13466 144.842 -0.0456724
      vertex 6.14436 144.768 -0.0204449
    endloop
  endfacet
  facet normal -0.0500502 0.75563 0.653083
    outer loop
      vertex 7 145.145 -0.234744
      vertex 6.10925 145.035 -0.175736
      vertex 7 145.094 -0.175736
    endloop
  endfacet
  facet normal -0.162034 0.81678 0.553729
    outer loop
      vertex 6.1025 145.086 -0.234744
      vertex 5.20907 144.953 -0.3
      vertex 5.22036 144.911 -0.234744
    endloop
  endfacet
  facet normal -0.0360732 0.553457 0.832096
    outer loop
      vertex 7 144.969 -0.0803852
      vertex 6.11696 144.977 -0.123988
      vertex 6.12547 144.912 -0.0803852
    endloop
  endfacet
  facet normal -0.146677 0.738022 0.658642
    outer loop
      vertex 6.10925 145.035 -0.175736
      vertex 5.22036 144.911 -0.234744
      vertex 5.23375 144.861 -0.175736
    endloop
  endfacet
  facet normal -0.174149 0.877817 0.446217
    outer loop
      vertex 6.09228 145.164 -0.370391
      vertex 5.20009 144.987 -0.370391
      vertex 5.20907 144.953 -0.3
    endloop
  endfacet
  facet normal -0.288216 0.847334 0.446045
    outer loop
      vertex 5.20009 144.987 -0.370391
      vertex 4.33869 144.694 -0.370391
      vertex 5.20907 144.953 -0.3
    endloop
  endfacet
  facet normal -0.0644897 0.979179 0.192484
    outer loop
      vertex 7 145.249 -0.444709
      vertex 6.08699 145.204 -0.521685
      vertex 6.08899 145.189 -0.444709
    endloop
  endfacet
  facet normal -0.314948 0.929281 0.192989
    outer loop
      vertex 5.19356 145.011 -0.444709
      vertex 4.32318 144.732 -0.521685
      vertex 4.32904 144.718 -0.444709
    endloop
  endfacet
  facet normal -0.418838 0.848894 0.322417
    outer loop
      vertex 4.32904 144.718 -0.444709
      vertex 3.51022 144.314 -0.444709
      vertex 3.52284 144.292 -0.370391
    endloop
  endfacet
  facet normal -0.41756 0.847429 0.327885
    outer loop
      vertex 4.32904 144.718 -0.444709
      vertex 3.52284 144.292 -0.370391
      vertex 4.33869 144.694 -0.370391
    endloop
  endfacet
  facet normal -0.146836 0.128708 0.980751
    outer loop
      vertex 2.36471 142.905 -0.0204449
      vertex 1.79934 142.26 -0.0204449
      vertex 1.86041 142.213 -0.00513363
    endloop
  endfacet
  facet normal -0.461665 0.308387 0.831723
    outer loop
      vertex 1.63276 142.388 -0.123988
      vertex 1.14112 141.652 -0.123988
      vertex 1.19763 141.619 -0.0803852
    endloop
  endfacet
  facet normal -0.289113 0.142532 0.946625
    outer loop
      vertex 1.25859 141.584 -0.0456724
      vertex 0.875039 140.806 -0.0456724
      vertex 1.32295 141.547 -0.0204449
    endloop
  endfacet
  facet normal -0.289519 0.142783 0.946463
    outer loop
      vertex 1.32295 141.547 -0.0204449
      vertex 0.875039 140.806 -0.0456724
      vertex 0.943701 140.778 -0.0204449
    endloop
  endfacet
  facet normal -0.750842 0.049186 0.658648
    outer loop
      vertex 0.182814 139.167 -0.234744
      vertex 0.123988 138.269 -0.234744
      vertex 0.234118 139.16 -0.175736
    endloop
  endfacet
  facet normal -0.545559 0.108589 0.831008
    outer loop
      vertex 0.465264 140.02 -0.123988
      vertex 0.35732 139.144 -0.0803852
      vertex 0.528297 140.003 -0.0803852
    endloop
  endfacet
  facet normal -0.673242 0.590859 0.444557
    outer loop
      vertex 2.08255 143.187 -0.370391
      vertex 1.5103 142.482 -0.3
      vertex 2.10709 143.162 -0.3
    endloop
  endfacet
  facet normal -0.674946 0.591851 0.440637
    outer loop
      vertex 2.08255 143.187 -0.370391
      vertex 1.48276 142.503 -0.370391
      vertex 1.5103 142.482 -0.3
    endloop
  endfacet
  facet normal -0.674543 0.332893 0.658919
    outer loop
      vertex 1.0452 141.707 -0.234744
      vertex 0.695203 140.881 -0.175736
      vertex 1.09001 141.681 -0.175736
    endloop
  endfacet
  facet normal -0.368835 0.246464 0.896223
    outer loop
      vertex 1.74038 142.305 -0.0456724
      vertex 1.19763 141.619 -0.0803852
      vertex 1.25859 141.584 -0.0456724
    endloop
  endfacet
  facet normal -0.17785 0.266056 0.947409
    outer loop
      vertex 3.6852 144.011 -0.0456724
      vertex 2.96415 143.529 -0.0456724
      vertex 3.72235 143.946 -0.0204449
    endloop
  endfacet
  facet normal -0.496048 0.43511 0.75141
    outer loop
      vertex 2.17452 143.095 -0.175736
      vertex 1.58595 142.424 -0.175736
      vertex 1.63276 142.388 -0.123988
    endloop
  endfacet
  facet normal -0.544946 0.815915 0.193175
    outer loop
      vertex 3.51022 144.314 -0.444709
      vertex 2.7418 143.819 -0.521685
      vertex 2.75112 143.807 -0.444709
    endloop
  endfacet
  facet normal -0.647339 0.73728 0.193314
    outer loop
      vertex 2.7418 143.819 -0.521685
      vertex 2.05388 143.215 -0.521685
      vertex 2.75112 143.807 -0.444709
    endloop
  endfacet
  facet normal -0.526863 -0.178847 0.830921
    outer loop
      vertex 0.528297 5.26591 -0.0803852
      vertex 0.465264 5.24902 -0.123988
      vertex 0.749718 4.41105 -0.123988
    endloop
  endfacet
  facet normal -0.5457 -0.108546 0.830921
    outer loop
      vertex 0.528297 5.26591 -0.0803852
      vertex 0.35732 6.12547 -0.0803852
      vertex 0.465264 5.24902 -0.123988
    endloop
  endfacet
  facet normal -0.0492808 -0.0432181 0.997849
    outer loop
      vertex 2.47452 2.47452 0
      vertex 1.86041 3.05625 -0.00513363
      vertex 2.41914 2.41914 -0.00513363
    endloop
  endfacet
  facet normal -0.0545021 -0.0364172 0.997849
    outer loop
      vertex 1.92254 3.10393 0
      vertex 1.45744 3.8 0
      vertex 1.86041 3.05625 -0.00513363
    endloop
  endfacet
  facet normal -0.364828 0.123868 -0.922799
    outer loop
      vertex 0.596289 139.985 -1.15433
      vertex 0.23852 140.081 -1
      vertex 0.875039 140.806 -1.15433
    endloop
  endfacet
  facet normal -0.364799 0.12384 -0.922814
    outer loop
      vertex 0.875039 140.806 -1.15433
      vertex 0.23852 140.081 -1
      vertex 0.532844 140.948 -1
    endloop
  endfacet
  facet normal -0.185163 0.0628516 -0.980696
    outer loop
      vertex 0.742428 139.946 -1.19487
      vertex 0.668076 139.966 -1.17955
      vertex 0.943701 140.778 -1.17955
    endloop
  endfacet
  facet normal -0.191806 0.0381525 -0.980691
    outer loop
      vertex 0.742428 139.946 -1.19487
      vertex 0.500791 139.125 -1.17955
      vertex 0.668076 139.966 -1.17955
    endloop
  endfacet
  facet normal -0.978744 0.194696 0.0644488
    outer loop
      vertex 0.23852 140.081 -0.6
      vertex 0.059886 139.183 -0.6
      vertex 0.243478 140.08 -0.521685
    endloop
  endfacet
  facet normal -1 0 0
    outer loop
      vertex 0 7 -1
      vertex 0 138.269 -0.6
      vertex 0 138.269 -1
    endloop
  endfacet
  facet normal -1 -0 0
    outer loop
      vertex 0 138.269 -0.6
      vertex 0 7 -1
      vertex 0 7 -0.6
    endloop
  endfacet
  facet normal -0.928739 0.315415 0.194824
    outer loop
      vertex 0.537586 140.946 -0.521685
      vertex 0.243478 140.08 -0.521685
      vertex 0.258267 140.076 -0.444709
    endloop
  endfacet
  facet normal -0.928648 0.315423 0.195245
    outer loop
      vertex 0.537586 140.946 -0.521685
      vertex 0.258267 140.076 -0.444709
      vertex 0.551732 140.94 -0.444709
    endloop
  endfacet
  facet normal -0.980786 0 0.195088
    outer loop
      vertex 0.00513363 7 -0.521685
      vertex 0.0204449 138.269 -0.444709
      vertex 0.00513363 138.269 -0.521685
    endloop
  endfacet
  facet normal -0.980786 0 0.195088
    outer loop
      vertex 0.0204449 138.269 -0.444709
      vertex 0.00513363 7 -0.521685
      vertex 0.0204449 7 -0.444709
    endloop
  endfacet
  facet normal -0.945112 -0.0619466 0.320821
    outer loop
      vertex 0.0456724 7 -0.370391
      vertex 0.0204449 7 -0.444709
      vertex 0.0801563 6.08899 -0.444709
    endloop
  endfacet
  facet normal -0.816032 -0.162317 0.554748
    outer loop
      vertex 0.182814 6.1025 -0.234744
      vertex 0.139584 6.09681 -0.3
      vertex 0.316165 5.20907 -0.3
    endloop
  endfacet
  facet normal -0.0620914 0.0210966 -0.997847
    outer loop
      vertex 0.818075 139.926 -1.2
      vertex 0.742428 139.946 -1.19487
      vertex 1.08717 140.718 -1.2
    endloop
  endfacet
  facet normal -0.0431877 -0.0492461 -0.997853
    outer loop
      vertex 3.05625 1.86041 -1.19487
      vertex 2.41914 2.41914 -1.19487
      vertex 2.47452 2.47452 -1.2
    endloop
  endfacet
  facet normal -0.896827 0.442381 0
    outer loop
      vertex 0.532844 140.948 -1
      vertex 0.937822 141.769 -0.6
      vertex 0.937822 141.769 -1
    endloop
  endfacet
  facet normal -0.896827 0.442381 0
    outer loop
      vertex 0.937822 141.769 -0.6
      vertex 0.532844 140.948 -1
      vertex 0.532844 140.948 -0.6
    endloop
  endfacet
  facet normal 0.0210635 -0.062048 -0.997851
    outer loop
      vertex 48.4791 1.01482 -1.19487
      vertex 47.6767 0.742428 -1.19487
      vertex 48.4492 1.08717 -1.2
    endloop
  endfacet
  facet normal 0.0864783 -0.175384 -0.980695
    outer loop
      vertex 48.5086 0.943701 -1.17955
      vertex 48.4791 1.01482 -1.19487
      vertex 49.2392 1.38961 -1.19487
    endloop
  endfacet
  facet normal 0.147104 -0.129 -0.980673
    outer loop
      vertex 50.6353 2.36471 -1.17955
      vertex 50.5809 2.41914 -1.19487
      vertex 51.1396 3.05625 -1.19487
    endloop
  endfacet
  facet normal 0.0289635 -0.0587295 -0.997854
    outer loop
      vertex 49.2392 1.38961 -1.19487
      vertex 48.4492 1.08717 -1.2
      vertex 49.2 1.45744 -1.2
    endloop
  endfacet
  facet normal 0.21406 -0.320386 -0.922785
    outer loop
      vertex 49.5 0.937822 -1
      vertex 49.3148 1.25859 -1.15433
      vertex 50.0359 1.74038 -1.15433
    endloop
  endfacet
  facet normal 0.178803 -0.26761 -0.946792
    outer loop
      vertex 50.0359 1.74038 -1.15433
      vertex 49.2776 1.32295 -1.17955
      vertex 49.9906 1.79934 -1.17955
    endloop
  endfacet
  facet normal 0.0432184 -0.0492801 -0.99785
    outer loop
      vertex 49.9437 1.86041 -1.19487
      vertex 49.8961 1.92254 -1.2
      vertex 50.5255 2.47452 -1.2
    endloop
  endfacet
  facet normal 0.242204 -0.212415 -0.946687
    outer loop
      vertex 51.2596 2.96415 -1.15433
      vertex 50.6878 2.31216 -1.15433
      vertex 51.2007 3.00939 -1.17955
    endloop
  endfacet
  facet normal 0.289695 -0.254064 -0.922783
    outer loop
      vertex 50.9497 2.05025 -1
      vertex 50.6878 2.31216 -1.15433
      vertex 51.2596 2.96415 -1.15433
    endloop
  endfacet
  facet normal 0.147012 -0.128933 -0.980695
    outer loop
      vertex 51.2007 3.00939 -1.17955
      vertex 50.6353 2.36471 -1.17955
      vertex 51.1396 3.05625 -1.19487
    endloop
  endfacet
  facet normal 0.162591 -0.108621 -0.980697
    outer loop
      vertex 51.2007 3.00939 -1.17955
      vertex 51.1396 3.05625 -1.19487
      vertex 51.677 3.72235 -1.17955
    endloop
  endfacet
  facet normal -0.178882 -0.267713 -0.946748
    outer loop
      vertex 3.72235 1.32295 -1.17955
      vertex 2.96415 1.74038 -1.15433
      vertex 3.00939 1.79934 -1.17955
    endloop
  endfacet
  facet normal -0.267729 -0.178891 -0.946741
    outer loop
      vertex 1.74038 2.96415 -1.15433
      vertex 1.25859 3.6852 -1.15433
      vertex 1.32295 3.72235 -1.17955
    endloop
  endfacet
  facet normal -0.0587516 -0.0289723 -0.997852
    outer loop
      vertex 1.38961 3.76084 -1.19487
      vertex 1.01482 4.52086 -1.19487
      vertex 1.08717 4.55083 -1.2
    endloop
  endfacet
  facet normal -0.0620188 0.0210641 -0.997853
    outer loop
      vertex 1.08717 140.718 -1.2
      vertex 0.742428 139.946 -1.19487
      vertex 1.01482 140.748 -1.19487
    endloop
  endfacet
  facet normal -0.0587415 0.028968 -0.997853
    outer loop
      vertex 1.08717 140.718 -1.2
      vertex 1.01482 140.748 -1.19487
      vertex 1.38961 141.508 -1.19487
    endloop
  endfacet
  facet normal 0.0364562 0.0545746 -0.997844
    outer loop
      vertex 49.8961 143.347 -1.2
      vertex 49.2 143.812 -1.2
      vertex 49.9437 143.409 -1.19487
    endloop
  endfacet
  facet normal 0.0127941 -0.19519 -0.980682
    outer loop
      vertex 46.8556 0.500791 -1.17955
      vertex 46 0.444709 -1.17955
      vertex 46.8456 0.577107 -1.19487
    endloop
  endfacet
  facet normal 0.0381654 -0.191865 -0.980679
    outer loop
      vertex 46.8556 0.500791 -1.17955
      vertex 46.8456 0.577107 -1.19487
      vertex 47.6767 0.742428 -1.19487
    endloop
  endfacet
  facet normal 0.062863 -0.185179 -0.980692
    outer loop
      vertex 48.5086 0.943701 -1.17955
      vertex 47.6767 0.742428 -1.19487
      vertex 48.4791 1.01482 -1.19487
    endloop
  endfacet
  facet normal 0.0628769 -0.185237 -0.98068
    outer loop
      vertex 47.6966 0.668076 -1.17955
      vertex 47.6767 0.742428 -1.19487
      vertex 48.5086 0.943701 -1.17955
    endloop
  endfacet
  facet normal 0.0854811 0.173728 -0.981077
    outer loop
      vertex 49.2392 143.88 -1.19487
      vertex 48.4791 144.254 -1.19487
      vertex 48.5086 144.326 -1.17955
    endloop
  endfacet
  facet normal 0.0873403 0.176749 -0.980373
    outer loop
      vertex 49.2392 143.88 -1.19487
      vertex 48.5086 144.326 -1.17955
      vertex 49.2776 143.946 -1.17955
    endloop
  endfacet
  facet normal -0.0630064 0.186034 -0.980521
    outer loop
      vertex 5.32329 144.527 -1.19487
      vertex 4.4914 144.326 -1.17955
      vertex 5.30337 144.601 -1.17955
    endloop
  endfacet
  facet normal -0.038264 0.192692 -0.980513
    outer loop
      vertex 5.32329 144.527 -1.19487
      vertex 5.30337 144.601 -1.17955
      vertex 6.14436 144.768 -1.17955
    endloop
  endfacet
  facet normal -0.830236 -0.0544172 0.55475
    outer loop
      vertex 0.182814 6.1025 -0.234744
      vertex 0.123988 7 -0.234744
      vertex 0.139584 6.09681 -0.3
    endloop
  endfacet
  facet normal -0.849644 -0.288413 0.441501
    outer loop
      vertex 0.316165 5.20907 -0.3
      vertex 0.282636 5.20009 -0.370391
      vertex 0.57504 4.33869 -0.370391
    endloop
  endfacet
  facet normal -0.804722 -0.396848 0.441512
    outer loop
      vertex 1.00744 3.54019 -0.3
      vertex 0.57504 4.33869 -0.370391
      vertex 0.977376 3.52284 -0.370391
    endloop
  endfacet
  facet normal -0.804708 -0.396838 0.441548
    outer loop
      vertex 0.60711 4.35198 -0.3
      vertex 0.57504 4.33869 -0.370391
      vertex 1.00744 3.54019 -0.3
    endloop
  endfacet
  facet normal -0.555203 -0.0363903 0.830918
    outer loop
      vertex 0.3 7 -0.0803852
      vertex 0.234744 7 -0.123988
      vertex 0.292622 6.11696 -0.123988
    endloop
  endfacet
  facet normal -0.658718 -0.043175 0.75115
    outer loop
      vertex 0.234744 7 -0.123988
      vertex 0.234118 6.10925 -0.175736
      vertex 0.292622 6.11696 -0.123988
    endloop
  endfacet
  facet normal -0.830237 -0.0544171 0.554748
    outer loop
      vertex 0.123988 7 -0.234744
      vertex 0.0803852 7 -0.3
      vertex 0.139584 6.09681 -0.3
    endloop
  endfacet
  facet normal -0.895328 -0.0586835 0.441524
    outer loop
      vertex 0.0803852 7 -0.3
      vertex 0.0456724 7 -0.370391
      vertex 0.139584 6.09681 -0.3
    endloop
  endfacet
  facet normal -0.288765 -0.142401 -0.946751
    outer loop
      vertex 1.32295 3.72235 -1.17955
      vertex 0.875039 4.46296 -1.15433
      vertex 0.943701 4.4914 -1.17955
    endloop
  endfacet
  facet normal -0.18521 -0.0628711 -0.980686
    outer loop
      vertex 0.943701 4.4914 -1.17955
      vertex 0.742428 5.32329 -1.19487
      vertex 1.01482 4.52086 -1.19487
    endloop
  endfacet
  facet normal -0.043175 -0.658718 0.75115
    outer loop
      vertex 6.11696 0.292622 -0.123988
      vertex 6.10925 0.234118 -0.175736
      vertex 7 0.234744 -0.123988
    endloop
  endfacet
  facet normal -0.0363903 -0.555203 0.830918
    outer loop
      vertex 7 0.3 -0.0803852
      vertex 6.11696 0.292622 -0.123988
      vertex 7 0.234744 -0.123988
    endloop
  endfacet
  facet normal -0.418914 -0.849466 0.320809
    outer loop
      vertex 4.33869 0.57504 -0.370391
      vertex 3.52284 0.977376 -0.370391
      vertex 4.32904 0.551732 -0.444709
    endloop
  endfacet
  facet normal -0.184775 -0.928936 0.320835
    outer loop
      vertex 5.20009 0.282636 -0.370391
      vertex 5.19356 0.258267 -0.444709
      vertex 6.08899 0.0801563 -0.444709
    endloop
  endfacet
  facet normal -0.367998 -0.746228 0.554727
    outer loop
      vertex 4.36866 0.647394 -0.234744
      vertex 3.54019 1.00744 -0.3
      vertex 4.35198 0.60711 -0.3
    endloop
  endfacet
  facet normal -0.396838 -0.804708 0.441548
    outer loop
      vertex 4.35198 0.60711 -0.3
      vertex 3.54019 1.00744 -0.3
      vertex 4.33869 0.57504 -0.370391
    endloop
  endfacet
  facet normal -0.52619 -0.787509 0.320865
    outer loop
      vertex 3.52284 0.977376 -0.370391
      vertex 2.76647 1.48276 -0.370391
      vertex 3.51022 0.955528 -0.444709
    endloop
  endfacet
  facet normal -0.418903 -0.849454 0.320857
    outer loop
      vertex 3.52284 0.977376 -0.370391
      vertex 3.51022 0.955528 -0.444709
      vertex 4.32904 0.551732 -0.444709
    endloop
  endfacet
  facet normal -0.442286 -0.896874 0
    outer loop
      vertex 3.5 0.937822 -1
      vertex 4.32122 0.532844 -0.6
      vertex 3.5 0.937822 -0.6
    endloop
  endfacet
  facet normal -0.442286 -0.896874 -0
    outer loop
      vertex 4.32122 0.532844 -0.6
      vertex 3.5 0.937822 -1
      vertex 4.32122 0.532844 -1
    endloop
  endfacet
  facet normal -0.544943 -0.815553 0.194708
    outer loop
      vertex 2.75112 1.46275 -0.444709
      vertex 2.7418 1.4506 -0.521685
      vertex 3.51022 0.955528 -0.444709
    endloop
  endfacet
  facet normal -0.646721 -0.737456 0.194704
    outer loop
      vertex 2.75112 1.46275 -0.444709
      vertex 2.05388 2.05388 -0.521685
      vertex 2.7418 1.4506 -0.521685
    endloop
  endfacet
  facet normal -0.0865119 -0.175431 -0.980683
    outer loop
      vertex 4.4914 0.943701 -1.17955
      vertex 3.72235 1.32295 -1.17955
      vertex 3.76084 1.38961 -1.19487
    endloop
  endfacet
  facet normal -0.212294 -0.242075 -0.946747
    outer loop
      vertex 2.96415 1.74038 -1.15433
      vertex 2.31216 2.31216 -1.15433
      vertex 3.00939 1.79934 -1.17955
    endloop
  endfacet
  facet normal -0.123858 -0.364872 -0.922782
    outer loop
      vertex 5.18827 0.23852 -1
      vertex 4.46296 0.875039 -1.15433
      vertex 5.28413 0.596289 -1.15433
    endloop
  endfacet
  facet normal -0.123858 -0.364872 -0.922783
    outer loop
      vertex 5.18827 0.23852 -1
      vertex 4.32122 0.532844 -1
      vertex 4.46296 0.875039 -1.15433
    endloop
  endfacet
  facet normal -0.0652639 -0.995731 0.065271
    outer loop
      vertex 6.08699 0.0649757 -0.521685
      vertex 6.08632 0.059886 -0.6
      vertex 7 0.00513363 -0.521685
    endloop
  endfacet
  facet normal -0.0654034 -0.997859 0
    outer loop
      vertex 6.08632 0.059886 -1
      vertex 7 0 -0.6
      vertex 6.08632 0.059886 -0.6
    endloop
  endfacet
  facet normal -0.0654034 -0.997859 -0
    outer loop
      vertex 7 0 -0.6
      vertex 6.08632 0.059886 -1
      vertex 7 0 -1
    endloop
  endfacet
  facet normal 0 -0.94693 0.321439
    outer loop
      vertex 7 0.0204449 -0.444709
      vertex 46 0.0456724 -0.370391
      vertex 7 0.0456724 -0.370391
    endloop
  endfacet
  facet normal 0 -0.94693 0.321439
    outer loop
      vertex 46 0.0456724 -0.370391
      vertex 7 0.0204449 -0.444709
      vertex 46 0.0204449 -0.444709
    endloop
  endfacet
  facet normal -0.0619464 -0.945112 0.32082
    outer loop
      vertex 6.09228 0.105168 -0.370391
      vertex 6.08899 0.0801563 -0.444709
      vertex 7 0.0456724 -0.370391
    endloop
  endfacet
  facet normal -0.0491685 0.0430794 0.997861
    outer loop
      vertex 2.47452 142.795 0
      vertex 1.86041 142.213 -0.00513363
      vertex 1.92254 142.165 0
    endloop
  endfacet
  facet normal 0.321298 -0.0210659 0.946744
    outer loop
      vertex 52.5553 7 -0.0204449
      vertex 52.4992 6.14436 -0.0204449
      vertex 52.5729 6.13466 -0.0456724
    endloop
  endfacet
  facet normal 0.321437 -0.0210617 0.946697
    outer loop
      vertex 52.6296 7 -0.0456724
      vertex 52.5553 7 -0.0204449
      vertex 52.5729 6.13466 -0.0456724
    endloop
  endfacet
  facet normal 0.499074 -0.246116 0.830874
    outer loop
      vertex 52.2503 4.41105 -0.123988
      vertex 51.8024 3.65 -0.0803852
      vertex 51.8589 3.61737 -0.123988
    endloop
  endfacet
  facet normal 0.592084 -0.291984 0.751121
    outer loop
      vertex 52.2503 4.41105 -0.123988
      vertex 51.8589 3.61737 -0.123988
      vertex 51.91 3.58787 -0.175736
    endloop
  endfacet
  facet normal 0.737986 -0.146838 0.658647
    outer loop
      vertex 52.7659 6.10925 -0.175736
      vertex 52.5917 5.23375 -0.175736
      vertex 52.6417 5.22036 -0.234744
    endloop
  endfacet
  facet normal 0.545884 -0.108598 0.830793
    outer loop
      vertex 52.6427 6.12547 -0.0803852
      vertex 52.4717 5.26591 -0.0803852
      vertex 52.5347 5.24902 -0.123988
    endloop
  endfacet
  facet normal 0.39678 -0.804632 0.441739
    outer loop
      vertex 49.4598 1.00744 -0.3
      vertex 48.6613 0.57504 -0.370391
      vertex 49.4772 0.977376 -0.370391
    endloop
  endfacet
  facet normal -0.0588406 0.0290105 0.997846
    outer loop
      vertex 1.38961 141.508 -0.00513363
      vertex 1.08717 140.718 0
      vertex 1.45744 141.469 0
    endloop
  endfacet
  facet normal 0.830253 -0.0544193 0.554724
    outer loop
      vertex 52.876 7 -0.234744
      vertex 52.8604 6.09681 -0.3
      vertex 52.9196 7 -0.3
    endloop
  endfacet
  facet normal 0.928999 -0.184719 0.320686
    outer loop
      vertex 52.8948 6.09228 -0.370391
      vertex 52.7174 5.20009 -0.370391
      vertex 52.9198 6.08899 -0.444709
    endloop
  endfacet
  facet normal 0.849465 -0.41898 0.320726
    outer loop
      vertex 52.425 4.33869 -0.370391
      vertex 52.0226 3.52284 -0.370391
      vertex 52.4483 4.32904 -0.444709
    endloop
  endfacet
  facet normal 0.746162 -0.367938 0.554854
    outer loop
      vertex 52.3526 4.36866 -0.234744
      vertex 51.9926 3.54019 -0.3
      vertex 52.3929 4.35198 -0.3
    endloop
  endfacet
  facet normal 0.928794 -0.315272 0.194796
    outer loop
      vertex 52.7417 5.19356 -0.444709
      vertex 52.4624 4.32318 -0.521685
      vertex 52.7565 5.1896 -0.521685
    endloop
  endfacet
  facet normal 0.894915 -0.441344 0.0658958
    outer loop
      vertex 52.4624 4.32318 -0.521685
      vertex 52.0622 3.5 -0.6
      vertex 52.4672 4.32122 -0.6
    endloop
  endfacet
  facet normal 0.995758 -0.0652809 0.0648454
    outer loop
      vertex 52.9949 7 -0.521685
      vertex 52.9401 6.08632 -0.6
      vertex 53 7 -0.6
    endloop
  endfacet
  facet normal 0.978789 -0.0642156 0.194547
    outer loop
      vertex 52.9796 7 -0.444709
      vertex 52.935 6.08699 -0.521685
      vertex 52.9949 7 -0.521685
    endloop
  endfacet
  facet normal 0.554363 -0.829693 0.0655067
    outer loop
      vertex 50.2582 1.4506 -0.521685
      vertex 49.4974 0.942268 -0.521685
      vertex 49.5 0.937822 -0.6
    endloop
  endfacet
  facet normal 0.194672 -0.978689 0.0653452
    outer loop
      vertex 47.8104 0.243478 -0.521685
      vertex 46.913 0.0649757 -0.521685
      vertex 46.9137 0.059886 -0.6
    endloop
  endfacet
  facet normal 0.674732 -0.591724 0.441134
    outer loop
      vertex 51.4897 2.78761 -0.3
      vertex 50.8929 2.10709 -0.3
      vertex 50.9174 2.08255 -0.370391
    endloop
  endfacet
  facet normal 0.591681 -0.674653 0.441312
    outer loop
      vertex 50.9174 2.08255 -0.370391
      vertex 50.2124 1.5103 -0.3
      vertex 50.2335 1.48276 -0.370391
    endloop
  endfacet
  facet normal 0.657955 -0.750244 0.0650342
    outer loop
      vertex 50.9461 2.05388 -0.521685
      vertex 50.2582 1.4506 -0.521685
      vertex 50.2613 1.44653 -0.6
    endloop
  endfacet
  facet normal 0.804598 -0.396754 0.441824
    outer loop
      vertex 52.3929 4.35198 -0.3
      vertex 51.9926 3.54019 -0.3
      vertex 52.425 4.33869 -0.370391
    endloop
  endfacet
  facet normal 0.46266 -0.309173 0.830878
    outer loop
      vertex 51.8024 3.65 -0.0803852
      vertex 51.3672 2.88157 -0.123988
      vertex 51.8589 3.61737 -0.123988
    endloop
  endfacet
  facet normal 0.548649 -0.625607 0.554617
    outer loop
      vertex 50.8621 2.13793 -0.234744
      vertex 50.2124 1.5103 -0.3
      vertex 50.8929 2.10709 -0.3
    endloop
  endfacet
  facet normal 0.12885 -0.14693 0.980719
    outer loop
      vertex 50.6353 2.36471 -0.0204449
      vertex 49.9437 1.86041 -0.00513363
      vertex 49.9906 1.79934 -0.0204449
    endloop
  endfacet
  facet normal 0.288728 -0.142404 0.946761
    outer loop
      vertex 52.125 4.46296 -0.0456724
      vertex 51.677 3.72235 -0.0204449
      vertex 51.7414 3.6852 -0.0456724
    endloop
  endfacet
  facet normal 0.162648 -0.10868 0.98068
    outer loop
      vertex 51.6104 3.76084 -0.00513363
      vertex 51.1396 3.05625 -0.00513363
      vertex 51.677 3.72235 -0.0204449
    endloop
  endfacet
  facet normal 0.0127876 -0.0642855 0.99785
    outer loop
      vertex 47.6564 0.818075 0
      vertex 46.8456 0.577107 -0.00513363
      vertex 47.6767 0.742428 -0.00513363
    endloop
  endfacet
  facet normal 0.021066 -0.062064 0.99785
    outer loop
      vertex 48.4492 1.08717 0
      vertex 47.6564 0.818075 0
      vertex 47.6767 0.742428 -0.00513363
    endloop
  endfacet
  facet normal 0.711942 -0.624392 0.321361
    outer loop
      vertex 51.5373 2.75112 -0.444709
      vertex 50.9174 2.08255 -0.370391
      vertex 50.9353 2.06471 -0.444709
    endloop
  endfacet
  facet normal 0.746263 -0.498647 0.440957
    outer loop
      vertex 51.9926 3.54019 -0.3
      vertex 51.5172 2.76647 -0.370391
      vertex 52.0226 3.52284 -0.370391
    endloop
  endfacet
  facet normal 0.195229 0.0127948 -0.980674
    outer loop
      vertex 52.5553 138.269 -1.17955
      vertex 52.4229 139.115 -1.19487
      vertex 52.4992 139.125 -1.17955
    endloop
  endfacet
  facet normal 0.0653765 0.00428115 -0.997851
    outer loop
      vertex 52.4783 138.269 -1.19487
      vertex 52.4 138.269 -1.2
      vertex 52.4229 139.115 -1.19487
    endloop
  endfacet
  facet normal 0.24267 0.21282 -0.946477
    outer loop
      vertex 51.2007 142.26 -1.17955
      vertex 50.6878 142.957 -1.15433
      vertex 51.2596 142.305 -1.15433
    endloop
  endfacet
  facet normal 0.268329 0.17925 -0.946504
    outer loop
      vertex 51.677 141.547 -1.17955
      vertex 51.2007 142.26 -1.17955
      vertex 51.2596 142.305 -1.15433
    endloop
  endfacet
  facet normal 0.345641 0.170422 -0.922761
    outer loop
      vertex 52.125 140.806 -1.15433
      vertex 51.7414 141.584 -1.15433
      vertex 52.0622 141.769 -1
    endloop
  endfacet
  facet normal 0.288902 0.142446 -0.946702
    outer loop
      vertex 52.125 140.806 -1.15433
      vertex 51.677 141.547 -1.17955
      vertex 51.7414 141.584 -1.15433
    endloop
  endfacet
  facet normal 0.461296 0.690202 0.557518
    outer loop
      vertex 50.2124 143.759 -0.3
      vertex 49.4598 144.262 -0.3
      vertex 50.1859 143.724 -0.234744
    endloop
  endfacet
  facet normal 0.245896 0.367935 0.896749
    outer loop
      vertex 50.0787 143.585 -0.0803852
      vertex 49.35 144.072 -0.0803852
      vertex 50.0359 143.529 -0.0456724
    endloop
  endfacet
  facet normal 0.212238 0.241885 0.946809
    outer loop
      vertex 50.0359 143.529 -0.0456724
      vertex 49.9906 143.47 -0.0204449
      vertex 50.6878 142.957 -0.0456724
    endloop
  endfacet
  facet normal 0.0624733 0.945117 0.320704
    outer loop
      vertex 46.911 145.189 -0.444709
      vertex 46 145.224 -0.370391
      vertex 46.9077 145.164 -0.370391
    endloop
  endfacet
  facet normal 0.659524 0.751683 -0
    outer loop
      vertex 50.9497 143.219 -1
      vertex 50.2613 143.823 -0.6
      vertex 50.9497 143.219 -0.6
    endloop
  endfacet
  facet normal 0.659524 0.751683 0
    outer loop
      vertex 50.2613 143.823 -0.6
      vertex 50.9497 143.219 -1
      vertex 50.2613 143.823 -1
    endloop
  endfacet
  facet normal 0.545011 0.816229 0.191658
    outer loop
      vertex 49.4974 144.327 -0.521685
      vertex 49.4898 144.314 -0.444709
      vertex 50.2582 143.819 -0.521685
    endloop
  endfacet
  facet normal 0.498326 0.746304 0.44125
    outer loop
      vertex 49.4772 144.292 -0.370391
      vertex 49.4598 144.262 -0.3
      vertex 50.2335 143.787 -0.370391
    endloop
  endfacet
  facet normal 0.525698 0.787297 0.322188
    outer loop
      vertex 49.4898 144.314 -0.444709
      vertex 49.4772 144.292 -0.370391
      vertex 50.2335 143.787 -0.370391
    endloop
  endfacet
  facet normal 0.624103 0.711602 0.322671
    outer loop
      vertex 50.9353 143.205 -0.444709
      vertex 50.2489 143.807 -0.444709
      vertex 50.9174 143.187 -0.370391
    endloop
  endfacet
  facet normal 0.194015 0.978795 0.0657115
    outer loop
      vertex 47.8117 145.031 -0.6
      vertex 46.9137 145.209 -0.6
      vertex 47.8104 145.026 -0.521685
    endloop
  endfacet
  facet normal 0.0655259 0.997851 -0
    outer loop
      vertex 46.9137 145.209 -1
      vertex 46 145.269 -0.6
      vertex 46.9137 145.209 -0.6
    endloop
  endfacet
  facet normal 0.0655259 0.997851 0
    outer loop
      vertex 46 145.269 -0.6
      vertex 46.9137 145.209 -1
      vertex 46 145.269 -1
    endloop
  endfacet
  facet normal 0.396699 0.805101 0.440956
    outer loop
      vertex 48.6613 144.694 -0.370391
      vertex 48.648 144.662 -0.3
      vertex 49.4598 144.262 -0.3
    endloop
  endfacet
  facet normal 0.14254 0.419495 0.896497
    outer loop
      vertex 47.7341 144.741 -0.0803852
      vertex 47.7159 144.673 -0.0456724
      vertex 48.537 144.394 -0.0456724
    endloop
  endfacet
  facet normal 0.10869 -0.162643 0.98068
    outer loop
      vertex 49.9437 1.86041 -0.00513363
      vertex 49.2392 1.38961 -0.00513363
      vertex 49.2776 1.32295 -0.0204449
    endloop
  endfacet
  facet normal 0.0492726 -0.0432086 0.99785
    outer loop
      vertex 51.1396 3.05625 -0.00513363
      vertex 50.5255 2.47452 0
      vertex 50.5809 2.41914 -0.00513363
    endloop
  endfacet
  facet normal 0.737811 0.146809 0.658849
    outer loop
      vertex 52.8172 139.167 -0.234744
      vertex 52.6417 140.049 -0.234744
      vertex 52.7659 139.16 -0.175736
    endloop
  endfacet
  facet normal 0.750869 0.049166 0.658618
    outer loop
      vertex 52.8172 139.167 -0.234744
      vertex 52.7659 139.16 -0.175736
      vertex 52.876 138.269 -0.234744
    endloop
  endfacet
  facet normal 0.674596 0.332913 0.658854
    outer loop
      vertex 51.9548 141.707 -0.234744
      vertex 51.91 141.681 -0.175736
      vertex 52.3048 140.881 -0.175736
    endloop
  endfacet
  facet normal 0.674386 0.332842 0.659105
    outer loop
      vertex 52.3526 140.901 -0.234744
      vertex 51.9548 141.707 -0.234744
      vertex 52.3048 140.881 -0.175736
    endloop
  endfacet
  facet normal 0.87957 0.433571 0.195891
    outer loop
      vertex 52.0577 141.767 -0.521685
      vertex 52.0445 141.759 -0.444709
      vertex 52.4624 140.946 -0.521685
    endloop
  endfacet
  facet normal 0.895182 0.441267 0.0627064
    outer loop
      vertex 52.0622 141.769 -0.6
      vertex 52.0577 141.767 -0.521685
      vertex 52.4624 140.946 -0.521685
    endloop
  endfacet
  facet normal -0.315637 0.0628234 0.946798
    outer loop
      vertex 0.596289 139.985 -0.0456724
      vertex 0.427108 139.135 -0.0456724
      vertex 0.500791 139.125 -0.0204449
    endloop
  endfacet
  facet normal -0.830503 0.0544044 0.55435
    outer loop
      vertex 0.139584 139.172 -0.3
      vertex 0.123988 138.269 -0.234744
      vertex 0.182814 139.167 -0.234744
    endloop
  endfacet
  facet normal -0.816817 0.162426 0.55356
    outer loop
      vertex 0.316165 140.06 -0.3
      vertex 0.139584 139.172 -0.3
      vertex 0.182814 139.167 -0.234744
    endloop
  endfacet
  facet normal -0.659341 0 0.751844
    outer loop
      vertex 0.175736 138.269 -0.175736
      vertex 0.234744 7 -0.123988
      vertex 0.234744 138.269 -0.123988
    endloop
  endfacet
  facet normal -0.659341 0 0.751844
    outer loop
      vertex 0.234744 7 -0.123988
      vertex 0.175736 138.269 -0.175736
      vertex 0.175736 7 -0.175736
    endloop
  endfacet
  facet normal -0.623717 0.211717 0.752432
    outer loop
      vertex 0.749718 140.858 -0.123988
      vertex 0.408268 140.036 -0.175736
      vertex 0.465264 140.02 -0.123988
    endloop
  endfacet
  facet normal -0.624284 0.211987 0.751885
    outer loop
      vertex 0.695203 140.881 -0.175736
      vertex 0.408268 140.036 -0.175736
      vertex 0.749718 140.858 -0.123988
    endloop
  endfacet
  facet normal -0.555203 0.0363919 0.830918
    outer loop
      vertex 0.292622 139.152 -0.123988
      vertex 0.234744 138.269 -0.123988
      vertex 0.3 138.269 -0.0803852
    endloop
  endfacet
  facet normal -0.555403 0.0363837 0.830785
    outer loop
      vertex 0.35732 139.144 -0.0803852
      vertex 0.292622 139.152 -0.123988
      vertex 0.3 138.269 -0.0803852
    endloop
  endfacet
  facet normal -0.419869 0.142556 0.896319
    outer loop
      vertex 0.875039 140.806 -0.0456724
      vertex 0.528297 140.003 -0.0803852
      vertex 0.596289 139.985 -0.0456724
    endloop
  endfacet
  facet normal -0.419455 0.142368 0.896543
    outer loop
      vertex 0.810008 140.833 -0.0803852
      vertex 0.528297 140.003 -0.0803852
      vertex 0.875039 140.806 -0.0456724
    endloop
  endfacet
  facet normal -0.417541 0.366131 0.831629
    outer loop
      vertex 2.26239 143.007 -0.0803852
      vertex 1.63276 142.388 -0.123988
      vertex 1.68453 142.348 -0.0803852
    endloop
  endfacet
  facet normal -0.0623088 0.183145 0.981109
    outer loop
      vertex 5.32329 144.527 -0.00513363
      vertex 4.4914 144.326 -0.0204449
      vertex 4.52086 144.254 -0.00513363
    endloop
  endfacet
  facet normal -0.246122 0.368187 0.896584
    outer loop
      vertex 3.65 144.072 -0.0803852
      vertex 2.96415 143.529 -0.0456724
      vertex 3.6852 144.011 -0.0456724
    endloop
  endfacet
  facet normal -0.108598 0.545884 0.830793
    outer loop
      vertex 6.12547 144.912 -0.0803852
      vertex 5.24902 144.804 -0.123988
      vertex 5.26591 144.741 -0.0803852
    endloop
  endfacet
  facet normal -0.108629 0.162706 0.980677
    outer loop
      vertex 3.72235 143.946 -0.0204449
      vertex 3.00939 143.47 -0.0204449
      vertex 3.05625 143.409 -0.00513363
    endloop
  endfacet
  facet normal -0.268002 0.789354 0.552354
    outer loop
      vertex 5.20907 144.953 -0.3
      vertex 4.35198 144.662 -0.3
      vertex 4.36866 144.622 -0.234744
    endloop
  endfacet
  facet normal -0.288567 0.849924 0.440861
    outer loop
      vertex 5.20907 144.953 -0.3
      vertex 4.33869 144.694 -0.370391
      vertex 4.35198 144.662 -0.3
    endloop
  endfacet
  facet normal -0.332496 0.673915 0.659761
    outer loop
      vertex 4.38847 144.574 -0.175736
      vertex 3.56199 144.224 -0.234744
      vertex 3.58787 144.179 -0.175736
    endloop
  endfacet
  facet normal -0.292588 0.592402 0.750635
    outer loop
      vertex 4.41105 144.52 -0.123988
      vertex 3.58787 144.179 -0.175736
      vertex 3.61737 144.128 -0.123988
    endloop
  endfacet
  facet normal -0.0629718 0.185932 0.980543
    outer loop
      vertex 5.30337 144.601 -0.0204449
      vertex 4.4914 144.326 -0.0204449
      vertex 5.32329 144.527 -0.00513363
    endloop
  endfacet
  facet normal -0.141311 0.28696 0.947462
    outer loop
      vertex 4.46296 144.394 -0.0456724
      vertex 3.6852 144.011 -0.0456724
      vertex 3.72235 143.946 -0.0204449
    endloop
  endfacet
  facet normal -0.36672 0.549557 0.750669
    outer loop
      vertex 3.58787 144.179 -0.175736
      vertex 2.88157 143.637 -0.123988
      vertex 3.61737 144.128 -0.123988
    endloop
  endfacet
  facet normal -0.247588 0.501291 0.8291
    outer loop
      vertex 4.41105 144.52 -0.123988
      vertex 3.61737 144.128 -0.123988
      vertex 3.65 144.072 -0.0803852
    endloop
  endfacet
  facet normal -0.013045 0.195821 0.980553
    outer loop
      vertex 7 144.825 -0.0204449
      vertex 6.14436 144.768 -0.0204449
      vertex 6.15441 144.692 -0.00513363
    endloop
  endfacet
  facet normal -0.0127086 0.0640142 0.997868
    outer loop
      vertex 6.15441 144.692 -0.00513363
      vertex 5.32329 144.527 -0.00513363
      vertex 5.34356 144.451 0
    endloop
  endfacet
  facet normal -0 0.195029 0.980797
    outer loop
      vertex 7 144.825 -0.0204449
      vertex 46 144.748 -0.00513363
      vertex 46 144.825 -0.0204449
    endloop
  endfacet
  facet normal 0 0.195029 0.980797
    outer loop
      vertex 46 144.748 -0.00513363
      vertex 7 144.825 -0.0204449
      vertex 7 144.748 -0.00513363
    endloop
  endfacet
  facet normal -0.028747 0.441055 0.897019
    outer loop
      vertex 7 144.969 -0.0803852
      vertex 6.12547 144.912 -0.0803852
      vertex 6.13466 144.842 -0.0456724
    endloop
  endfacet
  facet normal 0.029253 0.44408 0.895509
    outer loop
      vertex 46 144.969 -0.0803852
      vertex 46 144.899 -0.0456724
      vertex 46.8653 144.842 -0.0456724
    endloop
  endfacet
  facet normal -0.0494906 0.752844 0.656336
    outer loop
      vertex 7 145.145 -0.234744
      vertex 6.1025 145.086 -0.234744
      vertex 6.10925 145.035 -0.175736
    endloop
  endfacet
  facet normal -0.0542805 0.825708 0.561481
    outer loop
      vertex 7 145.145 -0.234744
      vertex 6.09681 145.13 -0.3
      vertex 6.1025 145.086 -0.234744
    endloop
  endfacet
  facet normal -0.191325 0.96246 0.192522
    outer loop
      vertex 6.08699 145.204 -0.521685
      vertex 5.19356 145.011 -0.444709
      vertex 6.08899 145.189 -0.444709
    endloop
  endfacet
  facet normal -0.190742 0.961628 0.197201
    outer loop
      vertex 6.08699 145.204 -0.521685
      vertex 5.1896 145.026 -0.521685
      vertex 5.19356 145.011 -0.444709
    endloop
  endfacet
  facet normal -0.161999 0.108183 0.980843
    outer loop
      vertex 1.86041 142.213 -0.00513363
      vertex 1.32295 141.547 -0.0204449
      vertex 1.38961 141.508 -0.00513363
    endloop
  endfacet
  facet normal -0.174838 0.0862253 0.980814
    outer loop
      vertex 1.32295 141.547 -0.0204449
      vertex 0.943701 140.778 -0.0204449
      vertex 1.38961 141.508 -0.00513363
    endloop
  endfacet
  facet normal -0.567565 0.497912 0.655708
    outer loop
      vertex 2.13793 143.131 -0.234744
      vertex 1.54489 142.455 -0.234744
      vertex 2.17452 143.095 -0.175736
    endloop
  endfacet
  facet normal -0.547392 0.624212 0.557423
    outer loop
      vertex 2.78761 143.759 -0.3
      vertex 2.13793 143.131 -0.234744
      vertex 2.81415 143.724 -0.234744
    endloop
  endfacet
  facet normal -0.498204 0.24559 0.831552
    outer loop
      vertex 1.14112 141.652 -0.123988
      vertex 0.749718 140.858 -0.123988
      vertex 1.19763 141.619 -0.0803852
    endloop
  endfacet
  facet normal -0.498942 0.246057 0.830971
    outer loop
      vertex 1.19763 141.619 -0.0803852
      vertex 0.749718 140.858 -0.123988
      vertex 0.810008 140.833 -0.0803852
    endloop
  endfacet
  facet normal -0.627204 0.418994 0.656551
    outer loop
      vertex 1.54489 142.455 -0.234744
      vertex 1.0452 141.707 -0.234744
      vertex 1.58595 142.424 -0.175736
    endloop
  endfacet
  facet normal -0.691307 0.461817 0.555715
    outer loop
      vertex 1.54489 142.455 -0.234744
      vertex 1.00744 141.729 -0.3
      vertex 1.0452 141.707 -0.234744
    endloop
  endfacet
  facet normal -0.548178 0.624868 0.555914
    outer loop
      vertex 2.78761 143.759 -0.3
      vertex 2.10709 143.162 -0.3
      vertex 2.13793 143.131 -0.234744
    endloop
  endfacet
  facet normal -0.624819 0.548361 0.555789
    outer loop
      vertex 2.10709 143.162 -0.3
      vertex 1.5103 142.482 -0.3
      vertex 2.13793 143.131 -0.234744
    endloop
  endfacet
  facet normal -0.242605 0.212756 0.946508
    outer loop
      vertex 2.31216 142.957 -0.0456724
      vertex 1.74038 142.305 -0.0456724
      vertex 1.79934 142.26 -0.0204449
    endloop
  endfacet
  facet normal -0.434625 0.495153 0.75228
    outer loop
      vertex 2.88157 143.637 -0.123988
      vertex 2.17452 143.095 -0.175736
      vertex 2.21624 143.053 -0.123988
    endloop
  endfacet
  facet normal -0.6242 0.711723 0.32222
    outer loop
      vertex 2.75112 143.807 -0.444709
      vertex 2.06471 143.205 -0.444709
      vertex 2.08255 143.187 -0.370391
    endloop
  endfacet
  facet normal -0.647726 0.738548 0.187076
    outer loop
      vertex 2.75112 143.807 -0.444709
      vertex 2.05388 143.215 -0.521685
      vertex 2.06471 143.205 -0.444709
    endloop
  endfacet
  facet normal -0.497492 0.744339 0.44549
    outer loop
      vertex 3.54019 144.262 -0.3
      vertex 2.76647 143.787 -0.370391
      vertex 2.78761 143.759 -0.3
    endloop
  endfacet
  facet normal -0.498371 0.746442 0.440965
    outer loop
      vertex 3.52284 144.292 -0.370391
      vertex 2.76647 143.787 -0.370391
      vertex 3.54019 144.262 -0.3
    endloop
  endfacet
  facet normal -0.419541 -0.142416 0.896495
    outer loop
      vertex 0.875039 4.46296 -0.0456724
      vertex 0.528297 5.26591 -0.0803852
      vertex 0.810008 4.43602 -0.0803852
    endloop
  endfacet
  facet normal -0.419537 -0.142414 0.896497
    outer loop
      vertex 0.596289 5.28413 -0.0456724
      vertex 0.528297 5.26591 -0.0803852
      vertex 0.875039 4.46296 -0.0456724
    endloop
  endfacet
  facet normal -0 0 1
    outer loop
      vertex 51.7956 138.322 0
      vertex 52.4 138.269 0
      vertex 52.3452 139.105 0
    endloop
  endfacet
  facet normal 0 0 1
    outer loop
      vertex 52.4 138.269 0
      vertex 52 66.5 0
      vertex 52.4 7 0
    endloop
  endfacet
  facet normal 0 0 1
    outer loop
      vertex 51.5433 139.065 0
      vertex 52.3452 139.105 0
      vertex 52.1819 139.926 0
    endloop
  endfacet
  facet normal -0 0 1
    outer loop
      vertex 51.85 60.3 0
      vertex 52.4 7 0
      vertex 52 66.5 0
    endloop
  endfacet
  facet normal 0 0 1
    outer loop
      vertex 52.4 138.269 0
      vertex 52 136.769 0
      vertex 52 66.5 0
    endloop
  endfacet
  facet normal 0 0 1
    outer loop
      vertex 52.4 138.269 0
      vertex 51.9487 137.552 0
      vertex 52 136.769 0
    endloop
  endfacet
  facet normal 0 0 1
    outer loop
      vertex 51.1962 139.769 0
      vertex 52.1819 139.926 0
      vertex 51.9128 140.718 0
    endloop
  endfacet
  facet normal 0 0 1
    outer loop
      vertex 52.4 138.269 0
      vertex 51.7956 138.322 0
      vertex 51.9487 137.552 0
    endloop
  endfacet
  facet normal 0 0 1
    outer loop
      vertex 52.3452 139.105 0
      vertex 51.5433 139.065 0
      vertex 51.7956 138.322 0
    endloop
  endfacet
  facet normal 0 0 1
    outer loop
      vertex 50.7601 140.422 0
      vertex 51.9128 140.718 0
      vertex 51.5426 141.469 0
    endloop
  endfacet
  facet normal 0 0 1
    outer loop
      vertex 52.1819 139.926 0
      vertex 51.1962 139.769 0
      vertex 51.5433 139.065 0
    endloop
  endfacet
  facet normal 0 0 1
    outer loop
      vertex 50.2426 141.012 0
      vertex 51.5426 141.469 0
      vertex 51.0775 142.165 0
    endloop
  endfacet
  facet normal 0 0 1
    outer loop
      vertex 51.9128 140.718 0
      vertex 50.7601 140.422 0
      vertex 51.1962 139.769 0
    endloop
  endfacet
  facet normal 0 0 1
    outer loop
      vertex 49.6526 141.529 0
      vertex 51.0775 142.165 0
      vertex 50.5255 142.795 0
    endloop
  endfacet
  facet normal 0 0 1
    outer loop
      vertex 51.5426 141.469 0
      vertex 50.2426 141.012 0
      vertex 50.7601 140.422 0
    endloop
  endfacet
  facet normal 0 0 1
    outer loop
      vertex 49 141.965 0
      vertex 50.5255 142.795 0
      vertex 49.8961 143.347 0
    endloop
  endfacet
  facet normal 0 0 1
    outer loop
      vertex 51.0775 142.165 0
      vertex 49.6526 141.529 0
      vertex 50.2426 141.012 0
    endloop
  endfacet
  facet normal 0 0 1
    outer loop
      vertex 49 141.965 0
      vertex 49.8961 143.347 0
      vertex 49.2 143.812 0
    endloop
  endfacet
  facet normal 0 0 1
    outer loop
      vertex 50.5255 142.795 0
      vertex 49 141.965 0
      vertex 49.6526 141.529 0
    endloop
  endfacet
  facet normal 0 0 1
    outer loop
      vertex 48.2961 142.313 0
      vertex 49.2 143.812 0
      vertex 48.4492 144.182 0
    endloop
  endfacet
  facet normal 0 0 1
    outer loop
      vertex 49.2 143.812 0
      vertex 48.2961 142.313 0
      vertex 49 141.965 0
    endloop
  endfacet
  facet normal 0 0 1
    outer loop
      vertex 47.5529 142.565 0
      vertex 48.4492 144.182 0
      vertex 47.6564 144.451 0
    endloop
  endfacet
  facet normal 0 0 1
    outer loop
      vertex 48.4492 144.182 0
      vertex 47.5529 142.565 0
      vertex 48.2961 142.313 0
    endloop
  endfacet
  facet normal 0 0 1
    outer loop
      vertex 46.7832 142.718 0
      vertex 47.6564 144.451 0
      vertex 46.8354 144.615 0
    endloop
  endfacet
  facet normal 0 0 1
    outer loop
      vertex 47.6564 144.451 0
      vertex 46.7832 142.718 0
      vertex 47.5529 142.565 0
    endloop
  endfacet
  facet normal 0 0 1
    outer loop
      vertex 46 142.769 0
      vertex 46.8354 144.615 0
      vertex 46 144.669 0
    endloop
  endfacet
  facet normal 0 0 1
    outer loop
      vertex 46.8354 144.615 0
      vertex 46 142.769 0
      vertex 46.7832 142.718 0
    endloop
  endfacet
  facet normal 0 0 1
    outer loop
      vertex 31.5 144.009 0
      vertex 46 144.669 0
      vertex 31.5 144.029 0
    endloop
  endfacet
  facet normal 0 0 1
    outer loop
      vertex 46 144.669 0
      vertex 31.4967 144.08 0
      vertex 31.5 144.029 0
    endloop
  endfacet
  facet normal 0 0 1
    outer loop
      vertex 46 144.669 0
      vertex 31.4867 144.13 0
      vertex 31.4967 144.08 0
    endloop
  endfacet
  facet normal 0 0 1
    outer loop
      vertex 46 144.669 0
      vertex 31.4703 144.179 0
      vertex 31.4867 144.13 0
    endloop
  endfacet
  facet normal 0 0 1
    outer loop
      vertex 46 144.669 0
      vertex 31.4478 144.224 0
      vertex 31.4703 144.179 0
    endloop
  endfacet
  facet normal 0 0 1
    outer loop
      vertex 46 144.669 0
      vertex 31.4194 144.267 0
      vertex 31.4478 144.224 0
    endloop
  endfacet
  facet normal 0 0 1
    outer loop
      vertex 46 144.669 0
      vertex 31.3858 144.305 0
      vertex 31.4194 144.267 0
    endloop
  endfacet
  facet normal 0 0 1
    outer loop
      vertex 46 144.669 0
      vertex 31.3474 144.339 0
      vertex 31.3858 144.305 0
    endloop
  endfacet
  facet normal 0 0 1
    outer loop
      vertex 46 144.669 0
      vertex 31.305 144.367 0
      vertex 31.3474 144.339 0
    endloop
  endfacet
  facet normal 0 0 1
    outer loop
      vertex 46 144.669 0
      vertex 31.2592 144.39 0
      vertex 31.305 144.367 0
    endloop
  endfacet
  facet normal 0 0 1
    outer loop
      vertex 46 144.669 0
      vertex 31.2109 144.406 0
      vertex 31.2592 144.39 0
    endloop
  endfacet
  facet normal 0 0 1
    outer loop
      vertex 46 144.669 0
      vertex 31.1609 144.416 0
      vertex 31.2109 144.406 0
    endloop
  endfacet
  facet normal 0 0 1
    outer loop
      vertex 46 144.669 0
      vertex 31.11 144.419 0
      vertex 31.1609 144.416 0
    endloop
  endfacet
  facet normal 0 0 1
    outer loop
      vertex 46 144.669 0
      vertex 21.89 144.419 0
      vertex 31.11 144.419 0
    endloop
  endfacet
  facet normal 0 0 1
    outer loop
      vertex 21.5 144.029 0
      vertex 7 144.669 0
      vertex 21.5 144.009 0
    endloop
  endfacet
  facet normal 0 0 1
    outer loop
      vertex 21.5033 144.08 0
      vertex 7 144.669 0
      vertex 21.5 144.029 0
    endloop
  endfacet
  facet normal 0 0 1
    outer loop
      vertex 21.5133 144.13 0
      vertex 7 144.669 0
      vertex 21.5033 144.08 0
    endloop
  endfacet
  facet normal 0 0 1
    outer loop
      vertex 21.5297 144.179 0
      vertex 7 144.669 0
      vertex 21.5133 144.13 0
    endloop
  endfacet
  facet normal 0 0 1
    outer loop
      vertex 21.5522 144.224 0
      vertex 7 144.669 0
      vertex 21.5297 144.179 0
    endloop
  endfacet
  facet normal 0 0 1
    outer loop
      vertex 21.5806 144.267 0
      vertex 7 144.669 0
      vertex 21.5522 144.224 0
    endloop
  endfacet
  facet normal 0 0 1
    outer loop
      vertex 21.6142 144.305 0
      vertex 7 144.669 0
      vertex 21.5806 144.267 0
    endloop
  endfacet
  facet normal 0 0 1
    outer loop
      vertex 21.6526 144.339 0
      vertex 7 144.669 0
      vertex 21.6142 144.305 0
    endloop
  endfacet
  facet normal 0 0 1
    outer loop
      vertex 21.695 144.367 0
      vertex 7 144.669 0
      vertex 21.6526 144.339 0
    endloop
  endfacet
  facet normal 0 0 1
    outer loop
      vertex 21.7408 144.39 0
      vertex 7 144.669 0
      vertex 21.695 144.367 0
    endloop
  endfacet
  facet normal 0 0 1
    outer loop
      vertex 21.7891 144.406 0
      vertex 7 144.669 0
      vertex 21.7408 144.39 0
    endloop
  endfacet
  facet normal 0 0 1
    outer loop
      vertex 21.8391 144.416 0
      vertex 7 144.669 0
      vertex 21.7891 144.406 0
    endloop
  endfacet
  facet normal 0 0 1
    outer loop
      vertex 21.89 144.419 0
      vertex 7 144.669 0
      vertex 21.8391 144.416 0
    endloop
  endfacet
  facet normal -0 0 1
    outer loop
      vertex 7 144.669 0
      vertex 21.89 144.419 0
      vertex 46 144.669 0
    endloop
  endfacet
  facet normal -0 0 1
    outer loop
      vertex 51.85 7.75 0
      vertex 52.4 7 0
      vertex 51.85 60.3 0
    endloop
  endfacet
  facet normal 0 0 1
    outer loop
      vertex 51.85 60.3 0
      vertex 52 66.5 0
      vertex 51.9829 66.2389 0
    endloop
  endfacet
  facet normal 0 0 1
    outer loop
      vertex 51.8243 60.6916 0
      vertex 51.9829 66.2389 0
      vertex 51.9319 65.9824 0
    endloop
  endfacet
  facet normal -0 0 1
    outer loop
      vertex 51.8243 7.35842 0
      vertex 52.4 7 0
      vertex 51.85 7.75 0
    endloop
  endfacet
  facet normal 0 0 1
    outer loop
      vertex 51.7478 6.97354 0
      vertex 52.4 7 0
      vertex 51.8243 7.35842 0
    endloop
  endfacet
  facet normal 0 0 1
    outer loop
      vertex 51.7478 61.0765 0
      vertex 51.9319 65.9824 0
      vertex 51.8478 65.7346 0
    endloop
  endfacet
  facet normal 0 0 1
    outer loop
      vertex 51.9829 66.2389 0
      vertex 51.8243 60.6916 0
      vertex 51.85 60.3 0
    endloop
  endfacet
  facet normal 0 0 1
    outer loop
      vertex 51.9319 65.9824 0
      vertex 51.7478 61.0765 0
      vertex 51.8243 60.6916 0
    endloop
  endfacet
  facet normal 0 0 1
    outer loop
      vertex 51.6216 61.4481 0
      vertex 51.8478 65.7346 0
      vertex 51.732 65.5 0
    endloop
  endfacet
  facet normal 0 0 1
    outer loop
      vertex 51.8478 65.7346 0
      vertex 51.6216 61.4481 0
      vertex 51.7478 61.0765 0
    endloop
  endfacet
  facet normal 0 0 1
    outer loop
      vertex 51.4481 61.8 0
      vertex 51.732 65.5 0
      vertex 51.5867 65.2825 0
    endloop
  endfacet
  facet normal 0 0 1
    outer loop
      vertex 51.732 65.5 0
      vertex 51.4481 61.8 0
      vertex 51.6216 61.4481 0
    endloop
  endfacet
  facet normal 0 0 1
    outer loop
      vertex 51.2301 62.1263 0
      vertex 51.5867 65.2825 0
      vertex 51.4142 65.0858 0
    endloop
  endfacet
  facet normal 0 0 1
    outer loop
      vertex 51.5867 65.2825 0
      vertex 51.2301 62.1263 0
      vertex 51.4481 61.8 0
    endloop
  endfacet
  facet normal -0 0 1
    outer loop
      vertex 51.2175 64.9133 0
      vertex 51.2301 62.1263 0
      vertex 51.4142 65.0858 0
    endloop
  endfacet
  facet normal 0 0 1
    outer loop
      vertex 50.9713 62.4213 0
      vertex 51.2175 64.9133 0
      vertex 51 64.768 0
    endloop
  endfacet
  facet normal 0 0 1
    outer loop
      vertex 51.2175 64.9133 0
      vertex 50.9713 62.4213 0
      vertex 51.2301 62.1263 0
    endloop
  endfacet
  facet normal 0 0 1
    outer loop
      vertex 50.6763 62.6801 0
      vertex 51 64.768 0
      vertex 50.7654 64.6522 0
    endloop
  endfacet
  facet normal 0 0 1
    outer loop
      vertex 51 64.768 0
      vertex 50.6763 62.6801 0
      vertex 50.9713 62.4213 0
    endloop
  endfacet
  facet normal 0 0 1
    outer loop
      vertex 50.35 62.8981 0
      vertex 50.7654 64.6522 0
      vertex 50.5176 64.5681 0
    endloop
  endfacet
  facet normal 0 0 1
    outer loop
      vertex 50.7654 64.6522 0
      vertex 50.35 62.8981 0
      vertex 50.6763 62.6801 0
    endloop
  endfacet
  facet normal -0 0 1
    outer loop
      vertex 50.2611 64.5171 0
      vertex 50.35 62.8981 0
      vertex 50.5176 64.5681 0
    endloop
  endfacet
  facet normal 0 0 1
    outer loop
      vertex 49.9981 63.0716 0
      vertex 50.2611 64.5171 0
      vertex 50 64.5 0
    endloop
  endfacet
  facet normal 0 0 1
    outer loop
      vertex 50.2611 64.5171 0
      vertex 49.9981 63.0716 0
      vertex 50.35 62.8981 0
    endloop
  endfacet
  facet normal 0 0 1
    outer loop
      vertex 50 64.5 0
      vertex 49.6265 63.1978 0
      vertex 49.9981 63.0716 0
    endloop
  endfacet
  facet normal 0 0 1
    outer loop
      vertex 50 64.5 0
      vertex 49.2416 63.2743 0
      vertex 49.6265 63.1978 0
    endloop
  endfacet
  facet normal 0 0 1
    outer loop
      vertex 50 64.5 0
      vertex 48.85 63.3 0
      vertex 49.2416 63.2743 0
    endloop
  endfacet
  facet normal 0 0 1
    outer loop
      vertex 50 64.5 0
      vertex 4.15 63.3 0
      vertex 48.85 63.3 0
    endloop
  endfacet
  facet normal -0 0 1
    outer loop
      vertex 3 64.5 0
      vertex 4.15 63.3 0
      vertex 50 64.5 0
    endloop
  endfacet
  facet normal 0 0 1
    outer loop
      vertex 3 64.5 0
      vertex 3.75842 63.2743 0
      vertex 4.15 63.3 0
    endloop
  endfacet
  facet normal 0 0 1
    outer loop
      vertex 3 64.5 0
      vertex 3.37354 63.1978 0
      vertex 3.75842 63.2743 0
    endloop
  endfacet
  facet normal 0 0 1
    outer loop
      vertex 3 64.5 0
      vertex 3.00195 63.0716 0
      vertex 3.37354 63.1978 0
    endloop
  endfacet
  facet normal 0 0 1
    outer loop
      vertex 2.73895 64.5171 0
      vertex 3.00195 63.0716 0
      vertex 3 64.5 0
    endloop
  endfacet
  facet normal 0 0 1
    outer loop
      vertex 2.73895 64.5171 0
      vertex 2.65 62.8981 0
      vertex 3.00195 63.0716 0
    endloop
  endfacet
  facet normal 0 0 1
    outer loop
      vertex 2.48236 64.5681 0
      vertex 2.65 62.8981 0
      vertex 2.73895 64.5171 0
    endloop
  endfacet
  facet normal 0 0 1
    outer loop
      vertex 2.23463 64.6522 0
      vertex 2.65 62.8981 0
      vertex 2.48236 64.5681 0
    endloop
  endfacet
  facet normal 0 0 1
    outer loop
      vertex 2.65 62.8981 0
      vertex 2.23463 64.6522 0
      vertex 2.32372 62.6801 0
    endloop
  endfacet
  facet normal 0 0 1
    outer loop
      vertex 2 64.768 0
      vertex 2.32372 62.6801 0
      vertex 2.23463 64.6522 0
    endloop
  endfacet
  facet normal 0 0 1
    outer loop
      vertex 2.32372 62.6801 0
      vertex 2 64.768 0
      vertex 2.02868 62.4213 0
    endloop
  endfacet
  facet normal 0 0 1
    outer loop
      vertex 1.78248 64.9133 0
      vertex 2.02868 62.4213 0
      vertex 2 64.768 0
    endloop
  endfacet
  facet normal 0 0 1
    outer loop
      vertex 1.78248 64.9133 0
      vertex 1.76994 62.1263 0
      vertex 2.02868 62.4213 0
    endloop
  endfacet
  facet normal 0 0 1
    outer loop
      vertex 1.58579 65.0858 0
      vertex 1.76994 62.1263 0
      vertex 1.78248 64.9133 0
    endloop
  endfacet
  facet normal 0 0 1
    outer loop
      vertex 1.41329 65.2825 0
      vertex 1.76994 62.1263 0
      vertex 1.58579 65.0858 0
    endloop
  endfacet
  facet normal 0 0 1
    outer loop
      vertex 1.76994 62.1263 0
      vertex 1.41329 65.2825 0
      vertex 1.55192 61.8 0
    endloop
  endfacet
  facet normal 0 0 1
    outer loop
      vertex 1.26795 65.5 0
      vertex 1.55192 61.8 0
      vertex 1.41329 65.2825 0
    endloop
  endfacet
  facet normal 0 0 1
    outer loop
      vertex 1.55192 61.8 0
      vertex 1.26795 65.5 0
      vertex 1.37836 61.4481 0
    endloop
  endfacet
  facet normal 0 0 1
    outer loop
      vertex 1.15224 65.7346 0
      vertex 1.37836 61.4481 0
      vertex 1.26795 65.5 0
    endloop
  endfacet
  facet normal 0 0 1
    outer loop
      vertex 1.37836 61.4481 0
      vertex 1.15224 65.7346 0
      vertex 1.25222 61.0765 0
    endloop
  endfacet
  facet normal 0 0 1
    outer loop
      vertex 1.06815 65.9824 0
      vertex 1.25222 61.0765 0
      vertex 1.15224 65.7346 0
    endloop
  endfacet
  facet normal 0 0 1
    outer loop
      vertex 1.25222 61.0765 0
      vertex 1.06815 65.9824 0
      vertex 1.17566 60.6916 0
    endloop
  endfacet
  facet normal 0 0 1
    outer loop
      vertex 0.6 7 0
      vertex 1.15 7.75 0
      vertex 1.15 60.3 0
    endloop
  endfacet
  facet normal 0 0 1
    outer loop
      vertex 1.01711 66.2389 0
      vertex 1.17566 60.6916 0
      vertex 1.06815 65.9824 0
    endloop
  endfacet
  facet normal 0 0 1
    outer loop
      vertex 1.17566 60.6916 0
      vertex 1.01711 66.2389 0
      vertex 1.15 60.3 0
    endloop
  endfacet
  facet normal 0 0 1
    outer loop
      vertex 1 66.5 0
      vertex 1.15 60.3 0
      vertex 1.01711 66.2389 0
    endloop
  endfacet
  facet normal 0 0 1
    outer loop
      vertex 1.15 60.3 0
      vertex 1 66.5 0
      vertex 0.6 7 0
    endloop
  endfacet
  facet normal 0 0 1
    outer loop
      vertex 1 136.769 0
      vertex 0.6 138.269 0
      vertex 1 66.5 0
    endloop
  endfacet
  facet normal 0 0 1
    outer loop
      vertex 0.6 7 0
      vertex 1 66.5 0
      vertex 0.6 138.269 0
    endloop
  endfacet
  facet normal 0 0 1
    outer loop
      vertex 0.6 138.269 0
      vertex 0.818075 139.926 0
      vertex 0.654754 139.105 0
    endloop
  endfacet
  facet normal 0 -0 1
    outer loop
      vertex 0.654754 6.16463 0
      vertex 1.15 7.75 0
      vertex 0.6 7 0
    endloop
  endfacet
  facet normal 0 0 1
    outer loop
      vertex 1.15 7.75 0
      vertex 0.818075 5.34356 0
      vertex 1.08717 4.55083 0
    endloop
  endfacet
  facet normal 0 0 1
    outer loop
      vertex 1.15 7.75 0
      vertex 0.654754 6.16463 0
      vertex 0.818075 5.34356 0
    endloop
  endfacet
  facet normal 0 0 1
    outer loop
      vertex 51.6216 6.60195 0
      vertex 52.4 7 0
      vertex 51.7478 6.97354 0
    endloop
  endfacet
  facet normal 0 0 1
    outer loop
      vertex 52.4 7 0
      vertex 51.6216 6.60195 0
      vertex 52.3452 6.16463 0
    endloop
  endfacet
  facet normal -0 0 1
    outer loop
      vertex 51.4481 6.25 0
      vertex 52.3452 6.16463 0
      vertex 51.6216 6.60195 0
    endloop
  endfacet
  facet normal 0 0 1
    outer loop
      vertex 52.3452 6.16463 0
      vertex 51.4481 6.25 0
      vertex 52.1819 5.34356 0
    endloop
  endfacet
  facet normal -0 0 1
    outer loop
      vertex 51.2301 5.92372 0
      vertex 52.1819 5.34356 0
      vertex 51.4481 6.25 0
    endloop
  endfacet
  facet normal -0 0 1
    outer loop
      vertex 50.9713 5.62868 0
      vertex 52.1819 5.34356 0
      vertex 51.2301 5.92372 0
    endloop
  endfacet
  facet normal 0 0 1
    outer loop
      vertex 52.1819 5.34356 0
      vertex 50.9713 5.62868 0
      vertex 51.9128 4.55083 0
    endloop
  endfacet
  facet normal -0 0 1
    outer loop
      vertex 50.6763 5.36994 0
      vertex 51.9128 4.55083 0
      vertex 50.9713 5.62868 0
    endloop
  endfacet
  facet normal 0 0 1
    outer loop
      vertex 51.9128 4.55083 0
      vertex 50.6763 5.36994 0
      vertex 51.5426 3.8 0
    endloop
  endfacet
  facet normal -0 0 1
    outer loop
      vertex 50.35 5.15192 0
      vertex 51.5426 3.8 0
      vertex 50.6763 5.36994 0
    endloop
  endfacet
  facet normal -0 0 1
    outer loop
      vertex 49.9981 4.97836 0
      vertex 51.5426 3.8 0
      vertex 50.35 5.15192 0
    endloop
  endfacet
  facet normal 0 0 1
    outer loop
      vertex 51.5426 3.8 0
      vertex 49.9981 4.97836 0
      vertex 51.0775 3.10393 0
    endloop
  endfacet
  facet normal -0 0 1
    outer loop
      vertex 49.6265 4.85222 0
      vertex 51.0775 3.10393 0
      vertex 49.9981 4.97836 0
    endloop
  endfacet
  facet normal 0 0 1
    outer loop
      vertex 51.0775 3.10393 0
      vertex 49.6265 4.85222 0
      vertex 50.5255 2.47452 0
    endloop
  endfacet
  facet normal -0 0 1
    outer loop
      vertex 49.2416 4.77567 0
      vertex 50.5255 2.47452 0
      vertex 49.6265 4.85222 0
    endloop
  endfacet
  facet normal 0 0 1
    outer loop
      vertex 50.5255 2.47452 0
      vertex 49.2416 4.77567 0
      vertex 49.8961 1.92254 0
    endloop
  endfacet
  facet normal -0 0 1
    outer loop
      vertex 48.85 4.75 0
      vertex 49.8961 1.92254 0
      vertex 49.2416 4.77567 0
    endloop
  endfacet
  facet normal 0 0 1
    outer loop
      vertex 49.8961 1.92254 0
      vertex 48.85 4.75 0
      vertex 49.2 1.45744 0
    endloop
  endfacet
  facet normal 0 0 1
    outer loop
      vertex 48.85 4.75 0
      vertex 48.4492 1.08717 0
      vertex 49.2 1.45744 0
    endloop
  endfacet
  facet normal 0 0 1
    outer loop
      vertex 48.85 4.75 0
      vertex 47.6564 0.818075 0
      vertex 48.4492 1.08717 0
    endloop
  endfacet
  facet normal 0 0 1
    outer loop
      vertex 48.85 4.75 0
      vertex 46.8354 0.654754 0
      vertex 47.6564 0.818075 0
    endloop
  endfacet
  facet normal 0 0 1
    outer loop
      vertex 48.85 4.75 0
      vertex 46 0.6 0
      vertex 46.8354 0.654754 0
    endloop
  endfacet
  facet normal 0 0 1
    outer loop
      vertex 48.85 4.75 0
      vertex 7 0.6 0
      vertex 46 0.6 0
    endloop
  endfacet
  facet normal -0 0 1
    outer loop
      vertex 4.15 4.75 0
      vertex 7 0.6 0
      vertex 48.85 4.75 0
    endloop
  endfacet
  facet normal 0 0 1
    outer loop
      vertex 7 0.6 0
      vertex 4.15 4.75 0
      vertex 6.16463 0.654754 0
    endloop
  endfacet
  facet normal 0 0 1
    outer loop
      vertex 6.16463 0.654754 0
      vertex 4.15 4.75 0
      vertex 5.34356 0.818075 0
    endloop
  endfacet
  facet normal 0 0 1
    outer loop
      vertex 5.34356 0.818075 0
      vertex 4.15 4.75 0
      vertex 4.55083 1.08717 0
    endloop
  endfacet
  facet normal 0 0 1
    outer loop
      vertex 4.15 4.75 0
      vertex 3.8 1.45744 0
      vertex 4.55083 1.08717 0
    endloop
  endfacet
  facet normal 0 0 1
    outer loop
      vertex 3.10393 1.92254 0
      vertex 4.15 4.75 0
      vertex 3.75842 4.77567 0
    endloop
  endfacet
  facet normal 0 0 1
    outer loop
      vertex 2.47452 2.47452 0
      vertex 3.75842 4.77567 0
      vertex 3.37354 4.85222 0
    endloop
  endfacet
  facet normal 0 0 1
    outer loop
      vertex 4.15 4.75 0
      vertex 3.10393 1.92254 0
      vertex 3.8 1.45744 0
    endloop
  endfacet
  facet normal 0 0 1
    outer loop
      vertex 1.92254 3.10393 0
      vertex 3.37354 4.85222 0
      vertex 3.00195 4.97836 0
    endloop
  endfacet
  facet normal 0 0 1
    outer loop
      vertex 1.45744 3.8 0
      vertex 3.00195 4.97836 0
      vertex 2.65 5.15192 0
    endloop
  endfacet
  facet normal 0 0 1
    outer loop
      vertex 3.75842 4.77567 0
      vertex 2.47452 2.47452 0
      vertex 3.10393 1.92254 0
    endloop
  endfacet
  facet normal 0 0 1
    outer loop
      vertex 1.45744 3.8 0
      vertex 2.65 5.15192 0
      vertex 2.32372 5.36994 0
    endloop
  endfacet
  facet normal 0 0 1
    outer loop
      vertex 1.08717 4.55083 0
      vertex 2.32372 5.36994 0
      vertex 2.02868 5.62868 0
    endloop
  endfacet
  facet normal 0 0 1
    outer loop
      vertex 3.37354 4.85222 0
      vertex 1.92254 3.10393 0
      vertex 2.47452 2.47452 0
    endloop
  endfacet
  facet normal 0 0 1
    outer loop
      vertex 1.08717 4.55083 0
      vertex 2.02868 5.62868 0
      vertex 1.76994 5.92372 0
    endloop
  endfacet
  facet normal 0 0 1
    outer loop
      vertex 1.08717 4.55083 0
      vertex 1.76994 5.92372 0
      vertex 1.55192 6.25 0
    endloop
  endfacet
  facet normal 0 0 1
    outer loop
      vertex 3.00195 4.97836 0
      vertex 1.45744 3.8 0
      vertex 1.92254 3.10393 0
    endloop
  endfacet
  facet normal 0 0 1
    outer loop
      vertex 1.08717 4.55083 0
      vertex 1.55192 6.25 0
      vertex 1.37836 6.60195 0
    endloop
  endfacet
  facet normal 0 0 1
    outer loop
      vertex 1.08717 4.55083 0
      vertex 1.37836 6.60195 0
      vertex 1.25222 6.97354 0
    endloop
  endfacet
  facet normal 0 0 1
    outer loop
      vertex 1.08717 4.55083 0
      vertex 1.25222 6.97354 0
      vertex 1.17566 7.35842 0
    endloop
  endfacet
  facet normal 0 0 1
    outer loop
      vertex 2.32372 5.36994 0
      vertex 1.08717 4.55083 0
      vertex 1.45744 3.8 0
    endloop
  endfacet
  facet normal 0 0 1
    outer loop
      vertex 1.08717 4.55083 0
      vertex 1.17566 7.35842 0
      vertex 1.15 7.75 0
    endloop
  endfacet
  facet normal 0 0 1
    outer loop
      vertex 46 144.669 0
      vertex 31.5 144.009 0
      vertex 46 142.769 0
    endloop
  endfacet
  facet normal -0 0 1
    outer loop
      vertex 31.4967 143.958 0
      vertex 46 142.769 0
      vertex 31.5 144.009 0
    endloop
  endfacet
  facet normal -0 0 1
    outer loop
      vertex 31.4867 143.908 0
      vertex 46 142.769 0
      vertex 31.4967 143.958 0
    endloop
  endfacet
  facet normal -0 0 1
    outer loop
      vertex 31.4703 143.86 0
      vertex 46 142.769 0
      vertex 31.4867 143.908 0
    endloop
  endfacet
  facet normal -0 0 1
    outer loop
      vertex 31.4478 143.814 0
      vertex 46 142.769 0
      vertex 31.4703 143.86 0
    endloop
  endfacet
  facet normal -0 0 1
    outer loop
      vertex 31.4194 143.772 0
      vertex 46 142.769 0
      vertex 31.4478 143.814 0
    endloop
  endfacet
  facet normal -0 0 1
    outer loop
      vertex 31.3858 143.734 0
      vertex 46 142.769 0
      vertex 31.4194 143.772 0
    endloop
  endfacet
  facet normal -0 0 1
    outer loop
      vertex 31.3474 143.7 0
      vertex 46 142.769 0
      vertex 31.3858 143.734 0
    endloop
  endfacet
  facet normal -0 0 1
    outer loop
      vertex 31.305 143.672 0
      vertex 46 142.769 0
      vertex 31.3474 143.7 0
    endloop
  endfacet
  facet normal -0 0 1
    outer loop
      vertex 31.2592 143.649 0
      vertex 46 142.769 0
      vertex 31.305 143.672 0
    endloop
  endfacet
  facet normal -0 0 1
    outer loop
      vertex 31.2109 143.633 0
      vertex 46 142.769 0
      vertex 31.2592 143.649 0
    endloop
  endfacet
  facet normal -0 0 1
    outer loop
      vertex 31.1609 143.623 0
      vertex 46 142.769 0
      vertex 31.2109 143.633 0
    endloop
  endfacet
  facet normal -0 0 1
    outer loop
      vertex 31.11 143.619 0
      vertex 46 142.769 0
      vertex 31.1609 143.623 0
    endloop
  endfacet
  facet normal -0 0 1
    outer loop
      vertex 21.89 143.619 0
      vertex 46 142.769 0
      vertex 31.11 143.619 0
    endloop
  endfacet
  facet normal 0 0 1
    outer loop
      vertex 7 142.769 0
      vertex 21.5 144.009 0
      vertex 7 144.669 0
    endloop
  endfacet
  facet normal 0 0 1
    outer loop
      vertex 21.5 144.009 0
      vertex 7 142.769 0
      vertex 21.5033 143.958 0
    endloop
  endfacet
  facet normal 0 0 1
    outer loop
      vertex 21.5033 143.958 0
      vertex 7 142.769 0
      vertex 21.5133 143.908 0
    endloop
  endfacet
  facet normal 0 0 1
    outer loop
      vertex 21.5133 143.908 0
      vertex 7 142.769 0
      vertex 21.5297 143.86 0
    endloop
  endfacet
  facet normal 0 0 1
    outer loop
      vertex 21.5297 143.86 0
      vertex 7 142.769 0
      vertex 21.5522 143.814 0
    endloop
  endfacet
  facet normal 0 0 1
    outer loop
      vertex 21.5522 143.814 0
      vertex 7 142.769 0
      vertex 21.5806 143.772 0
    endloop
  endfacet
  facet normal 0 0 1
    outer loop
      vertex 21.5806 143.772 0
      vertex 7 142.769 0
      vertex 21.6142 143.734 0
    endloop
  endfacet
  facet normal 0 0 1
    outer loop
      vertex 21.6142 143.734 0
      vertex 7 142.769 0
      vertex 21.6526 143.7 0
    endloop
  endfacet
  facet normal 0 0 1
    outer loop
      vertex 21.6526 143.7 0
      vertex 7 142.769 0
      vertex 21.695 143.672 0
    endloop
  endfacet
  facet normal 0 0 1
    outer loop
      vertex 21.695 143.672 0
      vertex 7 142.769 0
      vertex 21.7408 143.649 0
    endloop
  endfacet
  facet normal 0 0 1
    outer loop
      vertex 21.7408 143.649 0
      vertex 7 142.769 0
      vertex 21.7891 143.633 0
    endloop
  endfacet
  facet normal 0 0 1
    outer loop
      vertex 21.89 143.619 0
      vertex 7 142.769 0
      vertex 46 142.769 0
    endloop
  endfacet
  facet normal 0 0 1
    outer loop
      vertex 21.8391 143.623 0
      vertex 7 142.769 0
      vertex 21.89 143.619 0
    endloop
  endfacet
  facet normal 0 0 1
    outer loop
      vertex 21.7891 143.633 0
      vertex 7 142.769 0
      vertex 21.8391 143.623 0
    endloop
  endfacet
  facet normal -0 0 1
    outer loop
      vertex 6.16463 144.615 0
      vertex 7 142.769 0
      vertex 7 144.669 0
    endloop
  endfacet
  facet normal 0 0 1
    outer loop
      vertex 7 142.769 0
      vertex 6.16463 144.615 0
      vertex 6.21684 142.718 0
    endloop
  endfacet
  facet normal -0 0 1
    outer loop
      vertex 5.34356 144.451 0
      vertex 6.21684 142.718 0
      vertex 6.16463 144.615 0
    endloop
  endfacet
  facet normal 0 0 1
    outer loop
      vertex 6.21684 142.718 0
      vertex 5.34356 144.451 0
      vertex 5.44709 142.565 0
    endloop
  endfacet
  facet normal -0 0 1
    outer loop
      vertex 4.55083 144.182 0
      vertex 5.44709 142.565 0
      vertex 5.34356 144.451 0
    endloop
  endfacet
  facet normal 0 0 1
    outer loop
      vertex 5.44709 142.565 0
      vertex 4.55083 144.182 0
      vertex 4.7039 142.313 0
    endloop
  endfacet
  facet normal -0 0 1
    outer loop
      vertex 3.8 143.812 0
      vertex 4.7039 142.313 0
      vertex 4.55083 144.182 0
    endloop
  endfacet
  facet normal 0 0 1
    outer loop
      vertex 4.7039 142.313 0
      vertex 3.8 143.812 0
      vertex 4 141.965 0
    endloop
  endfacet
  facet normal -0 0 1
    outer loop
      vertex 3.10393 143.347 0
      vertex 4 141.965 0
      vertex 3.8 143.812 0
    endloop
  endfacet
  facet normal -0 0 1
    outer loop
      vertex 2.47452 142.795 0
      vertex 4 141.965 0
      vertex 3.10393 143.347 0
    endloop
  endfacet
  facet normal 0 0 1
    outer loop
      vertex 4 141.965 0
      vertex 2.47452 142.795 0
      vertex 3.34743 141.529 0
    endloop
  endfacet
  facet normal -0 0 1
    outer loop
      vertex 1.92254 142.165 0
      vertex 3.34743 141.529 0
      vertex 2.47452 142.795 0
    endloop
  endfacet
  facet normal 0 0 1
    outer loop
      vertex 3.34743 141.529 0
      vertex 1.92254 142.165 0
      vertex 2.75736 141.012 0
    endloop
  endfacet
  facet normal -0 0 1
    outer loop
      vertex 1.45744 141.469 0
      vertex 2.75736 141.012 0
      vertex 1.92254 142.165 0
    endloop
  endfacet
  facet normal 0 0 1
    outer loop
      vertex 2.75736 141.012 0
      vertex 1.45744 141.469 0
      vertex 2.23988 140.422 0
    endloop
  endfacet
  facet normal -0 0 1
    outer loop
      vertex 1.08717 140.718 0
      vertex 2.23988 140.422 0
      vertex 1.45744 141.469 0
    endloop
  endfacet
  facet normal 0 0 1
    outer loop
      vertex 2.23988 140.422 0
      vertex 1.08717 140.718 0
      vertex 1.80385 139.769 0
    endloop
  endfacet
  facet normal -0 0 1
    outer loop
      vertex 0.818075 139.926 0
      vertex 1.80385 139.769 0
      vertex 1.08717 140.718 0
    endloop
  endfacet
  facet normal 0 0 1
    outer loop
      vertex 1.80385 139.769 0
      vertex 0.818075 139.926 0
      vertex 1.45672 139.065 0
    endloop
  endfacet
  facet normal 0 0 1
    outer loop
      vertex 0.6 138.269 0
      vertex 1.45672 139.065 0
      vertex 0.818075 139.926 0
    endloop
  endfacet
  facet normal 0 0 1
    outer loop
      vertex 1.45672 139.065 0
      vertex 0.6 138.269 0
      vertex 1.20444 138.322 0
    endloop
  endfacet
  facet normal 0 0 1
    outer loop
      vertex 1.05133 137.552 0
      vertex 0.6 138.269 0
      vertex 1 136.769 0
    endloop
  endfacet
  facet normal 0 0 1
    outer loop
      vertex 1.20444 138.322 0
      vertex 0.6 138.269 0
      vertex 1.05133 137.552 0
    endloop
  endfacet
  facet normal -0.0642878 0.0127896 -0.997849
    outer loop
      vertex 0.818075 139.926 -1.2
      vertex 0.577107 139.115 -1.19487
      vertex 0.742428 139.946 -1.19487
    endloop
  endfacet
  facet normal -0.805255 0.397525 0.43993
    outer loop
      vertex 0.977376 141.746 -0.370391
      vertex 0.57504 140.931 -0.370391
      vertex 1.00744 141.729 -0.3
    endloop
  endfacet
  facet normal -0.74705 0.498741 0.439515
    outer loop
      vertex 1.48276 142.503 -0.370391
      vertex 0.977376 141.746 -0.370391
      vertex 1.00744 141.729 -0.3
    endloop
  endfacet
  facet normal -0.962028 0.19123 0.194766
    outer loop
      vertex 0.243478 140.08 -0.521685
      vertex 0.0649757 139.182 -0.521685
      vertex 0.258267 140.076 -0.444709
    endloop
  endfacet
  facet normal -0.945112 0.0619472 0.320821
    outer loop
      vertex 0.0801563 139.18 -0.444709
      vertex 0.0204449 138.269 -0.444709
      vertex 0.0456724 138.269 -0.370391
    endloop
  endfacet
  facet normal -0.944988 0.320799 0.063922
    outer loop
      vertex 0.532844 140.948 -0.6
      vertex 0.23852 140.081 -0.6
      vertex 0.243478 140.08 -0.521685
    endloop
  endfacet
  facet normal 0.142439 -0.288823 -0.946727
    outer loop
      vertex 48.537 0.875039 -1.15433
      vertex 48.5086 0.943701 -1.17955
      vertex 49.2776 1.32295 -1.17955
    endloop
  endfacet
  facet normal 0.0865595 -0.175516 -0.980664
    outer loop
      vertex 49.2776 1.32295 -1.17955
      vertex 48.5086 0.943701 -1.17955
      vertex 49.2392 1.38961 -1.19487
    endloop
  endfacet
  facet normal 0.242178 -0.212396 -0.946698
    outer loop
      vertex 50.6878 2.31216 -1.15433
      vertex 50.6353 2.36471 -1.17955
      vertex 51.2007 3.00939 -1.17955
    endloop
  endfacet
  facet normal 0.128921 -0.14701 -0.980697
    outer loop
      vertex 49.9906 1.79934 -1.17955
      vertex 49.9437 1.86041 -1.19487
      vertex 50.6353 2.36471 -1.17955
    endloop
  endfacet
  facet normal 0.0544811 -0.0364031 -0.997851
    outer loop
      vertex 51.1396 3.05625 -1.19487
      vertex 51.0775 3.10393 -1.2
      vertex 51.5426 3.8 -1.2
    endloop
  endfacet
  facet normal 0.0544767 -0.0364008 -0.997851
    outer loop
      vertex 51.6104 3.76084 -1.19487
      vertex 51.1396 3.05625 -1.19487
      vertex 51.5426 3.8 -1.2
    endloop
  endfacet
  facet normal 0.0653304 0.00428242 -0.997855
    outer loop
      vertex 52.4 138.269 -1.2
      vertex 52.3452 139.105 -1.2
      vertex 52.4229 139.115 -1.19487
    endloop
  endfacet
  facet normal -0.0209593 0.0617662 -0.997871
    outer loop
      vertex 5.34356 144.451 -1.2
      vertex 4.55083 144.182 -1.2
      vertex 5.32329 144.527 -1.19487
    endloop
  endfacet
  facet normal -0.0210568 -0.0620305 -0.997852
    outer loop
      vertex 5.32329 0.742428 -1.19487
      vertex 4.52086 1.01482 -1.19487
      vertex 4.55083 1.08717 -1.2
    endloop
  endfacet
  facet normal -0.0628711 -0.18521 -0.980686
    outer loop
      vertex 5.32329 0.742428 -1.19487
      vertex 4.4914 0.943701 -1.17955
      vertex 4.52086 1.01482 -1.19487
    endloop
  endfacet
  facet normal -0.17542 -0.086505 -0.980686
    outer loop
      vertex 1.38961 3.76084 -1.19487
      vertex 0.943701 4.4914 -1.17955
      vertex 1.01482 4.52086 -1.19487
    endloop
  endfacet
  facet normal -0.162631 -0.108668 -0.980685
    outer loop
      vertex 1.79934 3.00939 -1.17955
      vertex 1.32295 3.72235 -1.17955
      vertex 1.86041 3.05625 -1.19487
    endloop
  endfacet
  facet normal -0.78785 -0.267437 0.55477
    outer loop
      vertex 0.358283 5.22036 -0.234744
      vertex 0.316165 5.20907 -0.3
      vertex 0.647394 4.36866 -0.234744
    endloop
  endfacet
  facet normal -0.712593 -0.241891 0.658559
    outer loop
      vertex 0.695203 4.38847 -0.175736
      vertex 0.358283 5.22036 -0.234744
      vertex 0.647394 4.36866 -0.234744
    endloop
  endfacet
  facet normal -0.545711 -0.108547 0.830913
    outer loop
      vertex 0.35732 6.12547 -0.0803852
      vertex 0.292622 6.11696 -0.123988
      vertex 0.465264 5.24902 -0.123988
    endloop
  endfacet
  facet normal -0.555205 -0.0363902 0.830917
    outer loop
      vertex 0.3 7 -0.0803852
      vertex 0.292622 6.11696 -0.123988
      vertex 0.35732 6.12547 -0.0803852
    endloop
  endfacet
  facet normal -0.880009 -0.175043 0.441524
    outer loop
      vertex 0.139584 6.09681 -0.3
      vertex 0.105168 6.09228 -0.370391
      vertex 0.316165 5.20907 -0.3
    endloop
  endfacet
  facet normal -0.895328 -0.0586833 0.441526
    outer loop
      vertex 0.139584 6.09681 -0.3
      vertex 0.0456724 7 -0.370391
      vertex 0.105168 6.09228 -0.370391
    endloop
  endfacet
  facet normal -0.433824 -0.879711 0.194692
    outer loop
      vertex 4.32904 0.551732 -0.444709
      vertex 3.51022 0.955528 -0.444709
      vertex 4.32318 0.537586 -0.521685
    endloop
  endfacet
  facet normal -0.315289 -0.92881 0.194691
    outer loop
      vertex 4.32904 0.551732 -0.444709
      vertex 4.32318 0.537586 -0.521685
      vertex 5.19356 0.258267 -0.444709
    endloop
  endfacet
  facet normal -0.396848 -0.804722 0.441512
    outer loop
      vertex 3.54019 1.00744 -0.3
      vertex 3.52284 0.977376 -0.370391
      vertex 4.33869 0.57504 -0.370391
    endloop
  endfacet
  facet normal -0.498486 -0.746047 0.441504
    outer loop
      vertex 3.54019 1.00744 -0.3
      vertex 2.76647 1.48276 -0.370391
      vertex 3.52284 0.977376 -0.370391
    endloop
  endfacet
  facet normal -0.108672 -0.162636 -0.980683
    outer loop
      vertex 3.72235 1.32295 -1.17955
      vertex 3.05625 1.86041 -1.19487
      vertex 3.76084 1.38961 -1.19487
    endloop
  endfacet
  facet normal -0.0363892 -0.0544594 -0.997853
    outer loop
      vertex 3.76084 1.38961 -1.19487
      vertex 3.05625 1.86041 -1.19487
      vertex 3.8 1.45744 -1.2
    endloop
  endfacet
  facet normal 0.0652645 -0.995729 0.0652959
    outer loop
      vertex 46.913 0.0649757 -0.521685
      vertex 46 0.00513363 -0.521685
      vertex 46.9137 0.059886 -0.6
    endloop
  endfacet
  facet normal 0.054417 -0.830232 0.554755
    outer loop
      vertex 46.8975 0.182814 -0.234744
      vertex 46 0.123988 -0.234744
      vertex 46.9032 0.139584 -0.3
    endloop
  endfacet
  facet normal -0.0619466 -0.945112 0.320821
    outer loop
      vertex 7 0.0456724 -0.370391
      vertex 6.08899 0.0801563 -0.444709
      vertex 7 0.0204449 -0.444709
    endloop
  endfacet
  facet normal -0.0544171 -0.830237 0.554748
    outer loop
      vertex 7 0.123988 -0.234744
      vertex 6.09681 0.139584 -0.3
      vertex 7 0.0803852 -0.3
    endloop
  endfacet
  facet normal -0.0586835 -0.895328 0.441524
    outer loop
      vertex 7 0.0803852 -0.3
      vertex 6.09681 0.139584 -0.3
      vertex 7 0.0456724 -0.370391
    endloop
  endfacet
  facet normal -0.175047 -0.880018 0.441506
    outer loop
      vertex 5.20907 0.316165 -0.3
      vertex 5.20009 0.282636 -0.370391
      vertex 6.09228 0.105168 -0.370391
    endloop
  endfacet
  facet normal -0.184779 -0.928943 0.320815
    outer loop
      vertex 6.09228 0.105168 -0.370391
      vertex 5.20009 0.282636 -0.370391
      vertex 6.08899 0.0801563 -0.444709
    endloop
  endfacet
  facet normal 0 -0.751844 0.659341
    outer loop
      vertex 7 0.123988 -0.234744
      vertex 46 0.175736 -0.175736
      vertex 7 0.175736 -0.175736
    endloop
  endfacet
  facet normal 0 -0.751844 0.659341
    outer loop
      vertex 46 0.175736 -0.175736
      vertex 7 0.123988 -0.234744
      vertex 46 0.123988 -0.234744
    endloop
  endfacet
  facet normal 0.565778 -0.49615 0.658582
    outer loop
      vertex 51.4551 2.81415 -0.234744
      vertex 50.8255 2.17452 -0.175736
      vertex 50.8621 2.13793 -0.234744
    endloop
  endfacet
  facet normal 0.0619476 -0.94511 0.320827
    outer loop
      vertex 46.9077 0.105168 -0.370391
      vertex 46 0.0456724 -0.370391
      vertex 46.911 0.0801563 -0.444709
    endloop
  endfacet
  facet normal 0.545694 -0.108581 0.83092
    outer loop
      vertex 52.6427 6.12547 -0.0803852
      vertex 52.5347 5.24902 -0.123988
      vertex 52.7074 6.11696 -0.123988
    endloop
  endfacet
  facet normal 0.647459 -0.128829 0.751133
    outer loop
      vertex 52.7074 6.11696 -0.123988
      vertex 52.5347 5.24902 -0.123988
      vertex 52.7659 6.10925 -0.175736
    endloop
  endfacet
  facet normal 0.195013 -0.0127766 0.980717
    outer loop
      vertex 52.4783 7 -0.00513363
      vertex 52.4229 6.15441 -0.00513363
      vertex 52.5553 7 -0.0204449
    endloop
  endfacet
  facet normal 0.0654225 -0.00428625 0.997848
    outer loop
      vertex 52.4783 7 -0.00513363
      vertex 52.4 7 0
      vertex 52.4229 6.15441 -0.00513363
    endloop
  endfacet
  facet normal 0.19186 -0.0381671 0.98068
    outer loop
      vertex 52.4992 6.14436 -0.0204449
      vertex 52.2576 5.32329 -0.00513363
      vertex 52.3319 5.30337 -0.0204449
    endloop
  endfacet
  facet normal 0.31581 -0.0628247 0.94674
    outer loop
      vertex 52.4992 6.14436 -0.0204449
      vertex 52.3319 5.30337 -0.0204449
      vertex 52.4037 5.28413 -0.0456724
    endloop
  endfacet
  facet normal 0.368231 -0.246049 0.896586
    outer loop
      vertex 51.7414 3.6852 -0.0456724
      vertex 51.2596 2.96415 -0.0456724
      vertex 51.8024 3.65 -0.0803852
    endloop
  endfacet
  facet normal 0.418056 -0.625716 0.658566
    outer loop
      vertex 50.1544 1.58595 -0.175736
      vertex 49.438 1.0452 -0.234744
      vertex 50.1859 1.54489 -0.234744
    endloop
  endfacet
  facet normal 0.527046 -0.178875 0.830798
    outer loop
      vertex 52.4717 5.26591 -0.0803852
      vertex 52.2503 4.41105 -0.123988
      vertex 52.5347 5.24902 -0.123988
    endloop
  endfacet
  facet normal 0.647433 -0.128821 0.751156
    outer loop
      vertex 52.7659 6.10925 -0.175736
      vertex 52.5347 5.24902 -0.123988
      vertex 52.5917 5.23375 -0.175736
    endloop
  endfacet
  facet normal 0.880083 -0.175077 0.441363
    outer loop
      vertex 52.8604 6.09681 -0.3
      vertex 52.6838 5.20907 -0.3
      vertex 52.8948 6.09228 -0.370391
    endloop
  endfacet
  facet normal 0.830414 -0.0544048 0.554484
    outer loop
      vertex 52.876 7 -0.234744
      vertex 52.8172 6.1025 -0.234744
      vertex 52.8604 6.09681 -0.3
    endloop
  endfacet
  facet normal 0.712647 -0.2419 0.658497
    outer loop
      vertex 52.6417 5.22036 -0.234744
      vertex 52.3048 4.38847 -0.175736
      vertex 52.3526 4.36866 -0.234744
    endloop
  endfacet
  facet normal 0.746036 -0.367899 0.55505
    outer loop
      vertex 52.3526 4.36866 -0.234744
      vertex 51.9548 3.56199 -0.234744
      vertex 51.9926 3.54019 -0.3
    endloop
  endfacet
  facet normal 0.879686 -0.174914 0.442218
    outer loop
      vertex 52.8948 6.09228 -0.370391
      vertex 52.6838 5.20907 -0.3
      vertex 52.7174 5.20009 -0.370391
    endloop
  endfacet
  facet normal 0.849503 -0.288325 0.44183
    outer loop
      vertex 52.6838 5.20907 -0.3
      vertex 52.3929 4.35198 -0.3
      vertex 52.425 4.33869 -0.370391
    endloop
  endfacet
  facet normal 0.879799 -0.433872 0.194186
    outer loop
      vertex 52.4483 4.32904 -0.444709
      vertex 52.0445 3.51022 -0.444709
      vertex 52.4624 4.32318 -0.521685
    endloop
  endfacet
  facet normal 0.879826 -0.433903 0.193996
    outer loop
      vertex 52.4624 4.32318 -0.521685
      vertex 52.0445 3.51022 -0.444709
      vertex 52.0577 3.50257 -0.521685
    endloop
  endfacet
  facet normal 0.961974 -0.191336 0.194927
    outer loop
      vertex 52.9198 6.08899 -0.444709
      vertex 52.7417 5.19356 -0.444709
      vertex 52.935 6.08699 -0.521685
    endloop
  endfacet
  facet normal 0.978711 -0.064244 0.19493
    outer loop
      vertex 52.9796 7 -0.444709
      vertex 52.9198 6.08899 -0.444709
      vertex 52.935 6.08699 -0.521685
    endloop
  endfacet
  facet normal 0.944873 -0.32073 0.0659391
    outer loop
      vertex 52.7565 5.1896 -0.521685
      vertex 52.4624 4.32318 -0.521685
      vertex 52.4672 4.32122 -0.6
    endloop
  endfacet
  facet normal 0.944888 -0.32072 0.0657728
    outer loop
      vertex 52.7565 5.1896 -0.521685
      vertex 52.4672 4.32122 -0.6
      vertex 52.7615 5.18827 -0.6
    endloop
  endfacet
  facet normal 0.978686 -0.194671 0.0653991
    outer loop
      vertex 52.935 6.08699 -0.521685
      vertex 52.7565 5.1896 -0.521685
      vertex 52.9401 6.08632 -0.6
    endloop
  endfacet
  facet normal 0.978667 -0.194633 0.0657881
    outer loop
      vertex 52.9401 6.08632 -0.6
      vertex 52.7565 5.1896 -0.521685
      vertex 52.7615 5.18827 -0.6
    endloop
  endfacet
  facet normal 0.0381409 -0.191747 0.980703
    outer loop
      vertex 47.6767 0.742428 -0.00513363
      vertex 46.8556 0.500791 -0.0204449
      vertex 47.6966 0.668076 -0.0204449
    endloop
  endfacet
  facet normal 0.0210784 -0.0620917 0.997848
    outer loop
      vertex 48.4492 1.08717 0
      vertex 47.6767 0.742428 -0.00513363
      vertex 48.4791 1.01482 -0.00513363
    endloop
  endfacet
  facet normal 0.123873 -0.364886 -0.922775
    outer loop
      vertex 47.8117 0.23852 -1
      vertex 47.7159 0.596289 -1.15433
      vertex 48.537 0.875039 -1.15433
    endloop
  endfacet
  facet normal 0.108574 -0.1625 0.980717
    outer loop
      vertex 49.9437 1.86041 -0.00513363
      vertex 49.2776 1.32295 -0.0204449
      vertex 49.9906 1.79934 -0.0204449
    endloop
  endfacet
  facet normal 0.625958 -0.418259 0.658206
    outer loop
      vertex 51.9548 3.56199 -0.234744
      vertex 51.4141 2.84565 -0.175736
      vertex 51.4551 2.81415 -0.234744
    endloop
  endfacet
  facet normal 0.366737 -0.548867 0.751165
    outer loop
      vertex 50.1184 1.63276 -0.123988
      vertex 49.3826 1.14112 -0.123988
      vertex 49.4121 1.09001 -0.175736
    endloop
  endfacet
  facet normal 0.309174 -0.462717 0.830846
    outer loop
      vertex 50.1184 1.63276 -0.123988
      vertex 49.35 1.19763 -0.0803852
      vertex 49.3826 1.14112 -0.123988
    endloop
  endfacet
  facet normal 0.433861 -0.879765 0.194366
    outer loop
      vertex 49.4898 0.955528 -0.444709
      vertex 48.671 0.551732 -0.444709
      vertex 48.6768 0.537586 -0.521685
    endloop
  endfacet
  facet normal 0.526165 -0.78745 0.32105
    outer loop
      vertex 50.2335 1.48276 -0.370391
      vertex 49.4898 0.955528 -0.444709
      vertex 50.2489 1.46275 -0.444709
    endloop
  endfacet
  facet normal 0.750212 -0.657996 0.0649849
    outer loop
      vertex 51.5535 2.73867 -0.6
      vertex 50.9461 2.05388 -0.521685
      vertex 50.9497 2.05025 -0.6
    endloop
  endfacet
  facet normal 0.418855 -0.849399 0.321062
    outer loop
      vertex 49.4772 0.977376 -0.370391
      vertex 48.6613 0.57504 -0.370391
      vertex 48.671 0.551732 -0.444709
    endloop
  endfacet
  facet normal 0.657956 -0.750244 0.0650198
    outer loop
      vertex 50.9461 2.05388 -0.521685
      vertex 50.2613 1.44653 -0.6
      vertex 50.9497 2.05025 -0.6
    endloop
  endfacet
  facet normal 0.214101 -0.320409 -0.922767
    outer loop
      vertex 50.2613 1.44653 -1
      vertex 49.5 0.937822 -1
      vertex 50.0359 1.74038 -1.15433
    endloop
  endfacet
  facet normal 0.254092 -0.289732 -0.922764
    outer loop
      vertex 50.2613 1.44653 -1
      vertex 50.0359 1.74038 -1.15433
      vertex 50.9497 2.05025 -1
    endloop
  endfacet
  facet normal 0.674966 -0.332852 0.658507
    outer loop
      vertex 52.3048 4.38847 -0.175736
      vertex 51.9548 3.56199 -0.234744
      vertex 52.3526 4.36866 -0.234744
    endloop
  endfacet
  facet normal 0.675002 -0.332864 0.658463
    outer loop
      vertex 52.3048 4.38847 -0.175736
      vertex 51.91 3.58787 -0.175736
      vertex 51.9548 3.56199 -0.234744
    endloop
  endfacet
  facet normal 0.787362 -0.526108 0.321358
    outer loop
      vertex 52.0226 3.52284 -0.370391
      vertex 51.5172 2.76647 -0.370391
      vertex 52.0445 3.51022 -0.444709
    endloop
  endfacet
  facet normal 0.625779 -0.418102 0.658476
    outer loop
      vertex 51.91 3.58787 -0.175736
      vertex 51.4141 2.84565 -0.175736
      vertex 51.9548 3.56199 -0.234744
    endloop
  endfacet
  facet normal 0.462903 -0.309301 0.830695
    outer loop
      vertex 51.8024 3.65 -0.0803852
      vertex 51.3155 2.9213 -0.0803852
      vertex 51.3672 2.88157 -0.123988
    endloop
  endfacet
  facet normal 0.368193 -0.246018 0.89661
    outer loop
      vertex 51.8024 3.65 -0.0803852
      vertex 51.2596 2.96415 -0.0456724
      vertex 51.3155 2.9213 -0.0803852
    endloop
  endfacet
  facet normal 0.267691 -0.178869 0.946756
    outer loop
      vertex 51.677 3.72235 -0.0204449
      vertex 51.2596 2.96415 -0.0456724
      vertex 51.7414 3.6852 -0.0456724
    endloop
  endfacet
  facet normal 0.242269 -0.212471 0.946658
    outer loop
      vertex 51.2007 3.00939 -0.0204449
      vertex 50.6878 2.31216 -0.0456724
      vertex 51.2596 2.96415 -0.0456724
    endloop
  endfacet
  facet normal 0.896907 -0.304453 0.320728
    outer loop
      vertex 52.7174 5.20009 -0.370391
      vertex 52.425 4.33869 -0.370391
      vertex 52.4483 4.32904 -0.444709
    endloop
  endfacet
  facet normal 0.787801 -0.267383 0.554866
    outer loop
      vertex 52.6838 5.20907 -0.3
      vertex 52.3526 4.36866 -0.234744
      vertex 52.3929 4.35198 -0.3
    endloop
  endfacet
  facet normal 0.0653771 0 -0.997861
    outer loop
      vertex 52.4 7 -1.2
      vertex 52.4783 138.269 -1.19487
      vertex 52.4783 7 -1.19487
    endloop
  endfacet
  facet normal 0.0653771 0 -0.997861
    outer loop
      vertex 52.4783 138.269 -1.19487
      vertex 52.4 7 -1.2
      vertex 52.4 138.269 -1.2
    endloop
  endfacet
  facet normal 0.367285 0.418479 0.830649
    outer loop
      vertex 50.7838 143.053 -0.123988
      vertex 50.1184 143.637 -0.123988
      vertex 50.7376 143.007 -0.0803852
    endloop
  endfacet
  facet normal 0.418479 0.367129 0.830718
    outer loop
      vertex 50.7838 143.053 -0.123988
      vertex 50.7376 143.007 -0.0803852
      vertex 51.3672 142.388 -0.123988
    endloop
  endfacet
  facet normal 0.437373 0.499186 0.748009
    outer loop
      vertex 50.1544 143.683 -0.175736
      vertex 50.1184 143.637 -0.123988
      vertex 50.8255 143.095 -0.175736
    endloop
  endfacet
  facet normal 0.417507 0.62483 0.659754
    outer loop
      vertex 49.438 144.224 -0.234744
      vertex 49.4121 144.179 -0.175736
      vertex 50.1544 143.683 -0.175736
    endloop
  endfacet
  facet normal 0.24611 0.368195 0.896584
    outer loop
      vertex 49.35 144.072 -0.0803852
      vertex 49.3148 144.011 -0.0456724
      vertex 50.0359 143.529 -0.0456724
    endloop
  endfacet
  facet normal 0.195704 0.397477 0.8965
    outer loop
      vertex 48.564 144.459 -0.0803852
      vertex 48.537 144.394 -0.0456724
      vertex 49.35 144.072 -0.0803852
    endloop
  endfacet
  facet normal 0.213307 0.628177 0.74826
    outer loop
      vertex 48.6115 144.574 -0.175736
      vertex 47.7663 144.861 -0.175736
      vertex 48.589 144.52 -0.123988
    endloop
  endfacet
  facet normal 0.141267 0.286887 0.947491
    outer loop
      vertex 49.3148 144.011 -0.0456724
      vertex 48.537 144.394 -0.0456724
      vertex 49.2776 143.946 -0.0204449
    endloop
  endfacet
  facet normal 0.553904 0.830092 0.0643232
    outer loop
      vertex 50.2613 143.823 -0.6
      vertex 49.5 144.331 -0.6
      vertex 50.2582 143.819 -0.521685
    endloop
  endfacet
  facet normal 0.624588 0.711926 0.321015
    outer loop
      vertex 50.2489 143.807 -0.444709
      vertex 50.2335 143.787 -0.370391
      vertex 50.9174 143.187 -0.370391
    endloop
  endfacet
  facet normal 0.544961 0.815937 0.193039
    outer loop
      vertex 50.2582 143.819 -0.521685
      vertex 49.4898 144.314 -0.444709
      vertex 50.2489 143.807 -0.444709
    endloop
  endfacet
  facet normal 0.442314 0.89686 -0
    outer loop
      vertex 49.5 144.331 -1
      vertex 48.6788 144.736 -0.6
      vertex 49.5 144.331 -0.6
    endloop
  endfacet
  facet normal 0.442314 0.89686 0
    outer loop
      vertex 48.6788 144.736 -0.6
      vertex 49.5 144.331 -1
      vertex 48.6788 144.736 -1
    endloop
  endfacet
  facet normal 0.322085 0.946711 -0
    outer loop
      vertex 48.6788 144.736 -1
      vertex 47.8117 145.031 -0.6
      vertex 48.6788 144.736 -0.6
    endloop
  endfacet
  facet normal 0.322085 0.946711 0
    outer loop
      vertex 47.8117 145.031 -0.6
      vertex 48.6788 144.736 -1
      vertex 47.8117 145.031 -1
    endloop
  endfacet
  facet normal 0.0654408 0.995792 0.064161
    outer loop
      vertex 46.9137 145.209 -0.6
      vertex 46 145.264 -0.521685
      vertex 46.913 145.204 -0.521685
    endloop
  endfacet
  facet normal 0.267987 0.789319 0.552411
    outer loop
      vertex 48.648 144.662 -0.3
      vertex 47.7909 144.953 -0.3
      vertex 48.6313 144.622 -0.234744
    endloop
  endfacet
  facet normal 0.288205 0.847303 0.446111
    outer loop
      vertex 47.7999 144.987 -0.370391
      vertex 47.7909 144.953 -0.3
      vertex 48.6613 144.694 -0.370391
    endloop
  endfacet
  facet normal 0.417501 0.847361 0.328136
    outer loop
      vertex 48.671 144.718 -0.444709
      vertex 48.6613 144.694 -0.370391
      vertex 49.4772 144.292 -0.370391
    endloop
  endfacet
  facet normal 0.0540823 0.827917 0.558237
    outer loop
      vertex 46 145.189 -0.3
      vertex 46 145.145 -0.234744
      vertex 46.9032 145.13 -0.3
    endloop
  endfacet
  facet normal 0 0.756578 0.653903
    outer loop
      vertex 46 145.145 -0.234744
      vertex 7 145.094 -0.175736
      vertex 46 145.094 -0.175736
    endloop
  endfacet
  facet normal 0 0.756578 0.653903
    outer loop
      vertex 7 145.094 -0.175736
      vertex 46 145.145 -0.234744
      vertex 7 145.145 -0.234744
    endloop
  endfacet
  facet normal 0.0209699 0.0618026 0.997868
    outer loop
      vertex 47.6767 144.527 -0.00513363
      vertex 47.6564 144.451 0
      vertex 48.4492 144.182 0
    endloop
  endfacet
  facet normal 0.0212092 0.062338 0.99783
    outer loop
      vertex 48.4791 144.254 -0.00513363
      vertex 47.6767 144.527 -0.00513363
      vertex 48.4492 144.182 0
    endloop
  endfacet
  facet normal -0.195084 0.0127812 0.980703
    outer loop
      vertex 0.500791 139.125 -0.0204449
      vertex 0.444709 138.269 -0.0204449
      vertex 0.577107 139.115 -0.00513363
    endloop
  endfacet
  facet normal -0.191759 0.038149 0.9807
    outer loop
      vertex 0.742428 139.946 -0.00513363
      vertex 0.500791 139.125 -0.0204449
      vertex 0.577107 139.115 -0.00513363
    endloop
  endfacet
  facet normal -0.442101 0.0289546 0.896498
    outer loop
      vertex 0.427108 139.135 -0.0456724
      vertex 0.3 138.269 -0.0803852
      vertex 0.370391 138.269 -0.0456724
    endloop
  endfacet
  facet normal -0.442287 0 0.896874
    outer loop
      vertex 0.3 138.269 -0.0803852
      vertex 0.370391 7 -0.0456724
      vertex 0.370391 138.269 -0.0456724
    endloop
  endfacet
  facet normal -0.442287 0 0.896874
    outer loop
      vertex 0.370391 7 -0.0456724
      vertex 0.3 138.269 -0.0803852
      vertex 0.3 7 -0.0803852
    endloop
  endfacet
  facet normal -0.737791 0.146779 0.658878
    outer loop
      vertex 0.358283 140.049 -0.234744
      vertex 0.182814 139.167 -0.234744
      vertex 0.234118 139.16 -0.175736
    endloop
  endfacet
  facet normal -0.816342 0.162407 0.554266
    outer loop
      vertex 0.316165 140.06 -0.3
      vertex 0.182814 139.167 -0.234744
      vertex 0.358283 140.049 -0.234744
    endloop
  endfacet
  facet normal -0.738576 0.14683 0.657987
    outer loop
      vertex 0.358283 140.049 -0.234744
      vertex 0.234118 139.16 -0.175736
      vertex 0.408268 140.036 -0.175736
    endloop
  endfacet
  facet normal -0.713339 0.242227 0.657627
    outer loop
      vertex 0.695203 140.881 -0.175736
      vertex 0.358283 140.049 -0.234744
      vertex 0.408268 140.036 -0.175736
    endloop
  endfacet
  facet normal -0.245818 0.367818 0.896819
    outer loop
      vertex 3.65 144.072 -0.0803852
      vertex 2.9213 143.585 -0.0803852
      vertex 2.96415 143.529 -0.0456724
    endloop
  endfacet
  facet normal -0.146278 0.128304 0.980888
    outer loop
      vertex 2.36471 142.905 -0.0204449
      vertex 1.86041 142.213 -0.00513363
      vertex 2.41914 142.85 -0.00513363
    endloop
  endfacet
  facet normal -0.0363606 0.0543934 0.997857
    outer loop
      vertex 3.76084 143.88 -0.00513363
      vertex 3.05625 143.409 -0.00513363
      vertex 3.8 143.812 0
    endloop
  endfacet
  facet normal -0.367435 0.418605 0.830519
    outer loop
      vertex 2.88157 143.637 -0.123988
      vertex 2.21624 143.053 -0.123988
      vertex 2.26239 143.007 -0.0803852
    endloop
  endfacet
  facet normal -0.268221 0.179212 0.946541
    outer loop
      vertex 1.74038 142.305 -0.0456724
      vertex 1.32295 141.547 -0.0204449
      vertex 1.79934 142.26 -0.0204449
    endloop
  endfacet
  facet normal -0.0364623 0.0545813 0.997843
    outer loop
      vertex 3.8 143.812 0
      vertex 3.05625 143.409 -0.00513363
      vertex 3.10393 143.347 0
    endloop
  endfacet
  facet normal -0.368414 0.747687 0.55248
    outer loop
      vertex 4.35198 144.662 -0.3
      vertex 3.54019 144.262 -0.3
      vertex 4.36866 144.622 -0.234744
    endloop
  endfacet
  facet normal -0.367579 0.745013 0.556634
    outer loop
      vertex 4.36866 144.622 -0.234744
      vertex 3.54019 144.262 -0.3
      vertex 3.56199 144.224 -0.234744
    endloop
  endfacet
  facet normal -0.17774 0.523066 0.833553
    outer loop
      vertex 5.26591 144.741 -0.0803852
      vertex 4.41105 144.52 -0.123988
      vertex 4.43602 144.459 -0.0803852
    endloop
  endfacet
  facet normal -0.178646 0.527113 0.830805
    outer loop
      vertex 5.24902 144.804 -0.123988
      vertex 4.41105 144.52 -0.123988
      vertex 5.26591 144.741 -0.0803852
    endloop
  endfacet
  facet normal -0.0382151 0.192493 0.980554
    outer loop
      vertex 6.14436 144.768 -0.0204449
      vertex 5.32329 144.527 -0.00513363
      vertex 6.15441 144.692 -0.00513363
    endloop
  endfacet
  facet normal -0.038243 0.192587 0.980534
    outer loop
      vertex 6.14436 144.768 -0.0204449
      vertex 5.30337 144.601 -0.0204449
      vertex 5.32329 144.527 -0.00513363
    endloop
  endfacet
  facet normal -0.142592 0.419631 0.896425
    outer loop
      vertex 5.26591 144.741 -0.0803852
      vertex 4.43602 144.459 -0.0803852
      vertex 4.46296 144.394 -0.0456724
    endloop
  endfacet
  facet normal -0.142518 0.419468 0.896513
    outer loop
      vertex 5.26591 144.741 -0.0803852
      vertex 4.46296 144.394 -0.0456724
      vertex 5.28413 144.673 -0.0456724
    endloop
  endfacet
  facet normal -0.211885 0.625187 0.751163
    outer loop
      vertex 5.23375 144.861 -0.175736
      vertex 4.41105 144.52 -0.123988
      vertex 5.24902 144.804 -0.123988
    endloop
  endfacet
  facet normal -0.12868 0.647467 0.751151
    outer loop
      vertex 6.10925 145.035 -0.175736
      vertex 5.23375 144.861 -0.175736
      vertex 5.24902 144.804 -0.123988
    endloop
  endfacet
  facet normal 0.0129148 0.195013 0.980716
    outer loop
      vertex 46 144.825 -0.0204449
      vertex 46 144.748 -0.00513363
      vertex 46.8456 144.692 -0.00513363
    endloop
  endfacet
  facet normal 0.0212509 0.322604 0.946296
    outer loop
      vertex 46 144.899 -0.0456724
      vertex 46 144.825 -0.0204449
      vertex 46.8653 144.842 -0.0456724
    endloop
  endfacet
  facet normal 0.0289839 -0.0587709 0.997851
    outer loop
      vertex 49.2 1.45744 0
      vertex 48.4492 1.08717 0
      vertex 49.2392 1.38961 -0.00513363
    endloop
  endfacet
  facet normal 0.0620314 -0.0210572 0.997852
    outer loop
      vertex 52.1819 5.34356 0
      vertex 51.9128 4.55083 0
      vertex 52.2576 5.32329 -0.00513363
    endloop
  endfacet
  facet normal -0.548862 0.366356 0.751354
    outer loop
      vertex 1.58595 142.424 -0.175736
      vertex 1.09001 141.681 -0.175736
      vertex 1.63276 142.388 -0.123988
    endloop
  endfacet
  facet normal -0.550373 0.367643 0.749618
    outer loop
      vertex 1.63276 142.388 -0.123988
      vertex 1.09001 141.681 -0.175736
      vertex 1.14112 141.652 -0.123988
    endloop
  endfacet
  facet normal -0.74563 0.36801 0.555523
    outer loop
      vertex 1.00744 141.729 -0.3
      vertex 0.647394 140.901 -0.234744
      vertex 1.0452 141.707 -0.234744
    endloop
  endfacet
  facet normal -0.674338 0.332824 0.659163
    outer loop
      vertex 1.0452 141.707 -0.234744
      vertex 0.647394 140.901 -0.234744
      vertex 0.695203 140.881 -0.175736
    endloop
  endfacet
  facet normal -0.310226 0.464897 0.829235
    outer loop
      vertex 3.61737 144.128 -0.123988
      vertex 2.88157 143.637 -0.123988
      vertex 3.65 144.072 -0.0803852
    endloop
  endfacet
  facet normal -0.213236 0.628029 0.748405
    outer loop
      vertex 5.23375 144.861 -0.175736
      vertex 4.38847 144.574 -0.175736
      vertex 4.41105 144.52 -0.123988
    endloop
  endfacet
  facet normal -0.213342 0.243428 0.946165
    outer loop
      vertex 3.00939 143.47 -0.0204449
      vertex 2.31216 142.957 -0.0456724
      vertex 2.36471 142.905 -0.0204449
    endloop
  endfacet
  facet normal -0.24326 0.213227 0.946234
    outer loop
      vertex 2.31216 142.957 -0.0456724
      vertex 1.79934 142.26 -0.0204449
      vertex 2.36471 142.905 -0.0204449
    endloop
  endfacet
  facet normal -0.897707 0.304516 0.318421
    outer loop
      vertex 0.551732 140.94 -0.444709
      vertex 0.282636 140.069 -0.370391
      vertex 0.57504 140.931 -0.370391
    endloop
  endfacet
  facet normal -0.945187 0.0619322 0.320602
    outer loop
      vertex 0.0801563 139.18 -0.444709
      vertex 0.0456724 138.269 -0.370391
      vertex 0.105168 139.177 -0.370391
    endloop
  endfacet
  facet normal -0.980783 0.195102 0
    outer loop
      vertex 0.059886 139.183 -1
      vertex 0.23852 140.081 -0.6
      vertex 0.23852 140.081 -1
    endloop
  endfacet
  facet normal -0.980783 0.195102 0
    outer loop
      vertex 0.23852 140.081 -0.6
      vertex 0.059886 139.183 -1
      vertex 0.059886 139.183 -0.6
    endloop
  endfacet
  facet normal 0.212374 -0.242174 -0.946704
    outer loop
      vertex 50.6878 2.31216 -1.15433
      vertex 49.9906 1.79934 -1.17955
      vertex 50.6353 2.36471 -1.17955
    endloop
  endfacet
  facet normal 0.21221 -0.241946 -0.946799
    outer loop
      vertex 50.0359 1.74038 -1.15433
      vertex 49.9906 1.79934 -1.17955
      vertex 50.6878 2.31216 -1.15433
    endloop
  endfacet
  facet normal -0.0587433 -0.0289691 -0.997853
    outer loop
      vertex 1.38961 3.76084 -1.19487
      vertex 1.08717 4.55083 -1.2
      vertex 1.45744 3.8 -1.2
    endloop
  endfacet
  facet normal -0.0544594 -0.0363892 -0.997853
    outer loop
      vertex 1.86041 3.05625 -1.19487
      vertex 1.38961 3.76084 -1.19487
      vertex 1.45744 3.8 -1.2
    endloop
  endfacet
  facet normal -0.178891 -0.267729 -0.946741
    outer loop
      vertex 3.6852 1.25859 -1.15433
      vertex 2.96415 1.74038 -1.15433
      vertex 3.72235 1.32295 -1.17955
    endloop
  endfacet
  facet normal -0.142414 -0.288785 -0.946743
    outer loop
      vertex 4.46296 0.875039 -1.15433
      vertex 3.6852 1.25859 -1.15433
      vertex 3.72235 1.32295 -1.17955
    endloop
  endfacet
  facet normal -0.0289723 -0.0587516 -0.997852
    outer loop
      vertex 4.52086 1.01482 -1.19487
      vertex 3.76084 1.38961 -1.19487
      vertex 4.55083 1.08717 -1.2
    endloop
  endfacet
  facet normal -0.086505 -0.17542 -0.980686
    outer loop
      vertex 4.4914 0.943701 -1.17955
      vertex 3.76084 1.38961 -1.19487
      vertex 4.52086 1.01482 -1.19487
    endloop
  endfacet
  facet normal 0 -0.980786 0.195088
    outer loop
      vertex 7 0.00513363 -0.521685
      vertex 46 0.0204449 -0.444709
      vertex 7 0.0204449 -0.444709
    endloop
  endfacet
  facet normal 0 -0.980786 0.195088
    outer loop
      vertex 46 0.0204449 -0.444709
      vertex 7 0.00513363 -0.521685
      vertex 46 0.00513363 -0.521685
    endloop
  endfacet
  facet normal 0.043177 -0.658726 0.751143
    outer loop
      vertex 46 0.234744 -0.123988
      vertex 46 0.175736 -0.175736
      vertex 46.8907 0.234118 -0.175736
    endloop
  endfacet
  facet normal 0 -0.659341 0.751844
    outer loop
      vertex 7 0.234744 -0.123988
      vertex 46 0.175736 -0.175736
      vertex 46 0.234744 -0.123988
    endloop
  endfacet
  facet normal 0 -0.659341 0.751844
    outer loop
      vertex 46 0.175736 -0.175736
      vertex 7 0.234744 -0.123988
      vertex 7 0.175736 -0.175736
    endloop
  endfacet
  facet normal 0 -0.831469 0.555571
    outer loop
      vertex 7 0.0803852 -0.3
      vertex 46 0.123988 -0.234744
      vertex 7 0.123988 -0.234744
    endloop
  endfacet
  facet normal 0 -0.831469 0.555571
    outer loop
      vertex 46 0.123988 -0.234744
      vertex 7 0.0803852 -0.3
      vertex 46 0.0803852 -0.3
    endloop
  endfacet
  facet normal 0.0619472 -0.945112 0.320821
    outer loop
      vertex 46 0.0456724 -0.370391
      vertex 46 0.0204449 -0.444709
      vertex 46.911 0.0801563 -0.444709
    endloop
  endfacet
  facet normal 0.419507 -0.142378 0.896517
    outer loop
      vertex 52.4037 5.28413 -0.0456724
      vertex 52.125 4.46296 -0.0456724
      vertex 52.4717 5.26591 -0.0803852
    endloop
  endfacet
  facet normal 0.442045 -0.0289632 0.896525
    outer loop
      vertex 52.7 7 -0.0803852
      vertex 52.5729 6.13466 -0.0456724
      vertex 52.6427 6.12547 -0.0803852
    endloop
  endfacet
  facet normal 0.17536 -0.086478 0.980699
    outer loop
      vertex 51.9852 4.52086 -0.00513363
      vertex 51.6104 3.76084 -0.00513363
      vertex 52.0563 4.4914 -0.0204449
    endloop
  endfacet
  facet normal 0.185236 -0.0628731 0.980681
    outer loop
      vertex 52.2576 5.32329 -0.00513363
      vertex 52.0563 4.4914 -0.0204449
      vertex 52.3319 5.30337 -0.0204449
    endloop
  endfacet
  facet normal 0.625107 -0.212156 0.751154
    outer loop
      vertex 52.5347 5.24902 -0.123988
      vertex 52.2503 4.41105 -0.123988
      vertex 52.5917 5.23375 -0.175736
    endloop
  endfacet
  facet normal 0.62521 -0.212205 0.751054
    outer loop
      vertex 52.5917 5.23375 -0.175736
      vertex 52.2503 4.41105 -0.123988
      vertex 52.3048 4.38847 -0.175736
    endloop
  endfacet
  facet normal 0.658742 -0.043193 0.751128
    outer loop
      vertex 52.7653 7 -0.123988
      vertex 52.7074 6.11696 -0.123988
      vertex 52.7659 6.10925 -0.175736
    endloop
  endfacet
  facet normal 0.554945 -0.0363871 0.831091
    outer loop
      vertex 52.7653 7 -0.123988
      vertex 52.7 7 -0.0803852
      vertex 52.7074 6.11696 -0.123988
    endloop
  endfacet
  facet normal 0.0289779 -0.442101 0.896497
    outer loop
      vertex 46.8653 0.427108 -0.0456724
      vertex 46 0.3 -0.0803852
      vertex 46.8745 0.35732 -0.0803852
    endloop
  endfacet
  facet normal 0.241979 -0.712778 0.658326
    outer loop
      vertex 48.6115 0.695203 -0.175736
      vertex 47.7663 0.408268 -0.175736
      vertex 47.7796 0.358283 -0.234744
    endloop
  endfacet
  facet normal 0.816198 -0.162368 0.554488
    outer loop
      vertex 52.8172 6.1025 -0.234744
      vertex 52.6838 5.20907 -0.3
      vertex 52.8604 6.09681 -0.3
    endloop
  endfacet
  facet normal 0.816116 -0.162365 0.55461
    outer loop
      vertex 52.8172 6.1025 -0.234744
      vertex 52.6417 5.22036 -0.234744
      vertex 52.6838 5.20907 -0.3
    endloop
  endfacet
  facet normal 0.246148 -0.499085 0.830858
    outer loop
      vertex 49.35 1.19763 -0.0803852
      vertex 48.589 0.749718 -0.123988
      vertex 49.3826 1.14112 -0.123988
    endloop
  endfacet
  facet normal 0.162322 -0.816008 0.554782
    outer loop
      vertex 47.7796 0.358283 -0.234744
      vertex 46.8975 0.182814 -0.234744
      vertex 47.7909 0.316165 -0.3
    endloop
  endfacet
  facet normal 0.123846 -0.364859 -0.922789
    outer loop
      vertex 48.6788 0.532844 -1
      vertex 47.8117 0.23852 -1
      vertex 48.537 0.875039 -1.15433
    endloop
  endfacet
  facet normal 0.170415 -0.345562 -0.922792
    outer loop
      vertex 48.6788 0.532844 -1
      vertex 48.537 0.875039 -1.15433
      vertex 49.5 0.937822 -1
    endloop
  endfacet
  facet normal 0.00428709 -0.0654096 0.997849
    outer loop
      vertex 46.8354 0.654754 0
      vertex 46 0.6 0
      vertex 46.8456 0.577107 -0.00513363
    endloop
  endfacet
  facet normal 0.0628286 -0.185077 0.980713
    outer loop
      vertex 48.4791 1.01482 -0.00513363
      vertex 47.6767 0.742428 -0.00513363
      vertex 48.5086 0.943701 -0.0204449
    endloop
  endfacet
  facet normal 0.128776 -0.647455 0.751145
    outer loop
      vertex 47.751 0.465264 -0.123988
      vertex 46.883 0.292622 -0.123988
      vertex 46.8907 0.234118 -0.175736
    endloop
  endfacet
  facet normal 0.267431 -0.787832 0.554798
    outer loop
      vertex 48.6313 0.647394 -0.234744
      vertex 47.7796 0.358283 -0.234744
      vertex 47.7909 0.316165 -0.3
    endloop
  endfacet
  facet normal 0.815682 -0.544989 0.194037
    outer loop
      vertex 52.0445 3.51022 -0.444709
      vertex 51.5494 2.7418 -0.521685
      vertex 52.0577 3.50257 -0.521685
    endloop
  endfacet
  facet normal 0.737468 -0.646779 0.194467
    outer loop
      vertex 51.5373 2.75112 -0.444709
      vertex 50.9353 2.06471 -0.444709
      vertex 50.9461 2.05388 -0.521685
    endloop
  endfacet
  facet normal 0.441346 -0.894946 0.0654603
    outer loop
      vertex 49.5 0.937822 -0.6
      vertex 48.6768 0.537586 -0.521685
      vertex 48.6788 0.532844 -0.6
    endloop
  endfacet
  facet normal 0.646753 -0.737471 0.194542
    outer loop
      vertex 50.9461 2.05388 -0.521685
      vertex 50.2489 1.46275 -0.444709
      vertex 50.2582 1.4506 -0.521685
    endloop
  endfacet
  facet normal 0.646756 -0.73748 0.1945
    outer loop
      vertex 50.9353 2.06471 -0.444709
      vertex 50.2489 1.46275 -0.444709
      vertex 50.9461 2.05388 -0.521685
    endloop
  endfacet
  facet normal 0.332819 -0.674899 0.658592
    outer loop
      vertex 49.4121 1.09001 -0.175736
      vertex 48.6115 0.695203 -0.175736
      vertex 49.438 1.0452 -0.234744
    endloop
  endfacet
  facet normal 0.498441 -0.745909 0.441788
    outer loop
      vertex 50.2335 1.48276 -0.370391
      vertex 49.4598 1.00744 -0.3
      vertex 49.4772 0.977376 -0.370391
    endloop
  endfacet
  facet normal 0.659352 -0.751835 0
    outer loop
      vertex 50.2613 1.44653 -1
      vertex 50.9497 2.05025 -0.6
      vertex 50.2613 1.44653 -0.6
    endloop
  endfacet
  facet normal 0.659352 -0.751835 0
    outer loop
      vertex 50.9497 2.05025 -0.6
      vertex 50.2613 1.44653 -1
      vertex 50.9497 2.05025 -1
    endloop
  endfacet
  facet normal 0.292081 -0.333043 0.896533
    outer loop
      vertex 50.6878 2.31216 -0.0456724
      vertex 50.0787 1.68453 -0.0803852
      vertex 50.7376 2.26239 -0.0803852
    endloop
  endfacet
  facet normal 0.548529 -0.366489 0.751533
    outer loop
      vertex 51.91 3.58787 -0.175736
      vertex 51.3672 2.88157 -0.123988
      vertex 51.4141 2.84565 -0.175736
    endloop
  endfacet
  facet normal 0.691759 -0.462257 0.554787
    outer loop
      vertex 51.9926 3.54019 -0.3
      vertex 51.4551 2.81415 -0.234744
      vertex 51.4897 2.78761 -0.3
    endloop
  endfacet
  facet normal 0.69164 -0.462147 0.555026
    outer loop
      vertex 51.9548 3.56199 -0.234744
      vertex 51.4551 2.81415 -0.234744
      vertex 51.9926 3.54019 -0.3
    endloop
  endfacet
  facet normal 0.591716 -0.674714 0.441172
    outer loop
      vertex 50.8929 2.10709 -0.3
      vertex 50.2124 1.5103 -0.3
      vertex 50.9174 2.08255 -0.370391
    endloop
  endfacet
  facet normal 0.625543 -0.54856 0.554778
    outer loop
      vertex 51.4551 2.81415 -0.234744
      vertex 50.8621 2.13793 -0.234744
      vertex 51.4897 2.78761 -0.3
    endloop
  endfacet
  facet normal 0.267963 -0.179015 0.946652
    outer loop
      vertex 51.677 3.72235 -0.0204449
      vertex 51.2007 3.00939 -0.0204449
      vertex 51.2596 2.96415 -0.0456724
    endloop
  endfacet
  facet normal 0.162502 -0.108561 0.980718
    outer loop
      vertex 51.677 3.72235 -0.0204449
      vertex 51.1396 3.05625 -0.00513363
      vertex 51.2007 3.00939 -0.0204449
    endloop
  endfacet
  facet normal 0.4961 0.566212 0.658247
    outer loop
      vertex 50.1859 143.724 -0.234744
      vertex 50.1544 143.683 -0.175736
      vertex 50.8255 143.095 -0.175736
    endloop
  endfacet
  facet normal 0.498013 0.567886 0.655354
    outer loop
      vertex 50.8621 143.131 -0.234744
      vertex 50.1859 143.724 -0.234744
      vertex 50.8255 143.095 -0.175736
    endloop
  endfacet
  facet normal 0.108595 0.162664 0.980687
    outer loop
      vertex 49.9906 143.47 -0.0204449
      vertex 49.2776 143.946 -0.0204449
      vertex 49.9437 143.409 -0.00513363
    endloop
  endfacet
  facet normal 0.291937 0.332716 0.896701
    outer loop
      vertex 50.0787 143.585 -0.0803852
      vertex 50.0359 143.529 -0.0456724
      vertex 50.6878 142.957 -0.0456724
    endloop
  endfacet
  facet normal 0.0861314 0.433511 0.897023
    outer loop
      vertex 46.8745 144.912 -0.0803852
      vertex 46.8653 144.842 -0.0456724
      vertex 47.7159 144.673 -0.0456724
    endloop
  endfacet
  facet normal 0.195644 0.397316 0.896584
    outer loop
      vertex 49.35 144.072 -0.0803852
      vertex 48.537 144.394 -0.0456724
      vertex 49.3148 144.011 -0.0456724
    endloop
  endfacet
  facet normal 0.244082 0.495732 0.833471
    outer loop
      vertex 48.589 144.52 -0.123988
      vertex 48.564 144.459 -0.0803852
      vertex 49.35 144.072 -0.0803852
    endloop
  endfacet
  facet normal 0.292612 0.592389 0.750635
    outer loop
      vertex 49.4121 144.179 -0.175736
      vertex 48.589 144.52 -0.123988
      vertex 49.3826 144.128 -0.123988
    endloop
  endfacet
  facet normal 0.497546 0.744439 0.445263
    outer loop
      vertex 50.2335 143.787 -0.370391
      vertex 49.4598 144.262 -0.3
      vertex 50.2124 143.759 -0.3
    endloop
  endfacet
  facet normal 0.590645 0.673237 0.444848
    outer loop
      vertex 50.2335 143.787 -0.370391
      vertex 50.2124 143.759 -0.3
      vertex 50.9174 143.187 -0.370391
    endloop
  endfacet
  facet normal 0.191331 0.962459 0.192522
    outer loop
      vertex 46.913 145.204 -0.521685
      vertex 46.911 145.189 -0.444709
      vertex 47.8064 145.011 -0.444709
    endloop
  endfacet
  facet normal 0.146799 0.73995 0.656448
    outer loop
      vertex 46.8975 145.086 -0.234744
      vertex 46.8907 145.035 -0.175736
      vertex 47.7796 144.911 -0.234744
    endloop
  endfacet
  facet normal 0.0643704 0.979502 0.190872
    outer loop
      vertex 46 145.264 -0.521685
      vertex 46 145.249 -0.444709
      vertex 46.913 145.204 -0.521685
    endloop
  endfacet
  facet normal 0.332471 0.673865 0.659825
    outer loop
      vertex 49.438 144.224 -0.234744
      vertex 48.6115 144.574 -0.175736
      vertex 49.4121 144.179 -0.175736
    endloop
  endfacet
  facet normal 0.058392 0.893892 0.444463
    outer loop
      vertex 46 145.224 -0.370391
      vertex 46 145.189 -0.3
      vertex 46.9032 145.13 -0.3
    endloop
  endfacet
  facet normal 0.418862 0.848921 0.322317
    outer loop
      vertex 49.4898 144.314 -0.444709
      vertex 48.671 144.718 -0.444709
      vertex 49.4772 144.292 -0.370391
    endloop
  endfacet
  facet normal 0.396643 0.805027 0.441142
    outer loop
      vertex 49.4772 144.292 -0.370391
      vertex 48.6613 144.694 -0.370391
      vertex 49.4598 144.262 -0.3
    endloop
  endfacet
  facet normal 0.434178 0.879963 0.192758
    outer loop
      vertex 48.6768 144.732 -0.521685
      vertex 48.671 144.718 -0.444709
      vertex 49.4898 144.314 -0.444709
    endloop
  endfacet
  facet normal 0.314937 0.929334 0.192752
    outer loop
      vertex 48.6768 144.732 -0.521685
      vertex 47.8064 145.011 -0.444709
      vertex 48.671 144.718 -0.444709
    endloop
  endfacet
  facet normal 0.0629748 0.185947 0.98054
    outer loop
      vertex 47.6966 144.601 -0.0204449
      vertex 47.6767 144.527 -0.00513363
      vertex 48.5086 144.326 -0.0204449
    endloop
  endfacet
  facet normal -0.143703 0.290828 0.945922
    outer loop
      vertex 4.46296 144.394 -0.0456724
      vertex 3.72235 143.946 -0.0204449
      vertex 4.4914 144.326 -0.0204449
    endloop
  endfacet
  facet normal -0.0872442 0.176566 0.980415
    outer loop
      vertex 4.4914 144.326 -0.0204449
      vertex 3.72235 143.946 -0.0204449
      vertex 3.76084 143.88 -0.00513363
    endloop
  endfacet
  facet normal 0.0364079 -0.0544804 0.997851
    outer loop
      vertex 49.9437 1.86041 -0.00513363
      vertex 49.2 1.45744 0
      vertex 49.2392 1.38961 -0.00513363
    endloop
  endfacet
  facet normal -0.241921 0.712511 0.658637
    outer loop
      vertex 5.22036 144.911 -0.234744
      vertex 4.38847 144.574 -0.175736
      vertex 5.23375 144.861 -0.175736
    endloop
  endfacet
  facet normal -0.417578 0.624868 0.659673
    outer loop
      vertex 3.56199 144.224 -0.234744
      vertex 2.84565 143.683 -0.175736
      vertex 3.58787 144.179 -0.175736
    endloop
  endfacet
  facet normal -0.244111 0.495803 0.83342
    outer loop
      vertex 4.41105 144.52 -0.123988
      vertex 3.65 144.072 -0.0803852
      vertex 4.43602 144.459 -0.0803852
    endloop
  endfacet
  facet normal -0.19576 0.397599 0.896433
    outer loop
      vertex 4.43602 144.459 -0.0803852
      vertex 3.65 144.072 -0.0803852
      vertex 4.46296 144.394 -0.0456724
    endloop
  endfacet
  facet normal -0.241441 0.711542 0.659859
    outer loop
      vertex 5.22036 144.911 -0.234744
      vertex 4.36866 144.622 -0.234744
      vertex 4.38847 144.574 -0.175736
    endloop
  endfacet
  facet normal -0.332487 0.673887 0.659794
    outer loop
      vertex 4.36866 144.622 -0.234744
      vertex 3.56199 144.224 -0.234744
      vertex 4.38847 144.574 -0.175736
    endloop
  endfacet
  facet normal -0.0292516 0.44408 0.895509
    outer loop
      vertex 7 144.969 -0.0803852
      vertex 6.13466 144.842 -0.0456724
      vertex 7 144.899 -0.0456724
    endloop
  endfacet
  facet normal -0.0212499 0.322604 0.946296
    outer loop
      vertex 7 144.899 -0.0456724
      vertex 6.13466 144.842 -0.0456724
      vertex 7 144.825 -0.0204449
    endloop
  endfacet
  facet normal -0.461945 0.308534 0.831513
    outer loop
      vertex 1.63276 142.388 -0.123988
      vertex 1.19763 141.619 -0.0803852
      vertex 1.68453 142.348 -0.0803852
    endloop
  endfacet
  facet normal -0.368068 0.245833 0.896712
    outer loop
      vertex 1.68453 142.348 -0.0803852
      vertex 1.19763 141.619 -0.0803852
      vertex 1.74038 142.305 -0.0456724
    endloop
  endfacet
  facet normal -0.291803 0.33261 0.896784
    outer loop
      vertex 2.9213 143.585 -0.0803852
      vertex 2.31216 142.957 -0.0456724
      vertex 2.96415 143.529 -0.0456724
    endloop
  endfacet
  facet normal -0.212322 0.242014 0.946757
    outer loop
      vertex 2.96415 143.529 -0.0456724
      vertex 2.31216 142.957 -0.0456724
      vertex 3.00939 143.47 -0.0204449
    endloop
  endfacet
  facet normal -0.332564 0.291617 0.896861
    outer loop
      vertex 2.26239 143.007 -0.0803852
      vertex 1.68453 142.348 -0.0803852
      vertex 2.31216 142.957 -0.0456724
    endloop
  endfacet
  facet normal -0.291606 0.332425 0.896917
    outer loop
      vertex 2.9213 143.585 -0.0803852
      vertex 2.26239 143.007 -0.0803852
      vertex 2.31216 142.957 -0.0456724
    endloop
  endfacet
  facet normal -0.128241 0.146161 0.980913
    outer loop
      vertex 3.05625 143.409 -0.00513363
      vertex 2.36471 142.905 -0.0204449
      vertex 2.41914 142.85 -0.00513363
    endloop
  endfacet
  facet normal -0.12893 0.147112 0.980681
    outer loop
      vertex 3.00939 143.47 -0.0204449
      vertex 2.36471 142.905 -0.0204449
      vertex 3.05625 143.409 -0.00513363
    endloop
  endfacet
  facet normal -0.879564 0.174903 0.442466
    outer loop
      vertex 0.316165 140.06 -0.3
      vertex 0.105168 139.177 -0.370391
      vertex 0.139584 139.172 -0.3
    endloop
  endfacet
  facet normal -0.895174 0.0586552 0.44184
    outer loop
      vertex 0.105168 139.177 -0.370391
      vertex 0.0456724 138.269 -0.370391
      vertex 0.139584 139.172 -0.3
    endloop
  endfacet
  facet normal -0.928611 0.184593 0.32188
    outer loop
      vertex 0.258267 140.076 -0.444709
      vertex 0.0801563 139.18 -0.444709
      vertex 0.282636 140.069 -0.370391
    endloop
  endfacet
  facet normal -0.89626 0.304423 0.322559
    outer loop
      vertex 0.551732 140.94 -0.444709
      vertex 0.258267 140.076 -0.444709
      vertex 0.282636 140.069 -0.370391
    endloop
  endfacet
  facet normal -0.995713 0.0652635 0.0655448
    outer loop
      vertex 0.059886 139.183 -0.6
      vertex 0.00513363 138.269 -0.521685
      vertex 0.0649757 139.182 -0.521685
    endloop
  endfacet
  facet normal -0.978765 0.0641526 0.194686
    outer loop
      vertex 0.0649757 139.182 -0.521685
      vertex 0.00513363 138.269 -0.521685
      vertex 0.0204449 138.269 -0.444709
    endloop
  endfacet
  facet normal 0.288403 -0.849613 0.441567
    outer loop
      vertex 48.6613 0.57504 -0.370391
      vertex 47.7909 0.316165 -0.3
      vertex 47.7999 0.282636 -0.370391
    endloop
  endfacet
  facet normal 0.064153 -0.978764 0.194691
    outer loop
      vertex 46.911 0.0801563 -0.444709
      vertex 46 0.0204449 -0.444709
      vertex 46.913 0.0649757 -0.521685
    endloop
  endfacet
  facet normal 0.0431772 -0.658722 0.751147
    outer loop
      vertex 46.883 0.292622 -0.123988
      vertex 46 0.234744 -0.123988
      vertex 46.8907 0.234118 -0.175736
    endloop
  endfacet
  facet normal 0.142477 -0.2889 0.946698
    outer loop
      vertex 49.2776 1.32295 -0.0204449
      vertex 48.5086 0.943701 -0.0204449
      vertex 48.537 0.875039 -0.0456724
    endloop
  endfacet
  facet normal 0 -0.896874 0.442287
    outer loop
      vertex 7 0.0456724 -0.370391
      vertex 46 0.0803852 -0.3
      vertex 7 0.0803852 -0.3
    endloop
  endfacet
  facet normal 0 -0.896874 0.442287
    outer loop
      vertex 46 0.0803852 -0.3
      vertex 7 0.0456724 -0.370391
      vertex 46 0.0456724 -0.370391
    endloop
  endfacet
  facet normal 0.397177 -0.195892 0.896592
    outer loop
      vertex 52.125 4.46296 -0.0456724
      vertex 51.7414 3.6852 -0.0456724
      vertex 51.8024 3.65 -0.0803852
    endloop
  endfacet
  facet normal 0.419684 -0.142459 0.896421
    outer loop
      vertex 52.4717 5.26591 -0.0803852
      vertex 52.125 4.46296 -0.0456724
      vertex 52.19 4.43602 -0.0803852
    endloop
  endfacet
  facet normal 0.185149 -0.0628524 0.980698
    outer loop
      vertex 52.2576 5.32329 -0.00513363
      vertex 51.9852 4.52086 -0.00513363
      vertex 52.0563 4.4914 -0.0204449
    endloop
  endfacet
  facet normal 0.10349 -0.304885 0.94675
    outer loop
      vertex 48.5086 0.943701 -0.0204449
      vertex 47.6966 0.668076 -0.0204449
      vertex 47.7159 0.596289 -0.0456724
    endloop
  endfacet
  facet normal 0.0210645 -0.321364 0.946721
    outer loop
      vertex 46.8556 0.500791 -0.0204449
      vertex 46 0.444709 -0.0204449
      vertex 46.8653 0.427108 -0.0456724
    endloop
  endfacet
  facet normal 0.212269 -0.625263 0.750991
    outer loop
      vertex 48.589 0.749718 -0.123988
      vertex 47.7663 0.408268 -0.175736
      vertex 48.6115 0.695203 -0.175736
    endloop
  endfacet
  facet normal 0.195901 -0.397239 0.896562
    outer loop
      vertex 49.35 1.19763 -0.0803852
      vertex 48.537 0.875039 -0.0456724
      vertex 48.564 0.810008 -0.0803852
    endloop
  endfacet
  facet normal 0.0432488 -0.0493148 0.997846
    outer loop
      vertex 50.5255 2.47452 0
      vertex 49.8961 1.92254 0
      vertex 49.9437 1.86041 -0.00513363
    endloop
  endfacet
  facet normal 0.0364368 -0.0545338 0.997847
    outer loop
      vertex 49.8961 1.92254 0
      vertex 49.2 1.45744 0
      vertex 49.9437 1.86041 -0.00513363
    endloop
  endfacet
  facet normal 0.242242 -0.212452 0.946669
    outer loop
      vertex 51.2007 3.00939 -0.0204449
      vertex 50.6353 2.36471 -0.0204449
      vertex 50.6878 2.31216 -0.0456724
    endloop
  endfacet
  facet normal 0.146932 -0.128863 0.980717
    outer loop
      vertex 51.1396 3.05625 -0.00513363
      vertex 50.6353 2.36471 -0.0204449
      vertex 51.2007 3.00939 -0.0204449
    endloop
  endfacet
  facet normal 0.829681 -0.55437 0.0655925
    outer loop
      vertex 52.0622 3.5 -0.6
      vertex 51.5494 2.7418 -0.521685
      vertex 51.5535 2.73867 -0.6
    endloop
  endfacet
  facet normal 0.829679 -0.554341 0.0658649
    outer loop
      vertex 52.0577 3.50257 -0.521685
      vertex 51.5494 2.7418 -0.521685
      vertex 52.0622 3.5 -0.6
    endloop
  endfacet
  facet normal 0.544968 -0.815631 0.194308
    outer loop
      vertex 50.2582 1.4506 -0.521685
      vertex 49.4898 0.955528 -0.444709
      vertex 49.4974 0.942268 -0.521685
    endloop
  endfacet
  facet normal 0.433858 -0.879762 0.194385
    outer loop
      vertex 49.4898 0.955528 -0.444709
      vertex 48.6768 0.537586 -0.521685
      vertex 49.4974 0.942268 -0.521685
    endloop
  endfacet
  facet normal 0.321423 -0.946936 0
    outer loop
      vertex 47.8117 0.23852 -1
      vertex 48.6788 0.532844 -0.6
      vertex 47.8117 0.23852 -0.6
    endloop
  endfacet
  facet normal 0.321423 -0.946936 0
    outer loop
      vertex 48.6788 0.532844 -0.6
      vertex 47.8117 0.23852 -1
      vertex 48.6788 0.532844 -1
    endloop
  endfacet
  facet normal 0.442295 -0.89687 0
    outer loop
      vertex 48.6788 0.532844 -1
      vertex 49.5 0.937822 -0.6
      vertex 48.6788 0.532844 -0.6
    endloop
  endfacet
  facet normal 0.442295 -0.89687 0
    outer loop
      vertex 49.5 0.937822 -0.6
      vertex 48.6788 0.532844 -1
      vertex 49.5 0.937822 -1
    endloop
  endfacet
  facet normal 0.288403 -0.84961 0.441573
    outer loop
      vertex 48.648 0.60711 -0.3
      vertex 47.7909 0.316165 -0.3
      vertex 48.6613 0.57504 -0.370391
    endloop
  endfacet
  facet normal 0.195102 -0.980783 0
    outer loop
      vertex 46.9137 0.059886 -1
      vertex 47.8117 0.23852 -0.6
      vertex 46.9137 0.059886 -0.6
    endloop
  endfacet
  facet normal 0.195102 -0.980783 0
    outer loop
      vertex 47.8117 0.23852 -0.6
      vertex 46.9137 0.059886 -1
      vertex 47.8117 0.23852 -1
    endloop
  endfacet
  facet normal 0.746135 -0.498593 0.441235
    outer loop
      vertex 51.9926 3.54019 -0.3
      vertex 51.4897 2.78761 -0.3
      vertex 51.5172 2.76647 -0.370391
    endloop
  endfacet
  facet normal 0.462224 -0.691823 0.554734
    outer loop
      vertex 50.1859 1.54489 -0.234744
      vertex 49.438 1.0452 -0.234744
      vertex 49.4598 1.00744 -0.3
    endloop
  endfacet
  facet normal 0.625627 -0.54866 0.554584
    outer loop
      vertex 51.4897 2.78761 -0.3
      vertex 50.8621 2.13793 -0.234744
      vertex 50.8929 2.10709 -0.3
    endloop
  endfacet
  facet normal 0.711915 -0.624351 0.321501
    outer loop
      vertex 51.5172 2.76647 -0.370391
      vertex 50.9174 2.08255 -0.370391
      vertex 51.5373 2.75112 -0.444709
    endloop
  endfacet
  facet normal 0.212267 -0.242011 0.94677
    outer loop
      vertex 50.6878 2.31216 -0.0456724
      vertex 49.9906 1.79934 -0.0204449
      vertex 50.0359 1.74038 -0.0456724
    endloop
  endfacet
  facet normal 0.178851 -0.267681 0.946762
    outer loop
      vertex 49.9906 1.79934 -0.0204449
      vertex 49.2776 1.32295 -0.0204449
      vertex 50.0359 1.74038 -0.0456724
    endloop
  endfacet
  facet normal 0.128885 0.147065 0.980694
    outer loop
      vertex 49.9906 143.47 -0.0204449
      vertex 49.9437 143.409 -0.00513363
      vertex 50.6353 142.905 -0.0204449
    endloop
  endfacet
  facet normal 0.213423 0.243529 0.94612
    outer loop
      vertex 50.6878 142.957 -0.0456724
      vertex 49.9906 143.47 -0.0204449
      vertex 50.6353 142.905 -0.0204449
    endloop
  endfacet
  facet normal 0.0382207 0.192516 0.980549
    outer loop
      vertex 46.8556 144.768 -0.0204449
      vertex 46.8456 144.692 -0.00513363
      vertex 47.6767 144.527 -0.00513363
    endloop
  endfacet
  facet normal 0.0872925 0.176652 0.980395
    outer loop
      vertex 49.2776 143.946 -0.0204449
      vertex 48.5086 144.326 -0.0204449
      vertex 49.2392 143.88 -0.00513363
    endloop
  endfacet
  facet normal 0.418407 0.625853 0.658212
    outer loop
      vertex 50.1859 143.724 -0.234744
      vertex 49.438 144.224 -0.234744
      vertex 50.1544 143.683 -0.175736
    endloop
  endfacet
  facet normal 0.461772 0.690718 0.556484
    outer loop
      vertex 49.4598 144.262 -0.3
      vertex 49.438 144.224 -0.234744
      vertex 50.1859 143.724 -0.234744
    endloop
  endfacet
  facet normal 0.293487 0.59485 0.748344
    outer loop
      vertex 48.6115 144.574 -0.175736
      vertex 48.589 144.52 -0.123988
      vertex 49.4121 144.179 -0.175736
    endloop
  endfacet
  facet normal 0.161825 0.811592 0.561365
    outer loop
      vertex 46.9032 145.13 -0.3
      vertex 46.8975 145.086 -0.234744
      vertex 47.7909 144.953 -0.3
    endloop
  endfacet
  facet normal 0.194159 0.978865 0.0642308
    outer loop
      vertex 46.9137 145.209 -0.6
      vertex 46.913 145.204 -0.521685
      vertex 47.8104 145.026 -0.521685
    endloop
  endfacet
  facet normal 0.190736 0.96161 0.197296
    outer loop
      vertex 47.8104 145.026 -0.521685
      vertex 46.913 145.204 -0.521685
      vertex 47.8064 145.011 -0.444709
    endloop
  endfacet
  facet normal 0 0.94781 0.318836
    outer loop
      vertex 46 145.249 -0.444709
      vertex 7 145.224 -0.370391
      vertex 46 145.224 -0.370391
    endloop
  endfacet
  facet normal 0 0.94781 0.318836
    outer loop
      vertex 7 145.224 -0.370391
      vertex 46 145.249 -0.444709
      vertex 7 145.249 -0.444709
    endloop
  endfacet
  facet normal 0 0.89542 0.445223
    outer loop
      vertex 46 145.224 -0.370391
      vertex 7 145.189 -0.3
      vertex 46 145.189 -0.3
    endloop
  endfacet
  facet normal 0 0.89542 0.445223
    outer loop
      vertex 7 145.189 -0.3
      vertex 46 145.224 -0.370391
      vertex 7 145.224 -0.370391
    endloop
  endfacet
  facet normal 0.304157 0.894202 0.328469
    outer loop
      vertex 48.671 144.718 -0.444709
      vertex 47.7999 144.987 -0.370391
      vertex 48.6613 144.694 -0.370391
    endloop
  endfacet
  facet normal 0.304432 0.898333 0.316731
    outer loop
      vertex 47.8064 145.011 -0.444709
      vertex 47.7999 144.987 -0.370391
      vertex 48.671 144.718 -0.444709
    endloop
  endfacet
  facet normal 0.175859 0.881978 0.437252
    outer loop
      vertex 46.9077 145.164 -0.370391
      vertex 46.9032 145.13 -0.3
      vertex 47.7909 144.953 -0.3
    endloop
  endfacet
  facet normal 0.0593182 0.897385 0.437244
    outer loop
      vertex 46.9077 145.164 -0.370391
      vertex 46 145.224 -0.370391
      vertex 46.9032 145.13 -0.3
    endloop
  endfacet
  facet normal 0.162039 0.816767 0.553746
    outer loop
      vertex 47.7909 144.953 -0.3
      vertex 46.8975 145.086 -0.234744
      vertex 47.7796 144.911 -0.234744
    endloop
  endfacet
  facet normal 0.146683 0.738135 0.658514
    outer loop
      vertex 47.7796 144.911 -0.234744
      vertex 46.8907 145.035 -0.175736
      vertex 47.7663 144.861 -0.175736
    endloop
  endfacet
  facet normal 0.104417 0.3073 0.945867
    outer loop
      vertex 48.537 144.394 -0.0456724
      vertex 47.7159 144.673 -0.0456724
      vertex 48.5086 144.326 -0.0204449
    endloop
  endfacet
  facet normal 0.0287478 0.441052 0.897021
    outer loop
      vertex 46.8745 144.912 -0.0803852
      vertex 46 144.969 -0.0803852
      vertex 46.8653 144.842 -0.0456724
    endloop
  endfacet
  facet normal -0.92915 0.184859 0.320167
    outer loop
      vertex 0.282636 140.069 -0.370391
      vertex 0.0801563 139.18 -0.444709
      vertex 0.105168 139.177 -0.370391
    endloop
  endfacet
  facet normal -0.879991 0.175079 0.441547
    outer loop
      vertex 0.282636 140.069 -0.370391
      vertex 0.105168 139.177 -0.370391
      vertex 0.316165 140.06 -0.3
    endloop
  endfacet
  facet normal 0.194687 -0.978697 0.0651915
    outer loop
      vertex 47.8104 0.243478 -0.521685
      vertex 46.9137 0.059886 -0.6
      vertex 47.8117 0.23852 -0.6
    endloop
  endfacet
  facet normal 0.191362 -0.962016 0.194693
    outer loop
      vertex 47.8064 0.258267 -0.444709
      vertex 46.911 0.0801563 -0.444709
      vertex 46.913 0.0649757 -0.521685
    endloop
  endfacet
  facet normal 0.0586829 -0.895328 0.441524
    outer loop
      vertex 46 0.0803852 -0.3
      vertex 46 0.0456724 -0.370391
      vertex 46.9032 0.139584 -0.3
    endloop
  endfacet
  facet normal 0.397492 -0.19601 0.896426
    outer loop
      vertex 52.125 4.46296 -0.0456724
      vertex 51.8024 3.65 -0.0803852
      vertex 52.19 4.43602 -0.0803852
    endloop
  endfacet
  facet normal 0.498972 -0.246052 0.830954
    outer loop
      vertex 52.19 4.43602 -0.0803852
      vertex 51.8024 3.65 -0.0803852
      vertex 52.2503 4.41105 -0.123988
    endloop
  endfacet
  facet normal 0.434478 -0.0864329 0.896525
    outer loop
      vertex 52.5729 6.13466 -0.0456724
      vertex 52.4037 5.28413 -0.0456724
      vertex 52.6427 6.12547 -0.0803852
    endloop
  endfacet
  facet normal 0.315802 -0.0628239 0.946743
    outer loop
      vertex 52.4992 6.14436 -0.0204449
      vertex 52.4037 5.28413 -0.0456724
      vertex 52.5729 6.13466 -0.0456724
    endloop
  endfacet
  facet normal 0.267434 -0.787837 0.55479
    outer loop
      vertex 48.6313 0.647394 -0.234744
      vertex 47.7909 0.316165 -0.3
      vertex 48.648 0.60711 -0.3
    endloop
  endfacet
  facet normal 0.0363917 -0.555208 0.830915
    outer loop
      vertex 46.8745 0.35732 -0.0803852
      vertex 46 0.3 -0.0803852
      vertex 46.883 0.292622 -0.123988
    endloop
  endfacet
  facet normal 0.0127897 -0.0642927 0.997849
    outer loop
      vertex 47.6564 0.818075 0
      vertex 46.8354 0.654754 0
      vertex 46.8456 0.577107 -0.00513363
    endloop
  endfacet
  facet normal 0.103545 -0.305006 0.946705
    outer loop
      vertex 48.5086 0.943701 -0.0204449
      vertex 47.7159 0.596289 -0.0456724
      vertex 48.537 0.875039 -0.0456724
    endloop
  endfacet
  facet normal 0.0864348 -0.434558 0.896487
    outer loop
      vertex 47.7159 0.596289 -0.0456724
      vertex 46.8745 0.35732 -0.0803852
      vertex 47.7341 0.528297 -0.0803852
    endloop
  endfacet
  facet normal 0.142435 -0.419565 0.896481
    outer loop
      vertex 48.537 0.875039 -0.0456724
      vertex 47.7159 0.596289 -0.0456724
      vertex 47.7341 0.528297 -0.0803852
    endloop
  endfacet
  facet normal 0.246127 -0.36838 0.896503
    outer loop
      vertex 50.0359 1.74038 -0.0456724
      vertex 49.3148 1.25859 -0.0456724
      vertex 49.35 1.19763 -0.0803852
    endloop
  endfacet
  facet normal 0.178869 -0.267716 0.946749
    outer loop
      vertex 50.0359 1.74038 -0.0456724
      vertex 49.2776 1.32295 -0.0204449
      vertex 49.3148 1.25859 -0.0456724
    endloop
  endfacet
  facet normal 0.128918 -0.147024 0.980696
    outer loop
      vertex 50.5809 2.41914 -0.00513363
      vertex 49.9437 1.86041 -0.00513363
      vertex 50.6353 2.36471 -0.0204449
    endloop
  endfacet
  facet normal 0.147023 -0.128929 0.980694
    outer loop
      vertex 51.1396 3.05625 -0.00513363
      vertex 50.5809 2.41914 -0.00513363
      vertex 50.6353 2.36471 -0.0204449
    endloop
  endfacet
  facet normal 0.184786 -0.928957 0.320768
    outer loop
      vertex 47.7999 0.282636 -0.370391
      vertex 46.911 0.0801563 -0.444709
      vertex 47.8064 0.258267 -0.444709
    endloop
  endfacet
  facet normal 0.304433 -0.896914 0.320726
    outer loop
      vertex 48.671 0.551732 -0.444709
      vertex 47.7999 0.282636 -0.370391
      vertex 47.8064 0.258267 -0.444709
    endloop
  endfacet
  facet normal 0.418926 -0.84948 0.320756
    outer loop
      vertex 49.4772 0.977376 -0.370391
      vertex 48.671 0.551732 -0.444709
      vertex 49.4898 0.955528 -0.444709
    endloop
  endfacet
  facet normal 0.526248 -0.787522 0.320737
    outer loop
      vertex 50.2335 1.48276 -0.370391
      vertex 49.4772 0.977376 -0.370391
      vertex 49.4898 0.955528 -0.444709
    endloop
  endfacet
  facet normal 0.396824 -0.80469 0.441593
    outer loop
      vertex 49.4598 1.00744 -0.3
      vertex 48.648 0.60711 -0.3
      vertex 48.6613 0.57504 -0.370391
    endloop
  endfacet
  facet normal 0.246057 -0.498942 0.830971
    outer loop
      vertex 49.35 1.19763 -0.0803852
      vertex 48.564 0.810008 -0.0803852
      vertex 48.589 0.749718 -0.123988
    endloop
  endfacet
  facet normal 0.43532 -0.496439 0.751029
    outer loop
      vertex 50.7838 2.21624 -0.123988
      vertex 50.1184 1.63276 -0.123988
      vertex 50.8255 2.17452 -0.175736
    endloop
  endfacet
  facet normal 0.674671 -0.591689 0.441275
    outer loop
      vertex 51.4897 2.78761 -0.3
      vertex 50.9174 2.08255 -0.370391
      vertex 51.5172 2.76647 -0.370391
    endloop
  endfacet
  facet normal 0.142559 0.419538 0.896473
    outer loop
      vertex 48.564 144.459 -0.0803852
      vertex 47.7341 144.741 -0.0803852
      vertex 48.537 144.394 -0.0456724
    endloop
  endfacet
  facet normal 0.0623009 0.183115 0.981116
    outer loop
      vertex 48.5086 144.326 -0.0204449
      vertex 47.6767 144.527 -0.00513363
      vertex 48.4791 144.254 -0.00513363
    endloop
  endfacet
  facet normal 0.247643 0.501351 0.829048
    outer loop
      vertex 49.3826 144.128 -0.123988
      vertex 48.589 144.52 -0.123988
      vertex 49.35 144.072 -0.0803852
    endloop
  endfacet
  facet normal 0.310281 0.46498 0.829168
    outer loop
      vertex 49.3826 144.128 -0.123988
      vertex 49.35 144.072 -0.0803852
      vertex 50.1184 143.637 -0.123988
    endloop
  endfacet
  facet normal 0.288559 0.84991 0.440894
    outer loop
      vertex 48.6613 144.694 -0.370391
      vertex 47.7909 144.953 -0.3
      vertex 48.648 144.662 -0.3
    endloop
  endfacet
  facet normal 0.242 0.712678 0.658427
    outer loop
      vertex 47.7796 144.911 -0.234744
      vertex 47.7663 144.861 -0.175736
      vertex 48.6115 144.574 -0.175736
    endloop
  endfacet
  facet normal 0.174143 0.877798 0.446256
    outer loop
      vertex 47.7999 144.987 -0.370391
      vertex 46.9077 145.164 -0.370391
      vertex 47.7909 144.953 -0.3
    endloop
  endfacet
  facet normal 0.184314 0.929069 0.320716
    outer loop
      vertex 46.911 145.189 -0.444709
      vertex 46.9077 145.164 -0.370391
      vertex 47.7999 144.987 -0.370391
    endloop
  endfacet
  facet normal 0.0542802 0.825704 0.561486
    outer loop
      vertex 46.9032 145.13 -0.3
      vertex 46 145.145 -0.234744
      vertex 46.8975 145.086 -0.234744
    endloop
  endfacet
  facet normal 0.0494892 0.752823 0.65636
    outer loop
      vertex 46.8975 145.086 -0.234744
      vertex 46 145.145 -0.234744
      vertex 46.8907 145.035 -0.175736
    endloop
  endfacet
  facet normal 0.17772 0.523014 0.83359
    outer loop
      vertex 48.589 144.52 -0.123988
      vertex 47.7341 144.741 -0.0803852
      vertex 48.564 144.459 -0.0803852
    endloop
  endfacet
  facet normal 0.129648 0.650488 0.748369
    outer loop
      vertex 46.8907 145.035 -0.175736
      vertex 46.883 144.977 -0.123988
      vertex 47.751 144.804 -0.123988
    endloop
  endfacet
  facet normal -0 0.444271 0.895893
    outer loop
      vertex 7 144.969 -0.0803852
      vertex 46 144.899 -0.0456724
      vertex 46 144.969 -0.0803852
    endloop
  endfacet
  facet normal 0 0.444271 0.895893
    outer loop
      vertex 46 144.899 -0.0456724
      vertex 7 144.969 -0.0803852
      vertex 7 144.899 -0.0456724
    endloop
  endfacet
  facet normal -0 0.322677 0.946509
    outer loop
      vertex 7 144.899 -0.0456724
      vertex 46 144.825 -0.0204449
      vertex 46 144.899 -0.0456724
    endloop
  endfacet
  facet normal 0 0.322677 0.946509
    outer loop
      vertex 46 144.825 -0.0204449
      vertex 7 144.899 -0.0456724
      vertex 7 144.825 -0.0204449
    endloop
  endfacet
  facet normal 0.0213249 0.320098 0.947144
    outer loop
      vertex 46.8653 144.842 -0.0456724
      vertex 46 144.825 -0.0204449
      vertex 46.8556 144.768 -0.0204449
    endloop
  endfacet
  facet normal 0.0130461 0.195829 0.980551
    outer loop
      vertex 46.8556 144.768 -0.0204449
      vertex 46 144.825 -0.0204449
      vertex 46.8456 144.692 -0.00513363
    endloop
  endfacet
  facet normal 0.175057 -0.880037 0.441464
    outer loop
      vertex 47.7909 0.316165 -0.3
      vertex 46.9032 0.139584 -0.3
      vertex 46.9077 0.105168 -0.370391
    endloop
  endfacet
  facet normal 0.162322 -0.816019 0.554765
    outer loop
      vertex 47.7909 0.316165 -0.3
      vertex 46.8975 0.182814 -0.234744
      vertex 46.9032 0.139584 -0.3
    endloop
  endfacet
  facet normal 0.0492208 -0.750932 0.658542
    outer loop
      vertex 46 0.175736 -0.175736
      vertex 46 0.123988 -0.234744
      vertex 46.8907 0.234118 -0.175736
    endloop
  endfacet
  facet normal 0.0492186 -0.750922 0.658554
    outer loop
      vertex 46.8907 0.234118 -0.175736
      vertex 46 0.123988 -0.234744
      vertex 46.8975 0.182814 -0.234744
    endloop
  endfacet
  facet normal 0.212174 -0.625063 0.751185
    outer loop
      vertex 48.589 0.749718 -0.123988
      vertex 47.751 0.465264 -0.123988
      vertex 47.7663 0.408268 -0.175736
    endloop
  endfacet
  facet normal 0.178827 -0.526811 0.830958
    outer loop
      vertex 48.564 0.810008 -0.0803852
      vertex 47.7341 0.528297 -0.0803852
      vertex 48.589 0.749718 -0.123988
    endloop
  endfacet
  facet normal 0.0210644 -0.321367 0.94672
    outer loop
      vertex 46 0.444709 -0.0204449
      vertex 46 0.370391 -0.0456724
      vertex 46.8653 0.427108 -0.0456724
    endloop
  endfacet
  facet normal 0.028978 -0.442101 0.896497
    outer loop
      vertex 46 0.370391 -0.0456724
      vertex 46 0.3 -0.0803852
      vertex 46.8653 0.427108 -0.0456724
    endloop
  endfacet
  facet normal 0.0864309 -0.175288 0.980716
    outer loop
      vertex 49.2392 1.38961 -0.00513363
      vertex 48.4791 1.01482 -0.00513363
      vertex 48.5086 0.943701 -0.0204449
    endloop
  endfacet
  facet normal 0.0290016 -0.0588173 0.997847
    outer loop
      vertex 49.2392 1.38961 -0.00513363
      vertex 48.4492 1.08717 0
      vertex 48.4791 1.01482 -0.00513363
    endloop
  endfacet
  facet normal 0.142383 -0.419449 0.896543
    outer loop
      vertex 48.537 0.875039 -0.0456724
      vertex 47.7341 0.528297 -0.0803852
      vertex 48.564 0.810008 -0.0803852
    endloop
  endfacet
  facet normal 0.108542 -0.545723 0.830906
    outer loop
      vertex 47.751 0.465264 -0.123988
      vertex 46.8745 0.35732 -0.0803852
      vertex 46.883 0.292622 -0.123988
    endloop
  endfacet
  facet normal 0.00428708 -0.0654101 0.997849
    outer loop
      vertex 46 0.6 0
      vertex 46 0.521685 -0.00513363
      vertex 46.8456 0.577107 -0.00513363
    endloop
  endfacet
  facet normal 0.0127853 -0.195072 0.980706
    outer loop
      vertex 46 0.521685 -0.00513363
      vertex 46 0.444709 -0.0204449
      vertex 46.8456 0.577107 -0.00513363
    endloop
  endfacet
  facet normal 0.315285 -0.928783 0.194826
    outer loop
      vertex 48.6768 0.537586 -0.521685
      vertex 47.8064 0.258267 -0.444709
      vertex 47.8104 0.243478 -0.521685
    endloop
  endfacet
  facet normal 0.191352 -0.962003 0.194768
    outer loop
      vertex 47.8064 0.258267 -0.444709
      vertex 46.913 0.0649757 -0.521685
      vertex 47.8104 0.243478 -0.521685
    endloop
  endfacet
  facet normal 0.367972 -0.746183 0.554805
    outer loop
      vertex 49.4598 1.00744 -0.3
      vertex 48.6313 0.647394 -0.234744
      vertex 48.648 0.60711 -0.3
    endloop
  endfacet
  facet normal 0.367986 -0.746229 0.554733
    outer loop
      vertex 49.438 1.0452 -0.234744
      vertex 48.6313 0.647394 -0.234744
      vertex 49.4598 1.00744 -0.3
    endloop
  endfacet
  facet normal 0.624445 -0.712012 0.321104
    outer loop
      vertex 50.9174 2.08255 -0.370391
      vertex 50.2335 1.48276 -0.370391
      vertex 50.2489 1.46275 -0.444709
    endloop
  endfacet
  facet normal 0.624388 -0.711974 0.321297
    outer loop
      vertex 50.9174 2.08255 -0.370391
      vertex 50.2489 1.46275 -0.444709
      vertex 50.9353 2.06471 -0.444709
    endloop
  endfacet
  facet normal 0.49618 -0.565758 0.658577
    outer loop
      vertex 50.8255 2.17452 -0.175736
      vertex 50.1859 1.54489 -0.234744
      vertex 50.8621 2.13793 -0.234744
    endloop
  endfacet
  facet normal 0.498526 -0.746113 0.441347
    outer loop
      vertex 50.2124 1.5103 -0.3
      vertex 49.4598 1.00744 -0.3
      vertex 50.2335 1.48276 -0.370391
    endloop
  endfacet
  facet normal 0.26755 0.788484 0.553814
    outer loop
      vertex 47.7909 144.953 -0.3
      vertex 47.7796 144.911 -0.234744
      vertex 48.6313 144.622 -0.234744
    endloop
  endfacet
  facet normal 0.241448 0.711561 0.659836
    outer loop
      vertex 48.6313 144.622 -0.234744
      vertex 47.7796 144.911 -0.234744
      vertex 48.6115 144.574 -0.175736
    endloop
  endfacet
  facet normal 0.178634 0.527097 0.830818
    outer loop
      vertex 47.751 144.804 -0.123988
      vertex 47.7341 144.741 -0.0803852
      vertex 48.589 144.52 -0.123988
    endloop
  endfacet
  facet normal 0.211859 0.625132 0.751216
    outer loop
      vertex 47.7663 144.861 -0.175736
      vertex 47.751 144.804 -0.123988
      vertex 48.589 144.52 -0.123988
    endloop
  endfacet
  facet normal 0.10842 0.543981 0.832064
    outer loop
      vertex 46.883 144.977 -0.123988
      vertex 46.8745 144.912 -0.0803852
      vertex 47.751 144.804 -0.123988
    endloop
  endfacet
  facet normal 0.0360746 0.553461 0.832093
    outer loop
      vertex 46.883 144.977 -0.123988
      vertex 46 144.969 -0.0803852
      vertex 46.8745 144.912 -0.0803852
    endloop
  endfacet
  facet normal 0.0625243 0.314693 0.947132
    outer loop
      vertex 46.8653 144.842 -0.0456724
      vertex 46.8556 144.768 -0.0204449
      vertex 47.7159 144.673 -0.0456724
    endloop
  endfacet
  facet normal 0.103024 0.304202 0.94702
    outer loop
      vertex 47.7159 144.673 -0.0456724
      vertex 47.6966 144.601 -0.0204449
      vertex 48.5086 144.326 -0.0204449
    endloop
  endfacet
  facet normal 0.128769 -0.647433 0.751165
    outer loop
      vertex 47.751 0.465264 -0.123988
      vertex 46.8907 0.234118 -0.175736
      vertex 47.7663 0.408268 -0.175736
    endloop
  endfacet
  facet normal 0.146822 -0.738198 0.658412
    outer loop
      vertex 47.7663 0.408268 -0.175736
      vertex 46.8907 0.234118 -0.175736
      vertex 47.7796 0.358283 -0.234744
    endloop
  endfacet
  facet normal 0.195945 -0.397356 0.896501
    outer loop
      vertex 49.3148 1.25859 -0.0456724
      vertex 48.537 0.875039 -0.0456724
      vertex 49.35 1.19763 -0.0803852
    endloop
  endfacet
  facet normal 0.142408 -0.288788 0.946743
    outer loop
      vertex 49.2776 1.32295 -0.0204449
      vertex 48.537 0.875039 -0.0456724
      vertex 49.3148 1.25859 -0.0456724
    endloop
  endfacet
  facet normal 0.0628195 -0.315815 0.946739
    outer loop
      vertex 47.6966 0.668076 -0.0204449
      vertex 46.8556 0.500791 -0.0204449
      vertex 47.7159 0.596289 -0.0456724
    endloop
  endfacet
  facet normal 0.0628425 -0.185136 0.980702
    outer loop
      vertex 48.5086 0.943701 -0.0204449
      vertex 47.6767 0.742428 -0.00513363
      vertex 47.6966 0.668076 -0.0204449
    endloop
  endfacet
  facet normal 0.309165 -0.462699 0.830859
    outer loop
      vertex 50.0787 1.68453 -0.0803852
      vertex 49.35 1.19763 -0.0803852
      vertex 50.1184 1.63276 -0.123988
    endloop
  endfacet
  facet normal 0.56598 -0.49638 0.658235
    outer loop
      vertex 51.4141 2.84565 -0.175736
      vertex 50.8255 2.17452 -0.175736
      vertex 51.4551 2.81415 -0.234744
    endloop
  endfacet
  facet normal 0.175041 -0.879999 0.441546
    outer loop
      vertex 47.7909 0.316165 -0.3
      vertex 46.9077 0.105168 -0.370391
      vertex 47.7999 0.282636 -0.370391
    endloop
  endfacet
  facet normal 0.184775 -0.928936 0.320838
    outer loop
      vertex 47.7999 0.282636 -0.370391
      vertex 46.9077 0.105168 -0.370391
      vertex 46.911 0.0801563 -0.444709
    endloop
  endfacet
  facet normal 0.32074 -0.944924 0.0651458
    outer loop
      vertex 48.6788 0.532844 -0.6
      vertex 47.8104 0.243478 -0.521685
      vertex 47.8117 0.23852 -0.6
    endloop
  endfacet
  facet normal 0.320756 -0.944901 0.0654055
    outer loop
      vertex 48.6768 0.537586 -0.521685
      vertex 47.8104 0.243478 -0.521685
      vertex 48.6788 0.532844 -0.6
    endloop
  endfacet
  facet normal 0.241898 -0.712613 0.658535
    outer loop
      vertex 48.6115 0.695203 -0.175736
      vertex 47.7796 0.358283 -0.234744
      vertex 48.6313 0.647394 -0.234744
    endloop
  endfacet
  facet normal 0.332835 -0.674948 0.658533
    outer loop
      vertex 49.438 1.0452 -0.234744
      vertex 48.6115 0.695203 -0.175736
      vertex 48.6313 0.647394 -0.234744
    endloop
  endfacet
  facet normal 0.548722 -0.625667 0.554477
    outer loop
      vertex 50.8621 2.13793 -0.234744
      vertex 50.1859 1.54489 -0.234744
      vertex 50.2124 1.5103 -0.3
    endloop
  endfacet
  facet normal 0.462324 -0.691931 0.554516
    outer loop
      vertex 50.1859 1.54489 -0.234744
      vertex 49.4598 1.00744 -0.3
      vertex 50.2124 1.5103 -0.3
    endloop
  endfacet
  facet normal 0.496006 -0.435011 0.751494
    outer loop
      vertex 51.3672 2.88157 -0.123988
      vertex 50.8255 2.17452 -0.175736
      vertex 51.4141 2.84565 -0.175736
    endloop
  endfacet
  facet normal 0.366669 -0.418149 0.831087
    outer loop
      vertex 50.7376 2.26239 -0.0803852
      vertex 50.1184 1.63276 -0.123988
      vertex 50.7838 2.21624 -0.123988
    endloop
  endfacet
  facet normal 0.332489 0.673917 0.659763
    outer loop
      vertex 48.6313 144.622 -0.234744
      vertex 48.6115 144.574 -0.175736
      vertex 49.438 144.224 -0.234744
    endloop
  endfacet
  facet normal 0.367568 0.745018 0.556634
    outer loop
      vertex 49.4598 144.262 -0.3
      vertex 48.6313 144.622 -0.234744
      vertex 49.438 144.224 -0.234744
    endloop
  endfacet
  facet normal 0.0625598 0.315046 0.947012
    outer loop
      vertex 47.7159 144.673 -0.0456724
      vertex 46.8556 144.768 -0.0204449
      vertex 47.6966 144.601 -0.0204449
    endloop
  endfacet
  facet normal 0.0382445 0.192596 0.980533
    outer loop
      vertex 47.6966 144.601 -0.0204449
      vertex 46.8556 144.768 -0.0204449
      vertex 47.6767 144.527 -0.00513363
    endloop
  endfacet
  facet normal 0.0628247 -0.315867 0.946721
    outer loop
      vertex 47.7159 0.596289 -0.0456724
      vertex 46.8556 0.500791 -0.0204449
      vertex 46.8653 0.427108 -0.0456724
    endloop
  endfacet
  facet normal 0.0864262 -0.43453 0.896501
    outer loop
      vertex 47.7159 0.596289 -0.0456724
      vertex 46.8653 0.427108 -0.0456724
      vertex 46.8745 0.35732 -0.0803852
    endloop
  endfacet
  facet normal 0.292073 -0.592274 0.750936
    outer loop
      vertex 49.4121 1.09001 -0.175736
      vertex 48.589 0.749718 -0.123988
      vertex 48.6115 0.695203 -0.175736
    endloop
  endfacet
  facet normal 0.291983 -0.59202 0.751172
    outer loop
      vertex 49.3826 1.14112 -0.123988
      vertex 48.589 0.749718 -0.123988
      vertex 49.4121 1.09001 -0.175736
    endloop
  endfacet
  facet normal 0.49619 -0.565767 0.658561
    outer loop
      vertex 50.8255 2.17452 -0.175736
      vertex 50.1544 1.58595 -0.175736
      vertex 50.1859 1.54489 -0.234744
    endloop
  endfacet
  facet normal 0.435072 -0.496078 0.751411
    outer loop
      vertex 50.8255 2.17452 -0.175736
      vertex 50.1184 1.63276 -0.123988
      vertex 50.1544 1.58595 -0.175736
    endloop
  endfacet
  facet normal 0.496455 -0.43532 0.751019
    outer loop
      vertex 51.3672 2.88157 -0.123988
      vertex 50.7838 2.21624 -0.123988
      vertex 50.8255 2.17452 -0.175736
    endloop
  endfacet
  facet normal 0.366932 -0.418391 0.830849
    outer loop
      vertex 50.7376 2.26239 -0.0803852
      vertex 50.0787 1.68453 -0.0803852
      vertex 50.1184 1.63276 -0.123988
    endloop
  endfacet
  facet normal 0.178835 -0.526847 0.830934
    outer loop
      vertex 48.589 0.749718 -0.123988
      vertex 47.7341 0.528297 -0.0803852
      vertex 47.751 0.465264 -0.123988
    endloop
  endfacet
  facet normal 0.108539 -0.54569 0.830928
    outer loop
      vertex 47.7341 0.528297 -0.0803852
      vertex 46.8745 0.35732 -0.0803852
      vertex 47.751 0.465264 -0.123988
    endloop
  endfacet
  facet normal 0.366589 -0.548694 0.751364
    outer loop
      vertex 50.1184 1.63276 -0.123988
      vertex 49.4121 1.09001 -0.175736
      vertex 50.1544 1.58595 -0.175736
    endloop
  endfacet
  facet normal 0.418026 -0.625682 0.658617
    outer loop
      vertex 50.1544 1.58595 -0.175736
      vertex 49.4121 1.09001 -0.175736
      vertex 49.438 1.0452 -0.234744
    endloop
  endfacet
  facet normal 0.418135 -0.366645 0.831105
    outer loop
      vertex 51.3672 2.88157 -0.123988
      vertex 50.7376 2.26239 -0.0803852
      vertex 50.7838 2.21624 -0.123988
    endloop
  endfacet
  facet normal 0.418528 -0.367072 0.830718
    outer loop
      vertex 51.3155 2.9213 -0.0803852
      vertex 50.7376 2.26239 -0.0803852
      vertex 51.3672 2.88157 -0.123988
    endloop
  endfacet
  facet normal -0.0653521 0.997862 0
    outer loop
      vertex 50.2611 64.5171 -1.01
      vertex 50 64.5 0
      vertex 50.2611 64.5171 0
    endloop
  endfacet
  facet normal -0.0653521 0.997862 0
    outer loop
      vertex 50 64.5 0
      vertex 50.2611 64.5171 -1.01
      vertex 50 64.5 -1.01
    endloop
  endfacet
  facet normal -0.94695 0.321382 0
    outer loop
      vertex 51.8478 65.7346 -1.01
      vertex 51.9319 65.9824 0
      vertex 51.9319 65.9824 -1.01
    endloop
  endfacet
  facet normal -0.94695 0.321382 0
    outer loop
      vertex 51.9319 65.9824 0
      vertex 51.8478 65.7346 -1.01
      vertex 51.8478 65.7346 0
    endloop
  endfacet
  facet normal -0.997861 -0.0653771 0
    outer loop
      vertex 52 136.769 -1.01
      vertex 51.9487 137.552 0
      vertex 51.9487 137.552 -1.01
    endloop
  endfacet
  facet normal -0.997861 -0.0653771 0
    outer loop
      vertex 51.9487 137.552 0
      vertex 52 136.769 -1.01
      vertex 52 136.769 0
    endloop
  endfacet
  facet normal -0.321382 0.94695 0
    outer loop
      vertex 50.7654 64.6522 -1.01
      vertex 50.5176 64.5681 0
      vertex 50.7654 64.6522 0
    endloop
  endfacet
  facet normal -0.321382 0.94695 0
    outer loop
      vertex 50.5176 64.5681 0
      vertex 50.7654 64.6522 -1.01
      vertex 50.5176 64.5681 -1.01
    endloop
  endfacet
  facet normal 0.946905 -0.321514 0
    outer loop
      vertex 1.20444 138.322 0
      vertex 1.45672 139.065 -1.01
      vertex 1.45672 139.065 0
    endloop
  endfacet
  facet normal 0.946905 -0.321514 0
    outer loop
      vertex 1.45672 139.065 -1.01
      vertex 1.20444 138.322 0
      vertex 1.20444 138.322 -1.01
    endloop
  endfacet
  facet normal -1 0 0
    outer loop
      vertex 52 66.5 -1.01
      vertex 52 136.769 0
      vertex 52 136.769 -1.01
    endloop
  endfacet
  facet normal -1 -0 0
    outer loop
      vertex 52 136.769 0
      vertex 52 66.5 -1.01
      vertex 52 66.5 0
    endloop
  endfacet
  facet normal 0.321121 -0.947038 0
    outer loop
      vertex 4.7039 142.313 -1.01
      vertex 5.44709 142.565 0
      vertex 4.7039 142.313 0
    endloop
  endfacet
  facet normal 0.321121 -0.947038 0
    outer loop
      vertex 5.44709 142.565 0
      vertex 4.7039 142.313 -1.01
      vertex 5.44709 142.565 -1.01
    endloop
  endfacet
  facet normal 1 -0 0
    outer loop
      vertex 1 66.5 0
      vertex 1 136.769 -1.01
      vertex 1 136.769 0
    endloop
  endfacet
  facet normal 1 0 0
    outer loop
      vertex 1 136.769 -1.01
      vertex 1 66.5 0
      vertex 1 66.5 -1.01
    endloop
  endfacet
  facet normal 0 -1 0
    outer loop
      vertex 7 142.769 -1.01
      vertex 46 142.769 0
      vertex 7 142.769 0
    endloop
  endfacet
  facet normal 0 -1 -0
    outer loop
      vertex 46 142.769 0
      vertex 7 142.769 -1.01
      vertex 46 142.769 -1.01
    endloop
  endfacet
  facet normal 0.896895 -0.442243 0
    outer loop
      vertex 1.45672 139.065 0
      vertex 1.80385 139.769 -1.01
      vertex 1.80385 139.769 0
    endloop
  endfacet
  facet normal 0.896895 -0.442243 0
    outer loop
      vertex 1.80385 139.769 -1.01
      vertex 1.45672 139.065 0
      vertex 1.45672 139.065 -1.01
    endloop
  endfacet
  facet normal 0 1 -0
    outer loop
      vertex 50 64.5 -1.01
      vertex 3 64.5 0
      vertex 50 64.5 0
    endloop
  endfacet
  facet normal 0 1 0
    outer loop
      vertex 3 64.5 0
      vertex 50 64.5 -1.01
      vertex 3 64.5 -1.01
    endloop
  endfacet
  facet normal 0.946961 0.321348 0
    outer loop
      vertex 1.15224 65.7346 0
      vertex 1.06815 65.9824 -1.01
      vertex 1.06815 65.9824 0
    endloop
  endfacet
  facet normal 0.946961 0.321348 0
    outer loop
      vertex 1.06815 65.9824 -1.01
      vertex 1.15224 65.7346 0
      vertex 1.15224 65.7346 -1.01
    endloop
  endfacet
  facet normal -0.659343 0.751842 0
    outer loop
      vertex 51.4142 65.0858 -1.01
      vertex 51.2175 64.9133 0
      vertex 51.4142 65.0858 0
    endloop
  endfacet
  facet normal -0.659343 0.751842 0
    outer loop
      vertex 51.2175 64.9133 0
      vertex 51.4142 65.0858 -1.01
      vertex 51.2175 64.9133 -1.01
    endloop
  endfacet
  facet normal -0.751842 0.659343 0
    outer loop
      vertex 51.4142 65.0858 -1.01
      vertex 51.5867 65.2825 0
      vertex 51.5867 65.2825 -1.01
    endloop
  endfacet
  facet normal -0.751842 0.659343 0
    outer loop
      vertex 51.5867 65.2825 0
      vertex 51.4142 65.0858 -1.01
      vertex 51.4142 65.0858 0
    endloop
  endfacet
  facet normal 0.443185 -0.89643 0
    outer loop
      vertex 4 141.965 -1.01
      vertex 4.7039 142.313 0
      vertex 4 141.965 0
    endloop
  endfacet
  facet normal 0.443185 -0.89643 0
    outer loop
      vertex 4.7039 142.313 0
      vertex 4 141.965 -1.01
      vertex 4.7039 142.313 -1.01
    endloop
  endfacet
  facet normal -0.443185 -0.89643 0
    outer loop
      vertex 48.2961 142.313 -1.01
      vertex 49 141.965 0
      vertex 48.2961 142.313 0
    endloop
  endfacet
  facet normal -0.443185 -0.89643 -0
    outer loop
      vertex 49 141.965 0
      vertex 48.2961 142.313 -1.01
      vertex 49 141.965 -1.01
    endloop
  endfacet
  facet normal -0.194964 -0.98081 0
    outer loop
      vertex 46.7832 142.718 -1.01
      vertex 47.5529 142.565 0
      vertex 46.7832 142.718 0
    endloop
  endfacet
  facet normal -0.194964 -0.98081 -0
    outer loop
      vertex 47.5529 142.565 0
      vertex 46.7832 142.718 -1.01
      vertex 47.5529 142.565 -1.01
    endloop
  endfacet
  facet normal -0.831599 -0.555376 0
    outer loop
      vertex 51.1962 139.769 -1.01
      vertex 50.7601 140.422 0
      vertex 50.7601 140.422 -1.01
    endloop
  endfacet
  facet normal -0.831599 -0.555376 0
    outer loop
      vertex 50.7601 140.422 0
      vertex 51.1962 139.769 -1.01
      vertex 51.1962 139.769 0
    endloop
  endfacet
  facet normal 0.321463 0.946922 -0
    outer loop
      vertex 2.48236 64.5681 -1.01
      vertex 2.23463 64.6522 0
      vertex 2.48236 64.5681 0
    endloop
  endfacet
  facet normal 0.321463 0.946922 0
    outer loop
      vertex 2.23463 64.6522 0
      vertex 2.48236 64.5681 -1.01
      vertex 2.23463 64.6522 -1.01
    endloop
  endfacet
  facet normal 0.980771 0.19516 0
    outer loop
      vertex 1.06815 65.9824 0
      vertex 1.01711 66.2389 -1.01
      vertex 1.01711 66.2389 0
    endloop
  endfacet
  facet normal 0.980771 0.19516 0
    outer loop
      vertex 1.01711 66.2389 -1.01
      vertex 1.06815 65.9824 0
      vertex 1.06815 65.9824 -1.01
    endloop
  endfacet
  facet normal -0.659046 -0.752103 0
    outer loop
      vertex 49.6526 141.529 -1.01
      vertex 50.2426 141.012 0
      vertex 49.6526 141.529 0
    endloop
  endfacet
  facet normal -0.659046 -0.752103 -0
    outer loop
      vertex 50.2426 141.012 0
      vertex 49.6526 141.529 -1.01
      vertex 50.2426 141.012 -1.01
    endloop
  endfacet
  facet normal 0.659362 0.751826 -0
    outer loop
      vertex 1.78248 64.9133 -1.01
      vertex 1.58579 65.0858 0
      vertex 1.78248 64.9133 0
    endloop
  endfacet
  facet normal 0.659362 0.751826 0
    outer loop
      vertex 1.58579 65.0858 0
      vertex 1.78248 64.9133 -1.01
      vertex 1.58579 65.0858 -1.01
    endloop
  endfacet
  facet normal -0.0649798 -0.997887 0
    outer loop
      vertex 46 142.769 -1.01
      vertex 46.7832 142.718 0
      vertex 46 142.769 0
    endloop
  endfacet
  facet normal -0.0649798 -0.997887 -0
    outer loop
      vertex 46.7832 142.718 0
      vertex 46 142.769 -1.01
      vertex 46.7832 142.718 -1.01
    endloop
  endfacet
  facet normal -0.555494 0.831521 0
    outer loop
      vertex 51.2175 64.9133 -1.01
      vertex 51 64.768 0
      vertex 51.2175 64.9133 0
    endloop
  endfacet
  facet normal -0.555494 0.831521 0
    outer loop
      vertex 51 64.768 0
      vertex 51.2175 64.9133 -1.01
      vertex 51 64.768 -1.01
    endloop
  endfacet
  facet normal 0.997858 -0.0654151 0
    outer loop
      vertex 1 136.769 0
      vertex 1.05133 137.552 -1.01
      vertex 1.05133 137.552 0
    endloop
  endfacet
  facet normal 0.997858 -0.0654151 0
    outer loop
      vertex 1.05133 137.552 -1.01
      vertex 1 136.769 0
      vertex 1 136.769 -1.01
    endloop
  endfacet
  facet normal -0.321117 -0.94704 0
    outer loop
      vertex 47.5529 142.565 -1.01
      vertex 48.2961 142.313 0
      vertex 47.5529 142.565 0
    endloop
  endfacet
  facet normal -0.321117 -0.94704 -0
    outer loop
      vertex 48.2961 142.313 0
      vertex 47.5529 142.565 -1.01
      vertex 48.2961 142.313 -1.01
    endloop
  endfacet
  facet normal 0.194947 0.980814 -0
    outer loop
      vertex 2.73895 64.5171 -1.01
      vertex 2.48236 64.5681 0
      vertex 2.73895 64.5171 0
    endloop
  endfacet
  facet normal 0.194947 0.980814 0
    outer loop
      vertex 2.48236 64.5681 0
      vertex 2.73895 64.5171 -1.01
      vertex 2.48236 64.5681 -1.01
    endloop
  endfacet
  facet normal -0.980801 0.195013 0
    outer loop
      vertex 51.9319 65.9824 -1.01
      vertex 51.9829 66.2389 0
      vertex 51.9829 66.2389 -1.01
    endloop
  endfacet
  facet normal -0.980801 0.195013 0
    outer loop
      vertex 51.9829 66.2389 0
      vertex 51.9319 65.9824 -1.01
      vertex 51.9319 65.9824 0
    endloop
  endfacet
  facet normal 0.659002 -0.752141 0
    outer loop
      vertex 2.75736 141.012 -1.01
      vertex 3.34743 141.529 0
      vertex 2.75736 141.012 0
    endloop
  endfacet
  facet normal 0.659002 -0.752141 0
    outer loop
      vertex 3.34743 141.529 0
      vertex 2.75736 141.012 -1.01
      vertex 3.34743 141.529 -1.01
    endloop
  endfacet
  facet normal -0.195013 0.980801 0
    outer loop
      vertex 50.5176 64.5681 -1.01
      vertex 50.2611 64.5171 0
      vertex 50.5176 64.5681 0
    endloop
  endfacet
  facet normal -0.195013 0.980801 0
    outer loop
      vertex 50.2611 64.5171 0
      vertex 50.5176 64.5681 -1.01
      vertex 50.2611 64.5171 -1.01
    endloop
  endfacet
  facet normal -0.946897 -0.321537 0
    outer loop
      vertex 51.7956 138.322 -1.01
      vertex 51.5433 139.065 0
      vertex 51.5433 139.065 -1.01
    endloop
  endfacet
  facet normal -0.946897 -0.321537 0
    outer loop
      vertex 51.5433 139.065 0
      vertex 51.7956 138.322 -1.01
      vertex 51.7956 138.322 0
    endloop
  endfacet
  facet normal 0.0649832 -0.997886 0
    outer loop
      vertex 6.21684 142.718 -1.01
      vertex 7 142.769 0
      vertex 6.21684 142.718 0
    endloop
  endfacet
  facet normal 0.0649832 -0.997886 0
    outer loop
      vertex 7 142.769 0
      vertex 6.21684 142.718 -1.01
      vertex 7 142.769 -1.01
    endloop
  endfacet
  facet normal 0.555459 0.831544 -0
    outer loop
      vertex 2 64.768 -1.01
      vertex 1.78248 64.9133 0
      vertex 2 64.768 0
    endloop
  endfacet
  facet normal 0.555459 0.831544 0
    outer loop
      vertex 1.78248 64.9133 0
      vertex 2 64.768 -1.01
      vertex 1.78248 64.9133 -1.01
    endloop
  endfacet
  facet normal 0.99786 0.0653902 0
    outer loop
      vertex 1.01711 66.2389 0
      vertex 1 66.5 -1.01
      vertex 1 66.5 0
    endloop
  endfacet
  facet normal 0.99786 0.0653902 0
    outer loop
      vertex 1 66.5 -1.01
      vertex 1.01711 66.2389 0
      vertex 1.01711 66.2389 -1.01
    endloop
  endfacet
  facet normal -0.751787 -0.659406 0
    outer loop
      vertex 50.7601 140.422 -1.01
      vertex 50.2426 141.012 0
      vertex 50.2426 141.012 -1.01
    endloop
  endfacet
  facet normal -0.751787 -0.659406 0
    outer loop
      vertex 50.2426 141.012 0
      vertex 50.7601 140.422 -1.01
      vertex 50.7601 140.422 0
    endloop
  endfacet
  facet normal 0.194952 -0.980813 0
    outer loop
      vertex 5.44709 142.565 -1.01
      vertex 6.21684 142.718 0
      vertex 5.44709 142.565 0
    endloop
  endfacet
  facet normal 0.194952 -0.980813 0
    outer loop
      vertex 6.21684 142.718 0
      vertex 5.44709 142.565 -1.01
      vertex 6.21684 142.718 -1.01
    endloop
  endfacet
  facet normal 0.896845 0.442344 0
    outer loop
      vertex 1.26795 65.5 0
      vertex 1.15224 65.7346 -1.01
      vertex 1.15224 65.7346 0
    endloop
  endfacet
  facet normal 0.896845 0.442344 0
    outer loop
      vertex 1.15224 65.7346 -1.01
      vertex 1.26795 65.5 0
      vertex 1.26795 65.5 -1.01
    endloop
  endfacet
  facet normal -0.980801 -0.195014 0
    outer loop
      vertex 51.9487 137.552 -1.01
      vertex 51.7956 138.322 0
      vertex 51.7956 138.322 -1.01
    endloop
  endfacet
  facet normal -0.980801 -0.195014 0
    outer loop
      vertex 51.7956 138.322 0
      vertex 51.9487 137.552 -1.01
      vertex 51.9487 137.552 0
    endloop
  endfacet
  facet normal 0.442575 0.896731 -0
    outer loop
      vertex 2.23463 64.6522 -1.01
      vertex 2 64.768 0
      vertex 2.23463 64.6522 0
    endloop
  endfacet
  facet normal 0.442575 0.896731 0
    outer loop
      vertex 2 64.768 0
      vertex 2.23463 64.6522 -1.01
      vertex 2 64.768 -1.01
    endloop
  endfacet
  facet normal -0.89691 -0.442212 0
    outer loop
      vertex 51.5433 139.065 -1.01
      vertex 51.1962 139.769 0
      vertex 51.1962 139.769 -1.01
    endloop
  endfacet
  facet normal -0.89691 -0.442212 0
    outer loop
      vertex 51.1962 139.769 0
      vertex 51.5433 139.065 -1.01
      vertex 51.5433 139.065 0
    endloop
  endfacet
  facet normal 0.0653646 0.997861 -0
    outer loop
      vertex 3 64.5 -1.01
      vertex 2.73895 64.5171 0
      vertex 3 64.5 0
    endloop
  endfacet
  facet normal 0.0653646 0.997861 0
    outer loop
      vertex 2.73895 64.5171 0
      vertex 3 64.5 -1.01
      vertex 2.73895 64.5171 -1.01
    endloop
  endfacet
  facet normal 0.831641 -0.555314 0
    outer loop
      vertex 1.80385 139.769 0
      vertex 2.23988 140.422 -1.01
      vertex 2.23988 140.422 0
    endloop
  endfacet
  facet normal 0.831641 -0.555314 0
    outer loop
      vertex 2.23988 140.422 -1.01
      vertex 1.80385 139.769 0
      vertex 1.80385 139.769 -1.01
    endloop
  endfacet
  facet normal -0.896709 0.442621 0
    outer loop
      vertex 51.732 65.5 -1.01
      vertex 51.8478 65.7346 0
      vertex 51.8478 65.7346 -1.01
    endloop
  endfacet
  facet normal -0.896709 0.442621 0
    outer loop
      vertex 51.8478 65.7346 0
      vertex 51.732 65.5 -1.01
      vertex 51.732 65.5 0
    endloop
  endfacet
  facet normal -0.997862 0.0653521 0
    outer loop
      vertex 51.9829 66.2389 -1.01
      vertex 52 66.5 0
      vertex 52 66.5 -1.01
    endloop
  endfacet
  facet normal -0.997862 0.0653521 0
    outer loop
      vertex 52 66.5 0
      vertex 51.9829 66.2389 -1.01
      vertex 51.9829 66.2389 0
    endloop
  endfacet
  facet normal -0.555523 -0.831501 0
    outer loop
      vertex 49 141.965 -1.01
      vertex 49.6526 141.529 0
      vertex 49 141.965 0
    endloop
  endfacet
  facet normal -0.555523 -0.831501 -0
    outer loop
      vertex 49.6526 141.529 0
      vertex 49 141.965 -1.01
      vertex 49.6526 141.529 -1.01
    endloop
  endfacet
  facet normal -0.442621 0.896709 0
    outer loop
      vertex 51 64.768 -1.01
      vertex 50.7654 64.6522 0
      vertex 51 64.768 0
    endloop
  endfacet
  facet normal -0.442621 0.896709 0
    outer loop
      vertex 50.7654 64.6522 0
      vertex 51 64.768 -1.01
      vertex 50.7654 64.6522 -1.01
    endloop
  endfacet
  facet normal 0.751842 0.659343 0
    outer loop
      vertex 1.58579 65.0858 0
      vertex 1.41329 65.2825 -1.01
      vertex 1.41329 65.2825 0
    endloop
  endfacet
  facet normal 0.751842 0.659343 0
    outer loop
      vertex 1.41329 65.2825 -1.01
      vertex 1.58579 65.0858 0
      vertex 1.58579 65.0858 -1.01
    endloop
  endfacet
  facet normal 0.751799 -0.659392 0
    outer loop
      vertex 2.23988 140.422 0
      vertex 2.75736 141.012 -1.01
      vertex 2.75736 141.012 0
    endloop
  endfacet
  facet normal 0.751799 -0.659392 0
    outer loop
      vertex 2.75736 141.012 -1.01
      vertex 2.23988 140.422 0
      vertex 2.23988 140.422 -1.01
    endloop
  endfacet
  facet normal 0.980798 -0.195026 0
    outer loop
      vertex 1.05133 137.552 0
      vertex 1.20444 138.322 -1.01
      vertex 1.20444 138.322 0
    endloop
  endfacet
  facet normal 0.980798 -0.195026 0
    outer loop
      vertex 1.20444 138.322 -1.01
      vertex 1.05133 137.552 0
      vertex 1.05133 137.552 -1.01
    endloop
  endfacet
  facet normal -0.831521 0.555494 0
    outer loop
      vertex 51.5867 65.2825 -1.01
      vertex 51.732 65.5 0
      vertex 51.732 65.5 -1.01
    endloop
  endfacet
  facet normal -0.831521 0.555494 0
    outer loop
      vertex 51.732 65.5 0
      vertex 51.5867 65.2825 -1.01
      vertex 51.5867 65.2825 0
    endloop
  endfacet
  facet normal 0.83145 0.5556 0
    outer loop
      vertex 1.41329 65.2825 0
      vertex 1.26795 65.5 -1.01
      vertex 1.26795 65.5 0
    endloop
  endfacet
  facet normal 0.83145 0.5556 0
    outer loop
      vertex 1.26795 65.5 -1.01
      vertex 1.41329 65.2825 0
      vertex 1.41329 65.2825 -1.01
    endloop
  endfacet
  facet normal -0 0 1
    outer loop
      vertex 1 136.769 -1.01
      vertex 52 66.5 -1.01
      vertex 52 136.769 -1.01
    endloop
  endfacet
  facet normal 0 0 1
    outer loop
      vertex 46 142.769 -1.01
      vertex 52 136.769 -1.01
      vertex 51.9487 137.552 -1.01
    endloop
  endfacet
  facet normal 0 0 1
    outer loop
      vertex 1 66.5 -1.01
      vertex 52 66.5 -1.01
      vertex 1 136.769 -1.01
    endloop
  endfacet
  facet normal 0 -0 1
    outer loop
      vertex 50 64.5 -1.01
      vertex 52 66.5 -1.01
      vertex 1 66.5 -1.01
    endloop
  endfacet
  facet normal 0 0 1
    outer loop
      vertex 46 142.769 -1.01
      vertex 51.9487 137.552 -1.01
      vertex 51.7956 138.322 -1.01
    endloop
  endfacet
  facet normal 0 0 1
    outer loop
      vertex 52 66.5 -1.01
      vertex 50 64.5 -1.01
      vertex 51.9829 66.2389 -1.01
    endloop
  endfacet
  facet normal 0 0 1
    outer loop
      vertex 51.8478 65.7346 -1.01
      vertex 50 64.5 -1.01
      vertex 51.732 65.5 -1.01
    endloop
  endfacet
  facet normal 0 0 1
    outer loop
      vertex 46 142.769 -1.01
      vertex 51.7956 138.322 -1.01
      vertex 51.5433 139.065 -1.01
    endloop
  endfacet
  facet normal 0 0 1
    outer loop
      vertex 51.732 65.5 -1.01
      vertex 50 64.5 -1.01
      vertex 51.5867 65.2825 -1.01
    endloop
  endfacet
  facet normal 0 0 1
    outer loop
      vertex 51.5867 65.2825 -1.01
      vertex 50 64.5 -1.01
      vertex 51.4142 65.0858 -1.01
    endloop
  endfacet
  facet normal 0 0 1
    outer loop
      vertex 46 142.769 -1.01
      vertex 51.5433 139.065 -1.01
      vertex 51.1962 139.769 -1.01
    endloop
  endfacet
  facet normal 0 0 1
    outer loop
      vertex 51.4142 65.0858 -1.01
      vertex 50 64.5 -1.01
      vertex 51.2175 64.9133 -1.01
    endloop
  endfacet
  facet normal 0 0 1
    outer loop
      vertex 51.2175 64.9133 -1.01
      vertex 50 64.5 -1.01
      vertex 51 64.768 -1.01
    endloop
  endfacet
  facet normal 0 0 1
    outer loop
      vertex 46 142.769 -1.01
      vertex 51.1962 139.769 -1.01
      vertex 50.7601 140.422 -1.01
    endloop
  endfacet
  facet normal 0 0 1
    outer loop
      vertex 51 64.768 -1.01
      vertex 50 64.5 -1.01
      vertex 50.7654 64.6522 -1.01
    endloop
  endfacet
  facet normal 0 0 1
    outer loop
      vertex 50.7654 64.6522 -1.01
      vertex 50 64.5 -1.01
      vertex 50.5176 64.5681 -1.01
    endloop
  endfacet
  facet normal 0 0 1
    outer loop
      vertex 46 142.769 -1.01
      vertex 50.7601 140.422 -1.01
      vertex 50.2426 141.012 -1.01
    endloop
  endfacet
  facet normal 0 0 1
    outer loop
      vertex 50.5176 64.5681 -1.01
      vertex 50 64.5 -1.01
      vertex 50.2611 64.5171 -1.01
    endloop
  endfacet
  facet normal 0 0 1
    outer loop
      vertex 46 142.769 -1.01
      vertex 50.2426 141.012 -1.01
      vertex 49.6526 141.529 -1.01
    endloop
  endfacet
  facet normal 0 0 1
    outer loop
      vertex 46 142.769 -1.01
      vertex 49.6526 141.529 -1.01
      vertex 49 141.965 -1.01
    endloop
  endfacet
  facet normal 0 0 1
    outer loop
      vertex 46 142.769 -1.01
      vertex 49 141.965 -1.01
      vertex 48.2961 142.313 -1.01
    endloop
  endfacet
  facet normal 0 0 1
    outer loop
      vertex 46 142.769 -1.01
      vertex 48.2961 142.313 -1.01
      vertex 47.5529 142.565 -1.01
    endloop
  endfacet
  facet normal 0 0 1
    outer loop
      vertex 46 142.769 -1.01
      vertex 47.5529 142.565 -1.01
      vertex 46.7832 142.718 -1.01
    endloop
  endfacet
  facet normal 0 0 1
    outer loop
      vertex 52 136.769 -1.01
      vertex 46 142.769 -1.01
      vertex 1 136.769 -1.01
    endloop
  endfacet
  facet normal 0 0 1
    outer loop
      vertex 1 136.769 -1.01
      vertex 46 142.769 -1.01
      vertex 7 142.769 -1.01
    endloop
  endfacet
  facet normal 0 0 1
    outer loop
      vertex 1 136.769 -1.01
      vertex 7 142.769 -1.01
      vertex 6.21684 142.718 -1.01
    endloop
  endfacet
  facet normal 0 0 1
    outer loop
      vertex 1 136.769 -1.01
      vertex 6.21684 142.718 -1.01
      vertex 5.44709 142.565 -1.01
    endloop
  endfacet
  facet normal 0 0 1
    outer loop
      vertex 1 136.769 -1.01
      vertex 5.44709 142.565 -1.01
      vertex 4.7039 142.313 -1.01
    endloop
  endfacet
  facet normal 0 0 1
    outer loop
      vertex 1 136.769 -1.01
      vertex 4.7039 142.313 -1.01
      vertex 4 141.965 -1.01
    endloop
  endfacet
  facet normal 0 0 1
    outer loop
      vertex 1 136.769 -1.01
      vertex 4 141.965 -1.01
      vertex 3.34743 141.529 -1.01
    endloop
  endfacet
  facet normal 0 0 1
    outer loop
      vertex 51.9319 65.9824 -1.01
      vertex 50 64.5 -1.01
      vertex 51.8478 65.7346 -1.01
    endloop
  endfacet
  facet normal 0 0 1
    outer loop
      vertex 1 136.769 -1.01
      vertex 3.34743 141.529 -1.01
      vertex 2.75736 141.012 -1.01
    endloop
  endfacet
  facet normal 0 0 1
    outer loop
      vertex 51.9829 66.2389 -1.01
      vertex 50 64.5 -1.01
      vertex 51.9319 65.9824 -1.01
    endloop
  endfacet
  facet normal 0 0 1
    outer loop
      vertex 50 64.5 -1.01
      vertex 1 66.5 -1.01
      vertex 3 64.5 -1.01
    endloop
  endfacet
  facet normal 0 0 1
    outer loop
      vertex 1 136.769 -1.01
      vertex 2.75736 141.012 -1.01
      vertex 2.23988 140.422 -1.01
    endloop
  endfacet
  facet normal 0 0 1
    outer loop
      vertex 3 64.5 -1.01
      vertex 1 66.5 -1.01
      vertex 2.73895 64.5171 -1.01
    endloop
  endfacet
  facet normal 0 0 1
    outer loop
      vertex 2.73895 64.5171 -1.01
      vertex 1 66.5 -1.01
      vertex 2.48236 64.5681 -1.01
    endloop
  endfacet
  facet normal 0 0 1
    outer loop
      vertex 1 136.769 -1.01
      vertex 2.23988 140.422 -1.01
      vertex 1.80385 139.769 -1.01
    endloop
  endfacet
  facet normal 0 0 1
    outer loop
      vertex 2.48236 64.5681 -1.01
      vertex 1 66.5 -1.01
      vertex 2.23463 64.6522 -1.01
    endloop
  endfacet
  facet normal 0 0 1
    outer loop
      vertex 2.23463 64.6522 -1.01
      vertex 1 66.5 -1.01
      vertex 2 64.768 -1.01
    endloop
  endfacet
  facet normal 0 0 1
    outer loop
      vertex 1 136.769 -1.01
      vertex 1.80385 139.769 -1.01
      vertex 1.45672 139.065 -1.01
    endloop
  endfacet
  facet normal 0 0 1
    outer loop
      vertex 2 64.768 -1.01
      vertex 1 66.5 -1.01
      vertex 1.78248 64.9133 -1.01
    endloop
  endfacet
  facet normal 0 0 1
    outer loop
      vertex 1.78248 64.9133 -1.01
      vertex 1 66.5 -1.01
      vertex 1.58579 65.0858 -1.01
    endloop
  endfacet
  facet normal 0 0 1
    outer loop
      vertex 1 136.769 -1.01
      vertex 1.45672 139.065 -1.01
      vertex 1.20444 138.322 -1.01
    endloop
  endfacet
  facet normal 0 0 1
    outer loop
      vertex 1.58579 65.0858 -1.01
      vertex 1 66.5 -1.01
      vertex 1.41329 65.2825 -1.01
    endloop
  endfacet
  facet normal 0 0 1
    outer loop
      vertex 1.41329 65.2825 -1.01
      vertex 1 66.5 -1.01
      vertex 1.26795 65.5 -1.01
    endloop
  endfacet
  facet normal 0 0 1
    outer loop
      vertex 1 136.769 -1.01
      vertex 1.20444 138.322 -1.01
      vertex 1.05133 137.552 -1.01
    endloop
  endfacet
  facet normal 0 0 1
    outer loop
      vertex 1.26795 65.5 -1.01
      vertex 1 66.5 -1.01
      vertex 1.15224 65.7346 -1.01
    endloop
  endfacet
  facet normal 0 0 1
    outer loop
      vertex 1.15224 65.7346 -1.01
      vertex 1 66.5 -1.01
      vertex 1.06815 65.9824 -1.01
    endloop
  endfacet
  facet normal 0 0 1
    outer loop
      vertex 1.06815 65.9824 -1.01
      vertex 1 66.5 -1.01
      vertex 1.01711 66.2389 -1.01
    endloop
  endfacet
  facet normal 0.555541 -0.831489 0
    outer loop
      vertex 3.34743 141.529 -1.01
      vertex 4 141.965 0
      vertex 3.34743 141.529 0
    endloop
  endfacet
  facet normal 0.555541 -0.831489 0
    outer loop
      vertex 4 141.965 0
      vertex 3.34743 141.529 -1.01
      vertex 4 141.965 -1.01
    endloop
  endfacet
  facet normal 0.321582 -0.946882 0
    outer loop
      vertex 3.00195 63.0716 -1.01
      vertex 3.37354 63.1978 0
      vertex 3.00195 63.0716 0
    endloop
  endfacet
  facet normal 0.321582 -0.946882 0
    outer loop
      vertex 3.37354 63.1978 0
      vertex 3.00195 63.0716 -1.01
      vertex 3.37354 63.1978 -1.01
    endloop
  endfacet
  facet normal 0.44216 -0.896936 0
    outer loop
      vertex 2.65 62.8981 -1.01
      vertex 3.00195 63.0716 0
      vertex 2.65 62.8981 0
    endloop
  endfacet
  facet normal 0.44216 -0.896936 0
    outer loop
      vertex 3.00195 63.0716 0
      vertex 2.65 62.8981 -1.01
      vertex 3.00195 63.0716 -1.01
    endloop
  endfacet
  facet normal -0.555558 0.831477 0
    outer loop
      vertex 50.6763 5.36994 -1.01
      vertex 50.35 5.15192 0
      vertex 50.6763 5.36994 0
    endloop
  endfacet
  facet normal -0.555558 0.831477 0
    outer loop
      vertex 50.35 5.15192 0
      vertex 50.6763 5.36994 -1.01
      vertex 50.35 5.15192 -1.01
    endloop
  endfacet
  facet normal -0.659392 0.751799 0
    outer loop
      vertex 50.9713 5.62868 -1.01
      vertex 50.6763 5.36994 0
      vertex 50.9713 5.62868 0
    endloop
  endfacet
  facet normal -0.659392 0.751799 0
    outer loop
      vertex 50.6763 5.36994 0
      vertex 50.9713 5.62868 -1.01
      vertex 50.6763 5.36994 -1.01
    endloop
  endfacet
  facet normal 0.99786 -0.0653858 0
    outer loop
      vertex 1.15 60.3 0
      vertex 1.17566 60.6916 -1.01
      vertex 1.17566 60.6916 0
    endloop
  endfacet
  facet normal 0.99786 -0.0653858 0
    outer loop
      vertex 1.17566 60.6916 -1.01
      vertex 1.15 60.3 0
      vertex 1.15 60.3 -1.01
    endloop
  endfacet
  facet normal -0.997853 0.0654906 0
    outer loop
      vertex 51.8243 7.35842 -1.01
      vertex 51.85 7.75 0
      vertex 51.85 7.75 -1.01
    endloop
  endfacet
  facet normal -0.997853 0.0654906 0
    outer loop
      vertex 51.85 7.75 0
      vertex 51.8243 7.35842 -1.01
      vertex 51.8243 7.35842 0
    endloop
  endfacet
  facet normal 0.0654906 -0.997853 0
    outer loop
      vertex 3.75842 63.2743 -1.01
      vertex 4.15 63.3 0
      vertex 3.75842 63.2743 0
    endloop
  endfacet
  facet normal 0.0654906 -0.997853 0
    outer loop
      vertex 4.15 63.3 0
      vertex 3.75842 63.2743 -1.01
      vertex 4.15 63.3 -1.01
    endloop
  endfacet
  facet normal -0.831485 0.555547 0
    outer loop
      vertex 51.2301 5.92372 -1.01
      vertex 51.4481 6.25 0
      vertex 51.4481 6.25 -1.01
    endloop
  endfacet
  facet normal -0.831485 0.555547 0
    outer loop
      vertex 51.4481 6.25 0
      vertex 51.2301 5.92372 -1.01
      vertex 51.2301 5.92372 0
    endloop
  endfacet
  facet normal 0.980786 -0.195087 0
    outer loop
      vertex 1.17566 60.6916 0
      vertex 1.25222 61.0765 -1.01
      vertex 1.25222 61.0765 0
    endloop
  endfacet
  facet normal 0.980786 -0.195087 0
    outer loop
      vertex 1.25222 61.0765 -1.01
      vertex 1.17566 60.6916 0
      vertex 1.17566 60.6916 -1.01
    endloop
  endfacet
  facet normal 0 0 1
    outer loop
      vertex 48.85 63.3 -1.01
      vertex 51.85 60.3 -1.01
      vertex 51.8243 60.6916 -1.01
    endloop
  endfacet
  facet normal 0 0 1
    outer loop
      vertex 51.85 60.3 -1.01
      vertex 1.15 60.3 -1.01
      vertex 51.85 7.75 -1.01
    endloop
  endfacet
  facet normal 0 0 1
    outer loop
      vertex 48.85 63.3 -1.01
      vertex 51.8243 60.6916 -1.01
      vertex 51.7478 61.0765 -1.01
    endloop
  endfacet
  facet normal 0 0 1
    outer loop
      vertex 51.85 60.3 -1.01
      vertex 48.85 63.3 -1.01
      vertex 1.15 60.3 -1.01
    endloop
  endfacet
  facet normal 0 0 1
    outer loop
      vertex 48.85 63.3 -1.01
      vertex 51.7478 61.0765 -1.01
      vertex 51.6216 61.4481 -1.01
    endloop
  endfacet
  facet normal 0 0 1
    outer loop
      vertex 1.15 7.75 -1.01
      vertex 51.85 7.75 -1.01
      vertex 1.15 60.3 -1.01
    endloop
  endfacet
  facet normal 0 0 1
    outer loop
      vertex 48.85 63.3 -1.01
      vertex 51.6216 61.4481 -1.01
      vertex 51.4481 61.8 -1.01
    endloop
  endfacet
  facet normal 0 0 1
    outer loop
      vertex 51.8243 7.35842 -1.01
      vertex 48.85 4.75 -1.01
      vertex 51.7478 6.97354 -1.01
    endloop
  endfacet
  facet normal 0 0 1
    outer loop
      vertex 48.85 63.3 -1.01
      vertex 51.4481 61.8 -1.01
      vertex 51.2301 62.1263 -1.01
    endloop
  endfacet
  facet normal 0 0 1
    outer loop
      vertex 51.7478 6.97354 -1.01
      vertex 48.85 4.75 -1.01
      vertex 51.6216 6.60195 -1.01
    endloop
  endfacet
  facet normal 0 0 1
    outer loop
      vertex 48.85 63.3 -1.01
      vertex 51.2301 62.1263 -1.01
      vertex 50.9713 62.4213 -1.01
    endloop
  endfacet
  facet normal 0 0 1
    outer loop
      vertex 51.6216 6.60195 -1.01
      vertex 48.85 4.75 -1.01
      vertex 51.4481 6.25 -1.01
    endloop
  endfacet
  facet normal 0 0 1
    outer loop
      vertex 48.85 63.3 -1.01
      vertex 50.9713 62.4213 -1.01
      vertex 50.6763 62.6801 -1.01
    endloop
  endfacet
  facet normal 0 0 1
    outer loop
      vertex 51.4481 6.25 -1.01
      vertex 48.85 4.75 -1.01
      vertex 51.2301 5.92372 -1.01
    endloop
  endfacet
  facet normal 0 0 1
    outer loop
      vertex 48.85 63.3 -1.01
      vertex 50.6763 62.6801 -1.01
      vertex 50.35 62.8981 -1.01
    endloop
  endfacet
  facet normal 0 0 1
    outer loop
      vertex 51.2301 5.92372 -1.01
      vertex 48.85 4.75 -1.01
      vertex 50.9713 5.62868 -1.01
    endloop
  endfacet
  facet normal 0 0 1
    outer loop
      vertex 48.85 63.3 -1.01
      vertex 50.35 62.8981 -1.01
      vertex 49.9981 63.0716 -1.01
    endloop
  endfacet
  facet normal 0 0 1
    outer loop
      vertex 50.9713 5.62868 -1.01
      vertex 48.85 4.75 -1.01
      vertex 50.6763 5.36994 -1.01
    endloop
  endfacet
  facet normal 0 0 1
    outer loop
      vertex 48.85 63.3 -1.01
      vertex 49.9981 63.0716 -1.01
      vertex 49.6265 63.1978 -1.01
    endloop
  endfacet
  facet normal 0 0 1
    outer loop
      vertex 50.6763 5.36994 -1.01
      vertex 48.85 4.75 -1.01
      vertex 50.35 5.15192 -1.01
    endloop
  endfacet
  facet normal 0 0 1
    outer loop
      vertex 48.85 63.3 -1.01
      vertex 49.6265 63.1978 -1.01
      vertex 49.2416 63.2743 -1.01
    endloop
  endfacet
  facet normal 0 0 1
    outer loop
      vertex 50.35 5.15192 -1.01
      vertex 48.85 4.75 -1.01
      vertex 49.9981 4.97836 -1.01
    endloop
  endfacet
  facet normal 0 0 1
    outer loop
      vertex 49.9981 4.97836 -1.01
      vertex 48.85 4.75 -1.01
      vertex 49.6265 4.85222 -1.01
    endloop
  endfacet
  facet normal 0 0 1
    outer loop
      vertex 49.6265 4.85222 -1.01
      vertex 48.85 4.75 -1.01
      vertex 49.2416 4.77567 -1.01
    endloop
  endfacet
  facet normal 0 0 1
    outer loop
      vertex 1.15 60.3 -1.01
      vertex 48.85 63.3 -1.01
      vertex 4.15 63.3 -1.01
    endloop
  endfacet
  facet normal 0 -0 1
    outer loop
      vertex 48.85 4.75 -1.01
      vertex 51.85 7.75 -1.01
      vertex 1.15 7.75 -1.01
    endloop
  endfacet
  facet normal 0 0 1
    outer loop
      vertex 1.15 60.3 -1.01
      vertex 4.15 63.3 -1.01
      vertex 3.75842 63.2743 -1.01
    endloop
  endfacet
  facet normal 0 0 1
    outer loop
      vertex 51.85 7.75 -1.01
      vertex 48.85 4.75 -1.01
      vertex 51.8243 7.35842 -1.01
    endloop
  endfacet
  facet normal 0 0 1
    outer loop
      vertex 1.15 60.3 -1.01
      vertex 3.75842 63.2743 -1.01
      vertex 3.37354 63.1978 -1.01
    endloop
  endfacet
  facet normal 0 0 1
    outer loop
      vertex 48.85 4.75 -1.01
      vertex 1.15 7.75 -1.01
      vertex 4.15 4.75 -1.01
    endloop
  endfacet
  facet normal 0 0 1
    outer loop
      vertex 1.15 60.3 -1.01
      vertex 3.37354 63.1978 -1.01
      vertex 3.00195 63.0716 -1.01
    endloop
  endfacet
  facet normal 0 0 1
    outer loop
      vertex 4.15 4.75 -1.01
      vertex 1.15 7.75 -1.01
      vertex 3.75842 4.77567 -1.01
    endloop
  endfacet
  facet normal 0 0 1
    outer loop
      vertex 1.15 60.3 -1.01
      vertex 3.00195 63.0716 -1.01
      vertex 2.65 62.8981 -1.01
    endloop
  endfacet
  facet normal 0 0 1
    outer loop
      vertex 3.75842 4.77567 -1.01
      vertex 1.15 7.75 -1.01
      vertex 3.37354 4.85222 -1.01
    endloop
  endfacet
  facet normal 0 0 1
    outer loop
      vertex 1.15 60.3 -1.01
      vertex 2.65 62.8981 -1.01
      vertex 2.32372 62.6801 -1.01
    endloop
  endfacet
  facet normal 0 0 1
    outer loop
      vertex 3.37354 4.85222 -1.01
      vertex 1.15 7.75 -1.01
      vertex 3.00195 4.97836 -1.01
    endloop
  endfacet
  facet normal 0 0 1
    outer loop
      vertex 1.15 60.3 -1.01
      vertex 2.32372 62.6801 -1.01
      vertex 2.02868 62.4213 -1.01
    endloop
  endfacet
  facet normal 0 0 1
    outer loop
      vertex 3.00195 4.97836 -1.01
      vertex 1.15 7.75 -1.01
      vertex 2.65 5.15192 -1.01
    endloop
  endfacet
  facet normal 0 0 1
    outer loop
      vertex 1.15 60.3 -1.01
      vertex 2.02868 62.4213 -1.01
      vertex 1.76994 62.1263 -1.01
    endloop
  endfacet
  facet normal 0 0 1
    outer loop
      vertex 2.65 5.15192 -1.01
      vertex 1.15 7.75 -1.01
      vertex 2.32372 5.36994 -1.01
    endloop
  endfacet
  facet normal 0 0 1
    outer loop
      vertex 1.15 60.3 -1.01
      vertex 1.76994 62.1263 -1.01
      vertex 1.55192 61.8 -1.01
    endloop
  endfacet
  facet normal 0 0 1
    outer loop
      vertex 2.32372 5.36994 -1.01
      vertex 1.15 7.75 -1.01
      vertex 2.02868 5.62868 -1.01
    endloop
  endfacet
  facet normal 0 0 1
    outer loop
      vertex 1.15 60.3 -1.01
      vertex 1.55192 61.8 -1.01
      vertex 1.37836 61.4481 -1.01
    endloop
  endfacet
  facet normal 0 0 1
    outer loop
      vertex 2.02868 5.62868 -1.01
      vertex 1.15 7.75 -1.01
      vertex 1.76994 5.92372 -1.01
    endloop
  endfacet
  facet normal 0 0 1
    outer loop
      vertex 1.15 60.3 -1.01
      vertex 1.37836 61.4481 -1.01
      vertex 1.25222 61.0765 -1.01
    endloop
  endfacet
  facet normal 0 0 1
    outer loop
      vertex 1.76994 5.92372 -1.01
      vertex 1.15 7.75 -1.01
      vertex 1.55192 6.25 -1.01
    endloop
  endfacet
  facet normal 0 0 1
    outer loop
      vertex 1.15 60.3 -1.01
      vertex 1.25222 61.0765 -1.01
      vertex 1.17566 60.6916 -1.01
    endloop
  endfacet
  facet normal 0 0 1
    outer loop
      vertex 1.55192 6.25 -1.01
      vertex 1.15 7.75 -1.01
      vertex 1.37836 6.60195 -1.01
    endloop
  endfacet
  facet normal 0 0 1
    outer loop
      vertex 1.37836 6.60195 -1.01
      vertex 1.15 7.75 -1.01
      vertex 1.25222 6.97354 -1.01
    endloop
  endfacet
  facet normal 0 0 1
    outer loop
      vertex 1.25222 6.97354 -1.01
      vertex 1.15 7.75 -1.01
      vertex 1.17566 7.35842 -1.01
    endloop
  endfacet
  facet normal 0.751844 0.659341 0
    outer loop
      vertex 2.02868 5.62868 0
      vertex 1.76994 5.92372 -1.01
      vertex 1.76994 5.92372 0
    endloop
  endfacet
  facet normal 0.751844 0.659341 0
    outer loop
      vertex 1.76994 5.92372 -1.01
      vertex 2.02868 5.62868 0
      vertex 2.02868 5.62868 -1.01
    endloop
  endfacet
  facet normal 0.0654145 0.997858 -0
    outer loop
      vertex 4.15 4.75 -1.01
      vertex 3.75842 4.77567 0
      vertex 4.15 4.75 0
    endloop
  endfacet
  facet normal 0.0654145 0.997858 0
    outer loop
      vertex 3.75842 4.77567 0
      vertex 4.15 4.75 -1.01
      vertex 3.75842 4.77567 -1.01
    endloop
  endfacet
  facet normal -0.751724 -0.659478 0
    outer loop
      vertex 51.2301 62.1263 -1.01
      vertex 50.9713 62.4213 0
      vertex 50.9713 62.4213 -1.01
    endloop
  endfacet
  facet normal -0.751724 -0.659478 0
    outer loop
      vertex 50.9713 62.4213 0
      vertex 51.2301 62.1263 -1.01
      vertex 51.2301 62.1263 0
    endloop
  endfacet
  facet normal 1 -0 0
    outer loop
      vertex 1.15 7.75 0
      vertex 1.15 60.3 -1.01
      vertex 1.15 60.3 0
    endloop
  endfacet
  facet normal 1 0 0
    outer loop
      vertex 1.15 60.3 -1.01
      vertex 1.15 7.75 0
      vertex 1.15 7.75 -1.01
    endloop
  endfacet
  facet normal 0.19495 -0.980813 0
    outer loop
      vertex 3.37354 63.1978 -1.01
      vertex 3.75842 63.2743 0
      vertex 3.37354 63.1978 0
    endloop
  endfacet
  facet normal 0.19495 -0.980813 0
    outer loop
      vertex 3.75842 63.2743 0
      vertex 3.37354 63.1978 -1.01
      vertex 3.75842 63.2743 -1.01
    endloop
  endfacet
  facet normal -0.555523 -0.831501 0
    outer loop
      vertex 50.35 62.8981 -1.01
      vertex 50.6763 62.6801 0
      vertex 50.35 62.8981 0
    endloop
  endfacet
  facet normal -0.555523 -0.831501 -0
    outer loop
      vertex 50.6763 62.6801 0
      vertex 50.35 62.8981 -1.01
      vertex 50.6763 62.6801 -1.01
    endloop
  endfacet
  facet normal -0.946882 0.321582 0
    outer loop
      vertex 51.6216 6.60195 -1.01
      vertex 51.7478 6.97354 0
      vertex 51.7478 6.97354 -1.01
    endloop
  endfacet
  facet normal -0.946882 0.321582 0
    outer loop
      vertex 51.7478 6.97354 0
      vertex 51.6216 6.60195 -1.01
      vertex 51.6216 6.60195 0
    endloop
  endfacet
  facet normal -0.659478 -0.751724 0
    outer loop
      vertex 50.6763 62.6801 -1.01
      vertex 50.9713 62.4213 0
      vertex 50.6763 62.6801 0
    endloop
  endfacet
  facet normal -0.659478 -0.751724 -0
    outer loop
      vertex 50.9713 62.4213 0
      vertex 50.6763 62.6801 -1.01
      vertex 50.9713 62.4213 -1.01
    endloop
  endfacet
  facet normal 0.195072 0.980789 -0
    outer loop
      vertex 3.75842 4.77567 -1.01
      vertex 3.37354 4.85222 0
      vertex 3.75842 4.77567 0
    endloop
  endfacet
  facet normal 0.195072 0.980789 0
    outer loop
      vertex 3.37354 4.85222 0
      vertex 3.75842 4.77567 -1.01
      vertex 3.37354 4.85222 -1.01
    endloop
  endfacet
  facet normal 0.659341 0.751844 -0
    outer loop
      vertex 2.32372 5.36994 -1.01
      vertex 2.02868 5.62868 0
      vertex 2.32372 5.36994 0
    endloop
  endfacet
  facet normal 0.659341 0.751844 0
    outer loop
      vertex 2.02868 5.62868 0
      vertex 2.32372 5.36994 -1.01
      vertex 2.02868 5.62868 -1.01
    endloop
  endfacet
  facet normal 0.321444 0.946928 -0
    outer loop
      vertex 3.37354 4.85222 -1.01
      vertex 3.00195 4.97836 0
      vertex 3.37354 4.85222 0
    endloop
  endfacet
  facet normal 0.321444 0.946928 0
    outer loop
      vertex 3.00195 4.97836 0
      vertex 3.37354 4.85222 -1.01
      vertex 3.00195 4.97836 -1.01
    endloop
  endfacet
  facet normal -0.321437 0.946931 0
    outer loop
      vertex 49.9981 4.97836 -1.01
      vertex 49.6265 4.85222 0
      vertex 49.9981 4.97836 0
    endloop
  endfacet
  facet normal -0.321437 0.946931 0
    outer loop
      vertex 49.6265 4.85222 0
      vertex 49.9981 4.97836 -1.01
      vertex 49.6265 4.85222 -1.01
    endloop
  endfacet
  facet normal 0 -1 0
    outer loop
      vertex 4.15 63.3 -1.01
      vertex 48.85 63.3 0
      vertex 4.15 63.3 0
    endloop
  endfacet
  facet normal 0 -1 -0
    outer loop
      vertex 48.85 63.3 0
      vertex 4.15 63.3 -1.01
      vertex 48.85 63.3 -1.01
    endloop
  endfacet
  facet normal 0.555547 -0.831485 0
    outer loop
      vertex 2.32372 62.6801 -1.01
      vertex 2.65 62.8981 0
      vertex 2.32372 62.6801 0
    endloop
  endfacet
  facet normal 0.555547 -0.831485 0
    outer loop
      vertex 2.65 62.8981 0
      vertex 2.32372 62.6801 -1.01
      vertex 2.65 62.8981 -1.01
    endloop
  endfacet
  facet normal -0.980813 0.19495 0
    outer loop
      vertex 51.7478 6.97354 -1.01
      vertex 51.8243 7.35842 0
      vertex 51.8243 7.35842 -1.01
    endloop
  endfacet
  facet normal -0.980813 0.19495 0
    outer loop
      vertex 51.8243 7.35842 0
      vertex 51.7478 6.97354 -1.01
      vertex 51.7478 6.97354 0
    endloop
  endfacet
  facet normal -0.751768 0.659428 0
    outer loop
      vertex 50.9713 5.62868 -1.01
      vertex 51.2301 5.92372 0
      vertex 51.2301 5.92372 -1.01
    endloop
  endfacet
  facet normal -0.751768 0.659428 0
    outer loop
      vertex 51.2301 5.92372 0
      vertex 50.9713 5.62868 -1.01
      vertex 50.9713 5.62868 0
    endloop
  endfacet
  facet normal 0.831477 -0.555558 0
    outer loop
      vertex 1.55192 61.8 0
      vertex 1.76994 62.1263 -1.01
      vertex 1.76994 62.1263 0
    endloop
  endfacet
  facet normal 0.831477 -0.555558 0
    outer loop
      vertex 1.76994 62.1263 -1.01
      vertex 1.55192 61.8 0
      vertex 1.55192 61.8 -1.01
    endloop
  endfacet
  facet normal -1 0 0
    outer loop
      vertex 51.85 7.75 -1.01
      vertex 51.85 60.3 0
      vertex 51.85 60.3 -1.01
    endloop
  endfacet
  facet normal -1 -0 0
    outer loop
      vertex 51.85 60.3 0
      vertex 51.85 7.75 -1.01
      vertex 51.85 7.75 0
    endloop
  endfacet
  facet normal 0.831462 0.555582 0
    outer loop
      vertex 1.76994 5.92372 0
      vertex 1.55192 6.25 -1.01
      vertex 1.55192 6.25 0
    endloop
  endfacet
  facet normal 0.831462 0.555582 0
    outer loop
      vertex 1.55192 6.25 -1.01
      vertex 1.76994 5.92372 0
      vertex 1.76994 5.92372 -1.01
    endloop
  endfacet
  facet normal 0.751799 -0.659392 0
    outer loop
      vertex 1.76994 62.1263 0
      vertex 2.02868 62.4213 -1.01
      vertex 2.02868 62.4213 0
    endloop
  endfacet
  facet normal 0.751799 -0.659392 0
    outer loop
      vertex 2.02868 62.4213 -1.01
      vertex 1.76994 62.1263 0
      vertex 1.76994 62.1263 -1.01
    endloop
  endfacet
  facet normal 0.946931 -0.321437 0
    outer loop
      vertex 1.25222 61.0765 0
      vertex 1.37836 61.4481 -1.01
      vertex 1.37836 61.4481 0
    endloop
  endfacet
  facet normal 0.946931 -0.321437 0
    outer loop
      vertex 1.37836 61.4481 -1.01
      vertex 1.25222 61.0765 0
      vertex 1.25222 61.0765 -1.01
    endloop
  endfacet
  facet normal 0 1 -0
    outer loop
      vertex 48.85 4.75 -1.01
      vertex 4.15 4.75 0
      vertex 48.85 4.75 0
    endloop
  endfacet
  facet normal 0 1 0
    outer loop
      vertex 4.15 4.75 0
      vertex 48.85 4.75 -1.01
      vertex 4.15 4.75 -1.01
    endloop
  endfacet
  facet normal -0.442334 0.89685 0
    outer loop
      vertex 50.35 5.15192 -1.01
      vertex 49.9981 4.97836 0
      vertex 50.35 5.15192 0
    endloop
  endfacet
  facet normal -0.442334 0.89685 0
    outer loop
      vertex 49.9981 4.97836 0
      vertex 50.35 5.15192 -1.01
      vertex 49.9981 4.97836 -1.01
    endloop
  endfacet
  facet normal -0.0654112 0.997858 0
    outer loop
      vertex 49.2416 4.77567 -1.01
      vertex 48.85 4.75 0
      vertex 49.2416 4.77567 0
    endloop
  endfacet
  facet normal -0.0654112 0.997858 0
    outer loop
      vertex 48.85 4.75 0
      vertex 49.2416 4.77567 -1.01
      vertex 48.85 4.75 -1.01
    endloop
  endfacet
  facet normal 0.946928 0.321444 0
    outer loop
      vertex 1.37836 6.60195 0
      vertex 1.25222 6.97354 -1.01
      vertex 1.25222 6.97354 0
    endloop
  endfacet
  facet normal 0.946928 0.321444 0
    outer loop
      vertex 1.25222 6.97354 -1.01
      vertex 1.37836 6.60195 0
      vertex 1.37836 6.60195 -1.01
    endloop
  endfacet
  facet normal 0.99786 0.0653892 0
    outer loop
      vertex 1.17566 7.35842 0
      vertex 1.15 7.75 -1.01
      vertex 1.15 7.75 0
    endloop
  endfacet
  facet normal 0.99786 0.0653892 0
    outer loop
      vertex 1.15 7.75 -1.01
      vertex 1.17566 7.35842 0
      vertex 1.17566 7.35842 -1.01
    endloop
  endfacet
  facet normal -0.946885 -0.321574 0
    outer loop
      vertex 51.7478 61.0765 -1.01
      vertex 51.6216 61.4481 0
      vertex 51.6216 61.4481 -1.01
    endloop
  endfacet
  facet normal -0.946885 -0.321574 0
    outer loop
      vertex 51.6216 61.4481 0
      vertex 51.7478 61.0765 -1.01
      vertex 51.7478 61.0765 0
    endloop
  endfacet
  facet normal 0.89685 -0.442334 0
    outer loop
      vertex 1.37836 61.4481 0
      vertex 1.55192 61.8 -1.01
      vertex 1.55192 61.8 0
    endloop
  endfacet
  facet normal 0.89685 -0.442334 0
    outer loop
      vertex 1.55192 61.8 -1.01
      vertex 1.37836 61.4481 0
      vertex 1.37836 61.4481 -1.01
    endloop
  endfacet
  facet normal 0.980784 0.195097 0
    outer loop
      vertex 1.25222 6.97354 0
      vertex 1.17566 7.35842 -1.01
      vertex 1.17566 7.35842 0
    endloop
  endfacet
  facet normal 0.980784 0.195097 0
    outer loop
      vertex 1.17566 7.35842 -1.01
      vertex 1.25222 6.97354 0
      vertex 1.25222 6.97354 -1.01
    endloop
  endfacet
  facet normal -0.896936 0.44216 0
    outer loop
      vertex 51.4481 6.25 -1.01
      vertex 51.6216 6.60195 0
      vertex 51.6216 6.60195 -1.01
    endloop
  endfacet
  facet normal -0.896936 0.44216 0
    outer loop
      vertex 51.6216 6.60195 0
      vertex 51.4481 6.25 -1.01
      vertex 51.4481 6.25 0
    endloop
  endfacet
  facet normal 0.555582 0.831462 -0
    outer loop
      vertex 2.65 5.15192 -1.01
      vertex 2.32372 5.36994 0
      vertex 2.65 5.15192 0
    endloop
  endfacet
  facet normal 0.555582 0.831462 0
    outer loop
      vertex 2.32372 5.36994 0
      vertex 2.65 5.15192 -1.01
      vertex 2.32372 5.36994 -1.01
    endloop
  endfacet
  facet normal -0.831501 -0.555523 0
    outer loop
      vertex 51.4481 61.8 -1.01
      vertex 51.2301 62.1263 0
      vertex 51.2301 62.1263 -1.01
    endloop
  endfacet
  facet normal -0.831501 -0.555523 0
    outer loop
      vertex 51.2301 62.1263 0
      vertex 51.4481 61.8 -1.01
      vertex 51.4481 61.8 0
    endloop
  endfacet
  facet normal -0.195062 0.980791 0
    outer loop
      vertex 49.6265 4.85222 -1.01
      vertex 49.2416 4.77567 0
      vertex 49.6265 4.85222 0
    endloop
  endfacet
  facet normal -0.195062 0.980791 0
    outer loop
      vertex 49.2416 4.77567 0
      vertex 49.6265 4.85222 -1.01
      vertex 49.2416 4.77567 -1.01
    endloop
  endfacet
  facet normal 0.896875 0.442283 0
    outer loop
      vertex 1.55192 6.25 0
      vertex 1.37836 6.60195 -1.01
      vertex 1.37836 6.60195 0
    endloop
  endfacet
  facet normal 0.896875 0.442283 0
    outer loop
      vertex 1.37836 6.60195 -1.01
      vertex 1.55192 6.25 0
      vertex 1.55192 6.25 -1.01
    endloop
  endfacet
  facet normal 0.442283 0.896875 -0
    outer loop
      vertex 3.00195 4.97836 -1.01
      vertex 2.65 5.15192 0
      vertex 3.00195 4.97836 0
    endloop
  endfacet
  facet normal 0.442283 0.896875 0
    outer loop
      vertex 2.65 5.15192 0
      vertex 3.00195 4.97836 -1.01
      vertex 2.65 5.15192 -1.01
    endloop
  endfacet
  facet normal -0.0654873 -0.997853 0
    outer loop
      vertex 48.85 63.3 -1.01
      vertex 49.2416 63.2743 0
      vertex 48.85 63.3 0
    endloop
  endfacet
  facet normal -0.0654873 -0.997853 -0
    outer loop
      vertex 49.2416 63.2743 0
      vertex 48.85 63.3 -1.01
      vertex 49.2416 63.2743 -1.01
    endloop
  endfacet
  facet normal -0.19494 -0.980815 0
    outer loop
      vertex 49.2416 63.2743 -1.01
      vertex 49.6265 63.1978 0
      vertex 49.2416 63.2743 0
    endloop
  endfacet
  facet normal -0.19494 -0.980815 -0
    outer loop
      vertex 49.6265 63.1978 0
      vertex 49.2416 63.2743 -1.01
      vertex 49.6265 63.1978 -1.01
    endloop
  endfacet
  facet normal -0.321574 -0.946885 0
    outer loop
      vertex 49.6265 63.1978 -1.01
      vertex 49.9981 63.0716 0
      vertex 49.6265 63.1978 0
    endloop
  endfacet
  facet normal -0.321574 -0.946885 -0
    outer loop
      vertex 49.9981 63.0716 0
      vertex 49.6265 63.1978 -1.01
      vertex 49.9981 63.0716 -1.01
    endloop
  endfacet
  facet normal 0.659428 -0.751768 0
    outer loop
      vertex 2.02868 62.4213 -1.01
      vertex 2.32372 62.6801 0
      vertex 2.02868 62.4213 0
    endloop
  endfacet
  facet normal 0.659428 -0.751768 0
    outer loop
      vertex 2.32372 62.6801 0
      vertex 2.02868 62.4213 -1.01
      vertex 2.32372 62.6801 -1.01
    endloop
  endfacet
  facet normal -0.997853 -0.0654873 0
    outer loop
      vertex 51.85 60.3 -1.01
      vertex 51.8243 60.6916 0
      vertex 51.8243 60.6916 -1.01
    endloop
  endfacet
  facet normal -0.997853 -0.0654873 0
    outer loop
      vertex 51.8243 60.6916 0
      vertex 51.85 60.3 -1.01
      vertex 51.85 60.3 0
    endloop
  endfacet
  facet normal -0.442211 -0.896911 0
    outer loop
      vertex 49.9981 63.0716 -1.01
      vertex 50.35 62.8981 0
      vertex 49.9981 63.0716 0
    endloop
  endfacet
  facet normal -0.442211 -0.896911 -0
    outer loop
      vertex 50.35 62.8981 0
      vertex 49.9981 63.0716 -1.01
      vertex 50.35 62.8981 -1.01
    endloop
  endfacet
  facet normal -0.980815 -0.19494 0
    outer loop
      vertex 51.8243 60.6916 -1.01
      vertex 51.7478 61.0765 0
      vertex 51.7478 61.0765 -1.01
    endloop
  endfacet
  facet normal -0.980815 -0.19494 0
    outer loop
      vertex 51.7478 61.0765 0
      vertex 51.8243 60.6916 -1.01
      vertex 51.8243 60.6916 0
    endloop
  endfacet
  facet normal -0.896911 -0.442211 0
    outer loop
      vertex 51.6216 61.4481 -1.01
      vertex 51.4481 61.8 0
      vertex 51.4481 61.8 -1.01
    endloop
  endfacet
  facet normal -0.896911 -0.442211 0
    outer loop
      vertex 51.4481 61.8 0
      vertex 51.6216 61.4481 -1.01
      vertex 51.6216 61.4481 0
    endloop
  endfacet
  facet normal -0.448774 -0.893645 0
    outer loop
      vertex 31.2592 144.39 -1.01
      vertex 31.305 144.367 0
      vertex 31.2592 144.39 0
    endloop
  endfacet
  facet normal -0.448774 -0.893645 -0
    outer loop
      vertex 31.305 144.367 0
      vertex 31.2592 144.39 -1.01
      vertex 31.305 144.367 -1.01
    endloop
  endfacet
  facet normal 0.058837 -0.998268 0
    outer loop
      vertex 21.8391 144.416 -1.01
      vertex 21.89 144.419 0
      vertex 21.8391 144.416 0
    endloop
  endfacet
  facet normal 0.058837 -0.998268 0
    outer loop
      vertex 21.89 144.419 0
      vertex 21.8391 144.416 -1.01
      vertex 21.89 144.419 -1.01
    endloop
  endfacet
  facet normal 0 1 -0
    outer loop
      vertex 31.11 143.619 -1.01
      vertex 21.89 143.619 0
      vertex 31.11 143.619 0
    endloop
  endfacet
  facet normal 0 1 0
    outer loop
      vertex 21.89 143.619 0
      vertex 31.11 143.619 -1.01
      vertex 21.89 143.619 -1.01
    endloop
  endfacet
  facet normal 0.448774 0.893645 -0
    outer loop
      vertex 21.7408 143.649 -1.01
      vertex 21.695 143.672 0
      vertex 21.7408 143.649 0
    endloop
  endfacet
  facet normal 0.448774 0.893645 0
    outer loop
      vertex 21.695 143.672 0
      vertex 21.7408 143.649 -1.01
      vertex 21.695 143.672 -1.01
    endloop
  endfacet
  facet normal 0.834431 -0.551113 0
    outer loop
      vertex 21.5522 144.224 0
      vertex 21.5806 144.267 -1.01
      vertex 21.5806 144.267 0
    endloop
  endfacet
  facet normal 0.834431 -0.551113 0
    outer loop
      vertex 21.5806 144.267 -1.01
      vertex 21.5522 144.224 0
      vertex 21.5522 144.224 -1.01
    endloop
  endfacet
  facet normal 0.448774 -0.893645 0
    outer loop
      vertex 21.695 144.367 -1.01
      vertex 21.7408 144.39 0
      vertex 21.695 144.367 0
    endloop
  endfacet
  facet normal 0.448774 -0.893645 0
    outer loop
      vertex 21.7408 144.39 0
      vertex 21.695 144.367 -1.01
      vertex 21.7408 144.39 -1.01
    endloop
  endfacet
  facet normal -0.980581 -0.196116 0
    outer loop
      vertex 31.4967 144.08 -1.01
      vertex 31.4867 144.13 0
      vertex 31.4867 144.13 -1.01
    endloop
  endfacet
  facet normal -0.980581 -0.196116 0
    outer loop
      vertex 31.4867 144.13 0
      vertex 31.4967 144.08 -1.01
      vertex 31.4967 144.08 0
    endloop
  endfacet
  facet normal 0.980581 0.196116 0
    outer loop
      vertex 21.5133 143.908 0
      vertex 21.5033 143.958 -1.01
      vertex 21.5033 143.958 0
    endloop
  endfacet
  facet normal 0.980581 0.196116 0
    outer loop
      vertex 21.5033 143.958 -1.01
      vertex 21.5133 143.908 0
      vertex 21.5133 143.908 -1.01
    endloop
  endfacet
  facet normal 0.898299 0.439385 0
    outer loop
      vertex 21.5522 143.814 0
      vertex 21.5297 143.86 -1.01
      vertex 21.5297 143.86 0
    endloop
  endfacet
  facet normal 0.898299 0.439385 0
    outer loop
      vertex 21.5297 143.86 -1.01
      vertex 21.5522 143.814 0
      vertex 21.5522 143.814 -1.01
    endloop
  endfacet
  facet normal -0.834431 -0.551113 0
    outer loop
      vertex 31.4478 144.224 -1.01
      vertex 31.4194 144.267 0
      vertex 31.4194 144.267 -1.01
    endloop
  endfacet
  facet normal -0.834431 -0.551113 0
    outer loop
      vertex 31.4194 144.267 0
      vertex 31.4478 144.224 -1.01
      vertex 31.4478 144.224 0
    endloop
  endfacet
  facet normal -0.948296 -0.317389 0
    outer loop
      vertex 31.4867 144.13 -1.01
      vertex 31.4703 144.179 0
      vertex 31.4703 144.179 -1.01
    endloop
  endfacet
  facet normal -0.948296 -0.317389 0
    outer loop
      vertex 31.4703 144.179 0
      vertex 31.4867 144.13 -1.01
      vertex 31.4867 144.13 0
    endloop
  endfacet
  facet normal 0 -1 0
    outer loop
      vertex 21.89 144.419 -1.01
      vertex 31.11 144.419 0
      vertex 21.89 144.419 0
    endloop
  endfacet
  facet normal 0 -1 -0
    outer loop
      vertex 31.11 144.419 0
      vertex 21.89 144.419 -1.01
      vertex 31.11 144.419 -1.01
    endloop
  endfacet
  facet normal 0.551062 0.834465 -0
    outer loop
      vertex 21.695 143.672 -1.01
      vertex 21.6526 143.7 0
      vertex 21.695 143.672 0
    endloop
  endfacet
  facet normal 0.551062 0.834465 0
    outer loop
      vertex 21.6526 143.7 0
      vertex 21.695 143.672 -1.01
      vertex 21.6526 143.7 -1.01
    endloop
  endfacet
  facet normal -0.997913 -0.0645708 0
    outer loop
      vertex 31.5 144.029 -1.01
      vertex 31.4967 144.08 0
      vertex 31.4967 144.08 -1.01
    endloop
  endfacet
  facet normal -0.997913 -0.0645708 0
    outer loop
      vertex 31.4967 144.08 0
      vertex 31.5 144.029 -1.01
      vertex 31.5 144.029 0
    endloop
  endfacet
  facet normal -0.551062 -0.834465 0
    outer loop
      vertex 31.305 144.367 -1.01
      vertex 31.3474 144.339 0
      vertex 31.305 144.367 0
    endloop
  endfacet
  facet normal -0.551062 -0.834465 -0
    outer loop
      vertex 31.3474 144.339 0
      vertex 31.305 144.367 -1.01
      vertex 31.3474 144.339 -1.01
    endloop
  endfacet
  facet normal -0.997913 0.0645708 0
    outer loop
      vertex 31.4967 143.958 -1.01
      vertex 31.5 144.009 0
      vertex 31.5 144.009 -1.01
    endloop
  endfacet
  facet normal -0.997913 0.0645708 0
    outer loop
      vertex 31.5 144.009 0
      vertex 31.4967 143.958 -1.01
      vertex 31.4967 143.958 0
    endloop
  endfacet
  facet normal -0.448774 0.893645 0
    outer loop
      vertex 31.305 143.672 -1.01
      vertex 31.2592 143.649 0
      vertex 31.305 143.672 0
    endloop
  endfacet
  facet normal -0.448774 0.893645 0
    outer loop
      vertex 31.2592 143.649 0
      vertex 31.305 143.672 -1.01
      vertex 31.2592 143.649 -1.01
    endloop
  endfacet
  facet normal 0.0783439 0.996926 -0
    outer loop
      vertex 21.89 143.619 -1.01
      vertex 21.8391 143.623 0
      vertex 21.89 143.619 0
    endloop
  endfacet
  facet normal 0.0783439 0.996926 0
    outer loop
      vertex 21.8391 143.623 0
      vertex 21.89 143.619 -1.01
      vertex 21.8391 143.623 -1.01
    endloop
  endfacet
  facet normal 0.997913 0.0645708 0
    outer loop
      vertex 21.5033 143.958 0
      vertex 21.5 144.009 -1.01
      vertex 21.5 144.009 0
    endloop
  endfacet
  facet normal 0.997913 0.0645708 0
    outer loop
      vertex 21.5 144.009 -1.01
      vertex 21.5033 143.958 0
      vertex 21.5033 143.958 -1.01
    endloop
  endfacet
  facet normal 0.946291 0.323316 0
    outer loop
      vertex 21.5297 143.86 0
      vertex 21.5133 143.908 -1.01
      vertex 21.5133 143.908 0
    endloop
  endfacet
  facet normal 0.946291 0.323316 0
    outer loop
      vertex 21.5133 143.908 -1.01
      vertex 21.5297 143.86 0
      vertex 21.5297 143.86 -1.01
    endloop
  endfacet
  facet normal 0.948296 -0.317389 0
    outer loop
      vertex 21.5133 144.13 0
      vertex 21.5297 144.179 -1.01
      vertex 21.5297 144.179 0
    endloop
  endfacet
  facet normal 0.948296 -0.317389 0
    outer loop
      vertex 21.5297 144.179 -1.01
      vertex 21.5133 144.13 0
      vertex 21.5133 144.13 -1.01
    endloop
  endfacet
  facet normal 0.749147 0.662404 0
    outer loop
      vertex 21.6142 143.734 0
      vertex 21.5806 143.772 -1.01
      vertex 21.5806 143.772 0
    endloop
  endfacet
  facet normal 0.749147 0.662404 0
    outer loop
      vertex 21.5806 143.772 -1.01
      vertex 21.6142 143.734 0
      vertex 21.6142 143.734 -1.01
    endloop
  endfacet
  facet normal -0.828391 0.56015 0
    outer loop
      vertex 31.4194 143.772 -1.01
      vertex 31.4478 143.814 0
      vertex 31.4478 143.814 -1.01
    endloop
  endfacet
  facet normal -0.828391 0.56015 0
    outer loop
      vertex 31.4478 143.814 0
      vertex 31.4194 143.772 -1.01
      vertex 31.4194 143.772 0
    endloop
  endfacet
  facet normal 0.551062 -0.834465 0
    outer loop
      vertex 21.6526 144.339 -1.01
      vertex 21.695 144.367 0
      vertex 21.6526 144.339 0
    endloop
  endfacet
  facet normal 0.551062 -0.834465 0
    outer loop
      vertex 21.695 144.367 0
      vertex 21.6526 144.339 -1.01
      vertex 21.695 144.367 -1.01
    endloop
  endfacet
  facet normal -0.196116 -0.980581 0
    outer loop
      vertex 31.1609 144.416 -1.01
      vertex 31.2109 144.406 0
      vertex 31.1609 144.416 0
    endloop
  endfacet
  facet normal -0.196116 -0.980581 -0
    outer loop
      vertex 31.2109 144.406 0
      vertex 31.1609 144.416 -1.01
      vertex 31.2109 144.406 -1.01
    endloop
  endfacet
  facet normal 0.196116 -0.980581 0
    outer loop
      vertex 21.7891 144.406 -1.01
      vertex 21.8391 144.416 0
      vertex 21.7891 144.406 0
    endloop
  endfacet
  facet normal 0.196116 -0.980581 0
    outer loop
      vertex 21.8391 144.416 0
      vertex 21.7891 144.406 -1.01
      vertex 21.8391 144.416 -1.01
    endloop
  endfacet
  facet normal 0.196116 0.980581 -0
    outer loop
      vertex 21.8391 143.623 -1.01
      vertex 21.7891 143.633 0
      vertex 21.8391 143.623 0
    endloop
  endfacet
  facet normal 0.196116 0.980581 0
    outer loop
      vertex 21.7891 143.633 0
      vertex 21.8391 143.623 -1.01
      vertex 21.7891 143.633 -1.01
    endloop
  endfacet
  facet normal 0.980581 -0.196116 0
    outer loop
      vertex 21.5033 144.08 0
      vertex 21.5133 144.13 -1.01
      vertex 21.5133 144.13 0
    endloop
  endfacet
  facet normal 0.980581 -0.196116 0
    outer loop
      vertex 21.5133 144.13 -1.01
      vertex 21.5033 144.08 0
      vertex 21.5033 144.08 -1.01
    endloop
  endfacet
  facet normal 0.894427 -0.447214 0
    outer loop
      vertex 21.5297 144.179 0
      vertex 21.5522 144.224 -1.01
      vertex 21.5522 144.224 0
    endloop
  endfacet
  facet normal 0.894427 -0.447214 0
    outer loop
      vertex 21.5522 144.224 -1.01
      vertex 21.5297 144.179 0
      vertex 21.5297 144.179 -1.01
    endloop
  endfacet
  facet normal 0.314458 0.949271 -0
    outer loop
      vertex 21.7891 143.633 -1.01
      vertex 21.7408 143.649 0
      vertex 21.7891 143.633 0
    endloop
  endfacet
  facet normal 0.314458 0.949271 0
    outer loop
      vertex 21.7408 143.649 0
      vertex 21.7891 143.633 -1.01
      vertex 21.7408 143.649 -1.01
    endloop
  endfacet
  facet normal 0.828391 0.56015 0
    outer loop
      vertex 21.5806 143.772 0
      vertex 21.5522 143.814 -1.01
      vertex 21.5522 143.814 0
    endloop
  endfacet
  facet normal 0.828391 0.56015 0
    outer loop
      vertex 21.5522 143.814 -1.01
      vertex 21.5806 143.772 0
      vertex 21.5806 143.772 -1.01
    endloop
  endfacet
  facet normal 1 -0 0
    outer loop
      vertex 21.5 144.009 0
      vertex 21.5 144.029 -1.01
      vertex 21.5 144.029 0
    endloop
  endfacet
  facet normal 1 0 0
    outer loop
      vertex 21.5 144.029 -1.01
      vertex 21.5 144.009 0
      vertex 21.5 144.009 -1.01
    endloop
  endfacet
  facet normal 0.749147 -0.662404 0
    outer loop
      vertex 21.5806 144.267 0
      vertex 21.6142 144.305 -1.01
      vertex 21.6142 144.305 0
    endloop
  endfacet
  facet normal 0.749147 -0.662404 0
    outer loop
      vertex 21.6142 144.305 -1.01
      vertex 21.5806 144.267 0
      vertex 21.5806 144.267 -1.01
    endloop
  endfacet
  facet normal -0.0783439 0.996926 0
    outer loop
      vertex 31.1609 143.623 -1.01
      vertex 31.11 143.619 0
      vertex 31.1609 143.623 0
    endloop
  endfacet
  facet normal -0.0783439 0.996926 0
    outer loop
      vertex 31.11 143.619 0
      vertex 31.1609 143.623 -1.01
      vertex 31.11 143.619 -1.01
    endloop
  endfacet
  facet normal -0.946291 0.323316 0
    outer loop
      vertex 31.4703 143.86 -1.01
      vertex 31.4867 143.908 0
      vertex 31.4867 143.908 -1.01
    endloop
  endfacet
  facet normal -0.946291 0.323316 0
    outer loop
      vertex 31.4867 143.908 0
      vertex 31.4703 143.86 -1.01
      vertex 31.4703 143.86 0
    endloop
  endfacet
  facet normal -0.314458 0.949271 0
    outer loop
      vertex 31.2592 143.649 -1.01
      vertex 31.2109 143.633 0
      vertex 31.2592 143.649 0
    endloop
  endfacet
  facet normal -0.314458 0.949271 0
    outer loop
      vertex 31.2109 143.633 0
      vertex 31.2592 143.649 -1.01
      vertex 31.2109 143.633 -1.01
    endloop
  endfacet
  facet normal 0 0 1
    outer loop
      vertex 31.11 144.419 -1.01
      vertex 31.5 144.029 -1.01
      vertex 31.4967 144.08 -1.01
    endloop
  endfacet
  facet normal 0 0 1
    outer loop
      vertex 31.5 144.029 -1.01
      vertex 31.11 144.419 -1.01
      vertex 31.5 144.009 -1.01
    endloop
  endfacet
  facet normal 0 0 1
    outer loop
      vertex 31.4703 144.179 -1.01
      vertex 31.4967 144.08 -1.01
      vertex 31.4867 144.13 -1.01
    endloop
  endfacet
  facet normal 0 0 1
    outer loop
      vertex 31.4478 144.224 -1.01
      vertex 31.4967 144.08 -1.01
      vertex 31.4703 144.179 -1.01
    endloop
  endfacet
  facet normal 0 0 1
    outer loop
      vertex 31.4194 144.267 -1.01
      vertex 31.4967 144.08 -1.01
      vertex 31.4478 144.224 -1.01
    endloop
  endfacet
  facet normal 0 0 1
    outer loop
      vertex 31.4967 143.958 -1.01
      vertex 31.4703 143.86 -1.01
      vertex 31.4867 143.908 -1.01
    endloop
  endfacet
  facet normal 0 0 1
    outer loop
      vertex 31.3858 144.305 -1.01
      vertex 31.4967 144.08 -1.01
      vertex 31.4194 144.267 -1.01
    endloop
  endfacet
  facet normal 0 0 1
    outer loop
      vertex 31.4967 143.958 -1.01
      vertex 31.4478 143.814 -1.01
      vertex 31.4703 143.86 -1.01
    endloop
  endfacet
  facet normal 0 0 1
    outer loop
      vertex 31.3474 144.339 -1.01
      vertex 31.4967 144.08 -1.01
      vertex 31.3858 144.305 -1.01
    endloop
  endfacet
  facet normal 0 0 1
    outer loop
      vertex 31.4967 143.958 -1.01
      vertex 31.4194 143.772 -1.01
      vertex 31.4478 143.814 -1.01
    endloop
  endfacet
  facet normal 0 0 1
    outer loop
      vertex 31.305 144.367 -1.01
      vertex 31.4967 144.08 -1.01
      vertex 31.3474 144.339 -1.01
    endloop
  endfacet
  facet normal 0 0 1
    outer loop
      vertex 31.4967 143.958 -1.01
      vertex 31.3858 143.734 -1.01
      vertex 31.4194 143.772 -1.01
    endloop
  endfacet
  facet normal 0 0 1
    outer loop
      vertex 31.2592 144.39 -1.01
      vertex 31.4967 144.08 -1.01
      vertex 31.305 144.367 -1.01
    endloop
  endfacet
  facet normal 0 0 1
    outer loop
      vertex 31.4967 143.958 -1.01
      vertex 31.3474 143.7 -1.01
      vertex 31.3858 143.734 -1.01
    endloop
  endfacet
  facet normal 0 0 1
    outer loop
      vertex 31.2109 144.406 -1.01
      vertex 31.4967 144.08 -1.01
      vertex 31.2592 144.39 -1.01
    endloop
  endfacet
  facet normal 0 0 1
    outer loop
      vertex 31.4967 143.958 -1.01
      vertex 31.305 143.672 -1.01
      vertex 31.3474 143.7 -1.01
    endloop
  endfacet
  facet normal 0 0 1
    outer loop
      vertex 31.1609 144.416 -1.01
      vertex 31.4967 144.08 -1.01
      vertex 31.2109 144.406 -1.01
    endloop
  endfacet
  facet normal 0 0 1
    outer loop
      vertex 31.4967 143.958 -1.01
      vertex 31.2592 143.649 -1.01
      vertex 31.305 143.672 -1.01
    endloop
  endfacet
  facet normal 0 0 1
    outer loop
      vertex 31.11 144.419 -1.01
      vertex 31.4967 144.08 -1.01
      vertex 31.1609 144.416 -1.01
    endloop
  endfacet
  facet normal 0 0 1
    outer loop
      vertex 31.4967 143.958 -1.01
      vertex 31.2109 143.633 -1.01
      vertex 31.2592 143.649 -1.01
    endloop
  endfacet
  facet normal 0 0 1
    outer loop
      vertex 31.11 143.619 -1.01
      vertex 31.5 144.009 -1.01
      vertex 31.11 144.419 -1.01
    endloop
  endfacet
  facet normal 0 0 1
    outer loop
      vertex 31.4967 143.958 -1.01
      vertex 31.1609 143.623 -1.01
      vertex 31.2109 143.633 -1.01
    endloop
  endfacet
  facet normal 0 0 1
    outer loop
      vertex 31.5 144.009 -1.01
      vertex 31.11 143.619 -1.01
      vertex 31.4967 143.958 -1.01
    endloop
  endfacet
  facet normal 0 0 1
    outer loop
      vertex 31.4967 143.958 -1.01
      vertex 31.11 143.619 -1.01
      vertex 31.1609 143.623 -1.01
    endloop
  endfacet
  facet normal -0 0 1
    outer loop
      vertex 21.89 144.419 -1.01
      vertex 31.11 143.619 -1.01
      vertex 31.11 144.419 -1.01
    endloop
  endfacet
  facet normal 0 0 1
    outer loop
      vertex 21.89 144.419 -1.01
      vertex 21.89 143.619 -1.01
      vertex 31.11 143.619 -1.01
    endloop
  endfacet
  facet normal 0 0 1
    outer loop
      vertex 21.5 144.029 -1.01
      vertex 21.89 144.419 -1.01
      vertex 21.8391 144.416 -1.01
    endloop
  endfacet
  facet normal 0 0 1
    outer loop
      vertex 21.89 144.419 -1.01
      vertex 21.5 144.029 -1.01
      vertex 21.89 143.619 -1.01
    endloop
  endfacet
  facet normal 0 0 1
    outer loop
      vertex 21.5 144.029 -1.01
      vertex 21.8391 144.416 -1.01
      vertex 21.7891 144.406 -1.01
    endloop
  endfacet
  facet normal -0 0 1
    outer loop
      vertex 21.5 144.009 -1.01
      vertex 21.89 143.619 -1.01
      vertex 21.5 144.029 -1.01
    endloop
  endfacet
  facet normal 0 0 1
    outer loop
      vertex 21.5 144.029 -1.01
      vertex 21.7891 144.406 -1.01
      vertex 21.7408 144.39 -1.01
    endloop
  endfacet
  facet normal 0 0 1
    outer loop
      vertex 21.89 143.619 -1.01
      vertex 21.5 144.009 -1.01
      vertex 21.8391 143.623 -1.01
    endloop
  endfacet
  facet normal 0 0 1
    outer loop
      vertex 21.5 144.029 -1.01
      vertex 21.7408 144.39 -1.01
      vertex 21.695 144.367 -1.01
    endloop
  endfacet
  facet normal 0 0 1
    outer loop
      vertex 21.8391 143.623 -1.01
      vertex 21.5 144.009 -1.01
      vertex 21.7891 143.633 -1.01
    endloop
  endfacet
  facet normal 0 0 1
    outer loop
      vertex 21.5 144.029 -1.01
      vertex 21.695 144.367 -1.01
      vertex 21.6526 144.339 -1.01
    endloop
  endfacet
  facet normal 0 0 1
    outer loop
      vertex 21.7891 143.633 -1.01
      vertex 21.5 144.009 -1.01
      vertex 21.7408 143.649 -1.01
    endloop
  endfacet
  facet normal 0 0 1
    outer loop
      vertex 21.5 144.029 -1.01
      vertex 21.6526 144.339 -1.01
      vertex 21.6142 144.305 -1.01
    endloop
  endfacet
  facet normal 0 0 1
    outer loop
      vertex 21.7408 143.649 -1.01
      vertex 21.5 144.009 -1.01
      vertex 21.695 143.672 -1.01
    endloop
  endfacet
  facet normal 0 0 1
    outer loop
      vertex 21.5 144.029 -1.01
      vertex 21.6142 144.305 -1.01
      vertex 21.5806 144.267 -1.01
    endloop
  endfacet
  facet normal 0 0 1
    outer loop
      vertex 21.695 143.672 -1.01
      vertex 21.5 144.009 -1.01
      vertex 21.6526 143.7 -1.01
    endloop
  endfacet
  facet normal 0 0 1
    outer loop
      vertex 21.5 144.029 -1.01
      vertex 21.5806 144.267 -1.01
      vertex 21.5522 144.224 -1.01
    endloop
  endfacet
  facet normal 0 0 1
    outer loop
      vertex 21.6526 143.7 -1.01
      vertex 21.5 144.009 -1.01
      vertex 21.6142 143.734 -1.01
    endloop
  endfacet
  facet normal 0 0 1
    outer loop
      vertex 21.5 144.029 -1.01
      vertex 21.5522 144.224 -1.01
      vertex 21.5297 144.179 -1.01
    endloop
  endfacet
  facet normal 0 0 1
    outer loop
      vertex 21.6142 143.734 -1.01
      vertex 21.5 144.009 -1.01
      vertex 21.5806 143.772 -1.01
    endloop
  endfacet
  facet normal 0 0 1
    outer loop
      vertex 21.5 144.029 -1.01
      vertex 21.5297 144.179 -1.01
      vertex 21.5133 144.13 -1.01
    endloop
  endfacet
  facet normal 0 0 1
    outer loop
      vertex 21.5806 143.772 -1.01
      vertex 21.5 144.009 -1.01
      vertex 21.5522 143.814 -1.01
    endloop
  endfacet
  facet normal 0 0 1
    outer loop
      vertex 21.5 144.029 -1.01
      vertex 21.5133 144.13 -1.01
      vertex 21.5033 144.08 -1.01
    endloop
  endfacet
  facet normal 0 0 1
    outer loop
      vertex 21.5522 143.814 -1.01
      vertex 21.5 144.009 -1.01
      vertex 21.5297 143.86 -1.01
    endloop
  endfacet
  facet normal 0 0 1
    outer loop
      vertex 21.5297 143.86 -1.01
      vertex 21.5 144.009 -1.01
      vertex 21.5133 143.908 -1.01
    endloop
  endfacet
  facet normal 0 0 1
    outer loop
      vertex 21.5133 143.908 -1.01
      vertex 21.5 144.009 -1.01
      vertex 21.5033 143.958 -1.01
    endloop
  endfacet
  facet normal -0.058837 -0.998268 0
    outer loop
      vertex 31.11 144.419 -1.01
      vertex 31.1609 144.416 0
      vertex 31.11 144.419 0
    endloop
  endfacet
  facet normal -0.058837 -0.998268 -0
    outer loop
      vertex 31.1609 144.416 0
      vertex 31.11 144.419 -1.01
      vertex 31.1609 144.416 -1.01
    endloop
  endfacet
  facet normal 0.997913 -0.0645708 0
    outer loop
      vertex 21.5 144.029 0
      vertex 21.5033 144.08 -1.01
      vertex 21.5033 144.08 0
    endloop
  endfacet
  facet normal 0.997913 -0.0645708 0
    outer loop
      vertex 21.5033 144.08 -1.01
      vertex 21.5 144.029 0
      vertex 21.5 144.029 -1.01
    endloop
  endfacet
  facet normal -0.749147 0.662404 0
    outer loop
      vertex 31.3858 143.734 -1.01
      vertex 31.4194 143.772 0
      vertex 31.4194 143.772 -1.01
    endloop
  endfacet
  facet normal -0.749147 0.662404 0
    outer loop
      vertex 31.4194 143.772 0
      vertex 31.3858 143.734 -1.01
      vertex 31.3858 143.734 0
    endloop
  endfacet
  facet normal -1 0 0
    outer loop
      vertex 31.5 144.009 -1.01
      vertex 31.5 144.029 0
      vertex 31.5 144.029 -1.01
    endloop
  endfacet
  facet normal -1 -0 0
    outer loop
      vertex 31.5 144.029 0
      vertex 31.5 144.009 -1.01
      vertex 31.5 144.009 0
    endloop
  endfacet
  facet normal -0.66291 0.748699 0
    outer loop
      vertex 31.3858 143.734 -1.01
      vertex 31.3474 143.7 0
      vertex 31.3858 143.734 0
    endloop
  endfacet
  facet normal -0.66291 0.748699 0
    outer loop
      vertex 31.3474 143.7 0
      vertex 31.3858 143.734 -1.01
      vertex 31.3474 143.7 -1.01
    endloop
  endfacet
  facet normal 0.66291 -0.748699 0
    outer loop
      vertex 21.6142 144.305 -1.01
      vertex 21.6526 144.339 0
      vertex 21.6142 144.305 0
    endloop
  endfacet
  facet normal 0.66291 -0.748699 0
    outer loop
      vertex 21.6526 144.339 0
      vertex 21.6142 144.305 -1.01
      vertex 21.6526 144.339 -1.01
    endloop
  endfacet
  facet normal 0.314458 -0.949271 0
    outer loop
      vertex 21.7408 144.39 -1.01
      vertex 21.7891 144.406 0
      vertex 21.7408 144.39 0
    endloop
  endfacet
  facet normal 0.314458 -0.949271 0
    outer loop
      vertex 21.7891 144.406 0
      vertex 21.7408 144.39 -1.01
      vertex 21.7891 144.406 -1.01
    endloop
  endfacet
  facet normal -0.551062 0.834465 0
    outer loop
      vertex 31.3474 143.7 -1.01
      vertex 31.305 143.672 0
      vertex 31.3474 143.7 0
    endloop
  endfacet
  facet normal -0.551062 0.834465 0
    outer loop
      vertex 31.305 143.672 0
      vertex 31.3474 143.7 -1.01
      vertex 31.305 143.672 -1.01
    endloop
  endfacet
  facet normal 0.66291 0.748699 -0
    outer loop
      vertex 21.6526 143.7 -1.01
      vertex 21.6142 143.734 0
      vertex 21.6526 143.7 0
    endloop
  endfacet
  facet normal 0.66291 0.748699 0
    outer loop
      vertex 21.6142 143.734 0
      vertex 21.6526 143.7 -1.01
      vertex 21.6142 143.734 -1.01
    endloop
  endfacet
  facet normal -0.196116 0.980581 0
    outer loop
      vertex 31.2109 143.633 -1.01
      vertex 31.1609 143.623 0
      vertex 31.2109 143.633 0
    endloop
  endfacet
  facet normal -0.196116 0.980581 0
    outer loop
      vertex 31.1609 143.623 0
      vertex 31.2109 143.633 -1.01
      vertex 31.1609 143.623 -1.01
    endloop
  endfacet
  facet normal -0.66291 -0.748699 0
    outer loop
      vertex 31.3474 144.339 -1.01
      vertex 31.3858 144.305 0
      vertex 31.3474 144.339 0
    endloop
  endfacet
  facet normal -0.66291 -0.748699 -0
    outer loop
      vertex 31.3858 144.305 0
      vertex 31.3474 144.339 -1.01
      vertex 31.3858 144.305 -1.01
    endloop
  endfacet
  facet normal -0.749147 -0.662404 0
    outer loop
      vertex 31.4194 144.267 -1.01
      vertex 31.3858 144.305 0
      vertex 31.3858 144.305 -1.01
    endloop
  endfacet
  facet normal -0.749147 -0.662404 0
    outer loop
      vertex 31.3858 144.305 0
      vertex 31.4194 144.267 -1.01
      vertex 31.4194 144.267 0
    endloop
  endfacet
  facet normal -0.980581 0.196116 0
    outer loop
      vertex 31.4867 143.908 -1.01
      vertex 31.4967 143.958 0
      vertex 31.4967 143.958 -1.01
    endloop
  endfacet
  facet normal -0.980581 0.196116 0
    outer loop
      vertex 31.4967 143.958 0
      vertex 31.4867 143.908 -1.01
      vertex 31.4867 143.908 0
    endloop
  endfacet
  facet normal -0.894427 -0.447214 0
    outer loop
      vertex 31.4703 144.179 -1.01
      vertex 31.4478 144.224 0
      vertex 31.4478 144.224 -1.01
    endloop
  endfacet
  facet normal -0.894427 -0.447214 0
    outer loop
      vertex 31.4478 144.224 0
      vertex 31.4703 144.179 -1.01
      vertex 31.4703 144.179 0
    endloop
  endfacet
  facet normal -0.314458 -0.949271 0
    outer loop
      vertex 31.2109 144.406 -1.01
      vertex 31.2592 144.39 0
      vertex 31.2109 144.406 0
    endloop
  endfacet
  facet normal -0.314458 -0.949271 -0
    outer loop
      vertex 31.2592 144.39 0
      vertex 31.2109 144.406 -1.01
      vertex 31.2592 144.39 -1.01
    endloop
  endfacet
  facet normal -0.898299 0.439385 0
    outer loop
      vertex 31.4478 143.814 -1.01
      vertex 31.4703 143.86 0
      vertex 31.4703 143.86 -1.01
    endloop
  endfacet
  facet normal -0.898299 0.439385 0
    outer loop
      vertex 31.4703 143.86 0
      vertex 31.4478 143.814 -1.01
      vertex 31.4478 143.814 0
    endloop
  endfacet
endsolid OpenSCAD_Model
